[2025-04-28T10:03:05.669+0000] {processor.py:161} INFO - Started process (PID=84) to work on /home/airflow/.local/lib/python3.8/site-packages/airflow/example_dags/example_sla_dag.py
[2025-04-28T10:03:05.674+0000] {processor.py:830} INFO - Processing file /home/airflow/.local/lib/python3.8/site-packages/airflow/example_dags/example_sla_dag.py for tasks to queue
[2025-04-28T10:03:05.679+0000] {logging_mixin.py:188} INFO - [2025-04-28T10:03:05.679+0000] {dagbag.py:538} INFO - Filling up the DagBag from /home/airflow/.local/lib/python3.8/site-packages/airflow/example_dags/example_sla_dag.py
[2025-04-28T10:03:05.763+0000] {processor.py:840} INFO - DAG(s) 'example_sla_dag' retrieved from /home/airflow/.local/lib/python3.8/site-packages/airflow/example_dags/example_sla_dag.py
[2025-04-28T10:03:06.409+0000] {logging_mixin.py:188} INFO - [2025-04-28T10:03:06.409+0000] {dag.py:3033} INFO - Sync 1 DAGs
[2025-04-28T10:03:06.566+0000] {logging_mixin.py:188} INFO - [2025-04-28T10:03:06.565+0000] {dag.py:3820} INFO - Setting next_dagrun for example_sla_dag to 2025-04-28T10:00:00+00:00, run_after=2025-04-28T10:02:00+00:00
[2025-04-28T10:03:06.745+0000] {processor.py:183} INFO - Processing /home/airflow/.local/lib/python3.8/site-packages/airflow/example_dags/example_sla_dag.py took 1.097 seconds
[2025-04-28T10:03:36.893+0000] {processor.py:161} INFO - Started process (PID=140) to work on /home/airflow/.local/lib/python3.8/site-packages/airflow/example_dags/example_sla_dag.py
[2025-04-28T10:03:36.894+0000] {processor.py:830} INFO - Processing file /home/airflow/.local/lib/python3.8/site-packages/airflow/example_dags/example_sla_dag.py for tasks to queue
[2025-04-28T10:03:36.899+0000] {logging_mixin.py:188} INFO - [2025-04-28T10:03:36.898+0000] {dagbag.py:538} INFO - Filling up the DagBag from /home/airflow/.local/lib/python3.8/site-packages/airflow/example_dags/example_sla_dag.py
[2025-04-28T10:03:36.916+0000] {processor.py:840} INFO - DAG(s) 'example_sla_dag' retrieved from /home/airflow/.local/lib/python3.8/site-packages/airflow/example_dags/example_sla_dag.py
[2025-04-28T10:03:36.948+0000] {logging_mixin.py:188} INFO - [2025-04-28T10:03:36.948+0000] {dag.py:3033} INFO - Sync 1 DAGs
[2025-04-28T10:03:37.003+0000] {logging_mixin.py:188} INFO - [2025-04-28T10:03:37.003+0000] {dag.py:3820} INFO - Setting next_dagrun for example_sla_dag to 2025-04-28T10:00:00+00:00, run_after=2025-04-28T10:02:00+00:00
[2025-04-28T10:03:37.040+0000] {processor.py:183} INFO - Processing /home/airflow/.local/lib/python3.8/site-packages/airflow/example_dags/example_sla_dag.py took 0.153 seconds
[2025-04-28T10:04:07.292+0000] {processor.py:161} INFO - Started process (PID=195) to work on /home/airflow/.local/lib/python3.8/site-packages/airflow/example_dags/example_sla_dag.py
[2025-04-28T10:04:07.293+0000] {processor.py:830} INFO - Processing file /home/airflow/.local/lib/python3.8/site-packages/airflow/example_dags/example_sla_dag.py for tasks to queue
[2025-04-28T10:04:07.297+0000] {logging_mixin.py:188} INFO - [2025-04-28T10:04:07.296+0000] {dagbag.py:538} INFO - Filling up the DagBag from /home/airflow/.local/lib/python3.8/site-packages/airflow/example_dags/example_sla_dag.py
[2025-04-28T10:04:07.310+0000] {processor.py:840} INFO - DAG(s) 'example_sla_dag' retrieved from /home/airflow/.local/lib/python3.8/site-packages/airflow/example_dags/example_sla_dag.py
[2025-04-28T10:04:07.348+0000] {logging_mixin.py:188} INFO - [2025-04-28T10:04:07.347+0000] {dag.py:3033} INFO - Sync 1 DAGs
[2025-04-28T10:04:07.394+0000] {logging_mixin.py:188} INFO - [2025-04-28T10:04:07.393+0000] {dag.py:3820} INFO - Setting next_dagrun for example_sla_dag to 2025-04-28T10:02:00+00:00, run_after=2025-04-28T10:04:00+00:00
[2025-04-28T10:04:07.426+0000] {processor.py:183} INFO - Processing /home/airflow/.local/lib/python3.8/site-packages/airflow/example_dags/example_sla_dag.py took 0.139 seconds
[2025-04-28T10:04:37.505+0000] {processor.py:161} INFO - Started process (PID=245) to work on /home/airflow/.local/lib/python3.8/site-packages/airflow/example_dags/example_sla_dag.py
[2025-04-28T10:04:37.507+0000] {processor.py:830} INFO - Processing file /home/airflow/.local/lib/python3.8/site-packages/airflow/example_dags/example_sla_dag.py for tasks to queue
[2025-04-28T10:04:37.511+0000] {logging_mixin.py:188} INFO - [2025-04-28T10:04:37.510+0000] {dagbag.py:538} INFO - Filling up the DagBag from /home/airflow/.local/lib/python3.8/site-packages/airflow/example_dags/example_sla_dag.py
[2025-04-28T10:04:37.529+0000] {processor.py:840} INFO - DAG(s) 'example_sla_dag' retrieved from /home/airflow/.local/lib/python3.8/site-packages/airflow/example_dags/example_sla_dag.py
[2025-04-28T10:04:37.563+0000] {logging_mixin.py:188} INFO - [2025-04-28T10:04:37.562+0000] {dag.py:3033} INFO - Sync 1 DAGs
[2025-04-28T10:04:37.600+0000] {logging_mixin.py:188} INFO - [2025-04-28T10:04:37.600+0000] {dag.py:3820} INFO - Setting next_dagrun for example_sla_dag to 2025-04-28T10:02:00+00:00, run_after=2025-04-28T10:04:00+00:00
[2025-04-28T10:04:37.631+0000] {processor.py:183} INFO - Processing /home/airflow/.local/lib/python3.8/site-packages/airflow/example_dags/example_sla_dag.py took 0.132 seconds
[2025-04-28T10:05:07.839+0000] {processor.py:161} INFO - Started process (PID=300) to work on /home/airflow/.local/lib/python3.8/site-packages/airflow/example_dags/example_sla_dag.py
[2025-04-28T10:05:07.840+0000] {processor.py:830} INFO - Processing file /home/airflow/.local/lib/python3.8/site-packages/airflow/example_dags/example_sla_dag.py for tasks to queue
[2025-04-28T10:05:07.844+0000] {logging_mixin.py:188} INFO - [2025-04-28T10:05:07.844+0000] {dagbag.py:538} INFO - Filling up the DagBag from /home/airflow/.local/lib/python3.8/site-packages/airflow/example_dags/example_sla_dag.py
[2025-04-28T10:05:07.860+0000] {processor.py:840} INFO - DAG(s) 'example_sla_dag' retrieved from /home/airflow/.local/lib/python3.8/site-packages/airflow/example_dags/example_sla_dag.py
[2025-04-28T10:05:07.889+0000] {logging_mixin.py:188} INFO - [2025-04-28T10:05:07.888+0000] {dag.py:3033} INFO - Sync 1 DAGs
[2025-04-28T10:05:07.929+0000] {logging_mixin.py:188} INFO - [2025-04-28T10:05:07.928+0000] {dag.py:3820} INFO - Setting next_dagrun for example_sla_dag to 2025-04-28T10:02:00+00:00, run_after=2025-04-28T10:04:00+00:00
[2025-04-28T10:05:07.960+0000] {processor.py:183} INFO - Processing /home/airflow/.local/lib/python3.8/site-packages/airflow/example_dags/example_sla_dag.py took 0.128 seconds
[2025-04-28T10:05:38.357+0000] {processor.py:161} INFO - Started process (PID=355) to work on /home/airflow/.local/lib/python3.8/site-packages/airflow/example_dags/example_sla_dag.py
[2025-04-28T10:05:38.358+0000] {processor.py:830} INFO - Processing file /home/airflow/.local/lib/python3.8/site-packages/airflow/example_dags/example_sla_dag.py for tasks to queue
[2025-04-28T10:05:38.363+0000] {logging_mixin.py:188} INFO - [2025-04-28T10:05:38.362+0000] {dagbag.py:538} INFO - Filling up the DagBag from /home/airflow/.local/lib/python3.8/site-packages/airflow/example_dags/example_sla_dag.py
[2025-04-28T10:05:38.382+0000] {processor.py:840} INFO - DAG(s) 'example_sla_dag' retrieved from /home/airflow/.local/lib/python3.8/site-packages/airflow/example_dags/example_sla_dag.py
[2025-04-28T10:05:38.421+0000] {logging_mixin.py:188} INFO - [2025-04-28T10:05:38.420+0000] {dag.py:3033} INFO - Sync 1 DAGs
[2025-04-28T10:05:38.466+0000] {logging_mixin.py:188} INFO - [2025-04-28T10:05:38.465+0000] {dag.py:3820} INFO - Setting next_dagrun for example_sla_dag to 2025-04-28T10:02:00+00:00, run_after=2025-04-28T10:04:00+00:00
[2025-04-28T10:05:38.495+0000] {processor.py:183} INFO - Processing /home/airflow/.local/lib/python3.8/site-packages/airflow/example_dags/example_sla_dag.py took 0.144 seconds
[2025-04-28T10:06:10.010+0000] {processor.py:161} INFO - Started process (PID=411) to work on /home/airflow/.local/lib/python3.8/site-packages/airflow/example_dags/example_sla_dag.py
[2025-04-28T10:06:10.011+0000] {processor.py:830} INFO - Processing file /home/airflow/.local/lib/python3.8/site-packages/airflow/example_dags/example_sla_dag.py for tasks to queue
[2025-04-28T10:06:10.015+0000] {logging_mixin.py:188} INFO - [2025-04-28T10:06:10.015+0000] {dagbag.py:538} INFO - Filling up the DagBag from /home/airflow/.local/lib/python3.8/site-packages/airflow/example_dags/example_sla_dag.py
[2025-04-28T10:06:10.028+0000] {processor.py:840} INFO - DAG(s) 'example_sla_dag' retrieved from /home/airflow/.local/lib/python3.8/site-packages/airflow/example_dags/example_sla_dag.py
[2025-04-28T10:06:10.059+0000] {logging_mixin.py:188} INFO - [2025-04-28T10:06:10.059+0000] {dag.py:3033} INFO - Sync 1 DAGs
[2025-04-28T10:06:10.125+0000] {logging_mixin.py:188} INFO - [2025-04-28T10:06:10.125+0000] {dag.py:3820} INFO - Setting next_dagrun for example_sla_dag to 2025-04-28T10:04:00+00:00, run_after=2025-04-28T10:06:00+00:00
[2025-04-28T10:06:10.167+0000] {processor.py:183} INFO - Processing /home/airflow/.local/lib/python3.8/site-packages/airflow/example_dags/example_sla_dag.py took 0.161 seconds
[2025-04-28T10:06:42.148+0000] {processor.py:161} INFO - Started process (PID=466) to work on /home/airflow/.local/lib/python3.8/site-packages/airflow/example_dags/example_sla_dag.py
[2025-04-28T10:06:42.150+0000] {processor.py:830} INFO - Processing file /home/airflow/.local/lib/python3.8/site-packages/airflow/example_dags/example_sla_dag.py for tasks to queue
[2025-04-28T10:06:42.153+0000] {logging_mixin.py:188} INFO - [2025-04-28T10:06:42.152+0000] {dagbag.py:538} INFO - Filling up the DagBag from /home/airflow/.local/lib/python3.8/site-packages/airflow/example_dags/example_sla_dag.py
[2025-04-28T10:06:42.166+0000] {processor.py:840} INFO - DAG(s) 'example_sla_dag' retrieved from /home/airflow/.local/lib/python3.8/site-packages/airflow/example_dags/example_sla_dag.py
[2025-04-28T10:06:42.202+0000] {logging_mixin.py:188} INFO - [2025-04-28T10:06:42.201+0000] {dag.py:3033} INFO - Sync 1 DAGs
[2025-04-28T10:06:42.246+0000] {logging_mixin.py:188} INFO - [2025-04-28T10:06:42.245+0000] {dag.py:3820} INFO - Setting next_dagrun for example_sla_dag to 2025-04-28T10:04:00+00:00, run_after=2025-04-28T10:06:00+00:00
[2025-04-28T10:06:42.284+0000] {processor.py:183} INFO - Processing /home/airflow/.local/lib/python3.8/site-packages/airflow/example_dags/example_sla_dag.py took 0.140 seconds
[2025-04-28T10:07:14.662+0000] {processor.py:161} INFO - Started process (PID=513) to work on /home/airflow/.local/lib/python3.8/site-packages/airflow/example_dags/example_sla_dag.py
[2025-04-28T10:07:14.664+0000] {processor.py:830} INFO - Processing file /home/airflow/.local/lib/python3.8/site-packages/airflow/example_dags/example_sla_dag.py for tasks to queue
[2025-04-28T10:07:14.668+0000] {logging_mixin.py:188} INFO - [2025-04-28T10:07:14.667+0000] {dagbag.py:538} INFO - Filling up the DagBag from /home/airflow/.local/lib/python3.8/site-packages/airflow/example_dags/example_sla_dag.py
[2025-04-28T10:07:14.684+0000] {processor.py:840} INFO - DAG(s) 'example_sla_dag' retrieved from /home/airflow/.local/lib/python3.8/site-packages/airflow/example_dags/example_sla_dag.py
[2025-04-28T10:07:14.724+0000] {logging_mixin.py:188} INFO - [2025-04-28T10:07:14.723+0000] {dag.py:3033} INFO - Sync 1 DAGs
[2025-04-28T10:07:14.785+0000] {logging_mixin.py:188} INFO - [2025-04-28T10:07:14.785+0000] {dag.py:3820} INFO - Setting next_dagrun for example_sla_dag to 2025-04-28T10:04:00+00:00, run_after=2025-04-28T10:06:00+00:00
[2025-04-28T10:07:14.831+0000] {processor.py:183} INFO - Processing /home/airflow/.local/lib/python3.8/site-packages/airflow/example_dags/example_sla_dag.py took 0.175 seconds
[2025-04-28T10:07:47.330+0000] {processor.py:161} INFO - Started process (PID=569) to work on /home/airflow/.local/lib/python3.8/site-packages/airflow/example_dags/example_sla_dag.py
[2025-04-28T10:07:47.331+0000] {processor.py:830} INFO - Processing file /home/airflow/.local/lib/python3.8/site-packages/airflow/example_dags/example_sla_dag.py for tasks to queue
[2025-04-28T10:07:47.336+0000] {logging_mixin.py:188} INFO - [2025-04-28T10:07:47.336+0000] {dagbag.py:538} INFO - Filling up the DagBag from /home/airflow/.local/lib/python3.8/site-packages/airflow/example_dags/example_sla_dag.py
[2025-04-28T10:07:47.354+0000] {processor.py:840} INFO - DAG(s) 'example_sla_dag' retrieved from /home/airflow/.local/lib/python3.8/site-packages/airflow/example_dags/example_sla_dag.py
[2025-04-28T10:07:47.390+0000] {logging_mixin.py:188} INFO - [2025-04-28T10:07:47.390+0000] {dag.py:3033} INFO - Sync 1 DAGs
[2025-04-28T10:07:47.459+0000] {logging_mixin.py:188} INFO - [2025-04-28T10:07:47.459+0000] {dag.py:3820} INFO - Setting next_dagrun for example_sla_dag to 2025-04-28T10:04:00+00:00, run_after=2025-04-28T10:06:00+00:00
[2025-04-28T10:07:47.509+0000] {processor.py:183} INFO - Processing /home/airflow/.local/lib/python3.8/site-packages/airflow/example_dags/example_sla_dag.py took 0.187 seconds
[2025-04-28T10:08:20.696+0000] {processor.py:161} INFO - Started process (PID=625) to work on /home/airflow/.local/lib/python3.8/site-packages/airflow/example_dags/example_sla_dag.py
[2025-04-28T10:08:20.702+0000] {processor.py:830} INFO - Processing file /home/airflow/.local/lib/python3.8/site-packages/airflow/example_dags/example_sla_dag.py for tasks to queue
[2025-04-28T10:08:20.710+0000] {logging_mixin.py:188} INFO - [2025-04-28T10:08:20.709+0000] {dagbag.py:538} INFO - Filling up the DagBag from /home/airflow/.local/lib/python3.8/site-packages/airflow/example_dags/example_sla_dag.py
[2025-04-28T10:08:20.759+0000] {processor.py:840} INFO - DAG(s) 'example_sla_dag' retrieved from /home/airflow/.local/lib/python3.8/site-packages/airflow/example_dags/example_sla_dag.py
[2025-04-28T10:08:20.834+0000] {logging_mixin.py:188} INFO - [2025-04-28T10:08:20.834+0000] {dag.py:3033} INFO - Sync 1 DAGs
[2025-04-28T10:08:20.935+0000] {logging_mixin.py:188} INFO - [2025-04-28T10:08:20.935+0000] {dag.py:3820} INFO - Setting next_dagrun for example_sla_dag to 2025-04-28T10:06:00+00:00, run_after=2025-04-28T10:08:00+00:00
[2025-04-28T10:08:20.991+0000] {processor.py:183} INFO - Processing /home/airflow/.local/lib/python3.8/site-packages/airflow/example_dags/example_sla_dag.py took 0.305 seconds
[2025-04-28T10:08:52.481+0000] {processor.py:161} INFO - Started process (PID=681) to work on /home/airflow/.local/lib/python3.8/site-packages/airflow/example_dags/example_sla_dag.py
[2025-04-28T10:08:52.483+0000] {processor.py:830} INFO - Processing file /home/airflow/.local/lib/python3.8/site-packages/airflow/example_dags/example_sla_dag.py for tasks to queue
[2025-04-28T10:08:52.487+0000] {logging_mixin.py:188} INFO - [2025-04-28T10:08:52.486+0000] {dagbag.py:538} INFO - Filling up the DagBag from /home/airflow/.local/lib/python3.8/site-packages/airflow/example_dags/example_sla_dag.py
[2025-04-28T10:08:52.503+0000] {processor.py:840} INFO - DAG(s) 'example_sla_dag' retrieved from /home/airflow/.local/lib/python3.8/site-packages/airflow/example_dags/example_sla_dag.py
[2025-04-28T10:08:52.536+0000] {logging_mixin.py:188} INFO - [2025-04-28T10:08:52.536+0000] {dag.py:3033} INFO - Sync 1 DAGs
[2025-04-28T10:08:52.626+0000] {logging_mixin.py:188} INFO - [2025-04-28T10:08:52.626+0000] {dag.py:3820} INFO - Setting next_dagrun for example_sla_dag to 2025-04-28T10:06:00+00:00, run_after=2025-04-28T10:08:00+00:00
[2025-04-28T10:08:52.705+0000] {processor.py:183} INFO - Processing /home/airflow/.local/lib/python3.8/site-packages/airflow/example_dags/example_sla_dag.py took 0.229 seconds
[2025-04-28T10:09:25.002+0000] {processor.py:161} INFO - Started process (PID=738) to work on /home/airflow/.local/lib/python3.8/site-packages/airflow/example_dags/example_sla_dag.py
[2025-04-28T10:09:25.003+0000] {processor.py:830} INFO - Processing file /home/airflow/.local/lib/python3.8/site-packages/airflow/example_dags/example_sla_dag.py for tasks to queue
[2025-04-28T10:09:25.006+0000] {logging_mixin.py:188} INFO - [2025-04-28T10:09:25.006+0000] {dagbag.py:538} INFO - Filling up the DagBag from /home/airflow/.local/lib/python3.8/site-packages/airflow/example_dags/example_sla_dag.py
[2025-04-28T10:09:25.021+0000] {processor.py:840} INFO - DAG(s) 'example_sla_dag' retrieved from /home/airflow/.local/lib/python3.8/site-packages/airflow/example_dags/example_sla_dag.py
[2025-04-28T10:09:25.052+0000] {logging_mixin.py:188} INFO - [2025-04-28T10:09:25.052+0000] {dag.py:3033} INFO - Sync 1 DAGs
[2025-04-28T10:09:25.102+0000] {logging_mixin.py:188} INFO - [2025-04-28T10:09:25.102+0000] {dag.py:3820} INFO - Setting next_dagrun for example_sla_dag to 2025-04-28T10:06:00+00:00, run_after=2025-04-28T10:08:00+00:00
[2025-04-28T10:09:25.138+0000] {processor.py:183} INFO - Processing /home/airflow/.local/lib/python3.8/site-packages/airflow/example_dags/example_sla_dag.py took 0.141 seconds
[2025-04-28T10:09:58.487+0000] {processor.py:161} INFO - Started process (PID=794) to work on /home/airflow/.local/lib/python3.8/site-packages/airflow/example_dags/example_sla_dag.py
[2025-04-28T10:09:58.488+0000] {processor.py:830} INFO - Processing file /home/airflow/.local/lib/python3.8/site-packages/airflow/example_dags/example_sla_dag.py for tasks to queue
[2025-04-28T10:09:58.491+0000] {logging_mixin.py:188} INFO - [2025-04-28T10:09:58.491+0000] {dagbag.py:538} INFO - Filling up the DagBag from /home/airflow/.local/lib/python3.8/site-packages/airflow/example_dags/example_sla_dag.py
[2025-04-28T10:09:58.509+0000] {processor.py:840} INFO - DAG(s) 'example_sla_dag' retrieved from /home/airflow/.local/lib/python3.8/site-packages/airflow/example_dags/example_sla_dag.py
[2025-04-28T10:09:58.552+0000] {logging_mixin.py:188} INFO - [2025-04-28T10:09:58.552+0000] {dag.py:3033} INFO - Sync 1 DAGs
[2025-04-28T10:09:58.594+0000] {logging_mixin.py:188} INFO - [2025-04-28T10:09:58.594+0000] {dag.py:3820} INFO - Setting next_dagrun for example_sla_dag to 2025-04-28T10:06:00+00:00, run_after=2025-04-28T10:08:00+00:00
[2025-04-28T10:09:58.627+0000] {processor.py:183} INFO - Processing /home/airflow/.local/lib/python3.8/site-packages/airflow/example_dags/example_sla_dag.py took 0.147 seconds
[2025-04-28T10:10:30.875+0000] {processor.py:161} INFO - Started process (PID=850) to work on /home/airflow/.local/lib/python3.8/site-packages/airflow/example_dags/example_sla_dag.py
[2025-04-28T10:10:30.877+0000] {processor.py:830} INFO - Processing file /home/airflow/.local/lib/python3.8/site-packages/airflow/example_dags/example_sla_dag.py for tasks to queue
[2025-04-28T10:10:30.883+0000] {logging_mixin.py:188} INFO - [2025-04-28T10:10:30.882+0000] {dagbag.py:538} INFO - Filling up the DagBag from /home/airflow/.local/lib/python3.8/site-packages/airflow/example_dags/example_sla_dag.py
[2025-04-28T10:10:30.899+0000] {processor.py:840} INFO - DAG(s) 'example_sla_dag' retrieved from /home/airflow/.local/lib/python3.8/site-packages/airflow/example_dags/example_sla_dag.py
[2025-04-28T10:10:30.942+0000] {logging_mixin.py:188} INFO - [2025-04-28T10:10:30.942+0000] {dag.py:3033} INFO - Sync 1 DAGs
[2025-04-28T10:10:30.999+0000] {logging_mixin.py:188} INFO - [2025-04-28T10:10:30.999+0000] {dag.py:3820} INFO - Setting next_dagrun for example_sla_dag to 2025-04-28T10:08:00+00:00, run_after=2025-04-28T10:10:00+00:00
[2025-04-28T10:10:31.053+0000] {processor.py:183} INFO - Processing /home/airflow/.local/lib/python3.8/site-packages/airflow/example_dags/example_sla_dag.py took 0.184 seconds
[2025-04-28T10:11:01.982+0000] {processor.py:161} INFO - Started process (PID=906) to work on /home/airflow/.local/lib/python3.8/site-packages/airflow/example_dags/example_sla_dag.py
[2025-04-28T10:11:01.984+0000] {processor.py:830} INFO - Processing file /home/airflow/.local/lib/python3.8/site-packages/airflow/example_dags/example_sla_dag.py for tasks to queue
[2025-04-28T10:11:01.996+0000] {logging_mixin.py:188} INFO - [2025-04-28T10:11:01.996+0000] {dagbag.py:538} INFO - Filling up the DagBag from /home/airflow/.local/lib/python3.8/site-packages/airflow/example_dags/example_sla_dag.py
[2025-04-28T10:11:02.020+0000] {processor.py:840} INFO - DAG(s) 'example_sla_dag' retrieved from /home/airflow/.local/lib/python3.8/site-packages/airflow/example_dags/example_sla_dag.py
[2025-04-28T10:11:02.056+0000] {logging_mixin.py:188} INFO - [2025-04-28T10:11:02.055+0000] {dag.py:3033} INFO - Sync 1 DAGs
[2025-04-28T10:11:02.103+0000] {logging_mixin.py:188} INFO - [2025-04-28T10:11:02.103+0000] {dag.py:3820} INFO - Setting next_dagrun for example_sla_dag to 2025-04-28T10:08:00+00:00, run_after=2025-04-28T10:10:00+00:00
[2025-04-28T10:11:02.145+0000] {processor.py:183} INFO - Processing /home/airflow/.local/lib/python3.8/site-packages/airflow/example_dags/example_sla_dag.py took 0.168 seconds
[2025-04-28T10:11:33.167+0000] {processor.py:161} INFO - Started process (PID=962) to work on /home/airflow/.local/lib/python3.8/site-packages/airflow/example_dags/example_sla_dag.py
[2025-04-28T10:11:33.168+0000] {processor.py:830} INFO - Processing file /home/airflow/.local/lib/python3.8/site-packages/airflow/example_dags/example_sla_dag.py for tasks to queue
[2025-04-28T10:11:33.173+0000] {logging_mixin.py:188} INFO - [2025-04-28T10:11:33.172+0000] {dagbag.py:538} INFO - Filling up the DagBag from /home/airflow/.local/lib/python3.8/site-packages/airflow/example_dags/example_sla_dag.py
[2025-04-28T10:11:33.193+0000] {processor.py:840} INFO - DAG(s) 'example_sla_dag' retrieved from /home/airflow/.local/lib/python3.8/site-packages/airflow/example_dags/example_sla_dag.py
[2025-04-28T10:11:33.232+0000] {logging_mixin.py:188} INFO - [2025-04-28T10:11:33.232+0000] {dag.py:3033} INFO - Sync 1 DAGs
[2025-04-28T10:11:33.282+0000] {logging_mixin.py:188} INFO - [2025-04-28T10:11:33.281+0000] {dag.py:3820} INFO - Setting next_dagrun for example_sla_dag to 2025-04-28T10:08:00+00:00, run_after=2025-04-28T10:10:00+00:00
[2025-04-28T10:11:33.319+0000] {processor.py:183} INFO - Processing /home/airflow/.local/lib/python3.8/site-packages/airflow/example_dags/example_sla_dag.py took 0.161 seconds
[2025-04-28T10:12:06.988+0000] {processor.py:161} INFO - Started process (PID=1018) to work on /home/airflow/.local/lib/python3.8/site-packages/airflow/example_dags/example_sla_dag.py
[2025-04-28T10:12:06.989+0000] {processor.py:830} INFO - Processing file /home/airflow/.local/lib/python3.8/site-packages/airflow/example_dags/example_sla_dag.py for tasks to queue
[2025-04-28T10:12:06.992+0000] {logging_mixin.py:188} INFO - [2025-04-28T10:12:06.992+0000] {dagbag.py:538} INFO - Filling up the DagBag from /home/airflow/.local/lib/python3.8/site-packages/airflow/example_dags/example_sla_dag.py
[2025-04-28T10:12:07.007+0000] {processor.py:840} INFO - DAG(s) 'example_sla_dag' retrieved from /home/airflow/.local/lib/python3.8/site-packages/airflow/example_dags/example_sla_dag.py
[2025-04-28T10:12:07.040+0000] {logging_mixin.py:188} INFO - [2025-04-28T10:12:07.040+0000] {dag.py:3033} INFO - Sync 1 DAGs
[2025-04-28T10:12:07.118+0000] {logging_mixin.py:188} INFO - [2025-04-28T10:12:07.118+0000] {dag.py:3820} INFO - Setting next_dagrun for example_sla_dag to 2025-04-28T10:10:00+00:00, run_after=2025-04-28T10:12:00+00:00
[2025-04-28T10:12:07.154+0000] {processor.py:183} INFO - Processing /home/airflow/.local/lib/python3.8/site-packages/airflow/example_dags/example_sla_dag.py took 0.172 seconds
[2025-04-28T10:12:40.262+0000] {processor.py:161} INFO - Started process (PID=1075) to work on /home/airflow/.local/lib/python3.8/site-packages/airflow/example_dags/example_sla_dag.py
[2025-04-28T10:12:40.265+0000] {processor.py:830} INFO - Processing file /home/airflow/.local/lib/python3.8/site-packages/airflow/example_dags/example_sla_dag.py for tasks to queue
[2025-04-28T10:12:40.275+0000] {logging_mixin.py:188} INFO - [2025-04-28T10:12:40.274+0000] {dagbag.py:538} INFO - Filling up the DagBag from /home/airflow/.local/lib/python3.8/site-packages/airflow/example_dags/example_sla_dag.py
[2025-04-28T10:12:40.329+0000] {processor.py:840} INFO - DAG(s) 'example_sla_dag' retrieved from /home/airflow/.local/lib/python3.8/site-packages/airflow/example_dags/example_sla_dag.py
[2025-04-28T10:12:40.390+0000] {logging_mixin.py:188} INFO - [2025-04-28T10:12:40.389+0000] {dag.py:3033} INFO - Sync 1 DAGs
[2025-04-28T10:12:40.448+0000] {logging_mixin.py:188} INFO - [2025-04-28T10:12:40.448+0000] {dag.py:3820} INFO - Setting next_dagrun for example_sla_dag to 2025-04-28T10:10:00+00:00, run_after=2025-04-28T10:12:00+00:00
[2025-04-28T10:12:40.496+0000] {processor.py:183} INFO - Processing /home/airflow/.local/lib/python3.8/site-packages/airflow/example_dags/example_sla_dag.py took 0.241 seconds
[2025-04-28T10:13:13.095+0000] {processor.py:161} INFO - Started process (PID=1131) to work on /home/airflow/.local/lib/python3.8/site-packages/airflow/example_dags/example_sla_dag.py
[2025-04-28T10:13:13.096+0000] {processor.py:830} INFO - Processing file /home/airflow/.local/lib/python3.8/site-packages/airflow/example_dags/example_sla_dag.py for tasks to queue
[2025-04-28T10:13:13.101+0000] {logging_mixin.py:188} INFO - [2025-04-28T10:13:13.101+0000] {dagbag.py:538} INFO - Filling up the DagBag from /home/airflow/.local/lib/python3.8/site-packages/airflow/example_dags/example_sla_dag.py
[2025-04-28T10:13:13.113+0000] {processor.py:840} INFO - DAG(s) 'example_sla_dag' retrieved from /home/airflow/.local/lib/python3.8/site-packages/airflow/example_dags/example_sla_dag.py
[2025-04-28T10:13:13.149+0000] {logging_mixin.py:188} INFO - [2025-04-28T10:13:13.149+0000] {dag.py:3033} INFO - Sync 1 DAGs
[2025-04-28T10:13:13.194+0000] {logging_mixin.py:188} INFO - [2025-04-28T10:13:13.194+0000] {dag.py:3820} INFO - Setting next_dagrun for example_sla_dag to 2025-04-28T10:10:00+00:00, run_after=2025-04-28T10:12:00+00:00
[2025-04-28T10:13:13.222+0000] {processor.py:183} INFO - Processing /home/airflow/.local/lib/python3.8/site-packages/airflow/example_dags/example_sla_dag.py took 0.132 seconds
[2025-04-28T10:13:45.936+0000] {processor.py:161} INFO - Started process (PID=1187) to work on /home/airflow/.local/lib/python3.8/site-packages/airflow/example_dags/example_sla_dag.py
[2025-04-28T10:13:45.940+0000] {processor.py:830} INFO - Processing file /home/airflow/.local/lib/python3.8/site-packages/airflow/example_dags/example_sla_dag.py for tasks to queue
[2025-04-28T10:13:45.950+0000] {logging_mixin.py:188} INFO - [2025-04-28T10:13:45.948+0000] {dagbag.py:538} INFO - Filling up the DagBag from /home/airflow/.local/lib/python3.8/site-packages/airflow/example_dags/example_sla_dag.py
[2025-04-28T10:13:45.969+0000] {processor.py:840} INFO - DAG(s) 'example_sla_dag' retrieved from /home/airflow/.local/lib/python3.8/site-packages/airflow/example_dags/example_sla_dag.py
[2025-04-28T10:13:46.007+0000] {logging_mixin.py:188} INFO - [2025-04-28T10:13:46.006+0000] {dag.py:3033} INFO - Sync 1 DAGs
[2025-04-28T10:13:46.052+0000] {logging_mixin.py:188} INFO - [2025-04-28T10:13:46.051+0000] {dag.py:3820} INFO - Setting next_dagrun for example_sla_dag to 2025-04-28T10:10:00+00:00, run_after=2025-04-28T10:12:00+00:00
[2025-04-28T10:13:46.082+0000] {processor.py:183} INFO - Processing /home/airflow/.local/lib/python3.8/site-packages/airflow/example_dags/example_sla_dag.py took 0.151 seconds
[2025-04-28T10:14:18.773+0000] {processor.py:161} INFO - Started process (PID=1242) to work on /home/airflow/.local/lib/python3.8/site-packages/airflow/example_dags/example_sla_dag.py
[2025-04-28T10:14:18.777+0000] {processor.py:830} INFO - Processing file /home/airflow/.local/lib/python3.8/site-packages/airflow/example_dags/example_sla_dag.py for tasks to queue
[2025-04-28T10:14:18.780+0000] {logging_mixin.py:188} INFO - [2025-04-28T10:14:18.780+0000] {dagbag.py:538} INFO - Filling up the DagBag from /home/airflow/.local/lib/python3.8/site-packages/airflow/example_dags/example_sla_dag.py
[2025-04-28T10:14:18.799+0000] {processor.py:840} INFO - DAG(s) 'example_sla_dag' retrieved from /home/airflow/.local/lib/python3.8/site-packages/airflow/example_dags/example_sla_dag.py
[2025-04-28T10:14:18.840+0000] {logging_mixin.py:188} INFO - [2025-04-28T10:14:18.840+0000] {dag.py:3033} INFO - Sync 1 DAGs
[2025-04-28T10:14:18.893+0000] {logging_mixin.py:188} INFO - [2025-04-28T10:14:18.893+0000] {dag.py:3820} INFO - Setting next_dagrun for example_sla_dag to 2025-04-28T10:12:00+00:00, run_after=2025-04-28T10:14:00+00:00
[2025-04-28T10:14:18.925+0000] {processor.py:183} INFO - Processing /home/airflow/.local/lib/python3.8/site-packages/airflow/example_dags/example_sla_dag.py took 0.158 seconds
[2025-04-28T10:14:50.880+0000] {processor.py:161} INFO - Started process (PID=1298) to work on /home/airflow/.local/lib/python3.8/site-packages/airflow/example_dags/example_sla_dag.py
[2025-04-28T10:14:50.882+0000] {processor.py:830} INFO - Processing file /home/airflow/.local/lib/python3.8/site-packages/airflow/example_dags/example_sla_dag.py for tasks to queue
[2025-04-28T10:14:50.890+0000] {logging_mixin.py:188} INFO - [2025-04-28T10:14:50.890+0000] {dagbag.py:538} INFO - Filling up the DagBag from /home/airflow/.local/lib/python3.8/site-packages/airflow/example_dags/example_sla_dag.py
[2025-04-28T10:14:50.910+0000] {processor.py:840} INFO - DAG(s) 'example_sla_dag' retrieved from /home/airflow/.local/lib/python3.8/site-packages/airflow/example_dags/example_sla_dag.py
[2025-04-28T10:14:50.970+0000] {logging_mixin.py:188} INFO - [2025-04-28T10:14:50.970+0000] {dag.py:3033} INFO - Sync 1 DAGs
[2025-04-28T10:14:51.046+0000] {logging_mixin.py:188} INFO - [2025-04-28T10:14:51.045+0000] {dag.py:3820} INFO - Setting next_dagrun for example_sla_dag to 2025-04-28T10:12:00+00:00, run_after=2025-04-28T10:14:00+00:00
[2025-04-28T10:14:51.108+0000] {processor.py:183} INFO - Processing /home/airflow/.local/lib/python3.8/site-packages/airflow/example_dags/example_sla_dag.py took 0.233 seconds
[2025-04-28T10:15:23.534+0000] {processor.py:161} INFO - Started process (PID=1355) to work on /home/airflow/.local/lib/python3.8/site-packages/airflow/example_dags/example_sla_dag.py
[2025-04-28T10:15:23.543+0000] {processor.py:830} INFO - Processing file /home/airflow/.local/lib/python3.8/site-packages/airflow/example_dags/example_sla_dag.py for tasks to queue
[2025-04-28T10:15:23.547+0000] {logging_mixin.py:188} INFO - [2025-04-28T10:15:23.546+0000] {dagbag.py:538} INFO - Filling up the DagBag from /home/airflow/.local/lib/python3.8/site-packages/airflow/example_dags/example_sla_dag.py
[2025-04-28T10:15:23.575+0000] {processor.py:840} INFO - DAG(s) 'example_sla_dag' retrieved from /home/airflow/.local/lib/python3.8/site-packages/airflow/example_dags/example_sla_dag.py
[2025-04-28T10:15:23.644+0000] {logging_mixin.py:188} INFO - [2025-04-28T10:15:23.644+0000] {dag.py:3033} INFO - Sync 1 DAGs
[2025-04-28T10:15:23.702+0000] {logging_mixin.py:188} INFO - [2025-04-28T10:15:23.701+0000] {dag.py:3820} INFO - Setting next_dagrun for example_sla_dag to 2025-04-28T10:12:00+00:00, run_after=2025-04-28T10:14:00+00:00
[2025-04-28T10:15:23.738+0000] {processor.py:183} INFO - Processing /home/airflow/.local/lib/python3.8/site-packages/airflow/example_dags/example_sla_dag.py took 0.211 seconds
[2025-04-28T10:15:56.756+0000] {processor.py:161} INFO - Started process (PID=1410) to work on /home/airflow/.local/lib/python3.8/site-packages/airflow/example_dags/example_sla_dag.py
[2025-04-28T10:15:56.757+0000] {processor.py:830} INFO - Processing file /home/airflow/.local/lib/python3.8/site-packages/airflow/example_dags/example_sla_dag.py for tasks to queue
[2025-04-28T10:15:56.761+0000] {logging_mixin.py:188} INFO - [2025-04-28T10:15:56.760+0000] {dagbag.py:538} INFO - Filling up the DagBag from /home/airflow/.local/lib/python3.8/site-packages/airflow/example_dags/example_sla_dag.py
[2025-04-28T10:15:56.776+0000] {processor.py:840} INFO - DAG(s) 'example_sla_dag' retrieved from /home/airflow/.local/lib/python3.8/site-packages/airflow/example_dags/example_sla_dag.py
[2025-04-28T10:15:56.818+0000] {logging_mixin.py:188} INFO - [2025-04-28T10:15:56.817+0000] {dag.py:3033} INFO - Sync 1 DAGs
[2025-04-28T10:15:56.859+0000] {logging_mixin.py:188} INFO - [2025-04-28T10:15:56.858+0000] {dag.py:3820} INFO - Setting next_dagrun for example_sla_dag to 2025-04-28T10:12:00+00:00, run_after=2025-04-28T10:14:00+00:00
[2025-04-28T10:15:56.888+0000] {processor.py:183} INFO - Processing /home/airflow/.local/lib/python3.8/site-packages/airflow/example_dags/example_sla_dag.py took 0.137 seconds
[2025-04-28T10:16:29.157+0000] {processor.py:161} INFO - Started process (PID=1465) to work on /home/airflow/.local/lib/python3.8/site-packages/airflow/example_dags/example_sla_dag.py
[2025-04-28T10:16:29.158+0000] {processor.py:830} INFO - Processing file /home/airflow/.local/lib/python3.8/site-packages/airflow/example_dags/example_sla_dag.py for tasks to queue
[2025-04-28T10:16:29.162+0000] {logging_mixin.py:188} INFO - [2025-04-28T10:16:29.162+0000] {dagbag.py:538} INFO - Filling up the DagBag from /home/airflow/.local/lib/python3.8/site-packages/airflow/example_dags/example_sla_dag.py
[2025-04-28T10:16:29.173+0000] {processor.py:840} INFO - DAG(s) 'example_sla_dag' retrieved from /home/airflow/.local/lib/python3.8/site-packages/airflow/example_dags/example_sla_dag.py
[2025-04-28T10:16:29.207+0000] {logging_mixin.py:188} INFO - [2025-04-28T10:16:29.207+0000] {dag.py:3033} INFO - Sync 1 DAGs
[2025-04-28T10:16:29.246+0000] {logging_mixin.py:188} INFO - [2025-04-28T10:16:29.246+0000] {dag.py:3820} INFO - Setting next_dagrun for example_sla_dag to 2025-04-28T10:14:00+00:00, run_after=2025-04-28T10:16:00+00:00
[2025-04-28T10:16:29.279+0000] {processor.py:183} INFO - Processing /home/airflow/.local/lib/python3.8/site-packages/airflow/example_dags/example_sla_dag.py took 0.127 seconds
[2025-04-28T10:17:02.760+0000] {processor.py:161} INFO - Started process (PID=1521) to work on /home/airflow/.local/lib/python3.8/site-packages/airflow/example_dags/example_sla_dag.py
[2025-04-28T10:17:02.766+0000] {processor.py:830} INFO - Processing file /home/airflow/.local/lib/python3.8/site-packages/airflow/example_dags/example_sla_dag.py for tasks to queue
[2025-04-28T10:17:02.784+0000] {logging_mixin.py:188} INFO - [2025-04-28T10:17:02.784+0000] {dagbag.py:538} INFO - Filling up the DagBag from /home/airflow/.local/lib/python3.8/site-packages/airflow/example_dags/example_sla_dag.py
[2025-04-28T10:17:02.844+0000] {processor.py:840} INFO - DAG(s) 'example_sla_dag' retrieved from /home/airflow/.local/lib/python3.8/site-packages/airflow/example_dags/example_sla_dag.py
[2025-04-28T10:17:03.049+0000] {logging_mixin.py:188} INFO - [2025-04-28T10:17:03.048+0000] {dag.py:3033} INFO - Sync 1 DAGs
[2025-04-28T10:17:03.217+0000] {logging_mixin.py:188} INFO - [2025-04-28T10:17:03.217+0000] {dag.py:3820} INFO - Setting next_dagrun for example_sla_dag to 2025-04-28T10:14:00+00:00, run_after=2025-04-28T10:16:00+00:00
[2025-04-28T10:17:03.382+0000] {processor.py:183} INFO - Processing /home/airflow/.local/lib/python3.8/site-packages/airflow/example_dags/example_sla_dag.py took 0.636 seconds
[2025-04-28T10:17:34.840+0000] {processor.py:161} INFO - Started process (PID=1577) to work on /home/airflow/.local/lib/python3.8/site-packages/airflow/example_dags/example_sla_dag.py
[2025-04-28T10:17:34.843+0000] {processor.py:830} INFO - Processing file /home/airflow/.local/lib/python3.8/site-packages/airflow/example_dags/example_sla_dag.py for tasks to queue
[2025-04-28T10:17:34.850+0000] {logging_mixin.py:188} INFO - [2025-04-28T10:17:34.849+0000] {dagbag.py:538} INFO - Filling up the DagBag from /home/airflow/.local/lib/python3.8/site-packages/airflow/example_dags/example_sla_dag.py
[2025-04-28T10:17:34.871+0000] {processor.py:840} INFO - DAG(s) 'example_sla_dag' retrieved from /home/airflow/.local/lib/python3.8/site-packages/airflow/example_dags/example_sla_dag.py
[2025-04-28T10:17:34.925+0000] {logging_mixin.py:188} INFO - [2025-04-28T10:17:34.924+0000] {dag.py:3033} INFO - Sync 1 DAGs
[2025-04-28T10:17:35.014+0000] {logging_mixin.py:188} INFO - [2025-04-28T10:17:35.013+0000] {dag.py:3820} INFO - Setting next_dagrun for example_sla_dag to 2025-04-28T10:14:00+00:00, run_after=2025-04-28T10:16:00+00:00
[2025-04-28T10:17:35.069+0000] {processor.py:183} INFO - Processing /home/airflow/.local/lib/python3.8/site-packages/airflow/example_dags/example_sla_dag.py took 0.236 seconds
[2025-04-28T10:18:07.326+0000] {processor.py:161} INFO - Started process (PID=1633) to work on /home/airflow/.local/lib/python3.8/site-packages/airflow/example_dags/example_sla_dag.py
[2025-04-28T10:18:07.332+0000] {processor.py:830} INFO - Processing file /home/airflow/.local/lib/python3.8/site-packages/airflow/example_dags/example_sla_dag.py for tasks to queue
[2025-04-28T10:18:07.343+0000] {logging_mixin.py:188} INFO - [2025-04-28T10:18:07.341+0000] {dagbag.py:538} INFO - Filling up the DagBag from /home/airflow/.local/lib/python3.8/site-packages/airflow/example_dags/example_sla_dag.py
[2025-04-28T10:18:07.385+0000] {processor.py:840} INFO - DAG(s) 'example_sla_dag' retrieved from /home/airflow/.local/lib/python3.8/site-packages/airflow/example_dags/example_sla_dag.py
[2025-04-28T10:18:07.448+0000] {logging_mixin.py:188} INFO - [2025-04-28T10:18:07.448+0000] {dag.py:3033} INFO - Sync 1 DAGs
[2025-04-28T10:18:07.572+0000] {logging_mixin.py:188} INFO - [2025-04-28T10:18:07.571+0000] {dag.py:3820} INFO - Setting next_dagrun for example_sla_dag to 2025-04-28T10:16:00+00:00, run_after=2025-04-28T10:18:00+00:00
[2025-04-28T10:18:07.663+0000] {processor.py:183} INFO - Processing /home/airflow/.local/lib/python3.8/site-packages/airflow/example_dags/example_sla_dag.py took 0.344 seconds
[2025-04-28T10:18:39.849+0000] {processor.py:161} INFO - Started process (PID=1689) to work on /home/airflow/.local/lib/python3.8/site-packages/airflow/example_dags/example_sla_dag.py
[2025-04-28T10:18:39.851+0000] {processor.py:830} INFO - Processing file /home/airflow/.local/lib/python3.8/site-packages/airflow/example_dags/example_sla_dag.py for tasks to queue
[2025-04-28T10:18:39.855+0000] {logging_mixin.py:188} INFO - [2025-04-28T10:18:39.854+0000] {dagbag.py:538} INFO - Filling up the DagBag from /home/airflow/.local/lib/python3.8/site-packages/airflow/example_dags/example_sla_dag.py
[2025-04-28T10:18:39.871+0000] {processor.py:840} INFO - DAG(s) 'example_sla_dag' retrieved from /home/airflow/.local/lib/python3.8/site-packages/airflow/example_dags/example_sla_dag.py
[2025-04-28T10:18:39.912+0000] {logging_mixin.py:188} INFO - [2025-04-28T10:18:39.912+0000] {dag.py:3033} INFO - Sync 1 DAGs
[2025-04-28T10:18:39.963+0000] {logging_mixin.py:188} INFO - [2025-04-28T10:18:39.963+0000] {dag.py:3820} INFO - Setting next_dagrun for example_sla_dag to 2025-04-28T10:16:00+00:00, run_after=2025-04-28T10:18:00+00:00
[2025-04-28T10:18:40.034+0000] {processor.py:183} INFO - Processing /home/airflow/.local/lib/python3.8/site-packages/airflow/example_dags/example_sla_dag.py took 0.191 seconds
[2025-04-28T10:19:13.403+0000] {processor.py:161} INFO - Started process (PID=1745) to work on /home/airflow/.local/lib/python3.8/site-packages/airflow/example_dags/example_sla_dag.py
[2025-04-28T10:19:13.408+0000] {processor.py:830} INFO - Processing file /home/airflow/.local/lib/python3.8/site-packages/airflow/example_dags/example_sla_dag.py for tasks to queue
[2025-04-28T10:19:13.418+0000] {logging_mixin.py:188} INFO - [2025-04-28T10:19:13.417+0000] {dagbag.py:538} INFO - Filling up the DagBag from /home/airflow/.local/lib/python3.8/site-packages/airflow/example_dags/example_sla_dag.py
[2025-04-28T10:19:13.445+0000] {processor.py:840} INFO - DAG(s) 'example_sla_dag' retrieved from /home/airflow/.local/lib/python3.8/site-packages/airflow/example_dags/example_sla_dag.py
[2025-04-28T10:19:13.487+0000] {logging_mixin.py:188} INFO - [2025-04-28T10:19:13.487+0000] {dag.py:3033} INFO - Sync 1 DAGs
[2025-04-28T10:19:13.545+0000] {logging_mixin.py:188} INFO - [2025-04-28T10:19:13.544+0000] {dag.py:3820} INFO - Setting next_dagrun for example_sla_dag to 2025-04-28T10:16:00+00:00, run_after=2025-04-28T10:18:00+00:00
[2025-04-28T10:19:13.578+0000] {processor.py:183} INFO - Processing /home/airflow/.local/lib/python3.8/site-packages/airflow/example_dags/example_sla_dag.py took 0.188 seconds
[2025-04-28T10:19:45.494+0000] {processor.py:161} INFO - Started process (PID=1802) to work on /home/airflow/.local/lib/python3.8/site-packages/airflow/example_dags/example_sla_dag.py
[2025-04-28T10:19:45.495+0000] {processor.py:830} INFO - Processing file /home/airflow/.local/lib/python3.8/site-packages/airflow/example_dags/example_sla_dag.py for tasks to queue
[2025-04-28T10:19:45.500+0000] {logging_mixin.py:188} INFO - [2025-04-28T10:19:45.499+0000] {dagbag.py:538} INFO - Filling up the DagBag from /home/airflow/.local/lib/python3.8/site-packages/airflow/example_dags/example_sla_dag.py
[2025-04-28T10:19:45.513+0000] {processor.py:840} INFO - DAG(s) 'example_sla_dag' retrieved from /home/airflow/.local/lib/python3.8/site-packages/airflow/example_dags/example_sla_dag.py
[2025-04-28T10:19:45.560+0000] {logging_mixin.py:188} INFO - [2025-04-28T10:19:45.560+0000] {dag.py:3033} INFO - Sync 1 DAGs
[2025-04-28T10:19:45.614+0000] {logging_mixin.py:188} INFO - [2025-04-28T10:19:45.614+0000] {dag.py:3820} INFO - Setting next_dagrun for example_sla_dag to 2025-04-28T10:16:00+00:00, run_after=2025-04-28T10:18:00+00:00
[2025-04-28T10:19:45.659+0000] {processor.py:183} INFO - Processing /home/airflow/.local/lib/python3.8/site-packages/airflow/example_dags/example_sla_dag.py took 0.170 seconds
[2025-04-28T10:20:18.632+0000] {processor.py:161} INFO - Started process (PID=1861) to work on /home/airflow/.local/lib/python3.8/site-packages/airflow/example_dags/example_sla_dag.py
[2025-04-28T10:20:18.633+0000] {processor.py:830} INFO - Processing file /home/airflow/.local/lib/python3.8/site-packages/airflow/example_dags/example_sla_dag.py for tasks to queue
[2025-04-28T10:20:18.637+0000] {logging_mixin.py:188} INFO - [2025-04-28T10:20:18.637+0000] {dagbag.py:538} INFO - Filling up the DagBag from /home/airflow/.local/lib/python3.8/site-packages/airflow/example_dags/example_sla_dag.py
[2025-04-28T10:20:18.650+0000] {processor.py:840} INFO - DAG(s) 'example_sla_dag' retrieved from /home/airflow/.local/lib/python3.8/site-packages/airflow/example_dags/example_sla_dag.py
[2025-04-28T10:20:18.680+0000] {logging_mixin.py:188} INFO - [2025-04-28T10:20:18.679+0000] {dag.py:3033} INFO - Sync 1 DAGs
[2025-04-28T10:20:18.725+0000] {logging_mixin.py:188} INFO - [2025-04-28T10:20:18.725+0000] {dag.py:3820} INFO - Setting next_dagrun for example_sla_dag to 2025-04-28T10:18:00+00:00, run_after=2025-04-28T10:20:00+00:00
[2025-04-28T10:20:18.755+0000] {processor.py:183} INFO - Processing /home/airflow/.local/lib/python3.8/site-packages/airflow/example_dags/example_sla_dag.py took 0.127 seconds
[2025-04-28T10:20:48.798+0000] {processor.py:161} INFO - Started process (PID=1917) to work on /home/airflow/.local/lib/python3.8/site-packages/airflow/example_dags/example_sla_dag.py
[2025-04-28T10:20:48.799+0000] {processor.py:830} INFO - Processing file /home/airflow/.local/lib/python3.8/site-packages/airflow/example_dags/example_sla_dag.py for tasks to queue
[2025-04-28T10:20:48.802+0000] {logging_mixin.py:188} INFO - [2025-04-28T10:20:48.802+0000] {dagbag.py:538} INFO - Filling up the DagBag from /home/airflow/.local/lib/python3.8/site-packages/airflow/example_dags/example_sla_dag.py
[2025-04-28T10:20:48.812+0000] {processor.py:840} INFO - DAG(s) 'example_sla_dag' retrieved from /home/airflow/.local/lib/python3.8/site-packages/airflow/example_dags/example_sla_dag.py
[2025-04-28T10:20:48.838+0000] {logging_mixin.py:188} INFO - [2025-04-28T10:20:48.838+0000] {dag.py:3033} INFO - Sync 1 DAGs
[2025-04-28T10:20:48.873+0000] {logging_mixin.py:188} INFO - [2025-04-28T10:20:48.873+0000] {dag.py:3820} INFO - Setting next_dagrun for example_sla_dag to 2025-04-28T10:18:00+00:00, run_after=2025-04-28T10:20:00+00:00
[2025-04-28T10:20:48.900+0000] {processor.py:183} INFO - Processing /home/airflow/.local/lib/python3.8/site-packages/airflow/example_dags/example_sla_dag.py took 0.107 seconds
[2025-04-28T10:21:24.179+0000] {processor.py:161} INFO - Started process (PID=1977) to work on /home/airflow/.local/lib/python3.8/site-packages/airflow/example_dags/example_sla_dag.py
[2025-04-28T10:21:24.180+0000] {processor.py:830} INFO - Processing file /home/airflow/.local/lib/python3.8/site-packages/airflow/example_dags/example_sla_dag.py for tasks to queue
[2025-04-28T10:21:24.186+0000] {logging_mixin.py:188} INFO - [2025-04-28T10:21:24.185+0000] {dagbag.py:538} INFO - Filling up the DagBag from /home/airflow/.local/lib/python3.8/site-packages/airflow/example_dags/example_sla_dag.py
[2025-04-28T10:21:24.204+0000] {processor.py:840} INFO - DAG(s) 'example_sla_dag' retrieved from /home/airflow/.local/lib/python3.8/site-packages/airflow/example_dags/example_sla_dag.py
[2025-04-28T10:21:24.244+0000] {logging_mixin.py:188} INFO - [2025-04-28T10:21:24.244+0000] {dag.py:3033} INFO - Sync 1 DAGs
[2025-04-28T10:21:24.353+0000] {logging_mixin.py:188} INFO - [2025-04-28T10:21:24.352+0000] {dag.py:3820} INFO - Setting next_dagrun for example_sla_dag to 2025-04-28T10:18:00+00:00, run_after=2025-04-28T10:20:00+00:00
[2025-04-28T10:21:24.767+0000] {processor.py:183} INFO - Processing /home/airflow/.local/lib/python3.8/site-packages/airflow/example_dags/example_sla_dag.py took 0.595 seconds
[2025-04-28T10:21:54.865+0000] {processor.py:161} INFO - Started process (PID=2032) to work on /home/airflow/.local/lib/python3.8/site-packages/airflow/example_dags/example_sla_dag.py
[2025-04-28T10:21:54.867+0000] {processor.py:830} INFO - Processing file /home/airflow/.local/lib/python3.8/site-packages/airflow/example_dags/example_sla_dag.py for tasks to queue
[2025-04-28T10:21:54.870+0000] {logging_mixin.py:188} INFO - [2025-04-28T10:21:54.869+0000] {dagbag.py:538} INFO - Filling up the DagBag from /home/airflow/.local/lib/python3.8/site-packages/airflow/example_dags/example_sla_dag.py
[2025-04-28T10:21:54.881+0000] {processor.py:840} INFO - DAG(s) 'example_sla_dag' retrieved from /home/airflow/.local/lib/python3.8/site-packages/airflow/example_dags/example_sla_dag.py
[2025-04-28T10:21:54.908+0000] {logging_mixin.py:188} INFO - [2025-04-28T10:21:54.908+0000] {dag.py:3033} INFO - Sync 1 DAGs
[2025-04-28T10:21:54.944+0000] {logging_mixin.py:188} INFO - [2025-04-28T10:21:54.943+0000] {dag.py:3820} INFO - Setting next_dagrun for example_sla_dag to 2025-04-28T10:18:00+00:00, run_after=2025-04-28T10:20:00+00:00
[2025-04-28T10:21:54.970+0000] {processor.py:183} INFO - Processing /home/airflow/.local/lib/python3.8/site-packages/airflow/example_dags/example_sla_dag.py took 0.109 seconds
[2025-04-28T10:22:25.039+0000] {processor.py:161} INFO - Started process (PID=2089) to work on /home/airflow/.local/lib/python3.8/site-packages/airflow/example_dags/example_sla_dag.py
[2025-04-28T10:22:25.041+0000] {processor.py:830} INFO - Processing file /home/airflow/.local/lib/python3.8/site-packages/airflow/example_dags/example_sla_dag.py for tasks to queue
[2025-04-28T10:22:25.045+0000] {logging_mixin.py:188} INFO - [2025-04-28T10:22:25.044+0000] {dagbag.py:538} INFO - Filling up the DagBag from /home/airflow/.local/lib/python3.8/site-packages/airflow/example_dags/example_sla_dag.py
[2025-04-28T10:22:25.060+0000] {processor.py:840} INFO - DAG(s) 'example_sla_dag' retrieved from /home/airflow/.local/lib/python3.8/site-packages/airflow/example_dags/example_sla_dag.py
[2025-04-28T10:22:25.088+0000] {logging_mixin.py:188} INFO - [2025-04-28T10:22:25.088+0000] {dag.py:3033} INFO - Sync 1 DAGs
[2025-04-28T10:22:25.140+0000] {logging_mixin.py:188} INFO - [2025-04-28T10:22:25.140+0000] {dag.py:3820} INFO - Setting next_dagrun for example_sla_dag to 2025-04-28T10:20:00+00:00, run_after=2025-04-28T10:22:00+00:00
[2025-04-28T10:22:25.169+0000] {processor.py:183} INFO - Processing /home/airflow/.local/lib/python3.8/site-packages/airflow/example_dags/example_sla_dag.py took 0.137 seconds
[2025-04-28T10:22:58.110+0000] {processor.py:161} INFO - Started process (PID=2145) to work on /home/airflow/.local/lib/python3.8/site-packages/airflow/example_dags/example_sla_dag.py
[2025-04-28T10:22:58.113+0000] {processor.py:830} INFO - Processing file /home/airflow/.local/lib/python3.8/site-packages/airflow/example_dags/example_sla_dag.py for tasks to queue
[2025-04-28T10:22:58.116+0000] {logging_mixin.py:188} INFO - [2025-04-28T10:22:58.115+0000] {dagbag.py:538} INFO - Filling up the DagBag from /home/airflow/.local/lib/python3.8/site-packages/airflow/example_dags/example_sla_dag.py
[2025-04-28T10:22:58.131+0000] {processor.py:840} INFO - DAG(s) 'example_sla_dag' retrieved from /home/airflow/.local/lib/python3.8/site-packages/airflow/example_dags/example_sla_dag.py
[2025-04-28T10:22:58.178+0000] {logging_mixin.py:188} INFO - [2025-04-28T10:22:58.177+0000] {dag.py:3033} INFO - Sync 1 DAGs
[2025-04-28T10:22:58.399+0000] {logging_mixin.py:188} INFO - [2025-04-28T10:22:58.399+0000] {dag.py:3820} INFO - Setting next_dagrun for example_sla_dag to 2025-04-28T10:20:00+00:00, run_after=2025-04-28T10:22:00+00:00
[2025-04-28T10:22:58.428+0000] {processor.py:183} INFO - Processing /home/airflow/.local/lib/python3.8/site-packages/airflow/example_dags/example_sla_dag.py took 0.325 seconds
[2025-04-28T10:23:29.643+0000] {processor.py:161} INFO - Started process (PID=2200) to work on /home/airflow/.local/lib/python3.8/site-packages/airflow/example_dags/example_sla_dag.py
[2025-04-28T10:23:29.644+0000] {processor.py:830} INFO - Processing file /home/airflow/.local/lib/python3.8/site-packages/airflow/example_dags/example_sla_dag.py for tasks to queue
[2025-04-28T10:23:29.647+0000] {logging_mixin.py:188} INFO - [2025-04-28T10:23:29.647+0000] {dagbag.py:538} INFO - Filling up the DagBag from /home/airflow/.local/lib/python3.8/site-packages/airflow/example_dags/example_sla_dag.py
[2025-04-28T10:23:29.661+0000] {processor.py:840} INFO - DAG(s) 'example_sla_dag' retrieved from /home/airflow/.local/lib/python3.8/site-packages/airflow/example_dags/example_sla_dag.py
[2025-04-28T10:23:29.691+0000] {logging_mixin.py:188} INFO - [2025-04-28T10:23:29.691+0000] {dag.py:3033} INFO - Sync 1 DAGs
[2025-04-28T10:23:29.755+0000] {logging_mixin.py:188} INFO - [2025-04-28T10:23:29.755+0000] {dag.py:3820} INFO - Setting next_dagrun for example_sla_dag to 2025-04-28T10:20:00+00:00, run_after=2025-04-28T10:22:00+00:00
[2025-04-28T10:23:29.788+0000] {processor.py:183} INFO - Processing /home/airflow/.local/lib/python3.8/site-packages/airflow/example_dags/example_sla_dag.py took 0.152 seconds
[2025-04-28T10:24:02.734+0000] {processor.py:161} INFO - Started process (PID=2257) to work on /home/airflow/.local/lib/python3.8/site-packages/airflow/example_dags/example_sla_dag.py
[2025-04-28T10:24:02.736+0000] {processor.py:830} INFO - Processing file /home/airflow/.local/lib/python3.8/site-packages/airflow/example_dags/example_sla_dag.py for tasks to queue
[2025-04-28T10:24:02.742+0000] {logging_mixin.py:188} INFO - [2025-04-28T10:24:02.740+0000] {dagbag.py:538} INFO - Filling up the DagBag from /home/airflow/.local/lib/python3.8/site-packages/airflow/example_dags/example_sla_dag.py
[2025-04-28T10:24:02.761+0000] {processor.py:840} INFO - DAG(s) 'example_sla_dag' retrieved from /home/airflow/.local/lib/python3.8/site-packages/airflow/example_dags/example_sla_dag.py
[2025-04-28T10:24:02.797+0000] {logging_mixin.py:188} INFO - [2025-04-28T10:24:02.797+0000] {dag.py:3033} INFO - Sync 1 DAGs
[2025-04-28T10:24:02.862+0000] {logging_mixin.py:188} INFO - [2025-04-28T10:24:02.862+0000] {dag.py:3820} INFO - Setting next_dagrun for example_sla_dag to 2025-04-28T10:22:00+00:00, run_after=2025-04-28T10:24:00+00:00
[2025-04-28T10:24:02.901+0000] {processor.py:183} INFO - Processing /home/airflow/.local/lib/python3.8/site-packages/airflow/example_dags/example_sla_dag.py took 0.172 seconds
[2025-04-28T10:24:37.052+0000] {processor.py:161} INFO - Started process (PID=2317) to work on /home/airflow/.local/lib/python3.8/site-packages/airflow/example_dags/example_sla_dag.py
[2025-04-28T10:24:37.057+0000] {processor.py:830} INFO - Processing file /home/airflow/.local/lib/python3.8/site-packages/airflow/example_dags/example_sla_dag.py for tasks to queue
[2025-04-28T10:24:37.062+0000] {logging_mixin.py:188} INFO - [2025-04-28T10:24:37.062+0000] {dagbag.py:538} INFO - Filling up the DagBag from /home/airflow/.local/lib/python3.8/site-packages/airflow/example_dags/example_sla_dag.py
[2025-04-28T10:24:37.082+0000] {processor.py:840} INFO - DAG(s) 'example_sla_dag' retrieved from /home/airflow/.local/lib/python3.8/site-packages/airflow/example_dags/example_sla_dag.py
[2025-04-28T10:24:37.121+0000] {logging_mixin.py:188} INFO - [2025-04-28T10:24:37.121+0000] {dag.py:3033} INFO - Sync 1 DAGs
[2025-04-28T10:24:37.425+0000] {logging_mixin.py:188} INFO - [2025-04-28T10:24:37.424+0000] {dag.py:3820} INFO - Setting next_dagrun for example_sla_dag to 2025-04-28T10:22:00+00:00, run_after=2025-04-28T10:24:00+00:00
[2025-04-28T10:24:37.462+0000] {processor.py:183} INFO - Processing /home/airflow/.local/lib/python3.8/site-packages/airflow/example_dags/example_sla_dag.py took 0.419 seconds
[2025-04-28T10:25:10.637+0000] {processor.py:161} INFO - Started process (PID=2377) to work on /home/airflow/.local/lib/python3.8/site-packages/airflow/example_dags/example_sla_dag.py
[2025-04-28T10:25:10.638+0000] {processor.py:830} INFO - Processing file /home/airflow/.local/lib/python3.8/site-packages/airflow/example_dags/example_sla_dag.py for tasks to queue
[2025-04-28T10:25:10.641+0000] {logging_mixin.py:188} INFO - [2025-04-28T10:25:10.641+0000] {dagbag.py:538} INFO - Filling up the DagBag from /home/airflow/.local/lib/python3.8/site-packages/airflow/example_dags/example_sla_dag.py
[2025-04-28T10:25:10.657+0000] {processor.py:840} INFO - DAG(s) 'example_sla_dag' retrieved from /home/airflow/.local/lib/python3.8/site-packages/airflow/example_dags/example_sla_dag.py
[2025-04-28T10:25:10.703+0000] {logging_mixin.py:188} INFO - [2025-04-28T10:25:10.703+0000] {dag.py:3033} INFO - Sync 1 DAGs
[2025-04-28T10:25:10.789+0000] {logging_mixin.py:188} INFO - [2025-04-28T10:25:10.789+0000] {dag.py:3820} INFO - Setting next_dagrun for example_sla_dag to 2025-04-28T10:22:00+00:00, run_after=2025-04-28T10:24:00+00:00
[2025-04-28T10:25:11.084+0000] {processor.py:183} INFO - Processing /home/airflow/.local/lib/python3.8/site-packages/airflow/example_dags/example_sla_dag.py took 0.452 seconds
[2025-04-28T10:25:41.876+0000] {processor.py:161} INFO - Started process (PID=2433) to work on /home/airflow/.local/lib/python3.8/site-packages/airflow/example_dags/example_sla_dag.py
[2025-04-28T10:25:41.878+0000] {processor.py:830} INFO - Processing file /home/airflow/.local/lib/python3.8/site-packages/airflow/example_dags/example_sla_dag.py for tasks to queue
[2025-04-28T10:25:41.882+0000] {logging_mixin.py:188} INFO - [2025-04-28T10:25:41.882+0000] {dagbag.py:538} INFO - Filling up the DagBag from /home/airflow/.local/lib/python3.8/site-packages/airflow/example_dags/example_sla_dag.py
[2025-04-28T10:25:41.897+0000] {processor.py:840} INFO - DAG(s) 'example_sla_dag' retrieved from /home/airflow/.local/lib/python3.8/site-packages/airflow/example_dags/example_sla_dag.py
[2025-04-28T10:25:41.930+0000] {logging_mixin.py:188} INFO - [2025-04-28T10:25:41.929+0000] {dag.py:3033} INFO - Sync 1 DAGs
[2025-04-28T10:25:41.974+0000] {logging_mixin.py:188} INFO - [2025-04-28T10:25:41.974+0000] {dag.py:3820} INFO - Setting next_dagrun for example_sla_dag to 2025-04-28T10:22:00+00:00, run_after=2025-04-28T10:24:00+00:00
[2025-04-28T10:25:42.006+0000] {processor.py:183} INFO - Processing /home/airflow/.local/lib/python3.8/site-packages/airflow/example_dags/example_sla_dag.py took 0.136 seconds
[2025-04-28T10:26:15.657+0000] {processor.py:161} INFO - Started process (PID=2489) to work on /home/airflow/.local/lib/python3.8/site-packages/airflow/example_dags/example_sla_dag.py
[2025-04-28T10:26:15.660+0000] {processor.py:830} INFO - Processing file /home/airflow/.local/lib/python3.8/site-packages/airflow/example_dags/example_sla_dag.py for tasks to queue
[2025-04-28T10:26:15.664+0000] {logging_mixin.py:188} INFO - [2025-04-28T10:26:15.664+0000] {dagbag.py:538} INFO - Filling up the DagBag from /home/airflow/.local/lib/python3.8/site-packages/airflow/example_dags/example_sla_dag.py
[2025-04-28T10:26:15.680+0000] {processor.py:840} INFO - DAG(s) 'example_sla_dag' retrieved from /home/airflow/.local/lib/python3.8/site-packages/airflow/example_dags/example_sla_dag.py
[2025-04-28T10:26:15.904+0000] {logging_mixin.py:188} INFO - [2025-04-28T10:26:15.904+0000] {dag.py:3033} INFO - Sync 1 DAGs
[2025-04-28T10:26:15.947+0000] {logging_mixin.py:188} INFO - [2025-04-28T10:26:15.947+0000] {dag.py:3820} INFO - Setting next_dagrun for example_sla_dag to 2025-04-28T10:24:00+00:00, run_after=2025-04-28T10:26:00+00:00
[2025-04-28T10:26:15.985+0000] {processor.py:183} INFO - Processing /home/airflow/.local/lib/python3.8/site-packages/airflow/example_dags/example_sla_dag.py took 0.334 seconds
[2025-04-28T10:28:35.322+0000] {processor.py:161} INFO - Started process (PID=82) to work on /home/airflow/.local/lib/python3.8/site-packages/airflow/example_dags/example_sla_dag.py
[2025-04-28T10:28:35.324+0000] {processor.py:830} INFO - Processing file /home/airflow/.local/lib/python3.8/site-packages/airflow/example_dags/example_sla_dag.py for tasks to queue
[2025-04-28T10:28:35.332+0000] {logging_mixin.py:188} INFO - [2025-04-28T10:28:35.331+0000] {dagbag.py:538} INFO - Filling up the DagBag from /home/airflow/.local/lib/python3.8/site-packages/airflow/example_dags/example_sla_dag.py
[2025-04-28T10:28:35.359+0000] {processor.py:840} INFO - DAG(s) 'example_sla_dag' retrieved from /home/airflow/.local/lib/python3.8/site-packages/airflow/example_dags/example_sla_dag.py
[2025-04-28T10:28:35.836+0000] {logging_mixin.py:188} INFO - [2025-04-28T10:28:35.835+0000] {dag.py:3033} INFO - Sync 1 DAGs
[2025-04-28T10:28:35.894+0000] {logging_mixin.py:188} INFO - [2025-04-28T10:28:35.894+0000] {dag.py:3820} INFO - Setting next_dagrun for example_sla_dag to 2025-04-28T10:26:00+00:00, run_after=2025-04-28T10:28:00+00:00
[2025-04-28T10:28:35.947+0000] {processor.py:183} INFO - Processing /home/airflow/.local/lib/python3.8/site-packages/airflow/example_dags/example_sla_dag.py took 0.638 seconds
[2025-04-28T10:29:06.956+0000] {processor.py:161} INFO - Started process (PID=137) to work on /home/airflow/.local/lib/python3.8/site-packages/airflow/example_dags/example_sla_dag.py
[2025-04-28T10:29:06.964+0000] {processor.py:830} INFO - Processing file /home/airflow/.local/lib/python3.8/site-packages/airflow/example_dags/example_sla_dag.py for tasks to queue
[2025-04-28T10:29:06.973+0000] {logging_mixin.py:188} INFO - [2025-04-28T10:29:06.973+0000] {dagbag.py:538} INFO - Filling up the DagBag from /home/airflow/.local/lib/python3.8/site-packages/airflow/example_dags/example_sla_dag.py
[2025-04-28T10:29:06.999+0000] {processor.py:840} INFO - DAG(s) 'example_sla_dag' retrieved from /home/airflow/.local/lib/python3.8/site-packages/airflow/example_dags/example_sla_dag.py
[2025-04-28T10:29:07.060+0000] {logging_mixin.py:188} INFO - [2025-04-28T10:29:07.059+0000] {dag.py:3033} INFO - Sync 1 DAGs
[2025-04-28T10:29:07.239+0000] {logging_mixin.py:188} INFO - [2025-04-28T10:29:07.238+0000] {dag.py:3820} INFO - Setting next_dagrun for example_sla_dag to 2025-04-28T10:26:00+00:00, run_after=2025-04-28T10:28:00+00:00
[2025-04-28T10:29:07.589+0000] {processor.py:183} INFO - Processing /home/airflow/.local/lib/python3.8/site-packages/airflow/example_dags/example_sla_dag.py took 0.639 seconds
[2025-04-28T10:29:38.369+0000] {processor.py:161} INFO - Started process (PID=193) to work on /home/airflow/.local/lib/python3.8/site-packages/airflow/example_dags/example_sla_dag.py
[2025-04-28T10:29:38.371+0000] {processor.py:830} INFO - Processing file /home/airflow/.local/lib/python3.8/site-packages/airflow/example_dags/example_sla_dag.py for tasks to queue
[2025-04-28T10:29:38.374+0000] {logging_mixin.py:188} INFO - [2025-04-28T10:29:38.374+0000] {dagbag.py:538} INFO - Filling up the DagBag from /home/airflow/.local/lib/python3.8/site-packages/airflow/example_dags/example_sla_dag.py
[2025-04-28T10:29:38.387+0000] {processor.py:840} INFO - DAG(s) 'example_sla_dag' retrieved from /home/airflow/.local/lib/python3.8/site-packages/airflow/example_dags/example_sla_dag.py
[2025-04-28T10:29:38.419+0000] {logging_mixin.py:188} INFO - [2025-04-28T10:29:38.419+0000] {dag.py:3033} INFO - Sync 1 DAGs
[2025-04-28T10:29:38.460+0000] {logging_mixin.py:188} INFO - [2025-04-28T10:29:38.459+0000] {dag.py:3820} INFO - Setting next_dagrun for example_sla_dag to 2025-04-28T10:26:00+00:00, run_after=2025-04-28T10:28:00+00:00
[2025-04-28T10:29:38.504+0000] {processor.py:183} INFO - Processing /home/airflow/.local/lib/python3.8/site-packages/airflow/example_dags/example_sla_dag.py took 0.140 seconds
[2025-04-28T10:30:08.842+0000] {processor.py:161} INFO - Started process (PID=249) to work on /home/airflow/.local/lib/python3.8/site-packages/airflow/example_dags/example_sla_dag.py
[2025-04-28T10:30:08.843+0000] {processor.py:830} INFO - Processing file /home/airflow/.local/lib/python3.8/site-packages/airflow/example_dags/example_sla_dag.py for tasks to queue
[2025-04-28T10:30:08.850+0000] {logging_mixin.py:188} INFO - [2025-04-28T10:30:08.849+0000] {dagbag.py:538} INFO - Filling up the DagBag from /home/airflow/.local/lib/python3.8/site-packages/airflow/example_dags/example_sla_dag.py
[2025-04-28T10:30:08.864+0000] {processor.py:840} INFO - DAG(s) 'example_sla_dag' retrieved from /home/airflow/.local/lib/python3.8/site-packages/airflow/example_dags/example_sla_dag.py
[2025-04-28T10:30:08.896+0000] {logging_mixin.py:188} INFO - [2025-04-28T10:30:08.896+0000] {dag.py:3033} INFO - Sync 1 DAGs
[2025-04-28T10:30:08.940+0000] {logging_mixin.py:188} INFO - [2025-04-28T10:30:08.940+0000] {dag.py:3820} INFO - Setting next_dagrun for example_sla_dag to 2025-04-28T10:28:00+00:00, run_after=2025-04-28T10:30:00+00:00
[2025-04-28T10:30:08.991+0000] {processor.py:183} INFO - Processing /home/airflow/.local/lib/python3.8/site-packages/airflow/example_dags/example_sla_dag.py took 0.153 seconds
[2025-04-28T10:30:39.680+0000] {processor.py:161} INFO - Started process (PID=305) to work on /home/airflow/.local/lib/python3.8/site-packages/airflow/example_dags/example_sla_dag.py
[2025-04-28T10:30:39.681+0000] {processor.py:830} INFO - Processing file /home/airflow/.local/lib/python3.8/site-packages/airflow/example_dags/example_sla_dag.py for tasks to queue
[2025-04-28T10:30:39.685+0000] {logging_mixin.py:188} INFO - [2025-04-28T10:30:39.684+0000] {dagbag.py:538} INFO - Filling up the DagBag from /home/airflow/.local/lib/python3.8/site-packages/airflow/example_dags/example_sla_dag.py
[2025-04-28T10:30:39.697+0000] {processor.py:840} INFO - DAG(s) 'example_sla_dag' retrieved from /home/airflow/.local/lib/python3.8/site-packages/airflow/example_dags/example_sla_dag.py
[2025-04-28T10:30:39.728+0000] {logging_mixin.py:188} INFO - [2025-04-28T10:30:39.728+0000] {dag.py:3033} INFO - Sync 1 DAGs
[2025-04-28T10:30:39.773+0000] {logging_mixin.py:188} INFO - [2025-04-28T10:30:39.773+0000] {dag.py:3820} INFO - Setting next_dagrun for example_sla_dag to 2025-04-28T10:28:00+00:00, run_after=2025-04-28T10:30:00+00:00
[2025-04-28T10:30:39.818+0000] {processor.py:183} INFO - Processing /home/airflow/.local/lib/python3.8/site-packages/airflow/example_dags/example_sla_dag.py took 0.143 seconds
[2025-04-28T10:31:12.090+0000] {processor.py:161} INFO - Started process (PID=361) to work on /home/airflow/.local/lib/python3.8/site-packages/airflow/example_dags/example_sla_dag.py
[2025-04-28T10:31:12.092+0000] {processor.py:830} INFO - Processing file /home/airflow/.local/lib/python3.8/site-packages/airflow/example_dags/example_sla_dag.py for tasks to queue
[2025-04-28T10:31:12.095+0000] {logging_mixin.py:188} INFO - [2025-04-28T10:31:12.095+0000] {dagbag.py:538} INFO - Filling up the DagBag from /home/airflow/.local/lib/python3.8/site-packages/airflow/example_dags/example_sla_dag.py
[2025-04-28T10:31:12.112+0000] {processor.py:840} INFO - DAG(s) 'example_sla_dag' retrieved from /home/airflow/.local/lib/python3.8/site-packages/airflow/example_dags/example_sla_dag.py
[2025-04-28T10:31:12.160+0000] {logging_mixin.py:188} INFO - [2025-04-28T10:31:12.160+0000] {dag.py:3033} INFO - Sync 1 DAGs
[2025-04-28T10:31:12.269+0000] {logging_mixin.py:188} INFO - [2025-04-28T10:31:12.269+0000] {dag.py:3820} INFO - Setting next_dagrun for example_sla_dag to 2025-04-28T10:28:00+00:00, run_after=2025-04-28T10:30:00+00:00
[2025-04-28T10:31:12.357+0000] {processor.py:183} INFO - Processing /home/airflow/.local/lib/python3.8/site-packages/airflow/example_dags/example_sla_dag.py took 0.272 seconds
[2025-04-28T10:31:43.100+0000] {processor.py:161} INFO - Started process (PID=417) to work on /home/airflow/.local/lib/python3.8/site-packages/airflow/example_dags/example_sla_dag.py
[2025-04-28T10:31:43.101+0000] {processor.py:830} INFO - Processing file /home/airflow/.local/lib/python3.8/site-packages/airflow/example_dags/example_sla_dag.py for tasks to queue
[2025-04-28T10:31:43.105+0000] {logging_mixin.py:188} INFO - [2025-04-28T10:31:43.105+0000] {dagbag.py:538} INFO - Filling up the DagBag from /home/airflow/.local/lib/python3.8/site-packages/airflow/example_dags/example_sla_dag.py
[2025-04-28T10:31:43.120+0000] {processor.py:840} INFO - DAG(s) 'example_sla_dag' retrieved from /home/airflow/.local/lib/python3.8/site-packages/airflow/example_dags/example_sla_dag.py
[2025-04-28T10:31:43.149+0000] {logging_mixin.py:188} INFO - [2025-04-28T10:31:43.149+0000] {dag.py:3033} INFO - Sync 1 DAGs
[2025-04-28T10:31:43.199+0000] {logging_mixin.py:188} INFO - [2025-04-28T10:31:43.199+0000] {dag.py:3820} INFO - Setting next_dagrun for example_sla_dag to 2025-04-28T10:28:00+00:00, run_after=2025-04-28T10:30:00+00:00
[2025-04-28T10:31:43.237+0000] {processor.py:183} INFO - Processing /home/airflow/.local/lib/python3.8/site-packages/airflow/example_dags/example_sla_dag.py took 0.143 seconds
[2025-04-28T10:32:15.088+0000] {processor.py:161} INFO - Started process (PID=473) to work on /home/airflow/.local/lib/python3.8/site-packages/airflow/example_dags/example_sla_dag.py
[2025-04-28T10:32:15.089+0000] {processor.py:830} INFO - Processing file /home/airflow/.local/lib/python3.8/site-packages/airflow/example_dags/example_sla_dag.py for tasks to queue
[2025-04-28T10:32:15.093+0000] {logging_mixin.py:188} INFO - [2025-04-28T10:32:15.093+0000] {dagbag.py:538} INFO - Filling up the DagBag from /home/airflow/.local/lib/python3.8/site-packages/airflow/example_dags/example_sla_dag.py
[2025-04-28T10:32:15.108+0000] {processor.py:840} INFO - DAG(s) 'example_sla_dag' retrieved from /home/airflow/.local/lib/python3.8/site-packages/airflow/example_dags/example_sla_dag.py
[2025-04-28T10:32:15.141+0000] {logging_mixin.py:188} INFO - [2025-04-28T10:32:15.141+0000] {dag.py:3033} INFO - Sync 1 DAGs
[2025-04-28T10:32:15.202+0000] {logging_mixin.py:188} INFO - [2025-04-28T10:32:15.202+0000] {dag.py:3820} INFO - Setting next_dagrun for example_sla_dag to 2025-04-28T10:30:00+00:00, run_after=2025-04-28T10:32:00+00:00
[2025-04-28T10:32:15.245+0000] {processor.py:183} INFO - Processing /home/airflow/.local/lib/python3.8/site-packages/airflow/example_dags/example_sla_dag.py took 0.163 seconds
[2025-04-28T10:32:47.856+0000] {processor.py:161} INFO - Started process (PID=529) to work on /home/airflow/.local/lib/python3.8/site-packages/airflow/example_dags/example_sla_dag.py
[2025-04-28T10:32:47.859+0000] {processor.py:830} INFO - Processing file /home/airflow/.local/lib/python3.8/site-packages/airflow/example_dags/example_sla_dag.py for tasks to queue
[2025-04-28T10:32:47.864+0000] {logging_mixin.py:188} INFO - [2025-04-28T10:32:47.863+0000] {dagbag.py:538} INFO - Filling up the DagBag from /home/airflow/.local/lib/python3.8/site-packages/airflow/example_dags/example_sla_dag.py
[2025-04-28T10:32:47.877+0000] {processor.py:840} INFO - DAG(s) 'example_sla_dag' retrieved from /home/airflow/.local/lib/python3.8/site-packages/airflow/example_dags/example_sla_dag.py
[2025-04-28T10:32:47.913+0000] {logging_mixin.py:188} INFO - [2025-04-28T10:32:47.913+0000] {dag.py:3033} INFO - Sync 1 DAGs
[2025-04-28T10:32:47.969+0000] {logging_mixin.py:188} INFO - [2025-04-28T10:32:47.969+0000] {dag.py:3820} INFO - Setting next_dagrun for example_sla_dag to 2025-04-28T10:30:00+00:00, run_after=2025-04-28T10:32:00+00:00
[2025-04-28T10:32:47.999+0000] {processor.py:183} INFO - Processing /home/airflow/.local/lib/python3.8/site-packages/airflow/example_dags/example_sla_dag.py took 0.147 seconds
[2025-04-28T10:33:20.735+0000] {processor.py:161} INFO - Started process (PID=585) to work on /home/airflow/.local/lib/python3.8/site-packages/airflow/example_dags/example_sla_dag.py
[2025-04-28T10:33:20.736+0000] {processor.py:830} INFO - Processing file /home/airflow/.local/lib/python3.8/site-packages/airflow/example_dags/example_sla_dag.py for tasks to queue
[2025-04-28T10:33:20.739+0000] {logging_mixin.py:188} INFO - [2025-04-28T10:33:20.739+0000] {dagbag.py:538} INFO - Filling up the DagBag from /home/airflow/.local/lib/python3.8/site-packages/airflow/example_dags/example_sla_dag.py
[2025-04-28T10:33:20.755+0000] {processor.py:840} INFO - DAG(s) 'example_sla_dag' retrieved from /home/airflow/.local/lib/python3.8/site-packages/airflow/example_dags/example_sla_dag.py
[2025-04-28T10:33:20.832+0000] {logging_mixin.py:188} INFO - [2025-04-28T10:33:20.831+0000] {dag.py:3033} INFO - Sync 1 DAGs
[2025-04-28T10:33:20.920+0000] {logging_mixin.py:188} INFO - [2025-04-28T10:33:20.920+0000] {dag.py:3820} INFO - Setting next_dagrun for example_sla_dag to 2025-04-28T10:30:00+00:00, run_after=2025-04-28T10:32:00+00:00
[2025-04-28T10:33:20.992+0000] {processor.py:183} INFO - Processing /home/airflow/.local/lib/python3.8/site-packages/airflow/example_dags/example_sla_dag.py took 0.264 seconds
[2025-04-28T10:33:55.005+0000] {processor.py:161} INFO - Started process (PID=641) to work on /home/airflow/.local/lib/python3.8/site-packages/airflow/example_dags/example_sla_dag.py
[2025-04-28T10:33:55.006+0000] {processor.py:830} INFO - Processing file /home/airflow/.local/lib/python3.8/site-packages/airflow/example_dags/example_sla_dag.py for tasks to queue
[2025-04-28T10:33:55.010+0000] {logging_mixin.py:188} INFO - [2025-04-28T10:33:55.010+0000] {dagbag.py:538} INFO - Filling up the DagBag from /home/airflow/.local/lib/python3.8/site-packages/airflow/example_dags/example_sla_dag.py
[2025-04-28T10:33:55.026+0000] {processor.py:840} INFO - DAG(s) 'example_sla_dag' retrieved from /home/airflow/.local/lib/python3.8/site-packages/airflow/example_dags/example_sla_dag.py
[2025-04-28T10:33:55.060+0000] {logging_mixin.py:188} INFO - [2025-04-28T10:33:55.059+0000] {dag.py:3033} INFO - Sync 1 DAGs
[2025-04-28T10:33:55.107+0000] {logging_mixin.py:188} INFO - [2025-04-28T10:33:55.107+0000] {dag.py:3820} INFO - Setting next_dagrun for example_sla_dag to 2025-04-28T10:30:00+00:00, run_after=2025-04-28T10:32:00+00:00
[2025-04-28T10:33:55.141+0000] {processor.py:183} INFO - Processing /home/airflow/.local/lib/python3.8/site-packages/airflow/example_dags/example_sla_dag.py took 0.142 seconds
[2025-04-28T10:34:26.146+0000] {processor.py:161} INFO - Started process (PID=697) to work on /home/airflow/.local/lib/python3.8/site-packages/airflow/example_dags/example_sla_dag.py
[2025-04-28T10:34:26.150+0000] {processor.py:830} INFO - Processing file /home/airflow/.local/lib/python3.8/site-packages/airflow/example_dags/example_sla_dag.py for tasks to queue
[2025-04-28T10:34:26.154+0000] {logging_mixin.py:188} INFO - [2025-04-28T10:34:26.153+0000] {dagbag.py:538} INFO - Filling up the DagBag from /home/airflow/.local/lib/python3.8/site-packages/airflow/example_dags/example_sla_dag.py
[2025-04-28T10:34:26.181+0000] {processor.py:840} INFO - DAG(s) 'example_sla_dag' retrieved from /home/airflow/.local/lib/python3.8/site-packages/airflow/example_dags/example_sla_dag.py
[2025-04-28T10:34:26.220+0000] {logging_mixin.py:188} INFO - [2025-04-28T10:34:26.219+0000] {dag.py:3033} INFO - Sync 1 DAGs
[2025-04-28T10:34:26.268+0000] {logging_mixin.py:188} INFO - [2025-04-28T10:34:26.268+0000] {dag.py:3820} INFO - Setting next_dagrun for example_sla_dag to 2025-04-28T10:32:00+00:00, run_after=2025-04-28T10:34:00+00:00
[2025-04-28T10:34:26.304+0000] {processor.py:183} INFO - Processing /home/airflow/.local/lib/python3.8/site-packages/airflow/example_dags/example_sla_dag.py took 0.167 seconds
[2025-04-28T10:34:59.168+0000] {processor.py:161} INFO - Started process (PID=753) to work on /home/airflow/.local/lib/python3.8/site-packages/airflow/example_dags/example_sla_dag.py
[2025-04-28T10:34:59.170+0000] {processor.py:830} INFO - Processing file /home/airflow/.local/lib/python3.8/site-packages/airflow/example_dags/example_sla_dag.py for tasks to queue
[2025-04-28T10:34:59.176+0000] {logging_mixin.py:188} INFO - [2025-04-28T10:34:59.175+0000] {dagbag.py:538} INFO - Filling up the DagBag from /home/airflow/.local/lib/python3.8/site-packages/airflow/example_dags/example_sla_dag.py
[2025-04-28T10:34:59.192+0000] {processor.py:840} INFO - DAG(s) 'example_sla_dag' retrieved from /home/airflow/.local/lib/python3.8/site-packages/airflow/example_dags/example_sla_dag.py
[2025-04-28T10:34:59.235+0000] {logging_mixin.py:188} INFO - [2025-04-28T10:34:59.235+0000] {dag.py:3033} INFO - Sync 1 DAGs
[2025-04-28T10:34:59.305+0000] {logging_mixin.py:188} INFO - [2025-04-28T10:34:59.304+0000] {dag.py:3820} INFO - Setting next_dagrun for example_sla_dag to 2025-04-28T10:32:00+00:00, run_after=2025-04-28T10:34:00+00:00
[2025-04-28T10:34:59.360+0000] {processor.py:183} INFO - Processing /home/airflow/.local/lib/python3.8/site-packages/airflow/example_dags/example_sla_dag.py took 0.199 seconds
[2025-04-28T10:35:31.987+0000] {processor.py:161} INFO - Started process (PID=809) to work on /home/airflow/.local/lib/python3.8/site-packages/airflow/example_dags/example_sla_dag.py
[2025-04-28T10:35:31.989+0000] {processor.py:830} INFO - Processing file /home/airflow/.local/lib/python3.8/site-packages/airflow/example_dags/example_sla_dag.py for tasks to queue
[2025-04-28T10:35:31.992+0000] {logging_mixin.py:188} INFO - [2025-04-28T10:35:31.992+0000] {dagbag.py:538} INFO - Filling up the DagBag from /home/airflow/.local/lib/python3.8/site-packages/airflow/example_dags/example_sla_dag.py
[2025-04-28T10:35:32.005+0000] {processor.py:840} INFO - DAG(s) 'example_sla_dag' retrieved from /home/airflow/.local/lib/python3.8/site-packages/airflow/example_dags/example_sla_dag.py
[2025-04-28T10:35:32.034+0000] {logging_mixin.py:188} INFO - [2025-04-28T10:35:32.034+0000] {dag.py:3033} INFO - Sync 1 DAGs
[2025-04-28T10:35:32.077+0000] {logging_mixin.py:188} INFO - [2025-04-28T10:35:32.077+0000] {dag.py:3820} INFO - Setting next_dagrun for example_sla_dag to 2025-04-28T10:32:00+00:00, run_after=2025-04-28T10:34:00+00:00
[2025-04-28T10:35:32.110+0000] {processor.py:183} INFO - Processing /home/airflow/.local/lib/python3.8/site-packages/airflow/example_dags/example_sla_dag.py took 0.128 seconds
[2025-04-28T10:36:04.068+0000] {processor.py:161} INFO - Started process (PID=866) to work on /home/airflow/.local/lib/python3.8/site-packages/airflow/example_dags/example_sla_dag.py
[2025-04-28T10:36:04.069+0000] {processor.py:830} INFO - Processing file /home/airflow/.local/lib/python3.8/site-packages/airflow/example_dags/example_sla_dag.py for tasks to queue
[2025-04-28T10:36:04.073+0000] {logging_mixin.py:188} INFO - [2025-04-28T10:36:04.073+0000] {dagbag.py:538} INFO - Filling up the DagBag from /home/airflow/.local/lib/python3.8/site-packages/airflow/example_dags/example_sla_dag.py
[2025-04-28T10:36:04.088+0000] {processor.py:840} INFO - DAG(s) 'example_sla_dag' retrieved from /home/airflow/.local/lib/python3.8/site-packages/airflow/example_dags/example_sla_dag.py
[2025-04-28T10:36:04.119+0000] {logging_mixin.py:188} INFO - [2025-04-28T10:36:04.119+0000] {dag.py:3033} INFO - Sync 1 DAGs
[2025-04-28T10:36:04.163+0000] {logging_mixin.py:188} INFO - [2025-04-28T10:36:04.163+0000] {dag.py:3820} INFO - Setting next_dagrun for example_sla_dag to 2025-04-28T10:34:00+00:00, run_after=2025-04-28T10:36:00+00:00
[2025-04-28T10:36:04.192+0000] {processor.py:183} INFO - Processing /home/airflow/.local/lib/python3.8/site-packages/airflow/example_dags/example_sla_dag.py took 0.130 seconds
[2025-04-28T10:36:36.853+0000] {processor.py:161} INFO - Started process (PID=922) to work on /home/airflow/.local/lib/python3.8/site-packages/airflow/example_dags/example_sla_dag.py
[2025-04-28T10:36:36.854+0000] {processor.py:830} INFO - Processing file /home/airflow/.local/lib/python3.8/site-packages/airflow/example_dags/example_sla_dag.py for tasks to queue
[2025-04-28T10:36:36.858+0000] {logging_mixin.py:188} INFO - [2025-04-28T10:36:36.857+0000] {dagbag.py:538} INFO - Filling up the DagBag from /home/airflow/.local/lib/python3.8/site-packages/airflow/example_dags/example_sla_dag.py
[2025-04-28T10:36:36.877+0000] {processor.py:840} INFO - DAG(s) 'example_sla_dag' retrieved from /home/airflow/.local/lib/python3.8/site-packages/airflow/example_dags/example_sla_dag.py
[2025-04-28T10:36:36.910+0000] {logging_mixin.py:188} INFO - [2025-04-28T10:36:36.910+0000] {dag.py:3033} INFO - Sync 1 DAGs
[2025-04-28T10:36:36.952+0000] {logging_mixin.py:188} INFO - [2025-04-28T10:36:36.952+0000] {dag.py:3820} INFO - Setting next_dagrun for example_sla_dag to 2025-04-28T10:34:00+00:00, run_after=2025-04-28T10:36:00+00:00
[2025-04-28T10:36:36.985+0000] {processor.py:183} INFO - Processing /home/airflow/.local/lib/python3.8/site-packages/airflow/example_dags/example_sla_dag.py took 0.140 seconds
[2025-04-28T10:37:10.090+0000] {processor.py:161} INFO - Started process (PID=978) to work on /home/airflow/.local/lib/python3.8/site-packages/airflow/example_dags/example_sla_dag.py
[2025-04-28T10:37:10.091+0000] {processor.py:830} INFO - Processing file /home/airflow/.local/lib/python3.8/site-packages/airflow/example_dags/example_sla_dag.py for tasks to queue
[2025-04-28T10:37:10.095+0000] {logging_mixin.py:188} INFO - [2025-04-28T10:37:10.094+0000] {dagbag.py:538} INFO - Filling up the DagBag from /home/airflow/.local/lib/python3.8/site-packages/airflow/example_dags/example_sla_dag.py
[2025-04-28T10:37:10.116+0000] {processor.py:840} INFO - DAG(s) 'example_sla_dag' retrieved from /home/airflow/.local/lib/python3.8/site-packages/airflow/example_dags/example_sla_dag.py
[2025-04-28T10:37:10.163+0000] {logging_mixin.py:188} INFO - [2025-04-28T10:37:10.162+0000] {dag.py:3033} INFO - Sync 1 DAGs
[2025-04-28T10:37:10.222+0000] {logging_mixin.py:188} INFO - [2025-04-28T10:37:10.222+0000] {dag.py:3820} INFO - Setting next_dagrun for example_sla_dag to 2025-04-28T10:34:00+00:00, run_after=2025-04-28T10:36:00+00:00
[2025-04-28T10:37:10.257+0000] {processor.py:183} INFO - Processing /home/airflow/.local/lib/python3.8/site-packages/airflow/example_dags/example_sla_dag.py took 0.174 seconds
[2025-04-28T10:37:42.501+0000] {processor.py:161} INFO - Started process (PID=1035) to work on /home/airflow/.local/lib/python3.8/site-packages/airflow/example_dags/example_sla_dag.py
[2025-04-28T10:37:42.503+0000] {processor.py:830} INFO - Processing file /home/airflow/.local/lib/python3.8/site-packages/airflow/example_dags/example_sla_dag.py for tasks to queue
[2025-04-28T10:37:42.507+0000] {logging_mixin.py:188} INFO - [2025-04-28T10:37:42.506+0000] {dagbag.py:538} INFO - Filling up the DagBag from /home/airflow/.local/lib/python3.8/site-packages/airflow/example_dags/example_sla_dag.py
[2025-04-28T10:37:42.519+0000] {processor.py:840} INFO - DAG(s) 'example_sla_dag' retrieved from /home/airflow/.local/lib/python3.8/site-packages/airflow/example_dags/example_sla_dag.py
[2025-04-28T10:37:42.555+0000] {logging_mixin.py:188} INFO - [2025-04-28T10:37:42.555+0000] {dag.py:3033} INFO - Sync 1 DAGs
[2025-04-28T10:37:42.622+0000] {logging_mixin.py:188} INFO - [2025-04-28T10:37:42.622+0000] {dag.py:3820} INFO - Setting next_dagrun for example_sla_dag to 2025-04-28T10:34:00+00:00, run_after=2025-04-28T10:36:00+00:00
[2025-04-28T10:37:42.656+0000] {processor.py:183} INFO - Processing /home/airflow/.local/lib/python3.8/site-packages/airflow/example_dags/example_sla_dag.py took 0.160 seconds
[2025-04-28T10:38:15.439+0000] {processor.py:161} INFO - Started process (PID=1091) to work on /home/airflow/.local/lib/python3.8/site-packages/airflow/example_dags/example_sla_dag.py
[2025-04-28T10:38:15.440+0000] {processor.py:830} INFO - Processing file /home/airflow/.local/lib/python3.8/site-packages/airflow/example_dags/example_sla_dag.py for tasks to queue
[2025-04-28T10:38:15.444+0000] {logging_mixin.py:188} INFO - [2025-04-28T10:38:15.444+0000] {dagbag.py:538} INFO - Filling up the DagBag from /home/airflow/.local/lib/python3.8/site-packages/airflow/example_dags/example_sla_dag.py
[2025-04-28T10:38:15.457+0000] {processor.py:840} INFO - DAG(s) 'example_sla_dag' retrieved from /home/airflow/.local/lib/python3.8/site-packages/airflow/example_dags/example_sla_dag.py
[2025-04-28T10:38:15.487+0000] {logging_mixin.py:188} INFO - [2025-04-28T10:38:15.487+0000] {dag.py:3033} INFO - Sync 1 DAGs
[2025-04-28T10:38:15.530+0000] {logging_mixin.py:188} INFO - [2025-04-28T10:38:15.530+0000] {dag.py:3820} INFO - Setting next_dagrun for example_sla_dag to 2025-04-28T10:36:00+00:00, run_after=2025-04-28T10:38:00+00:00
[2025-04-28T10:38:15.569+0000] {processor.py:183} INFO - Processing /home/airflow/.local/lib/python3.8/site-packages/airflow/example_dags/example_sla_dag.py took 0.137 seconds
[2025-04-28T10:38:48.181+0000] {processor.py:161} INFO - Started process (PID=1147) to work on /home/airflow/.local/lib/python3.8/site-packages/airflow/example_dags/example_sla_dag.py
[2025-04-28T10:38:48.182+0000] {processor.py:830} INFO - Processing file /home/airflow/.local/lib/python3.8/site-packages/airflow/example_dags/example_sla_dag.py for tasks to queue
[2025-04-28T10:38:48.186+0000] {logging_mixin.py:188} INFO - [2025-04-28T10:38:48.186+0000] {dagbag.py:538} INFO - Filling up the DagBag from /home/airflow/.local/lib/python3.8/site-packages/airflow/example_dags/example_sla_dag.py
[2025-04-28T10:38:48.201+0000] {processor.py:840} INFO - DAG(s) 'example_sla_dag' retrieved from /home/airflow/.local/lib/python3.8/site-packages/airflow/example_dags/example_sla_dag.py
[2025-04-28T10:38:48.232+0000] {logging_mixin.py:188} INFO - [2025-04-28T10:38:48.231+0000] {dag.py:3033} INFO - Sync 1 DAGs
[2025-04-28T10:38:48.274+0000] {logging_mixin.py:188} INFO - [2025-04-28T10:38:48.273+0000] {dag.py:3820} INFO - Setting next_dagrun for example_sla_dag to 2025-04-28T10:36:00+00:00, run_after=2025-04-28T10:38:00+00:00
[2025-04-28T10:38:48.320+0000] {processor.py:183} INFO - Processing /home/airflow/.local/lib/python3.8/site-packages/airflow/example_dags/example_sla_dag.py took 0.143 seconds
[2025-04-28T10:39:21.770+0000] {processor.py:161} INFO - Started process (PID=1203) to work on /home/airflow/.local/lib/python3.8/site-packages/airflow/example_dags/example_sla_dag.py
[2025-04-28T10:39:21.772+0000] {processor.py:830} INFO - Processing file /home/airflow/.local/lib/python3.8/site-packages/airflow/example_dags/example_sla_dag.py for tasks to queue
[2025-04-28T10:39:21.777+0000] {logging_mixin.py:188} INFO - [2025-04-28T10:39:21.776+0000] {dagbag.py:538} INFO - Filling up the DagBag from /home/airflow/.local/lib/python3.8/site-packages/airflow/example_dags/example_sla_dag.py
[2025-04-28T10:39:21.794+0000] {processor.py:840} INFO - DAG(s) 'example_sla_dag' retrieved from /home/airflow/.local/lib/python3.8/site-packages/airflow/example_dags/example_sla_dag.py
[2025-04-28T10:39:21.831+0000] {logging_mixin.py:188} INFO - [2025-04-28T10:39:21.830+0000] {dag.py:3033} INFO - Sync 1 DAGs
[2025-04-28T10:39:21.884+0000] {logging_mixin.py:188} INFO - [2025-04-28T10:39:21.883+0000] {dag.py:3820} INFO - Setting next_dagrun for example_sla_dag to 2025-04-28T10:36:00+00:00, run_after=2025-04-28T10:38:00+00:00
[2025-04-28T10:39:21.925+0000] {processor.py:183} INFO - Processing /home/airflow/.local/lib/python3.8/site-packages/airflow/example_dags/example_sla_dag.py took 0.160 seconds
[2025-04-28T10:39:52.845+0000] {processor.py:161} INFO - Started process (PID=1261) to work on /home/airflow/.local/lib/python3.8/site-packages/airflow/example_dags/example_sla_dag.py
[2025-04-28T10:39:52.847+0000] {processor.py:830} INFO - Processing file /home/airflow/.local/lib/python3.8/site-packages/airflow/example_dags/example_sla_dag.py for tasks to queue
[2025-04-28T10:39:52.850+0000] {logging_mixin.py:188} INFO - [2025-04-28T10:39:52.850+0000] {dagbag.py:538} INFO - Filling up the DagBag from /home/airflow/.local/lib/python3.8/site-packages/airflow/example_dags/example_sla_dag.py
[2025-04-28T10:39:52.860+0000] {processor.py:840} INFO - DAG(s) 'example_sla_dag' retrieved from /home/airflow/.local/lib/python3.8/site-packages/airflow/example_dags/example_sla_dag.py
[2025-04-28T10:39:52.888+0000] {logging_mixin.py:188} INFO - [2025-04-28T10:39:52.888+0000] {dag.py:3033} INFO - Sync 1 DAGs
[2025-04-28T10:39:52.942+0000] {logging_mixin.py:188} INFO - [2025-04-28T10:39:52.941+0000] {dag.py:3820} INFO - Setting next_dagrun for example_sla_dag to 2025-04-28T10:36:00+00:00, run_after=2025-04-28T10:38:00+00:00
[2025-04-28T10:39:52.977+0000] {processor.py:183} INFO - Processing /home/airflow/.local/lib/python3.8/site-packages/airflow/example_dags/example_sla_dag.py took 0.137 seconds
[2025-04-28T10:40:25.871+0000] {processor.py:161} INFO - Started process (PID=1316) to work on /home/airflow/.local/lib/python3.8/site-packages/airflow/example_dags/example_sla_dag.py
[2025-04-28T10:40:25.872+0000] {processor.py:830} INFO - Processing file /home/airflow/.local/lib/python3.8/site-packages/airflow/example_dags/example_sla_dag.py for tasks to queue
[2025-04-28T10:40:25.876+0000] {logging_mixin.py:188} INFO - [2025-04-28T10:40:25.876+0000] {dagbag.py:538} INFO - Filling up the DagBag from /home/airflow/.local/lib/python3.8/site-packages/airflow/example_dags/example_sla_dag.py
[2025-04-28T10:40:25.887+0000] {processor.py:840} INFO - DAG(s) 'example_sla_dag' retrieved from /home/airflow/.local/lib/python3.8/site-packages/airflow/example_dags/example_sla_dag.py
[2025-04-28T10:40:25.914+0000] {logging_mixin.py:188} INFO - [2025-04-28T10:40:25.914+0000] {dag.py:3033} INFO - Sync 1 DAGs
[2025-04-28T10:40:25.951+0000] {logging_mixin.py:188} INFO - [2025-04-28T10:40:25.951+0000] {dag.py:3820} INFO - Setting next_dagrun for example_sla_dag to 2025-04-28T10:38:00+00:00, run_after=2025-04-28T10:40:00+00:00
[2025-04-28T10:40:25.983+0000] {processor.py:183} INFO - Processing /home/airflow/.local/lib/python3.8/site-packages/airflow/example_dags/example_sla_dag.py took 0.116 seconds
[2025-04-28T10:40:58.943+0000] {processor.py:161} INFO - Started process (PID=1372) to work on /home/airflow/.local/lib/python3.8/site-packages/airflow/example_dags/example_sla_dag.py
[2025-04-28T10:40:58.948+0000] {processor.py:830} INFO - Processing file /home/airflow/.local/lib/python3.8/site-packages/airflow/example_dags/example_sla_dag.py for tasks to queue
[2025-04-28T10:40:58.960+0000] {logging_mixin.py:188} INFO - [2025-04-28T10:40:58.959+0000] {dagbag.py:538} INFO - Filling up the DagBag from /home/airflow/.local/lib/python3.8/site-packages/airflow/example_dags/example_sla_dag.py
[2025-04-28T10:40:58.983+0000] {processor.py:840} INFO - DAG(s) 'example_sla_dag' retrieved from /home/airflow/.local/lib/python3.8/site-packages/airflow/example_dags/example_sla_dag.py
[2025-04-28T10:40:59.023+0000] {logging_mixin.py:188} INFO - [2025-04-28T10:40:59.022+0000] {dag.py:3033} INFO - Sync 1 DAGs
[2025-04-28T10:40:59.079+0000] {logging_mixin.py:188} INFO - [2025-04-28T10:40:59.079+0000] {dag.py:3820} INFO - Setting next_dagrun for example_sla_dag to 2025-04-28T10:38:00+00:00, run_after=2025-04-28T10:40:00+00:00
[2025-04-28T10:40:59.106+0000] {processor.py:183} INFO - Processing /home/airflow/.local/lib/python3.8/site-packages/airflow/example_dags/example_sla_dag.py took 0.169 seconds
[2025-04-28T10:43:28.346+0000] {processor.py:161} INFO - Started process (PID=83) to work on /home/airflow/.local/lib/python3.8/site-packages/airflow/example_dags/example_sla_dag.py
[2025-04-28T10:43:28.348+0000] {processor.py:830} INFO - Processing file /home/airflow/.local/lib/python3.8/site-packages/airflow/example_dags/example_sla_dag.py for tasks to queue
[2025-04-28T10:43:28.352+0000] {logging_mixin.py:188} INFO - [2025-04-28T10:43:28.351+0000] {dagbag.py:538} INFO - Filling up the DagBag from /home/airflow/.local/lib/python3.8/site-packages/airflow/example_dags/example_sla_dag.py
[2025-04-28T10:43:28.370+0000] {processor.py:840} INFO - DAG(s) 'example_sla_dag' retrieved from /home/airflow/.local/lib/python3.8/site-packages/airflow/example_dags/example_sla_dag.py
[2025-04-28T10:43:28.805+0000] {logging_mixin.py:188} INFO - [2025-04-28T10:43:28.805+0000] {dag.py:3033} INFO - Sync 1 DAGs
[2025-04-28T10:43:28.862+0000] {logging_mixin.py:188} INFO - [2025-04-28T10:43:28.861+0000] {dag.py:3820} INFO - Setting next_dagrun for example_sla_dag to 2025-04-28T10:40:00+00:00, run_after=2025-04-28T10:42:00+00:00
[2025-04-28T10:43:28.943+0000] {processor.py:183} INFO - Processing /home/airflow/.local/lib/python3.8/site-packages/airflow/example_dags/example_sla_dag.py took 0.601 seconds
[2025-04-28T10:43:59.448+0000] {processor.py:161} INFO - Started process (PID=139) to work on /home/airflow/.local/lib/python3.8/site-packages/airflow/example_dags/example_sla_dag.py
[2025-04-28T10:43:59.449+0000] {processor.py:830} INFO - Processing file /home/airflow/.local/lib/python3.8/site-packages/airflow/example_dags/example_sla_dag.py for tasks to queue
[2025-04-28T10:43:59.452+0000] {logging_mixin.py:188} INFO - [2025-04-28T10:43:59.452+0000] {dagbag.py:538} INFO - Filling up the DagBag from /home/airflow/.local/lib/python3.8/site-packages/airflow/example_dags/example_sla_dag.py
[2025-04-28T10:43:59.462+0000] {processor.py:840} INFO - DAG(s) 'example_sla_dag' retrieved from /home/airflow/.local/lib/python3.8/site-packages/airflow/example_dags/example_sla_dag.py
[2025-04-28T10:43:59.486+0000] {logging_mixin.py:188} INFO - [2025-04-28T10:43:59.486+0000] {dag.py:3033} INFO - Sync 1 DAGs
[2025-04-28T10:43:59.518+0000] {logging_mixin.py:188} INFO - [2025-04-28T10:43:59.518+0000] {dag.py:3820} INFO - Setting next_dagrun for example_sla_dag to 2025-04-28T10:40:00+00:00, run_after=2025-04-28T10:42:00+00:00
[2025-04-28T10:43:59.542+0000] {processor.py:183} INFO - Processing /home/airflow/.local/lib/python3.8/site-packages/airflow/example_dags/example_sla_dag.py took 0.098 seconds
[2025-04-28T10:44:30.145+0000] {processor.py:161} INFO - Started process (PID=195) to work on /home/airflow/.local/lib/python3.8/site-packages/airflow/example_dags/example_sla_dag.py
[2025-04-28T10:44:30.146+0000] {processor.py:830} INFO - Processing file /home/airflow/.local/lib/python3.8/site-packages/airflow/example_dags/example_sla_dag.py for tasks to queue
[2025-04-28T10:44:30.149+0000] {logging_mixin.py:188} INFO - [2025-04-28T10:44:30.149+0000] {dagbag.py:538} INFO - Filling up the DagBag from /home/airflow/.local/lib/python3.8/site-packages/airflow/example_dags/example_sla_dag.py
[2025-04-28T10:44:30.161+0000] {processor.py:840} INFO - DAG(s) 'example_sla_dag' retrieved from /home/airflow/.local/lib/python3.8/site-packages/airflow/example_dags/example_sla_dag.py
[2025-04-28T10:44:30.185+0000] {logging_mixin.py:188} INFO - [2025-04-28T10:44:30.184+0000] {dag.py:3033} INFO - Sync 1 DAGs
[2025-04-28T10:44:30.216+0000] {logging_mixin.py:188} INFO - [2025-04-28T10:44:30.216+0000] {dag.py:3820} INFO - Setting next_dagrun for example_sla_dag to 2025-04-28T10:42:00+00:00, run_after=2025-04-28T10:44:00+00:00
[2025-04-28T10:44:30.250+0000] {processor.py:183} INFO - Processing /home/airflow/.local/lib/python3.8/site-packages/airflow/example_dags/example_sla_dag.py took 0.111 seconds
[2025-04-28T10:45:00.299+0000] {processor.py:161} INFO - Started process (PID=250) to work on /home/airflow/.local/lib/python3.8/site-packages/airflow/example_dags/example_sla_dag.py
[2025-04-28T10:45:00.301+0000] {processor.py:830} INFO - Processing file /home/airflow/.local/lib/python3.8/site-packages/airflow/example_dags/example_sla_dag.py for tasks to queue
[2025-04-28T10:45:00.305+0000] {logging_mixin.py:188} INFO - [2025-04-28T10:45:00.305+0000] {dagbag.py:538} INFO - Filling up the DagBag from /home/airflow/.local/lib/python3.8/site-packages/airflow/example_dags/example_sla_dag.py
[2025-04-28T10:45:00.320+0000] {processor.py:840} INFO - DAG(s) 'example_sla_dag' retrieved from /home/airflow/.local/lib/python3.8/site-packages/airflow/example_dags/example_sla_dag.py
[2025-04-28T10:45:00.353+0000] {logging_mixin.py:188} INFO - [2025-04-28T10:45:00.352+0000] {dag.py:3033} INFO - Sync 1 DAGs
[2025-04-28T10:45:00.393+0000] {logging_mixin.py:188} INFO - [2025-04-28T10:45:00.392+0000] {dag.py:3820} INFO - Setting next_dagrun for example_sla_dag to 2025-04-28T10:42:00+00:00, run_after=2025-04-28T10:44:00+00:00
[2025-04-28T10:45:00.419+0000] {processor.py:183} INFO - Processing /home/airflow/.local/lib/python3.8/site-packages/airflow/example_dags/example_sla_dag.py took 0.125 seconds
[2025-04-28T10:45:30.775+0000] {processor.py:161} INFO - Started process (PID=306) to work on /home/airflow/.local/lib/python3.8/site-packages/airflow/example_dags/example_sla_dag.py
[2025-04-28T10:45:30.777+0000] {processor.py:830} INFO - Processing file /home/airflow/.local/lib/python3.8/site-packages/airflow/example_dags/example_sla_dag.py for tasks to queue
[2025-04-28T10:45:30.781+0000] {logging_mixin.py:188} INFO - [2025-04-28T10:45:30.780+0000] {dagbag.py:538} INFO - Filling up the DagBag from /home/airflow/.local/lib/python3.8/site-packages/airflow/example_dags/example_sla_dag.py
[2025-04-28T10:45:30.797+0000] {processor.py:840} INFO - DAG(s) 'example_sla_dag' retrieved from /home/airflow/.local/lib/python3.8/site-packages/airflow/example_dags/example_sla_dag.py
[2025-04-28T10:45:30.833+0000] {logging_mixin.py:188} INFO - [2025-04-28T10:45:30.833+0000] {dag.py:3033} INFO - Sync 1 DAGs
[2025-04-28T10:45:30.888+0000] {logging_mixin.py:188} INFO - [2025-04-28T10:45:30.888+0000] {dag.py:3820} INFO - Setting next_dagrun for example_sla_dag to 2025-04-28T10:42:00+00:00, run_after=2025-04-28T10:44:00+00:00
[2025-04-28T10:45:30.921+0000] {processor.py:183} INFO - Processing /home/airflow/.local/lib/python3.8/site-packages/airflow/example_dags/example_sla_dag.py took 0.151 seconds
[2025-04-28T10:46:01.067+0000] {processor.py:161} INFO - Started process (PID=362) to work on /home/airflow/.local/lib/python3.8/site-packages/airflow/example_dags/example_sla_dag.py
[2025-04-28T10:46:01.068+0000] {processor.py:830} INFO - Processing file /home/airflow/.local/lib/python3.8/site-packages/airflow/example_dags/example_sla_dag.py for tasks to queue
[2025-04-28T10:46:01.074+0000] {logging_mixin.py:188} INFO - [2025-04-28T10:46:01.073+0000] {dagbag.py:538} INFO - Filling up the DagBag from /home/airflow/.local/lib/python3.8/site-packages/airflow/example_dags/example_sla_dag.py
[2025-04-28T10:46:01.084+0000] {processor.py:840} INFO - DAG(s) 'example_sla_dag' retrieved from /home/airflow/.local/lib/python3.8/site-packages/airflow/example_dags/example_sla_dag.py
[2025-04-28T10:46:01.114+0000] {logging_mixin.py:188} INFO - [2025-04-28T10:46:01.113+0000] {dag.py:3033} INFO - Sync 1 DAGs
[2025-04-28T10:46:01.159+0000] {logging_mixin.py:188} INFO - [2025-04-28T10:46:01.158+0000] {dag.py:3820} INFO - Setting next_dagrun for example_sla_dag to 2025-04-28T10:44:00+00:00, run_after=2025-04-28T10:46:00+00:00
[2025-04-28T10:46:01.200+0000] {processor.py:183} INFO - Processing /home/airflow/.local/lib/python3.8/site-packages/airflow/example_dags/example_sla_dag.py took 0.137 seconds
[2025-04-28T10:46:31.387+0000] {processor.py:161} INFO - Started process (PID=418) to work on /home/airflow/.local/lib/python3.8/site-packages/airflow/example_dags/example_sla_dag.py
[2025-04-28T10:46:31.388+0000] {processor.py:830} INFO - Processing file /home/airflow/.local/lib/python3.8/site-packages/airflow/example_dags/example_sla_dag.py for tasks to queue
[2025-04-28T10:46:31.392+0000] {logging_mixin.py:188} INFO - [2025-04-28T10:46:31.391+0000] {dagbag.py:538} INFO - Filling up the DagBag from /home/airflow/.local/lib/python3.8/site-packages/airflow/example_dags/example_sla_dag.py
[2025-04-28T10:46:31.410+0000] {processor.py:840} INFO - DAG(s) 'example_sla_dag' retrieved from /home/airflow/.local/lib/python3.8/site-packages/airflow/example_dags/example_sla_dag.py
[2025-04-28T10:46:31.438+0000] {logging_mixin.py:188} INFO - [2025-04-28T10:46:31.438+0000] {dag.py:3033} INFO - Sync 1 DAGs
[2025-04-28T10:46:31.473+0000] {logging_mixin.py:188} INFO - [2025-04-28T10:46:31.473+0000] {dag.py:3820} INFO - Setting next_dagrun for example_sla_dag to 2025-04-28T10:44:00+00:00, run_after=2025-04-28T10:46:00+00:00
[2025-04-28T10:46:31.515+0000] {processor.py:183} INFO - Processing /home/airflow/.local/lib/python3.8/site-packages/airflow/example_dags/example_sla_dag.py took 0.134 seconds
[2025-04-28T10:47:01.615+0000] {processor.py:161} INFO - Started process (PID=468) to work on /home/airflow/.local/lib/python3.8/site-packages/airflow/example_dags/example_sla_dag.py
[2025-04-28T10:47:01.617+0000] {processor.py:830} INFO - Processing file /home/airflow/.local/lib/python3.8/site-packages/airflow/example_dags/example_sla_dag.py for tasks to queue
[2025-04-28T10:47:01.620+0000] {logging_mixin.py:188} INFO - [2025-04-28T10:47:01.619+0000] {dagbag.py:538} INFO - Filling up the DagBag from /home/airflow/.local/lib/python3.8/site-packages/airflow/example_dags/example_sla_dag.py
[2025-04-28T10:47:01.635+0000] {processor.py:840} INFO - DAG(s) 'example_sla_dag' retrieved from /home/airflow/.local/lib/python3.8/site-packages/airflow/example_dags/example_sla_dag.py
[2025-04-28T10:47:01.663+0000] {logging_mixin.py:188} INFO - [2025-04-28T10:47:01.662+0000] {dag.py:3033} INFO - Sync 1 DAGs
[2025-04-28T10:47:01.704+0000] {logging_mixin.py:188} INFO - [2025-04-28T10:47:01.704+0000] {dag.py:3820} INFO - Setting next_dagrun for example_sla_dag to 2025-04-28T10:44:00+00:00, run_after=2025-04-28T10:46:00+00:00
[2025-04-28T10:47:01.734+0000] {processor.py:183} INFO - Processing /home/airflow/.local/lib/python3.8/site-packages/airflow/example_dags/example_sla_dag.py took 0.122 seconds
[2025-04-28T10:47:32.153+0000] {processor.py:161} INFO - Started process (PID=524) to work on /home/airflow/.local/lib/python3.8/site-packages/airflow/example_dags/example_sla_dag.py
[2025-04-28T10:47:32.154+0000] {processor.py:830} INFO - Processing file /home/airflow/.local/lib/python3.8/site-packages/airflow/example_dags/example_sla_dag.py for tasks to queue
[2025-04-28T10:47:32.158+0000] {logging_mixin.py:188} INFO - [2025-04-28T10:47:32.158+0000] {dagbag.py:538} INFO - Filling up the DagBag from /home/airflow/.local/lib/python3.8/site-packages/airflow/example_dags/example_sla_dag.py
[2025-04-28T10:47:32.174+0000] {processor.py:840} INFO - DAG(s) 'example_sla_dag' retrieved from /home/airflow/.local/lib/python3.8/site-packages/airflow/example_dags/example_sla_dag.py
[2025-04-28T10:47:32.211+0000] {logging_mixin.py:188} INFO - [2025-04-28T10:47:32.211+0000] {dag.py:3033} INFO - Sync 1 DAGs
[2025-04-28T10:47:32.267+0000] {logging_mixin.py:188} INFO - [2025-04-28T10:47:32.267+0000] {dag.py:3820} INFO - Setting next_dagrun for example_sla_dag to 2025-04-28T10:44:00+00:00, run_after=2025-04-28T10:46:00+00:00
[2025-04-28T10:47:32.311+0000] {processor.py:183} INFO - Processing /home/airflow/.local/lib/python3.8/site-packages/airflow/example_dags/example_sla_dag.py took 0.165 seconds
[2025-04-28T10:48:10.701+0000] {processor.py:161} INFO - Started process (PID=581) to work on /home/airflow/.local/lib/python3.8/site-packages/airflow/example_dags/example_sla_dag.py
[2025-04-28T10:48:10.702+0000] {processor.py:830} INFO - Processing file /home/airflow/.local/lib/python3.8/site-packages/airflow/example_dags/example_sla_dag.py for tasks to queue
[2025-04-28T10:48:10.706+0000] {logging_mixin.py:188} INFO - [2025-04-28T10:48:10.705+0000] {dagbag.py:538} INFO - Filling up the DagBag from /home/airflow/.local/lib/python3.8/site-packages/airflow/example_dags/example_sla_dag.py
[2025-04-28T10:48:10.737+0000] {processor.py:840} INFO - DAG(s) 'example_sla_dag' retrieved from /home/airflow/.local/lib/python3.8/site-packages/airflow/example_dags/example_sla_dag.py
[2025-04-28T10:48:10.779+0000] {logging_mixin.py:188} INFO - [2025-04-28T10:48:10.778+0000] {dag.py:3033} INFO - Sync 1 DAGs
[2025-04-28T10:48:10.832+0000] {logging_mixin.py:188} INFO - [2025-04-28T10:48:10.831+0000] {dag.py:3820} INFO - Setting next_dagrun for example_sla_dag to 2025-04-28T10:46:00+00:00, run_after=2025-04-28T10:48:00+00:00
[2025-04-28T10:48:10.869+0000] {processor.py:183} INFO - Processing /home/airflow/.local/lib/python3.8/site-packages/airflow/example_dags/example_sla_dag.py took 0.175 seconds
[2025-04-28T10:48:41.939+0000] {processor.py:161} INFO - Started process (PID=637) to work on /home/airflow/.local/lib/python3.8/site-packages/airflow/example_dags/example_sla_dag.py
[2025-04-28T10:48:41.940+0000] {processor.py:830} INFO - Processing file /home/airflow/.local/lib/python3.8/site-packages/airflow/example_dags/example_sla_dag.py for tasks to queue
[2025-04-28T10:48:41.944+0000] {logging_mixin.py:188} INFO - [2025-04-28T10:48:41.943+0000] {dagbag.py:538} INFO - Filling up the DagBag from /home/airflow/.local/lib/python3.8/site-packages/airflow/example_dags/example_sla_dag.py
[2025-04-28T10:48:41.955+0000] {processor.py:840} INFO - DAG(s) 'example_sla_dag' retrieved from /home/airflow/.local/lib/python3.8/site-packages/airflow/example_dags/example_sla_dag.py
[2025-04-28T10:48:41.981+0000] {logging_mixin.py:188} INFO - [2025-04-28T10:48:41.981+0000] {dag.py:3033} INFO - Sync 1 DAGs
[2025-04-28T10:48:42.023+0000] {logging_mixin.py:188} INFO - [2025-04-28T10:48:42.023+0000] {dag.py:3820} INFO - Setting next_dagrun for example_sla_dag to 2025-04-28T10:46:00+00:00, run_after=2025-04-28T10:48:00+00:00
[2025-04-28T10:48:42.050+0000] {processor.py:183} INFO - Processing /home/airflow/.local/lib/python3.8/site-packages/airflow/example_dags/example_sla_dag.py took 0.117 seconds
[2025-04-28T10:49:12.122+0000] {processor.py:161} INFO - Started process (PID=694) to work on /home/airflow/.local/lib/python3.8/site-packages/airflow/example_dags/example_sla_dag.py
[2025-04-28T10:49:12.123+0000] {processor.py:830} INFO - Processing file /home/airflow/.local/lib/python3.8/site-packages/airflow/example_dags/example_sla_dag.py for tasks to queue
[2025-04-28T10:49:12.127+0000] {logging_mixin.py:188} INFO - [2025-04-28T10:49:12.127+0000] {dagbag.py:538} INFO - Filling up the DagBag from /home/airflow/.local/lib/python3.8/site-packages/airflow/example_dags/example_sla_dag.py
[2025-04-28T10:49:12.141+0000] {processor.py:840} INFO - DAG(s) 'example_sla_dag' retrieved from /home/airflow/.local/lib/python3.8/site-packages/airflow/example_dags/example_sla_dag.py
[2025-04-28T10:49:12.169+0000] {logging_mixin.py:188} INFO - [2025-04-28T10:49:12.169+0000] {dag.py:3033} INFO - Sync 1 DAGs
[2025-04-28T10:49:12.207+0000] {logging_mixin.py:188} INFO - [2025-04-28T10:49:12.207+0000] {dag.py:3820} INFO - Setting next_dagrun for example_sla_dag to 2025-04-28T10:46:00+00:00, run_after=2025-04-28T10:48:00+00:00
[2025-04-28T10:49:12.237+0000] {processor.py:183} INFO - Processing /home/airflow/.local/lib/python3.8/site-packages/airflow/example_dags/example_sla_dag.py took 0.119 seconds
[2025-04-28T10:49:42.631+0000] {processor.py:161} INFO - Started process (PID=749) to work on /home/airflow/.local/lib/python3.8/site-packages/airflow/example_dags/example_sla_dag.py
[2025-04-28T10:49:42.632+0000] {processor.py:830} INFO - Processing file /home/airflow/.local/lib/python3.8/site-packages/airflow/example_dags/example_sla_dag.py for tasks to queue
[2025-04-28T10:49:42.635+0000] {logging_mixin.py:188} INFO - [2025-04-28T10:49:42.635+0000] {dagbag.py:538} INFO - Filling up the DagBag from /home/airflow/.local/lib/python3.8/site-packages/airflow/example_dags/example_sla_dag.py
[2025-04-28T10:49:42.646+0000] {processor.py:840} INFO - DAG(s) 'example_sla_dag' retrieved from /home/airflow/.local/lib/python3.8/site-packages/airflow/example_dags/example_sla_dag.py
[2025-04-28T10:49:42.673+0000] {logging_mixin.py:188} INFO - [2025-04-28T10:49:42.673+0000] {dag.py:3033} INFO - Sync 1 DAGs
[2025-04-28T10:49:42.705+0000] {logging_mixin.py:188} INFO - [2025-04-28T10:49:42.705+0000] {dag.py:3820} INFO - Setting next_dagrun for example_sla_dag to 2025-04-28T10:46:00+00:00, run_after=2025-04-28T10:48:00+00:00
[2025-04-28T10:49:42.732+0000] {processor.py:183} INFO - Processing /home/airflow/.local/lib/python3.8/site-packages/airflow/example_dags/example_sla_dag.py took 0.106 seconds
[2025-04-28T10:50:12.854+0000] {processor.py:161} INFO - Started process (PID=805) to work on /home/airflow/.local/lib/python3.8/site-packages/airflow/example_dags/example_sla_dag.py
[2025-04-28T10:50:12.856+0000] {processor.py:830} INFO - Processing file /home/airflow/.local/lib/python3.8/site-packages/airflow/example_dags/example_sla_dag.py for tasks to queue
[2025-04-28T10:50:12.860+0000] {logging_mixin.py:188} INFO - [2025-04-28T10:50:12.860+0000] {dagbag.py:538} INFO - Filling up the DagBag from /home/airflow/.local/lib/python3.8/site-packages/airflow/example_dags/example_sla_dag.py
[2025-04-28T10:50:12.877+0000] {processor.py:840} INFO - DAG(s) 'example_sla_dag' retrieved from /home/airflow/.local/lib/python3.8/site-packages/airflow/example_dags/example_sla_dag.py
[2025-04-28T10:50:12.910+0000] {logging_mixin.py:188} INFO - [2025-04-28T10:50:12.910+0000] {dag.py:3033} INFO - Sync 1 DAGs
[2025-04-28T10:50:12.953+0000] {logging_mixin.py:188} INFO - [2025-04-28T10:50:12.953+0000] {dag.py:3820} INFO - Setting next_dagrun for example_sla_dag to 2025-04-28T10:48:00+00:00, run_after=2025-04-28T10:50:00+00:00
[2025-04-28T10:50:12.987+0000] {processor.py:183} INFO - Processing /home/airflow/.local/lib/python3.8/site-packages/airflow/example_dags/example_sla_dag.py took 0.139 seconds
[2025-04-28T10:50:43.272+0000] {processor.py:161} INFO - Started process (PID=861) to work on /home/airflow/.local/lib/python3.8/site-packages/airflow/example_dags/example_sla_dag.py
[2025-04-28T10:50:43.274+0000] {processor.py:830} INFO - Processing file /home/airflow/.local/lib/python3.8/site-packages/airflow/example_dags/example_sla_dag.py for tasks to queue
[2025-04-28T10:50:43.277+0000] {logging_mixin.py:188} INFO - [2025-04-28T10:50:43.277+0000] {dagbag.py:538} INFO - Filling up the DagBag from /home/airflow/.local/lib/python3.8/site-packages/airflow/example_dags/example_sla_dag.py
[2025-04-28T10:50:43.288+0000] {processor.py:840} INFO - DAG(s) 'example_sla_dag' retrieved from /home/airflow/.local/lib/python3.8/site-packages/airflow/example_dags/example_sla_dag.py
[2025-04-28T10:50:43.316+0000] {logging_mixin.py:188} INFO - [2025-04-28T10:50:43.316+0000] {dag.py:3033} INFO - Sync 1 DAGs
[2025-04-28T10:50:43.382+0000] {logging_mixin.py:188} INFO - [2025-04-28T10:50:43.381+0000] {dag.py:3820} INFO - Setting next_dagrun for example_sla_dag to 2025-04-28T10:48:00+00:00, run_after=2025-04-28T10:50:00+00:00
[2025-04-28T10:50:43.440+0000] {processor.py:183} INFO - Processing /home/airflow/.local/lib/python3.8/site-packages/airflow/example_dags/example_sla_dag.py took 0.172 seconds
[2025-04-28T10:51:13.804+0000] {processor.py:161} INFO - Started process (PID=917) to work on /home/airflow/.local/lib/python3.8/site-packages/airflow/example_dags/example_sla_dag.py
[2025-04-28T10:51:13.805+0000] {processor.py:830} INFO - Processing file /home/airflow/.local/lib/python3.8/site-packages/airflow/example_dags/example_sla_dag.py for tasks to queue
[2025-04-28T10:51:13.808+0000] {logging_mixin.py:188} INFO - [2025-04-28T10:51:13.808+0000] {dagbag.py:538} INFO - Filling up the DagBag from /home/airflow/.local/lib/python3.8/site-packages/airflow/example_dags/example_sla_dag.py
[2025-04-28T10:51:13.823+0000] {processor.py:840} INFO - DAG(s) 'example_sla_dag' retrieved from /home/airflow/.local/lib/python3.8/site-packages/airflow/example_dags/example_sla_dag.py
[2025-04-28T10:51:13.848+0000] {logging_mixin.py:188} INFO - [2025-04-28T10:51:13.848+0000] {dag.py:3033} INFO - Sync 1 DAGs
[2025-04-28T10:51:13.892+0000] {logging_mixin.py:188} INFO - [2025-04-28T10:51:13.892+0000] {dag.py:3820} INFO - Setting next_dagrun for example_sla_dag to 2025-04-28T10:48:00+00:00, run_after=2025-04-28T10:50:00+00:00
[2025-04-28T10:51:13.923+0000] {processor.py:183} INFO - Processing /home/airflow/.local/lib/python3.8/site-packages/airflow/example_dags/example_sla_dag.py took 0.125 seconds
[2025-04-28T10:51:44.367+0000] {processor.py:161} INFO - Started process (PID=973) to work on /home/airflow/.local/lib/python3.8/site-packages/airflow/example_dags/example_sla_dag.py
[2025-04-28T10:51:44.369+0000] {processor.py:830} INFO - Processing file /home/airflow/.local/lib/python3.8/site-packages/airflow/example_dags/example_sla_dag.py for tasks to queue
[2025-04-28T10:51:44.373+0000] {logging_mixin.py:188} INFO - [2025-04-28T10:51:44.373+0000] {dagbag.py:538} INFO - Filling up the DagBag from /home/airflow/.local/lib/python3.8/site-packages/airflow/example_dags/example_sla_dag.py
[2025-04-28T10:51:44.387+0000] {processor.py:840} INFO - DAG(s) 'example_sla_dag' retrieved from /home/airflow/.local/lib/python3.8/site-packages/airflow/example_dags/example_sla_dag.py
[2025-04-28T10:51:44.416+0000] {logging_mixin.py:188} INFO - [2025-04-28T10:51:44.416+0000] {dag.py:3033} INFO - Sync 1 DAGs
[2025-04-28T10:51:44.462+0000] {logging_mixin.py:188} INFO - [2025-04-28T10:51:44.462+0000] {dag.py:3820} INFO - Setting next_dagrun for example_sla_dag to 2025-04-28T10:48:00+00:00, run_after=2025-04-28T10:50:00+00:00
[2025-04-28T10:51:44.509+0000] {processor.py:183} INFO - Processing /home/airflow/.local/lib/python3.8/site-packages/airflow/example_dags/example_sla_dag.py took 0.146 seconds
[2025-04-28T10:52:15.330+0000] {processor.py:161} INFO - Started process (PID=1029) to work on /home/airflow/.local/lib/python3.8/site-packages/airflow/example_dags/example_sla_dag.py
[2025-04-28T10:52:15.332+0000] {processor.py:830} INFO - Processing file /home/airflow/.local/lib/python3.8/site-packages/airflow/example_dags/example_sla_dag.py for tasks to queue
[2025-04-28T10:52:15.340+0000] {logging_mixin.py:188} INFO - [2025-04-28T10:52:15.340+0000] {dagbag.py:538} INFO - Filling up the DagBag from /home/airflow/.local/lib/python3.8/site-packages/airflow/example_dags/example_sla_dag.py
[2025-04-28T10:52:15.360+0000] {processor.py:840} INFO - DAG(s) 'example_sla_dag' retrieved from /home/airflow/.local/lib/python3.8/site-packages/airflow/example_dags/example_sla_dag.py
[2025-04-28T10:52:15.400+0000] {logging_mixin.py:188} INFO - [2025-04-28T10:52:15.400+0000] {dag.py:3033} INFO - Sync 1 DAGs
[2025-04-28T10:52:15.461+0000] {logging_mixin.py:188} INFO - [2025-04-28T10:52:15.460+0000] {dag.py:3820} INFO - Setting next_dagrun for example_sla_dag to 2025-04-28T10:50:00+00:00, run_after=2025-04-28T10:52:00+00:00
[2025-04-28T10:52:15.496+0000] {processor.py:183} INFO - Processing /home/airflow/.local/lib/python3.8/site-packages/airflow/example_dags/example_sla_dag.py took 0.173 seconds
[2025-04-28T10:52:45.864+0000] {processor.py:161} INFO - Started process (PID=1086) to work on /home/airflow/.local/lib/python3.8/site-packages/airflow/example_dags/example_sla_dag.py
[2025-04-28T10:52:45.865+0000] {processor.py:830} INFO - Processing file /home/airflow/.local/lib/python3.8/site-packages/airflow/example_dags/example_sla_dag.py for tasks to queue
[2025-04-28T10:52:45.868+0000] {logging_mixin.py:188} INFO - [2025-04-28T10:52:45.868+0000] {dagbag.py:538} INFO - Filling up the DagBag from /home/airflow/.local/lib/python3.8/site-packages/airflow/example_dags/example_sla_dag.py
[2025-04-28T10:52:45.880+0000] {processor.py:840} INFO - DAG(s) 'example_sla_dag' retrieved from /home/airflow/.local/lib/python3.8/site-packages/airflow/example_dags/example_sla_dag.py
[2025-04-28T10:52:45.906+0000] {logging_mixin.py:188} INFO - [2025-04-28T10:52:45.905+0000] {dag.py:3033} INFO - Sync 1 DAGs
[2025-04-28T10:52:45.946+0000] {logging_mixin.py:188} INFO - [2025-04-28T10:52:45.946+0000] {dag.py:3820} INFO - Setting next_dagrun for example_sla_dag to 2025-04-28T10:50:00+00:00, run_after=2025-04-28T10:52:00+00:00
[2025-04-28T10:52:45.982+0000] {processor.py:183} INFO - Processing /home/airflow/.local/lib/python3.8/site-packages/airflow/example_dags/example_sla_dag.py took 0.122 seconds
[2025-04-28T10:53:16.737+0000] {processor.py:161} INFO - Started process (PID=1142) to work on /home/airflow/.local/lib/python3.8/site-packages/airflow/example_dags/example_sla_dag.py
[2025-04-28T10:53:16.738+0000] {processor.py:830} INFO - Processing file /home/airflow/.local/lib/python3.8/site-packages/airflow/example_dags/example_sla_dag.py for tasks to queue
[2025-04-28T10:53:16.741+0000] {logging_mixin.py:188} INFO - [2025-04-28T10:53:16.741+0000] {dagbag.py:538} INFO - Filling up the DagBag from /home/airflow/.local/lib/python3.8/site-packages/airflow/example_dags/example_sla_dag.py
[2025-04-28T10:53:16.751+0000] {processor.py:840} INFO - DAG(s) 'example_sla_dag' retrieved from /home/airflow/.local/lib/python3.8/site-packages/airflow/example_dags/example_sla_dag.py
[2025-04-28T10:53:16.781+0000] {logging_mixin.py:188} INFO - [2025-04-28T10:53:16.780+0000] {dag.py:3033} INFO - Sync 1 DAGs
[2025-04-28T10:53:16.814+0000] {logging_mixin.py:188} INFO - [2025-04-28T10:53:16.814+0000] {dag.py:3820} INFO - Setting next_dagrun for example_sla_dag to 2025-04-28T10:50:00+00:00, run_after=2025-04-28T10:52:00+00:00
[2025-04-28T10:53:16.837+0000] {processor.py:183} INFO - Processing /home/airflow/.local/lib/python3.8/site-packages/airflow/example_dags/example_sla_dag.py took 0.104 seconds
[2025-04-28T10:53:46.902+0000] {processor.py:161} INFO - Started process (PID=1199) to work on /home/airflow/.local/lib/python3.8/site-packages/airflow/example_dags/example_sla_dag.py
[2025-04-28T10:53:46.903+0000] {processor.py:830} INFO - Processing file /home/airflow/.local/lib/python3.8/site-packages/airflow/example_dags/example_sla_dag.py for tasks to queue
[2025-04-28T10:53:46.907+0000] {logging_mixin.py:188} INFO - [2025-04-28T10:53:46.907+0000] {dagbag.py:538} INFO - Filling up the DagBag from /home/airflow/.local/lib/python3.8/site-packages/airflow/example_dags/example_sla_dag.py
[2025-04-28T10:53:46.926+0000] {processor.py:840} INFO - DAG(s) 'example_sla_dag' retrieved from /home/airflow/.local/lib/python3.8/site-packages/airflow/example_dags/example_sla_dag.py
[2025-04-28T10:53:46.959+0000] {logging_mixin.py:188} INFO - [2025-04-28T10:53:46.958+0000] {dag.py:3033} INFO - Sync 1 DAGs
[2025-04-28T10:53:47.010+0000] {logging_mixin.py:188} INFO - [2025-04-28T10:53:47.010+0000] {dag.py:3820} INFO - Setting next_dagrun for example_sla_dag to 2025-04-28T10:50:00+00:00, run_after=2025-04-28T10:52:00+00:00
[2025-04-28T10:53:47.041+0000] {processor.py:183} INFO - Processing /home/airflow/.local/lib/python3.8/site-packages/airflow/example_dags/example_sla_dag.py took 0.145 seconds
[2025-04-28T10:54:17.162+0000] {processor.py:161} INFO - Started process (PID=1255) to work on /home/airflow/.local/lib/python3.8/site-packages/airflow/example_dags/example_sla_dag.py
[2025-04-28T10:54:17.163+0000] {processor.py:830} INFO - Processing file /home/airflow/.local/lib/python3.8/site-packages/airflow/example_dags/example_sla_dag.py for tasks to queue
[2025-04-28T10:54:17.167+0000] {logging_mixin.py:188} INFO - [2025-04-28T10:54:17.166+0000] {dagbag.py:538} INFO - Filling up the DagBag from /home/airflow/.local/lib/python3.8/site-packages/airflow/example_dags/example_sla_dag.py
[2025-04-28T10:54:17.183+0000] {processor.py:840} INFO - DAG(s) 'example_sla_dag' retrieved from /home/airflow/.local/lib/python3.8/site-packages/airflow/example_dags/example_sla_dag.py
[2025-04-28T10:54:17.219+0000] {logging_mixin.py:188} INFO - [2025-04-28T10:54:17.219+0000] {dag.py:3033} INFO - Sync 1 DAGs
[2025-04-28T10:54:17.263+0000] {logging_mixin.py:188} INFO - [2025-04-28T10:54:17.263+0000] {dag.py:3820} INFO - Setting next_dagrun for example_sla_dag to 2025-04-28T10:52:00+00:00, run_after=2025-04-28T10:54:00+00:00
[2025-04-28T10:54:17.299+0000] {processor.py:183} INFO - Processing /home/airflow/.local/lib/python3.8/site-packages/airflow/example_dags/example_sla_dag.py took 0.143 seconds
[2025-04-28T10:54:47.949+0000] {processor.py:161} INFO - Started process (PID=1311) to work on /home/airflow/.local/lib/python3.8/site-packages/airflow/example_dags/example_sla_dag.py
[2025-04-28T10:54:47.951+0000] {processor.py:830} INFO - Processing file /home/airflow/.local/lib/python3.8/site-packages/airflow/example_dags/example_sla_dag.py for tasks to queue
[2025-04-28T10:54:47.954+0000] {logging_mixin.py:188} INFO - [2025-04-28T10:54:47.954+0000] {dagbag.py:538} INFO - Filling up the DagBag from /home/airflow/.local/lib/python3.8/site-packages/airflow/example_dags/example_sla_dag.py
[2025-04-28T10:54:47.965+0000] {processor.py:840} INFO - DAG(s) 'example_sla_dag' retrieved from /home/airflow/.local/lib/python3.8/site-packages/airflow/example_dags/example_sla_dag.py
[2025-04-28T10:54:47.990+0000] {logging_mixin.py:188} INFO - [2025-04-28T10:54:47.990+0000] {dag.py:3033} INFO - Sync 1 DAGs
[2025-04-28T10:54:48.026+0000] {logging_mixin.py:188} INFO - [2025-04-28T10:54:48.026+0000] {dag.py:3820} INFO - Setting next_dagrun for example_sla_dag to 2025-04-28T10:52:00+00:00, run_after=2025-04-28T10:54:00+00:00
[2025-04-28T10:54:48.053+0000] {processor.py:183} INFO - Processing /home/airflow/.local/lib/python3.8/site-packages/airflow/example_dags/example_sla_dag.py took 0.108 seconds
[2025-04-28T10:55:18.422+0000] {processor.py:161} INFO - Started process (PID=1366) to work on /home/airflow/.local/lib/python3.8/site-packages/airflow/example_dags/example_sla_dag.py
[2025-04-28T10:55:18.424+0000] {processor.py:830} INFO - Processing file /home/airflow/.local/lib/python3.8/site-packages/airflow/example_dags/example_sla_dag.py for tasks to queue
[2025-04-28T10:55:18.429+0000] {logging_mixin.py:188} INFO - [2025-04-28T10:55:18.428+0000] {dagbag.py:538} INFO - Filling up the DagBag from /home/airflow/.local/lib/python3.8/site-packages/airflow/example_dags/example_sla_dag.py
[2025-04-28T10:55:18.443+0000] {processor.py:840} INFO - DAG(s) 'example_sla_dag' retrieved from /home/airflow/.local/lib/python3.8/site-packages/airflow/example_dags/example_sla_dag.py
[2025-04-28T10:55:18.472+0000] {logging_mixin.py:188} INFO - [2025-04-28T10:55:18.472+0000] {dag.py:3033} INFO - Sync 1 DAGs
[2025-04-28T10:55:18.523+0000] {logging_mixin.py:188} INFO - [2025-04-28T10:55:18.522+0000] {dag.py:3820} INFO - Setting next_dagrun for example_sla_dag to 2025-04-28T10:52:00+00:00, run_after=2025-04-28T10:54:00+00:00
[2025-04-28T10:55:18.564+0000] {processor.py:183} INFO - Processing /home/airflow/.local/lib/python3.8/site-packages/airflow/example_dags/example_sla_dag.py took 0.147 seconds
[2025-04-28T10:55:49.069+0000] {processor.py:161} INFO - Started process (PID=1416) to work on /home/airflow/.local/lib/python3.8/site-packages/airflow/example_dags/example_sla_dag.py
[2025-04-28T10:55:49.070+0000] {processor.py:830} INFO - Processing file /home/airflow/.local/lib/python3.8/site-packages/airflow/example_dags/example_sla_dag.py for tasks to queue
[2025-04-28T10:55:49.073+0000] {logging_mixin.py:188} INFO - [2025-04-28T10:55:49.072+0000] {dagbag.py:538} INFO - Filling up the DagBag from /home/airflow/.local/lib/python3.8/site-packages/airflow/example_dags/example_sla_dag.py
[2025-04-28T10:55:49.083+0000] {processor.py:840} INFO - DAG(s) 'example_sla_dag' retrieved from /home/airflow/.local/lib/python3.8/site-packages/airflow/example_dags/example_sla_dag.py
[2025-04-28T10:55:49.110+0000] {logging_mixin.py:188} INFO - [2025-04-28T10:55:49.110+0000] {dag.py:3033} INFO - Sync 1 DAGs
[2025-04-28T10:55:49.141+0000] {logging_mixin.py:188} INFO - [2025-04-28T10:55:49.141+0000] {dag.py:3820} INFO - Setting next_dagrun for example_sla_dag to 2025-04-28T10:52:00+00:00, run_after=2025-04-28T10:54:00+00:00
[2025-04-28T10:55:49.167+0000] {processor.py:183} INFO - Processing /home/airflow/.local/lib/python3.8/site-packages/airflow/example_dags/example_sla_dag.py took 0.103 seconds
[2025-04-28T10:56:19.848+0000] {processor.py:161} INFO - Started process (PID=1472) to work on /home/airflow/.local/lib/python3.8/site-packages/airflow/example_dags/example_sla_dag.py
[2025-04-28T10:56:19.849+0000] {processor.py:830} INFO - Processing file /home/airflow/.local/lib/python3.8/site-packages/airflow/example_dags/example_sla_dag.py for tasks to queue
[2025-04-28T10:56:19.853+0000] {logging_mixin.py:188} INFO - [2025-04-28T10:56:19.853+0000] {dagbag.py:538} INFO - Filling up the DagBag from /home/airflow/.local/lib/python3.8/site-packages/airflow/example_dags/example_sla_dag.py
[2025-04-28T10:56:19.871+0000] {processor.py:840} INFO - DAG(s) 'example_sla_dag' retrieved from /home/airflow/.local/lib/python3.8/site-packages/airflow/example_dags/example_sla_dag.py
[2025-04-28T10:56:19.905+0000] {logging_mixin.py:188} INFO - [2025-04-28T10:56:19.905+0000] {dag.py:3033} INFO - Sync 1 DAGs
[2025-04-28T10:56:19.964+0000] {logging_mixin.py:188} INFO - [2025-04-28T10:56:19.963+0000] {dag.py:3820} INFO - Setting next_dagrun for example_sla_dag to 2025-04-28T10:54:00+00:00, run_after=2025-04-28T10:56:00+00:00
[2025-04-28T10:56:19.994+0000] {processor.py:183} INFO - Processing /home/airflow/.local/lib/python3.8/site-packages/airflow/example_dags/example_sla_dag.py took 0.153 seconds
[2025-04-28T10:56:50.883+0000] {processor.py:161} INFO - Started process (PID=1518) to work on /home/airflow/.local/lib/python3.8/site-packages/airflow/example_dags/example_sla_dag.py
[2025-04-28T10:56:50.887+0000] {processor.py:830} INFO - Processing file /home/airflow/.local/lib/python3.8/site-packages/airflow/example_dags/example_sla_dag.py for tasks to queue
[2025-04-28T10:56:50.899+0000] {logging_mixin.py:188} INFO - [2025-04-28T10:56:50.898+0000] {dagbag.py:538} INFO - Filling up the DagBag from /home/airflow/.local/lib/python3.8/site-packages/airflow/example_dags/example_sla_dag.py
[2025-04-28T10:56:50.919+0000] {processor.py:840} INFO - DAG(s) 'example_sla_dag' retrieved from /home/airflow/.local/lib/python3.8/site-packages/airflow/example_dags/example_sla_dag.py
[2025-04-28T10:56:50.971+0000] {logging_mixin.py:188} INFO - [2025-04-28T10:56:50.968+0000] {dag.py:3033} INFO - Sync 1 DAGs
[2025-04-28T10:56:51.045+0000] {logging_mixin.py:188} INFO - [2025-04-28T10:56:51.044+0000] {dag.py:3820} INFO - Setting next_dagrun for example_sla_dag to 2025-04-28T10:54:00+00:00, run_after=2025-04-28T10:56:00+00:00
[2025-04-28T10:56:51.077+0000] {processor.py:183} INFO - Processing /home/airflow/.local/lib/python3.8/site-packages/airflow/example_dags/example_sla_dag.py took 0.201 seconds
[2025-04-28T10:59:42.395+0000] {processor.py:161} INFO - Started process (PID=83) to work on /home/airflow/.local/lib/python3.8/site-packages/airflow/example_dags/example_sla_dag.py
[2025-04-28T10:59:42.405+0000] {processor.py:830} INFO - Processing file /home/airflow/.local/lib/python3.8/site-packages/airflow/example_dags/example_sla_dag.py for tasks to queue
[2025-04-28T10:59:42.408+0000] {logging_mixin.py:188} INFO - [2025-04-28T10:59:42.408+0000] {dagbag.py:538} INFO - Filling up the DagBag from /home/airflow/.local/lib/python3.8/site-packages/airflow/example_dags/example_sla_dag.py
[2025-04-28T10:59:42.437+0000] {processor.py:840} INFO - DAG(s) 'example_sla_dag' retrieved from /home/airflow/.local/lib/python3.8/site-packages/airflow/example_dags/example_sla_dag.py
[2025-04-28T10:59:42.715+0000] {logging_mixin.py:188} INFO - [2025-04-28T10:59:42.715+0000] {dag.py:3033} INFO - Sync 1 DAGs
[2025-04-28T10:59:42.771+0000] {logging_mixin.py:188} INFO - [2025-04-28T10:59:42.771+0000] {dag.py:3820} INFO - Setting next_dagrun for example_sla_dag to 2025-04-28T10:56:00+00:00, run_after=2025-04-28T10:58:00+00:00
[2025-04-28T10:59:42.815+0000] {processor.py:183} INFO - Processing /home/airflow/.local/lib/python3.8/site-packages/airflow/example_dags/example_sla_dag.py took 0.425 seconds
[2025-04-28T11:00:13.426+0000] {processor.py:161} INFO - Started process (PID=138) to work on /home/airflow/.local/lib/python3.8/site-packages/airflow/example_dags/example_sla_dag.py
[2025-04-28T11:00:13.428+0000] {processor.py:830} INFO - Processing file /home/airflow/.local/lib/python3.8/site-packages/airflow/example_dags/example_sla_dag.py for tasks to queue
[2025-04-28T11:00:13.431+0000] {logging_mixin.py:188} INFO - [2025-04-28T11:00:13.431+0000] {dagbag.py:538} INFO - Filling up the DagBag from /home/airflow/.local/lib/python3.8/site-packages/airflow/example_dags/example_sla_dag.py
[2025-04-28T11:00:13.445+0000] {processor.py:840} INFO - DAG(s) 'example_sla_dag' retrieved from /home/airflow/.local/lib/python3.8/site-packages/airflow/example_dags/example_sla_dag.py
[2025-04-28T11:00:13.482+0000] {logging_mixin.py:188} INFO - [2025-04-28T11:00:13.481+0000] {dag.py:3033} INFO - Sync 1 DAGs
[2025-04-28T11:00:13.524+0000] {logging_mixin.py:188} INFO - [2025-04-28T11:00:13.524+0000] {dag.py:3820} INFO - Setting next_dagrun for example_sla_dag to 2025-04-28T10:58:00+00:00, run_after=2025-04-28T11:00:00+00:00
[2025-04-28T11:00:13.559+0000] {processor.py:183} INFO - Processing /home/airflow/.local/lib/python3.8/site-packages/airflow/example_dags/example_sla_dag.py took 0.138 seconds
[2025-04-28T11:00:43.888+0000] {processor.py:161} INFO - Started process (PID=194) to work on /home/airflow/.local/lib/python3.8/site-packages/airflow/example_dags/example_sla_dag.py
[2025-04-28T11:00:43.889+0000] {processor.py:830} INFO - Processing file /home/airflow/.local/lib/python3.8/site-packages/airflow/example_dags/example_sla_dag.py for tasks to queue
[2025-04-28T11:00:43.892+0000] {logging_mixin.py:188} INFO - [2025-04-28T11:00:43.892+0000] {dagbag.py:538} INFO - Filling up the DagBag from /home/airflow/.local/lib/python3.8/site-packages/airflow/example_dags/example_sla_dag.py
[2025-04-28T11:00:43.909+0000] {processor.py:840} INFO - DAG(s) 'example_sla_dag' retrieved from /home/airflow/.local/lib/python3.8/site-packages/airflow/example_dags/example_sla_dag.py
[2025-04-28T11:00:43.943+0000] {logging_mixin.py:188} INFO - [2025-04-28T11:00:43.942+0000] {dag.py:3033} INFO - Sync 1 DAGs
[2025-04-28T11:00:43.987+0000] {logging_mixin.py:188} INFO - [2025-04-28T11:00:43.987+0000] {dag.py:3820} INFO - Setting next_dagrun for example_sla_dag to 2025-04-28T10:58:00+00:00, run_after=2025-04-28T11:00:00+00:00
[2025-04-28T11:00:44.028+0000] {processor.py:183} INFO - Processing /home/airflow/.local/lib/python3.8/site-packages/airflow/example_dags/example_sla_dag.py took 0.146 seconds
[2025-04-28T11:01:14.235+0000] {processor.py:161} INFO - Started process (PID=251) to work on /home/airflow/.local/lib/python3.8/site-packages/airflow/example_dags/example_sla_dag.py
[2025-04-28T11:01:14.236+0000] {processor.py:830} INFO - Processing file /home/airflow/.local/lib/python3.8/site-packages/airflow/example_dags/example_sla_dag.py for tasks to queue
[2025-04-28T11:01:14.241+0000] {logging_mixin.py:188} INFO - [2025-04-28T11:01:14.240+0000] {dagbag.py:538} INFO - Filling up the DagBag from /home/airflow/.local/lib/python3.8/site-packages/airflow/example_dags/example_sla_dag.py
[2025-04-28T11:01:14.258+0000] {processor.py:840} INFO - DAG(s) 'example_sla_dag' retrieved from /home/airflow/.local/lib/python3.8/site-packages/airflow/example_dags/example_sla_dag.py
[2025-04-28T11:01:14.290+0000] {logging_mixin.py:188} INFO - [2025-04-28T11:01:14.289+0000] {dag.py:3033} INFO - Sync 1 DAGs
[2025-04-28T11:01:14.335+0000] {logging_mixin.py:188} INFO - [2025-04-28T11:01:14.335+0000] {dag.py:3820} INFO - Setting next_dagrun for example_sla_dag to 2025-04-28T10:58:00+00:00, run_after=2025-04-28T11:00:00+00:00
[2025-04-28T11:01:14.376+0000] {processor.py:183} INFO - Processing /home/airflow/.local/lib/python3.8/site-packages/airflow/example_dags/example_sla_dag.py took 0.146 seconds
[2025-04-28T11:01:44.561+0000] {processor.py:161} INFO - Started process (PID=307) to work on /home/airflow/.local/lib/python3.8/site-packages/airflow/example_dags/example_sla_dag.py
[2025-04-28T11:01:44.562+0000] {processor.py:830} INFO - Processing file /home/airflow/.local/lib/python3.8/site-packages/airflow/example_dags/example_sla_dag.py for tasks to queue
[2025-04-28T11:01:44.567+0000] {logging_mixin.py:188} INFO - [2025-04-28T11:01:44.566+0000] {dagbag.py:538} INFO - Filling up the DagBag from /home/airflow/.local/lib/python3.8/site-packages/airflow/example_dags/example_sla_dag.py
[2025-04-28T11:01:44.581+0000] {processor.py:840} INFO - DAG(s) 'example_sla_dag' retrieved from /home/airflow/.local/lib/python3.8/site-packages/airflow/example_dags/example_sla_dag.py
[2025-04-28T11:01:44.612+0000] {logging_mixin.py:188} INFO - [2025-04-28T11:01:44.612+0000] {dag.py:3033} INFO - Sync 1 DAGs
[2025-04-28T11:01:44.654+0000] {logging_mixin.py:188} INFO - [2025-04-28T11:01:44.654+0000] {dag.py:3820} INFO - Setting next_dagrun for example_sla_dag to 2025-04-28T10:58:00+00:00, run_after=2025-04-28T11:00:00+00:00
[2025-04-28T11:01:44.685+0000] {processor.py:183} INFO - Processing /home/airflow/.local/lib/python3.8/site-packages/airflow/example_dags/example_sla_dag.py took 0.132 seconds
[2025-04-28T11:02:16.352+0000] {processor.py:161} INFO - Started process (PID=363) to work on /home/airflow/.local/lib/python3.8/site-packages/airflow/example_dags/example_sla_dag.py
[2025-04-28T11:02:16.353+0000] {processor.py:830} INFO - Processing file /home/airflow/.local/lib/python3.8/site-packages/airflow/example_dags/example_sla_dag.py for tasks to queue
[2025-04-28T11:02:16.356+0000] {logging_mixin.py:188} INFO - [2025-04-28T11:02:16.356+0000] {dagbag.py:538} INFO - Filling up the DagBag from /home/airflow/.local/lib/python3.8/site-packages/airflow/example_dags/example_sla_dag.py
[2025-04-28T11:02:16.372+0000] {processor.py:840} INFO - DAG(s) 'example_sla_dag' retrieved from /home/airflow/.local/lib/python3.8/site-packages/airflow/example_dags/example_sla_dag.py
[2025-04-28T11:02:16.404+0000] {logging_mixin.py:188} INFO - [2025-04-28T11:02:16.404+0000] {dag.py:3033} INFO - Sync 1 DAGs
[2025-04-28T11:02:16.445+0000] {logging_mixin.py:188} INFO - [2025-04-28T11:02:16.445+0000] {dag.py:3820} INFO - Setting next_dagrun for example_sla_dag to 2025-04-28T11:00:00+00:00, run_after=2025-04-28T11:02:00+00:00
[2025-04-28T11:02:16.478+0000] {processor.py:183} INFO - Processing /home/airflow/.local/lib/python3.8/site-packages/airflow/example_dags/example_sla_dag.py took 0.134 seconds
[2025-04-28T11:02:48.410+0000] {processor.py:161} INFO - Started process (PID=419) to work on /home/airflow/.local/lib/python3.8/site-packages/airflow/example_dags/example_sla_dag.py
[2025-04-28T11:02:48.412+0000] {processor.py:830} INFO - Processing file /home/airflow/.local/lib/python3.8/site-packages/airflow/example_dags/example_sla_dag.py for tasks to queue
[2025-04-28T11:02:48.417+0000] {logging_mixin.py:188} INFO - [2025-04-28T11:02:48.416+0000] {dagbag.py:538} INFO - Filling up the DagBag from /home/airflow/.local/lib/python3.8/site-packages/airflow/example_dags/example_sla_dag.py
[2025-04-28T11:02:48.437+0000] {processor.py:840} INFO - DAG(s) 'example_sla_dag' retrieved from /home/airflow/.local/lib/python3.8/site-packages/airflow/example_dags/example_sla_dag.py
[2025-04-28T11:02:48.489+0000] {logging_mixin.py:188} INFO - [2025-04-28T11:02:48.488+0000] {dag.py:3033} INFO - Sync 1 DAGs
[2025-04-28T11:02:48.546+0000] {logging_mixin.py:188} INFO - [2025-04-28T11:02:48.546+0000] {dag.py:3820} INFO - Setting next_dagrun for example_sla_dag to 2025-04-28T11:00:00+00:00, run_after=2025-04-28T11:02:00+00:00
[2025-04-28T11:02:48.594+0000] {processor.py:183} INFO - Processing /home/airflow/.local/lib/python3.8/site-packages/airflow/example_dags/example_sla_dag.py took 0.195 seconds
[2025-04-28T11:03:20.767+0000] {processor.py:161} INFO - Started process (PID=475) to work on /home/airflow/.local/lib/python3.8/site-packages/airflow/example_dags/example_sla_dag.py
[2025-04-28T11:03:20.768+0000] {processor.py:830} INFO - Processing file /home/airflow/.local/lib/python3.8/site-packages/airflow/example_dags/example_sla_dag.py for tasks to queue
[2025-04-28T11:03:20.771+0000] {logging_mixin.py:188} INFO - [2025-04-28T11:03:20.771+0000] {dagbag.py:538} INFO - Filling up the DagBag from /home/airflow/.local/lib/python3.8/site-packages/airflow/example_dags/example_sla_dag.py
[2025-04-28T11:03:20.785+0000] {processor.py:840} INFO - DAG(s) 'example_sla_dag' retrieved from /home/airflow/.local/lib/python3.8/site-packages/airflow/example_dags/example_sla_dag.py
[2025-04-28T11:03:20.813+0000] {logging_mixin.py:188} INFO - [2025-04-28T11:03:20.813+0000] {dag.py:3033} INFO - Sync 1 DAGs
[2025-04-28T11:03:20.861+0000] {logging_mixin.py:188} INFO - [2025-04-28T11:03:20.861+0000] {dag.py:3820} INFO - Setting next_dagrun for example_sla_dag to 2025-04-28T11:00:00+00:00, run_after=2025-04-28T11:02:00+00:00
[2025-04-28T11:03:20.893+0000] {processor.py:183} INFO - Processing /home/airflow/.local/lib/python3.8/site-packages/airflow/example_dags/example_sla_dag.py took 0.131 seconds
[2025-04-28T11:03:53.985+0000] {processor.py:161} INFO - Started process (PID=531) to work on /home/airflow/.local/lib/python3.8/site-packages/airflow/example_dags/example_sla_dag.py
[2025-04-28T11:03:53.986+0000] {processor.py:830} INFO - Processing file /home/airflow/.local/lib/python3.8/site-packages/airflow/example_dags/example_sla_dag.py for tasks to queue
[2025-04-28T11:03:53.992+0000] {logging_mixin.py:188} INFO - [2025-04-28T11:03:53.992+0000] {dagbag.py:538} INFO - Filling up the DagBag from /home/airflow/.local/lib/python3.8/site-packages/airflow/example_dags/example_sla_dag.py
[2025-04-28T11:03:54.009+0000] {processor.py:840} INFO - DAG(s) 'example_sla_dag' retrieved from /home/airflow/.local/lib/python3.8/site-packages/airflow/example_dags/example_sla_dag.py
[2025-04-28T11:03:54.044+0000] {logging_mixin.py:188} INFO - [2025-04-28T11:03:54.044+0000] {dag.py:3033} INFO - Sync 1 DAGs
[2025-04-28T11:03:54.091+0000] {logging_mixin.py:188} INFO - [2025-04-28T11:03:54.090+0000] {dag.py:3820} INFO - Setting next_dagrun for example_sla_dag to 2025-04-28T11:00:00+00:00, run_after=2025-04-28T11:02:00+00:00
[2025-04-28T11:03:54.134+0000] {processor.py:183} INFO - Processing /home/airflow/.local/lib/python3.8/site-packages/airflow/example_dags/example_sla_dag.py took 0.155 seconds
[2025-04-28T11:04:27.404+0000] {processor.py:161} INFO - Started process (PID=587) to work on /home/airflow/.local/lib/python3.8/site-packages/airflow/example_dags/example_sla_dag.py
[2025-04-28T11:04:27.405+0000] {processor.py:830} INFO - Processing file /home/airflow/.local/lib/python3.8/site-packages/airflow/example_dags/example_sla_dag.py for tasks to queue
[2025-04-28T11:04:27.418+0000] {logging_mixin.py:188} INFO - [2025-04-28T11:04:27.417+0000] {dagbag.py:538} INFO - Filling up the DagBag from /home/airflow/.local/lib/python3.8/site-packages/airflow/example_dags/example_sla_dag.py
[2025-04-28T11:04:27.440+0000] {processor.py:840} INFO - DAG(s) 'example_sla_dag' retrieved from /home/airflow/.local/lib/python3.8/site-packages/airflow/example_dags/example_sla_dag.py
[2025-04-28T11:04:27.480+0000] {logging_mixin.py:188} INFO - [2025-04-28T11:04:27.479+0000] {dag.py:3033} INFO - Sync 1 DAGs
[2025-04-28T11:04:27.545+0000] {logging_mixin.py:188} INFO - [2025-04-28T11:04:27.545+0000] {dag.py:3820} INFO - Setting next_dagrun for example_sla_dag to 2025-04-28T11:02:00+00:00, run_after=2025-04-28T11:04:00+00:00
[2025-04-28T11:04:27.586+0000] {processor.py:183} INFO - Processing /home/airflow/.local/lib/python3.8/site-packages/airflow/example_dags/example_sla_dag.py took 0.187 seconds
[2025-04-28T11:04:58.100+0000] {processor.py:161} INFO - Started process (PID=643) to work on /home/airflow/.local/lib/python3.8/site-packages/airflow/example_dags/example_sla_dag.py
[2025-04-28T11:04:58.102+0000] {processor.py:830} INFO - Processing file /home/airflow/.local/lib/python3.8/site-packages/airflow/example_dags/example_sla_dag.py for tasks to queue
[2025-04-28T11:04:58.107+0000] {logging_mixin.py:188} INFO - [2025-04-28T11:04:58.106+0000] {dagbag.py:538} INFO - Filling up the DagBag from /home/airflow/.local/lib/python3.8/site-packages/airflow/example_dags/example_sla_dag.py
[2025-04-28T11:04:58.126+0000] {processor.py:840} INFO - DAG(s) 'example_sla_dag' retrieved from /home/airflow/.local/lib/python3.8/site-packages/airflow/example_dags/example_sla_dag.py
[2025-04-28T11:04:58.166+0000] {logging_mixin.py:188} INFO - [2025-04-28T11:04:58.166+0000] {dag.py:3033} INFO - Sync 1 DAGs
[2025-04-28T11:04:58.213+0000] {logging_mixin.py:188} INFO - [2025-04-28T11:04:58.212+0000] {dag.py:3820} INFO - Setting next_dagrun for example_sla_dag to 2025-04-28T11:02:00+00:00, run_after=2025-04-28T11:04:00+00:00
[2025-04-28T11:04:58.243+0000] {processor.py:183} INFO - Processing /home/airflow/.local/lib/python3.8/site-packages/airflow/example_dags/example_sla_dag.py took 0.149 seconds
[2025-04-28T11:05:24.874+0000] {processor.py:161} INFO - Started process (PID=700) to work on /home/airflow/.local/lib/python3.8/site-packages/airflow/example_dags/example_sla_dag.py
[2025-04-28T11:05:29.964+0000] {processor.py:830} INFO - Processing file /home/airflow/.local/lib/python3.8/site-packages/airflow/example_dags/example_sla_dag.py for tasks to queue
[2025-04-28T11:05:29.969+0000] {logging_mixin.py:188} INFO - [2025-04-28T11:05:29.968+0000] {dagbag.py:538} INFO - Filling up the DagBag from /home/airflow/.local/lib/python3.8/site-packages/airflow/example_dags/example_sla_dag.py
[2025-04-28T11:05:29.983+0000] {processor.py:840} INFO - DAG(s) 'example_sla_dag' retrieved from /home/airflow/.local/lib/python3.8/site-packages/airflow/example_dags/example_sla_dag.py
[2025-04-28T11:05:30.016+0000] {logging_mixin.py:188} INFO - [2025-04-28T11:05:30.015+0000] {dag.py:3033} INFO - Sync 1 DAGs
[2025-04-28T11:05:30.062+0000] {logging_mixin.py:188} INFO - [2025-04-28T11:05:30.061+0000] {dag.py:3820} INFO - Setting next_dagrun for example_sla_dag to 2025-04-28T11:02:00+00:00, run_after=2025-04-28T11:04:00+00:00
[2025-04-28T11:05:30.099+0000] {processor.py:183} INFO - Processing /home/airflow/.local/lib/python3.8/site-packages/airflow/example_dags/example_sla_dag.py took 0.142 seconds
[2025-04-28T11:06:03.275+0000] {processor.py:161} INFO - Started process (PID=756) to work on /home/airflow/.local/lib/python3.8/site-packages/airflow/example_dags/example_sla_dag.py
[2025-04-28T11:06:03.277+0000] {processor.py:830} INFO - Processing file /home/airflow/.local/lib/python3.8/site-packages/airflow/example_dags/example_sla_dag.py for tasks to queue
[2025-04-28T11:06:03.280+0000] {logging_mixin.py:188} INFO - [2025-04-28T11:06:03.279+0000] {dagbag.py:538} INFO - Filling up the DagBag from /home/airflow/.local/lib/python3.8/site-packages/airflow/example_dags/example_sla_dag.py
[2025-04-28T11:06:03.293+0000] {processor.py:840} INFO - DAG(s) 'example_sla_dag' retrieved from /home/airflow/.local/lib/python3.8/site-packages/airflow/example_dags/example_sla_dag.py
[2025-04-28T11:06:03.320+0000] {logging_mixin.py:188} INFO - [2025-04-28T11:06:03.320+0000] {dag.py:3033} INFO - Sync 1 DAGs
[2025-04-28T11:06:03.359+0000] {logging_mixin.py:188} INFO - [2025-04-28T11:06:03.359+0000] {dag.py:3820} INFO - Setting next_dagrun for example_sla_dag to 2025-04-28T11:04:00+00:00, run_after=2025-04-28T11:06:00+00:00
[2025-04-28T11:06:03.410+0000] {processor.py:183} INFO - Processing /home/airflow/.local/lib/python3.8/site-packages/airflow/example_dags/example_sla_dag.py took 0.139 seconds
[2025-04-28T11:06:35.988+0000] {processor.py:161} INFO - Started process (PID=812) to work on /home/airflow/.local/lib/python3.8/site-packages/airflow/example_dags/example_sla_dag.py
[2025-04-28T11:06:35.992+0000] {processor.py:830} INFO - Processing file /home/airflow/.local/lib/python3.8/site-packages/airflow/example_dags/example_sla_dag.py for tasks to queue
[2025-04-28T11:06:35.996+0000] {logging_mixin.py:188} INFO - [2025-04-28T11:06:35.996+0000] {dagbag.py:538} INFO - Filling up the DagBag from /home/airflow/.local/lib/python3.8/site-packages/airflow/example_dags/example_sla_dag.py
[2025-04-28T11:06:36.014+0000] {processor.py:840} INFO - DAG(s) 'example_sla_dag' retrieved from /home/airflow/.local/lib/python3.8/site-packages/airflow/example_dags/example_sla_dag.py
[2025-04-28T11:06:36.080+0000] {logging_mixin.py:188} INFO - [2025-04-28T11:06:36.080+0000] {dag.py:3033} INFO - Sync 1 DAGs
[2025-04-28T11:06:36.201+0000] {logging_mixin.py:188} INFO - [2025-04-28T11:06:36.200+0000] {dag.py:3820} INFO - Setting next_dagrun for example_sla_dag to 2025-04-28T11:04:00+00:00, run_after=2025-04-28T11:06:00+00:00
[2025-04-28T11:06:36.303+0000] {processor.py:183} INFO - Processing /home/airflow/.local/lib/python3.8/site-packages/airflow/example_dags/example_sla_dag.py took 0.319 seconds
[2025-04-28T11:07:08.286+0000] {processor.py:161} INFO - Started process (PID=867) to work on /home/airflow/.local/lib/python3.8/site-packages/airflow/example_dags/example_sla_dag.py
[2025-04-28T11:07:08.288+0000] {processor.py:830} INFO - Processing file /home/airflow/.local/lib/python3.8/site-packages/airflow/example_dags/example_sla_dag.py for tasks to queue
[2025-04-28T11:07:08.292+0000] {logging_mixin.py:188} INFO - [2025-04-28T11:07:08.291+0000] {dagbag.py:538} INFO - Filling up the DagBag from /home/airflow/.local/lib/python3.8/site-packages/airflow/example_dags/example_sla_dag.py
[2025-04-28T11:07:08.312+0000] {processor.py:840} INFO - DAG(s) 'example_sla_dag' retrieved from /home/airflow/.local/lib/python3.8/site-packages/airflow/example_dags/example_sla_dag.py
[2025-04-28T11:07:08.370+0000] {logging_mixin.py:188} INFO - [2025-04-28T11:07:08.369+0000] {dag.py:3033} INFO - Sync 1 DAGs
[2025-04-28T11:07:08.435+0000] {logging_mixin.py:188} INFO - [2025-04-28T11:07:08.435+0000] {dag.py:3820} INFO - Setting next_dagrun for example_sla_dag to 2025-04-28T11:04:00+00:00, run_after=2025-04-28T11:06:00+00:00
[2025-04-28T11:07:08.474+0000] {processor.py:183} INFO - Processing /home/airflow/.local/lib/python3.8/site-packages/airflow/example_dags/example_sla_dag.py took 0.197 seconds
[2025-04-28T11:07:40.953+0000] {processor.py:161} INFO - Started process (PID=924) to work on /home/airflow/.local/lib/python3.8/site-packages/airflow/example_dags/example_sla_dag.py
[2025-04-28T11:07:40.955+0000] {processor.py:830} INFO - Processing file /home/airflow/.local/lib/python3.8/site-packages/airflow/example_dags/example_sla_dag.py for tasks to queue
[2025-04-28T11:07:40.961+0000] {logging_mixin.py:188} INFO - [2025-04-28T11:07:40.961+0000] {dagbag.py:538} INFO - Filling up the DagBag from /home/airflow/.local/lib/python3.8/site-packages/airflow/example_dags/example_sla_dag.py
[2025-04-28T11:07:40.976+0000] {processor.py:840} INFO - DAG(s) 'example_sla_dag' retrieved from /home/airflow/.local/lib/python3.8/site-packages/airflow/example_dags/example_sla_dag.py
[2025-04-28T11:07:41.013+0000] {logging_mixin.py:188} INFO - [2025-04-28T11:07:41.013+0000] {dag.py:3033} INFO - Sync 1 DAGs
[2025-04-28T11:07:41.056+0000] {logging_mixin.py:188} INFO - [2025-04-28T11:07:41.056+0000] {dag.py:3820} INFO - Setting next_dagrun for example_sla_dag to 2025-04-28T11:04:00+00:00, run_after=2025-04-28T11:06:00+00:00
[2025-04-28T11:07:41.091+0000] {processor.py:183} INFO - Processing /home/airflow/.local/lib/python3.8/site-packages/airflow/example_dags/example_sla_dag.py took 0.144 seconds
[2025-04-28T11:08:14.187+0000] {processor.py:161} INFO - Started process (PID=982) to work on /home/airflow/.local/lib/python3.8/site-packages/airflow/example_dags/example_sla_dag.py
[2025-04-28T11:08:14.188+0000] {processor.py:830} INFO - Processing file /home/airflow/.local/lib/python3.8/site-packages/airflow/example_dags/example_sla_dag.py for tasks to queue
[2025-04-28T11:08:14.191+0000] {logging_mixin.py:188} INFO - [2025-04-28T11:08:14.191+0000] {dagbag.py:538} INFO - Filling up the DagBag from /home/airflow/.local/lib/python3.8/site-packages/airflow/example_dags/example_sla_dag.py
[2025-04-28T11:08:14.206+0000] {processor.py:840} INFO - DAG(s) 'example_sla_dag' retrieved from /home/airflow/.local/lib/python3.8/site-packages/airflow/example_dags/example_sla_dag.py
[2025-04-28T11:08:14.234+0000] {logging_mixin.py:188} INFO - [2025-04-28T11:08:14.234+0000] {dag.py:3033} INFO - Sync 1 DAGs
[2025-04-28T11:08:14.276+0000] {logging_mixin.py:188} INFO - [2025-04-28T11:08:14.276+0000] {dag.py:3820} INFO - Setting next_dagrun for example_sla_dag to 2025-04-28T11:06:00+00:00, run_after=2025-04-28T11:08:00+00:00
[2025-04-28T11:08:14.320+0000] {processor.py:183} INFO - Processing /home/airflow/.local/lib/python3.8/site-packages/airflow/example_dags/example_sla_dag.py took 0.139 seconds
[2025-04-28T11:08:47.128+0000] {processor.py:161} INFO - Started process (PID=1040) to work on /home/airflow/.local/lib/python3.8/site-packages/airflow/example_dags/example_sla_dag.py
[2025-04-28T11:08:47.130+0000] {processor.py:830} INFO - Processing file /home/airflow/.local/lib/python3.8/site-packages/airflow/example_dags/example_sla_dag.py for tasks to queue
[2025-04-28T11:08:47.133+0000] {logging_mixin.py:188} INFO - [2025-04-28T11:08:47.132+0000] {dagbag.py:538} INFO - Filling up the DagBag from /home/airflow/.local/lib/python3.8/site-packages/airflow/example_dags/example_sla_dag.py
[2025-04-28T11:08:47.147+0000] {processor.py:840} INFO - DAG(s) 'example_sla_dag' retrieved from /home/airflow/.local/lib/python3.8/site-packages/airflow/example_dags/example_sla_dag.py
[2025-04-28T11:08:47.179+0000] {logging_mixin.py:188} INFO - [2025-04-28T11:08:47.179+0000] {dag.py:3033} INFO - Sync 1 DAGs
[2025-04-28T11:08:47.232+0000] {logging_mixin.py:188} INFO - [2025-04-28T11:08:47.232+0000] {dag.py:3820} INFO - Setting next_dagrun for example_sla_dag to 2025-04-28T11:06:00+00:00, run_after=2025-04-28T11:08:00+00:00
[2025-04-28T11:08:47.267+0000] {processor.py:183} INFO - Processing /home/airflow/.local/lib/python3.8/site-packages/airflow/example_dags/example_sla_dag.py took 0.144 seconds
[2025-04-28T11:09:19.983+0000] {processor.py:161} INFO - Started process (PID=1097) to work on /home/airflow/.local/lib/python3.8/site-packages/airflow/example_dags/example_sla_dag.py
[2025-04-28T11:09:19.990+0000] {processor.py:830} INFO - Processing file /home/airflow/.local/lib/python3.8/site-packages/airflow/example_dags/example_sla_dag.py for tasks to queue
[2025-04-28T11:09:19.998+0000] {logging_mixin.py:188} INFO - [2025-04-28T11:09:19.997+0000] {dagbag.py:538} INFO - Filling up the DagBag from /home/airflow/.local/lib/python3.8/site-packages/airflow/example_dags/example_sla_dag.py
[2025-04-28T11:09:20.042+0000] {processor.py:840} INFO - DAG(s) 'example_sla_dag' retrieved from /home/airflow/.local/lib/python3.8/site-packages/airflow/example_dags/example_sla_dag.py
[2025-04-28T11:09:20.147+0000] {logging_mixin.py:188} INFO - [2025-04-28T11:09:20.147+0000] {dag.py:3033} INFO - Sync 1 DAGs
[2025-04-28T11:09:20.315+0000] {logging_mixin.py:188} INFO - [2025-04-28T11:09:20.302+0000] {dag.py:3820} INFO - Setting next_dagrun for example_sla_dag to 2025-04-28T11:06:00+00:00, run_after=2025-04-28T11:08:00+00:00
[2025-04-28T11:09:20.533+0000] {processor.py:183} INFO - Processing /home/airflow/.local/lib/python3.8/site-packages/airflow/example_dags/example_sla_dag.py took 0.566 seconds
[2025-04-28T11:09:51.974+0000] {processor.py:161} INFO - Started process (PID=1155) to work on /home/airflow/.local/lib/python3.8/site-packages/airflow/example_dags/example_sla_dag.py
[2025-04-28T11:09:51.977+0000] {processor.py:830} INFO - Processing file /home/airflow/.local/lib/python3.8/site-packages/airflow/example_dags/example_sla_dag.py for tasks to queue
[2025-04-28T11:09:51.981+0000] {logging_mixin.py:188} INFO - [2025-04-28T11:09:51.981+0000] {dagbag.py:538} INFO - Filling up the DagBag from /home/airflow/.local/lib/python3.8/site-packages/airflow/example_dags/example_sla_dag.py
[2025-04-28T11:09:52.008+0000] {processor.py:840} INFO - DAG(s) 'example_sla_dag' retrieved from /home/airflow/.local/lib/python3.8/site-packages/airflow/example_dags/example_sla_dag.py
[2025-04-28T11:09:52.066+0000] {logging_mixin.py:188} INFO - [2025-04-28T11:09:52.066+0000] {dag.py:3033} INFO - Sync 1 DAGs
[2025-04-28T11:09:52.131+0000] {logging_mixin.py:188} INFO - [2025-04-28T11:09:52.131+0000] {dag.py:3820} INFO - Setting next_dagrun for example_sla_dag to 2025-04-28T11:06:00+00:00, run_after=2025-04-28T11:08:00+00:00
[2025-04-28T11:09:52.171+0000] {processor.py:183} INFO - Processing /home/airflow/.local/lib/python3.8/site-packages/airflow/example_dags/example_sla_dag.py took 0.208 seconds
[2025-04-28T11:10:24.830+0000] {processor.py:161} INFO - Started process (PID=1222) to work on /home/airflow/.local/lib/python3.8/site-packages/airflow/example_dags/example_sla_dag.py
[2025-04-28T11:10:24.831+0000] {processor.py:830} INFO - Processing file /home/airflow/.local/lib/python3.8/site-packages/airflow/example_dags/example_sla_dag.py for tasks to queue
[2025-04-28T11:10:24.839+0000] {logging_mixin.py:188} INFO - [2025-04-28T11:10:24.838+0000] {dagbag.py:538} INFO - Filling up the DagBag from /home/airflow/.local/lib/python3.8/site-packages/airflow/example_dags/example_sla_dag.py
[2025-04-28T11:10:24.859+0000] {processor.py:840} INFO - DAG(s) 'example_sla_dag' retrieved from /home/airflow/.local/lib/python3.8/site-packages/airflow/example_dags/example_sla_dag.py
[2025-04-28T11:10:24.897+0000] {logging_mixin.py:188} INFO - [2025-04-28T11:10:24.897+0000] {dag.py:3033} INFO - Sync 1 DAGs
[2025-04-28T11:10:24.941+0000] {logging_mixin.py:188} INFO - [2025-04-28T11:10:24.941+0000] {dag.py:3820} INFO - Setting next_dagrun for example_sla_dag to 2025-04-28T11:08:00+00:00, run_after=2025-04-28T11:10:00+00:00
[2025-04-28T11:10:24.981+0000] {processor.py:183} INFO - Processing /home/airflow/.local/lib/python3.8/site-packages/airflow/example_dags/example_sla_dag.py took 0.160 seconds
[2025-04-28T11:10:58.605+0000] {processor.py:161} INFO - Started process (PID=1281) to work on /home/airflow/.local/lib/python3.8/site-packages/airflow/example_dags/example_sla_dag.py
[2025-04-28T11:10:58.606+0000] {processor.py:830} INFO - Processing file /home/airflow/.local/lib/python3.8/site-packages/airflow/example_dags/example_sla_dag.py for tasks to queue
[2025-04-28T11:10:58.609+0000] {logging_mixin.py:188} INFO - [2025-04-28T11:10:58.609+0000] {dagbag.py:538} INFO - Filling up the DagBag from /home/airflow/.local/lib/python3.8/site-packages/airflow/example_dags/example_sla_dag.py
[2025-04-28T11:10:58.623+0000] {processor.py:840} INFO - DAG(s) 'example_sla_dag' retrieved from /home/airflow/.local/lib/python3.8/site-packages/airflow/example_dags/example_sla_dag.py
[2025-04-28T11:10:58.677+0000] {logging_mixin.py:188} INFO - [2025-04-28T11:10:58.677+0000] {dag.py:3033} INFO - Sync 1 DAGs
[2025-04-28T11:10:58.745+0000] {logging_mixin.py:188} INFO - [2025-04-28T11:10:58.743+0000] {dag.py:3820} INFO - Setting next_dagrun for example_sla_dag to 2025-04-28T11:08:00+00:00, run_after=2025-04-28T11:10:00+00:00
[2025-04-28T11:10:58.798+0000] {processor.py:183} INFO - Processing /home/airflow/.local/lib/python3.8/site-packages/airflow/example_dags/example_sla_dag.py took 0.199 seconds
[2025-04-28T11:11:31.019+0000] {processor.py:161} INFO - Started process (PID=1338) to work on /home/airflow/.local/lib/python3.8/site-packages/airflow/example_dags/example_sla_dag.py
[2025-04-28T11:11:31.020+0000] {processor.py:830} INFO - Processing file /home/airflow/.local/lib/python3.8/site-packages/airflow/example_dags/example_sla_dag.py for tasks to queue
[2025-04-28T11:11:31.024+0000] {logging_mixin.py:188} INFO - [2025-04-28T11:11:31.024+0000] {dagbag.py:538} INFO - Filling up the DagBag from /home/airflow/.local/lib/python3.8/site-packages/airflow/example_dags/example_sla_dag.py
[2025-04-28T11:11:31.042+0000] {processor.py:840} INFO - DAG(s) 'example_sla_dag' retrieved from /home/airflow/.local/lib/python3.8/site-packages/airflow/example_dags/example_sla_dag.py
[2025-04-28T11:11:31.077+0000] {logging_mixin.py:188} INFO - [2025-04-28T11:11:31.076+0000] {dag.py:3033} INFO - Sync 1 DAGs
[2025-04-28T11:11:31.125+0000] {logging_mixin.py:188} INFO - [2025-04-28T11:11:31.124+0000] {dag.py:3820} INFO - Setting next_dagrun for example_sla_dag to 2025-04-28T11:08:00+00:00, run_after=2025-04-28T11:10:00+00:00
[2025-04-28T11:11:31.155+0000] {processor.py:183} INFO - Processing /home/airflow/.local/lib/python3.8/site-packages/airflow/example_dags/example_sla_dag.py took 0.141 seconds
[2025-04-28T11:12:02.982+0000] {processor.py:161} INFO - Started process (PID=1395) to work on /home/airflow/.local/lib/python3.8/site-packages/airflow/example_dags/example_sla_dag.py
[2025-04-28T11:12:02.984+0000] {processor.py:830} INFO - Processing file /home/airflow/.local/lib/python3.8/site-packages/airflow/example_dags/example_sla_dag.py for tasks to queue
[2025-04-28T11:12:02.987+0000] {logging_mixin.py:188} INFO - [2025-04-28T11:12:02.987+0000] {dagbag.py:538} INFO - Filling up the DagBag from /home/airflow/.local/lib/python3.8/site-packages/airflow/example_dags/example_sla_dag.py
[2025-04-28T11:12:03.002+0000] {processor.py:840} INFO - DAG(s) 'example_sla_dag' retrieved from /home/airflow/.local/lib/python3.8/site-packages/airflow/example_dags/example_sla_dag.py
[2025-04-28T11:12:03.052+0000] {logging_mixin.py:188} INFO - [2025-04-28T11:12:03.052+0000] {dag.py:3033} INFO - Sync 1 DAGs
[2025-04-28T11:12:03.118+0000] {logging_mixin.py:188} INFO - [2025-04-28T11:12:03.118+0000] {dag.py:3820} INFO - Setting next_dagrun for example_sla_dag to 2025-04-28T11:10:00+00:00, run_after=2025-04-28T11:12:00+00:00
[2025-04-28T11:12:03.160+0000] {processor.py:183} INFO - Processing /home/airflow/.local/lib/python3.8/site-packages/airflow/example_dags/example_sla_dag.py took 0.182 seconds
[2025-04-28T11:12:36.113+0000] {processor.py:161} INFO - Started process (PID=1452) to work on /home/airflow/.local/lib/python3.8/site-packages/airflow/example_dags/example_sla_dag.py
[2025-04-28T11:12:36.116+0000] {processor.py:830} INFO - Processing file /home/airflow/.local/lib/python3.8/site-packages/airflow/example_dags/example_sla_dag.py for tasks to queue
[2025-04-28T11:12:36.120+0000] {logging_mixin.py:188} INFO - [2025-04-28T11:12:36.120+0000] {dagbag.py:538} INFO - Filling up the DagBag from /home/airflow/.local/lib/python3.8/site-packages/airflow/example_dags/example_sla_dag.py
[2025-04-28T11:12:36.134+0000] {processor.py:840} INFO - DAG(s) 'example_sla_dag' retrieved from /home/airflow/.local/lib/python3.8/site-packages/airflow/example_dags/example_sla_dag.py
[2025-04-28T11:12:36.161+0000] {logging_mixin.py:188} INFO - [2025-04-28T11:12:36.161+0000] {dag.py:3033} INFO - Sync 1 DAGs
[2025-04-28T11:12:36.238+0000] {logging_mixin.py:188} INFO - [2025-04-28T11:12:36.238+0000] {dag.py:3820} INFO - Setting next_dagrun for example_sla_dag to 2025-04-28T11:10:00+00:00, run_after=2025-04-28T11:12:00+00:00
[2025-04-28T11:12:36.281+0000] {processor.py:183} INFO - Processing /home/airflow/.local/lib/python3.8/site-packages/airflow/example_dags/example_sla_dag.py took 0.176 seconds
[2025-04-28T11:13:08.740+0000] {processor.py:161} INFO - Started process (PID=1509) to work on /home/airflow/.local/lib/python3.8/site-packages/airflow/example_dags/example_sla_dag.py
[2025-04-28T11:13:08.741+0000] {processor.py:830} INFO - Processing file /home/airflow/.local/lib/python3.8/site-packages/airflow/example_dags/example_sla_dag.py for tasks to queue
[2025-04-28T11:13:08.752+0000] {logging_mixin.py:188} INFO - [2025-04-28T11:13:08.750+0000] {dagbag.py:538} INFO - Filling up the DagBag from /home/airflow/.local/lib/python3.8/site-packages/airflow/example_dags/example_sla_dag.py
[2025-04-28T11:13:08.777+0000] {processor.py:840} INFO - DAG(s) 'example_sla_dag' retrieved from /home/airflow/.local/lib/python3.8/site-packages/airflow/example_dags/example_sla_dag.py
[2025-04-28T11:13:08.868+0000] {logging_mixin.py:188} INFO - [2025-04-28T11:13:08.868+0000] {dag.py:3033} INFO - Sync 1 DAGs
[2025-04-28T11:13:08.927+0000] {logging_mixin.py:188} INFO - [2025-04-28T11:13:08.927+0000] {dag.py:3820} INFO - Setting next_dagrun for example_sla_dag to 2025-04-28T11:10:00+00:00, run_after=2025-04-28T11:12:00+00:00
[2025-04-28T11:13:08.969+0000] {processor.py:183} INFO - Processing /home/airflow/.local/lib/python3.8/site-packages/airflow/example_dags/example_sla_dag.py took 0.236 seconds
[2025-04-28T11:13:41.296+0000] {processor.py:161} INFO - Started process (PID=1567) to work on /home/airflow/.local/lib/python3.8/site-packages/airflow/example_dags/example_sla_dag.py
[2025-04-28T11:13:41.297+0000] {processor.py:830} INFO - Processing file /home/airflow/.local/lib/python3.8/site-packages/airflow/example_dags/example_sla_dag.py for tasks to queue
[2025-04-28T11:13:41.301+0000] {logging_mixin.py:188} INFO - [2025-04-28T11:13:41.300+0000] {dagbag.py:538} INFO - Filling up the DagBag from /home/airflow/.local/lib/python3.8/site-packages/airflow/example_dags/example_sla_dag.py
[2025-04-28T11:13:41.313+0000] {processor.py:840} INFO - DAG(s) 'example_sla_dag' retrieved from /home/airflow/.local/lib/python3.8/site-packages/airflow/example_dags/example_sla_dag.py
[2025-04-28T11:13:41.342+0000] {logging_mixin.py:188} INFO - [2025-04-28T11:13:41.342+0000] {dag.py:3033} INFO - Sync 1 DAGs
[2025-04-28T11:13:41.379+0000] {logging_mixin.py:188} INFO - [2025-04-28T11:13:41.379+0000] {dag.py:3820} INFO - Setting next_dagrun for example_sla_dag to 2025-04-28T11:10:00+00:00, run_after=2025-04-28T11:12:00+00:00
[2025-04-28T11:13:41.409+0000] {processor.py:183} INFO - Processing /home/airflow/.local/lib/python3.8/site-packages/airflow/example_dags/example_sla_dag.py took 0.119 seconds
[2025-04-28T11:14:15.109+0000] {processor.py:161} INFO - Started process (PID=1632) to work on /home/airflow/.local/lib/python3.8/site-packages/airflow/example_dags/example_sla_dag.py
[2025-04-28T11:14:15.110+0000] {processor.py:830} INFO - Processing file /home/airflow/.local/lib/python3.8/site-packages/airflow/example_dags/example_sla_dag.py for tasks to queue
[2025-04-28T11:14:15.113+0000] {logging_mixin.py:188} INFO - [2025-04-28T11:14:15.113+0000] {dagbag.py:538} INFO - Filling up the DagBag from /home/airflow/.local/lib/python3.8/site-packages/airflow/example_dags/example_sla_dag.py
[2025-04-28T11:14:15.127+0000] {processor.py:840} INFO - DAG(s) 'example_sla_dag' retrieved from /home/airflow/.local/lib/python3.8/site-packages/airflow/example_dags/example_sla_dag.py
[2025-04-28T11:14:15.156+0000] {logging_mixin.py:188} INFO - [2025-04-28T11:14:15.155+0000] {dag.py:3033} INFO - Sync 1 DAGs
[2025-04-28T11:14:15.198+0000] {logging_mixin.py:188} INFO - [2025-04-28T11:14:15.198+0000] {dag.py:3820} INFO - Setting next_dagrun for example_sla_dag to 2025-04-28T11:12:00+00:00, run_after=2025-04-28T11:14:00+00:00
[2025-04-28T11:14:15.233+0000] {processor.py:183} INFO - Processing /home/airflow/.local/lib/python3.8/site-packages/airflow/example_dags/example_sla_dag.py took 0.128 seconds
[2025-04-28T11:14:47.454+0000] {processor.py:161} INFO - Started process (PID=1689) to work on /home/airflow/.local/lib/python3.8/site-packages/airflow/example_dags/example_sla_dag.py
[2025-04-28T11:14:47.456+0000] {processor.py:830} INFO - Processing file /home/airflow/.local/lib/python3.8/site-packages/airflow/example_dags/example_sla_dag.py for tasks to queue
[2025-04-28T11:14:47.459+0000] {logging_mixin.py:188} INFO - [2025-04-28T11:14:47.459+0000] {dagbag.py:538} INFO - Filling up the DagBag from /home/airflow/.local/lib/python3.8/site-packages/airflow/example_dags/example_sla_dag.py
[2025-04-28T11:14:47.471+0000] {processor.py:840} INFO - DAG(s) 'example_sla_dag' retrieved from /home/airflow/.local/lib/python3.8/site-packages/airflow/example_dags/example_sla_dag.py
[2025-04-28T11:14:47.501+0000] {logging_mixin.py:188} INFO - [2025-04-28T11:14:47.501+0000] {dag.py:3033} INFO - Sync 1 DAGs
[2025-04-28T11:14:47.539+0000] {logging_mixin.py:188} INFO - [2025-04-28T11:14:47.539+0000] {dag.py:3820} INFO - Setting next_dagrun for example_sla_dag to 2025-04-28T11:12:00+00:00, run_after=2025-04-28T11:14:00+00:00
[2025-04-28T11:14:47.586+0000] {processor.py:183} INFO - Processing /home/airflow/.local/lib/python3.8/site-packages/airflow/example_dags/example_sla_dag.py took 0.137 seconds
[2025-04-28T11:15:21.394+0000] {processor.py:161} INFO - Started process (PID=1752) to work on /home/airflow/.local/lib/python3.8/site-packages/airflow/example_dags/example_sla_dag.py
[2025-04-28T11:15:21.395+0000] {processor.py:830} INFO - Processing file /home/airflow/.local/lib/python3.8/site-packages/airflow/example_dags/example_sla_dag.py for tasks to queue
[2025-04-28T11:15:21.399+0000] {logging_mixin.py:188} INFO - [2025-04-28T11:15:21.398+0000] {dagbag.py:538} INFO - Filling up the DagBag from /home/airflow/.local/lib/python3.8/site-packages/airflow/example_dags/example_sla_dag.py
[2025-04-28T11:15:21.410+0000] {processor.py:840} INFO - DAG(s) 'example_sla_dag' retrieved from /home/airflow/.local/lib/python3.8/site-packages/airflow/example_dags/example_sla_dag.py
[2025-04-28T11:15:21.442+0000] {logging_mixin.py:188} INFO - [2025-04-28T11:15:21.442+0000] {dag.py:3033} INFO - Sync 1 DAGs
[2025-04-28T11:15:21.483+0000] {logging_mixin.py:188} INFO - [2025-04-28T11:15:21.483+0000] {dag.py:3820} INFO - Setting next_dagrun for example_sla_dag to 2025-04-28T11:12:00+00:00, run_after=2025-04-28T11:14:00+00:00
[2025-04-28T11:15:21.533+0000] {processor.py:183} INFO - Processing /home/airflow/.local/lib/python3.8/site-packages/airflow/example_dags/example_sla_dag.py took 0.143 seconds
[2025-04-28T11:15:55.291+0000] {processor.py:161} INFO - Started process (PID=1809) to work on /home/airflow/.local/lib/python3.8/site-packages/airflow/example_dags/example_sla_dag.py
[2025-04-28T11:15:55.293+0000] {processor.py:830} INFO - Processing file /home/airflow/.local/lib/python3.8/site-packages/airflow/example_dags/example_sla_dag.py for tasks to queue
[2025-04-28T11:15:55.300+0000] {logging_mixin.py:188} INFO - [2025-04-28T11:15:55.300+0000] {dagbag.py:538} INFO - Filling up the DagBag from /home/airflow/.local/lib/python3.8/site-packages/airflow/example_dags/example_sla_dag.py
[2025-04-28T11:15:55.326+0000] {processor.py:840} INFO - DAG(s) 'example_sla_dag' retrieved from /home/airflow/.local/lib/python3.8/site-packages/airflow/example_dags/example_sla_dag.py
[2025-04-28T11:15:55.375+0000] {logging_mixin.py:188} INFO - [2025-04-28T11:15:55.375+0000] {dag.py:3033} INFO - Sync 1 DAGs
[2025-04-28T11:15:55.468+0000] {logging_mixin.py:188} INFO - [2025-04-28T11:15:55.468+0000] {dag.py:3820} INFO - Setting next_dagrun for example_sla_dag to 2025-04-28T11:12:00+00:00, run_after=2025-04-28T11:14:00+00:00
[2025-04-28T11:15:55.534+0000] {processor.py:183} INFO - Processing /home/airflow/.local/lib/python3.8/site-packages/airflow/example_dags/example_sla_dag.py took 0.248 seconds
[2025-04-28T11:16:27.387+0000] {processor.py:161} INFO - Started process (PID=1866) to work on /home/airflow/.local/lib/python3.8/site-packages/airflow/example_dags/example_sla_dag.py
[2025-04-28T11:16:27.388+0000] {processor.py:830} INFO - Processing file /home/airflow/.local/lib/python3.8/site-packages/airflow/example_dags/example_sla_dag.py for tasks to queue
[2025-04-28T11:16:27.391+0000] {logging_mixin.py:188} INFO - [2025-04-28T11:16:27.391+0000] {dagbag.py:538} INFO - Filling up the DagBag from /home/airflow/.local/lib/python3.8/site-packages/airflow/example_dags/example_sla_dag.py
[2025-04-28T11:16:27.404+0000] {processor.py:840} INFO - DAG(s) 'example_sla_dag' retrieved from /home/airflow/.local/lib/python3.8/site-packages/airflow/example_dags/example_sla_dag.py
[2025-04-28T11:16:27.433+0000] {logging_mixin.py:188} INFO - [2025-04-28T11:16:27.433+0000] {dag.py:3033} INFO - Sync 1 DAGs
[2025-04-28T11:16:27.490+0000] {logging_mixin.py:188} INFO - [2025-04-28T11:16:27.489+0000] {dag.py:3820} INFO - Setting next_dagrun for example_sla_dag to 2025-04-28T11:14:00+00:00, run_after=2025-04-28T11:16:00+00:00
[2025-04-28T11:16:27.523+0000] {processor.py:183} INFO - Processing /home/airflow/.local/lib/python3.8/site-packages/airflow/example_dags/example_sla_dag.py took 0.142 seconds
[2025-04-28T11:16:59.997+0000] {processor.py:161} INFO - Started process (PID=1924) to work on /home/airflow/.local/lib/python3.8/site-packages/airflow/example_dags/example_sla_dag.py
[2025-04-28T11:16:59.998+0000] {processor.py:830} INFO - Processing file /home/airflow/.local/lib/python3.8/site-packages/airflow/example_dags/example_sla_dag.py for tasks to queue
[2025-04-28T11:17:00.001+0000] {logging_mixin.py:188} INFO - [2025-04-28T11:17:00.001+0000] {dagbag.py:538} INFO - Filling up the DagBag from /home/airflow/.local/lib/python3.8/site-packages/airflow/example_dags/example_sla_dag.py
[2025-04-28T11:17:00.013+0000] {processor.py:840} INFO - DAG(s) 'example_sla_dag' retrieved from /home/airflow/.local/lib/python3.8/site-packages/airflow/example_dags/example_sla_dag.py
[2025-04-28T11:17:00.043+0000] {logging_mixin.py:188} INFO - [2025-04-28T11:17:00.043+0000] {dag.py:3033} INFO - Sync 1 DAGs
[2025-04-28T11:17:00.096+0000] {logging_mixin.py:188} INFO - [2025-04-28T11:17:00.095+0000] {dag.py:3820} INFO - Setting next_dagrun for example_sla_dag to 2025-04-28T11:14:00+00:00, run_after=2025-04-28T11:16:00+00:00
[2025-04-28T11:17:00.128+0000] {processor.py:183} INFO - Processing /home/airflow/.local/lib/python3.8/site-packages/airflow/example_dags/example_sla_dag.py took 0.136 seconds
[2025-04-28T11:17:32.405+0000] {processor.py:161} INFO - Started process (PID=1981) to work on /home/airflow/.local/lib/python3.8/site-packages/airflow/example_dags/example_sla_dag.py
[2025-04-28T11:17:32.406+0000] {processor.py:830} INFO - Processing file /home/airflow/.local/lib/python3.8/site-packages/airflow/example_dags/example_sla_dag.py for tasks to queue
[2025-04-28T11:17:32.409+0000] {logging_mixin.py:188} INFO - [2025-04-28T11:17:32.409+0000] {dagbag.py:538} INFO - Filling up the DagBag from /home/airflow/.local/lib/python3.8/site-packages/airflow/example_dags/example_sla_dag.py
[2025-04-28T11:17:32.420+0000] {processor.py:840} INFO - DAG(s) 'example_sla_dag' retrieved from /home/airflow/.local/lib/python3.8/site-packages/airflow/example_dags/example_sla_dag.py
[2025-04-28T11:17:32.445+0000] {logging_mixin.py:188} INFO - [2025-04-28T11:17:32.444+0000] {dag.py:3033} INFO - Sync 1 DAGs
[2025-04-28T11:17:32.486+0000] {logging_mixin.py:188} INFO - [2025-04-28T11:17:32.485+0000] {dag.py:3820} INFO - Setting next_dagrun for example_sla_dag to 2025-04-28T11:14:00+00:00, run_after=2025-04-28T11:16:00+00:00
[2025-04-28T11:17:32.511+0000] {processor.py:183} INFO - Processing /home/airflow/.local/lib/python3.8/site-packages/airflow/example_dags/example_sla_dag.py took 0.111 seconds
[2025-04-28T11:18:04.981+0000] {processor.py:161} INFO - Started process (PID=2038) to work on /home/airflow/.local/lib/python3.8/site-packages/airflow/example_dags/example_sla_dag.py
[2025-04-28T11:18:04.983+0000] {processor.py:830} INFO - Processing file /home/airflow/.local/lib/python3.8/site-packages/airflow/example_dags/example_sla_dag.py for tasks to queue
[2025-04-28T11:18:04.987+0000] {logging_mixin.py:188} INFO - [2025-04-28T11:18:04.987+0000] {dagbag.py:538} INFO - Filling up the DagBag from /home/airflow/.local/lib/python3.8/site-packages/airflow/example_dags/example_sla_dag.py
[2025-04-28T11:18:05.002+0000] {processor.py:840} INFO - DAG(s) 'example_sla_dag' retrieved from /home/airflow/.local/lib/python3.8/site-packages/airflow/example_dags/example_sla_dag.py
[2025-04-28T11:18:05.035+0000] {logging_mixin.py:188} INFO - [2025-04-28T11:18:05.035+0000] {dag.py:3033} INFO - Sync 1 DAGs
[2025-04-28T11:18:05.084+0000] {logging_mixin.py:188} INFO - [2025-04-28T11:18:05.084+0000] {dag.py:3820} INFO - Setting next_dagrun for example_sla_dag to 2025-04-28T11:16:00+00:00, run_after=2025-04-28T11:18:00+00:00
[2025-04-28T11:18:05.116+0000] {processor.py:183} INFO - Processing /home/airflow/.local/lib/python3.8/site-packages/airflow/example_dags/example_sla_dag.py took 0.141 seconds
[2025-04-28T11:18:38.574+0000] {processor.py:161} INFO - Started process (PID=2095) to work on /home/airflow/.local/lib/python3.8/site-packages/airflow/example_dags/example_sla_dag.py
[2025-04-28T11:18:38.575+0000] {processor.py:830} INFO - Processing file /home/airflow/.local/lib/python3.8/site-packages/airflow/example_dags/example_sla_dag.py for tasks to queue
[2025-04-28T11:18:38.579+0000] {logging_mixin.py:188} INFO - [2025-04-28T11:18:38.578+0000] {dagbag.py:538} INFO - Filling up the DagBag from /home/airflow/.local/lib/python3.8/site-packages/airflow/example_dags/example_sla_dag.py
[2025-04-28T11:18:38.592+0000] {processor.py:840} INFO - DAG(s) 'example_sla_dag' retrieved from /home/airflow/.local/lib/python3.8/site-packages/airflow/example_dags/example_sla_dag.py
[2025-04-28T11:18:38.623+0000] {logging_mixin.py:188} INFO - [2025-04-28T11:18:38.623+0000] {dag.py:3033} INFO - Sync 1 DAGs
[2025-04-28T11:18:38.668+0000] {logging_mixin.py:188} INFO - [2025-04-28T11:18:38.667+0000] {dag.py:3820} INFO - Setting next_dagrun for example_sla_dag to 2025-04-28T11:16:00+00:00, run_after=2025-04-28T11:18:00+00:00
[2025-04-28T11:18:38.870+0000] {processor.py:183} INFO - Processing /home/airflow/.local/lib/python3.8/site-packages/airflow/example_dags/example_sla_dag.py took 0.303 seconds
[2025-04-28T11:19:10.925+0000] {processor.py:161} INFO - Started process (PID=2152) to work on /home/airflow/.local/lib/python3.8/site-packages/airflow/example_dags/example_sla_dag.py
[2025-04-28T11:19:10.926+0000] {processor.py:830} INFO - Processing file /home/airflow/.local/lib/python3.8/site-packages/airflow/example_dags/example_sla_dag.py for tasks to queue
[2025-04-28T11:19:10.930+0000] {logging_mixin.py:188} INFO - [2025-04-28T11:19:10.929+0000] {dagbag.py:538} INFO - Filling up the DagBag from /home/airflow/.local/lib/python3.8/site-packages/airflow/example_dags/example_sla_dag.py
[2025-04-28T11:19:10.945+0000] {processor.py:840} INFO - DAG(s) 'example_sla_dag' retrieved from /home/airflow/.local/lib/python3.8/site-packages/airflow/example_dags/example_sla_dag.py
[2025-04-28T11:19:10.984+0000] {logging_mixin.py:188} INFO - [2025-04-28T11:19:10.983+0000] {dag.py:3033} INFO - Sync 1 DAGs
[2025-04-28T11:19:11.051+0000] {logging_mixin.py:188} INFO - [2025-04-28T11:19:11.050+0000] {dag.py:3820} INFO - Setting next_dagrun for example_sla_dag to 2025-04-28T11:16:00+00:00, run_after=2025-04-28T11:18:00+00:00
[2025-04-28T11:19:11.088+0000] {processor.py:183} INFO - Processing /home/airflow/.local/lib/python3.8/site-packages/airflow/example_dags/example_sla_dag.py took 0.167 seconds
[2025-04-28T11:19:44.285+0000] {processor.py:161} INFO - Started process (PID=2209) to work on /home/airflow/.local/lib/python3.8/site-packages/airflow/example_dags/example_sla_dag.py
[2025-04-28T11:19:44.296+0000] {processor.py:830} INFO - Processing file /home/airflow/.local/lib/python3.8/site-packages/airflow/example_dags/example_sla_dag.py for tasks to queue
[2025-04-28T11:19:44.302+0000] {logging_mixin.py:188} INFO - [2025-04-28T11:19:44.301+0000] {dagbag.py:538} INFO - Filling up the DagBag from /home/airflow/.local/lib/python3.8/site-packages/airflow/example_dags/example_sla_dag.py
[2025-04-28T11:19:44.343+0000] {processor.py:840} INFO - DAG(s) 'example_sla_dag' retrieved from /home/airflow/.local/lib/python3.8/site-packages/airflow/example_dags/example_sla_dag.py
[2025-04-28T11:19:44.416+0000] {logging_mixin.py:188} INFO - [2025-04-28T11:19:44.415+0000] {dag.py:3033} INFO - Sync 1 DAGs
[2025-04-28T11:19:44.515+0000] {logging_mixin.py:188} INFO - [2025-04-28T11:19:44.515+0000] {dag.py:3820} INFO - Setting next_dagrun for example_sla_dag to 2025-04-28T11:16:00+00:00, run_after=2025-04-28T11:18:00+00:00
[2025-04-28T11:19:44.564+0000] {processor.py:183} INFO - Processing /home/airflow/.local/lib/python3.8/site-packages/airflow/example_dags/example_sla_dag.py took 0.289 seconds
[2025-04-28T11:20:18.204+0000] {processor.py:161} INFO - Started process (PID=2268) to work on /home/airflow/.local/lib/python3.8/site-packages/airflow/example_dags/example_sla_dag.py
[2025-04-28T11:20:18.205+0000] {processor.py:830} INFO - Processing file /home/airflow/.local/lib/python3.8/site-packages/airflow/example_dags/example_sla_dag.py for tasks to queue
[2025-04-28T11:20:18.211+0000] {logging_mixin.py:188} INFO - [2025-04-28T11:20:18.210+0000] {dagbag.py:538} INFO - Filling up the DagBag from /home/airflow/.local/lib/python3.8/site-packages/airflow/example_dags/example_sla_dag.py
[2025-04-28T11:20:18.227+0000] {processor.py:840} INFO - DAG(s) 'example_sla_dag' retrieved from /home/airflow/.local/lib/python3.8/site-packages/airflow/example_dags/example_sla_dag.py
[2025-04-28T11:20:18.275+0000] {logging_mixin.py:188} INFO - [2025-04-28T11:20:18.275+0000] {dag.py:3033} INFO - Sync 1 DAGs
[2025-04-28T11:20:18.521+0000] {logging_mixin.py:188} INFO - [2025-04-28T11:20:18.521+0000] {dag.py:3820} INFO - Setting next_dagrun for example_sla_dag to 2025-04-28T11:18:00+00:00, run_after=2025-04-28T11:20:00+00:00
[2025-04-28T11:20:18.562+0000] {processor.py:183} INFO - Processing /home/airflow/.local/lib/python3.8/site-packages/airflow/example_dags/example_sla_dag.py took 0.364 seconds
[2025-04-28T11:20:50.100+0000] {processor.py:161} INFO - Started process (PID=2324) to work on /home/airflow/.local/lib/python3.8/site-packages/airflow/example_dags/example_sla_dag.py
[2025-04-28T11:20:50.104+0000] {processor.py:830} INFO - Processing file /home/airflow/.local/lib/python3.8/site-packages/airflow/example_dags/example_sla_dag.py for tasks to queue
[2025-04-28T11:20:50.109+0000] {logging_mixin.py:188} INFO - [2025-04-28T11:20:50.108+0000] {dagbag.py:538} INFO - Filling up the DagBag from /home/airflow/.local/lib/python3.8/site-packages/airflow/example_dags/example_sla_dag.py
[2025-04-28T11:20:50.128+0000] {processor.py:840} INFO - DAG(s) 'example_sla_dag' retrieved from /home/airflow/.local/lib/python3.8/site-packages/airflow/example_dags/example_sla_dag.py
[2025-04-28T11:20:50.166+0000] {logging_mixin.py:188} INFO - [2025-04-28T11:20:50.166+0000] {dag.py:3033} INFO - Sync 1 DAGs
[2025-04-28T11:20:50.215+0000] {logging_mixin.py:188} INFO - [2025-04-28T11:20:50.214+0000] {dag.py:3820} INFO - Setting next_dagrun for example_sla_dag to 2025-04-28T11:18:00+00:00, run_after=2025-04-28T11:20:00+00:00
[2025-04-28T11:20:50.254+0000] {processor.py:183} INFO - Processing /home/airflow/.local/lib/python3.8/site-packages/airflow/example_dags/example_sla_dag.py took 0.162 seconds
[2025-04-28T11:21:21.901+0000] {processor.py:161} INFO - Started process (PID=2382) to work on /home/airflow/.local/lib/python3.8/site-packages/airflow/example_dags/example_sla_dag.py
[2025-04-28T11:21:21.903+0000] {processor.py:830} INFO - Processing file /home/airflow/.local/lib/python3.8/site-packages/airflow/example_dags/example_sla_dag.py for tasks to queue
[2025-04-28T11:21:21.906+0000] {logging_mixin.py:188} INFO - [2025-04-28T11:21:21.906+0000] {dagbag.py:538} INFO - Filling up the DagBag from /home/airflow/.local/lib/python3.8/site-packages/airflow/example_dags/example_sla_dag.py
[2025-04-28T11:21:21.921+0000] {processor.py:840} INFO - DAG(s) 'example_sla_dag' retrieved from /home/airflow/.local/lib/python3.8/site-packages/airflow/example_dags/example_sla_dag.py
[2025-04-28T11:21:21.953+0000] {logging_mixin.py:188} INFO - [2025-04-28T11:21:21.953+0000] {dag.py:3033} INFO - Sync 1 DAGs
[2025-04-28T11:21:21.994+0000] {logging_mixin.py:188} INFO - [2025-04-28T11:21:21.994+0000] {dag.py:3820} INFO - Setting next_dagrun for example_sla_dag to 2025-04-28T11:18:00+00:00, run_after=2025-04-28T11:20:00+00:00
[2025-04-28T11:21:22.042+0000] {processor.py:183} INFO - Processing /home/airflow/.local/lib/python3.8/site-packages/airflow/example_dags/example_sla_dag.py took 0.146 seconds
[2025-04-28T11:21:55.789+0000] {processor.py:161} INFO - Started process (PID=2437) to work on /home/airflow/.local/lib/python3.8/site-packages/airflow/example_dags/example_sla_dag.py
[2025-04-28T11:21:55.791+0000] {processor.py:830} INFO - Processing file /home/airflow/.local/lib/python3.8/site-packages/airflow/example_dags/example_sla_dag.py for tasks to queue
[2025-04-28T11:21:55.794+0000] {logging_mixin.py:188} INFO - [2025-04-28T11:21:55.794+0000] {dagbag.py:538} INFO - Filling up the DagBag from /home/airflow/.local/lib/python3.8/site-packages/airflow/example_dags/example_sla_dag.py
[2025-04-28T11:21:55.812+0000] {processor.py:840} INFO - DAG(s) 'example_sla_dag' retrieved from /home/airflow/.local/lib/python3.8/site-packages/airflow/example_dags/example_sla_dag.py
[2025-04-28T11:21:55.846+0000] {logging_mixin.py:188} INFO - [2025-04-28T11:21:55.846+0000] {dag.py:3033} INFO - Sync 1 DAGs
[2025-04-28T11:21:56.051+0000] {logging_mixin.py:188} INFO - [2025-04-28T11:21:56.050+0000] {dag.py:3820} INFO - Setting next_dagrun for example_sla_dag to 2025-04-28T11:18:00+00:00, run_after=2025-04-28T11:20:00+00:00
[2025-04-28T11:21:56.082+0000] {processor.py:183} INFO - Processing /home/airflow/.local/lib/python3.8/site-packages/airflow/example_dags/example_sla_dag.py took 0.298 seconds
[2025-04-28T11:22:27.111+0000] {processor.py:161} INFO - Started process (PID=2494) to work on /home/airflow/.local/lib/python3.8/site-packages/airflow/example_dags/example_sla_dag.py
[2025-04-28T11:22:27.113+0000] {processor.py:830} INFO - Processing file /home/airflow/.local/lib/python3.8/site-packages/airflow/example_dags/example_sla_dag.py for tasks to queue
[2025-04-28T11:22:27.117+0000] {logging_mixin.py:188} INFO - [2025-04-28T11:22:27.116+0000] {dagbag.py:538} INFO - Filling up the DagBag from /home/airflow/.local/lib/python3.8/site-packages/airflow/example_dags/example_sla_dag.py
[2025-04-28T11:22:27.129+0000] {processor.py:840} INFO - DAG(s) 'example_sla_dag' retrieved from /home/airflow/.local/lib/python3.8/site-packages/airflow/example_dags/example_sla_dag.py
[2025-04-28T11:22:27.179+0000] {logging_mixin.py:188} INFO - [2025-04-28T11:22:27.179+0000] {dag.py:3033} INFO - Sync 1 DAGs
[2025-04-28T11:22:27.235+0000] {logging_mixin.py:188} INFO - [2025-04-28T11:22:27.235+0000] {dag.py:3820} INFO - Setting next_dagrun for example_sla_dag to 2025-04-28T11:20:00+00:00, run_after=2025-04-28T11:22:00+00:00
[2025-04-28T11:22:27.272+0000] {processor.py:183} INFO - Processing /home/airflow/.local/lib/python3.8/site-packages/airflow/example_dags/example_sla_dag.py took 0.166 seconds
[2025-04-28T11:22:59.982+0000] {processor.py:161} INFO - Started process (PID=2551) to work on /home/airflow/.local/lib/python3.8/site-packages/airflow/example_dags/example_sla_dag.py
[2025-04-28T11:22:59.983+0000] {processor.py:830} INFO - Processing file /home/airflow/.local/lib/python3.8/site-packages/airflow/example_dags/example_sla_dag.py for tasks to queue
[2025-04-28T11:22:59.987+0000] {logging_mixin.py:188} INFO - [2025-04-28T11:22:59.986+0000] {dagbag.py:538} INFO - Filling up the DagBag from /home/airflow/.local/lib/python3.8/site-packages/airflow/example_dags/example_sla_dag.py
[2025-04-28T11:23:00.002+0000] {processor.py:840} INFO - DAG(s) 'example_sla_dag' retrieved from /home/airflow/.local/lib/python3.8/site-packages/airflow/example_dags/example_sla_dag.py
[2025-04-28T11:23:00.032+0000] {logging_mixin.py:188} INFO - [2025-04-28T11:23:00.032+0000] {dag.py:3033} INFO - Sync 1 DAGs
[2025-04-28T11:23:00.079+0000] {logging_mixin.py:188} INFO - [2025-04-28T11:23:00.079+0000] {dag.py:3820} INFO - Setting next_dagrun for example_sla_dag to 2025-04-28T11:20:00+00:00, run_after=2025-04-28T11:22:00+00:00
[2025-04-28T11:23:00.112+0000] {processor.py:183} INFO - Processing /home/airflow/.local/lib/python3.8/site-packages/airflow/example_dags/example_sla_dag.py took 0.136 seconds
[2025-04-28T11:23:34.248+0000] {processor.py:161} INFO - Started process (PID=2608) to work on /home/airflow/.local/lib/python3.8/site-packages/airflow/example_dags/example_sla_dag.py
[2025-04-28T11:23:34.250+0000] {processor.py:830} INFO - Processing file /home/airflow/.local/lib/python3.8/site-packages/airflow/example_dags/example_sla_dag.py for tasks to queue
[2025-04-28T11:23:34.255+0000] {logging_mixin.py:188} INFO - [2025-04-28T11:23:34.254+0000] {dagbag.py:538} INFO - Filling up the DagBag from /home/airflow/.local/lib/python3.8/site-packages/airflow/example_dags/example_sla_dag.py
[2025-04-28T11:23:34.273+0000] {processor.py:840} INFO - DAG(s) 'example_sla_dag' retrieved from /home/airflow/.local/lib/python3.8/site-packages/airflow/example_dags/example_sla_dag.py
[2025-04-28T11:23:34.336+0000] {logging_mixin.py:188} INFO - [2025-04-28T11:23:34.335+0000] {dag.py:3033} INFO - Sync 1 DAGs
[2025-04-28T11:23:34.597+0000] {logging_mixin.py:188} INFO - [2025-04-28T11:23:34.596+0000] {dag.py:3820} INFO - Setting next_dagrun for example_sla_dag to 2025-04-28T11:20:00+00:00, run_after=2025-04-28T11:22:00+00:00
[2025-04-28T11:23:34.638+0000] {processor.py:183} INFO - Processing /home/airflow/.local/lib/python3.8/site-packages/airflow/example_dags/example_sla_dag.py took 0.396 seconds
[2025-04-28T11:24:05.007+0000] {processor.py:161} INFO - Started process (PID=2666) to work on /home/airflow/.local/lib/python3.8/site-packages/airflow/example_dags/example_sla_dag.py
[2025-04-28T11:24:05.009+0000] {processor.py:830} INFO - Processing file /home/airflow/.local/lib/python3.8/site-packages/airflow/example_dags/example_sla_dag.py for tasks to queue
[2025-04-28T11:24:05.012+0000] {logging_mixin.py:188} INFO - [2025-04-28T11:24:05.012+0000] {dagbag.py:538} INFO - Filling up the DagBag from /home/airflow/.local/lib/python3.8/site-packages/airflow/example_dags/example_sla_dag.py
[2025-04-28T11:24:05.026+0000] {processor.py:840} INFO - DAG(s) 'example_sla_dag' retrieved from /home/airflow/.local/lib/python3.8/site-packages/airflow/example_dags/example_sla_dag.py
[2025-04-28T11:24:05.059+0000] {logging_mixin.py:188} INFO - [2025-04-28T11:24:05.059+0000] {dag.py:3033} INFO - Sync 1 DAGs
[2025-04-28T11:24:05.102+0000] {logging_mixin.py:188} INFO - [2025-04-28T11:24:05.102+0000] {dag.py:3820} INFO - Setting next_dagrun for example_sla_dag to 2025-04-28T11:22:00+00:00, run_after=2025-04-28T11:24:00+00:00
[2025-04-28T11:24:05.140+0000] {processor.py:183} INFO - Processing /home/airflow/.local/lib/python3.8/site-packages/airflow/example_dags/example_sla_dag.py took 0.138 seconds
[2025-04-28T11:24:37.449+0000] {processor.py:161} INFO - Started process (PID=2723) to work on /home/airflow/.local/lib/python3.8/site-packages/airflow/example_dags/example_sla_dag.py
[2025-04-28T11:24:37.450+0000] {processor.py:830} INFO - Processing file /home/airflow/.local/lib/python3.8/site-packages/airflow/example_dags/example_sla_dag.py for tasks to queue
[2025-04-28T11:24:37.454+0000] {logging_mixin.py:188} INFO - [2025-04-28T11:24:37.453+0000] {dagbag.py:538} INFO - Filling up the DagBag from /home/airflow/.local/lib/python3.8/site-packages/airflow/example_dags/example_sla_dag.py
[2025-04-28T11:24:37.671+0000] {processor.py:840} INFO - DAG(s) 'example_sla_dag' retrieved from /home/airflow/.local/lib/python3.8/site-packages/airflow/example_dags/example_sla_dag.py
[2025-04-28T11:24:37.702+0000] {logging_mixin.py:188} INFO - [2025-04-28T11:24:37.702+0000] {dag.py:3033} INFO - Sync 1 DAGs
[2025-04-28T11:24:37.745+0000] {logging_mixin.py:188} INFO - [2025-04-28T11:24:37.745+0000] {dag.py:3820} INFO - Setting next_dagrun for example_sla_dag to 2025-04-28T11:22:00+00:00, run_after=2025-04-28T11:24:00+00:00
[2025-04-28T11:24:37.778+0000] {processor.py:183} INFO - Processing /home/airflow/.local/lib/python3.8/site-packages/airflow/example_dags/example_sla_dag.py took 0.334 seconds
[2025-04-28T11:25:09.548+0000] {processor.py:161} INFO - Started process (PID=2779) to work on /home/airflow/.local/lib/python3.8/site-packages/airflow/example_dags/example_sla_dag.py
[2025-04-28T11:25:09.551+0000] {processor.py:830} INFO - Processing file /home/airflow/.local/lib/python3.8/site-packages/airflow/example_dags/example_sla_dag.py for tasks to queue
[2025-04-28T11:25:09.555+0000] {logging_mixin.py:188} INFO - [2025-04-28T11:25:09.555+0000] {dagbag.py:538} INFO - Filling up the DagBag from /home/airflow/.local/lib/python3.8/site-packages/airflow/example_dags/example_sla_dag.py
[2025-04-28T11:25:09.582+0000] {processor.py:840} INFO - DAG(s) 'example_sla_dag' retrieved from /home/airflow/.local/lib/python3.8/site-packages/airflow/example_dags/example_sla_dag.py
[2025-04-28T11:25:09.649+0000] {logging_mixin.py:188} INFO - [2025-04-28T11:25:09.649+0000] {dag.py:3033} INFO - Sync 1 DAGs
[2025-04-28T11:25:09.706+0000] {logging_mixin.py:188} INFO - [2025-04-28T11:25:09.705+0000] {dag.py:3820} INFO - Setting next_dagrun for example_sla_dag to 2025-04-28T11:22:00+00:00, run_after=2025-04-28T11:24:00+00:00
[2025-04-28T11:25:09.747+0000] {processor.py:183} INFO - Processing /home/airflow/.local/lib/python3.8/site-packages/airflow/example_dags/example_sla_dag.py took 0.208 seconds
[2025-04-28T11:25:42.601+0000] {processor.py:161} INFO - Started process (PID=2836) to work on /home/airflow/.local/lib/python3.8/site-packages/airflow/example_dags/example_sla_dag.py
[2025-04-28T11:25:42.603+0000] {processor.py:830} INFO - Processing file /home/airflow/.local/lib/python3.8/site-packages/airflow/example_dags/example_sla_dag.py for tasks to queue
[2025-04-28T11:25:42.606+0000] {logging_mixin.py:188} INFO - [2025-04-28T11:25:42.605+0000] {dagbag.py:538} INFO - Filling up the DagBag from /home/airflow/.local/lib/python3.8/site-packages/airflow/example_dags/example_sla_dag.py
[2025-04-28T11:25:42.619+0000] {processor.py:840} INFO - DAG(s) 'example_sla_dag' retrieved from /home/airflow/.local/lib/python3.8/site-packages/airflow/example_dags/example_sla_dag.py
[2025-04-28T11:25:42.648+0000] {logging_mixin.py:188} INFO - [2025-04-28T11:25:42.648+0000] {dag.py:3033} INFO - Sync 1 DAGs
[2025-04-28T11:25:42.695+0000] {logging_mixin.py:188} INFO - [2025-04-28T11:25:42.695+0000] {dag.py:3820} INFO - Setting next_dagrun for example_sla_dag to 2025-04-28T11:22:00+00:00, run_after=2025-04-28T11:24:00+00:00
[2025-04-28T11:25:42.728+0000] {processor.py:183} INFO - Processing /home/airflow/.local/lib/python3.8/site-packages/airflow/example_dags/example_sla_dag.py took 0.133 seconds
[2025-04-28T11:26:14.988+0000] {processor.py:161} INFO - Started process (PID=2892) to work on /home/airflow/.local/lib/python3.8/site-packages/airflow/example_dags/example_sla_dag.py
[2025-04-28T11:26:14.990+0000] {processor.py:830} INFO - Processing file /home/airflow/.local/lib/python3.8/site-packages/airflow/example_dags/example_sla_dag.py for tasks to queue
[2025-04-28T11:26:14.991+0000] {logging_mixin.py:188} INFO - [2025-04-28T11:26:14.991+0000] {dagbag.py:538} INFO - Filling up the DagBag from /home/airflow/.local/lib/python3.8/site-packages/airflow/example_dags/example_sla_dag.py
[2025-04-28T11:26:15.008+0000] {processor.py:840} INFO - DAG(s) 'example_sla_dag' retrieved from /home/airflow/.local/lib/python3.8/site-packages/airflow/example_dags/example_sla_dag.py
[2025-04-28T11:26:15.045+0000] {logging_mixin.py:188} INFO - [2025-04-28T11:26:15.045+0000] {dag.py:3033} INFO - Sync 1 DAGs
[2025-04-28T11:26:15.111+0000] {logging_mixin.py:188} INFO - [2025-04-28T11:26:15.110+0000] {dag.py:3820} INFO - Setting next_dagrun for example_sla_dag to 2025-04-28T11:24:00+00:00, run_after=2025-04-28T11:26:00+00:00
[2025-04-28T11:26:15.151+0000] {processor.py:183} INFO - Processing /home/airflow/.local/lib/python3.8/site-packages/airflow/example_dags/example_sla_dag.py took 0.169 seconds
[2025-04-28T11:26:48.350+0000] {processor.py:161} INFO - Started process (PID=2949) to work on /home/airflow/.local/lib/python3.8/site-packages/airflow/example_dags/example_sla_dag.py
[2025-04-28T11:26:48.352+0000] {processor.py:830} INFO - Processing file /home/airflow/.local/lib/python3.8/site-packages/airflow/example_dags/example_sla_dag.py for tasks to queue
[2025-04-28T11:26:48.356+0000] {logging_mixin.py:188} INFO - [2025-04-28T11:26:48.354+0000] {dagbag.py:538} INFO - Filling up the DagBag from /home/airflow/.local/lib/python3.8/site-packages/airflow/example_dags/example_sla_dag.py
[2025-04-28T11:26:48.379+0000] {processor.py:840} INFO - DAG(s) 'example_sla_dag' retrieved from /home/airflow/.local/lib/python3.8/site-packages/airflow/example_dags/example_sla_dag.py
[2025-04-28T11:26:48.418+0000] {logging_mixin.py:188} INFO - [2025-04-28T11:26:48.417+0000] {dag.py:3033} INFO - Sync 1 DAGs
[2025-04-28T11:26:48.488+0000] {logging_mixin.py:188} INFO - [2025-04-28T11:26:48.488+0000] {dag.py:3820} INFO - Setting next_dagrun for example_sla_dag to 2025-04-28T11:24:00+00:00, run_after=2025-04-28T11:26:00+00:00
[2025-04-28T11:26:48.522+0000] {processor.py:183} INFO - Processing /home/airflow/.local/lib/python3.8/site-packages/airflow/example_dags/example_sla_dag.py took 0.182 seconds
[2025-04-28T11:27:20.922+0000] {processor.py:161} INFO - Started process (PID=3005) to work on /home/airflow/.local/lib/python3.8/site-packages/airflow/example_dags/example_sla_dag.py
[2025-04-28T11:27:20.924+0000] {processor.py:830} INFO - Processing file /home/airflow/.local/lib/python3.8/site-packages/airflow/example_dags/example_sla_dag.py for tasks to queue
[2025-04-28T11:27:20.925+0000] {logging_mixin.py:188} INFO - [2025-04-28T11:27:20.925+0000] {dagbag.py:538} INFO - Filling up the DagBag from /home/airflow/.local/lib/python3.8/site-packages/airflow/example_dags/example_sla_dag.py
[2025-04-28T11:27:20.942+0000] {processor.py:840} INFO - DAG(s) 'example_sla_dag' retrieved from /home/airflow/.local/lib/python3.8/site-packages/airflow/example_dags/example_sla_dag.py
[2025-04-28T11:27:20.973+0000] {logging_mixin.py:188} INFO - [2025-04-28T11:27:20.973+0000] {dag.py:3033} INFO - Sync 1 DAGs
[2025-04-28T11:27:21.055+0000] {logging_mixin.py:188} INFO - [2025-04-28T11:27:21.055+0000] {dag.py:3820} INFO - Setting next_dagrun for example_sla_dag to 2025-04-28T11:24:00+00:00, run_after=2025-04-28T11:26:00+00:00
[2025-04-28T11:27:21.283+0000] {processor.py:183} INFO - Processing /home/airflow/.local/lib/python3.8/site-packages/airflow/example_dags/example_sla_dag.py took 0.365 seconds
[2025-04-28T11:27:53.981+0000] {processor.py:161} INFO - Started process (PID=3061) to work on /home/airflow/.local/lib/python3.8/site-packages/airflow/example_dags/example_sla_dag.py
[2025-04-28T11:27:53.990+0000] {processor.py:830} INFO - Processing file /home/airflow/.local/lib/python3.8/site-packages/airflow/example_dags/example_sla_dag.py for tasks to queue
[2025-04-28T11:27:53.995+0000] {logging_mixin.py:188} INFO - [2025-04-28T11:27:53.994+0000] {dagbag.py:538} INFO - Filling up the DagBag from /home/airflow/.local/lib/python3.8/site-packages/airflow/example_dags/example_sla_dag.py
[2025-04-28T11:27:54.029+0000] {processor.py:840} INFO - DAG(s) 'example_sla_dag' retrieved from /home/airflow/.local/lib/python3.8/site-packages/airflow/example_dags/example_sla_dag.py
[2025-04-28T11:27:54.076+0000] {logging_mixin.py:188} INFO - [2025-04-28T11:27:54.075+0000] {dag.py:3033} INFO - Sync 1 DAGs
[2025-04-28T11:27:54.140+0000] {logging_mixin.py:188} INFO - [2025-04-28T11:27:54.140+0000] {dag.py:3820} INFO - Setting next_dagrun for example_sla_dag to 2025-04-28T11:24:00+00:00, run_after=2025-04-28T11:26:00+00:00
[2025-04-28T11:27:54.226+0000] {processor.py:183} INFO - Processing /home/airflow/.local/lib/python3.8/site-packages/airflow/example_dags/example_sla_dag.py took 0.271 seconds
[2025-04-28T11:28:26.636+0000] {processor.py:161} INFO - Started process (PID=3117) to work on /home/airflow/.local/lib/python3.8/site-packages/airflow/example_dags/example_sla_dag.py
[2025-04-28T11:28:26.640+0000] {processor.py:830} INFO - Processing file /home/airflow/.local/lib/python3.8/site-packages/airflow/example_dags/example_sla_dag.py for tasks to queue
[2025-04-28T11:28:26.642+0000] {logging_mixin.py:188} INFO - [2025-04-28T11:28:26.642+0000] {dagbag.py:538} INFO - Filling up the DagBag from /home/airflow/.local/lib/python3.8/site-packages/airflow/example_dags/example_sla_dag.py
[2025-04-28T11:28:26.658+0000] {processor.py:840} INFO - DAG(s) 'example_sla_dag' retrieved from /home/airflow/.local/lib/python3.8/site-packages/airflow/example_dags/example_sla_dag.py
[2025-04-28T11:28:26.690+0000] {logging_mixin.py:188} INFO - [2025-04-28T11:28:26.690+0000] {dag.py:3033} INFO - Sync 1 DAGs
[2025-04-28T11:28:26.742+0000] {logging_mixin.py:188} INFO - [2025-04-28T11:28:26.741+0000] {dag.py:3820} INFO - Setting next_dagrun for example_sla_dag to 2025-04-28T11:26:00+00:00, run_after=2025-04-28T11:28:00+00:00
[2025-04-28T11:28:26.782+0000] {processor.py:183} INFO - Processing /home/airflow/.local/lib/python3.8/site-packages/airflow/example_dags/example_sla_dag.py took 0.151 seconds
[2025-04-28T11:28:58.937+0000] {processor.py:161} INFO - Started process (PID=3173) to work on /home/airflow/.local/lib/python3.8/site-packages/airflow/example_dags/example_sla_dag.py
[2025-04-28T11:28:58.938+0000] {processor.py:830} INFO - Processing file /home/airflow/.local/lib/python3.8/site-packages/airflow/example_dags/example_sla_dag.py for tasks to queue
[2025-04-28T11:28:58.940+0000] {logging_mixin.py:188} INFO - [2025-04-28T11:28:58.939+0000] {dagbag.py:538} INFO - Filling up the DagBag from /home/airflow/.local/lib/python3.8/site-packages/airflow/example_dags/example_sla_dag.py
[2025-04-28T11:28:58.955+0000] {processor.py:840} INFO - DAG(s) 'example_sla_dag' retrieved from /home/airflow/.local/lib/python3.8/site-packages/airflow/example_dags/example_sla_dag.py
[2025-04-28T11:28:58.993+0000] {logging_mixin.py:188} INFO - [2025-04-28T11:28:58.993+0000] {dag.py:3033} INFO - Sync 1 DAGs
[2025-04-28T11:28:59.041+0000] {logging_mixin.py:188} INFO - [2025-04-28T11:28:59.041+0000] {dag.py:3820} INFO - Setting next_dagrun for example_sla_dag to 2025-04-28T11:26:00+00:00, run_after=2025-04-28T11:28:00+00:00
[2025-04-28T11:28:59.088+0000] {processor.py:183} INFO - Processing /home/airflow/.local/lib/python3.8/site-packages/airflow/example_dags/example_sla_dag.py took 0.158 seconds
[2025-04-28T11:29:31.458+0000] {processor.py:161} INFO - Started process (PID=3230) to work on /home/airflow/.local/lib/python3.8/site-packages/airflow/example_dags/example_sla_dag.py
[2025-04-28T11:29:31.460+0000] {processor.py:830} INFO - Processing file /home/airflow/.local/lib/python3.8/site-packages/airflow/example_dags/example_sla_dag.py for tasks to queue
[2025-04-28T11:29:31.462+0000] {logging_mixin.py:188} INFO - [2025-04-28T11:29:31.461+0000] {dagbag.py:538} INFO - Filling up the DagBag from /home/airflow/.local/lib/python3.8/site-packages/airflow/example_dags/example_sla_dag.py
[2025-04-28T11:29:31.479+0000] {processor.py:840} INFO - DAG(s) 'example_sla_dag' retrieved from /home/airflow/.local/lib/python3.8/site-packages/airflow/example_dags/example_sla_dag.py
[2025-04-28T11:29:31.516+0000] {logging_mixin.py:188} INFO - [2025-04-28T11:29:31.515+0000] {dag.py:3033} INFO - Sync 1 DAGs
[2025-04-28T11:29:31.588+0000] {logging_mixin.py:188} INFO - [2025-04-28T11:29:31.587+0000] {dag.py:3820} INFO - Setting next_dagrun for example_sla_dag to 2025-04-28T11:26:00+00:00, run_after=2025-04-28T11:28:00+00:00
[2025-04-28T11:29:31.627+0000] {processor.py:183} INFO - Processing /home/airflow/.local/lib/python3.8/site-packages/airflow/example_dags/example_sla_dag.py took 0.173 seconds
[2025-04-28T11:30:04.906+0000] {processor.py:161} INFO - Started process (PID=3285) to work on /home/airflow/.local/lib/python3.8/site-packages/airflow/example_dags/example_sla_dag.py
[2025-04-28T11:30:04.909+0000] {processor.py:830} INFO - Processing file /home/airflow/.local/lib/python3.8/site-packages/airflow/example_dags/example_sla_dag.py for tasks to queue
[2025-04-28T11:30:04.913+0000] {logging_mixin.py:188} INFO - [2025-04-28T11:30:04.913+0000] {dagbag.py:538} INFO - Filling up the DagBag from /home/airflow/.local/lib/python3.8/site-packages/airflow/example_dags/example_sla_dag.py
[2025-04-28T11:30:04.942+0000] {processor.py:840} INFO - DAG(s) 'example_sla_dag' retrieved from /home/airflow/.local/lib/python3.8/site-packages/airflow/example_dags/example_sla_dag.py
[2025-04-28T11:30:05.023+0000] {logging_mixin.py:188} INFO - [2025-04-28T11:30:05.022+0000] {dag.py:3033} INFO - Sync 1 DAGs
[2025-04-28T11:30:05.125+0000] {logging_mixin.py:188} INFO - [2025-04-28T11:30:05.124+0000] {dag.py:3820} INFO - Setting next_dagrun for example_sla_dag to 2025-04-28T11:28:00+00:00, run_after=2025-04-28T11:30:00+00:00
[2025-04-28T11:30:05.170+0000] {processor.py:183} INFO - Processing /home/airflow/.local/lib/python3.8/site-packages/airflow/example_dags/example_sla_dag.py took 0.271 seconds
[2025-04-28T11:30:38.003+0000] {processor.py:161} INFO - Started process (PID=3341) to work on /home/airflow/.local/lib/python3.8/site-packages/airflow/example_dags/example_sla_dag.py
[2025-04-28T11:30:38.004+0000] {processor.py:830} INFO - Processing file /home/airflow/.local/lib/python3.8/site-packages/airflow/example_dags/example_sla_dag.py for tasks to queue
[2025-04-28T11:30:38.007+0000] {logging_mixin.py:188} INFO - [2025-04-28T11:30:38.006+0000] {dagbag.py:538} INFO - Filling up the DagBag from /home/airflow/.local/lib/python3.8/site-packages/airflow/example_dags/example_sla_dag.py
[2025-04-28T11:30:38.021+0000] {processor.py:840} INFO - DAG(s) 'example_sla_dag' retrieved from /home/airflow/.local/lib/python3.8/site-packages/airflow/example_dags/example_sla_dag.py
[2025-04-28T11:30:38.055+0000] {logging_mixin.py:188} INFO - [2025-04-28T11:30:38.054+0000] {dag.py:3033} INFO - Sync 1 DAGs
[2025-04-28T11:30:38.108+0000] {logging_mixin.py:188} INFO - [2025-04-28T11:30:38.108+0000] {dag.py:3820} INFO - Setting next_dagrun for example_sla_dag to 2025-04-28T11:28:00+00:00, run_after=2025-04-28T11:30:00+00:00
[2025-04-28T11:30:38.149+0000] {processor.py:183} INFO - Processing /home/airflow/.local/lib/python3.8/site-packages/airflow/example_dags/example_sla_dag.py took 0.152 seconds
[2025-04-28T11:31:09.721+0000] {processor.py:161} INFO - Started process (PID=3397) to work on /home/airflow/.local/lib/python3.8/site-packages/airflow/example_dags/example_sla_dag.py
[2025-04-28T11:31:09.730+0000] {processor.py:830} INFO - Processing file /home/airflow/.local/lib/python3.8/site-packages/airflow/example_dags/example_sla_dag.py for tasks to queue
[2025-04-28T11:31:09.733+0000] {logging_mixin.py:188} INFO - [2025-04-28T11:31:09.732+0000] {dagbag.py:538} INFO - Filling up the DagBag from /home/airflow/.local/lib/python3.8/site-packages/airflow/example_dags/example_sla_dag.py
[2025-04-28T11:31:09.755+0000] {processor.py:840} INFO - DAG(s) 'example_sla_dag' retrieved from /home/airflow/.local/lib/python3.8/site-packages/airflow/example_dags/example_sla_dag.py
[2025-04-28T11:31:09.820+0000] {logging_mixin.py:188} INFO - [2025-04-28T11:31:09.820+0000] {dag.py:3033} INFO - Sync 1 DAGs
[2025-04-28T11:31:09.883+0000] {logging_mixin.py:188} INFO - [2025-04-28T11:31:09.882+0000] {dag.py:3820} INFO - Setting next_dagrun for example_sla_dag to 2025-04-28T11:28:00+00:00, run_after=2025-04-28T11:30:00+00:00
[2025-04-28T11:31:09.928+0000] {processor.py:183} INFO - Processing /home/airflow/.local/lib/python3.8/site-packages/airflow/example_dags/example_sla_dag.py took 0.217 seconds
[2025-04-28T11:31:42.533+0000] {processor.py:161} INFO - Started process (PID=3455) to work on /home/airflow/.local/lib/python3.8/site-packages/airflow/example_dags/example_sla_dag.py
[2025-04-28T11:31:42.535+0000] {processor.py:830} INFO - Processing file /home/airflow/.local/lib/python3.8/site-packages/airflow/example_dags/example_sla_dag.py for tasks to queue
[2025-04-28T11:31:42.537+0000] {logging_mixin.py:188} INFO - [2025-04-28T11:31:42.536+0000] {dagbag.py:538} INFO - Filling up the DagBag from /home/airflow/.local/lib/python3.8/site-packages/airflow/example_dags/example_sla_dag.py
[2025-04-28T11:31:42.558+0000] {processor.py:840} INFO - DAG(s) 'example_sla_dag' retrieved from /home/airflow/.local/lib/python3.8/site-packages/airflow/example_dags/example_sla_dag.py
[2025-04-28T11:31:42.592+0000] {logging_mixin.py:188} INFO - [2025-04-28T11:31:42.591+0000] {dag.py:3033} INFO - Sync 1 DAGs
[2025-04-28T11:31:42.632+0000] {logging_mixin.py:188} INFO - [2025-04-28T11:31:42.632+0000] {dag.py:3820} INFO - Setting next_dagrun for example_sla_dag to 2025-04-28T11:28:00+00:00, run_after=2025-04-28T11:30:00+00:00
[2025-04-28T11:31:42.670+0000] {processor.py:183} INFO - Processing /home/airflow/.local/lib/python3.8/site-packages/airflow/example_dags/example_sla_dag.py took 0.143 seconds
[2025-04-28T11:32:15.405+0000] {processor.py:161} INFO - Started process (PID=3511) to work on /home/airflow/.local/lib/python3.8/site-packages/airflow/example_dags/example_sla_dag.py
[2025-04-28T11:32:15.407+0000] {processor.py:830} INFO - Processing file /home/airflow/.local/lib/python3.8/site-packages/airflow/example_dags/example_sla_dag.py for tasks to queue
[2025-04-28T11:32:15.409+0000] {logging_mixin.py:188} INFO - [2025-04-28T11:32:15.409+0000] {dagbag.py:538} INFO - Filling up the DagBag from /home/airflow/.local/lib/python3.8/site-packages/airflow/example_dags/example_sla_dag.py
[2025-04-28T11:32:15.424+0000] {processor.py:840} INFO - DAG(s) 'example_sla_dag' retrieved from /home/airflow/.local/lib/python3.8/site-packages/airflow/example_dags/example_sla_dag.py
[2025-04-28T11:32:15.457+0000] {logging_mixin.py:188} INFO - [2025-04-28T11:32:15.457+0000] {dag.py:3033} INFO - Sync 1 DAGs
[2025-04-28T11:32:15.505+0000] {logging_mixin.py:188} INFO - [2025-04-28T11:32:15.505+0000] {dag.py:3820} INFO - Setting next_dagrun for example_sla_dag to 2025-04-28T11:30:00+00:00, run_after=2025-04-28T11:32:00+00:00
[2025-04-28T11:32:15.539+0000] {processor.py:183} INFO - Processing /home/airflow/.local/lib/python3.8/site-packages/airflow/example_dags/example_sla_dag.py took 0.139 seconds
[2025-04-28T11:32:49.136+0000] {processor.py:161} INFO - Started process (PID=3567) to work on /home/airflow/.local/lib/python3.8/site-packages/airflow/example_dags/example_sla_dag.py
[2025-04-28T11:32:49.142+0000] {processor.py:830} INFO - Processing file /home/airflow/.local/lib/python3.8/site-packages/airflow/example_dags/example_sla_dag.py for tasks to queue
[2025-04-28T11:32:49.148+0000] {logging_mixin.py:188} INFO - [2025-04-28T11:32:49.148+0000] {dagbag.py:538} INFO - Filling up the DagBag from /home/airflow/.local/lib/python3.8/site-packages/airflow/example_dags/example_sla_dag.py
[2025-04-28T11:32:49.169+0000] {processor.py:840} INFO - DAG(s) 'example_sla_dag' retrieved from /home/airflow/.local/lib/python3.8/site-packages/airflow/example_dags/example_sla_dag.py
[2025-04-28T11:32:49.233+0000] {logging_mixin.py:188} INFO - [2025-04-28T11:32:49.233+0000] {dag.py:3033} INFO - Sync 1 DAGs
[2025-04-28T11:32:49.364+0000] {logging_mixin.py:188} INFO - [2025-04-28T11:32:49.364+0000] {dag.py:3820} INFO - Setting next_dagrun for example_sla_dag to 2025-04-28T11:30:00+00:00, run_after=2025-04-28T11:32:00+00:00
[2025-04-28T11:32:49.428+0000] {processor.py:183} INFO - Processing /home/airflow/.local/lib/python3.8/site-packages/airflow/example_dags/example_sla_dag.py took 0.297 seconds
[2025-04-28T11:33:24.172+0000] {processor.py:161} INFO - Started process (PID=3623) to work on /home/airflow/.local/lib/python3.8/site-packages/airflow/example_dags/example_sla_dag.py
[2025-04-28T11:33:24.183+0000] {processor.py:830} INFO - Processing file /home/airflow/.local/lib/python3.8/site-packages/airflow/example_dags/example_sla_dag.py for tasks to queue
[2025-04-28T11:33:24.190+0000] {logging_mixin.py:188} INFO - [2025-04-28T11:33:24.190+0000] {dagbag.py:538} INFO - Filling up the DagBag from /home/airflow/.local/lib/python3.8/site-packages/airflow/example_dags/example_sla_dag.py
[2025-04-28T11:33:24.224+0000] {processor.py:840} INFO - DAG(s) 'example_sla_dag' retrieved from /home/airflow/.local/lib/python3.8/site-packages/airflow/example_dags/example_sla_dag.py
[2025-04-28T11:33:24.288+0000] {logging_mixin.py:188} INFO - [2025-04-28T11:33:24.288+0000] {dag.py:3033} INFO - Sync 1 DAGs
[2025-04-28T11:33:24.372+0000] {logging_mixin.py:188} INFO - [2025-04-28T11:33:24.372+0000] {dag.py:3820} INFO - Setting next_dagrun for example_sla_dag to 2025-04-28T11:30:00+00:00, run_after=2025-04-28T11:32:00+00:00
[2025-04-28T11:33:24.449+0000] {processor.py:183} INFO - Processing /home/airflow/.local/lib/python3.8/site-packages/airflow/example_dags/example_sla_dag.py took 0.282 seconds
[2025-04-28T11:33:54.559+0000] {processor.py:161} INFO - Started process (PID=3679) to work on /home/airflow/.local/lib/python3.8/site-packages/airflow/example_dags/example_sla_dag.py
[2025-04-28T11:33:54.560+0000] {processor.py:830} INFO - Processing file /home/airflow/.local/lib/python3.8/site-packages/airflow/example_dags/example_sla_dag.py for tasks to queue
[2025-04-28T11:33:54.561+0000] {logging_mixin.py:188} INFO - [2025-04-28T11:33:54.561+0000] {dagbag.py:538} INFO - Filling up the DagBag from /home/airflow/.local/lib/python3.8/site-packages/airflow/example_dags/example_sla_dag.py
[2025-04-28T11:33:54.573+0000] {processor.py:840} INFO - DAG(s) 'example_sla_dag' retrieved from /home/airflow/.local/lib/python3.8/site-packages/airflow/example_dags/example_sla_dag.py
[2025-04-28T11:33:54.601+0000] {logging_mixin.py:188} INFO - [2025-04-28T11:33:54.601+0000] {dag.py:3033} INFO - Sync 1 DAGs
[2025-04-28T11:33:54.634+0000] {logging_mixin.py:188} INFO - [2025-04-28T11:33:54.634+0000] {dag.py:3820} INFO - Setting next_dagrun for example_sla_dag to 2025-04-28T11:30:00+00:00, run_after=2025-04-28T11:32:00+00:00
[2025-04-28T11:33:54.662+0000] {processor.py:183} INFO - Processing /home/airflow/.local/lib/python3.8/site-packages/airflow/example_dags/example_sla_dag.py took 0.108 seconds
[2025-04-28T11:34:26.354+0000] {processor.py:161} INFO - Started process (PID=3735) to work on /home/airflow/.local/lib/python3.8/site-packages/airflow/example_dags/example_sla_dag.py
[2025-04-28T11:34:26.355+0000] {processor.py:830} INFO - Processing file /home/airflow/.local/lib/python3.8/site-packages/airflow/example_dags/example_sla_dag.py for tasks to queue
[2025-04-28T11:34:26.357+0000] {logging_mixin.py:188} INFO - [2025-04-28T11:34:26.356+0000] {dagbag.py:538} INFO - Filling up the DagBag from /home/airflow/.local/lib/python3.8/site-packages/airflow/example_dags/example_sla_dag.py
[2025-04-28T11:34:26.375+0000] {processor.py:840} INFO - DAG(s) 'example_sla_dag' retrieved from /home/airflow/.local/lib/python3.8/site-packages/airflow/example_dags/example_sla_dag.py
[2025-04-28T11:34:26.411+0000] {logging_mixin.py:188} INFO - [2025-04-28T11:34:26.411+0000] {dag.py:3033} INFO - Sync 1 DAGs
[2025-04-28T11:34:26.472+0000] {logging_mixin.py:188} INFO - [2025-04-28T11:34:26.471+0000] {dag.py:3820} INFO - Setting next_dagrun for example_sla_dag to 2025-04-28T11:32:00+00:00, run_after=2025-04-28T11:34:00+00:00
[2025-04-28T11:34:26.504+0000] {processor.py:183} INFO - Processing /home/airflow/.local/lib/python3.8/site-packages/airflow/example_dags/example_sla_dag.py took 0.156 seconds
[2025-04-28T11:34:56.796+0000] {processor.py:161} INFO - Started process (PID=3791) to work on /home/airflow/.local/lib/python3.8/site-packages/airflow/example_dags/example_sla_dag.py
[2025-04-28T11:34:56.799+0000] {processor.py:830} INFO - Processing file /home/airflow/.local/lib/python3.8/site-packages/airflow/example_dags/example_sla_dag.py for tasks to queue
[2025-04-28T11:34:56.802+0000] {logging_mixin.py:188} INFO - [2025-04-28T11:34:56.801+0000] {dagbag.py:538} INFO - Filling up the DagBag from /home/airflow/.local/lib/python3.8/site-packages/airflow/example_dags/example_sla_dag.py
[2025-04-28T11:34:56.822+0000] {processor.py:840} INFO - DAG(s) 'example_sla_dag' retrieved from /home/airflow/.local/lib/python3.8/site-packages/airflow/example_dags/example_sla_dag.py
[2025-04-28T11:34:56.857+0000] {logging_mixin.py:188} INFO - [2025-04-28T11:34:56.856+0000] {dag.py:3033} INFO - Sync 1 DAGs
[2025-04-28T11:34:56.901+0000] {logging_mixin.py:188} INFO - [2025-04-28T11:34:56.901+0000] {dag.py:3820} INFO - Setting next_dagrun for example_sla_dag to 2025-04-28T11:32:00+00:00, run_after=2025-04-28T11:34:00+00:00
[2025-04-28T11:34:56.931+0000] {processor.py:183} INFO - Processing /home/airflow/.local/lib/python3.8/site-packages/airflow/example_dags/example_sla_dag.py took 0.146 seconds
[2025-04-28T11:35:27.054+0000] {processor.py:161} INFO - Started process (PID=3848) to work on /home/airflow/.local/lib/python3.8/site-packages/airflow/example_dags/example_sla_dag.py
[2025-04-28T11:35:27.055+0000] {processor.py:830} INFO - Processing file /home/airflow/.local/lib/python3.8/site-packages/airflow/example_dags/example_sla_dag.py for tasks to queue
[2025-04-28T11:35:27.057+0000] {logging_mixin.py:188} INFO - [2025-04-28T11:35:27.056+0000] {dagbag.py:538} INFO - Filling up the DagBag from /home/airflow/.local/lib/python3.8/site-packages/airflow/example_dags/example_sla_dag.py
[2025-04-28T11:35:27.069+0000] {processor.py:840} INFO - DAG(s) 'example_sla_dag' retrieved from /home/airflow/.local/lib/python3.8/site-packages/airflow/example_dags/example_sla_dag.py
[2025-04-28T11:35:27.100+0000] {logging_mixin.py:188} INFO - [2025-04-28T11:35:27.100+0000] {dag.py:3033} INFO - Sync 1 DAGs
[2025-04-28T11:35:27.140+0000] {logging_mixin.py:188} INFO - [2025-04-28T11:35:27.140+0000] {dag.py:3820} INFO - Setting next_dagrun for example_sla_dag to 2025-04-28T11:32:00+00:00, run_after=2025-04-28T11:34:00+00:00
[2025-04-28T11:35:27.195+0000] {processor.py:183} INFO - Processing /home/airflow/.local/lib/python3.8/site-packages/airflow/example_dags/example_sla_dag.py took 0.145 seconds
[2025-04-28T11:35:57.705+0000] {processor.py:161} INFO - Started process (PID=3907) to work on /home/airflow/.local/lib/python3.8/site-packages/airflow/example_dags/example_sla_dag.py
[2025-04-28T11:35:57.707+0000] {processor.py:830} INFO - Processing file /home/airflow/.local/lib/python3.8/site-packages/airflow/example_dags/example_sla_dag.py for tasks to queue
[2025-04-28T11:35:57.708+0000] {logging_mixin.py:188} INFO - [2025-04-28T11:35:57.708+0000] {dagbag.py:538} INFO - Filling up the DagBag from /home/airflow/.local/lib/python3.8/site-packages/airflow/example_dags/example_sla_dag.py
[2025-04-28T11:35:57.723+0000] {processor.py:840} INFO - DAG(s) 'example_sla_dag' retrieved from /home/airflow/.local/lib/python3.8/site-packages/airflow/example_dags/example_sla_dag.py
[2025-04-28T11:35:57.759+0000] {logging_mixin.py:188} INFO - [2025-04-28T11:35:57.758+0000] {dag.py:3033} INFO - Sync 1 DAGs
[2025-04-28T11:35:57.804+0000] {logging_mixin.py:188} INFO - [2025-04-28T11:35:57.804+0000] {dag.py:3820} INFO - Setting next_dagrun for example_sla_dag to 2025-04-28T11:32:00+00:00, run_after=2025-04-28T11:34:00+00:00
[2025-04-28T11:35:57.850+0000] {processor.py:183} INFO - Processing /home/airflow/.local/lib/python3.8/site-packages/airflow/example_dags/example_sla_dag.py took 0.150 seconds
[2025-04-28T11:36:28.907+0000] {processor.py:161} INFO - Started process (PID=3964) to work on /home/airflow/.local/lib/python3.8/site-packages/airflow/example_dags/example_sla_dag.py
[2025-04-28T11:36:28.909+0000] {processor.py:830} INFO - Processing file /home/airflow/.local/lib/python3.8/site-packages/airflow/example_dags/example_sla_dag.py for tasks to queue
[2025-04-28T11:36:28.910+0000] {logging_mixin.py:188} INFO - [2025-04-28T11:36:28.910+0000] {dagbag.py:538} INFO - Filling up the DagBag from /home/airflow/.local/lib/python3.8/site-packages/airflow/example_dags/example_sla_dag.py
[2025-04-28T11:36:28.929+0000] {processor.py:840} INFO - DAG(s) 'example_sla_dag' retrieved from /home/airflow/.local/lib/python3.8/site-packages/airflow/example_dags/example_sla_dag.py
[2025-04-28T11:36:28.976+0000] {logging_mixin.py:188} INFO - [2025-04-28T11:36:28.976+0000] {dag.py:3033} INFO - Sync 1 DAGs
[2025-04-28T11:36:29.042+0000] {logging_mixin.py:188} INFO - [2025-04-28T11:36:29.041+0000] {dag.py:3820} INFO - Setting next_dagrun for example_sla_dag to 2025-04-28T11:34:00+00:00, run_after=2025-04-28T11:36:00+00:00
[2025-04-28T11:36:29.090+0000] {processor.py:183} INFO - Processing /home/airflow/.local/lib/python3.8/site-packages/airflow/example_dags/example_sla_dag.py took 0.189 seconds
[2025-04-28T11:36:59.801+0000] {processor.py:161} INFO - Started process (PID=4020) to work on /home/airflow/.local/lib/python3.8/site-packages/airflow/example_dags/example_sla_dag.py
[2025-04-28T11:36:59.802+0000] {processor.py:830} INFO - Processing file /home/airflow/.local/lib/python3.8/site-packages/airflow/example_dags/example_sla_dag.py for tasks to queue
[2025-04-28T11:36:59.805+0000] {logging_mixin.py:188} INFO - [2025-04-28T11:36:59.805+0000] {dagbag.py:538} INFO - Filling up the DagBag from /home/airflow/.local/lib/python3.8/site-packages/airflow/example_dags/example_sla_dag.py
[2025-04-28T11:36:59.825+0000] {processor.py:840} INFO - DAG(s) 'example_sla_dag' retrieved from /home/airflow/.local/lib/python3.8/site-packages/airflow/example_dags/example_sla_dag.py
[2025-04-28T11:36:59.874+0000] {logging_mixin.py:188} INFO - [2025-04-28T11:36:59.873+0000] {dag.py:3033} INFO - Sync 1 DAGs
[2025-04-28T11:37:00.002+0000] {logging_mixin.py:188} INFO - [2025-04-28T11:37:00.000+0000] {dag.py:3820} INFO - Setting next_dagrun for example_sla_dag to 2025-04-28T11:34:00+00:00, run_after=2025-04-28T11:36:00+00:00
[2025-04-28T11:37:00.052+0000] {processor.py:183} INFO - Processing /home/airflow/.local/lib/python3.8/site-packages/airflow/example_dags/example_sla_dag.py took 0.255 seconds
[2025-04-28T11:37:30.694+0000] {processor.py:161} INFO - Started process (PID=4070) to work on /home/airflow/.local/lib/python3.8/site-packages/airflow/example_dags/example_sla_dag.py
[2025-04-28T11:37:30.696+0000] {processor.py:830} INFO - Processing file /home/airflow/.local/lib/python3.8/site-packages/airflow/example_dags/example_sla_dag.py for tasks to queue
[2025-04-28T11:37:30.699+0000] {logging_mixin.py:188} INFO - [2025-04-28T11:37:30.697+0000] {dagbag.py:538} INFO - Filling up the DagBag from /home/airflow/.local/lib/python3.8/site-packages/airflow/example_dags/example_sla_dag.py
[2025-04-28T11:37:30.711+0000] {processor.py:840} INFO - DAG(s) 'example_sla_dag' retrieved from /home/airflow/.local/lib/python3.8/site-packages/airflow/example_dags/example_sla_dag.py
[2025-04-28T11:37:30.738+0000] {logging_mixin.py:188} INFO - [2025-04-28T11:37:30.738+0000] {dag.py:3033} INFO - Sync 1 DAGs
[2025-04-28T11:37:30.777+0000] {logging_mixin.py:188} INFO - [2025-04-28T11:37:30.777+0000] {dag.py:3820} INFO - Setting next_dagrun for example_sla_dag to 2025-04-28T11:34:00+00:00, run_after=2025-04-28T11:36:00+00:00
[2025-04-28T11:37:30.805+0000] {processor.py:183} INFO - Processing /home/airflow/.local/lib/python3.8/site-packages/airflow/example_dags/example_sla_dag.py took 0.117 seconds
[2025-04-28T11:38:01.087+0000] {processor.py:161} INFO - Started process (PID=4126) to work on /home/airflow/.local/lib/python3.8/site-packages/airflow/example_dags/example_sla_dag.py
[2025-04-28T11:38:01.090+0000] {processor.py:830} INFO - Processing file /home/airflow/.local/lib/python3.8/site-packages/airflow/example_dags/example_sla_dag.py for tasks to queue
[2025-04-28T11:38:01.091+0000] {logging_mixin.py:188} INFO - [2025-04-28T11:38:01.091+0000] {dagbag.py:538} INFO - Filling up the DagBag from /home/airflow/.local/lib/python3.8/site-packages/airflow/example_dags/example_sla_dag.py
[2025-04-28T11:38:01.123+0000] {processor.py:840} INFO - DAG(s) 'example_sla_dag' retrieved from /home/airflow/.local/lib/python3.8/site-packages/airflow/example_dags/example_sla_dag.py
[2025-04-28T11:38:01.199+0000] {logging_mixin.py:188} INFO - [2025-04-28T11:38:01.199+0000] {dag.py:3033} INFO - Sync 1 DAGs
[2025-04-28T11:38:01.315+0000] {logging_mixin.py:188} INFO - [2025-04-28T11:38:01.315+0000] {dag.py:3820} INFO - Setting next_dagrun for example_sla_dag to 2025-04-28T11:36:00+00:00, run_after=2025-04-28T11:38:00+00:00
[2025-04-28T11:38:01.368+0000] {processor.py:183} INFO - Processing /home/airflow/.local/lib/python3.8/site-packages/airflow/example_dags/example_sla_dag.py took 0.285 seconds
[2025-04-28T11:38:31.495+0000] {processor.py:161} INFO - Started process (PID=4181) to work on /home/airflow/.local/lib/python3.8/site-packages/airflow/example_dags/example_sla_dag.py
[2025-04-28T11:38:31.496+0000] {processor.py:830} INFO - Processing file /home/airflow/.local/lib/python3.8/site-packages/airflow/example_dags/example_sla_dag.py for tasks to queue
[2025-04-28T11:38:31.498+0000] {logging_mixin.py:188} INFO - [2025-04-28T11:38:31.497+0000] {dagbag.py:538} INFO - Filling up the DagBag from /home/airflow/.local/lib/python3.8/site-packages/airflow/example_dags/example_sla_dag.py
[2025-04-28T11:38:31.512+0000] {processor.py:840} INFO - DAG(s) 'example_sla_dag' retrieved from /home/airflow/.local/lib/python3.8/site-packages/airflow/example_dags/example_sla_dag.py
[2025-04-28T11:38:31.549+0000] {logging_mixin.py:188} INFO - [2025-04-28T11:38:31.549+0000] {dag.py:3033} INFO - Sync 1 DAGs
[2025-04-28T11:38:31.586+0000] {logging_mixin.py:188} INFO - [2025-04-28T11:38:31.586+0000] {dag.py:3820} INFO - Setting next_dagrun for example_sla_dag to 2025-04-28T11:36:00+00:00, run_after=2025-04-28T11:38:00+00:00
[2025-04-28T11:38:31.610+0000] {processor.py:183} INFO - Processing /home/airflow/.local/lib/python3.8/site-packages/airflow/example_dags/example_sla_dag.py took 0.120 seconds
[2025-04-28T11:39:01.683+0000] {processor.py:161} INFO - Started process (PID=4237) to work on /home/airflow/.local/lib/python3.8/site-packages/airflow/example_dags/example_sla_dag.py
[2025-04-28T11:39:01.685+0000] {processor.py:830} INFO - Processing file /home/airflow/.local/lib/python3.8/site-packages/airflow/example_dags/example_sla_dag.py for tasks to queue
[2025-04-28T11:39:01.688+0000] {logging_mixin.py:188} INFO - [2025-04-28T11:39:01.687+0000] {dagbag.py:538} INFO - Filling up the DagBag from /home/airflow/.local/lib/python3.8/site-packages/airflow/example_dags/example_sla_dag.py
[2025-04-28T11:39:01.718+0000] {processor.py:840} INFO - DAG(s) 'example_sla_dag' retrieved from /home/airflow/.local/lib/python3.8/site-packages/airflow/example_dags/example_sla_dag.py
[2025-04-28T11:39:01.771+0000] {logging_mixin.py:188} INFO - [2025-04-28T11:39:01.771+0000] {dag.py:3033} INFO - Sync 1 DAGs
[2025-04-28T11:39:01.818+0000] {logging_mixin.py:188} INFO - [2025-04-28T11:39:01.818+0000] {dag.py:3820} INFO - Setting next_dagrun for example_sla_dag to 2025-04-28T11:36:00+00:00, run_after=2025-04-28T11:38:00+00:00
[2025-04-28T11:39:01.852+0000] {processor.py:183} INFO - Processing /home/airflow/.local/lib/python3.8/site-packages/airflow/example_dags/example_sla_dag.py took 0.176 seconds
[2025-04-28T11:39:32.551+0000] {processor.py:161} INFO - Started process (PID=4293) to work on /home/airflow/.local/lib/python3.8/site-packages/airflow/example_dags/example_sla_dag.py
[2025-04-28T11:39:32.554+0000] {processor.py:830} INFO - Processing file /home/airflow/.local/lib/python3.8/site-packages/airflow/example_dags/example_sla_dag.py for tasks to queue
[2025-04-28T11:39:32.556+0000] {logging_mixin.py:188} INFO - [2025-04-28T11:39:32.555+0000] {dagbag.py:538} INFO - Filling up the DagBag from /home/airflow/.local/lib/python3.8/site-packages/airflow/example_dags/example_sla_dag.py
[2025-04-28T11:39:32.576+0000] {processor.py:840} INFO - DAG(s) 'example_sla_dag' retrieved from /home/airflow/.local/lib/python3.8/site-packages/airflow/example_dags/example_sla_dag.py
[2025-04-28T11:39:32.614+0000] {logging_mixin.py:188} INFO - [2025-04-28T11:39:32.614+0000] {dag.py:3033} INFO - Sync 1 DAGs
[2025-04-28T11:39:32.662+0000] {logging_mixin.py:188} INFO - [2025-04-28T11:39:32.662+0000] {dag.py:3820} INFO - Setting next_dagrun for example_sla_dag to 2025-04-28T11:36:00+00:00, run_after=2025-04-28T11:38:00+00:00
[2025-04-28T11:39:32.691+0000] {processor.py:183} INFO - Processing /home/airflow/.local/lib/python3.8/site-packages/airflow/example_dags/example_sla_dag.py took 0.147 seconds
[2025-04-28T11:40:02.787+0000] {processor.py:161} INFO - Started process (PID=4349) to work on /home/airflow/.local/lib/python3.8/site-packages/airflow/example_dags/example_sla_dag.py
[2025-04-28T11:40:02.789+0000] {processor.py:830} INFO - Processing file /home/airflow/.local/lib/python3.8/site-packages/airflow/example_dags/example_sla_dag.py for tasks to queue
[2025-04-28T11:40:02.790+0000] {logging_mixin.py:188} INFO - [2025-04-28T11:40:02.790+0000] {dagbag.py:538} INFO - Filling up the DagBag from /home/airflow/.local/lib/python3.8/site-packages/airflow/example_dags/example_sla_dag.py
[2025-04-28T11:40:02.812+0000] {processor.py:840} INFO - DAG(s) 'example_sla_dag' retrieved from /home/airflow/.local/lib/python3.8/site-packages/airflow/example_dags/example_sla_dag.py
[2025-04-28T11:40:02.858+0000] {logging_mixin.py:188} INFO - [2025-04-28T11:40:02.858+0000] {dag.py:3033} INFO - Sync 1 DAGs
[2025-04-28T11:40:02.976+0000] {logging_mixin.py:188} INFO - [2025-04-28T11:40:02.976+0000] {dag.py:3820} INFO - Setting next_dagrun for example_sla_dag to 2025-04-28T11:38:00+00:00, run_after=2025-04-28T11:40:00+00:00
[2025-04-28T11:40:03.075+0000] {processor.py:183} INFO - Processing /home/airflow/.local/lib/python3.8/site-packages/airflow/example_dags/example_sla_dag.py took 0.294 seconds
[2025-04-28T11:40:33.962+0000] {processor.py:161} INFO - Started process (PID=4406) to work on /home/airflow/.local/lib/python3.8/site-packages/airflow/example_dags/example_sla_dag.py
[2025-04-28T11:40:33.963+0000] {processor.py:830} INFO - Processing file /home/airflow/.local/lib/python3.8/site-packages/airflow/example_dags/example_sla_dag.py for tasks to queue
[2025-04-28T11:40:33.965+0000] {logging_mixin.py:188} INFO - [2025-04-28T11:40:33.964+0000] {dagbag.py:538} INFO - Filling up the DagBag from /home/airflow/.local/lib/python3.8/site-packages/airflow/example_dags/example_sla_dag.py
[2025-04-28T11:40:33.981+0000] {processor.py:840} INFO - DAG(s) 'example_sla_dag' retrieved from /home/airflow/.local/lib/python3.8/site-packages/airflow/example_dags/example_sla_dag.py
[2025-04-28T11:40:34.013+0000] {logging_mixin.py:188} INFO - [2025-04-28T11:40:34.013+0000] {dag.py:3033} INFO - Sync 1 DAGs
[2025-04-28T11:40:34.056+0000] {logging_mixin.py:188} INFO - [2025-04-28T11:40:34.056+0000] {dag.py:3820} INFO - Setting next_dagrun for example_sla_dag to 2025-04-28T11:38:00+00:00, run_after=2025-04-28T11:40:00+00:00
[2025-04-28T11:40:34.099+0000] {processor.py:183} INFO - Processing /home/airflow/.local/lib/python3.8/site-packages/airflow/example_dags/example_sla_dag.py took 0.141 seconds
[2025-04-28T11:41:04.251+0000] {processor.py:161} INFO - Started process (PID=4461) to work on /home/airflow/.local/lib/python3.8/site-packages/airflow/example_dags/example_sla_dag.py
[2025-04-28T11:41:04.252+0000] {processor.py:830} INFO - Processing file /home/airflow/.local/lib/python3.8/site-packages/airflow/example_dags/example_sla_dag.py for tasks to queue
[2025-04-28T11:41:04.254+0000] {logging_mixin.py:188} INFO - [2025-04-28T11:41:04.254+0000] {dagbag.py:538} INFO - Filling up the DagBag from /home/airflow/.local/lib/python3.8/site-packages/airflow/example_dags/example_sla_dag.py
[2025-04-28T11:41:04.270+0000] {processor.py:840} INFO - DAG(s) 'example_sla_dag' retrieved from /home/airflow/.local/lib/python3.8/site-packages/airflow/example_dags/example_sla_dag.py
[2025-04-28T11:41:04.302+0000] {logging_mixin.py:188} INFO - [2025-04-28T11:41:04.302+0000] {dag.py:3033} INFO - Sync 1 DAGs
[2025-04-28T11:41:04.337+0000] {logging_mixin.py:188} INFO - [2025-04-28T11:41:04.337+0000] {dag.py:3820} INFO - Setting next_dagrun for example_sla_dag to 2025-04-28T11:38:00+00:00, run_after=2025-04-28T11:40:00+00:00
[2025-04-28T11:41:04.366+0000] {processor.py:183} INFO - Processing /home/airflow/.local/lib/python3.8/site-packages/airflow/example_dags/example_sla_dag.py took 0.120 seconds
[2025-04-28T11:41:35.982+0000] {processor.py:161} INFO - Started process (PID=4517) to work on /home/airflow/.local/lib/python3.8/site-packages/airflow/example_dags/example_sla_dag.py
[2025-04-28T11:41:35.984+0000] {processor.py:830} INFO - Processing file /home/airflow/.local/lib/python3.8/site-packages/airflow/example_dags/example_sla_dag.py for tasks to queue
[2025-04-28T11:41:35.985+0000] {logging_mixin.py:188} INFO - [2025-04-28T11:41:35.985+0000] {dagbag.py:538} INFO - Filling up the DagBag from /home/airflow/.local/lib/python3.8/site-packages/airflow/example_dags/example_sla_dag.py
[2025-04-28T11:41:36.002+0000] {processor.py:840} INFO - DAG(s) 'example_sla_dag' retrieved from /home/airflow/.local/lib/python3.8/site-packages/airflow/example_dags/example_sla_dag.py
[2025-04-28T11:41:36.038+0000] {logging_mixin.py:188} INFO - [2025-04-28T11:41:36.038+0000] {dag.py:3033} INFO - Sync 1 DAGs
[2025-04-28T11:41:36.082+0000] {logging_mixin.py:188} INFO - [2025-04-28T11:41:36.082+0000] {dag.py:3820} INFO - Setting next_dagrun for example_sla_dag to 2025-04-28T11:38:00+00:00, run_after=2025-04-28T11:40:00+00:00
[2025-04-28T11:41:36.119+0000] {processor.py:183} INFO - Processing /home/airflow/.local/lib/python3.8/site-packages/airflow/example_dags/example_sla_dag.py took 0.142 seconds
[2025-04-28T11:42:07.691+0000] {processor.py:161} INFO - Started process (PID=4567) to work on /home/airflow/.local/lib/python3.8/site-packages/airflow/example_dags/example_sla_dag.py
[2025-04-28T11:42:07.693+0000] {processor.py:830} INFO - Processing file /home/airflow/.local/lib/python3.8/site-packages/airflow/example_dags/example_sla_dag.py for tasks to queue
[2025-04-28T11:42:07.695+0000] {logging_mixin.py:188} INFO - [2025-04-28T11:42:07.694+0000] {dagbag.py:538} INFO - Filling up the DagBag from /home/airflow/.local/lib/python3.8/site-packages/airflow/example_dags/example_sla_dag.py
[2025-04-28T11:42:07.711+0000] {processor.py:840} INFO - DAG(s) 'example_sla_dag' retrieved from /home/airflow/.local/lib/python3.8/site-packages/airflow/example_dags/example_sla_dag.py
[2025-04-28T11:42:07.749+0000] {logging_mixin.py:188} INFO - [2025-04-28T11:42:07.748+0000] {dag.py:3033} INFO - Sync 1 DAGs
[2025-04-28T11:42:07.787+0000] {logging_mixin.py:188} INFO - [2025-04-28T11:42:07.787+0000] {dag.py:3820} INFO - Setting next_dagrun for example_sla_dag to 2025-04-28T11:40:00+00:00, run_after=2025-04-28T11:42:00+00:00
[2025-04-28T11:42:07.814+0000] {processor.py:183} INFO - Processing /home/airflow/.local/lib/python3.8/site-packages/airflow/example_dags/example_sla_dag.py took 0.129 seconds
[2025-04-28T11:42:40.883+0000] {processor.py:161} INFO - Started process (PID=4623) to work on /home/airflow/.local/lib/python3.8/site-packages/airflow/example_dags/example_sla_dag.py
[2025-04-28T11:42:40.885+0000] {processor.py:830} INFO - Processing file /home/airflow/.local/lib/python3.8/site-packages/airflow/example_dags/example_sla_dag.py for tasks to queue
[2025-04-28T11:42:40.886+0000] {logging_mixin.py:188} INFO - [2025-04-28T11:42:40.886+0000] {dagbag.py:538} INFO - Filling up the DagBag from /home/airflow/.local/lib/python3.8/site-packages/airflow/example_dags/example_sla_dag.py
[2025-04-28T11:42:40.900+0000] {processor.py:840} INFO - DAG(s) 'example_sla_dag' retrieved from /home/airflow/.local/lib/python3.8/site-packages/airflow/example_dags/example_sla_dag.py
[2025-04-28T11:42:40.929+0000] {logging_mixin.py:188} INFO - [2025-04-28T11:42:40.929+0000] {dag.py:3033} INFO - Sync 1 DAGs
[2025-04-28T11:42:41.010+0000] {logging_mixin.py:188} INFO - [2025-04-28T11:42:41.010+0000] {dag.py:3820} INFO - Setting next_dagrun for example_sla_dag to 2025-04-28T11:40:00+00:00, run_after=2025-04-28T11:42:00+00:00
[2025-04-28T11:42:41.064+0000] {processor.py:183} INFO - Processing /home/airflow/.local/lib/python3.8/site-packages/airflow/example_dags/example_sla_dag.py took 0.186 seconds
[2025-04-28T11:43:11.818+0000] {processor.py:161} INFO - Started process (PID=4668) to work on /home/airflow/.local/lib/python3.8/site-packages/airflow/example_dags/example_sla_dag.py
[2025-04-28T11:43:11.819+0000] {processor.py:830} INFO - Processing file /home/airflow/.local/lib/python3.8/site-packages/airflow/example_dags/example_sla_dag.py for tasks to queue
[2025-04-28T11:43:11.821+0000] {logging_mixin.py:188} INFO - [2025-04-28T11:43:11.820+0000] {dagbag.py:538} INFO - Filling up the DagBag from /home/airflow/.local/lib/python3.8/site-packages/airflow/example_dags/example_sla_dag.py
[2025-04-28T11:43:11.836+0000] {processor.py:840} INFO - DAG(s) 'example_sla_dag' retrieved from /home/airflow/.local/lib/python3.8/site-packages/airflow/example_dags/example_sla_dag.py
[2025-04-28T11:43:11.875+0000] {logging_mixin.py:188} INFO - [2025-04-28T11:43:11.875+0000] {dag.py:3033} INFO - Sync 1 DAGs
[2025-04-28T11:43:11.923+0000] {logging_mixin.py:188} INFO - [2025-04-28T11:43:11.923+0000] {dag.py:3820} INFO - Setting next_dagrun for example_sla_dag to 2025-04-28T11:40:00+00:00, run_after=2025-04-28T11:42:00+00:00
[2025-04-28T11:43:11.956+0000] {processor.py:183} INFO - Processing /home/airflow/.local/lib/python3.8/site-packages/airflow/example_dags/example_sla_dag.py took 0.147 seconds
[2025-04-28T11:43:44.601+0000] {processor.py:161} INFO - Started process (PID=4717) to work on /home/airflow/.local/lib/python3.8/site-packages/airflow/example_dags/example_sla_dag.py
[2025-04-28T11:43:44.700+0000] {processor.py:830} INFO - Processing file /home/airflow/.local/lib/python3.8/site-packages/airflow/example_dags/example_sla_dag.py for tasks to queue
[2025-04-28T11:43:44.706+0000] {logging_mixin.py:188} INFO - [2025-04-28T11:43:44.706+0000] {dagbag.py:538} INFO - Filling up the DagBag from /home/airflow/.local/lib/python3.8/site-packages/airflow/example_dags/example_sla_dag.py
[2025-04-28T11:43:44.754+0000] {processor.py:840} INFO - DAG(s) 'example_sla_dag' retrieved from /home/airflow/.local/lib/python3.8/site-packages/airflow/example_dags/example_sla_dag.py
[2025-04-28T11:43:44.807+0000] {logging_mixin.py:188} INFO - [2025-04-28T11:43:44.806+0000] {dag.py:3033} INFO - Sync 1 DAGs
[2025-04-28T11:43:44.888+0000] {logging_mixin.py:188} INFO - [2025-04-28T11:43:44.887+0000] {dag.py:3820} INFO - Setting next_dagrun for example_sla_dag to 2025-04-28T11:40:00+00:00, run_after=2025-04-28T11:42:00+00:00
[2025-04-28T11:43:44.937+0000] {processor.py:183} INFO - Processing /home/airflow/.local/lib/python3.8/site-packages/airflow/example_dags/example_sla_dag.py took 0.342 seconds
[2025-04-28T11:44:16.677+0000] {processor.py:161} INFO - Started process (PID=4773) to work on /home/airflow/.local/lib/python3.8/site-packages/airflow/example_dags/example_sla_dag.py
[2025-04-28T11:44:16.678+0000] {processor.py:830} INFO - Processing file /home/airflow/.local/lib/python3.8/site-packages/airflow/example_dags/example_sla_dag.py for tasks to queue
[2025-04-28T11:44:16.680+0000] {logging_mixin.py:188} INFO - [2025-04-28T11:44:16.679+0000] {dagbag.py:538} INFO - Filling up the DagBag from /home/airflow/.local/lib/python3.8/site-packages/airflow/example_dags/example_sla_dag.py
[2025-04-28T11:44:16.697+0000] {processor.py:840} INFO - DAG(s) 'example_sla_dag' retrieved from /home/airflow/.local/lib/python3.8/site-packages/airflow/example_dags/example_sla_dag.py
[2025-04-28T11:44:16.742+0000] {logging_mixin.py:188} INFO - [2025-04-28T11:44:16.740+0000] {dag.py:3033} INFO - Sync 1 DAGs
[2025-04-28T11:44:16.796+0000] {logging_mixin.py:188} INFO - [2025-04-28T11:44:16.796+0000] {dag.py:3820} INFO - Setting next_dagrun for example_sla_dag to 2025-04-28T11:42:00+00:00, run_after=2025-04-28T11:44:00+00:00
[2025-04-28T11:44:16.829+0000] {processor.py:183} INFO - Processing /home/airflow/.local/lib/python3.8/site-packages/airflow/example_dags/example_sla_dag.py took 0.157 seconds
[2025-04-28T11:44:49.328+0000] {processor.py:161} INFO - Started process (PID=4829) to work on /home/airflow/.local/lib/python3.8/site-packages/airflow/example_dags/example_sla_dag.py
[2025-04-28T11:44:49.329+0000] {processor.py:830} INFO - Processing file /home/airflow/.local/lib/python3.8/site-packages/airflow/example_dags/example_sla_dag.py for tasks to queue
[2025-04-28T11:44:49.331+0000] {logging_mixin.py:188} INFO - [2025-04-28T11:44:49.330+0000] {dagbag.py:538} INFO - Filling up the DagBag from /home/airflow/.local/lib/python3.8/site-packages/airflow/example_dags/example_sla_dag.py
[2025-04-28T11:44:49.342+0000] {processor.py:840} INFO - DAG(s) 'example_sla_dag' retrieved from /home/airflow/.local/lib/python3.8/site-packages/airflow/example_dags/example_sla_dag.py
[2025-04-28T11:44:49.374+0000] {logging_mixin.py:188} INFO - [2025-04-28T11:44:49.374+0000] {dag.py:3033} INFO - Sync 1 DAGs
[2025-04-28T11:44:49.416+0000] {logging_mixin.py:188} INFO - [2025-04-28T11:44:49.416+0000] {dag.py:3820} INFO - Setting next_dagrun for example_sla_dag to 2025-04-28T11:42:00+00:00, run_after=2025-04-28T11:44:00+00:00
[2025-04-28T11:44:49.447+0000] {processor.py:183} INFO - Processing /home/airflow/.local/lib/python3.8/site-packages/airflow/example_dags/example_sla_dag.py took 0.124 seconds
[2025-04-28T11:45:24.981+0000] {processor.py:161} INFO - Started process (PID=4885) to work on /home/airflow/.local/lib/python3.8/site-packages/airflow/example_dags/example_sla_dag.py
[2025-04-28T11:45:24.992+0000] {processor.py:830} INFO - Processing file /home/airflow/.local/lib/python3.8/site-packages/airflow/example_dags/example_sla_dag.py for tasks to queue
[2025-04-28T11:45:24.993+0000] {logging_mixin.py:188} INFO - [2025-04-28T11:45:24.993+0000] {dagbag.py:538} INFO - Filling up the DagBag from /home/airflow/.local/lib/python3.8/site-packages/airflow/example_dags/example_sla_dag.py
[2025-04-28T11:45:25.050+0000] {processor.py:840} INFO - DAG(s) 'example_sla_dag' retrieved from /home/airflow/.local/lib/python3.8/site-packages/airflow/example_dags/example_sla_dag.py
[2025-04-28T11:45:25.152+0000] {logging_mixin.py:188} INFO - [2025-04-28T11:45:25.152+0000] {dag.py:3033} INFO - Sync 1 DAGs
[2025-04-28T11:45:25.310+0000] {logging_mixin.py:188} INFO - [2025-04-28T11:45:25.310+0000] {dag.py:3820} INFO - Setting next_dagrun for example_sla_dag to 2025-04-28T11:42:00+00:00, run_after=2025-04-28T11:44:00+00:00
[2025-04-28T11:45:25.405+0000] {processor.py:183} INFO - Processing /home/airflow/.local/lib/python3.8/site-packages/airflow/example_dags/example_sla_dag.py took 0.429 seconds
[2025-04-28T11:45:55.925+0000] {processor.py:161} INFO - Started process (PID=4941) to work on /home/airflow/.local/lib/python3.8/site-packages/airflow/example_dags/example_sla_dag.py
[2025-04-28T11:45:55.926+0000] {processor.py:830} INFO - Processing file /home/airflow/.local/lib/python3.8/site-packages/airflow/example_dags/example_sla_dag.py for tasks to queue
[2025-04-28T11:45:55.928+0000] {logging_mixin.py:188} INFO - [2025-04-28T11:45:55.928+0000] {dagbag.py:538} INFO - Filling up the DagBag from /home/airflow/.local/lib/python3.8/site-packages/airflow/example_dags/example_sla_dag.py
[2025-04-28T11:45:55.941+0000] {processor.py:840} INFO - DAG(s) 'example_sla_dag' retrieved from /home/airflow/.local/lib/python3.8/site-packages/airflow/example_dags/example_sla_dag.py
[2025-04-28T11:45:55.967+0000] {logging_mixin.py:188} INFO - [2025-04-28T11:45:55.967+0000] {dag.py:3033} INFO - Sync 1 DAGs
[2025-04-28T11:45:56.009+0000] {logging_mixin.py:188} INFO - [2025-04-28T11:45:56.009+0000] {dag.py:3820} INFO - Setting next_dagrun for example_sla_dag to 2025-04-28T11:42:00+00:00, run_after=2025-04-28T11:44:00+00:00
[2025-04-28T11:45:56.037+0000] {processor.py:183} INFO - Processing /home/airflow/.local/lib/python3.8/site-packages/airflow/example_dags/example_sla_dag.py took 0.120 seconds
[2025-04-28T11:46:27.548+0000] {processor.py:161} INFO - Started process (PID=4997) to work on /home/airflow/.local/lib/python3.8/site-packages/airflow/example_dags/example_sla_dag.py
[2025-04-28T11:46:27.550+0000] {processor.py:830} INFO - Processing file /home/airflow/.local/lib/python3.8/site-packages/airflow/example_dags/example_sla_dag.py for tasks to queue
[2025-04-28T11:46:27.551+0000] {logging_mixin.py:188} INFO - [2025-04-28T11:46:27.551+0000] {dagbag.py:538} INFO - Filling up the DagBag from /home/airflow/.local/lib/python3.8/site-packages/airflow/example_dags/example_sla_dag.py
[2025-04-28T11:46:27.565+0000] {processor.py:840} INFO - DAG(s) 'example_sla_dag' retrieved from /home/airflow/.local/lib/python3.8/site-packages/airflow/example_dags/example_sla_dag.py
[2025-04-28T11:46:27.602+0000] {logging_mixin.py:188} INFO - [2025-04-28T11:46:27.601+0000] {dag.py:3033} INFO - Sync 1 DAGs
[2025-04-28T11:46:27.648+0000] {logging_mixin.py:188} INFO - [2025-04-28T11:46:27.647+0000] {dag.py:3820} INFO - Setting next_dagrun for example_sla_dag to 2025-04-28T11:44:00+00:00, run_after=2025-04-28T11:46:00+00:00
[2025-04-28T11:46:27.680+0000] {processor.py:183} INFO - Processing /home/airflow/.local/lib/python3.8/site-packages/airflow/example_dags/example_sla_dag.py took 0.138 seconds
[2025-04-28T11:46:59.898+0000] {processor.py:161} INFO - Started process (PID=5053) to work on /home/airflow/.local/lib/python3.8/site-packages/airflow/example_dags/example_sla_dag.py
[2025-04-28T11:46:59.899+0000] {processor.py:830} INFO - Processing file /home/airflow/.local/lib/python3.8/site-packages/airflow/example_dags/example_sla_dag.py for tasks to queue
[2025-04-28T11:46:59.901+0000] {logging_mixin.py:188} INFO - [2025-04-28T11:46:59.900+0000] {dagbag.py:538} INFO - Filling up the DagBag from /home/airflow/.local/lib/python3.8/site-packages/airflow/example_dags/example_sla_dag.py
[2025-04-28T11:46:59.920+0000] {processor.py:840} INFO - DAG(s) 'example_sla_dag' retrieved from /home/airflow/.local/lib/python3.8/site-packages/airflow/example_dags/example_sla_dag.py
[2025-04-28T11:46:59.954+0000] {logging_mixin.py:188} INFO - [2025-04-28T11:46:59.954+0000] {dag.py:3033} INFO - Sync 1 DAGs
[2025-04-28T11:46:59.992+0000] {logging_mixin.py:188} INFO - [2025-04-28T11:46:59.992+0000] {dag.py:3820} INFO - Setting next_dagrun for example_sla_dag to 2025-04-28T11:44:00+00:00, run_after=2025-04-28T11:46:00+00:00
[2025-04-28T11:47:00.020+0000] {processor.py:183} INFO - Processing /home/airflow/.local/lib/python3.8/site-packages/airflow/example_dags/example_sla_dag.py took 0.129 seconds
[2025-04-28T11:47:32.326+0000] {processor.py:161} INFO - Started process (PID=5109) to work on /home/airflow/.local/lib/python3.8/site-packages/airflow/example_dags/example_sla_dag.py
[2025-04-28T11:47:32.328+0000] {processor.py:830} INFO - Processing file /home/airflow/.local/lib/python3.8/site-packages/airflow/example_dags/example_sla_dag.py for tasks to queue
[2025-04-28T11:47:32.330+0000] {logging_mixin.py:188} INFO - [2025-04-28T11:47:32.330+0000] {dagbag.py:538} INFO - Filling up the DagBag from /home/airflow/.local/lib/python3.8/site-packages/airflow/example_dags/example_sla_dag.py
[2025-04-28T11:47:32.352+0000] {processor.py:840} INFO - DAG(s) 'example_sla_dag' retrieved from /home/airflow/.local/lib/python3.8/site-packages/airflow/example_dags/example_sla_dag.py
[2025-04-28T11:47:32.391+0000] {logging_mixin.py:188} INFO - [2025-04-28T11:47:32.391+0000] {dag.py:3033} INFO - Sync 1 DAGs
[2025-04-28T11:47:32.436+0000] {logging_mixin.py:188} INFO - [2025-04-28T11:47:32.436+0000] {dag.py:3820} INFO - Setting next_dagrun for example_sla_dag to 2025-04-28T11:44:00+00:00, run_after=2025-04-28T11:46:00+00:00
[2025-04-28T11:47:32.471+0000] {processor.py:183} INFO - Processing /home/airflow/.local/lib/python3.8/site-packages/airflow/example_dags/example_sla_dag.py took 0.152 seconds
[2025-04-28T11:48:05.971+0000] {processor.py:161} INFO - Started process (PID=5165) to work on /home/airflow/.local/lib/python3.8/site-packages/airflow/example_dags/example_sla_dag.py
[2025-04-28T11:48:05.974+0000] {processor.py:830} INFO - Processing file /home/airflow/.local/lib/python3.8/site-packages/airflow/example_dags/example_sla_dag.py for tasks to queue
[2025-04-28T11:48:05.976+0000] {logging_mixin.py:188} INFO - [2025-04-28T11:48:05.975+0000] {dagbag.py:538} INFO - Filling up the DagBag from /home/airflow/.local/lib/python3.8/site-packages/airflow/example_dags/example_sla_dag.py
[2025-04-28T11:48:05.995+0000] {processor.py:840} INFO - DAG(s) 'example_sla_dag' retrieved from /home/airflow/.local/lib/python3.8/site-packages/airflow/example_dags/example_sla_dag.py
[2025-04-28T11:48:06.035+0000] {logging_mixin.py:188} INFO - [2025-04-28T11:48:06.034+0000] {dag.py:3033} INFO - Sync 1 DAGs
[2025-04-28T11:48:06.076+0000] {logging_mixin.py:188} INFO - [2025-04-28T11:48:06.076+0000] {dag.py:3820} INFO - Setting next_dagrun for example_sla_dag to 2025-04-28T11:46:00+00:00, run_after=2025-04-28T11:48:00+00:00
[2025-04-28T11:48:06.120+0000] {processor.py:183} INFO - Processing /home/airflow/.local/lib/python3.8/site-packages/airflow/example_dags/example_sla_dag.py took 0.156 seconds
[2025-04-28T11:48:38.363+0000] {processor.py:161} INFO - Started process (PID=5220) to work on /home/airflow/.local/lib/python3.8/site-packages/airflow/example_dags/example_sla_dag.py
[2025-04-28T11:48:38.365+0000] {processor.py:830} INFO - Processing file /home/airflow/.local/lib/python3.8/site-packages/airflow/example_dags/example_sla_dag.py for tasks to queue
[2025-04-28T11:48:38.366+0000] {logging_mixin.py:188} INFO - [2025-04-28T11:48:38.366+0000] {dagbag.py:538} INFO - Filling up the DagBag from /home/airflow/.local/lib/python3.8/site-packages/airflow/example_dags/example_sla_dag.py
[2025-04-28T11:48:38.383+0000] {processor.py:840} INFO - DAG(s) 'example_sla_dag' retrieved from /home/airflow/.local/lib/python3.8/site-packages/airflow/example_dags/example_sla_dag.py
[2025-04-28T11:48:38.439+0000] {logging_mixin.py:188} INFO - [2025-04-28T11:48:38.438+0000] {dag.py:3033} INFO - Sync 1 DAGs
[2025-04-28T11:48:38.496+0000] {logging_mixin.py:188} INFO - [2025-04-28T11:48:38.496+0000] {dag.py:3820} INFO - Setting next_dagrun for example_sla_dag to 2025-04-28T11:46:00+00:00, run_after=2025-04-28T11:48:00+00:00
[2025-04-28T11:48:38.538+0000] {processor.py:183} INFO - Processing /home/airflow/.local/lib/python3.8/site-packages/airflow/example_dags/example_sla_dag.py took 0.179 seconds
[2025-04-28T11:49:10.902+0000] {processor.py:161} INFO - Started process (PID=5276) to work on /home/airflow/.local/lib/python3.8/site-packages/airflow/example_dags/example_sla_dag.py
[2025-04-28T11:49:10.904+0000] {processor.py:830} INFO - Processing file /home/airflow/.local/lib/python3.8/site-packages/airflow/example_dags/example_sla_dag.py for tasks to queue
[2025-04-28T11:49:10.905+0000] {logging_mixin.py:188} INFO - [2025-04-28T11:49:10.905+0000] {dagbag.py:538} INFO - Filling up the DagBag from /home/airflow/.local/lib/python3.8/site-packages/airflow/example_dags/example_sla_dag.py
[2025-04-28T11:49:10.918+0000] {processor.py:840} INFO - DAG(s) 'example_sla_dag' retrieved from /home/airflow/.local/lib/python3.8/site-packages/airflow/example_dags/example_sla_dag.py
[2025-04-28T11:49:10.962+0000] {logging_mixin.py:188} INFO - [2025-04-28T11:49:10.961+0000] {dag.py:3033} INFO - Sync 1 DAGs
[2025-04-28T11:49:11.022+0000] {logging_mixin.py:188} INFO - [2025-04-28T11:49:11.021+0000] {dag.py:3820} INFO - Setting next_dagrun for example_sla_dag to 2025-04-28T11:46:00+00:00, run_after=2025-04-28T11:48:00+00:00
[2025-04-28T11:49:11.053+0000] {processor.py:183} INFO - Processing /home/airflow/.local/lib/python3.8/site-packages/airflow/example_dags/example_sla_dag.py took 0.156 seconds
[2025-04-28T11:49:41.397+0000] {processor.py:161} INFO - Started process (PID=5332) to work on /home/airflow/.local/lib/python3.8/site-packages/airflow/example_dags/example_sla_dag.py
[2025-04-28T11:49:41.399+0000] {processor.py:830} INFO - Processing file /home/airflow/.local/lib/python3.8/site-packages/airflow/example_dags/example_sla_dag.py for tasks to queue
[2025-04-28T11:49:41.401+0000] {logging_mixin.py:188} INFO - [2025-04-28T11:49:41.401+0000] {dagbag.py:538} INFO - Filling up the DagBag from /home/airflow/.local/lib/python3.8/site-packages/airflow/example_dags/example_sla_dag.py
[2025-04-28T11:49:41.419+0000] {processor.py:840} INFO - DAG(s) 'example_sla_dag' retrieved from /home/airflow/.local/lib/python3.8/site-packages/airflow/example_dags/example_sla_dag.py
[2025-04-28T11:49:41.477+0000] {logging_mixin.py:188} INFO - [2025-04-28T11:49:41.477+0000] {dag.py:3033} INFO - Sync 1 DAGs
[2025-04-28T11:49:41.571+0000] {logging_mixin.py:188} INFO - [2025-04-28T11:49:41.571+0000] {dag.py:3820} INFO - Setting next_dagrun for example_sla_dag to 2025-04-28T11:46:00+00:00, run_after=2025-04-28T11:48:00+00:00
[2025-04-28T11:49:41.605+0000] {processor.py:183} INFO - Processing /home/airflow/.local/lib/python3.8/site-packages/airflow/example_dags/example_sla_dag.py took 0.214 seconds
[2025-04-28T11:50:11.807+0000] {processor.py:161} INFO - Started process (PID=5389) to work on /home/airflow/.local/lib/python3.8/site-packages/airflow/example_dags/example_sla_dag.py
[2025-04-28T11:50:11.809+0000] {processor.py:830} INFO - Processing file /home/airflow/.local/lib/python3.8/site-packages/airflow/example_dags/example_sla_dag.py for tasks to queue
[2025-04-28T11:50:11.810+0000] {logging_mixin.py:188} INFO - [2025-04-28T11:50:11.810+0000] {dagbag.py:538} INFO - Filling up the DagBag from /home/airflow/.local/lib/python3.8/site-packages/airflow/example_dags/example_sla_dag.py
[2025-04-28T11:50:11.830+0000] {processor.py:840} INFO - DAG(s) 'example_sla_dag' retrieved from /home/airflow/.local/lib/python3.8/site-packages/airflow/example_dags/example_sla_dag.py
[2025-04-28T11:50:11.868+0000] {logging_mixin.py:188} INFO - [2025-04-28T11:50:11.868+0000] {dag.py:3033} INFO - Sync 1 DAGs
[2025-04-28T11:50:11.914+0000] {logging_mixin.py:188} INFO - [2025-04-28T11:50:11.913+0000] {dag.py:3820} INFO - Setting next_dagrun for example_sla_dag to 2025-04-28T11:48:00+00:00, run_after=2025-04-28T11:50:00+00:00
[2025-04-28T11:50:11.943+0000] {processor.py:183} INFO - Processing /home/airflow/.local/lib/python3.8/site-packages/airflow/example_dags/example_sla_dag.py took 0.143 seconds
[2025-04-28T11:50:42.396+0000] {processor.py:161} INFO - Started process (PID=5446) to work on /home/airflow/.local/lib/python3.8/site-packages/airflow/example_dags/example_sla_dag.py
[2025-04-28T11:50:42.397+0000] {processor.py:830} INFO - Processing file /home/airflow/.local/lib/python3.8/site-packages/airflow/example_dags/example_sla_dag.py for tasks to queue
[2025-04-28T11:50:42.398+0000] {logging_mixin.py:188} INFO - [2025-04-28T11:50:42.398+0000] {dagbag.py:538} INFO - Filling up the DagBag from /home/airflow/.local/lib/python3.8/site-packages/airflow/example_dags/example_sla_dag.py
[2025-04-28T11:50:42.414+0000] {processor.py:840} INFO - DAG(s) 'example_sla_dag' retrieved from /home/airflow/.local/lib/python3.8/site-packages/airflow/example_dags/example_sla_dag.py
[2025-04-28T11:50:42.448+0000] {logging_mixin.py:188} INFO - [2025-04-28T11:50:42.447+0000] {dag.py:3033} INFO - Sync 1 DAGs
[2025-04-28T11:50:42.484+0000] {logging_mixin.py:188} INFO - [2025-04-28T11:50:42.484+0000] {dag.py:3820} INFO - Setting next_dagrun for example_sla_dag to 2025-04-28T11:48:00+00:00, run_after=2025-04-28T11:50:00+00:00
[2025-04-28T11:50:42.511+0000] {processor.py:183} INFO - Processing /home/airflow/.local/lib/python3.8/site-packages/airflow/example_dags/example_sla_dag.py took 0.119 seconds
[2025-04-28T11:51:13.040+0000] {processor.py:161} INFO - Started process (PID=5496) to work on /home/airflow/.local/lib/python3.8/site-packages/airflow/example_dags/example_sla_dag.py
[2025-04-28T11:51:13.041+0000] {processor.py:830} INFO - Processing file /home/airflow/.local/lib/python3.8/site-packages/airflow/example_dags/example_sla_dag.py for tasks to queue
[2025-04-28T11:51:13.043+0000] {logging_mixin.py:188} INFO - [2025-04-28T11:51:13.042+0000] {dagbag.py:538} INFO - Filling up the DagBag from /home/airflow/.local/lib/python3.8/site-packages/airflow/example_dags/example_sla_dag.py
[2025-04-28T11:51:13.055+0000] {processor.py:840} INFO - DAG(s) 'example_sla_dag' retrieved from /home/airflow/.local/lib/python3.8/site-packages/airflow/example_dags/example_sla_dag.py
[2025-04-28T11:51:13.082+0000] {logging_mixin.py:188} INFO - [2025-04-28T11:51:13.082+0000] {dag.py:3033} INFO - Sync 1 DAGs
[2025-04-28T11:51:13.134+0000] {logging_mixin.py:188} INFO - [2025-04-28T11:51:13.133+0000] {dag.py:3820} INFO - Setting next_dagrun for example_sla_dag to 2025-04-28T11:48:00+00:00, run_after=2025-04-28T11:50:00+00:00
[2025-04-28T11:51:13.163+0000] {processor.py:183} INFO - Processing /home/airflow/.local/lib/python3.8/site-packages/airflow/example_dags/example_sla_dag.py took 0.128 seconds
[2025-04-28T11:51:43.458+0000] {processor.py:161} INFO - Started process (PID=5552) to work on /home/airflow/.local/lib/python3.8/site-packages/airflow/example_dags/example_sla_dag.py
[2025-04-28T11:51:43.469+0000] {processor.py:830} INFO - Processing file /home/airflow/.local/lib/python3.8/site-packages/airflow/example_dags/example_sla_dag.py for tasks to queue
[2025-04-28T11:51:43.472+0000] {logging_mixin.py:188} INFO - [2025-04-28T11:51:43.471+0000] {dagbag.py:538} INFO - Filling up the DagBag from /home/airflow/.local/lib/python3.8/site-packages/airflow/example_dags/example_sla_dag.py
[2025-04-28T11:51:43.519+0000] {processor.py:840} INFO - DAG(s) 'example_sla_dag' retrieved from /home/airflow/.local/lib/python3.8/site-packages/airflow/example_dags/example_sla_dag.py
[2025-04-28T11:51:43.618+0000] {logging_mixin.py:188} INFO - [2025-04-28T11:51:43.616+0000] {dag.py:3033} INFO - Sync 1 DAGs
[2025-04-28T11:51:43.671+0000] {logging_mixin.py:188} INFO - [2025-04-28T11:51:43.671+0000] {dag.py:3820} INFO - Setting next_dagrun for example_sla_dag to 2025-04-28T11:48:00+00:00, run_after=2025-04-28T11:50:00+00:00
[2025-04-28T11:51:43.708+0000] {processor.py:183} INFO - Processing /home/airflow/.local/lib/python3.8/site-packages/airflow/example_dags/example_sla_dag.py took 0.264 seconds
[2025-04-28T11:52:14.497+0000] {processor.py:161} INFO - Started process (PID=5608) to work on /home/airflow/.local/lib/python3.8/site-packages/airflow/example_dags/example_sla_dag.py
[2025-04-28T11:52:14.502+0000] {processor.py:830} INFO - Processing file /home/airflow/.local/lib/python3.8/site-packages/airflow/example_dags/example_sla_dag.py for tasks to queue
[2025-04-28T11:52:14.515+0000] {logging_mixin.py:188} INFO - [2025-04-28T11:52:14.508+0000] {dagbag.py:538} INFO - Filling up the DagBag from /home/airflow/.local/lib/python3.8/site-packages/airflow/example_dags/example_sla_dag.py
[2025-04-28T11:52:14.548+0000] {processor.py:840} INFO - DAG(s) 'example_sla_dag' retrieved from /home/airflow/.local/lib/python3.8/site-packages/airflow/example_dags/example_sla_dag.py
[2025-04-28T11:52:14.592+0000] {logging_mixin.py:188} INFO - [2025-04-28T11:52:14.592+0000] {dag.py:3033} INFO - Sync 1 DAGs
[2025-04-28T11:52:14.650+0000] {logging_mixin.py:188} INFO - [2025-04-28T11:52:14.650+0000] {dag.py:3820} INFO - Setting next_dagrun for example_sla_dag to 2025-04-28T11:50:00+00:00, run_after=2025-04-28T11:52:00+00:00
[2025-04-28T11:52:14.702+0000] {processor.py:183} INFO - Processing /home/airflow/.local/lib/python3.8/site-packages/airflow/example_dags/example_sla_dag.py took 0.213 seconds
[2025-04-28T11:52:45.613+0000] {processor.py:161} INFO - Started process (PID=5664) to work on /home/airflow/.local/lib/python3.8/site-packages/airflow/example_dags/example_sla_dag.py
[2025-04-28T11:52:45.615+0000] {processor.py:830} INFO - Processing file /home/airflow/.local/lib/python3.8/site-packages/airflow/example_dags/example_sla_dag.py for tasks to queue
[2025-04-28T11:52:45.617+0000] {logging_mixin.py:188} INFO - [2025-04-28T11:52:45.616+0000] {dagbag.py:538} INFO - Filling up the DagBag from /home/airflow/.local/lib/python3.8/site-packages/airflow/example_dags/example_sla_dag.py
[2025-04-28T11:52:45.632+0000] {processor.py:840} INFO - DAG(s) 'example_sla_dag' retrieved from /home/airflow/.local/lib/python3.8/site-packages/airflow/example_dags/example_sla_dag.py
[2025-04-28T11:52:45.665+0000] {logging_mixin.py:188} INFO - [2025-04-28T11:52:45.664+0000] {dag.py:3033} INFO - Sync 1 DAGs
[2025-04-28T11:52:45.710+0000] {logging_mixin.py:188} INFO - [2025-04-28T11:52:45.709+0000] {dag.py:3820} INFO - Setting next_dagrun for example_sla_dag to 2025-04-28T11:50:00+00:00, run_after=2025-04-28T11:52:00+00:00
[2025-04-28T11:52:45.742+0000] {processor.py:183} INFO - Processing /home/airflow/.local/lib/python3.8/site-packages/airflow/example_dags/example_sla_dag.py took 0.135 seconds
[2025-04-28T11:53:16.202+0000] {processor.py:161} INFO - Started process (PID=5720) to work on /home/airflow/.local/lib/python3.8/site-packages/airflow/example_dags/example_sla_dag.py
[2025-04-28T11:53:16.204+0000] {processor.py:830} INFO - Processing file /home/airflow/.local/lib/python3.8/site-packages/airflow/example_dags/example_sla_dag.py for tasks to queue
[2025-04-28T11:53:16.206+0000] {logging_mixin.py:188} INFO - [2025-04-28T11:53:16.205+0000] {dagbag.py:538} INFO - Filling up the DagBag from /home/airflow/.local/lib/python3.8/site-packages/airflow/example_dags/example_sla_dag.py
[2025-04-28T11:53:16.221+0000] {processor.py:840} INFO - DAG(s) 'example_sla_dag' retrieved from /home/airflow/.local/lib/python3.8/site-packages/airflow/example_dags/example_sla_dag.py
[2025-04-28T11:53:16.250+0000] {logging_mixin.py:188} INFO - [2025-04-28T11:53:16.250+0000] {dag.py:3033} INFO - Sync 1 DAGs
[2025-04-28T11:53:16.292+0000] {logging_mixin.py:188} INFO - [2025-04-28T11:53:16.292+0000] {dag.py:3820} INFO - Setting next_dagrun for example_sla_dag to 2025-04-28T11:50:00+00:00, run_after=2025-04-28T11:52:00+00:00
[2025-04-28T11:53:16.322+0000] {processor.py:183} INFO - Processing /home/airflow/.local/lib/python3.8/site-packages/airflow/example_dags/example_sla_dag.py took 0.126 seconds
[2025-04-28T11:53:49.002+0000] {processor.py:161} INFO - Started process (PID=5775) to work on /home/airflow/.local/lib/python3.8/site-packages/airflow/example_dags/example_sla_dag.py
[2025-04-28T11:53:49.004+0000] {processor.py:830} INFO - Processing file /home/airflow/.local/lib/python3.8/site-packages/airflow/example_dags/example_sla_dag.py for tasks to queue
[2025-04-28T11:53:49.005+0000] {logging_mixin.py:188} INFO - [2025-04-28T11:53:49.005+0000] {dagbag.py:538} INFO - Filling up the DagBag from /home/airflow/.local/lib/python3.8/site-packages/airflow/example_dags/example_sla_dag.py
[2025-04-28T11:53:49.020+0000] {processor.py:840} INFO - DAG(s) 'example_sla_dag' retrieved from /home/airflow/.local/lib/python3.8/site-packages/airflow/example_dags/example_sla_dag.py
[2025-04-28T11:53:49.053+0000] {logging_mixin.py:188} INFO - [2025-04-28T11:53:49.053+0000] {dag.py:3033} INFO - Sync 1 DAGs
[2025-04-28T11:53:49.103+0000] {logging_mixin.py:188} INFO - [2025-04-28T11:53:49.103+0000] {dag.py:3820} INFO - Setting next_dagrun for example_sla_dag to 2025-04-28T11:50:00+00:00, run_after=2025-04-28T11:52:00+00:00
[2025-04-28T11:53:49.138+0000] {processor.py:183} INFO - Processing /home/airflow/.local/lib/python3.8/site-packages/airflow/example_dags/example_sla_dag.py took 0.141 seconds
[2025-04-28T11:54:19.373+0000] {processor.py:161} INFO - Started process (PID=5831) to work on /home/airflow/.local/lib/python3.8/site-packages/airflow/example_dags/example_sla_dag.py
[2025-04-28T11:54:19.374+0000] {processor.py:830} INFO - Processing file /home/airflow/.local/lib/python3.8/site-packages/airflow/example_dags/example_sla_dag.py for tasks to queue
[2025-04-28T11:54:19.376+0000] {logging_mixin.py:188} INFO - [2025-04-28T11:54:19.375+0000] {dagbag.py:538} INFO - Filling up the DagBag from /home/airflow/.local/lib/python3.8/site-packages/airflow/example_dags/example_sla_dag.py
[2025-04-28T11:54:19.387+0000] {processor.py:840} INFO - DAG(s) 'example_sla_dag' retrieved from /home/airflow/.local/lib/python3.8/site-packages/airflow/example_dags/example_sla_dag.py
[2025-04-28T11:54:19.415+0000] {logging_mixin.py:188} INFO - [2025-04-28T11:54:19.415+0000] {dag.py:3033} INFO - Sync 1 DAGs
[2025-04-28T11:54:19.453+0000] {logging_mixin.py:188} INFO - [2025-04-28T11:54:19.453+0000] {dag.py:3820} INFO - Setting next_dagrun for example_sla_dag to 2025-04-28T11:52:00+00:00, run_after=2025-04-28T11:54:00+00:00
[2025-04-28T11:54:19.492+0000] {processor.py:183} INFO - Processing /home/airflow/.local/lib/python3.8/site-packages/airflow/example_dags/example_sla_dag.py took 0.124 seconds
[2025-04-28T11:54:49.869+0000] {processor.py:161} INFO - Started process (PID=5887) to work on /home/airflow/.local/lib/python3.8/site-packages/airflow/example_dags/example_sla_dag.py
[2025-04-28T11:54:49.871+0000] {processor.py:830} INFO - Processing file /home/airflow/.local/lib/python3.8/site-packages/airflow/example_dags/example_sla_dag.py for tasks to queue
[2025-04-28T11:54:49.872+0000] {logging_mixin.py:188} INFO - [2025-04-28T11:54:49.872+0000] {dagbag.py:538} INFO - Filling up the DagBag from /home/airflow/.local/lib/python3.8/site-packages/airflow/example_dags/example_sla_dag.py
[2025-04-28T11:54:49.884+0000] {processor.py:840} INFO - DAG(s) 'example_sla_dag' retrieved from /home/airflow/.local/lib/python3.8/site-packages/airflow/example_dags/example_sla_dag.py
[2025-04-28T11:54:49.912+0000] {logging_mixin.py:188} INFO - [2025-04-28T11:54:49.912+0000] {dag.py:3033} INFO - Sync 1 DAGs
[2025-04-28T11:54:49.982+0000] {logging_mixin.py:188} INFO - [2025-04-28T11:54:49.982+0000] {dag.py:3820} INFO - Setting next_dagrun for example_sla_dag to 2025-04-28T11:52:00+00:00, run_after=2025-04-28T11:54:00+00:00
[2025-04-28T11:54:50.020+0000] {processor.py:183} INFO - Processing /home/airflow/.local/lib/python3.8/site-packages/airflow/example_dags/example_sla_dag.py took 0.157 seconds
[2025-04-28T11:55:20.108+0000] {processor.py:161} INFO - Started process (PID=5942) to work on /home/airflow/.local/lib/python3.8/site-packages/airflow/example_dags/example_sla_dag.py
[2025-04-28T11:55:20.109+0000] {processor.py:830} INFO - Processing file /home/airflow/.local/lib/python3.8/site-packages/airflow/example_dags/example_sla_dag.py for tasks to queue
[2025-04-28T11:55:20.111+0000] {logging_mixin.py:188} INFO - [2025-04-28T11:55:20.110+0000] {dagbag.py:538} INFO - Filling up the DagBag from /home/airflow/.local/lib/python3.8/site-packages/airflow/example_dags/example_sla_dag.py
[2025-04-28T11:55:20.124+0000] {processor.py:840} INFO - DAG(s) 'example_sla_dag' retrieved from /home/airflow/.local/lib/python3.8/site-packages/airflow/example_dags/example_sla_dag.py
[2025-04-28T11:55:20.163+0000] {logging_mixin.py:188} INFO - [2025-04-28T11:55:20.163+0000] {dag.py:3033} INFO - Sync 1 DAGs
[2025-04-28T11:55:20.210+0000] {logging_mixin.py:188} INFO - [2025-04-28T11:55:20.210+0000] {dag.py:3820} INFO - Setting next_dagrun for example_sla_dag to 2025-04-28T11:52:00+00:00, run_after=2025-04-28T11:54:00+00:00
[2025-04-28T11:55:20.288+0000] {processor.py:183} INFO - Processing /home/airflow/.local/lib/python3.8/site-packages/airflow/example_dags/example_sla_dag.py took 0.187 seconds
[2025-04-28T11:55:50.445+0000] {processor.py:161} INFO - Started process (PID=5998) to work on /home/airflow/.local/lib/python3.8/site-packages/airflow/example_dags/example_sla_dag.py
[2025-04-28T11:55:50.446+0000] {processor.py:830} INFO - Processing file /home/airflow/.local/lib/python3.8/site-packages/airflow/example_dags/example_sla_dag.py for tasks to queue
[2025-04-28T11:55:50.448+0000] {logging_mixin.py:188} INFO - [2025-04-28T11:55:50.447+0000] {dagbag.py:538} INFO - Filling up the DagBag from /home/airflow/.local/lib/python3.8/site-packages/airflow/example_dags/example_sla_dag.py
[2025-04-28T11:55:50.460+0000] {processor.py:840} INFO - DAG(s) 'example_sla_dag' retrieved from /home/airflow/.local/lib/python3.8/site-packages/airflow/example_dags/example_sla_dag.py
[2025-04-28T11:55:50.489+0000] {logging_mixin.py:188} INFO - [2025-04-28T11:55:50.489+0000] {dag.py:3033} INFO - Sync 1 DAGs
[2025-04-28T11:55:50.530+0000] {logging_mixin.py:188} INFO - [2025-04-28T11:55:50.530+0000] {dag.py:3820} INFO - Setting next_dagrun for example_sla_dag to 2025-04-28T11:52:00+00:00, run_after=2025-04-28T11:54:00+00:00
[2025-04-28T11:55:50.562+0000] {processor.py:183} INFO - Processing /home/airflow/.local/lib/python3.8/site-packages/airflow/example_dags/example_sla_dag.py took 0.121 seconds
[2025-04-28T11:56:20.843+0000] {processor.py:161} INFO - Started process (PID=6054) to work on /home/airflow/.local/lib/python3.8/site-packages/airflow/example_dags/example_sla_dag.py
[2025-04-28T11:56:20.844+0000] {processor.py:830} INFO - Processing file /home/airflow/.local/lib/python3.8/site-packages/airflow/example_dags/example_sla_dag.py for tasks to queue
[2025-04-28T11:56:20.846+0000] {logging_mixin.py:188} INFO - [2025-04-28T11:56:20.845+0000] {dagbag.py:538} INFO - Filling up the DagBag from /home/airflow/.local/lib/python3.8/site-packages/airflow/example_dags/example_sla_dag.py
[2025-04-28T11:56:20.865+0000] {processor.py:840} INFO - DAG(s) 'example_sla_dag' retrieved from /home/airflow/.local/lib/python3.8/site-packages/airflow/example_dags/example_sla_dag.py
[2025-04-28T11:56:20.903+0000] {logging_mixin.py:188} INFO - [2025-04-28T11:56:20.902+0000] {dag.py:3033} INFO - Sync 1 DAGs
[2025-04-28T11:56:20.958+0000] {logging_mixin.py:188} INFO - [2025-04-28T11:56:20.958+0000] {dag.py:3820} INFO - Setting next_dagrun for example_sla_dag to 2025-04-28T11:54:00+00:00, run_after=2025-04-28T11:56:00+00:00
[2025-04-28T11:56:21.005+0000] {processor.py:183} INFO - Processing /home/airflow/.local/lib/python3.8/site-packages/airflow/example_dags/example_sla_dag.py took 0.169 seconds
[2025-04-28T11:56:51.395+0000] {processor.py:161} INFO - Started process (PID=6110) to work on /home/airflow/.local/lib/python3.8/site-packages/airflow/example_dags/example_sla_dag.py
[2025-04-28T11:56:51.397+0000] {processor.py:830} INFO - Processing file /home/airflow/.local/lib/python3.8/site-packages/airflow/example_dags/example_sla_dag.py for tasks to queue
[2025-04-28T11:56:51.399+0000] {logging_mixin.py:188} INFO - [2025-04-28T11:56:51.398+0000] {dagbag.py:538} INFO - Filling up the DagBag from /home/airflow/.local/lib/python3.8/site-packages/airflow/example_dags/example_sla_dag.py
[2025-04-28T11:56:51.423+0000] {processor.py:840} INFO - DAG(s) 'example_sla_dag' retrieved from /home/airflow/.local/lib/python3.8/site-packages/airflow/example_dags/example_sla_dag.py
[2025-04-28T11:56:51.468+0000] {logging_mixin.py:188} INFO - [2025-04-28T11:56:51.467+0000] {dag.py:3033} INFO - Sync 1 DAGs
[2025-04-28T11:56:51.520+0000] {logging_mixin.py:188} INFO - [2025-04-28T11:56:51.519+0000] {dag.py:3820} INFO - Setting next_dagrun for example_sla_dag to 2025-04-28T11:54:00+00:00, run_after=2025-04-28T11:56:00+00:00
[2025-04-28T11:56:51.569+0000] {processor.py:183} INFO - Processing /home/airflow/.local/lib/python3.8/site-packages/airflow/example_dags/example_sla_dag.py took 0.180 seconds
[2025-04-28T11:57:21.706+0000] {processor.py:161} INFO - Started process (PID=6166) to work on /home/airflow/.local/lib/python3.8/site-packages/airflow/example_dags/example_sla_dag.py
[2025-04-28T11:57:21.707+0000] {processor.py:830} INFO - Processing file /home/airflow/.local/lib/python3.8/site-packages/airflow/example_dags/example_sla_dag.py for tasks to queue
[2025-04-28T11:57:21.709+0000] {logging_mixin.py:188} INFO - [2025-04-28T11:57:21.708+0000] {dagbag.py:538} INFO - Filling up the DagBag from /home/airflow/.local/lib/python3.8/site-packages/airflow/example_dags/example_sla_dag.py
[2025-04-28T11:57:21.726+0000] {processor.py:840} INFO - DAG(s) 'example_sla_dag' retrieved from /home/airflow/.local/lib/python3.8/site-packages/airflow/example_dags/example_sla_dag.py
[2025-04-28T11:57:21.763+0000] {logging_mixin.py:188} INFO - [2025-04-28T11:57:21.762+0000] {dag.py:3033} INFO - Sync 1 DAGs
[2025-04-28T11:57:21.807+0000] {logging_mixin.py:188} INFO - [2025-04-28T11:57:21.807+0000] {dag.py:3820} INFO - Setting next_dagrun for example_sla_dag to 2025-04-28T11:54:00+00:00, run_after=2025-04-28T11:56:00+00:00
[2025-04-28T11:57:21.852+0000] {processor.py:183} INFO - Processing /home/airflow/.local/lib/python3.8/site-packages/airflow/example_dags/example_sla_dag.py took 0.153 seconds
[2025-04-28T11:57:55.155+0000] {processor.py:161} INFO - Started process (PID=6222) to work on /home/airflow/.local/lib/python3.8/site-packages/airflow/example_dags/example_sla_dag.py
[2025-04-28T11:57:55.158+0000] {processor.py:830} INFO - Processing file /home/airflow/.local/lib/python3.8/site-packages/airflow/example_dags/example_sla_dag.py for tasks to queue
[2025-04-28T11:57:55.168+0000] {logging_mixin.py:188} INFO - [2025-04-28T11:57:55.168+0000] {dagbag.py:538} INFO - Filling up the DagBag from /home/airflow/.local/lib/python3.8/site-packages/airflow/example_dags/example_sla_dag.py
[2025-04-28T11:57:55.188+0000] {processor.py:840} INFO - DAG(s) 'example_sla_dag' retrieved from /home/airflow/.local/lib/python3.8/site-packages/airflow/example_dags/example_sla_dag.py
[2025-04-28T11:57:55.230+0000] {logging_mixin.py:188} INFO - [2025-04-28T11:57:55.230+0000] {dag.py:3033} INFO - Sync 1 DAGs
[2025-04-28T11:57:55.289+0000] {logging_mixin.py:188} INFO - [2025-04-28T11:57:55.288+0000] {dag.py:3820} INFO - Setting next_dagrun for example_sla_dag to 2025-04-28T11:54:00+00:00, run_after=2025-04-28T11:56:00+00:00
[2025-04-28T11:57:55.349+0000] {processor.py:183} INFO - Processing /home/airflow/.local/lib/python3.8/site-packages/airflow/example_dags/example_sla_dag.py took 0.199 seconds
[2025-04-28T11:58:27.619+0000] {processor.py:161} INFO - Started process (PID=6279) to work on /home/airflow/.local/lib/python3.8/site-packages/airflow/example_dags/example_sla_dag.py
[2025-04-28T11:58:27.621+0000] {processor.py:830} INFO - Processing file /home/airflow/.local/lib/python3.8/site-packages/airflow/example_dags/example_sla_dag.py for tasks to queue
[2025-04-28T11:58:27.622+0000] {logging_mixin.py:188} INFO - [2025-04-28T11:58:27.622+0000] {dagbag.py:538} INFO - Filling up the DagBag from /home/airflow/.local/lib/python3.8/site-packages/airflow/example_dags/example_sla_dag.py
[2025-04-28T11:58:27.636+0000] {processor.py:840} INFO - DAG(s) 'example_sla_dag' retrieved from /home/airflow/.local/lib/python3.8/site-packages/airflow/example_dags/example_sla_dag.py
[2025-04-28T11:58:27.670+0000] {logging_mixin.py:188} INFO - [2025-04-28T11:58:27.670+0000] {dag.py:3033} INFO - Sync 1 DAGs
[2025-04-28T11:58:27.710+0000] {logging_mixin.py:188} INFO - [2025-04-28T11:58:27.710+0000] {dag.py:3820} INFO - Setting next_dagrun for example_sla_dag to 2025-04-28T11:56:00+00:00, run_after=2025-04-28T11:58:00+00:00
[2025-04-28T11:58:27.739+0000] {processor.py:183} INFO - Processing /home/airflow/.local/lib/python3.8/site-packages/airflow/example_dags/example_sla_dag.py took 0.123 seconds
[2025-04-28T11:58:59.777+0000] {processor.py:161} INFO - Started process (PID=6335) to work on /home/airflow/.local/lib/python3.8/site-packages/airflow/example_dags/example_sla_dag.py
[2025-04-28T11:58:59.779+0000] {processor.py:830} INFO - Processing file /home/airflow/.local/lib/python3.8/site-packages/airflow/example_dags/example_sla_dag.py for tasks to queue
[2025-04-28T11:58:59.780+0000] {logging_mixin.py:188} INFO - [2025-04-28T11:58:59.779+0000] {dagbag.py:538} INFO - Filling up the DagBag from /home/airflow/.local/lib/python3.8/site-packages/airflow/example_dags/example_sla_dag.py
[2025-04-28T11:58:59.794+0000] {processor.py:840} INFO - DAG(s) 'example_sla_dag' retrieved from /home/airflow/.local/lib/python3.8/site-packages/airflow/example_dags/example_sla_dag.py
[2025-04-28T11:58:59.832+0000] {logging_mixin.py:188} INFO - [2025-04-28T11:58:59.831+0000] {dag.py:3033} INFO - Sync 1 DAGs
[2025-04-28T11:58:59.874+0000] {logging_mixin.py:188} INFO - [2025-04-28T11:58:59.874+0000] {dag.py:3820} INFO - Setting next_dagrun for example_sla_dag to 2025-04-28T11:56:00+00:00, run_after=2025-04-28T11:58:00+00:00
[2025-04-28T11:58:59.914+0000] {processor.py:183} INFO - Processing /home/airflow/.local/lib/python3.8/site-packages/airflow/example_dags/example_sla_dag.py took 0.141 seconds
[2025-04-28T11:59:32.424+0000] {processor.py:161} INFO - Started process (PID=6392) to work on /home/airflow/.local/lib/python3.8/site-packages/airflow/example_dags/example_sla_dag.py
[2025-04-28T11:59:32.425+0000] {processor.py:830} INFO - Processing file /home/airflow/.local/lib/python3.8/site-packages/airflow/example_dags/example_sla_dag.py for tasks to queue
[2025-04-28T11:59:32.426+0000] {logging_mixin.py:188} INFO - [2025-04-28T11:59:32.426+0000] {dagbag.py:538} INFO - Filling up the DagBag from /home/airflow/.local/lib/python3.8/site-packages/airflow/example_dags/example_sla_dag.py
[2025-04-28T11:59:32.443+0000] {processor.py:840} INFO - DAG(s) 'example_sla_dag' retrieved from /home/airflow/.local/lib/python3.8/site-packages/airflow/example_dags/example_sla_dag.py
[2025-04-28T11:59:32.474+0000] {logging_mixin.py:188} INFO - [2025-04-28T11:59:32.474+0000] {dag.py:3033} INFO - Sync 1 DAGs
[2025-04-28T11:59:32.520+0000] {logging_mixin.py:188} INFO - [2025-04-28T11:59:32.520+0000] {dag.py:3820} INFO - Setting next_dagrun for example_sla_dag to 2025-04-28T11:56:00+00:00, run_after=2025-04-28T11:58:00+00:00
[2025-04-28T11:59:32.559+0000] {processor.py:183} INFO - Processing /home/airflow/.local/lib/python3.8/site-packages/airflow/example_dags/example_sla_dag.py took 0.143 seconds
[2025-04-28T12:00:05.273+0000] {processor.py:161} INFO - Started process (PID=6448) to work on /home/airflow/.local/lib/python3.8/site-packages/airflow/example_dags/example_sla_dag.py
[2025-04-28T12:00:05.274+0000] {processor.py:830} INFO - Processing file /home/airflow/.local/lib/python3.8/site-packages/airflow/example_dags/example_sla_dag.py for tasks to queue
[2025-04-28T12:00:05.276+0000] {logging_mixin.py:188} INFO - [2025-04-28T12:00:05.275+0000] {dagbag.py:538} INFO - Filling up the DagBag from /home/airflow/.local/lib/python3.8/site-packages/airflow/example_dags/example_sla_dag.py
[2025-04-28T12:00:05.292+0000] {processor.py:840} INFO - DAG(s) 'example_sla_dag' retrieved from /home/airflow/.local/lib/python3.8/site-packages/airflow/example_dags/example_sla_dag.py
[2025-04-28T12:00:05.333+0000] {logging_mixin.py:188} INFO - [2025-04-28T12:00:05.332+0000] {dag.py:3033} INFO - Sync 1 DAGs
[2025-04-28T12:00:05.381+0000] {logging_mixin.py:188} INFO - [2025-04-28T12:00:05.381+0000] {dag.py:3820} INFO - Setting next_dagrun for example_sla_dag to 2025-04-28T11:58:00+00:00, run_after=2025-04-28T12:00:00+00:00
[2025-04-28T12:00:05.412+0000] {processor.py:183} INFO - Processing /home/airflow/.local/lib/python3.8/site-packages/airflow/example_dags/example_sla_dag.py took 0.146 seconds
[2025-04-28T12:00:38.363+0000] {processor.py:161} INFO - Started process (PID=6504) to work on /home/airflow/.local/lib/python3.8/site-packages/airflow/example_dags/example_sla_dag.py
[2025-04-28T12:00:38.364+0000] {processor.py:830} INFO - Processing file /home/airflow/.local/lib/python3.8/site-packages/airflow/example_dags/example_sla_dag.py for tasks to queue
[2025-04-28T12:00:38.366+0000] {logging_mixin.py:188} INFO - [2025-04-28T12:00:38.365+0000] {dagbag.py:538} INFO - Filling up the DagBag from /home/airflow/.local/lib/python3.8/site-packages/airflow/example_dags/example_sla_dag.py
[2025-04-28T12:00:38.382+0000] {processor.py:840} INFO - DAG(s) 'example_sla_dag' retrieved from /home/airflow/.local/lib/python3.8/site-packages/airflow/example_dags/example_sla_dag.py
[2025-04-28T12:00:38.428+0000] {logging_mixin.py:188} INFO - [2025-04-28T12:00:38.428+0000] {dag.py:3033} INFO - Sync 1 DAGs
[2025-04-28T12:00:38.476+0000] {logging_mixin.py:188} INFO - [2025-04-28T12:00:38.476+0000] {dag.py:3820} INFO - Setting next_dagrun for example_sla_dag to 2025-04-28T11:58:00+00:00, run_after=2025-04-28T12:00:00+00:00
[2025-04-28T12:00:38.506+0000] {processor.py:183} INFO - Processing /home/airflow/.local/lib/python3.8/site-packages/airflow/example_dags/example_sla_dag.py took 0.148 seconds
[2025-04-28T12:01:10.642+0000] {processor.py:161} INFO - Started process (PID=6560) to work on /home/airflow/.local/lib/python3.8/site-packages/airflow/example_dags/example_sla_dag.py
[2025-04-28T12:01:10.644+0000] {processor.py:830} INFO - Processing file /home/airflow/.local/lib/python3.8/site-packages/airflow/example_dags/example_sla_dag.py for tasks to queue
[2025-04-28T12:01:10.645+0000] {logging_mixin.py:188} INFO - [2025-04-28T12:01:10.645+0000] {dagbag.py:538} INFO - Filling up the DagBag from /home/airflow/.local/lib/python3.8/site-packages/airflow/example_dags/example_sla_dag.py
[2025-04-28T12:01:10.663+0000] {processor.py:840} INFO - DAG(s) 'example_sla_dag' retrieved from /home/airflow/.local/lib/python3.8/site-packages/airflow/example_dags/example_sla_dag.py
[2025-04-28T12:01:10.700+0000] {logging_mixin.py:188} INFO - [2025-04-28T12:01:10.700+0000] {dag.py:3033} INFO - Sync 1 DAGs
[2025-04-28T12:01:10.743+0000] {logging_mixin.py:188} INFO - [2025-04-28T12:01:10.743+0000] {dag.py:3820} INFO - Setting next_dagrun for example_sla_dag to 2025-04-28T11:58:00+00:00, run_after=2025-04-28T12:00:00+00:00
[2025-04-28T12:01:10.775+0000] {processor.py:183} INFO - Processing /home/airflow/.local/lib/python3.8/site-packages/airflow/example_dags/example_sla_dag.py took 0.140 seconds
[2025-04-28T12:01:44.934+0000] {processor.py:161} INFO - Started process (PID=6617) to work on /home/airflow/.local/lib/python3.8/site-packages/airflow/example_dags/example_sla_dag.py
[2025-04-28T12:01:44.936+0000] {processor.py:830} INFO - Processing file /home/airflow/.local/lib/python3.8/site-packages/airflow/example_dags/example_sla_dag.py for tasks to queue
[2025-04-28T12:01:44.938+0000] {logging_mixin.py:188} INFO - [2025-04-28T12:01:44.937+0000] {dagbag.py:538} INFO - Filling up the DagBag from /home/airflow/.local/lib/python3.8/site-packages/airflow/example_dags/example_sla_dag.py
[2025-04-28T12:01:44.954+0000] {processor.py:840} INFO - DAG(s) 'example_sla_dag' retrieved from /home/airflow/.local/lib/python3.8/site-packages/airflow/example_dags/example_sla_dag.py
[2025-04-28T12:01:44.987+0000] {logging_mixin.py:188} INFO - [2025-04-28T12:01:44.987+0000] {dag.py:3033} INFO - Sync 1 DAGs
[2025-04-28T12:01:45.033+0000] {logging_mixin.py:188} INFO - [2025-04-28T12:01:45.033+0000] {dag.py:3820} INFO - Setting next_dagrun for example_sla_dag to 2025-04-28T11:58:00+00:00, run_after=2025-04-28T12:00:00+00:00
[2025-04-28T12:01:45.066+0000] {processor.py:183} INFO - Processing /home/airflow/.local/lib/python3.8/site-packages/airflow/example_dags/example_sla_dag.py took 0.137 seconds
[2025-04-28T12:02:16.708+0000] {processor.py:161} INFO - Started process (PID=6673) to work on /home/airflow/.local/lib/python3.8/site-packages/airflow/example_dags/example_sla_dag.py
[2025-04-28T12:02:16.710+0000] {processor.py:830} INFO - Processing file /home/airflow/.local/lib/python3.8/site-packages/airflow/example_dags/example_sla_dag.py for tasks to queue
[2025-04-28T12:02:16.711+0000] {logging_mixin.py:188} INFO - [2025-04-28T12:02:16.711+0000] {dagbag.py:538} INFO - Filling up the DagBag from /home/airflow/.local/lib/python3.8/site-packages/airflow/example_dags/example_sla_dag.py
[2025-04-28T12:02:16.728+0000] {processor.py:840} INFO - DAG(s) 'example_sla_dag' retrieved from /home/airflow/.local/lib/python3.8/site-packages/airflow/example_dags/example_sla_dag.py
[2025-04-28T12:02:16.765+0000] {logging_mixin.py:188} INFO - [2025-04-28T12:02:16.765+0000] {dag.py:3033} INFO - Sync 1 DAGs
[2025-04-28T12:02:16.805+0000] {logging_mixin.py:188} INFO - [2025-04-28T12:02:16.805+0000] {dag.py:3820} INFO - Setting next_dagrun for example_sla_dag to 2025-04-28T12:00:00+00:00, run_after=2025-04-28T12:02:00+00:00
[2025-04-28T12:02:16.834+0000] {processor.py:183} INFO - Processing /home/airflow/.local/lib/python3.8/site-packages/airflow/example_dags/example_sla_dag.py took 0.131 seconds
[2025-04-28T12:02:47.282+0000] {processor.py:161} INFO - Started process (PID=6729) to work on /home/airflow/.local/lib/python3.8/site-packages/airflow/example_dags/example_sla_dag.py
[2025-04-28T12:02:47.284+0000] {processor.py:830} INFO - Processing file /home/airflow/.local/lib/python3.8/site-packages/airflow/example_dags/example_sla_dag.py for tasks to queue
[2025-04-28T12:02:47.285+0000] {logging_mixin.py:188} INFO - [2025-04-28T12:02:47.284+0000] {dagbag.py:538} INFO - Filling up the DagBag from /home/airflow/.local/lib/python3.8/site-packages/airflow/example_dags/example_sla_dag.py
[2025-04-28T12:02:47.299+0000] {processor.py:840} INFO - DAG(s) 'example_sla_dag' retrieved from /home/airflow/.local/lib/python3.8/site-packages/airflow/example_dags/example_sla_dag.py
[2025-04-28T12:02:47.329+0000] {logging_mixin.py:188} INFO - [2025-04-28T12:02:47.329+0000] {dag.py:3033} INFO - Sync 1 DAGs
[2025-04-28T12:02:47.370+0000] {logging_mixin.py:188} INFO - [2025-04-28T12:02:47.369+0000] {dag.py:3820} INFO - Setting next_dagrun for example_sla_dag to 2025-04-28T12:00:00+00:00, run_after=2025-04-28T12:02:00+00:00
[2025-04-28T12:02:47.398+0000] {processor.py:183} INFO - Processing /home/airflow/.local/lib/python3.8/site-packages/airflow/example_dags/example_sla_dag.py took 0.121 seconds
[2025-04-28T12:03:21.048+0000] {processor.py:161} INFO - Started process (PID=6786) to work on /home/airflow/.local/lib/python3.8/site-packages/airflow/example_dags/example_sla_dag.py
[2025-04-28T12:03:21.050+0000] {processor.py:830} INFO - Processing file /home/airflow/.local/lib/python3.8/site-packages/airflow/example_dags/example_sla_dag.py for tasks to queue
[2025-04-28T12:03:21.052+0000] {logging_mixin.py:188} INFO - [2025-04-28T12:03:21.051+0000] {dagbag.py:538} INFO - Filling up the DagBag from /home/airflow/.local/lib/python3.8/site-packages/airflow/example_dags/example_sla_dag.py
[2025-04-28T12:03:21.066+0000] {processor.py:840} INFO - DAG(s) 'example_sla_dag' retrieved from /home/airflow/.local/lib/python3.8/site-packages/airflow/example_dags/example_sla_dag.py
[2025-04-28T12:03:21.104+0000] {logging_mixin.py:188} INFO - [2025-04-28T12:03:21.103+0000] {dag.py:3033} INFO - Sync 1 DAGs
[2025-04-28T12:03:21.157+0000] {logging_mixin.py:188} INFO - [2025-04-28T12:03:21.156+0000] {dag.py:3820} INFO - Setting next_dagrun for example_sla_dag to 2025-04-28T12:00:00+00:00, run_after=2025-04-28T12:02:00+00:00
[2025-04-28T12:03:21.196+0000] {processor.py:183} INFO - Processing /home/airflow/.local/lib/python3.8/site-packages/airflow/example_dags/example_sla_dag.py took 0.154 seconds
[2025-04-28T12:03:51.624+0000] {processor.py:161} INFO - Started process (PID=6842) to work on /home/airflow/.local/lib/python3.8/site-packages/airflow/example_dags/example_sla_dag.py
[2025-04-28T12:03:51.627+0000] {processor.py:830} INFO - Processing file /home/airflow/.local/lib/python3.8/site-packages/airflow/example_dags/example_sla_dag.py for tasks to queue
[2025-04-28T12:03:51.630+0000] {logging_mixin.py:188} INFO - [2025-04-28T12:03:51.629+0000] {dagbag.py:538} INFO - Filling up the DagBag from /home/airflow/.local/lib/python3.8/site-packages/airflow/example_dags/example_sla_dag.py
[2025-04-28T12:03:51.650+0000] {processor.py:840} INFO - DAG(s) 'example_sla_dag' retrieved from /home/airflow/.local/lib/python3.8/site-packages/airflow/example_dags/example_sla_dag.py
[2025-04-28T12:03:51.698+0000] {logging_mixin.py:188} INFO - [2025-04-28T12:03:51.697+0000] {dag.py:3033} INFO - Sync 1 DAGs
[2025-04-28T12:03:51.745+0000] {logging_mixin.py:188} INFO - [2025-04-28T12:03:51.745+0000] {dag.py:3820} INFO - Setting next_dagrun for example_sla_dag to 2025-04-28T12:00:00+00:00, run_after=2025-04-28T12:02:00+00:00
[2025-04-28T12:03:51.795+0000] {processor.py:183} INFO - Processing /home/airflow/.local/lib/python3.8/site-packages/airflow/example_dags/example_sla_dag.py took 0.189 seconds
[2025-04-28T12:04:21.905+0000] {processor.py:161} INFO - Started process (PID=6897) to work on /home/airflow/.local/lib/python3.8/site-packages/airflow/example_dags/example_sla_dag.py
[2025-04-28T12:04:21.906+0000] {processor.py:830} INFO - Processing file /home/airflow/.local/lib/python3.8/site-packages/airflow/example_dags/example_sla_dag.py for tasks to queue
[2025-04-28T12:04:21.908+0000] {logging_mixin.py:188} INFO - [2025-04-28T12:04:21.908+0000] {dagbag.py:538} INFO - Filling up the DagBag from /home/airflow/.local/lib/python3.8/site-packages/airflow/example_dags/example_sla_dag.py
[2025-04-28T12:04:21.923+0000] {processor.py:840} INFO - DAG(s) 'example_sla_dag' retrieved from /home/airflow/.local/lib/python3.8/site-packages/airflow/example_dags/example_sla_dag.py
[2025-04-28T12:04:21.952+0000] {logging_mixin.py:188} INFO - [2025-04-28T12:04:21.952+0000] {dag.py:3033} INFO - Sync 1 DAGs
[2025-04-28T12:04:21.988+0000] {logging_mixin.py:188} INFO - [2025-04-28T12:04:21.988+0000] {dag.py:3820} INFO - Setting next_dagrun for example_sla_dag to 2025-04-28T12:02:00+00:00, run_after=2025-04-28T12:04:00+00:00
[2025-04-28T12:04:22.014+0000] {processor.py:183} INFO - Processing /home/airflow/.local/lib/python3.8/site-packages/airflow/example_dags/example_sla_dag.py took 0.113 seconds
[2025-04-28T12:04:52.412+0000] {processor.py:161} INFO - Started process (PID=6953) to work on /home/airflow/.local/lib/python3.8/site-packages/airflow/example_dags/example_sla_dag.py
[2025-04-28T12:04:52.413+0000] {processor.py:830} INFO - Processing file /home/airflow/.local/lib/python3.8/site-packages/airflow/example_dags/example_sla_dag.py for tasks to queue
[2025-04-28T12:04:52.415+0000] {logging_mixin.py:188} INFO - [2025-04-28T12:04:52.414+0000] {dagbag.py:538} INFO - Filling up the DagBag from /home/airflow/.local/lib/python3.8/site-packages/airflow/example_dags/example_sla_dag.py
[2025-04-28T12:04:52.426+0000] {processor.py:840} INFO - DAG(s) 'example_sla_dag' retrieved from /home/airflow/.local/lib/python3.8/site-packages/airflow/example_dags/example_sla_dag.py
[2025-04-28T12:04:52.452+0000] {logging_mixin.py:188} INFO - [2025-04-28T12:04:52.451+0000] {dag.py:3033} INFO - Sync 1 DAGs
[2025-04-28T12:04:52.493+0000] {logging_mixin.py:188} INFO - [2025-04-28T12:04:52.492+0000] {dag.py:3820} INFO - Setting next_dagrun for example_sla_dag to 2025-04-28T12:02:00+00:00, run_after=2025-04-28T12:04:00+00:00
[2025-04-28T12:04:52.521+0000] {processor.py:183} INFO - Processing /home/airflow/.local/lib/python3.8/site-packages/airflow/example_dags/example_sla_dag.py took 0.114 seconds
[2025-04-28T12:05:22.623+0000] {processor.py:161} INFO - Started process (PID=7009) to work on /home/airflow/.local/lib/python3.8/site-packages/airflow/example_dags/example_sla_dag.py
[2025-04-28T12:05:22.624+0000] {processor.py:830} INFO - Processing file /home/airflow/.local/lib/python3.8/site-packages/airflow/example_dags/example_sla_dag.py for tasks to queue
[2025-04-28T12:05:22.626+0000] {logging_mixin.py:188} INFO - [2025-04-28T12:05:22.625+0000] {dagbag.py:538} INFO - Filling up the DagBag from /home/airflow/.local/lib/python3.8/site-packages/airflow/example_dags/example_sla_dag.py
[2025-04-28T12:05:22.637+0000] {processor.py:840} INFO - DAG(s) 'example_sla_dag' retrieved from /home/airflow/.local/lib/python3.8/site-packages/airflow/example_dags/example_sla_dag.py
[2025-04-28T12:05:22.663+0000] {logging_mixin.py:188} INFO - [2025-04-28T12:05:22.663+0000] {dag.py:3033} INFO - Sync 1 DAGs
[2025-04-28T12:05:22.694+0000] {logging_mixin.py:188} INFO - [2025-04-28T12:05:22.694+0000] {dag.py:3820} INFO - Setting next_dagrun for example_sla_dag to 2025-04-28T12:02:00+00:00, run_after=2025-04-28T12:04:00+00:00
[2025-04-28T12:05:22.727+0000] {processor.py:183} INFO - Processing /home/airflow/.local/lib/python3.8/site-packages/airflow/example_dags/example_sla_dag.py took 0.108 seconds
[2025-04-28T12:05:55.755+0000] {processor.py:161} INFO - Started process (PID=7066) to work on /home/airflow/.local/lib/python3.8/site-packages/airflow/example_dags/example_sla_dag.py
[2025-04-28T12:05:55.757+0000] {processor.py:830} INFO - Processing file /home/airflow/.local/lib/python3.8/site-packages/airflow/example_dags/example_sla_dag.py for tasks to queue
[2025-04-28T12:05:55.758+0000] {logging_mixin.py:188} INFO - [2025-04-28T12:05:55.758+0000] {dagbag.py:538} INFO - Filling up the DagBag from /home/airflow/.local/lib/python3.8/site-packages/airflow/example_dags/example_sla_dag.py
[2025-04-28T12:05:55.771+0000] {processor.py:840} INFO - DAG(s) 'example_sla_dag' retrieved from /home/airflow/.local/lib/python3.8/site-packages/airflow/example_dags/example_sla_dag.py
[2025-04-28T12:05:55.811+0000] {logging_mixin.py:188} INFO - [2025-04-28T12:05:55.811+0000] {dag.py:3033} INFO - Sync 1 DAGs
[2025-04-28T12:05:55.866+0000] {logging_mixin.py:188} INFO - [2025-04-28T12:05:55.866+0000] {dag.py:3820} INFO - Setting next_dagrun for example_sla_dag to 2025-04-28T12:02:00+00:00, run_after=2025-04-28T12:04:00+00:00
[2025-04-28T12:05:55.898+0000] {processor.py:183} INFO - Processing /home/airflow/.local/lib/python3.8/site-packages/airflow/example_dags/example_sla_dag.py took 0.147 seconds
[2025-04-28T12:06:26.286+0000] {processor.py:161} INFO - Started process (PID=7122) to work on /home/airflow/.local/lib/python3.8/site-packages/airflow/example_dags/example_sla_dag.py
[2025-04-28T12:06:26.287+0000] {processor.py:830} INFO - Processing file /home/airflow/.local/lib/python3.8/site-packages/airflow/example_dags/example_sla_dag.py for tasks to queue
[2025-04-28T12:06:26.290+0000] {logging_mixin.py:188} INFO - [2025-04-28T12:06:26.289+0000] {dagbag.py:538} INFO - Filling up the DagBag from /home/airflow/.local/lib/python3.8/site-packages/airflow/example_dags/example_sla_dag.py
[2025-04-28T12:06:26.308+0000] {processor.py:840} INFO - DAG(s) 'example_sla_dag' retrieved from /home/airflow/.local/lib/python3.8/site-packages/airflow/example_dags/example_sla_dag.py
[2025-04-28T12:06:26.344+0000] {logging_mixin.py:188} INFO - [2025-04-28T12:06:26.343+0000] {dag.py:3033} INFO - Sync 1 DAGs
[2025-04-28T12:06:26.390+0000] {logging_mixin.py:188} INFO - [2025-04-28T12:06:26.390+0000] {dag.py:3820} INFO - Setting next_dagrun for example_sla_dag to 2025-04-28T12:04:00+00:00, run_after=2025-04-28T12:06:00+00:00
[2025-04-28T12:06:26.439+0000] {processor.py:183} INFO - Processing /home/airflow/.local/lib/python3.8/site-packages/airflow/example_dags/example_sla_dag.py took 0.160 seconds
[2025-04-28T12:06:57.021+0000] {processor.py:161} INFO - Started process (PID=7178) to work on /home/airflow/.local/lib/python3.8/site-packages/airflow/example_dags/example_sla_dag.py
[2025-04-28T12:06:57.023+0000] {processor.py:830} INFO - Processing file /home/airflow/.local/lib/python3.8/site-packages/airflow/example_dags/example_sla_dag.py for tasks to queue
[2025-04-28T12:06:57.026+0000] {logging_mixin.py:188} INFO - [2025-04-28T12:06:57.025+0000] {dagbag.py:538} INFO - Filling up the DagBag from /home/airflow/.local/lib/python3.8/site-packages/airflow/example_dags/example_sla_dag.py
[2025-04-28T12:06:57.049+0000] {processor.py:840} INFO - DAG(s) 'example_sla_dag' retrieved from /home/airflow/.local/lib/python3.8/site-packages/airflow/example_dags/example_sla_dag.py
[2025-04-28T12:06:57.112+0000] {logging_mixin.py:188} INFO - [2025-04-28T12:06:57.112+0000] {dag.py:3033} INFO - Sync 1 DAGs
[2025-04-28T12:06:57.172+0000] {logging_mixin.py:188} INFO - [2025-04-28T12:06:57.172+0000] {dag.py:3820} INFO - Setting next_dagrun for example_sla_dag to 2025-04-28T12:04:00+00:00, run_after=2025-04-28T12:06:00+00:00
[2025-04-28T12:06:57.198+0000] {processor.py:183} INFO - Processing /home/airflow/.local/lib/python3.8/site-packages/airflow/example_dags/example_sla_dag.py took 0.184 seconds
[2025-04-28T12:07:27.615+0000] {processor.py:161} INFO - Started process (PID=7236) to work on /home/airflow/.local/lib/python3.8/site-packages/airflow/example_dags/example_sla_dag.py
[2025-04-28T12:07:27.620+0000] {processor.py:830} INFO - Processing file /home/airflow/.local/lib/python3.8/site-packages/airflow/example_dags/example_sla_dag.py for tasks to queue
[2025-04-28T12:07:27.622+0000] {logging_mixin.py:188} INFO - [2025-04-28T12:07:27.621+0000] {dagbag.py:538} INFO - Filling up the DagBag from /home/airflow/.local/lib/python3.8/site-packages/airflow/example_dags/example_sla_dag.py
[2025-04-28T12:07:27.649+0000] {processor.py:840} INFO - DAG(s) 'example_sla_dag' retrieved from /home/airflow/.local/lib/python3.8/site-packages/airflow/example_dags/example_sla_dag.py
[2025-04-28T12:07:27.701+0000] {logging_mixin.py:188} INFO - [2025-04-28T12:07:27.700+0000] {dag.py:3033} INFO - Sync 1 DAGs
[2025-04-28T12:07:27.763+0000] {logging_mixin.py:188} INFO - [2025-04-28T12:07:27.762+0000] {dag.py:3820} INFO - Setting next_dagrun for example_sla_dag to 2025-04-28T12:04:00+00:00, run_after=2025-04-28T12:06:00+00:00
[2025-04-28T12:07:27.807+0000] {processor.py:183} INFO - Processing /home/airflow/.local/lib/python3.8/site-packages/airflow/example_dags/example_sla_dag.py took 0.206 seconds
[2025-04-28T12:07:58.045+0000] {processor.py:161} INFO - Started process (PID=7292) to work on /home/airflow/.local/lib/python3.8/site-packages/airflow/example_dags/example_sla_dag.py
[2025-04-28T12:07:58.046+0000] {processor.py:830} INFO - Processing file /home/airflow/.local/lib/python3.8/site-packages/airflow/example_dags/example_sla_dag.py for tasks to queue
[2025-04-28T12:07:58.048+0000] {logging_mixin.py:188} INFO - [2025-04-28T12:07:58.047+0000] {dagbag.py:538} INFO - Filling up the DagBag from /home/airflow/.local/lib/python3.8/site-packages/airflow/example_dags/example_sla_dag.py
[2025-04-28T12:07:58.063+0000] {processor.py:840} INFO - DAG(s) 'example_sla_dag' retrieved from /home/airflow/.local/lib/python3.8/site-packages/airflow/example_dags/example_sla_dag.py
[2025-04-28T12:07:58.095+0000] {logging_mixin.py:188} INFO - [2025-04-28T12:07:58.095+0000] {dag.py:3033} INFO - Sync 1 DAGs
[2025-04-28T12:07:58.134+0000] {logging_mixin.py:188} INFO - [2025-04-28T12:07:58.134+0000] {dag.py:3820} INFO - Setting next_dagrun for example_sla_dag to 2025-04-28T12:04:00+00:00, run_after=2025-04-28T12:06:00+00:00
[2025-04-28T12:07:58.164+0000] {processor.py:183} INFO - Processing /home/airflow/.local/lib/python3.8/site-packages/airflow/example_dags/example_sla_dag.py took 0.126 seconds
[2025-04-28T12:08:29.303+0000] {processor.py:161} INFO - Started process (PID=7348) to work on /home/airflow/.local/lib/python3.8/site-packages/airflow/example_dags/example_sla_dag.py
[2025-04-28T12:08:29.304+0000] {processor.py:830} INFO - Processing file /home/airflow/.local/lib/python3.8/site-packages/airflow/example_dags/example_sla_dag.py for tasks to queue
[2025-04-28T12:08:29.313+0000] {logging_mixin.py:188} INFO - [2025-04-28T12:08:29.313+0000] {dagbag.py:538} INFO - Filling up the DagBag from /home/airflow/.local/lib/python3.8/site-packages/airflow/example_dags/example_sla_dag.py
[2025-04-28T12:08:29.335+0000] {processor.py:840} INFO - DAG(s) 'example_sla_dag' retrieved from /home/airflow/.local/lib/python3.8/site-packages/airflow/example_dags/example_sla_dag.py
[2025-04-28T12:08:29.396+0000] {logging_mixin.py:188} INFO - [2025-04-28T12:08:29.395+0000] {dag.py:3033} INFO - Sync 1 DAGs
[2025-04-28T12:08:29.477+0000] {logging_mixin.py:188} INFO - [2025-04-28T12:08:29.477+0000] {dag.py:3820} INFO - Setting next_dagrun for example_sla_dag to 2025-04-28T12:06:00+00:00, run_after=2025-04-28T12:08:00+00:00
[2025-04-28T12:08:29.556+0000] {processor.py:183} INFO - Processing /home/airflow/.local/lib/python3.8/site-packages/airflow/example_dags/example_sla_dag.py took 0.260 seconds
[2025-04-28T12:09:00.288+0000] {processor.py:161} INFO - Started process (PID=7399) to work on /home/airflow/.local/lib/python3.8/site-packages/airflow/example_dags/example_sla_dag.py
[2025-04-28T12:09:00.290+0000] {processor.py:830} INFO - Processing file /home/airflow/.local/lib/python3.8/site-packages/airflow/example_dags/example_sla_dag.py for tasks to queue
[2025-04-28T12:09:00.291+0000] {logging_mixin.py:188} INFO - [2025-04-28T12:09:00.291+0000] {dagbag.py:538} INFO - Filling up the DagBag from /home/airflow/.local/lib/python3.8/site-packages/airflow/example_dags/example_sla_dag.py
[2025-04-28T12:09:00.309+0000] {processor.py:840} INFO - DAG(s) 'example_sla_dag' retrieved from /home/airflow/.local/lib/python3.8/site-packages/airflow/example_dags/example_sla_dag.py
[2025-04-28T12:09:00.343+0000] {logging_mixin.py:188} INFO - [2025-04-28T12:09:00.343+0000] {dag.py:3033} INFO - Sync 1 DAGs
[2025-04-28T12:09:00.392+0000] {logging_mixin.py:188} INFO - [2025-04-28T12:09:00.392+0000] {dag.py:3820} INFO - Setting next_dagrun for example_sla_dag to 2025-04-28T12:06:00+00:00, run_after=2025-04-28T12:08:00+00:00
[2025-04-28T12:09:00.426+0000] {processor.py:183} INFO - Processing /home/airflow/.local/lib/python3.8/site-packages/airflow/example_dags/example_sla_dag.py took 0.144 seconds
[2025-04-28T12:09:31.487+0000] {processor.py:161} INFO - Started process (PID=7461) to work on /home/airflow/.local/lib/python3.8/site-packages/airflow/example_dags/example_sla_dag.py
[2025-04-28T12:09:31.489+0000] {processor.py:830} INFO - Processing file /home/airflow/.local/lib/python3.8/site-packages/airflow/example_dags/example_sla_dag.py for tasks to queue
[2025-04-28T12:09:31.491+0000] {logging_mixin.py:188} INFO - [2025-04-28T12:09:31.490+0000] {dagbag.py:538} INFO - Filling up the DagBag from /home/airflow/.local/lib/python3.8/site-packages/airflow/example_dags/example_sla_dag.py
[2025-04-28T12:09:31.509+0000] {processor.py:840} INFO - DAG(s) 'example_sla_dag' retrieved from /home/airflow/.local/lib/python3.8/site-packages/airflow/example_dags/example_sla_dag.py
[2025-04-28T12:09:31.557+0000] {logging_mixin.py:188} INFO - [2025-04-28T12:09:31.556+0000] {dag.py:3033} INFO - Sync 1 DAGs
[2025-04-28T12:09:31.631+0000] {logging_mixin.py:188} INFO - [2025-04-28T12:09:31.631+0000] {dag.py:3820} INFO - Setting next_dagrun for example_sla_dag to 2025-04-28T12:06:00+00:00, run_after=2025-04-28T12:08:00+00:00
[2025-04-28T12:09:31.662+0000] {processor.py:183} INFO - Processing /home/airflow/.local/lib/python3.8/site-packages/airflow/example_dags/example_sla_dag.py took 0.182 seconds
[2025-04-28T12:10:02.708+0000] {processor.py:161} INFO - Started process (PID=7519) to work on /home/airflow/.local/lib/python3.8/site-packages/airflow/example_dags/example_sla_dag.py
[2025-04-28T12:10:02.710+0000] {processor.py:830} INFO - Processing file /home/airflow/.local/lib/python3.8/site-packages/airflow/example_dags/example_sla_dag.py for tasks to queue
[2025-04-28T12:10:02.712+0000] {logging_mixin.py:188} INFO - [2025-04-28T12:10:02.711+0000] {dagbag.py:538} INFO - Filling up the DagBag from /home/airflow/.local/lib/python3.8/site-packages/airflow/example_dags/example_sla_dag.py
[2025-04-28T12:10:02.728+0000] {processor.py:840} INFO - DAG(s) 'example_sla_dag' retrieved from /home/airflow/.local/lib/python3.8/site-packages/airflow/example_dags/example_sla_dag.py
[2025-04-28T12:10:02.784+0000] {logging_mixin.py:188} INFO - [2025-04-28T12:10:02.784+0000] {dag.py:3033} INFO - Sync 1 DAGs
[2025-04-28T12:10:02.898+0000] {logging_mixin.py:188} INFO - [2025-04-28T12:10:02.898+0000] {dag.py:3820} INFO - Setting next_dagrun for example_sla_dag to 2025-04-28T12:08:00+00:00, run_after=2025-04-28T12:10:00+00:00
[2025-04-28T12:10:02.941+0000] {processor.py:183} INFO - Processing /home/airflow/.local/lib/python3.8/site-packages/airflow/example_dags/example_sla_dag.py took 0.241 seconds
[2025-04-28T12:10:31.495+0000] {processor.py:161} INFO - Started process (PID=7578) to work on /home/airflow/.local/lib/python3.8/site-packages/airflow/example_dags/example_sla_dag.py
[2025-04-28T12:10:31.508+0000] {processor.py:830} INFO - Processing file /home/airflow/.local/lib/python3.8/site-packages/airflow/example_dags/example_sla_dag.py for tasks to queue
[2025-04-28T12:10:31.511+0000] {logging_mixin.py:188} INFO - [2025-04-28T12:10:31.510+0000] {dagbag.py:538} INFO - Filling up the DagBag from /home/airflow/.local/lib/python3.8/site-packages/airflow/example_dags/example_sla_dag.py
[2025-04-28T12:10:31.540+0000] {processor.py:840} INFO - DAG(s) 'example_sla_dag' retrieved from /home/airflow/.local/lib/python3.8/site-packages/airflow/example_dags/example_sla_dag.py
[2025-04-28T12:10:31.589+0000] {logging_mixin.py:188} INFO - [2025-04-28T12:10:31.588+0000] {dag.py:3033} INFO - Sync 1 DAGs
[2025-04-28T12:10:31.665+0000] {logging_mixin.py:188} INFO - [2025-04-28T12:10:31.665+0000] {dag.py:3820} INFO - Setting next_dagrun for example_sla_dag to 2025-04-28T12:08:00+00:00, run_after=2025-04-28T12:10:00+00:00
[2025-04-28T12:10:36.937+0000] {processor.py:183} INFO - Processing /home/airflow/.local/lib/python3.8/site-packages/airflow/example_dags/example_sla_dag.py took 0.268 seconds
[2025-04-28T12:11:10.266+0000] {processor.py:161} INFO - Started process (PID=7636) to work on /home/airflow/.local/lib/python3.8/site-packages/airflow/example_dags/example_sla_dag.py
[2025-04-28T12:11:10.271+0000] {processor.py:830} INFO - Processing file /home/airflow/.local/lib/python3.8/site-packages/airflow/example_dags/example_sla_dag.py for tasks to queue
[2025-04-28T12:11:10.277+0000] {logging_mixin.py:188} INFO - [2025-04-28T12:11:10.276+0000] {dagbag.py:538} INFO - Filling up the DagBag from /home/airflow/.local/lib/python3.8/site-packages/airflow/example_dags/example_sla_dag.py
[2025-04-28T12:11:10.312+0000] {processor.py:840} INFO - DAG(s) 'example_sla_dag' retrieved from /home/airflow/.local/lib/python3.8/site-packages/airflow/example_dags/example_sla_dag.py
[2025-04-28T12:11:10.381+0000] {logging_mixin.py:188} INFO - [2025-04-28T12:11:10.380+0000] {dag.py:3033} INFO - Sync 1 DAGs
[2025-04-28T12:11:10.494+0000] {logging_mixin.py:188} INFO - [2025-04-28T12:11:10.494+0000] {dag.py:3820} INFO - Setting next_dagrun for example_sla_dag to 2025-04-28T12:08:00+00:00, run_after=2025-04-28T12:10:00+00:00
[2025-04-28T12:11:10.582+0000] {processor.py:183} INFO - Processing /home/airflow/.local/lib/python3.8/site-packages/airflow/example_dags/example_sla_dag.py took 0.326 seconds
[2025-04-28T12:11:43.649+0000] {processor.py:161} INFO - Started process (PID=7692) to work on /home/airflow/.local/lib/python3.8/site-packages/airflow/example_dags/example_sla_dag.py
[2025-04-28T12:11:43.660+0000] {processor.py:830} INFO - Processing file /home/airflow/.local/lib/python3.8/site-packages/airflow/example_dags/example_sla_dag.py for tasks to queue
[2025-04-28T12:11:43.663+0000] {logging_mixin.py:188} INFO - [2025-04-28T12:11:43.662+0000] {dagbag.py:538} INFO - Filling up the DagBag from /home/airflow/.local/lib/python3.8/site-packages/airflow/example_dags/example_sla_dag.py
[2025-04-28T12:11:43.693+0000] {processor.py:840} INFO - DAG(s) 'example_sla_dag' retrieved from /home/airflow/.local/lib/python3.8/site-packages/airflow/example_dags/example_sla_dag.py
[2025-04-28T12:11:43.856+0000] {logging_mixin.py:188} INFO - [2025-04-28T12:11:43.856+0000] {dag.py:3033} INFO - Sync 1 DAGs
[2025-04-28T12:11:43.937+0000] {logging_mixin.py:188} INFO - [2025-04-28T12:11:43.937+0000] {dag.py:3820} INFO - Setting next_dagrun for example_sla_dag to 2025-04-28T12:08:00+00:00, run_after=2025-04-28T12:10:00+00:00
[2025-04-28T12:11:43.991+0000] {processor.py:183} INFO - Processing /home/airflow/.local/lib/python3.8/site-packages/airflow/example_dags/example_sla_dag.py took 0.354 seconds
[2025-04-28T12:12:15.645+0000] {processor.py:161} INFO - Started process (PID=7749) to work on /home/airflow/.local/lib/python3.8/site-packages/airflow/example_dags/example_sla_dag.py
[2025-04-28T12:12:15.646+0000] {processor.py:830} INFO - Processing file /home/airflow/.local/lib/python3.8/site-packages/airflow/example_dags/example_sla_dag.py for tasks to queue
[2025-04-28T12:12:15.649+0000] {logging_mixin.py:188} INFO - [2025-04-28T12:12:15.649+0000] {dagbag.py:538} INFO - Filling up the DagBag from /home/airflow/.local/lib/python3.8/site-packages/airflow/example_dags/example_sla_dag.py
[2025-04-28T12:12:15.671+0000] {processor.py:840} INFO - DAG(s) 'example_sla_dag' retrieved from /home/airflow/.local/lib/python3.8/site-packages/airflow/example_dags/example_sla_dag.py
[2025-04-28T12:12:15.711+0000] {logging_mixin.py:188} INFO - [2025-04-28T12:12:15.711+0000] {dag.py:3033} INFO - Sync 1 DAGs
[2025-04-28T12:12:15.752+0000] {logging_mixin.py:188} INFO - [2025-04-28T12:12:15.752+0000] {dag.py:3820} INFO - Setting next_dagrun for example_sla_dag to 2025-04-28T12:10:00+00:00, run_after=2025-04-28T12:12:00+00:00
[2025-04-28T12:12:15.783+0000] {processor.py:183} INFO - Processing /home/airflow/.local/lib/python3.8/site-packages/airflow/example_dags/example_sla_dag.py took 0.146 seconds
[2025-04-28T12:12:48.885+0000] {processor.py:161} INFO - Started process (PID=7805) to work on /home/airflow/.local/lib/python3.8/site-packages/airflow/example_dags/example_sla_dag.py
[2025-04-28T12:12:48.886+0000] {processor.py:830} INFO - Processing file /home/airflow/.local/lib/python3.8/site-packages/airflow/example_dags/example_sla_dag.py for tasks to queue
[2025-04-28T12:12:48.888+0000] {logging_mixin.py:188} INFO - [2025-04-28T12:12:48.887+0000] {dagbag.py:538} INFO - Filling up the DagBag from /home/airflow/.local/lib/python3.8/site-packages/airflow/example_dags/example_sla_dag.py
[2025-04-28T12:12:48.901+0000] {processor.py:840} INFO - DAG(s) 'example_sla_dag' retrieved from /home/airflow/.local/lib/python3.8/site-packages/airflow/example_dags/example_sla_dag.py
[2025-04-28T12:12:48.939+0000] {logging_mixin.py:188} INFO - [2025-04-28T12:12:48.938+0000] {dag.py:3033} INFO - Sync 1 DAGs
[2025-04-28T12:12:48.981+0000] {logging_mixin.py:188} INFO - [2025-04-28T12:12:48.981+0000] {dag.py:3820} INFO - Setting next_dagrun for example_sla_dag to 2025-04-28T12:10:00+00:00, run_after=2025-04-28T12:12:00+00:00
[2025-04-28T12:12:49.022+0000] {processor.py:183} INFO - Processing /home/airflow/.local/lib/python3.8/site-packages/airflow/example_dags/example_sla_dag.py took 0.142 seconds
[2025-04-28T12:13:21.528+0000] {processor.py:161} INFO - Started process (PID=7861) to work on /home/airflow/.local/lib/python3.8/site-packages/airflow/example_dags/example_sla_dag.py
[2025-04-28T12:13:21.530+0000] {processor.py:830} INFO - Processing file /home/airflow/.local/lib/python3.8/site-packages/airflow/example_dags/example_sla_dag.py for tasks to queue
[2025-04-28T12:13:21.531+0000] {logging_mixin.py:188} INFO - [2025-04-28T12:13:21.531+0000] {dagbag.py:538} INFO - Filling up the DagBag from /home/airflow/.local/lib/python3.8/site-packages/airflow/example_dags/example_sla_dag.py
[2025-04-28T12:13:21.547+0000] {processor.py:840} INFO - DAG(s) 'example_sla_dag' retrieved from /home/airflow/.local/lib/python3.8/site-packages/airflow/example_dags/example_sla_dag.py
[2025-04-28T12:13:21.583+0000] {logging_mixin.py:188} INFO - [2025-04-28T12:13:21.583+0000] {dag.py:3033} INFO - Sync 1 DAGs
[2025-04-28T12:13:21.630+0000] {logging_mixin.py:188} INFO - [2025-04-28T12:13:21.630+0000] {dag.py:3820} INFO - Setting next_dagrun for example_sla_dag to 2025-04-28T12:10:00+00:00, run_after=2025-04-28T12:12:00+00:00
[2025-04-28T12:13:21.668+0000] {processor.py:183} INFO - Processing /home/airflow/.local/lib/python3.8/site-packages/airflow/example_dags/example_sla_dag.py took 0.146 seconds
[2025-04-28T12:13:54.147+0000] {processor.py:161} INFO - Started process (PID=7918) to work on /home/airflow/.local/lib/python3.8/site-packages/airflow/example_dags/example_sla_dag.py
[2025-04-28T12:13:54.148+0000] {processor.py:830} INFO - Processing file /home/airflow/.local/lib/python3.8/site-packages/airflow/example_dags/example_sla_dag.py for tasks to queue
[2025-04-28T12:13:54.150+0000] {logging_mixin.py:188} INFO - [2025-04-28T12:13:54.150+0000] {dagbag.py:538} INFO - Filling up the DagBag from /home/airflow/.local/lib/python3.8/site-packages/airflow/example_dags/example_sla_dag.py
[2025-04-28T12:13:54.166+0000] {processor.py:840} INFO - DAG(s) 'example_sla_dag' retrieved from /home/airflow/.local/lib/python3.8/site-packages/airflow/example_dags/example_sla_dag.py
[2025-04-28T12:13:54.203+0000] {logging_mixin.py:188} INFO - [2025-04-28T12:13:54.202+0000] {dag.py:3033} INFO - Sync 1 DAGs
[2025-04-28T12:13:54.258+0000] {logging_mixin.py:188} INFO - [2025-04-28T12:13:54.258+0000] {dag.py:3820} INFO - Setting next_dagrun for example_sla_dag to 2025-04-28T12:10:00+00:00, run_after=2025-04-28T12:12:00+00:00
[2025-04-28T12:13:54.307+0000] {processor.py:183} INFO - Processing /home/airflow/.local/lib/python3.8/site-packages/airflow/example_dags/example_sla_dag.py took 0.166 seconds
[2025-04-28T12:14:26.799+0000] {processor.py:161} INFO - Started process (PID=7974) to work on /home/airflow/.local/lib/python3.8/site-packages/airflow/example_dags/example_sla_dag.py
[2025-04-28T12:14:26.801+0000] {processor.py:830} INFO - Processing file /home/airflow/.local/lib/python3.8/site-packages/airflow/example_dags/example_sla_dag.py for tasks to queue
[2025-04-28T12:14:26.803+0000] {logging_mixin.py:188} INFO - [2025-04-28T12:14:26.802+0000] {dagbag.py:538} INFO - Filling up the DagBag from /home/airflow/.local/lib/python3.8/site-packages/airflow/example_dags/example_sla_dag.py
[2025-04-28T12:14:26.822+0000] {processor.py:840} INFO - DAG(s) 'example_sla_dag' retrieved from /home/airflow/.local/lib/python3.8/site-packages/airflow/example_dags/example_sla_dag.py
[2025-04-28T12:14:26.859+0000] {logging_mixin.py:188} INFO - [2025-04-28T12:14:26.858+0000] {dag.py:3033} INFO - Sync 1 DAGs
[2025-04-28T12:14:26.907+0000] {logging_mixin.py:188} INFO - [2025-04-28T12:14:26.906+0000] {dag.py:3820} INFO - Setting next_dagrun for example_sla_dag to 2025-04-28T12:12:00+00:00, run_after=2025-04-28T12:14:00+00:00
[2025-04-28T12:14:26.951+0000] {processor.py:183} INFO - Processing /home/airflow/.local/lib/python3.8/site-packages/airflow/example_dags/example_sla_dag.py took 0.160 seconds
[2025-04-28T12:14:59.220+0000] {processor.py:161} INFO - Started process (PID=8030) to work on /home/airflow/.local/lib/python3.8/site-packages/airflow/example_dags/example_sla_dag.py
[2025-04-28T12:14:59.222+0000] {processor.py:830} INFO - Processing file /home/airflow/.local/lib/python3.8/site-packages/airflow/example_dags/example_sla_dag.py for tasks to queue
[2025-04-28T12:14:59.224+0000] {logging_mixin.py:188} INFO - [2025-04-28T12:14:59.224+0000] {dagbag.py:538} INFO - Filling up the DagBag from /home/airflow/.local/lib/python3.8/site-packages/airflow/example_dags/example_sla_dag.py
[2025-04-28T12:14:59.244+0000] {processor.py:840} INFO - DAG(s) 'example_sla_dag' retrieved from /home/airflow/.local/lib/python3.8/site-packages/airflow/example_dags/example_sla_dag.py
[2025-04-28T12:14:59.285+0000] {logging_mixin.py:188} INFO - [2025-04-28T12:14:59.285+0000] {dag.py:3033} INFO - Sync 1 DAGs
[2025-04-28T12:14:59.362+0000] {logging_mixin.py:188} INFO - [2025-04-28T12:14:59.362+0000] {dag.py:3820} INFO - Setting next_dagrun for example_sla_dag to 2025-04-28T12:12:00+00:00, run_after=2025-04-28T12:14:00+00:00
[2025-04-28T12:14:59.417+0000] {processor.py:183} INFO - Processing /home/airflow/.local/lib/python3.8/site-packages/airflow/example_dags/example_sla_dag.py took 0.203 seconds
[2025-04-28T12:15:32.656+0000] {processor.py:161} INFO - Started process (PID=8086) to work on /home/airflow/.local/lib/python3.8/site-packages/airflow/example_dags/example_sla_dag.py
[2025-04-28T12:15:32.657+0000] {processor.py:830} INFO - Processing file /home/airflow/.local/lib/python3.8/site-packages/airflow/example_dags/example_sla_dag.py for tasks to queue
[2025-04-28T12:15:32.659+0000] {logging_mixin.py:188} INFO - [2025-04-28T12:15:32.658+0000] {dagbag.py:538} INFO - Filling up the DagBag from /home/airflow/.local/lib/python3.8/site-packages/airflow/example_dags/example_sla_dag.py
[2025-04-28T12:15:32.673+0000] {processor.py:840} INFO - DAG(s) 'example_sla_dag' retrieved from /home/airflow/.local/lib/python3.8/site-packages/airflow/example_dags/example_sla_dag.py
[2025-04-28T12:15:32.702+0000] {logging_mixin.py:188} INFO - [2025-04-28T12:15:32.702+0000] {dag.py:3033} INFO - Sync 1 DAGs
[2025-04-28T12:15:32.740+0000] {logging_mixin.py:188} INFO - [2025-04-28T12:15:32.740+0000] {dag.py:3820} INFO - Setting next_dagrun for example_sla_dag to 2025-04-28T12:12:00+00:00, run_after=2025-04-28T12:14:00+00:00
[2025-04-28T12:15:32.773+0000] {processor.py:183} INFO - Processing /home/airflow/.local/lib/python3.8/site-packages/airflow/example_dags/example_sla_dag.py took 0.123 seconds
[2025-04-28T12:16:03.417+0000] {processor.py:161} INFO - Started process (PID=8141) to work on /home/airflow/.local/lib/python3.8/site-packages/airflow/example_dags/example_sla_dag.py
[2025-04-28T12:16:03.419+0000] {processor.py:830} INFO - Processing file /home/airflow/.local/lib/python3.8/site-packages/airflow/example_dags/example_sla_dag.py for tasks to queue
[2025-04-28T12:16:03.421+0000] {logging_mixin.py:188} INFO - [2025-04-28T12:16:03.420+0000] {dagbag.py:538} INFO - Filling up the DagBag from /home/airflow/.local/lib/python3.8/site-packages/airflow/example_dags/example_sla_dag.py
[2025-04-28T12:16:03.437+0000] {processor.py:840} INFO - DAG(s) 'example_sla_dag' retrieved from /home/airflow/.local/lib/python3.8/site-packages/airflow/example_dags/example_sla_dag.py
[2025-04-28T12:16:03.483+0000] {logging_mixin.py:188} INFO - [2025-04-28T12:16:03.483+0000] {dag.py:3033} INFO - Sync 1 DAGs
[2025-04-28T12:16:03.538+0000] {logging_mixin.py:188} INFO - [2025-04-28T12:16:03.538+0000] {dag.py:3820} INFO - Setting next_dagrun for example_sla_dag to 2025-04-28T12:14:00+00:00, run_after=2025-04-28T12:16:00+00:00
[2025-04-28T12:16:03.582+0000] {processor.py:183} INFO - Processing /home/airflow/.local/lib/python3.8/site-packages/airflow/example_dags/example_sla_dag.py took 0.171 seconds
[2025-04-28T12:16:34.190+0000] {processor.py:161} INFO - Started process (PID=8197) to work on /home/airflow/.local/lib/python3.8/site-packages/airflow/example_dags/example_sla_dag.py
[2025-04-28T12:16:34.191+0000] {processor.py:830} INFO - Processing file /home/airflow/.local/lib/python3.8/site-packages/airflow/example_dags/example_sla_dag.py for tasks to queue
[2025-04-28T12:16:34.193+0000] {logging_mixin.py:188} INFO - [2025-04-28T12:16:34.193+0000] {dagbag.py:538} INFO - Filling up the DagBag from /home/airflow/.local/lib/python3.8/site-packages/airflow/example_dags/example_sla_dag.py
[2025-04-28T12:16:34.214+0000] {processor.py:840} INFO - DAG(s) 'example_sla_dag' retrieved from /home/airflow/.local/lib/python3.8/site-packages/airflow/example_dags/example_sla_dag.py
[2025-04-28T12:16:34.278+0000] {logging_mixin.py:188} INFO - [2025-04-28T12:16:34.278+0000] {dag.py:3033} INFO - Sync 1 DAGs
[2025-04-28T12:16:34.343+0000] {logging_mixin.py:188} INFO - [2025-04-28T12:16:34.342+0000] {dag.py:3820} INFO - Setting next_dagrun for example_sla_dag to 2025-04-28T12:14:00+00:00, run_after=2025-04-28T12:16:00+00:00
[2025-04-28T12:16:34.381+0000] {processor.py:183} INFO - Processing /home/airflow/.local/lib/python3.8/site-packages/airflow/example_dags/example_sla_dag.py took 0.197 seconds
[2025-04-28T12:17:04.611+0000] {processor.py:161} INFO - Started process (PID=8247) to work on /home/airflow/.local/lib/python3.8/site-packages/airflow/example_dags/example_sla_dag.py
[2025-04-28T12:17:04.612+0000] {processor.py:830} INFO - Processing file /home/airflow/.local/lib/python3.8/site-packages/airflow/example_dags/example_sla_dag.py for tasks to queue
[2025-04-28T12:17:04.614+0000] {logging_mixin.py:188} INFO - [2025-04-28T12:17:04.613+0000] {dagbag.py:538} INFO - Filling up the DagBag from /home/airflow/.local/lib/python3.8/site-packages/airflow/example_dags/example_sla_dag.py
[2025-04-28T12:17:04.633+0000] {processor.py:840} INFO - DAG(s) 'example_sla_dag' retrieved from /home/airflow/.local/lib/python3.8/site-packages/airflow/example_dags/example_sla_dag.py
[2025-04-28T12:17:04.668+0000] {logging_mixin.py:188} INFO - [2025-04-28T12:17:04.668+0000] {dag.py:3033} INFO - Sync 1 DAGs
[2025-04-28T12:17:04.718+0000] {logging_mixin.py:188} INFO - [2025-04-28T12:17:04.718+0000] {dag.py:3820} INFO - Setting next_dagrun for example_sla_dag to 2025-04-28T12:14:00+00:00, run_after=2025-04-28T12:16:00+00:00
[2025-04-28T12:17:04.753+0000] {processor.py:183} INFO - Processing /home/airflow/.local/lib/python3.8/site-packages/airflow/example_dags/example_sla_dag.py took 0.149 seconds
[2025-04-28T12:17:35.027+0000] {processor.py:161} INFO - Started process (PID=8303) to work on /home/airflow/.local/lib/python3.8/site-packages/airflow/example_dags/example_sla_dag.py
[2025-04-28T12:17:35.029+0000] {processor.py:830} INFO - Processing file /home/airflow/.local/lib/python3.8/site-packages/airflow/example_dags/example_sla_dag.py for tasks to queue
[2025-04-28T12:17:35.030+0000] {logging_mixin.py:188} INFO - [2025-04-28T12:17:35.030+0000] {dagbag.py:538} INFO - Filling up the DagBag from /home/airflow/.local/lib/python3.8/site-packages/airflow/example_dags/example_sla_dag.py
[2025-04-28T12:17:35.048+0000] {processor.py:840} INFO - DAG(s) 'example_sla_dag' retrieved from /home/airflow/.local/lib/python3.8/site-packages/airflow/example_dags/example_sla_dag.py
[2025-04-28T12:17:35.083+0000] {logging_mixin.py:188} INFO - [2025-04-28T12:17:35.083+0000] {dag.py:3033} INFO - Sync 1 DAGs
[2025-04-28T12:17:35.136+0000] {logging_mixin.py:188} INFO - [2025-04-28T12:17:35.136+0000] {dag.py:3820} INFO - Setting next_dagrun for example_sla_dag to 2025-04-28T12:14:00+00:00, run_after=2025-04-28T12:16:00+00:00
[2025-04-28T12:17:35.168+0000] {processor.py:183} INFO - Processing /home/airflow/.local/lib/python3.8/site-packages/airflow/example_dags/example_sla_dag.py took 0.146 seconds
[2025-04-28T12:18:06.045+0000] {processor.py:161} INFO - Started process (PID=8359) to work on /home/airflow/.local/lib/python3.8/site-packages/airflow/example_dags/example_sla_dag.py
[2025-04-28T12:18:06.047+0000] {processor.py:830} INFO - Processing file /home/airflow/.local/lib/python3.8/site-packages/airflow/example_dags/example_sla_dag.py for tasks to queue
[2025-04-28T12:18:06.049+0000] {logging_mixin.py:188} INFO - [2025-04-28T12:18:06.048+0000] {dagbag.py:538} INFO - Filling up the DagBag from /home/airflow/.local/lib/python3.8/site-packages/airflow/example_dags/example_sla_dag.py
[2025-04-28T12:18:06.069+0000] {processor.py:840} INFO - DAG(s) 'example_sla_dag' retrieved from /home/airflow/.local/lib/python3.8/site-packages/airflow/example_dags/example_sla_dag.py
[2025-04-28T12:18:06.124+0000] {logging_mixin.py:188} INFO - [2025-04-28T12:18:06.123+0000] {dag.py:3033} INFO - Sync 1 DAGs
[2025-04-28T12:18:06.181+0000] {logging_mixin.py:188} INFO - [2025-04-28T12:18:06.180+0000] {dag.py:3820} INFO - Setting next_dagrun for example_sla_dag to 2025-04-28T12:16:00+00:00, run_after=2025-04-28T12:18:00+00:00
[2025-04-28T12:18:06.222+0000] {processor.py:183} INFO - Processing /home/airflow/.local/lib/python3.8/site-packages/airflow/example_dags/example_sla_dag.py took 0.185 seconds
[2025-04-28T12:18:36.809+0000] {processor.py:161} INFO - Started process (PID=8416) to work on /home/airflow/.local/lib/python3.8/site-packages/airflow/example_dags/example_sla_dag.py
[2025-04-28T12:18:36.811+0000] {processor.py:830} INFO - Processing file /home/airflow/.local/lib/python3.8/site-packages/airflow/example_dags/example_sla_dag.py for tasks to queue
[2025-04-28T12:18:36.813+0000] {logging_mixin.py:188} INFO - [2025-04-28T12:18:36.812+0000] {dagbag.py:538} INFO - Filling up the DagBag from /home/airflow/.local/lib/python3.8/site-packages/airflow/example_dags/example_sla_dag.py
[2025-04-28T12:18:36.858+0000] {processor.py:840} INFO - DAG(s) 'example_sla_dag' retrieved from /home/airflow/.local/lib/python3.8/site-packages/airflow/example_dags/example_sla_dag.py
[2025-04-28T12:18:37.007+0000] {logging_mixin.py:188} INFO - [2025-04-28T12:18:37.007+0000] {dag.py:3033} INFO - Sync 1 DAGs
[2025-04-28T12:18:37.092+0000] {logging_mixin.py:188} INFO - [2025-04-28T12:18:37.091+0000] {dag.py:3820} INFO - Setting next_dagrun for example_sla_dag to 2025-04-28T12:16:00+00:00, run_after=2025-04-28T12:18:00+00:00
[2025-04-28T12:18:37.156+0000] {processor.py:183} INFO - Processing /home/airflow/.local/lib/python3.8/site-packages/airflow/example_dags/example_sla_dag.py took 0.363 seconds
[2025-04-28T12:19:07.592+0000] {processor.py:161} INFO - Started process (PID=8472) to work on /home/airflow/.local/lib/python3.8/site-packages/airflow/example_dags/example_sla_dag.py
[2025-04-28T12:19:07.596+0000] {processor.py:830} INFO - Processing file /home/airflow/.local/lib/python3.8/site-packages/airflow/example_dags/example_sla_dag.py for tasks to queue
[2025-04-28T12:19:07.598+0000] {logging_mixin.py:188} INFO - [2025-04-28T12:19:07.597+0000] {dagbag.py:538} INFO - Filling up the DagBag from /home/airflow/.local/lib/python3.8/site-packages/airflow/example_dags/example_sla_dag.py
[2025-04-28T12:19:07.617+0000] {processor.py:840} INFO - DAG(s) 'example_sla_dag' retrieved from /home/airflow/.local/lib/python3.8/site-packages/airflow/example_dags/example_sla_dag.py
[2025-04-28T12:19:07.657+0000] {logging_mixin.py:188} INFO - [2025-04-28T12:19:07.657+0000] {dag.py:3033} INFO - Sync 1 DAGs
[2025-04-28T12:19:07.720+0000] {logging_mixin.py:188} INFO - [2025-04-28T12:19:07.719+0000] {dag.py:3820} INFO - Setting next_dagrun for example_sla_dag to 2025-04-28T12:16:00+00:00, run_after=2025-04-28T12:18:00+00:00
[2025-04-28T12:19:07.765+0000] {processor.py:183} INFO - Processing /home/airflow/.local/lib/python3.8/site-packages/airflow/example_dags/example_sla_dag.py took 0.182 seconds
[2025-04-28T12:19:37.958+0000] {processor.py:161} INFO - Started process (PID=8529) to work on /home/airflow/.local/lib/python3.8/site-packages/airflow/example_dags/example_sla_dag.py
[2025-04-28T12:19:37.959+0000] {processor.py:830} INFO - Processing file /home/airflow/.local/lib/python3.8/site-packages/airflow/example_dags/example_sla_dag.py for tasks to queue
[2025-04-28T12:19:37.960+0000] {logging_mixin.py:188} INFO - [2025-04-28T12:19:37.960+0000] {dagbag.py:538} INFO - Filling up the DagBag from /home/airflow/.local/lib/python3.8/site-packages/airflow/example_dags/example_sla_dag.py
[2025-04-28T12:19:37.974+0000] {processor.py:840} INFO - DAG(s) 'example_sla_dag' retrieved from /home/airflow/.local/lib/python3.8/site-packages/airflow/example_dags/example_sla_dag.py
[2025-04-28T12:19:38.006+0000] {logging_mixin.py:188} INFO - [2025-04-28T12:19:38.006+0000] {dag.py:3033} INFO - Sync 1 DAGs
[2025-04-28T12:19:38.053+0000] {logging_mixin.py:188} INFO - [2025-04-28T12:19:38.053+0000] {dag.py:3820} INFO - Setting next_dagrun for example_sla_dag to 2025-04-28T12:16:00+00:00, run_after=2025-04-28T12:18:00+00:00
[2025-04-28T12:19:38.089+0000] {processor.py:183} INFO - Processing /home/airflow/.local/lib/python3.8/site-packages/airflow/example_dags/example_sla_dag.py took 0.137 seconds
[2025-04-28T12:20:08.871+0000] {processor.py:161} INFO - Started process (PID=8583) to work on /home/airflow/.local/lib/python3.8/site-packages/airflow/example_dags/example_sla_dag.py
[2025-04-28T12:20:08.873+0000] {processor.py:830} INFO - Processing file /home/airflow/.local/lib/python3.8/site-packages/airflow/example_dags/example_sla_dag.py for tasks to queue
[2025-04-28T12:20:08.875+0000] {logging_mixin.py:188} INFO - [2025-04-28T12:20:08.874+0000] {dagbag.py:538} INFO - Filling up the DagBag from /home/airflow/.local/lib/python3.8/site-packages/airflow/example_dags/example_sla_dag.py
[2025-04-28T12:20:08.893+0000] {processor.py:840} INFO - DAG(s) 'example_sla_dag' retrieved from /home/airflow/.local/lib/python3.8/site-packages/airflow/example_dags/example_sla_dag.py
[2025-04-28T12:20:08.935+0000] {logging_mixin.py:188} INFO - [2025-04-28T12:20:08.934+0000] {dag.py:3033} INFO - Sync 1 DAGs
[2025-04-28T12:20:08.982+0000] {logging_mixin.py:188} INFO - [2025-04-28T12:20:08.982+0000] {dag.py:3820} INFO - Setting next_dagrun for example_sla_dag to 2025-04-28T12:18:00+00:00, run_after=2025-04-28T12:20:00+00:00
[2025-04-28T12:20:09.021+0000] {processor.py:183} INFO - Processing /home/airflow/.local/lib/python3.8/site-packages/airflow/example_dags/example_sla_dag.py took 0.155 seconds
[2025-04-28T12:20:39.317+0000] {processor.py:161} INFO - Started process (PID=8640) to work on /home/airflow/.local/lib/python3.8/site-packages/airflow/example_dags/example_sla_dag.py
[2025-04-28T12:20:39.318+0000] {processor.py:830} INFO - Processing file /home/airflow/.local/lib/python3.8/site-packages/airflow/example_dags/example_sla_dag.py for tasks to queue
[2025-04-28T12:20:39.320+0000] {logging_mixin.py:188} INFO - [2025-04-28T12:20:39.319+0000] {dagbag.py:538} INFO - Filling up the DagBag from /home/airflow/.local/lib/python3.8/site-packages/airflow/example_dags/example_sla_dag.py
[2025-04-28T12:20:39.339+0000] {processor.py:840} INFO - DAG(s) 'example_sla_dag' retrieved from /home/airflow/.local/lib/python3.8/site-packages/airflow/example_dags/example_sla_dag.py
[2025-04-28T12:20:39.375+0000] {logging_mixin.py:188} INFO - [2025-04-28T12:20:39.375+0000] {dag.py:3033} INFO - Sync 1 DAGs
[2025-04-28T12:20:39.418+0000] {logging_mixin.py:188} INFO - [2025-04-28T12:20:39.418+0000] {dag.py:3820} INFO - Setting next_dagrun for example_sla_dag to 2025-04-28T12:18:00+00:00, run_after=2025-04-28T12:20:00+00:00
[2025-04-28T12:20:39.456+0000] {processor.py:183} INFO - Processing /home/airflow/.local/lib/python3.8/site-packages/airflow/example_dags/example_sla_dag.py took 0.145 seconds
[2025-04-28T12:21:16.480+0000] {processor.py:161} INFO - Started process (PID=8699) to work on /home/airflow/.local/lib/python3.8/site-packages/airflow/example_dags/example_sla_dag.py
[2025-04-28T12:21:16.481+0000] {processor.py:830} INFO - Processing file /home/airflow/.local/lib/python3.8/site-packages/airflow/example_dags/example_sla_dag.py for tasks to queue
[2025-04-28T12:21:16.483+0000] {logging_mixin.py:188} INFO - [2025-04-28T12:21:16.483+0000] {dagbag.py:538} INFO - Filling up the DagBag from /home/airflow/.local/lib/python3.8/site-packages/airflow/example_dags/example_sla_dag.py
[2025-04-28T12:21:16.498+0000] {processor.py:840} INFO - DAG(s) 'example_sla_dag' retrieved from /home/airflow/.local/lib/python3.8/site-packages/airflow/example_dags/example_sla_dag.py
[2025-04-28T12:21:16.533+0000] {logging_mixin.py:188} INFO - [2025-04-28T12:21:16.533+0000] {dag.py:3033} INFO - Sync 1 DAGs
[2025-04-28T12:21:16.579+0000] {logging_mixin.py:188} INFO - [2025-04-28T12:21:16.579+0000] {dag.py:3820} INFO - Setting next_dagrun for example_sla_dag to 2025-04-28T12:18:00+00:00, run_after=2025-04-28T12:20:00+00:00
[2025-04-28T12:21:16.624+0000] {processor.py:183} INFO - Processing /home/airflow/.local/lib/python3.8/site-packages/airflow/example_dags/example_sla_dag.py took 0.150 seconds
[2025-04-28T12:21:47.120+0000] {processor.py:161} INFO - Started process (PID=8753) to work on /home/airflow/.local/lib/python3.8/site-packages/airflow/example_dags/example_sla_dag.py
[2025-04-28T12:21:47.122+0000] {processor.py:830} INFO - Processing file /home/airflow/.local/lib/python3.8/site-packages/airflow/example_dags/example_sla_dag.py for tasks to queue
[2025-04-28T12:21:47.124+0000] {logging_mixin.py:188} INFO - [2025-04-28T12:21:47.124+0000] {dagbag.py:538} INFO - Filling up the DagBag from /home/airflow/.local/lib/python3.8/site-packages/airflow/example_dags/example_sla_dag.py
[2025-04-28T12:21:47.142+0000] {processor.py:840} INFO - DAG(s) 'example_sla_dag' retrieved from /home/airflow/.local/lib/python3.8/site-packages/airflow/example_dags/example_sla_dag.py
[2025-04-28T12:21:47.191+0000] {logging_mixin.py:188} INFO - [2025-04-28T12:21:47.191+0000] {dag.py:3033} INFO - Sync 1 DAGs
[2025-04-28T12:21:47.249+0000] {logging_mixin.py:188} INFO - [2025-04-28T12:21:47.249+0000] {dag.py:3820} INFO - Setting next_dagrun for example_sla_dag to 2025-04-28T12:18:00+00:00, run_after=2025-04-28T12:20:00+00:00
[2025-04-28T12:21:47.298+0000] {processor.py:183} INFO - Processing /home/airflow/.local/lib/python3.8/site-packages/airflow/example_dags/example_sla_dag.py took 0.186 seconds
[2025-04-28T12:22:17.593+0000] {processor.py:161} INFO - Started process (PID=8809) to work on /home/airflow/.local/lib/python3.8/site-packages/airflow/example_dags/example_sla_dag.py
[2025-04-28T12:22:17.595+0000] {processor.py:830} INFO - Processing file /home/airflow/.local/lib/python3.8/site-packages/airflow/example_dags/example_sla_dag.py for tasks to queue
[2025-04-28T12:22:17.597+0000] {logging_mixin.py:188} INFO - [2025-04-28T12:22:17.596+0000] {dagbag.py:538} INFO - Filling up the DagBag from /home/airflow/.local/lib/python3.8/site-packages/airflow/example_dags/example_sla_dag.py
[2025-04-28T12:22:17.616+0000] {processor.py:840} INFO - DAG(s) 'example_sla_dag' retrieved from /home/airflow/.local/lib/python3.8/site-packages/airflow/example_dags/example_sla_dag.py
[2025-04-28T12:22:17.671+0000] {logging_mixin.py:188} INFO - [2025-04-28T12:22:17.670+0000] {dag.py:3033} INFO - Sync 1 DAGs
[2025-04-28T12:22:17.729+0000] {logging_mixin.py:188} INFO - [2025-04-28T12:22:17.729+0000] {dag.py:3820} INFO - Setting next_dagrun for example_sla_dag to 2025-04-28T12:20:00+00:00, run_after=2025-04-28T12:22:00+00:00
[2025-04-28T12:22:17.761+0000] {processor.py:183} INFO - Processing /home/airflow/.local/lib/python3.8/site-packages/airflow/example_dags/example_sla_dag.py took 0.175 seconds
[2025-04-28T12:22:48.317+0000] {processor.py:161} INFO - Started process (PID=8865) to work on /home/airflow/.local/lib/python3.8/site-packages/airflow/example_dags/example_sla_dag.py
[2025-04-28T12:22:48.319+0000] {processor.py:830} INFO - Processing file /home/airflow/.local/lib/python3.8/site-packages/airflow/example_dags/example_sla_dag.py for tasks to queue
[2025-04-28T12:22:48.321+0000] {logging_mixin.py:188} INFO - [2025-04-28T12:22:48.320+0000] {dagbag.py:538} INFO - Filling up the DagBag from /home/airflow/.local/lib/python3.8/site-packages/airflow/example_dags/example_sla_dag.py
[2025-04-28T12:22:48.341+0000] {processor.py:840} INFO - DAG(s) 'example_sla_dag' retrieved from /home/airflow/.local/lib/python3.8/site-packages/airflow/example_dags/example_sla_dag.py
[2025-04-28T12:22:48.385+0000] {logging_mixin.py:188} INFO - [2025-04-28T12:22:48.385+0000] {dag.py:3033} INFO - Sync 1 DAGs
[2025-04-28T12:22:48.464+0000] {logging_mixin.py:188} INFO - [2025-04-28T12:22:48.463+0000] {dag.py:3820} INFO - Setting next_dagrun for example_sla_dag to 2025-04-28T12:20:00+00:00, run_after=2025-04-28T12:22:00+00:00
[2025-04-28T12:22:48.526+0000] {processor.py:183} INFO - Processing /home/airflow/.local/lib/python3.8/site-packages/airflow/example_dags/example_sla_dag.py took 0.216 seconds
[2025-04-28T12:23:18.882+0000] {processor.py:161} INFO - Started process (PID=8922) to work on /home/airflow/.local/lib/python3.8/site-packages/airflow/example_dags/example_sla_dag.py
[2025-04-28T12:23:18.884+0000] {processor.py:830} INFO - Processing file /home/airflow/.local/lib/python3.8/site-packages/airflow/example_dags/example_sla_dag.py for tasks to queue
[2025-04-28T12:23:18.886+0000] {logging_mixin.py:188} INFO - [2025-04-28T12:23:18.886+0000] {dagbag.py:538} INFO - Filling up the DagBag from /home/airflow/.local/lib/python3.8/site-packages/airflow/example_dags/example_sla_dag.py
[2025-04-28T12:23:18.901+0000] {processor.py:840} INFO - DAG(s) 'example_sla_dag' retrieved from /home/airflow/.local/lib/python3.8/site-packages/airflow/example_dags/example_sla_dag.py
[2025-04-28T12:23:18.941+0000] {logging_mixin.py:188} INFO - [2025-04-28T12:23:18.940+0000] {dag.py:3033} INFO - Sync 1 DAGs
[2025-04-28T12:23:18.980+0000] {logging_mixin.py:188} INFO - [2025-04-28T12:23:18.979+0000] {dag.py:3820} INFO - Setting next_dagrun for example_sla_dag to 2025-04-28T12:20:00+00:00, run_after=2025-04-28T12:22:00+00:00
[2025-04-28T12:23:19.019+0000] {processor.py:183} INFO - Processing /home/airflow/.local/lib/python3.8/site-packages/airflow/example_dags/example_sla_dag.py took 0.141 seconds
[2025-04-28T12:23:49.190+0000] {processor.py:161} INFO - Started process (PID=8977) to work on /home/airflow/.local/lib/python3.8/site-packages/airflow/example_dags/example_sla_dag.py
[2025-04-28T12:23:49.191+0000] {processor.py:830} INFO - Processing file /home/airflow/.local/lib/python3.8/site-packages/airflow/example_dags/example_sla_dag.py for tasks to queue
[2025-04-28T12:23:49.193+0000] {logging_mixin.py:188} INFO - [2025-04-28T12:23:49.192+0000] {dagbag.py:538} INFO - Filling up the DagBag from /home/airflow/.local/lib/python3.8/site-packages/airflow/example_dags/example_sla_dag.py
[2025-04-28T12:23:49.206+0000] {processor.py:840} INFO - DAG(s) 'example_sla_dag' retrieved from /home/airflow/.local/lib/python3.8/site-packages/airflow/example_dags/example_sla_dag.py
[2025-04-28T12:23:49.239+0000] {logging_mixin.py:188} INFO - [2025-04-28T12:23:49.239+0000] {dag.py:3033} INFO - Sync 1 DAGs
[2025-04-28T12:23:49.299+0000] {logging_mixin.py:188} INFO - [2025-04-28T12:23:49.299+0000] {dag.py:3820} INFO - Setting next_dagrun for example_sla_dag to 2025-04-28T12:20:00+00:00, run_after=2025-04-28T12:22:00+00:00
[2025-04-28T12:23:49.350+0000] {processor.py:183} INFO - Processing /home/airflow/.local/lib/python3.8/site-packages/airflow/example_dags/example_sla_dag.py took 0.166 seconds
[2025-04-28T12:24:24.717+0000] {processor.py:161} INFO - Started process (PID=9034) to work on /home/airflow/.local/lib/python3.8/site-packages/airflow/example_dags/example_sla_dag.py
[2025-04-28T12:24:24.719+0000] {processor.py:830} INFO - Processing file /home/airflow/.local/lib/python3.8/site-packages/airflow/example_dags/example_sla_dag.py for tasks to queue
[2025-04-28T12:24:24.721+0000] {logging_mixin.py:188} INFO - [2025-04-28T12:24:24.720+0000] {dagbag.py:538} INFO - Filling up the DagBag from /home/airflow/.local/lib/python3.8/site-packages/airflow/example_dags/example_sla_dag.py
[2025-04-28T12:24:24.734+0000] {processor.py:840} INFO - DAG(s) 'example_sla_dag' retrieved from /home/airflow/.local/lib/python3.8/site-packages/airflow/example_dags/example_sla_dag.py
[2025-04-28T12:24:24.796+0000] {logging_mixin.py:188} INFO - [2025-04-28T12:24:24.795+0000] {dag.py:3033} INFO - Sync 1 DAGs
[2025-04-28T12:24:24.846+0000] {logging_mixin.py:188} INFO - [2025-04-28T12:24:24.846+0000] {dag.py:3820} INFO - Setting next_dagrun for example_sla_dag to 2025-04-28T12:22:00+00:00, run_after=2025-04-28T12:24:00+00:00
[2025-04-28T12:24:24.878+0000] {processor.py:183} INFO - Processing /home/airflow/.local/lib/python3.8/site-packages/airflow/example_dags/example_sla_dag.py took 0.167 seconds
[2025-04-28T12:24:55.105+0000] {processor.py:161} INFO - Started process (PID=9090) to work on /home/airflow/.local/lib/python3.8/site-packages/airflow/example_dags/example_sla_dag.py
[2025-04-28T12:24:55.107+0000] {processor.py:830} INFO - Processing file /home/airflow/.local/lib/python3.8/site-packages/airflow/example_dags/example_sla_dag.py for tasks to queue
[2025-04-28T12:24:55.108+0000] {logging_mixin.py:188} INFO - [2025-04-28T12:24:55.108+0000] {dagbag.py:538} INFO - Filling up the DagBag from /home/airflow/.local/lib/python3.8/site-packages/airflow/example_dags/example_sla_dag.py
[2025-04-28T12:24:55.123+0000] {processor.py:840} INFO - DAG(s) 'example_sla_dag' retrieved from /home/airflow/.local/lib/python3.8/site-packages/airflow/example_dags/example_sla_dag.py
[2025-04-28T12:24:55.166+0000] {logging_mixin.py:188} INFO - [2025-04-28T12:24:55.166+0000] {dag.py:3033} INFO - Sync 1 DAGs
[2025-04-28T12:24:55.226+0000] {logging_mixin.py:188} INFO - [2025-04-28T12:24:55.225+0000] {dag.py:3820} INFO - Setting next_dagrun for example_sla_dag to 2025-04-28T12:22:00+00:00, run_after=2025-04-28T12:24:00+00:00
[2025-04-28T12:24:55.263+0000] {processor.py:183} INFO - Processing /home/airflow/.local/lib/python3.8/site-packages/airflow/example_dags/example_sla_dag.py took 0.163 seconds
[2025-04-28T12:25:30.839+0000] {processor.py:161} INFO - Started process (PID=9148) to work on /home/airflow/.local/lib/python3.8/site-packages/airflow/example_dags/example_sla_dag.py
[2025-04-28T12:25:30.840+0000] {processor.py:830} INFO - Processing file /home/airflow/.local/lib/python3.8/site-packages/airflow/example_dags/example_sla_dag.py for tasks to queue
[2025-04-28T12:25:30.842+0000] {logging_mixin.py:188} INFO - [2025-04-28T12:25:30.842+0000] {dagbag.py:538} INFO - Filling up the DagBag from /home/airflow/.local/lib/python3.8/site-packages/airflow/example_dags/example_sla_dag.py
[2025-04-28T12:25:30.858+0000] {processor.py:840} INFO - DAG(s) 'example_sla_dag' retrieved from /home/airflow/.local/lib/python3.8/site-packages/airflow/example_dags/example_sla_dag.py
[2025-04-28T12:25:30.892+0000] {logging_mixin.py:188} INFO - [2025-04-28T12:25:30.891+0000] {dag.py:3033} INFO - Sync 1 DAGs
[2025-04-28T12:25:30.938+0000] {logging_mixin.py:188} INFO - [2025-04-28T12:25:30.938+0000] {dag.py:3820} INFO - Setting next_dagrun for example_sla_dag to 2025-04-28T12:22:00+00:00, run_after=2025-04-28T12:24:00+00:00
[2025-04-28T12:25:30.980+0000] {processor.py:183} INFO - Processing /home/airflow/.local/lib/python3.8/site-packages/airflow/example_dags/example_sla_dag.py took 0.147 seconds
[2025-04-28T12:26:01.791+0000] {processor.py:161} INFO - Started process (PID=9204) to work on /home/airflow/.local/lib/python3.8/site-packages/airflow/example_dags/example_sla_dag.py
[2025-04-28T12:26:01.793+0000] {processor.py:830} INFO - Processing file /home/airflow/.local/lib/python3.8/site-packages/airflow/example_dags/example_sla_dag.py for tasks to queue
[2025-04-28T12:26:01.794+0000] {logging_mixin.py:188} INFO - [2025-04-28T12:26:01.794+0000] {dagbag.py:538} INFO - Filling up the DagBag from /home/airflow/.local/lib/python3.8/site-packages/airflow/example_dags/example_sla_dag.py
[2025-04-28T12:26:01.808+0000] {processor.py:840} INFO - DAG(s) 'example_sla_dag' retrieved from /home/airflow/.local/lib/python3.8/site-packages/airflow/example_dags/example_sla_dag.py
[2025-04-28T12:26:01.842+0000] {logging_mixin.py:188} INFO - [2025-04-28T12:26:01.842+0000] {dag.py:3033} INFO - Sync 1 DAGs
[2025-04-28T12:26:01.893+0000] {logging_mixin.py:188} INFO - [2025-04-28T12:26:01.892+0000] {dag.py:3820} INFO - Setting next_dagrun for example_sla_dag to 2025-04-28T12:24:00+00:00, run_after=2025-04-28T12:26:00+00:00
[2025-04-28T12:26:01.999+0000] {processor.py:183} INFO - Processing /home/airflow/.local/lib/python3.8/site-packages/airflow/example_dags/example_sla_dag.py took 0.212 seconds
[2025-04-28T12:26:32.336+0000] {processor.py:161} INFO - Started process (PID=9259) to work on /home/airflow/.local/lib/python3.8/site-packages/airflow/example_dags/example_sla_dag.py
[2025-04-28T12:26:32.338+0000] {processor.py:830} INFO - Processing file /home/airflow/.local/lib/python3.8/site-packages/airflow/example_dags/example_sla_dag.py for tasks to queue
[2025-04-28T12:26:32.340+0000] {logging_mixin.py:188} INFO - [2025-04-28T12:26:32.340+0000] {dagbag.py:538} INFO - Filling up the DagBag from /home/airflow/.local/lib/python3.8/site-packages/airflow/example_dags/example_sla_dag.py
[2025-04-28T12:26:32.361+0000] {processor.py:840} INFO - DAG(s) 'example_sla_dag' retrieved from /home/airflow/.local/lib/python3.8/site-packages/airflow/example_dags/example_sla_dag.py
[2025-04-28T12:26:32.407+0000] {logging_mixin.py:188} INFO - [2025-04-28T12:26:32.406+0000] {dag.py:3033} INFO - Sync 1 DAGs
[2025-04-28T12:26:32.463+0000] {logging_mixin.py:188} INFO - [2025-04-28T12:26:32.463+0000] {dag.py:3820} INFO - Setting next_dagrun for example_sla_dag to 2025-04-28T12:24:00+00:00, run_after=2025-04-28T12:26:00+00:00
[2025-04-28T12:26:32.523+0000] {processor.py:183} INFO - Processing /home/airflow/.local/lib/python3.8/site-packages/airflow/example_dags/example_sla_dag.py took 0.195 seconds
[2025-04-28T12:27:03.243+0000] {processor.py:161} INFO - Started process (PID=9315) to work on /home/airflow/.local/lib/python3.8/site-packages/airflow/example_dags/example_sla_dag.py
[2025-04-28T12:27:03.245+0000] {processor.py:830} INFO - Processing file /home/airflow/.local/lib/python3.8/site-packages/airflow/example_dags/example_sla_dag.py for tasks to queue
[2025-04-28T12:27:03.248+0000] {logging_mixin.py:188} INFO - [2025-04-28T12:27:03.247+0000] {dagbag.py:538} INFO - Filling up the DagBag from /home/airflow/.local/lib/python3.8/site-packages/airflow/example_dags/example_sla_dag.py
[2025-04-28T12:27:03.279+0000] {processor.py:840} INFO - DAG(s) 'example_sla_dag' retrieved from /home/airflow/.local/lib/python3.8/site-packages/airflow/example_dags/example_sla_dag.py
[2025-04-28T12:27:03.336+0000] {logging_mixin.py:188} INFO - [2025-04-28T12:27:03.336+0000] {dag.py:3033} INFO - Sync 1 DAGs
[2025-04-28T12:27:03.420+0000] {logging_mixin.py:188} INFO - [2025-04-28T12:27:03.419+0000] {dag.py:3820} INFO - Setting next_dagrun for example_sla_dag to 2025-04-28T12:24:00+00:00, run_after=2025-04-28T12:26:00+00:00
[2025-04-28T12:27:03.486+0000] {processor.py:183} INFO - Processing /home/airflow/.local/lib/python3.8/site-packages/airflow/example_dags/example_sla_dag.py took 0.253 seconds
[2025-04-28T12:27:34.090+0000] {processor.py:161} INFO - Started process (PID=9371) to work on /home/airflow/.local/lib/python3.8/site-packages/airflow/example_dags/example_sla_dag.py
[2025-04-28T12:27:34.092+0000] {processor.py:830} INFO - Processing file /home/airflow/.local/lib/python3.8/site-packages/airflow/example_dags/example_sla_dag.py for tasks to queue
[2025-04-28T12:27:34.095+0000] {logging_mixin.py:188} INFO - [2025-04-28T12:27:34.094+0000] {dagbag.py:538} INFO - Filling up the DagBag from /home/airflow/.local/lib/python3.8/site-packages/airflow/example_dags/example_sla_dag.py
[2025-04-28T12:27:34.128+0000] {processor.py:840} INFO - DAG(s) 'example_sla_dag' retrieved from /home/airflow/.local/lib/python3.8/site-packages/airflow/example_dags/example_sla_dag.py
[2025-04-28T12:27:34.211+0000] {logging_mixin.py:188} INFO - [2025-04-28T12:27:34.211+0000] {dag.py:3033} INFO - Sync 1 DAGs
[2025-04-28T12:27:34.292+0000] {logging_mixin.py:188} INFO - [2025-04-28T12:27:34.291+0000] {dag.py:3820} INFO - Setting next_dagrun for example_sla_dag to 2025-04-28T12:24:00+00:00, run_after=2025-04-28T12:26:00+00:00
[2025-04-28T12:27:34.355+0000] {processor.py:183} INFO - Processing /home/airflow/.local/lib/python3.8/site-packages/airflow/example_dags/example_sla_dag.py took 0.289 seconds
[2025-04-28T12:28:04.916+0000] {processor.py:161} INFO - Started process (PID=9427) to work on /home/airflow/.local/lib/python3.8/site-packages/airflow/example_dags/example_sla_dag.py
[2025-04-28T12:28:04.918+0000] {processor.py:830} INFO - Processing file /home/airflow/.local/lib/python3.8/site-packages/airflow/example_dags/example_sla_dag.py for tasks to queue
[2025-04-28T12:28:04.921+0000] {logging_mixin.py:188} INFO - [2025-04-28T12:28:04.921+0000] {dagbag.py:538} INFO - Filling up the DagBag from /home/airflow/.local/lib/python3.8/site-packages/airflow/example_dags/example_sla_dag.py
[2025-04-28T12:28:04.948+0000] {processor.py:840} INFO - DAG(s) 'example_sla_dag' retrieved from /home/airflow/.local/lib/python3.8/site-packages/airflow/example_dags/example_sla_dag.py
[2025-04-28T12:28:05.033+0000] {logging_mixin.py:188} INFO - [2025-04-28T12:28:05.033+0000] {dag.py:3033} INFO - Sync 1 DAGs
[2025-04-28T12:28:05.115+0000] {logging_mixin.py:188} INFO - [2025-04-28T12:28:05.115+0000] {dag.py:3820} INFO - Setting next_dagrun for example_sla_dag to 2025-04-28T12:26:00+00:00, run_after=2025-04-28T12:28:00+00:00
[2025-04-28T12:28:05.175+0000] {processor.py:183} INFO - Processing /home/airflow/.local/lib/python3.8/site-packages/airflow/example_dags/example_sla_dag.py took 0.278 seconds
[2025-04-28T12:28:35.367+0000] {processor.py:161} INFO - Started process (PID=9482) to work on /home/airflow/.local/lib/python3.8/site-packages/airflow/example_dags/example_sla_dag.py
[2025-04-28T12:28:35.369+0000] {processor.py:830} INFO - Processing file /home/airflow/.local/lib/python3.8/site-packages/airflow/example_dags/example_sla_dag.py for tasks to queue
[2025-04-28T12:28:35.372+0000] {logging_mixin.py:188} INFO - [2025-04-28T12:28:35.371+0000] {dagbag.py:538} INFO - Filling up the DagBag from /home/airflow/.local/lib/python3.8/site-packages/airflow/example_dags/example_sla_dag.py
[2025-04-28T12:28:35.405+0000] {processor.py:840} INFO - DAG(s) 'example_sla_dag' retrieved from /home/airflow/.local/lib/python3.8/site-packages/airflow/example_dags/example_sla_dag.py
[2025-04-28T12:28:35.463+0000] {logging_mixin.py:188} INFO - [2025-04-28T12:28:35.463+0000] {dag.py:3033} INFO - Sync 1 DAGs
[2025-04-28T12:28:35.535+0000] {logging_mixin.py:188} INFO - [2025-04-28T12:28:35.535+0000] {dag.py:3820} INFO - Setting next_dagrun for example_sla_dag to 2025-04-28T12:26:00+00:00, run_after=2025-04-28T12:28:00+00:00
[2025-04-28T12:28:35.585+0000] {processor.py:183} INFO - Processing /home/airflow/.local/lib/python3.8/site-packages/airflow/example_dags/example_sla_dag.py took 0.228 seconds
[2025-04-28T12:29:05.723+0000] {processor.py:161} INFO - Started process (PID=9538) to work on /home/airflow/.local/lib/python3.8/site-packages/airflow/example_dags/example_sla_dag.py
[2025-04-28T12:29:05.725+0000] {processor.py:830} INFO - Processing file /home/airflow/.local/lib/python3.8/site-packages/airflow/example_dags/example_sla_dag.py for tasks to queue
[2025-04-28T12:29:05.728+0000] {logging_mixin.py:188} INFO - [2025-04-28T12:29:05.727+0000] {dagbag.py:538} INFO - Filling up the DagBag from /home/airflow/.local/lib/python3.8/site-packages/airflow/example_dags/example_sla_dag.py
[2025-04-28T12:29:05.754+0000] {processor.py:840} INFO - DAG(s) 'example_sla_dag' retrieved from /home/airflow/.local/lib/python3.8/site-packages/airflow/example_dags/example_sla_dag.py
[2025-04-28T12:29:05.813+0000] {logging_mixin.py:188} INFO - [2025-04-28T12:29:05.812+0000] {dag.py:3033} INFO - Sync 1 DAGs
[2025-04-28T12:29:05.884+0000] {logging_mixin.py:188} INFO - [2025-04-28T12:29:05.884+0000] {dag.py:3820} INFO - Setting next_dagrun for example_sla_dag to 2025-04-28T12:26:00+00:00, run_after=2025-04-28T12:28:00+00:00
[2025-04-28T12:29:05.932+0000] {processor.py:183} INFO - Processing /home/airflow/.local/lib/python3.8/site-packages/airflow/example_dags/example_sla_dag.py took 0.221 seconds
[2025-04-28T12:29:36.180+0000] {processor.py:161} INFO - Started process (PID=9594) to work on /home/airflow/.local/lib/python3.8/site-packages/airflow/example_dags/example_sla_dag.py
[2025-04-28T12:29:36.182+0000] {processor.py:830} INFO - Processing file /home/airflow/.local/lib/python3.8/site-packages/airflow/example_dags/example_sla_dag.py for tasks to queue
[2025-04-28T12:29:36.186+0000] {logging_mixin.py:188} INFO - [2025-04-28T12:29:36.185+0000] {dagbag.py:538} INFO - Filling up the DagBag from /home/airflow/.local/lib/python3.8/site-packages/airflow/example_dags/example_sla_dag.py
[2025-04-28T12:29:36.211+0000] {processor.py:840} INFO - DAG(s) 'example_sla_dag' retrieved from /home/airflow/.local/lib/python3.8/site-packages/airflow/example_dags/example_sla_dag.py
[2025-04-28T12:29:36.276+0000] {logging_mixin.py:188} INFO - [2025-04-28T12:29:36.275+0000] {dag.py:3033} INFO - Sync 1 DAGs
[2025-04-28T12:29:36.362+0000] {logging_mixin.py:188} INFO - [2025-04-28T12:29:36.361+0000] {dag.py:3820} INFO - Setting next_dagrun for example_sla_dag to 2025-04-28T12:26:00+00:00, run_after=2025-04-28T12:28:00+00:00
[2025-04-28T12:29:36.411+0000] {processor.py:183} INFO - Processing /home/airflow/.local/lib/python3.8/site-packages/airflow/example_dags/example_sla_dag.py took 0.238 seconds
[2025-04-28T12:30:06.706+0000] {processor.py:161} INFO - Started process (PID=9650) to work on /home/airflow/.local/lib/python3.8/site-packages/airflow/example_dags/example_sla_dag.py
[2025-04-28T12:30:06.708+0000] {processor.py:830} INFO - Processing file /home/airflow/.local/lib/python3.8/site-packages/airflow/example_dags/example_sla_dag.py for tasks to queue
[2025-04-28T12:30:06.712+0000] {logging_mixin.py:188} INFO - [2025-04-28T12:30:06.711+0000] {dagbag.py:538} INFO - Filling up the DagBag from /home/airflow/.local/lib/python3.8/site-packages/airflow/example_dags/example_sla_dag.py
[2025-04-28T12:30:06.747+0000] {processor.py:840} INFO - DAG(s) 'example_sla_dag' retrieved from /home/airflow/.local/lib/python3.8/site-packages/airflow/example_dags/example_sla_dag.py
[2025-04-28T12:30:06.813+0000] {logging_mixin.py:188} INFO - [2025-04-28T12:30:06.812+0000] {dag.py:3033} INFO - Sync 1 DAGs
[2025-04-28T12:30:06.930+0000] {logging_mixin.py:188} INFO - [2025-04-28T12:30:06.930+0000] {dag.py:3820} INFO - Setting next_dagrun for example_sla_dag to 2025-04-28T12:28:00+00:00, run_after=2025-04-28T12:30:00+00:00
[2025-04-28T12:30:07.028+0000] {processor.py:183} INFO - Processing /home/airflow/.local/lib/python3.8/site-packages/airflow/example_dags/example_sla_dag.py took 0.332 seconds
[2025-04-28T12:30:37.151+0000] {processor.py:161} INFO - Started process (PID=9705) to work on /home/airflow/.local/lib/python3.8/site-packages/airflow/example_dags/example_sla_dag.py
[2025-04-28T12:30:37.154+0000] {processor.py:830} INFO - Processing file /home/airflow/.local/lib/python3.8/site-packages/airflow/example_dags/example_sla_dag.py for tasks to queue
[2025-04-28T12:30:37.157+0000] {logging_mixin.py:188} INFO - [2025-04-28T12:30:37.157+0000] {dagbag.py:538} INFO - Filling up the DagBag from /home/airflow/.local/lib/python3.8/site-packages/airflow/example_dags/example_sla_dag.py
[2025-04-28T12:30:37.185+0000] {processor.py:840} INFO - DAG(s) 'example_sla_dag' retrieved from /home/airflow/.local/lib/python3.8/site-packages/airflow/example_dags/example_sla_dag.py
[2025-04-28T12:30:37.239+0000] {logging_mixin.py:188} INFO - [2025-04-28T12:30:37.238+0000] {dag.py:3033} INFO - Sync 1 DAGs
[2025-04-28T12:30:37.332+0000] {logging_mixin.py:188} INFO - [2025-04-28T12:30:37.332+0000] {dag.py:3820} INFO - Setting next_dagrun for example_sla_dag to 2025-04-28T12:28:00+00:00, run_after=2025-04-28T12:30:00+00:00
[2025-04-28T12:30:37.398+0000] {processor.py:183} INFO - Processing /home/airflow/.local/lib/python3.8/site-packages/airflow/example_dags/example_sla_dag.py took 0.255 seconds
[2025-04-28T12:31:07.712+0000] {processor.py:161} INFO - Started process (PID=9760) to work on /home/airflow/.local/lib/python3.8/site-packages/airflow/example_dags/example_sla_dag.py
[2025-04-28T12:31:07.714+0000] {processor.py:830} INFO - Processing file /home/airflow/.local/lib/python3.8/site-packages/airflow/example_dags/example_sla_dag.py for tasks to queue
[2025-04-28T12:31:07.716+0000] {logging_mixin.py:188} INFO - [2025-04-28T12:31:07.716+0000] {dagbag.py:538} INFO - Filling up the DagBag from /home/airflow/.local/lib/python3.8/site-packages/airflow/example_dags/example_sla_dag.py
[2025-04-28T12:31:07.738+0000] {processor.py:840} INFO - DAG(s) 'example_sla_dag' retrieved from /home/airflow/.local/lib/python3.8/site-packages/airflow/example_dags/example_sla_dag.py
[2025-04-28T12:31:07.790+0000] {logging_mixin.py:188} INFO - [2025-04-28T12:31:07.789+0000] {dag.py:3033} INFO - Sync 1 DAGs
[2025-04-28T12:31:07.869+0000] {logging_mixin.py:188} INFO - [2025-04-28T12:31:07.869+0000] {dag.py:3820} INFO - Setting next_dagrun for example_sla_dag to 2025-04-28T12:28:00+00:00, run_after=2025-04-28T12:30:00+00:00
[2025-04-28T12:31:07.927+0000] {processor.py:183} INFO - Processing /home/airflow/.local/lib/python3.8/site-packages/airflow/example_dags/example_sla_dag.py took 0.223 seconds
[2025-04-28T12:31:38.328+0000] {processor.py:161} INFO - Started process (PID=9816) to work on /home/airflow/.local/lib/python3.8/site-packages/airflow/example_dags/example_sla_dag.py
[2025-04-28T12:31:38.331+0000] {processor.py:830} INFO - Processing file /home/airflow/.local/lib/python3.8/site-packages/airflow/example_dags/example_sla_dag.py for tasks to queue
[2025-04-28T12:31:38.334+0000] {logging_mixin.py:188} INFO - [2025-04-28T12:31:38.333+0000] {dagbag.py:538} INFO - Filling up the DagBag from /home/airflow/.local/lib/python3.8/site-packages/airflow/example_dags/example_sla_dag.py
[2025-04-28T12:31:38.366+0000] {processor.py:840} INFO - DAG(s) 'example_sla_dag' retrieved from /home/airflow/.local/lib/python3.8/site-packages/airflow/example_dags/example_sla_dag.py
[2025-04-28T12:31:38.468+0000] {logging_mixin.py:188} INFO - [2025-04-28T12:31:38.467+0000] {dag.py:3033} INFO - Sync 1 DAGs
[2025-04-28T12:31:38.540+0000] {logging_mixin.py:188} INFO - [2025-04-28T12:31:38.539+0000] {dag.py:3820} INFO - Setting next_dagrun for example_sla_dag to 2025-04-28T12:28:00+00:00, run_after=2025-04-28T12:30:00+00:00
[2025-04-28T12:31:38.587+0000] {processor.py:183} INFO - Processing /home/airflow/.local/lib/python3.8/site-packages/airflow/example_dags/example_sla_dag.py took 0.270 seconds
[2025-04-28T12:32:09.563+0000] {processor.py:161} INFO - Started process (PID=9872) to work on /home/airflow/.local/lib/python3.8/site-packages/airflow/example_dags/example_sla_dag.py
[2025-04-28T12:32:09.566+0000] {processor.py:830} INFO - Processing file /home/airflow/.local/lib/python3.8/site-packages/airflow/example_dags/example_sla_dag.py for tasks to queue
[2025-04-28T12:32:09.568+0000] {logging_mixin.py:188} INFO - [2025-04-28T12:32:09.568+0000] {dagbag.py:538} INFO - Filling up the DagBag from /home/airflow/.local/lib/python3.8/site-packages/airflow/example_dags/example_sla_dag.py
[2025-04-28T12:32:09.587+0000] {processor.py:840} INFO - DAG(s) 'example_sla_dag' retrieved from /home/airflow/.local/lib/python3.8/site-packages/airflow/example_dags/example_sla_dag.py
[2025-04-28T12:32:09.629+0000] {logging_mixin.py:188} INFO - [2025-04-28T12:32:09.629+0000] {dag.py:3033} INFO - Sync 1 DAGs
[2025-04-28T12:32:09.689+0000] {logging_mixin.py:188} INFO - [2025-04-28T12:32:09.688+0000] {dag.py:3820} INFO - Setting next_dagrun for example_sla_dag to 2025-04-28T12:30:00+00:00, run_after=2025-04-28T12:32:00+00:00
[2025-04-28T12:32:09.733+0000] {processor.py:183} INFO - Processing /home/airflow/.local/lib/python3.8/site-packages/airflow/example_dags/example_sla_dag.py took 0.178 seconds
[2025-04-28T12:32:40.236+0000] {processor.py:161} INFO - Started process (PID=9928) to work on /home/airflow/.local/lib/python3.8/site-packages/airflow/example_dags/example_sla_dag.py
[2025-04-28T12:32:40.238+0000] {processor.py:830} INFO - Processing file /home/airflow/.local/lib/python3.8/site-packages/airflow/example_dags/example_sla_dag.py for tasks to queue
[2025-04-28T12:32:40.241+0000] {logging_mixin.py:188} INFO - [2025-04-28T12:32:40.240+0000] {dagbag.py:538} INFO - Filling up the DagBag from /home/airflow/.local/lib/python3.8/site-packages/airflow/example_dags/example_sla_dag.py
[2025-04-28T12:32:40.269+0000] {processor.py:840} INFO - DAG(s) 'example_sla_dag' retrieved from /home/airflow/.local/lib/python3.8/site-packages/airflow/example_dags/example_sla_dag.py
[2025-04-28T12:32:40.339+0000] {logging_mixin.py:188} INFO - [2025-04-28T12:32:40.339+0000] {dag.py:3033} INFO - Sync 1 DAGs
[2025-04-28T12:32:40.406+0000] {logging_mixin.py:188} INFO - [2025-04-28T12:32:40.406+0000] {dag.py:3820} INFO - Setting next_dagrun for example_sla_dag to 2025-04-28T12:30:00+00:00, run_after=2025-04-28T12:32:00+00:00
[2025-04-28T12:32:40.461+0000] {processor.py:183} INFO - Processing /home/airflow/.local/lib/python3.8/site-packages/airflow/example_dags/example_sla_dag.py took 0.236 seconds
[2025-04-28T12:33:10.764+0000] {processor.py:161} INFO - Started process (PID=9984) to work on /home/airflow/.local/lib/python3.8/site-packages/airflow/example_dags/example_sla_dag.py
[2025-04-28T12:33:10.766+0000] {processor.py:830} INFO - Processing file /home/airflow/.local/lib/python3.8/site-packages/airflow/example_dags/example_sla_dag.py for tasks to queue
[2025-04-28T12:33:10.769+0000] {logging_mixin.py:188} INFO - [2025-04-28T12:33:10.768+0000] {dagbag.py:538} INFO - Filling up the DagBag from /home/airflow/.local/lib/python3.8/site-packages/airflow/example_dags/example_sla_dag.py
[2025-04-28T12:33:10.815+0000] {processor.py:840} INFO - DAG(s) 'example_sla_dag' retrieved from /home/airflow/.local/lib/python3.8/site-packages/airflow/example_dags/example_sla_dag.py
[2025-04-28T12:33:11.061+0000] {logging_mixin.py:188} INFO - [2025-04-28T12:33:11.059+0000] {dag.py:3033} INFO - Sync 1 DAGs
[2025-04-28T12:33:11.387+0000] {logging_mixin.py:188} INFO - [2025-04-28T12:33:11.386+0000] {dag.py:3820} INFO - Setting next_dagrun for example_sla_dag to 2025-04-28T12:30:00+00:00, run_after=2025-04-28T12:32:00+00:00
[2025-04-28T12:33:11.466+0000] {processor.py:183} INFO - Processing /home/airflow/.local/lib/python3.8/site-packages/airflow/example_dags/example_sla_dag.py took 0.716 seconds
[2025-04-28T12:33:42.287+0000] {processor.py:161} INFO - Started process (PID=10040) to work on /home/airflow/.local/lib/python3.8/site-packages/airflow/example_dags/example_sla_dag.py
[2025-04-28T12:33:42.290+0000] {processor.py:830} INFO - Processing file /home/airflow/.local/lib/python3.8/site-packages/airflow/example_dags/example_sla_dag.py for tasks to queue
[2025-04-28T12:33:42.293+0000] {logging_mixin.py:188} INFO - [2025-04-28T12:33:42.292+0000] {dagbag.py:538} INFO - Filling up the DagBag from /home/airflow/.local/lib/python3.8/site-packages/airflow/example_dags/example_sla_dag.py
[2025-04-28T12:33:42.317+0000] {processor.py:840} INFO - DAG(s) 'example_sla_dag' retrieved from /home/airflow/.local/lib/python3.8/site-packages/airflow/example_dags/example_sla_dag.py
[2025-04-28T12:33:42.373+0000] {logging_mixin.py:188} INFO - [2025-04-28T12:33:42.372+0000] {dag.py:3033} INFO - Sync 1 DAGs
[2025-04-28T12:33:42.446+0000] {logging_mixin.py:188} INFO - [2025-04-28T12:33:42.445+0000] {dag.py:3820} INFO - Setting next_dagrun for example_sla_dag to 2025-04-28T12:30:00+00:00, run_after=2025-04-28T12:32:00+00:00
[2025-04-28T12:33:42.504+0000] {processor.py:183} INFO - Processing /home/airflow/.local/lib/python3.8/site-packages/airflow/example_dags/example_sla_dag.py took 0.231 seconds
[2025-04-28T12:34:12.725+0000] {processor.py:161} INFO - Started process (PID=10096) to work on /home/airflow/.local/lib/python3.8/site-packages/airflow/example_dags/example_sla_dag.py
[2025-04-28T12:34:12.729+0000] {processor.py:830} INFO - Processing file /home/airflow/.local/lib/python3.8/site-packages/airflow/example_dags/example_sla_dag.py for tasks to queue
[2025-04-28T12:34:12.731+0000] {logging_mixin.py:188} INFO - [2025-04-28T12:34:12.731+0000] {dagbag.py:538} INFO - Filling up the DagBag from /home/airflow/.local/lib/python3.8/site-packages/airflow/example_dags/example_sla_dag.py
[2025-04-28T12:34:12.762+0000] {processor.py:840} INFO - DAG(s) 'example_sla_dag' retrieved from /home/airflow/.local/lib/python3.8/site-packages/airflow/example_dags/example_sla_dag.py
[2025-04-28T12:34:12.845+0000] {logging_mixin.py:188} INFO - [2025-04-28T12:34:12.845+0000] {dag.py:3033} INFO - Sync 1 DAGs
[2025-04-28T12:34:12.920+0000] {logging_mixin.py:188} INFO - [2025-04-28T12:34:12.920+0000] {dag.py:3820} INFO - Setting next_dagrun for example_sla_dag to 2025-04-28T12:32:00+00:00, run_after=2025-04-28T12:34:00+00:00
[2025-04-28T12:34:12.980+0000] {processor.py:183} INFO - Processing /home/airflow/.local/lib/python3.8/site-packages/airflow/example_dags/example_sla_dag.py took 0.266 seconds
[2025-04-28T12:34:43.318+0000] {processor.py:161} INFO - Started process (PID=10153) to work on /home/airflow/.local/lib/python3.8/site-packages/airflow/example_dags/example_sla_dag.py
[2025-04-28T12:34:43.322+0000] {processor.py:830} INFO - Processing file /home/airflow/.local/lib/python3.8/site-packages/airflow/example_dags/example_sla_dag.py for tasks to queue
[2025-04-28T12:34:43.351+0000] {logging_mixin.py:188} INFO - [2025-04-28T12:34:43.347+0000] {dagbag.py:538} INFO - Filling up the DagBag from /home/airflow/.local/lib/python3.8/site-packages/airflow/example_dags/example_sla_dag.py
[2025-04-28T12:34:43.451+0000] {processor.py:840} INFO - DAG(s) 'example_sla_dag' retrieved from /home/airflow/.local/lib/python3.8/site-packages/airflow/example_dags/example_sla_dag.py
[2025-04-28T12:34:43.563+0000] {logging_mixin.py:188} INFO - [2025-04-28T12:34:43.562+0000] {dag.py:3033} INFO - Sync 1 DAGs
[2025-04-28T12:34:43.673+0000] {logging_mixin.py:188} INFO - [2025-04-28T12:34:43.672+0000] {dag.py:3820} INFO - Setting next_dagrun for example_sla_dag to 2025-04-28T12:32:00+00:00, run_after=2025-04-28T12:34:00+00:00
[2025-04-28T12:34:43.721+0000] {processor.py:183} INFO - Processing /home/airflow/.local/lib/python3.8/site-packages/airflow/example_dags/example_sla_dag.py took 0.420 seconds
[2025-04-28T12:35:14.598+0000] {processor.py:161} INFO - Started process (PID=10209) to work on /home/airflow/.local/lib/python3.8/site-packages/airflow/example_dags/example_sla_dag.py
[2025-04-28T12:35:14.612+0000] {processor.py:830} INFO - Processing file /home/airflow/.local/lib/python3.8/site-packages/airflow/example_dags/example_sla_dag.py for tasks to queue
[2025-04-28T12:35:14.616+0000] {logging_mixin.py:188} INFO - [2025-04-28T12:35:14.615+0000] {dagbag.py:538} INFO - Filling up the DagBag from /home/airflow/.local/lib/python3.8/site-packages/airflow/example_dags/example_sla_dag.py
[2025-04-28T12:35:14.725+0000] {processor.py:840} INFO - DAG(s) 'example_sla_dag' retrieved from /home/airflow/.local/lib/python3.8/site-packages/airflow/example_dags/example_sla_dag.py
[2025-04-28T12:35:15.120+0000] {logging_mixin.py:188} INFO - [2025-04-28T12:35:15.119+0000] {dag.py:3033} INFO - Sync 1 DAGs
[2025-04-28T12:35:15.571+0000] {logging_mixin.py:188} INFO - [2025-04-28T12:35:15.571+0000] {dag.py:3820} INFO - Setting next_dagrun for example_sla_dag to 2025-04-28T12:32:00+00:00, run_after=2025-04-28T12:34:00+00:00
[2025-04-28T12:35:15.753+0000] {processor.py:183} INFO - Processing /home/airflow/.local/lib/python3.8/site-packages/airflow/example_dags/example_sla_dag.py took 1.198 seconds
[2025-04-28T12:35:46.059+0000] {processor.py:161} INFO - Started process (PID=10271) to work on /home/airflow/.local/lib/python3.8/site-packages/airflow/example_dags/example_sla_dag.py
[2025-04-28T12:35:46.062+0000] {processor.py:830} INFO - Processing file /home/airflow/.local/lib/python3.8/site-packages/airflow/example_dags/example_sla_dag.py for tasks to queue
[2025-04-28T12:35:46.064+0000] {logging_mixin.py:188} INFO - [2025-04-28T12:35:46.064+0000] {dagbag.py:538} INFO - Filling up the DagBag from /home/airflow/.local/lib/python3.8/site-packages/airflow/example_dags/example_sla_dag.py
[2025-04-28T12:35:46.084+0000] {processor.py:840} INFO - DAG(s) 'example_sla_dag' retrieved from /home/airflow/.local/lib/python3.8/site-packages/airflow/example_dags/example_sla_dag.py
[2025-04-28T12:35:46.147+0000] {logging_mixin.py:188} INFO - [2025-04-28T12:35:46.147+0000] {dag.py:3033} INFO - Sync 1 DAGs
[2025-04-28T12:35:46.202+0000] {logging_mixin.py:188} INFO - [2025-04-28T12:35:46.202+0000] {dag.py:3820} INFO - Setting next_dagrun for example_sla_dag to 2025-04-28T12:32:00+00:00, run_after=2025-04-28T12:34:00+00:00
[2025-04-28T12:35:46.257+0000] {processor.py:183} INFO - Processing /home/airflow/.local/lib/python3.8/site-packages/airflow/example_dags/example_sla_dag.py took 0.204 seconds
[2025-04-28T12:36:16.803+0000] {processor.py:161} INFO - Started process (PID=10327) to work on /home/airflow/.local/lib/python3.8/site-packages/airflow/example_dags/example_sla_dag.py
[2025-04-28T12:36:16.805+0000] {processor.py:830} INFO - Processing file /home/airflow/.local/lib/python3.8/site-packages/airflow/example_dags/example_sla_dag.py for tasks to queue
[2025-04-28T12:36:16.807+0000] {logging_mixin.py:188} INFO - [2025-04-28T12:36:16.807+0000] {dagbag.py:538} INFO - Filling up the DagBag from /home/airflow/.local/lib/python3.8/site-packages/airflow/example_dags/example_sla_dag.py
[2025-04-28T12:36:16.834+0000] {processor.py:840} INFO - DAG(s) 'example_sla_dag' retrieved from /home/airflow/.local/lib/python3.8/site-packages/airflow/example_dags/example_sla_dag.py
[2025-04-28T12:36:16.882+0000] {logging_mixin.py:188} INFO - [2025-04-28T12:36:16.881+0000] {dag.py:3033} INFO - Sync 1 DAGs
[2025-04-28T12:36:16.970+0000] {logging_mixin.py:188} INFO - [2025-04-28T12:36:16.969+0000] {dag.py:3820} INFO - Setting next_dagrun for example_sla_dag to 2025-04-28T12:34:00+00:00, run_after=2025-04-28T12:36:00+00:00
[2025-04-28T12:36:17.028+0000] {processor.py:183} INFO - Processing /home/airflow/.local/lib/python3.8/site-packages/airflow/example_dags/example_sla_dag.py took 0.233 seconds
[2025-04-28T12:36:47.513+0000] {processor.py:161} INFO - Started process (PID=10383) to work on /home/airflow/.local/lib/python3.8/site-packages/airflow/example_dags/example_sla_dag.py
[2025-04-28T12:36:47.516+0000] {processor.py:830} INFO - Processing file /home/airflow/.local/lib/python3.8/site-packages/airflow/example_dags/example_sla_dag.py for tasks to queue
[2025-04-28T12:36:47.519+0000] {logging_mixin.py:188} INFO - [2025-04-28T12:36:47.518+0000] {dagbag.py:538} INFO - Filling up the DagBag from /home/airflow/.local/lib/python3.8/site-packages/airflow/example_dags/example_sla_dag.py
[2025-04-28T12:36:47.542+0000] {processor.py:840} INFO - DAG(s) 'example_sla_dag' retrieved from /home/airflow/.local/lib/python3.8/site-packages/airflow/example_dags/example_sla_dag.py
[2025-04-28T12:36:47.591+0000] {logging_mixin.py:188} INFO - [2025-04-28T12:36:47.591+0000] {dag.py:3033} INFO - Sync 1 DAGs
[2025-04-28T12:36:47.945+0000] {logging_mixin.py:188} INFO - [2025-04-28T12:36:47.944+0000] {dag.py:3820} INFO - Setting next_dagrun for example_sla_dag to 2025-04-28T12:34:00+00:00, run_after=2025-04-28T12:36:00+00:00
[2025-04-28T12:36:47.988+0000] {processor.py:183} INFO - Processing /home/airflow/.local/lib/python3.8/site-packages/airflow/example_dags/example_sla_dag.py took 0.485 seconds
[2025-04-28T12:37:18.604+0000] {processor.py:161} INFO - Started process (PID=10433) to work on /home/airflow/.local/lib/python3.8/site-packages/airflow/example_dags/example_sla_dag.py
[2025-04-28T12:37:18.607+0000] {processor.py:830} INFO - Processing file /home/airflow/.local/lib/python3.8/site-packages/airflow/example_dags/example_sla_dag.py for tasks to queue
[2025-04-28T12:37:18.611+0000] {logging_mixin.py:188} INFO - [2025-04-28T12:37:18.610+0000] {dagbag.py:538} INFO - Filling up the DagBag from /home/airflow/.local/lib/python3.8/site-packages/airflow/example_dags/example_sla_dag.py
[2025-04-28T12:37:18.637+0000] {processor.py:840} INFO - DAG(s) 'example_sla_dag' retrieved from /home/airflow/.local/lib/python3.8/site-packages/airflow/example_dags/example_sla_dag.py
[2025-04-28T12:37:18.682+0000] {logging_mixin.py:188} INFO - [2025-04-28T12:37:18.682+0000] {dag.py:3033} INFO - Sync 1 DAGs
[2025-04-28T12:37:18.786+0000] {logging_mixin.py:188} INFO - [2025-04-28T12:37:18.786+0000] {dag.py:3820} INFO - Setting next_dagrun for example_sla_dag to 2025-04-28T12:34:00+00:00, run_after=2025-04-28T12:36:00+00:00
[2025-04-28T12:37:19.085+0000] {processor.py:183} INFO - Processing /home/airflow/.local/lib/python3.8/site-packages/airflow/example_dags/example_sla_dag.py took 0.490 seconds
[2025-04-28T12:37:49.335+0000] {processor.py:161} INFO - Started process (PID=10490) to work on /home/airflow/.local/lib/python3.8/site-packages/airflow/example_dags/example_sla_dag.py
[2025-04-28T12:37:49.339+0000] {processor.py:830} INFO - Processing file /home/airflow/.local/lib/python3.8/site-packages/airflow/example_dags/example_sla_dag.py for tasks to queue
[2025-04-28T12:37:49.342+0000] {logging_mixin.py:188} INFO - [2025-04-28T12:37:49.342+0000] {dagbag.py:538} INFO - Filling up the DagBag from /home/airflow/.local/lib/python3.8/site-packages/airflow/example_dags/example_sla_dag.py
[2025-04-28T12:37:49.367+0000] {processor.py:840} INFO - DAG(s) 'example_sla_dag' retrieved from /home/airflow/.local/lib/python3.8/site-packages/airflow/example_dags/example_sla_dag.py
[2025-04-28T12:37:49.419+0000] {logging_mixin.py:188} INFO - [2025-04-28T12:37:49.419+0000] {dag.py:3033} INFO - Sync 1 DAGs
[2025-04-28T12:37:49.489+0000] {logging_mixin.py:188} INFO - [2025-04-28T12:37:49.489+0000] {dag.py:3820} INFO - Setting next_dagrun for example_sla_dag to 2025-04-28T12:34:00+00:00, run_after=2025-04-28T12:36:00+00:00
[2025-04-28T12:37:49.585+0000] {processor.py:183} INFO - Processing /home/airflow/.local/lib/python3.8/site-packages/airflow/example_dags/example_sla_dag.py took 0.260 seconds
[2025-04-28T12:38:20.712+0000] {processor.py:161} INFO - Started process (PID=10546) to work on /home/airflow/.local/lib/python3.8/site-packages/airflow/example_dags/example_sla_dag.py
[2025-04-28T12:38:20.744+0000] {processor.py:830} INFO - Processing file /home/airflow/.local/lib/python3.8/site-packages/airflow/example_dags/example_sla_dag.py for tasks to queue
[2025-04-28T12:38:20.747+0000] {logging_mixin.py:188} INFO - [2025-04-28T12:38:20.746+0000] {dagbag.py:538} INFO - Filling up the DagBag from /home/airflow/.local/lib/python3.8/site-packages/airflow/example_dags/example_sla_dag.py
[2025-04-28T12:38:20.810+0000] {processor.py:840} INFO - DAG(s) 'example_sla_dag' retrieved from /home/airflow/.local/lib/python3.8/site-packages/airflow/example_dags/example_sla_dag.py
[2025-04-28T12:38:20.875+0000] {logging_mixin.py:188} INFO - [2025-04-28T12:38:20.874+0000] {dag.py:3033} INFO - Sync 1 DAGs
[2025-04-28T12:38:20.965+0000] {logging_mixin.py:188} INFO - [2025-04-28T12:38:20.962+0000] {dag.py:3820} INFO - Setting next_dagrun for example_sla_dag to 2025-04-28T12:36:00+00:00, run_after=2025-04-28T12:38:00+00:00
[2025-04-28T12:38:21.044+0000] {processor.py:183} INFO - Processing /home/airflow/.local/lib/python3.8/site-packages/airflow/example_dags/example_sla_dag.py took 0.342 seconds
[2025-04-28T12:38:53.119+0000] {processor.py:161} INFO - Started process (PID=10601) to work on /home/airflow/.local/lib/python3.8/site-packages/airflow/example_dags/example_sla_dag.py
[2025-04-28T12:38:53.121+0000] {processor.py:830} INFO - Processing file /home/airflow/.local/lib/python3.8/site-packages/airflow/example_dags/example_sla_dag.py for tasks to queue
[2025-04-28T12:38:53.123+0000] {logging_mixin.py:188} INFO - [2025-04-28T12:38:53.122+0000] {dagbag.py:538} INFO - Filling up the DagBag from /home/airflow/.local/lib/python3.8/site-packages/airflow/example_dags/example_sla_dag.py
[2025-04-28T12:38:53.149+0000] {processor.py:840} INFO - DAG(s) 'example_sla_dag' retrieved from /home/airflow/.local/lib/python3.8/site-packages/airflow/example_dags/example_sla_dag.py
[2025-04-28T12:38:53.207+0000] {logging_mixin.py:188} INFO - [2025-04-28T12:38:53.207+0000] {dag.py:3033} INFO - Sync 1 DAGs
[2025-04-28T12:38:53.303+0000] {logging_mixin.py:188} INFO - [2025-04-28T12:38:53.302+0000] {dag.py:3820} INFO - Setting next_dagrun for example_sla_dag to 2025-04-28T12:36:00+00:00, run_after=2025-04-28T12:38:00+00:00
[2025-04-28T12:38:53.377+0000] {processor.py:183} INFO - Processing /home/airflow/.local/lib/python3.8/site-packages/airflow/example_dags/example_sla_dag.py took 0.266 seconds
[2025-04-28T12:39:25.864+0000] {processor.py:161} INFO - Started process (PID=10657) to work on /home/airflow/.local/lib/python3.8/site-packages/airflow/example_dags/example_sla_dag.py
[2025-04-28T12:39:25.866+0000] {processor.py:830} INFO - Processing file /home/airflow/.local/lib/python3.8/site-packages/airflow/example_dags/example_sla_dag.py for tasks to queue
[2025-04-28T12:39:25.869+0000] {logging_mixin.py:188} INFO - [2025-04-28T12:39:25.868+0000] {dagbag.py:538} INFO - Filling up the DagBag from /home/airflow/.local/lib/python3.8/site-packages/airflow/example_dags/example_sla_dag.py
[2025-04-28T12:39:25.892+0000] {processor.py:840} INFO - DAG(s) 'example_sla_dag' retrieved from /home/airflow/.local/lib/python3.8/site-packages/airflow/example_dags/example_sla_dag.py
[2025-04-28T12:39:25.957+0000] {logging_mixin.py:188} INFO - [2025-04-28T12:39:25.956+0000] {dag.py:3033} INFO - Sync 1 DAGs
[2025-04-28T12:39:26.039+0000] {logging_mixin.py:188} INFO - [2025-04-28T12:39:26.039+0000] {dag.py:3820} INFO - Setting next_dagrun for example_sla_dag to 2025-04-28T12:36:00+00:00, run_after=2025-04-28T12:38:00+00:00
[2025-04-28T12:39:26.085+0000] {processor.py:183} INFO - Processing /home/airflow/.local/lib/python3.8/site-packages/airflow/example_dags/example_sla_dag.py took 0.229 seconds
[2025-04-28T12:39:57.381+0000] {processor.py:161} INFO - Started process (PID=10713) to work on /home/airflow/.local/lib/python3.8/site-packages/airflow/example_dags/example_sla_dag.py
[2025-04-28T12:39:57.387+0000] {processor.py:830} INFO - Processing file /home/airflow/.local/lib/python3.8/site-packages/airflow/example_dags/example_sla_dag.py for tasks to queue
[2025-04-28T12:39:57.389+0000] {logging_mixin.py:188} INFO - [2025-04-28T12:39:57.389+0000] {dagbag.py:538} INFO - Filling up the DagBag from /home/airflow/.local/lib/python3.8/site-packages/airflow/example_dags/example_sla_dag.py
[2025-04-28T12:39:57.420+0000] {processor.py:840} INFO - DAG(s) 'example_sla_dag' retrieved from /home/airflow/.local/lib/python3.8/site-packages/airflow/example_dags/example_sla_dag.py
[2025-04-28T12:39:57.500+0000] {logging_mixin.py:188} INFO - [2025-04-28T12:39:57.500+0000] {dag.py:3033} INFO - Sync 1 DAGs
[2025-04-28T12:39:57.564+0000] {logging_mixin.py:188} INFO - [2025-04-28T12:39:57.564+0000] {dag.py:3820} INFO - Setting next_dagrun for example_sla_dag to 2025-04-28T12:36:00+00:00, run_after=2025-04-28T12:38:00+00:00
[2025-04-28T12:39:57.606+0000] {processor.py:183} INFO - Processing /home/airflow/.local/lib/python3.8/site-packages/airflow/example_dags/example_sla_dag.py took 0.238 seconds
[2025-04-28T12:40:28.344+0000] {processor.py:161} INFO - Started process (PID=10770) to work on /home/airflow/.local/lib/python3.8/site-packages/airflow/example_dags/example_sla_dag.py
[2025-04-28T12:40:28.347+0000] {processor.py:830} INFO - Processing file /home/airflow/.local/lib/python3.8/site-packages/airflow/example_dags/example_sla_dag.py for tasks to queue
[2025-04-28T12:40:28.351+0000] {logging_mixin.py:188} INFO - [2025-04-28T12:40:28.350+0000] {dagbag.py:538} INFO - Filling up the DagBag from /home/airflow/.local/lib/python3.8/site-packages/airflow/example_dags/example_sla_dag.py
[2025-04-28T12:40:28.378+0000] {processor.py:840} INFO - DAG(s) 'example_sla_dag' retrieved from /home/airflow/.local/lib/python3.8/site-packages/airflow/example_dags/example_sla_dag.py
[2025-04-28T12:40:28.438+0000] {logging_mixin.py:188} INFO - [2025-04-28T12:40:28.437+0000] {dag.py:3033} INFO - Sync 1 DAGs
[2025-04-28T12:40:28.527+0000] {logging_mixin.py:188} INFO - [2025-04-28T12:40:28.527+0000] {dag.py:3820} INFO - Setting next_dagrun for example_sla_dag to 2025-04-28T12:38:00+00:00, run_after=2025-04-28T12:40:00+00:00
[2025-04-28T12:40:28.571+0000] {processor.py:183} INFO - Processing /home/airflow/.local/lib/python3.8/site-packages/airflow/example_dags/example_sla_dag.py took 0.236 seconds
[2025-04-28T12:40:59.051+0000] {processor.py:161} INFO - Started process (PID=10826) to work on /home/airflow/.local/lib/python3.8/site-packages/airflow/example_dags/example_sla_dag.py
[2025-04-28T12:40:59.054+0000] {processor.py:830} INFO - Processing file /home/airflow/.local/lib/python3.8/site-packages/airflow/example_dags/example_sla_dag.py for tasks to queue
[2025-04-28T12:40:59.056+0000] {logging_mixin.py:188} INFO - [2025-04-28T12:40:59.056+0000] {dagbag.py:538} INFO - Filling up the DagBag from /home/airflow/.local/lib/python3.8/site-packages/airflow/example_dags/example_sla_dag.py
[2025-04-28T12:40:59.089+0000] {processor.py:840} INFO - DAG(s) 'example_sla_dag' retrieved from /home/airflow/.local/lib/python3.8/site-packages/airflow/example_dags/example_sla_dag.py
[2025-04-28T12:40:59.156+0000] {logging_mixin.py:188} INFO - [2025-04-28T12:40:59.155+0000] {dag.py:3033} INFO - Sync 1 DAGs
[2025-04-28T12:40:59.263+0000] {logging_mixin.py:188} INFO - [2025-04-28T12:40:59.263+0000] {dag.py:3820} INFO - Setting next_dagrun for example_sla_dag to 2025-04-28T12:38:00+00:00, run_after=2025-04-28T12:40:00+00:00
[2025-04-28T12:40:59.346+0000] {processor.py:183} INFO - Processing /home/airflow/.local/lib/python3.8/site-packages/airflow/example_dags/example_sla_dag.py took 0.310 seconds
[2025-04-28T12:41:29.678+0000] {processor.py:161} INFO - Started process (PID=10882) to work on /home/airflow/.local/lib/python3.8/site-packages/airflow/example_dags/example_sla_dag.py
[2025-04-28T12:41:29.689+0000] {processor.py:830} INFO - Processing file /home/airflow/.local/lib/python3.8/site-packages/airflow/example_dags/example_sla_dag.py for tasks to queue
[2025-04-28T12:41:29.695+0000] {logging_mixin.py:188} INFO - [2025-04-28T12:41:29.694+0000] {dagbag.py:538} INFO - Filling up the DagBag from /home/airflow/.local/lib/python3.8/site-packages/airflow/example_dags/example_sla_dag.py
[2025-04-28T12:41:29.735+0000] {processor.py:840} INFO - DAG(s) 'example_sla_dag' retrieved from /home/airflow/.local/lib/python3.8/site-packages/airflow/example_dags/example_sla_dag.py
[2025-04-28T12:41:29.807+0000] {logging_mixin.py:188} INFO - [2025-04-28T12:41:29.807+0000] {dag.py:3033} INFO - Sync 1 DAGs
[2025-04-28T12:41:29.895+0000] {logging_mixin.py:188} INFO - [2025-04-28T12:41:29.895+0000] {dag.py:3820} INFO - Setting next_dagrun for example_sla_dag to 2025-04-28T12:38:00+00:00, run_after=2025-04-28T12:40:00+00:00
[2025-04-28T12:41:29.985+0000] {processor.py:183} INFO - Processing /home/airflow/.local/lib/python3.8/site-packages/airflow/example_dags/example_sla_dag.py took 0.328 seconds
[2025-04-28T12:42:02.983+0000] {processor.py:161} INFO - Started process (PID=10939) to work on /home/airflow/.local/lib/python3.8/site-packages/airflow/example_dags/example_sla_dag.py
[2025-04-28T12:42:02.985+0000] {processor.py:830} INFO - Processing file /home/airflow/.local/lib/python3.8/site-packages/airflow/example_dags/example_sla_dag.py for tasks to queue
[2025-04-28T12:42:02.987+0000] {logging_mixin.py:188} INFO - [2025-04-28T12:42:02.987+0000] {dagbag.py:538} INFO - Filling up the DagBag from /home/airflow/.local/lib/python3.8/site-packages/airflow/example_dags/example_sla_dag.py
[2025-04-28T12:42:03.010+0000] {processor.py:840} INFO - DAG(s) 'example_sla_dag' retrieved from /home/airflow/.local/lib/python3.8/site-packages/airflow/example_dags/example_sla_dag.py
[2025-04-28T12:42:03.060+0000] {logging_mixin.py:188} INFO - [2025-04-28T12:42:03.060+0000] {dag.py:3033} INFO - Sync 1 DAGs
[2025-04-28T12:42:03.138+0000] {logging_mixin.py:188} INFO - [2025-04-28T12:42:03.138+0000] {dag.py:3820} INFO - Setting next_dagrun for example_sla_dag to 2025-04-28T12:40:00+00:00, run_after=2025-04-28T12:42:00+00:00
[2025-04-28T12:42:03.181+0000] {processor.py:183} INFO - Processing /home/airflow/.local/lib/python3.8/site-packages/airflow/example_dags/example_sla_dag.py took 0.207 seconds
[2025-04-28T12:42:34.920+0000] {processor.py:161} INFO - Started process (PID=10995) to work on /home/airflow/.local/lib/python3.8/site-packages/airflow/example_dags/example_sla_dag.py
[2025-04-28T12:42:34.922+0000] {processor.py:830} INFO - Processing file /home/airflow/.local/lib/python3.8/site-packages/airflow/example_dags/example_sla_dag.py for tasks to queue
[2025-04-28T12:42:34.925+0000] {logging_mixin.py:188} INFO - [2025-04-28T12:42:34.924+0000] {dagbag.py:538} INFO - Filling up the DagBag from /home/airflow/.local/lib/python3.8/site-packages/airflow/example_dags/example_sla_dag.py
[2025-04-28T12:42:34.949+0000] {processor.py:840} INFO - DAG(s) 'example_sla_dag' retrieved from /home/airflow/.local/lib/python3.8/site-packages/airflow/example_dags/example_sla_dag.py
[2025-04-28T12:42:35.003+0000] {logging_mixin.py:188} INFO - [2025-04-28T12:42:35.003+0000] {dag.py:3033} INFO - Sync 1 DAGs
[2025-04-28T12:42:35.083+0000] {logging_mixin.py:188} INFO - [2025-04-28T12:42:35.083+0000] {dag.py:3820} INFO - Setting next_dagrun for example_sla_dag to 2025-04-28T12:40:00+00:00, run_after=2025-04-28T12:42:00+00:00
[2025-04-28T12:42:35.138+0000] {processor.py:183} INFO - Processing /home/airflow/.local/lib/python3.8/site-packages/airflow/example_dags/example_sla_dag.py took 0.227 seconds
[2025-04-28T12:43:08.477+0000] {processor.py:161} INFO - Started process (PID=11053) to work on /home/airflow/.local/lib/python3.8/site-packages/airflow/example_dags/example_sla_dag.py
[2025-04-28T12:43:08.480+0000] {processor.py:830} INFO - Processing file /home/airflow/.local/lib/python3.8/site-packages/airflow/example_dags/example_sla_dag.py for tasks to queue
[2025-04-28T12:43:08.482+0000] {logging_mixin.py:188} INFO - [2025-04-28T12:43:08.481+0000] {dagbag.py:538} INFO - Filling up the DagBag from /home/airflow/.local/lib/python3.8/site-packages/airflow/example_dags/example_sla_dag.py
[2025-04-28T12:43:08.505+0000] {processor.py:840} INFO - DAG(s) 'example_sla_dag' retrieved from /home/airflow/.local/lib/python3.8/site-packages/airflow/example_dags/example_sla_dag.py
[2025-04-28T12:43:08.559+0000] {logging_mixin.py:188} INFO - [2025-04-28T12:43:08.558+0000] {dag.py:3033} INFO - Sync 1 DAGs
[2025-04-28T12:43:08.644+0000] {logging_mixin.py:188} INFO - [2025-04-28T12:43:08.644+0000] {dag.py:3820} INFO - Setting next_dagrun for example_sla_dag to 2025-04-28T12:40:00+00:00, run_after=2025-04-28T12:42:00+00:00
[2025-04-28T12:43:08.692+0000] {processor.py:183} INFO - Processing /home/airflow/.local/lib/python3.8/site-packages/airflow/example_dags/example_sla_dag.py took 0.224 seconds
[2025-04-28T12:43:41.369+0000] {processor.py:161} INFO - Started process (PID=11110) to work on /home/airflow/.local/lib/python3.8/site-packages/airflow/example_dags/example_sla_dag.py
[2025-04-28T12:43:41.372+0000] {processor.py:830} INFO - Processing file /home/airflow/.local/lib/python3.8/site-packages/airflow/example_dags/example_sla_dag.py for tasks to queue
[2025-04-28T12:43:41.374+0000] {logging_mixin.py:188} INFO - [2025-04-28T12:43:41.374+0000] {dagbag.py:538} INFO - Filling up the DagBag from /home/airflow/.local/lib/python3.8/site-packages/airflow/example_dags/example_sla_dag.py
[2025-04-28T12:43:41.410+0000] {processor.py:840} INFO - DAG(s) 'example_sla_dag' retrieved from /home/airflow/.local/lib/python3.8/site-packages/airflow/example_dags/example_sla_dag.py
[2025-04-28T12:43:41.460+0000] {logging_mixin.py:188} INFO - [2025-04-28T12:43:41.459+0000] {dag.py:3033} INFO - Sync 1 DAGs
[2025-04-28T12:43:41.514+0000] {logging_mixin.py:188} INFO - [2025-04-28T12:43:41.514+0000] {dag.py:3820} INFO - Setting next_dagrun for example_sla_dag to 2025-04-28T12:40:00+00:00, run_after=2025-04-28T12:42:00+00:00
[2025-04-28T12:43:41.568+0000] {processor.py:183} INFO - Processing /home/airflow/.local/lib/python3.8/site-packages/airflow/example_dags/example_sla_dag.py took 0.208 seconds
[2025-04-28T12:44:13.517+0000] {processor.py:161} INFO - Started process (PID=11166) to work on /home/airflow/.local/lib/python3.8/site-packages/airflow/example_dags/example_sla_dag.py
[2025-04-28T12:44:13.519+0000] {processor.py:830} INFO - Processing file /home/airflow/.local/lib/python3.8/site-packages/airflow/example_dags/example_sla_dag.py for tasks to queue
[2025-04-28T12:44:13.521+0000] {logging_mixin.py:188} INFO - [2025-04-28T12:44:13.520+0000] {dagbag.py:538} INFO - Filling up the DagBag from /home/airflow/.local/lib/python3.8/site-packages/airflow/example_dags/example_sla_dag.py
[2025-04-28T12:44:13.546+0000] {processor.py:840} INFO - DAG(s) 'example_sla_dag' retrieved from /home/airflow/.local/lib/python3.8/site-packages/airflow/example_dags/example_sla_dag.py
[2025-04-28T12:44:13.601+0000] {logging_mixin.py:188} INFO - [2025-04-28T12:44:13.601+0000] {dag.py:3033} INFO - Sync 1 DAGs
[2025-04-28T12:44:13.668+0000] {logging_mixin.py:188} INFO - [2025-04-28T12:44:13.667+0000] {dag.py:3820} INFO - Setting next_dagrun for example_sla_dag to 2025-04-28T12:42:00+00:00, run_after=2025-04-28T12:44:00+00:00
[2025-04-28T12:44:13.706+0000] {processor.py:183} INFO - Processing /home/airflow/.local/lib/python3.8/site-packages/airflow/example_dags/example_sla_dag.py took 0.198 seconds
[2025-04-28T12:44:47.224+0000] {processor.py:161} INFO - Started process (PID=11226) to work on /home/airflow/.local/lib/python3.8/site-packages/airflow/example_dags/example_sla_dag.py
[2025-04-28T12:44:47.226+0000] {processor.py:830} INFO - Processing file /home/airflow/.local/lib/python3.8/site-packages/airflow/example_dags/example_sla_dag.py for tasks to queue
[2025-04-28T12:44:47.228+0000] {logging_mixin.py:188} INFO - [2025-04-28T12:44:47.228+0000] {dagbag.py:538} INFO - Filling up the DagBag from /home/airflow/.local/lib/python3.8/site-packages/airflow/example_dags/example_sla_dag.py
[2025-04-28T12:44:47.251+0000] {processor.py:840} INFO - DAG(s) 'example_sla_dag' retrieved from /home/airflow/.local/lib/python3.8/site-packages/airflow/example_dags/example_sla_dag.py
[2025-04-28T12:44:47.308+0000] {logging_mixin.py:188} INFO - [2025-04-28T12:44:47.308+0000] {dag.py:3033} INFO - Sync 1 DAGs
[2025-04-28T12:44:47.371+0000] {logging_mixin.py:188} INFO - [2025-04-28T12:44:47.371+0000] {dag.py:3820} INFO - Setting next_dagrun for example_sla_dag to 2025-04-28T12:42:00+00:00, run_after=2025-04-28T12:44:00+00:00
[2025-04-28T12:44:47.422+0000] {processor.py:183} INFO - Processing /home/airflow/.local/lib/python3.8/site-packages/airflow/example_dags/example_sla_dag.py took 0.206 seconds
[2025-04-28T12:45:17.809+0000] {processor.py:161} INFO - Started process (PID=11282) to work on /home/airflow/.local/lib/python3.8/site-packages/airflow/example_dags/example_sla_dag.py
[2025-04-28T12:45:17.812+0000] {processor.py:830} INFO - Processing file /home/airflow/.local/lib/python3.8/site-packages/airflow/example_dags/example_sla_dag.py for tasks to queue
[2025-04-28T12:45:17.817+0000] {logging_mixin.py:188} INFO - [2025-04-28T12:45:17.816+0000] {dagbag.py:538} INFO - Filling up the DagBag from /home/airflow/.local/lib/python3.8/site-packages/airflow/example_dags/example_sla_dag.py
[2025-04-28T12:45:17.846+0000] {processor.py:840} INFO - DAG(s) 'example_sla_dag' retrieved from /home/airflow/.local/lib/python3.8/site-packages/airflow/example_dags/example_sla_dag.py
[2025-04-28T12:45:17.902+0000] {logging_mixin.py:188} INFO - [2025-04-28T12:45:17.901+0000] {dag.py:3033} INFO - Sync 1 DAGs
[2025-04-28T12:45:17.979+0000] {logging_mixin.py:188} INFO - [2025-04-28T12:45:17.978+0000] {dag.py:3820} INFO - Setting next_dagrun for example_sla_dag to 2025-04-28T12:42:00+00:00, run_after=2025-04-28T12:44:00+00:00
[2025-04-28T12:45:18.034+0000] {processor.py:183} INFO - Processing /home/airflow/.local/lib/python3.8/site-packages/airflow/example_dags/example_sla_dag.py took 0.233 seconds
[2025-04-28T12:45:48.418+0000] {processor.py:161} INFO - Started process (PID=11338) to work on /home/airflow/.local/lib/python3.8/site-packages/airflow/example_dags/example_sla_dag.py
[2025-04-28T12:45:48.422+0000] {processor.py:830} INFO - Processing file /home/airflow/.local/lib/python3.8/site-packages/airflow/example_dags/example_sla_dag.py for tasks to queue
[2025-04-28T12:45:48.424+0000] {logging_mixin.py:188} INFO - [2025-04-28T12:45:48.424+0000] {dagbag.py:538} INFO - Filling up the DagBag from /home/airflow/.local/lib/python3.8/site-packages/airflow/example_dags/example_sla_dag.py
[2025-04-28T12:45:48.448+0000] {processor.py:840} INFO - DAG(s) 'example_sla_dag' retrieved from /home/airflow/.local/lib/python3.8/site-packages/airflow/example_dags/example_sla_dag.py
[2025-04-28T12:45:48.514+0000] {logging_mixin.py:188} INFO - [2025-04-28T12:45:48.514+0000] {dag.py:3033} INFO - Sync 1 DAGs
[2025-04-28T12:45:48.648+0000] {logging_mixin.py:188} INFO - [2025-04-28T12:45:48.647+0000] {dag.py:3820} INFO - Setting next_dagrun for example_sla_dag to 2025-04-28T12:42:00+00:00, run_after=2025-04-28T12:44:00+00:00
[2025-04-28T12:45:48.756+0000] {processor.py:183} INFO - Processing /home/airflow/.local/lib/python3.8/site-packages/airflow/example_dags/example_sla_dag.py took 0.345 seconds
[2025-04-28T12:46:19.522+0000] {processor.py:161} INFO - Started process (PID=11398) to work on /home/airflow/.local/lib/python3.8/site-packages/airflow/example_dags/example_sla_dag.py
[2025-04-28T12:46:19.524+0000] {processor.py:830} INFO - Processing file /home/airflow/.local/lib/python3.8/site-packages/airflow/example_dags/example_sla_dag.py for tasks to queue
[2025-04-28T12:46:19.535+0000] {logging_mixin.py:188} INFO - [2025-04-28T12:46:19.534+0000] {dagbag.py:538} INFO - Filling up the DagBag from /home/airflow/.local/lib/python3.8/site-packages/airflow/example_dags/example_sla_dag.py
[2025-04-28T12:46:19.598+0000] {processor.py:840} INFO - DAG(s) 'example_sla_dag' retrieved from /home/airflow/.local/lib/python3.8/site-packages/airflow/example_dags/example_sla_dag.py
[2025-04-28T12:46:19.678+0000] {logging_mixin.py:188} INFO - [2025-04-28T12:46:19.678+0000] {dag.py:3033} INFO - Sync 1 DAGs
[2025-04-28T12:46:19.805+0000] {logging_mixin.py:188} INFO - [2025-04-28T12:46:19.805+0000] {dag.py:3820} INFO - Setting next_dagrun for example_sla_dag to 2025-04-28T12:44:00+00:00, run_after=2025-04-28T12:46:00+00:00
[2025-04-28T12:46:19.900+0000] {processor.py:183} INFO - Processing /home/airflow/.local/lib/python3.8/site-packages/airflow/example_dags/example_sla_dag.py took 0.416 seconds
[2025-04-28T12:46:51.468+0000] {processor.py:161} INFO - Started process (PID=11458) to work on /home/airflow/.local/lib/python3.8/site-packages/airflow/example_dags/example_sla_dag.py
[2025-04-28T12:46:51.471+0000] {processor.py:830} INFO - Processing file /home/airflow/.local/lib/python3.8/site-packages/airflow/example_dags/example_sla_dag.py for tasks to queue
[2025-04-28T12:46:51.473+0000] {logging_mixin.py:188} INFO - [2025-04-28T12:46:51.472+0000] {dagbag.py:538} INFO - Filling up the DagBag from /home/airflow/.local/lib/python3.8/site-packages/airflow/example_dags/example_sla_dag.py
[2025-04-28T12:46:51.503+0000] {processor.py:840} INFO - DAG(s) 'example_sla_dag' retrieved from /home/airflow/.local/lib/python3.8/site-packages/airflow/example_dags/example_sla_dag.py
[2025-04-28T12:46:51.573+0000] {logging_mixin.py:188} INFO - [2025-04-28T12:46:51.572+0000] {dag.py:3033} INFO - Sync 1 DAGs
[2025-04-28T12:46:51.661+0000] {logging_mixin.py:188} INFO - [2025-04-28T12:46:51.661+0000] {dag.py:3820} INFO - Setting next_dagrun for example_sla_dag to 2025-04-28T12:44:00+00:00, run_after=2025-04-28T12:46:00+00:00
[2025-04-28T12:46:51.718+0000] {processor.py:183} INFO - Processing /home/airflow/.local/lib/python3.8/site-packages/airflow/example_dags/example_sla_dag.py took 0.267 seconds
[2025-04-28T12:47:22.758+0000] {processor.py:161} INFO - Started process (PID=11513) to work on /home/airflow/.local/lib/python3.8/site-packages/airflow/example_dags/example_sla_dag.py
[2025-04-28T12:47:22.761+0000] {processor.py:830} INFO - Processing file /home/airflow/.local/lib/python3.8/site-packages/airflow/example_dags/example_sla_dag.py for tasks to queue
[2025-04-28T12:47:22.763+0000] {logging_mixin.py:188} INFO - [2025-04-28T12:47:22.763+0000] {dagbag.py:538} INFO - Filling up the DagBag from /home/airflow/.local/lib/python3.8/site-packages/airflow/example_dags/example_sla_dag.py
[2025-04-28T12:47:22.795+0000] {processor.py:840} INFO - DAG(s) 'example_sla_dag' retrieved from /home/airflow/.local/lib/python3.8/site-packages/airflow/example_dags/example_sla_dag.py
[2025-04-28T12:47:22.845+0000] {logging_mixin.py:188} INFO - [2025-04-28T12:47:22.845+0000] {dag.py:3033} INFO - Sync 1 DAGs
[2025-04-28T12:47:22.907+0000] {logging_mixin.py:188} INFO - [2025-04-28T12:47:22.907+0000] {dag.py:3820} INFO - Setting next_dagrun for example_sla_dag to 2025-04-28T12:44:00+00:00, run_after=2025-04-28T12:46:00+00:00
[2025-04-28T12:47:22.959+0000] {processor.py:183} INFO - Processing /home/airflow/.local/lib/python3.8/site-packages/airflow/example_dags/example_sla_dag.py took 0.211 seconds
[2025-04-28T12:47:54.385+0000] {processor.py:161} INFO - Started process (PID=11570) to work on /home/airflow/.local/lib/python3.8/site-packages/airflow/example_dags/example_sla_dag.py
[2025-04-28T12:47:54.387+0000] {processor.py:830} INFO - Processing file /home/airflow/.local/lib/python3.8/site-packages/airflow/example_dags/example_sla_dag.py for tasks to queue
[2025-04-28T12:47:54.390+0000] {logging_mixin.py:188} INFO - [2025-04-28T12:47:54.389+0000] {dagbag.py:538} INFO - Filling up the DagBag from /home/airflow/.local/lib/python3.8/site-packages/airflow/example_dags/example_sla_dag.py
[2025-04-28T12:47:54.413+0000] {processor.py:840} INFO - DAG(s) 'example_sla_dag' retrieved from /home/airflow/.local/lib/python3.8/site-packages/airflow/example_dags/example_sla_dag.py
[2025-04-28T12:47:54.462+0000] {logging_mixin.py:188} INFO - [2025-04-28T12:47:54.461+0000] {dag.py:3033} INFO - Sync 1 DAGs
[2025-04-28T12:47:54.529+0000] {logging_mixin.py:188} INFO - [2025-04-28T12:47:54.528+0000] {dag.py:3820} INFO - Setting next_dagrun for example_sla_dag to 2025-04-28T12:44:00+00:00, run_after=2025-04-28T12:46:00+00:00
[2025-04-28T12:47:54.620+0000] {processor.py:183} INFO - Processing /home/airflow/.local/lib/python3.8/site-packages/airflow/example_dags/example_sla_dag.py took 0.245 seconds
[2025-04-28T12:48:25.261+0000] {processor.py:161} INFO - Started process (PID=11625) to work on /home/airflow/.local/lib/python3.8/site-packages/airflow/example_dags/example_sla_dag.py
[2025-04-28T12:48:25.264+0000] {processor.py:830} INFO - Processing file /home/airflow/.local/lib/python3.8/site-packages/airflow/example_dags/example_sla_dag.py for tasks to queue
[2025-04-28T12:48:25.267+0000] {logging_mixin.py:188} INFO - [2025-04-28T12:48:25.266+0000] {dagbag.py:538} INFO - Filling up the DagBag from /home/airflow/.local/lib/python3.8/site-packages/airflow/example_dags/example_sla_dag.py
[2025-04-28T12:48:25.288+0000] {processor.py:840} INFO - DAG(s) 'example_sla_dag' retrieved from /home/airflow/.local/lib/python3.8/site-packages/airflow/example_dags/example_sla_dag.py
[2025-04-28T12:48:25.341+0000] {logging_mixin.py:188} INFO - [2025-04-28T12:48:25.341+0000] {dag.py:3033} INFO - Sync 1 DAGs
[2025-04-28T12:48:25.421+0000] {logging_mixin.py:188} INFO - [2025-04-28T12:48:25.420+0000] {dag.py:3820} INFO - Setting next_dagrun for example_sla_dag to 2025-04-28T12:46:00+00:00, run_after=2025-04-28T12:48:00+00:00
[2025-04-28T12:48:25.526+0000] {processor.py:183} INFO - Processing /home/airflow/.local/lib/python3.8/site-packages/airflow/example_dags/example_sla_dag.py took 0.275 seconds
[2025-04-28T12:48:58.649+0000] {processor.py:161} INFO - Started process (PID=11680) to work on /home/airflow/.local/lib/python3.8/site-packages/airflow/example_dags/example_sla_dag.py
[2025-04-28T12:48:58.652+0000] {processor.py:830} INFO - Processing file /home/airflow/.local/lib/python3.8/site-packages/airflow/example_dags/example_sla_dag.py for tasks to queue
[2025-04-28T12:48:58.655+0000] {logging_mixin.py:188} INFO - [2025-04-28T12:48:58.654+0000] {dagbag.py:538} INFO - Filling up the DagBag from /home/airflow/.local/lib/python3.8/site-packages/airflow/example_dags/example_sla_dag.py
[2025-04-28T12:48:58.677+0000] {processor.py:840} INFO - DAG(s) 'example_sla_dag' retrieved from /home/airflow/.local/lib/python3.8/site-packages/airflow/example_dags/example_sla_dag.py
[2025-04-28T12:48:58.732+0000] {logging_mixin.py:188} INFO - [2025-04-28T12:48:58.732+0000] {dag.py:3033} INFO - Sync 1 DAGs
[2025-04-28T12:48:58.938+0000] {logging_mixin.py:188} INFO - [2025-04-28T12:48:58.937+0000] {dag.py:3820} INFO - Setting next_dagrun for example_sla_dag to 2025-04-28T12:46:00+00:00, run_after=2025-04-28T12:48:00+00:00
[2025-04-28T12:48:59.078+0000] {processor.py:183} INFO - Processing /home/airflow/.local/lib/python3.8/site-packages/airflow/example_dags/example_sla_dag.py took 0.438 seconds
[2025-04-28T12:49:32.143+0000] {processor.py:161} INFO - Started process (PID=11736) to work on /home/airflow/.local/lib/python3.8/site-packages/airflow/example_dags/example_sla_dag.py
[2025-04-28T12:49:32.199+0000] {processor.py:830} INFO - Processing file /home/airflow/.local/lib/python3.8/site-packages/airflow/example_dags/example_sla_dag.py for tasks to queue
[2025-04-28T12:49:32.331+0000] {logging_mixin.py:188} INFO - [2025-04-28T12:49:32.330+0000] {dagbag.py:538} INFO - Filling up the DagBag from /home/airflow/.local/lib/python3.8/site-packages/airflow/example_dags/example_sla_dag.py
[2025-04-28T12:49:32.441+0000] {processor.py:840} INFO - DAG(s) 'example_sla_dag' retrieved from /home/airflow/.local/lib/python3.8/site-packages/airflow/example_dags/example_sla_dag.py
[2025-04-28T12:49:32.603+0000] {logging_mixin.py:188} INFO - [2025-04-28T12:49:32.602+0000] {dag.py:3033} INFO - Sync 1 DAGs
[2025-04-28T12:49:32.861+0000] {logging_mixin.py:188} INFO - [2025-04-28T12:49:32.860+0000] {dag.py:3820} INFO - Setting next_dagrun for example_sla_dag to 2025-04-28T12:46:00+00:00, run_after=2025-04-28T12:48:00+00:00
[2025-04-28T12:49:33.061+0000] {processor.py:183} INFO - Processing /home/airflow/.local/lib/python3.8/site-packages/airflow/example_dags/example_sla_dag.py took 0.970 seconds
[2025-04-28T12:50:03.327+0000] {processor.py:161} INFO - Started process (PID=11792) to work on /home/airflow/.local/lib/python3.8/site-packages/airflow/example_dags/example_sla_dag.py
[2025-04-28T12:50:03.330+0000] {processor.py:830} INFO - Processing file /home/airflow/.local/lib/python3.8/site-packages/airflow/example_dags/example_sla_dag.py for tasks to queue
[2025-04-28T12:50:03.333+0000] {logging_mixin.py:188} INFO - [2025-04-28T12:50:03.332+0000] {dagbag.py:538} INFO - Filling up the DagBag from /home/airflow/.local/lib/python3.8/site-packages/airflow/example_dags/example_sla_dag.py
[2025-04-28T12:50:03.355+0000] {processor.py:840} INFO - DAG(s) 'example_sla_dag' retrieved from /home/airflow/.local/lib/python3.8/site-packages/airflow/example_dags/example_sla_dag.py
[2025-04-28T12:50:03.404+0000] {logging_mixin.py:188} INFO - [2025-04-28T12:50:03.403+0000] {dag.py:3033} INFO - Sync 1 DAGs
[2025-04-28T12:50:03.469+0000] {logging_mixin.py:188} INFO - [2025-04-28T12:50:03.469+0000] {dag.py:3820} INFO - Setting next_dagrun for example_sla_dag to 2025-04-28T12:48:00+00:00, run_after=2025-04-28T12:50:00+00:00
[2025-04-28T12:50:03.525+0000] {processor.py:183} INFO - Processing /home/airflow/.local/lib/python3.8/site-packages/airflow/example_dags/example_sla_dag.py took 0.220 seconds
[2025-04-28T12:50:36.095+0000] {processor.py:161} INFO - Started process (PID=11848) to work on /home/airflow/.local/lib/python3.8/site-packages/airflow/example_dags/example_sla_dag.py
[2025-04-28T12:50:36.113+0000] {processor.py:830} INFO - Processing file /home/airflow/.local/lib/python3.8/site-packages/airflow/example_dags/example_sla_dag.py for tasks to queue
[2025-04-28T12:50:36.124+0000] {logging_mixin.py:188} INFO - [2025-04-28T12:50:36.123+0000] {dagbag.py:538} INFO - Filling up the DagBag from /home/airflow/.local/lib/python3.8/site-packages/airflow/example_dags/example_sla_dag.py
[2025-04-28T12:50:36.207+0000] {processor.py:840} INFO - DAG(s) 'example_sla_dag' retrieved from /home/airflow/.local/lib/python3.8/site-packages/airflow/example_dags/example_sla_dag.py
[2025-04-28T12:50:36.312+0000] {logging_mixin.py:188} INFO - [2025-04-28T12:50:36.311+0000] {dag.py:3033} INFO - Sync 1 DAGs
[2025-04-28T12:50:36.537+0000] {logging_mixin.py:188} INFO - [2025-04-28T12:50:36.537+0000] {dag.py:3820} INFO - Setting next_dagrun for example_sla_dag to 2025-04-28T12:48:00+00:00, run_after=2025-04-28T12:50:00+00:00
[2025-04-28T12:50:36.640+0000] {processor.py:183} INFO - Processing /home/airflow/.local/lib/python3.8/site-packages/airflow/example_dags/example_sla_dag.py took 0.575 seconds
[2025-04-28T12:51:12.068+0000] {processor.py:161} INFO - Started process (PID=11905) to work on /home/airflow/.local/lib/python3.8/site-packages/airflow/example_dags/example_sla_dag.py
[2025-04-28T12:51:12.101+0000] {processor.py:830} INFO - Processing file /home/airflow/.local/lib/python3.8/site-packages/airflow/example_dags/example_sla_dag.py for tasks to queue
[2025-04-28T12:51:12.111+0000] {logging_mixin.py:188} INFO - [2025-04-28T12:51:12.110+0000] {dagbag.py:538} INFO - Filling up the DagBag from /home/airflow/.local/lib/python3.8/site-packages/airflow/example_dags/example_sla_dag.py
[2025-04-28T12:51:12.178+0000] {processor.py:840} INFO - DAG(s) 'example_sla_dag' retrieved from /home/airflow/.local/lib/python3.8/site-packages/airflow/example_dags/example_sla_dag.py
[2025-04-28T12:51:12.334+0000] {logging_mixin.py:188} INFO - [2025-04-28T12:51:12.334+0000] {dag.py:3033} INFO - Sync 1 DAGs
[2025-04-28T12:51:12.571+0000] {logging_mixin.py:188} INFO - [2025-04-28T12:51:12.568+0000] {dag.py:3820} INFO - Setting next_dagrun for example_sla_dag to 2025-04-28T12:48:00+00:00, run_after=2025-04-28T12:50:00+00:00
[2025-04-28T12:51:12.845+0000] {processor.py:183} INFO - Processing /home/airflow/.local/lib/python3.8/site-packages/airflow/example_dags/example_sla_dag.py took 0.789 seconds
[2025-04-28T12:51:43.002+0000] {processor.py:161} INFO - Started process (PID=11961) to work on /home/airflow/.local/lib/python3.8/site-packages/airflow/example_dags/example_sla_dag.py
[2025-04-28T12:51:43.005+0000] {processor.py:830} INFO - Processing file /home/airflow/.local/lib/python3.8/site-packages/airflow/example_dags/example_sla_dag.py for tasks to queue
[2025-04-28T12:51:43.008+0000] {logging_mixin.py:188} INFO - [2025-04-28T12:51:43.007+0000] {dagbag.py:538} INFO - Filling up the DagBag from /home/airflow/.local/lib/python3.8/site-packages/airflow/example_dags/example_sla_dag.py
[2025-04-28T12:51:43.052+0000] {processor.py:840} INFO - DAG(s) 'example_sla_dag' retrieved from /home/airflow/.local/lib/python3.8/site-packages/airflow/example_dags/example_sla_dag.py
[2025-04-28T12:51:43.166+0000] {logging_mixin.py:188} INFO - [2025-04-28T12:51:43.162+0000] {dag.py:3033} INFO - Sync 1 DAGs
[2025-04-28T12:51:43.435+0000] {logging_mixin.py:188} INFO - [2025-04-28T12:51:43.434+0000] {dag.py:3820} INFO - Setting next_dagrun for example_sla_dag to 2025-04-28T12:48:00+00:00, run_after=2025-04-28T12:50:00+00:00
[2025-04-28T12:51:43.499+0000] {processor.py:183} INFO - Processing /home/airflow/.local/lib/python3.8/site-packages/airflow/example_dags/example_sla_dag.py took 0.506 seconds
[2025-04-28T12:52:13.940+0000] {processor.py:161} INFO - Started process (PID=12017) to work on /home/airflow/.local/lib/python3.8/site-packages/airflow/example_dags/example_sla_dag.py
[2025-04-28T12:52:13.942+0000] {processor.py:830} INFO - Processing file /home/airflow/.local/lib/python3.8/site-packages/airflow/example_dags/example_sla_dag.py for tasks to queue
[2025-04-28T12:52:13.945+0000] {logging_mixin.py:188} INFO - [2025-04-28T12:52:13.944+0000] {dagbag.py:538} INFO - Filling up the DagBag from /home/airflow/.local/lib/python3.8/site-packages/airflow/example_dags/example_sla_dag.py
[2025-04-28T12:52:13.970+0000] {processor.py:840} INFO - DAG(s) 'example_sla_dag' retrieved from /home/airflow/.local/lib/python3.8/site-packages/airflow/example_dags/example_sla_dag.py
[2025-04-28T12:52:14.016+0000] {logging_mixin.py:188} INFO - [2025-04-28T12:52:14.016+0000] {dag.py:3033} INFO - Sync 1 DAGs
[2025-04-28T12:52:14.144+0000] {logging_mixin.py:188} INFO - [2025-04-28T12:52:14.143+0000] {dag.py:3820} INFO - Setting next_dagrun for example_sla_dag to 2025-04-28T12:50:00+00:00, run_after=2025-04-28T12:52:00+00:00
[2025-04-28T12:52:14.200+0000] {processor.py:183} INFO - Processing /home/airflow/.local/lib/python3.8/site-packages/airflow/example_dags/example_sla_dag.py took 0.269 seconds
[2025-04-28T12:52:46.894+0000] {processor.py:161} INFO - Started process (PID=12074) to work on /home/airflow/.local/lib/python3.8/site-packages/airflow/example_dags/example_sla_dag.py
[2025-04-28T12:52:46.896+0000] {processor.py:830} INFO - Processing file /home/airflow/.local/lib/python3.8/site-packages/airflow/example_dags/example_sla_dag.py for tasks to queue
[2025-04-28T12:52:46.898+0000] {logging_mixin.py:188} INFO - [2025-04-28T12:52:46.898+0000] {dagbag.py:538} INFO - Filling up the DagBag from /home/airflow/.local/lib/python3.8/site-packages/airflow/example_dags/example_sla_dag.py
[2025-04-28T12:52:46.922+0000] {processor.py:840} INFO - DAG(s) 'example_sla_dag' retrieved from /home/airflow/.local/lib/python3.8/site-packages/airflow/example_dags/example_sla_dag.py
[2025-04-28T12:52:46.978+0000] {logging_mixin.py:188} INFO - [2025-04-28T12:52:46.977+0000] {dag.py:3033} INFO - Sync 1 DAGs
[2025-04-28T12:52:47.064+0000] {logging_mixin.py:188} INFO - [2025-04-28T12:52:47.063+0000] {dag.py:3820} INFO - Setting next_dagrun for example_sla_dag to 2025-04-28T12:50:00+00:00, run_after=2025-04-28T12:52:00+00:00
[2025-04-28T12:52:47.114+0000] {processor.py:183} INFO - Processing /home/airflow/.local/lib/python3.8/site-packages/airflow/example_dags/example_sla_dag.py took 0.229 seconds
[2025-04-28T12:53:19.589+0000] {processor.py:161} INFO - Started process (PID=12130) to work on /home/airflow/.local/lib/python3.8/site-packages/airflow/example_dags/example_sla_dag.py
[2025-04-28T12:53:19.597+0000] {processor.py:830} INFO - Processing file /home/airflow/.local/lib/python3.8/site-packages/airflow/example_dags/example_sla_dag.py for tasks to queue
[2025-04-28T12:53:19.600+0000] {logging_mixin.py:188} INFO - [2025-04-28T12:53:19.599+0000] {dagbag.py:538} INFO - Filling up the DagBag from /home/airflow/.local/lib/python3.8/site-packages/airflow/example_dags/example_sla_dag.py
[2025-04-28T12:53:19.683+0000] {processor.py:840} INFO - DAG(s) 'example_sla_dag' retrieved from /home/airflow/.local/lib/python3.8/site-packages/airflow/example_dags/example_sla_dag.py
[2025-04-28T12:53:19.834+0000] {logging_mixin.py:188} INFO - [2025-04-28T12:53:19.833+0000] {dag.py:3033} INFO - Sync 1 DAGs
[2025-04-28T12:53:20.085+0000] {logging_mixin.py:188} INFO - [2025-04-28T12:53:20.085+0000] {dag.py:3820} INFO - Setting next_dagrun for example_sla_dag to 2025-04-28T12:50:00+00:00, run_after=2025-04-28T12:52:00+00:00
[2025-04-28T12:53:20.208+0000] {processor.py:183} INFO - Processing /home/airflow/.local/lib/python3.8/site-packages/airflow/example_dags/example_sla_dag.py took 0.638 seconds
[2025-04-28T12:53:53.058+0000] {processor.py:161} INFO - Started process (PID=12187) to work on /home/airflow/.local/lib/python3.8/site-packages/airflow/example_dags/example_sla_dag.py
[2025-04-28T12:53:53.063+0000] {processor.py:830} INFO - Processing file /home/airflow/.local/lib/python3.8/site-packages/airflow/example_dags/example_sla_dag.py for tasks to queue
[2025-04-28T12:53:53.067+0000] {logging_mixin.py:188} INFO - [2025-04-28T12:53:53.066+0000] {dagbag.py:538} INFO - Filling up the DagBag from /home/airflow/.local/lib/python3.8/site-packages/airflow/example_dags/example_sla_dag.py
[2025-04-28T12:53:53.099+0000] {processor.py:840} INFO - DAG(s) 'example_sla_dag' retrieved from /home/airflow/.local/lib/python3.8/site-packages/airflow/example_dags/example_sla_dag.py
[2025-04-28T12:53:53.196+0000] {logging_mixin.py:188} INFO - [2025-04-28T12:53:53.195+0000] {dag.py:3033} INFO - Sync 1 DAGs
[2025-04-28T12:53:53.318+0000] {logging_mixin.py:188} INFO - [2025-04-28T12:53:53.317+0000] {dag.py:3820} INFO - Setting next_dagrun for example_sla_dag to 2025-04-28T12:50:00+00:00, run_after=2025-04-28T12:52:00+00:00
[2025-04-28T12:53:53.391+0000] {processor.py:183} INFO - Processing /home/airflow/.local/lib/python3.8/site-packages/airflow/example_dags/example_sla_dag.py took 0.353 seconds
[2025-04-28T12:54:24.698+0000] {processor.py:161} INFO - Started process (PID=12243) to work on /home/airflow/.local/lib/python3.8/site-packages/airflow/example_dags/example_sla_dag.py
[2025-04-28T12:54:24.701+0000] {processor.py:830} INFO - Processing file /home/airflow/.local/lib/python3.8/site-packages/airflow/example_dags/example_sla_dag.py for tasks to queue
[2025-04-28T12:54:24.706+0000] {logging_mixin.py:188} INFO - [2025-04-28T12:54:24.705+0000] {dagbag.py:538} INFO - Filling up the DagBag from /home/airflow/.local/lib/python3.8/site-packages/airflow/example_dags/example_sla_dag.py
[2025-04-28T12:54:24.751+0000] {processor.py:840} INFO - DAG(s) 'example_sla_dag' retrieved from /home/airflow/.local/lib/python3.8/site-packages/airflow/example_dags/example_sla_dag.py
[2025-04-28T12:54:24.874+0000] {logging_mixin.py:188} INFO - [2025-04-28T12:54:24.874+0000] {dag.py:3033} INFO - Sync 1 DAGs
[2025-04-28T12:54:24.925+0000] {logging_mixin.py:188} INFO - [2025-04-28T12:54:24.925+0000] {dag.py:3820} INFO - Setting next_dagrun for example_sla_dag to 2025-04-28T12:52:00+00:00, run_after=2025-04-28T12:54:00+00:00
[2025-04-28T12:54:24.965+0000] {processor.py:183} INFO - Processing /home/airflow/.local/lib/python3.8/site-packages/airflow/example_dags/example_sla_dag.py took 0.285 seconds
[2025-04-28T12:54:57.913+0000] {processor.py:161} INFO - Started process (PID=12299) to work on /home/airflow/.local/lib/python3.8/site-packages/airflow/example_dags/example_sla_dag.py
[2025-04-28T12:54:57.915+0000] {processor.py:830} INFO - Processing file /home/airflow/.local/lib/python3.8/site-packages/airflow/example_dags/example_sla_dag.py for tasks to queue
[2025-04-28T12:54:57.917+0000] {logging_mixin.py:188} INFO - [2025-04-28T12:54:57.916+0000] {dagbag.py:538} INFO - Filling up the DagBag from /home/airflow/.local/lib/python3.8/site-packages/airflow/example_dags/example_sla_dag.py
[2025-04-28T12:54:57.932+0000] {processor.py:840} INFO - DAG(s) 'example_sla_dag' retrieved from /home/airflow/.local/lib/python3.8/site-packages/airflow/example_dags/example_sla_dag.py
[2025-04-28T12:54:57.972+0000] {logging_mixin.py:188} INFO - [2025-04-28T12:54:57.972+0000] {dag.py:3033} INFO - Sync 1 DAGs
[2025-04-28T12:54:58.040+0000] {logging_mixin.py:188} INFO - [2025-04-28T12:54:58.039+0000] {dag.py:3820} INFO - Setting next_dagrun for example_sla_dag to 2025-04-28T12:52:00+00:00, run_after=2025-04-28T12:54:00+00:00
[2025-04-28T12:54:58.077+0000] {processor.py:183} INFO - Processing /home/airflow/.local/lib/python3.8/site-packages/airflow/example_dags/example_sla_dag.py took 0.169 seconds
[2025-04-28T12:55:30.421+0000] {processor.py:161} INFO - Started process (PID=12356) to work on /home/airflow/.local/lib/python3.8/site-packages/airflow/example_dags/example_sla_dag.py
[2025-04-28T12:55:30.425+0000] {processor.py:830} INFO - Processing file /home/airflow/.local/lib/python3.8/site-packages/airflow/example_dags/example_sla_dag.py for tasks to queue
[2025-04-28T12:55:30.429+0000] {logging_mixin.py:188} INFO - [2025-04-28T12:55:30.427+0000] {dagbag.py:538} INFO - Filling up the DagBag from /home/airflow/.local/lib/python3.8/site-packages/airflow/example_dags/example_sla_dag.py
[2025-04-28T12:55:30.465+0000] {processor.py:840} INFO - DAG(s) 'example_sla_dag' retrieved from /home/airflow/.local/lib/python3.8/site-packages/airflow/example_dags/example_sla_dag.py
[2025-04-28T12:55:30.527+0000] {logging_mixin.py:188} INFO - [2025-04-28T12:55:30.526+0000] {dag.py:3033} INFO - Sync 1 DAGs
[2025-04-28T12:55:30.687+0000] {logging_mixin.py:188} INFO - [2025-04-28T12:55:30.686+0000] {dag.py:3820} INFO - Setting next_dagrun for example_sla_dag to 2025-04-28T12:52:00+00:00, run_after=2025-04-28T12:54:00+00:00
[2025-04-28T12:55:30.842+0000] {processor.py:183} INFO - Processing /home/airflow/.local/lib/python3.8/site-packages/airflow/example_dags/example_sla_dag.py took 0.435 seconds
[2025-04-28T12:56:04.632+0000] {processor.py:161} INFO - Started process (PID=12412) to work on /home/airflow/.local/lib/python3.8/site-packages/airflow/example_dags/example_sla_dag.py
[2025-04-28T12:56:04.634+0000] {processor.py:830} INFO - Processing file /home/airflow/.local/lib/python3.8/site-packages/airflow/example_dags/example_sla_dag.py for tasks to queue
[2025-04-28T12:56:04.637+0000] {logging_mixin.py:188} INFO - [2025-04-28T12:56:04.637+0000] {dagbag.py:538} INFO - Filling up the DagBag from /home/airflow/.local/lib/python3.8/site-packages/airflow/example_dags/example_sla_dag.py
[2025-04-28T12:56:04.664+0000] {processor.py:840} INFO - DAG(s) 'example_sla_dag' retrieved from /home/airflow/.local/lib/python3.8/site-packages/airflow/example_dags/example_sla_dag.py
[2025-04-28T12:56:04.720+0000] {logging_mixin.py:188} INFO - [2025-04-28T12:56:04.720+0000] {dag.py:3033} INFO - Sync 1 DAGs
[2025-04-28T12:56:04.851+0000] {logging_mixin.py:188} INFO - [2025-04-28T12:56:04.851+0000] {dag.py:3820} INFO - Setting next_dagrun for example_sla_dag to 2025-04-28T12:54:00+00:00, run_after=2025-04-28T12:56:00+00:00
[2025-04-28T12:56:04.910+0000] {processor.py:183} INFO - Processing /home/airflow/.local/lib/python3.8/site-packages/airflow/example_dags/example_sla_dag.py took 0.286 seconds
[2025-04-28T12:56:37.215+0000] {processor.py:161} INFO - Started process (PID=12468) to work on /home/airflow/.local/lib/python3.8/site-packages/airflow/example_dags/example_sla_dag.py
[2025-04-28T12:56:37.218+0000] {processor.py:830} INFO - Processing file /home/airflow/.local/lib/python3.8/site-packages/airflow/example_dags/example_sla_dag.py for tasks to queue
[2025-04-28T12:56:37.220+0000] {logging_mixin.py:188} INFO - [2025-04-28T12:56:37.219+0000] {dagbag.py:538} INFO - Filling up the DagBag from /home/airflow/.local/lib/python3.8/site-packages/airflow/example_dags/example_sla_dag.py
[2025-04-28T12:56:37.252+0000] {processor.py:840} INFO - DAG(s) 'example_sla_dag' retrieved from /home/airflow/.local/lib/python3.8/site-packages/airflow/example_dags/example_sla_dag.py
[2025-04-28T12:56:37.317+0000] {logging_mixin.py:188} INFO - [2025-04-28T12:56:37.316+0000] {dag.py:3033} INFO - Sync 1 DAGs
[2025-04-28T12:56:37.405+0000] {logging_mixin.py:188} INFO - [2025-04-28T12:56:37.405+0000] {dag.py:3820} INFO - Setting next_dagrun for example_sla_dag to 2025-04-28T12:54:00+00:00, run_after=2025-04-28T12:56:00+00:00
[2025-04-28T12:56:37.515+0000] {processor.py:183} INFO - Processing /home/airflow/.local/lib/python3.8/site-packages/airflow/example_dags/example_sla_dag.py took 0.316 seconds
[2025-04-28T12:57:08.835+0000] {processor.py:161} INFO - Started process (PID=12524) to work on /home/airflow/.local/lib/python3.8/site-packages/airflow/example_dags/example_sla_dag.py
[2025-04-28T12:57:08.837+0000] {processor.py:830} INFO - Processing file /home/airflow/.local/lib/python3.8/site-packages/airflow/example_dags/example_sla_dag.py for tasks to queue
[2025-04-28T12:57:08.840+0000] {logging_mixin.py:188} INFO - [2025-04-28T12:57:08.839+0000] {dagbag.py:538} INFO - Filling up the DagBag from /home/airflow/.local/lib/python3.8/site-packages/airflow/example_dags/example_sla_dag.py
[2025-04-28T12:57:08.862+0000] {processor.py:840} INFO - DAG(s) 'example_sla_dag' retrieved from /home/airflow/.local/lib/python3.8/site-packages/airflow/example_dags/example_sla_dag.py
[2025-04-28T12:57:08.927+0000] {logging_mixin.py:188} INFO - [2025-04-28T12:57:08.926+0000] {dag.py:3033} INFO - Sync 1 DAGs
[2025-04-28T12:57:09.012+0000] {logging_mixin.py:188} INFO - [2025-04-28T12:57:09.011+0000] {dag.py:3820} INFO - Setting next_dagrun for example_sla_dag to 2025-04-28T12:54:00+00:00, run_after=2025-04-28T12:56:00+00:00
[2025-04-28T12:57:09.071+0000] {processor.py:183} INFO - Processing /home/airflow/.local/lib/python3.8/site-packages/airflow/example_dags/example_sla_dag.py took 0.245 seconds
[2025-04-28T12:57:40.847+0000] {processor.py:161} INFO - Started process (PID=12580) to work on /home/airflow/.local/lib/python3.8/site-packages/airflow/example_dags/example_sla_dag.py
[2025-04-28T12:57:40.849+0000] {processor.py:830} INFO - Processing file /home/airflow/.local/lib/python3.8/site-packages/airflow/example_dags/example_sla_dag.py for tasks to queue
[2025-04-28T12:57:40.852+0000] {logging_mixin.py:188} INFO - [2025-04-28T12:57:40.851+0000] {dagbag.py:538} INFO - Filling up the DagBag from /home/airflow/.local/lib/python3.8/site-packages/airflow/example_dags/example_sla_dag.py
[2025-04-28T12:57:40.870+0000] {processor.py:840} INFO - DAG(s) 'example_sla_dag' retrieved from /home/airflow/.local/lib/python3.8/site-packages/airflow/example_dags/example_sla_dag.py
[2025-04-28T12:57:40.922+0000] {logging_mixin.py:188} INFO - [2025-04-28T12:57:40.921+0000] {dag.py:3033} INFO - Sync 1 DAGs
[2025-04-28T12:57:40.992+0000] {logging_mixin.py:188} INFO - [2025-04-28T12:57:40.992+0000] {dag.py:3820} INFO - Setting next_dagrun for example_sla_dag to 2025-04-28T12:54:00+00:00, run_after=2025-04-28T12:56:00+00:00
[2025-04-28T12:57:41.046+0000] {processor.py:183} INFO - Processing /home/airflow/.local/lib/python3.8/site-packages/airflow/example_dags/example_sla_dag.py took 0.207 seconds
[2025-04-28T12:58:15.296+0000] {processor.py:161} INFO - Started process (PID=12636) to work on /home/airflow/.local/lib/python3.8/site-packages/airflow/example_dags/example_sla_dag.py
[2025-04-28T12:58:15.301+0000] {processor.py:830} INFO - Processing file /home/airflow/.local/lib/python3.8/site-packages/airflow/example_dags/example_sla_dag.py for tasks to queue
[2025-04-28T12:58:15.304+0000] {logging_mixin.py:188} INFO - [2025-04-28T12:58:15.303+0000] {dagbag.py:538} INFO - Filling up the DagBag from /home/airflow/.local/lib/python3.8/site-packages/airflow/example_dags/example_sla_dag.py
[2025-04-28T12:58:15.336+0000] {processor.py:840} INFO - DAG(s) 'example_sla_dag' retrieved from /home/airflow/.local/lib/python3.8/site-packages/airflow/example_dags/example_sla_dag.py
[2025-04-28T12:58:15.405+0000] {logging_mixin.py:188} INFO - [2025-04-28T12:58:15.405+0000] {dag.py:3033} INFO - Sync 1 DAGs
[2025-04-28T12:58:15.528+0000] {logging_mixin.py:188} INFO - [2025-04-28T12:58:15.527+0000] {dag.py:3820} INFO - Setting next_dagrun for example_sla_dag to 2025-04-28T12:56:00+00:00, run_after=2025-04-28T12:58:00+00:00
[2025-04-28T12:58:15.608+0000] {processor.py:183} INFO - Processing /home/airflow/.local/lib/python3.8/site-packages/airflow/example_dags/example_sla_dag.py took 0.323 seconds
[2025-04-28T12:58:55.016+0000] {processor.py:161} INFO - Started process (PID=12698) to work on /home/airflow/.local/lib/python3.8/site-packages/airflow/example_dags/example_sla_dag.py
[2025-04-28T12:58:55.032+0000] {processor.py:830} INFO - Processing file /home/airflow/.local/lib/python3.8/site-packages/airflow/example_dags/example_sla_dag.py for tasks to queue
[2025-04-28T12:58:55.060+0000] {logging_mixin.py:188} INFO - [2025-04-28T12:58:55.059+0000] {dagbag.py:538} INFO - Filling up the DagBag from /home/airflow/.local/lib/python3.8/site-packages/airflow/example_dags/example_sla_dag.py
[2025-04-28T12:58:55.179+0000] {processor.py:840} INFO - DAG(s) 'example_sla_dag' retrieved from /home/airflow/.local/lib/python3.8/site-packages/airflow/example_dags/example_sla_dag.py
[2025-04-28T12:58:55.468+0000] {logging_mixin.py:188} INFO - [2025-04-28T12:58:55.468+0000] {dag.py:3033} INFO - Sync 1 DAGs
[2025-04-28T12:58:55.822+0000] {logging_mixin.py:188} INFO - [2025-04-28T12:58:55.822+0000] {dag.py:3820} INFO - Setting next_dagrun for example_sla_dag to 2025-04-28T12:56:00+00:00, run_after=2025-04-28T12:58:00+00:00
[2025-04-28T12:58:56.049+0000] {processor.py:183} INFO - Processing /home/airflow/.local/lib/python3.8/site-packages/airflow/example_dags/example_sla_dag.py took 1.065 seconds
[2025-04-28T12:59:26.589+0000] {processor.py:161} INFO - Started process (PID=12754) to work on /home/airflow/.local/lib/python3.8/site-packages/airflow/example_dags/example_sla_dag.py
[2025-04-28T12:59:26.593+0000] {processor.py:830} INFO - Processing file /home/airflow/.local/lib/python3.8/site-packages/airflow/example_dags/example_sla_dag.py for tasks to queue
[2025-04-28T12:59:26.598+0000] {logging_mixin.py:188} INFO - [2025-04-28T12:59:26.597+0000] {dagbag.py:538} INFO - Filling up the DagBag from /home/airflow/.local/lib/python3.8/site-packages/airflow/example_dags/example_sla_dag.py
[2025-04-28T12:59:26.648+0000] {processor.py:840} INFO - DAG(s) 'example_sla_dag' retrieved from /home/airflow/.local/lib/python3.8/site-packages/airflow/example_dags/example_sla_dag.py
[2025-04-28T12:59:26.749+0000] {logging_mixin.py:188} INFO - [2025-04-28T12:59:26.748+0000] {dag.py:3033} INFO - Sync 1 DAGs
[2025-04-28T12:59:26.819+0000] {logging_mixin.py:188} INFO - [2025-04-28T12:59:26.818+0000] {dag.py:3820} INFO - Setting next_dagrun for example_sla_dag to 2025-04-28T12:56:00+00:00, run_after=2025-04-28T12:58:00+00:00
[2025-04-28T12:59:26.866+0000] {processor.py:183} INFO - Processing /home/airflow/.local/lib/python3.8/site-packages/airflow/example_dags/example_sla_dag.py took 0.299 seconds
[2025-04-28T12:59:58.274+0000] {processor.py:161} INFO - Started process (PID=12810) to work on /home/airflow/.local/lib/python3.8/site-packages/airflow/example_dags/example_sla_dag.py
[2025-04-28T12:59:58.279+0000] {processor.py:830} INFO - Processing file /home/airflow/.local/lib/python3.8/site-packages/airflow/example_dags/example_sla_dag.py for tasks to queue
[2025-04-28T12:59:58.282+0000] {logging_mixin.py:188} INFO - [2025-04-28T12:59:58.282+0000] {dagbag.py:538} INFO - Filling up the DagBag from /home/airflow/.local/lib/python3.8/site-packages/airflow/example_dags/example_sla_dag.py
[2025-04-28T12:59:58.318+0000] {processor.py:840} INFO - DAG(s) 'example_sla_dag' retrieved from /home/airflow/.local/lib/python3.8/site-packages/airflow/example_dags/example_sla_dag.py
[2025-04-28T12:59:58.384+0000] {logging_mixin.py:188} INFO - [2025-04-28T12:59:58.383+0000] {dag.py:3033} INFO - Sync 1 DAGs
[2025-04-28T12:59:58.520+0000] {logging_mixin.py:188} INFO - [2025-04-28T12:59:58.519+0000] {dag.py:3820} INFO - Setting next_dagrun for example_sla_dag to 2025-04-28T12:56:00+00:00, run_after=2025-04-28T12:58:00+00:00
[2025-04-28T12:59:58.609+0000] {processor.py:183} INFO - Processing /home/airflow/.local/lib/python3.8/site-packages/airflow/example_dags/example_sla_dag.py took 0.352 seconds
[2025-04-28T13:00:30.011+0000] {processor.py:161} INFO - Started process (PID=12866) to work on /home/airflow/.local/lib/python3.8/site-packages/airflow/example_dags/example_sla_dag.py
[2025-04-28T13:00:30.013+0000] {processor.py:830} INFO - Processing file /home/airflow/.local/lib/python3.8/site-packages/airflow/example_dags/example_sla_dag.py for tasks to queue
[2025-04-28T13:00:30.016+0000] {logging_mixin.py:188} INFO - [2025-04-28T13:00:30.015+0000] {dagbag.py:538} INFO - Filling up the DagBag from /home/airflow/.local/lib/python3.8/site-packages/airflow/example_dags/example_sla_dag.py
[2025-04-28T13:00:30.047+0000] {processor.py:840} INFO - DAG(s) 'example_sla_dag' retrieved from /home/airflow/.local/lib/python3.8/site-packages/airflow/example_dags/example_sla_dag.py
[2025-04-28T13:00:30.125+0000] {logging_mixin.py:188} INFO - [2025-04-28T13:00:30.124+0000] {dag.py:3033} INFO - Sync 1 DAGs
[2025-04-28T13:00:30.237+0000] {logging_mixin.py:188} INFO - [2025-04-28T13:00:30.236+0000] {dag.py:3820} INFO - Setting next_dagrun for example_sla_dag to 2025-04-28T12:58:00+00:00, run_after=2025-04-28T13:00:00+00:00
[2025-04-28T13:00:30.489+0000] {processor.py:183} INFO - Processing /home/airflow/.local/lib/python3.8/site-packages/airflow/example_dags/example_sla_dag.py took 0.488 seconds
[2025-04-28T13:01:01.330+0000] {processor.py:161} INFO - Started process (PID=12922) to work on /home/airflow/.local/lib/python3.8/site-packages/airflow/example_dags/example_sla_dag.py
[2025-04-28T13:01:01.333+0000] {processor.py:830} INFO - Processing file /home/airflow/.local/lib/python3.8/site-packages/airflow/example_dags/example_sla_dag.py for tasks to queue
[2025-04-28T13:01:01.335+0000] {logging_mixin.py:188} INFO - [2025-04-28T13:01:01.334+0000] {dagbag.py:538} INFO - Filling up the DagBag from /home/airflow/.local/lib/python3.8/site-packages/airflow/example_dags/example_sla_dag.py
[2025-04-28T13:01:01.362+0000] {processor.py:840} INFO - DAG(s) 'example_sla_dag' retrieved from /home/airflow/.local/lib/python3.8/site-packages/airflow/example_dags/example_sla_dag.py
[2025-04-28T13:01:01.419+0000] {logging_mixin.py:188} INFO - [2025-04-28T13:01:01.418+0000] {dag.py:3033} INFO - Sync 1 DAGs
[2025-04-28T13:01:01.485+0000] {logging_mixin.py:188} INFO - [2025-04-28T13:01:01.484+0000] {dag.py:3820} INFO - Setting next_dagrun for example_sla_dag to 2025-04-28T12:58:00+00:00, run_after=2025-04-28T13:00:00+00:00
[2025-04-28T13:01:01.541+0000] {processor.py:183} INFO - Processing /home/airflow/.local/lib/python3.8/site-packages/airflow/example_dags/example_sla_dag.py took 0.218 seconds
[2025-04-28T13:01:32.583+0000] {processor.py:161} INFO - Started process (PID=12978) to work on /home/airflow/.local/lib/python3.8/site-packages/airflow/example_dags/example_sla_dag.py
[2025-04-28T13:01:32.587+0000] {processor.py:830} INFO - Processing file /home/airflow/.local/lib/python3.8/site-packages/airflow/example_dags/example_sla_dag.py for tasks to queue
[2025-04-28T13:01:32.592+0000] {logging_mixin.py:188} INFO - [2025-04-28T13:01:32.590+0000] {dagbag.py:538} INFO - Filling up the DagBag from /home/airflow/.local/lib/python3.8/site-packages/airflow/example_dags/example_sla_dag.py
[2025-04-28T13:01:32.644+0000] {processor.py:840} INFO - DAG(s) 'example_sla_dag' retrieved from /home/airflow/.local/lib/python3.8/site-packages/airflow/example_dags/example_sla_dag.py
[2025-04-28T13:01:32.803+0000] {logging_mixin.py:188} INFO - [2025-04-28T13:01:32.803+0000] {dag.py:3033} INFO - Sync 1 DAGs
[2025-04-28T13:01:32.943+0000] {logging_mixin.py:188} INFO - [2025-04-28T13:01:32.943+0000] {dag.py:3820} INFO - Setting next_dagrun for example_sla_dag to 2025-04-28T12:58:00+00:00, run_after=2025-04-28T13:00:00+00:00
[2025-04-28T13:01:33.013+0000] {processor.py:183} INFO - Processing /home/airflow/.local/lib/python3.8/site-packages/airflow/example_dags/example_sla_dag.py took 0.443 seconds
[2025-04-28T13:02:06.545+0000] {processor.py:161} INFO - Started process (PID=13034) to work on /home/airflow/.local/lib/python3.8/site-packages/airflow/example_dags/example_sla_dag.py
[2025-04-28T13:02:06.547+0000] {processor.py:830} INFO - Processing file /home/airflow/.local/lib/python3.8/site-packages/airflow/example_dags/example_sla_dag.py for tasks to queue
[2025-04-28T13:02:06.550+0000] {logging_mixin.py:188} INFO - [2025-04-28T13:02:06.549+0000] {dagbag.py:538} INFO - Filling up the DagBag from /home/airflow/.local/lib/python3.8/site-packages/airflow/example_dags/example_sla_dag.py
[2025-04-28T13:02:06.578+0000] {processor.py:840} INFO - DAG(s) 'example_sla_dag' retrieved from /home/airflow/.local/lib/python3.8/site-packages/airflow/example_dags/example_sla_dag.py
[2025-04-28T13:02:06.631+0000] {logging_mixin.py:188} INFO - [2025-04-28T13:02:06.631+0000] {dag.py:3033} INFO - Sync 1 DAGs
[2025-04-28T13:02:06.736+0000] {logging_mixin.py:188} INFO - [2025-04-28T13:02:06.736+0000] {dag.py:3820} INFO - Setting next_dagrun for example_sla_dag to 2025-04-28T13:00:00+00:00, run_after=2025-04-28T13:02:00+00:00
[2025-04-28T13:02:06.781+0000] {processor.py:183} INFO - Processing /home/airflow/.local/lib/python3.8/site-packages/airflow/example_dags/example_sla_dag.py took 0.247 seconds
[2025-04-28T13:02:43.194+0000] {processor.py:161} INFO - Started process (PID=13088) to work on /home/airflow/.local/lib/python3.8/site-packages/airflow/example_dags/example_sla_dag.py
[2025-04-28T13:02:43.207+0000] {processor.py:830} INFO - Processing file /home/airflow/.local/lib/python3.8/site-packages/airflow/example_dags/example_sla_dag.py for tasks to queue
[2025-04-28T13:02:43.257+0000] {logging_mixin.py:188} INFO - [2025-04-28T13:02:43.256+0000] {dagbag.py:538} INFO - Filling up the DagBag from /home/airflow/.local/lib/python3.8/site-packages/airflow/example_dags/example_sla_dag.py
[2025-04-28T13:02:43.385+0000] {processor.py:840} INFO - DAG(s) 'example_sla_dag' retrieved from /home/airflow/.local/lib/python3.8/site-packages/airflow/example_dags/example_sla_dag.py
[2025-04-28T13:02:43.581+0000] {logging_mixin.py:188} INFO - [2025-04-28T13:02:43.580+0000] {dag.py:3033} INFO - Sync 1 DAGs
[2025-04-28T13:02:43.691+0000] {logging_mixin.py:188} INFO - [2025-04-28T13:02:43.690+0000] {dag.py:3820} INFO - Setting next_dagrun for example_sla_dag to 2025-04-28T13:00:00+00:00, run_after=2025-04-28T13:02:00+00:00
[2025-04-28T13:02:43.774+0000] {processor.py:183} INFO - Processing /home/airflow/.local/lib/python3.8/site-packages/airflow/example_dags/example_sla_dag.py took 0.601 seconds
[2025-04-28T13:03:17.879+0000] {processor.py:161} INFO - Started process (PID=13144) to work on /home/airflow/.local/lib/python3.8/site-packages/airflow/example_dags/example_sla_dag.py
[2025-04-28T13:03:17.887+0000] {processor.py:830} INFO - Processing file /home/airflow/.local/lib/python3.8/site-packages/airflow/example_dags/example_sla_dag.py for tasks to queue
[2025-04-28T13:03:17.894+0000] {logging_mixin.py:188} INFO - [2025-04-28T13:03:17.894+0000] {dagbag.py:538} INFO - Filling up the DagBag from /home/airflow/.local/lib/python3.8/site-packages/airflow/example_dags/example_sla_dag.py
[2025-04-28T13:03:17.985+0000] {processor.py:840} INFO - DAG(s) 'example_sla_dag' retrieved from /home/airflow/.local/lib/python3.8/site-packages/airflow/example_dags/example_sla_dag.py
[2025-04-28T13:03:18.172+0000] {logging_mixin.py:188} INFO - [2025-04-28T13:03:18.171+0000] {dag.py:3033} INFO - Sync 1 DAGs
[2025-04-28T13:03:18.585+0000] {logging_mixin.py:188} INFO - [2025-04-28T13:03:18.585+0000] {dag.py:3820} INFO - Setting next_dagrun for example_sla_dag to 2025-04-28T13:00:00+00:00, run_after=2025-04-28T13:02:00+00:00
[2025-04-28T13:03:18.781+0000] {processor.py:183} INFO - Processing /home/airflow/.local/lib/python3.8/site-packages/airflow/example_dags/example_sla_dag.py took 0.933 seconds
[2025-04-28T13:03:49.611+0000] {processor.py:161} INFO - Started process (PID=13200) to work on /home/airflow/.local/lib/python3.8/site-packages/airflow/example_dags/example_sla_dag.py
[2025-04-28T13:03:49.614+0000] {processor.py:830} INFO - Processing file /home/airflow/.local/lib/python3.8/site-packages/airflow/example_dags/example_sla_dag.py for tasks to queue
[2025-04-28T13:03:49.617+0000] {logging_mixin.py:188} INFO - [2025-04-28T13:03:49.616+0000] {dagbag.py:538} INFO - Filling up the DagBag from /home/airflow/.local/lib/python3.8/site-packages/airflow/example_dags/example_sla_dag.py
[2025-04-28T13:03:49.655+0000] {processor.py:840} INFO - DAG(s) 'example_sla_dag' retrieved from /home/airflow/.local/lib/python3.8/site-packages/airflow/example_dags/example_sla_dag.py
[2025-04-28T13:03:49.712+0000] {logging_mixin.py:188} INFO - [2025-04-28T13:03:49.712+0000] {dag.py:3033} INFO - Sync 1 DAGs
[2025-04-28T13:03:49.792+0000] {logging_mixin.py:188} INFO - [2025-04-28T13:03:49.791+0000] {dag.py:3820} INFO - Setting next_dagrun for example_sla_dag to 2025-04-28T13:00:00+00:00, run_after=2025-04-28T13:02:00+00:00
[2025-04-28T13:03:49.845+0000] {processor.py:183} INFO - Processing /home/airflow/.local/lib/python3.8/site-packages/airflow/example_dags/example_sla_dag.py took 0.252 seconds
[2025-04-28T13:04:20.933+0000] {processor.py:161} INFO - Started process (PID=13256) to work on /home/airflow/.local/lib/python3.8/site-packages/airflow/example_dags/example_sla_dag.py
[2025-04-28T13:04:20.935+0000] {processor.py:830} INFO - Processing file /home/airflow/.local/lib/python3.8/site-packages/airflow/example_dags/example_sla_dag.py for tasks to queue
[2025-04-28T13:04:20.942+0000] {logging_mixin.py:188} INFO - [2025-04-28T13:04:20.941+0000] {dagbag.py:538} INFO - Filling up the DagBag from /home/airflow/.local/lib/python3.8/site-packages/airflow/example_dags/example_sla_dag.py
[2025-04-28T13:04:20.976+0000] {processor.py:840} INFO - DAG(s) 'example_sla_dag' retrieved from /home/airflow/.local/lib/python3.8/site-packages/airflow/example_dags/example_sla_dag.py
[2025-04-28T13:04:21.078+0000] {logging_mixin.py:188} INFO - [2025-04-28T13:04:21.078+0000] {dag.py:3033} INFO - Sync 1 DAGs
[2025-04-28T13:04:21.185+0000] {logging_mixin.py:188} INFO - [2025-04-28T13:04:21.184+0000] {dag.py:3820} INFO - Setting next_dagrun for example_sla_dag to 2025-04-28T13:02:00+00:00, run_after=2025-04-28T13:04:00+00:00
[2025-04-28T13:04:21.270+0000] {processor.py:183} INFO - Processing /home/airflow/.local/lib/python3.8/site-packages/airflow/example_dags/example_sla_dag.py took 0.353 seconds
[2025-04-28T13:04:51.498+0000] {processor.py:161} INFO - Started process (PID=13311) to work on /home/airflow/.local/lib/python3.8/site-packages/airflow/example_dags/example_sla_dag.py
[2025-04-28T13:04:51.501+0000] {processor.py:830} INFO - Processing file /home/airflow/.local/lib/python3.8/site-packages/airflow/example_dags/example_sla_dag.py for tasks to queue
[2025-04-28T13:04:51.504+0000] {logging_mixin.py:188} INFO - [2025-04-28T13:04:51.503+0000] {dagbag.py:538} INFO - Filling up the DagBag from /home/airflow/.local/lib/python3.8/site-packages/airflow/example_dags/example_sla_dag.py
[2025-04-28T13:04:51.556+0000] {processor.py:840} INFO - DAG(s) 'example_sla_dag' retrieved from /home/airflow/.local/lib/python3.8/site-packages/airflow/example_dags/example_sla_dag.py
[2025-04-28T13:04:51.707+0000] {logging_mixin.py:188} INFO - [2025-04-28T13:04:51.699+0000] {dag.py:3033} INFO - Sync 1 DAGs
[2025-04-28T13:04:51.879+0000] {logging_mixin.py:188} INFO - [2025-04-28T13:04:51.879+0000] {dag.py:3820} INFO - Setting next_dagrun for example_sla_dag to 2025-04-28T13:02:00+00:00, run_after=2025-04-28T13:04:00+00:00
[2025-04-28T13:04:51.992+0000] {processor.py:183} INFO - Processing /home/airflow/.local/lib/python3.8/site-packages/airflow/example_dags/example_sla_dag.py took 0.512 seconds
[2025-04-28T13:05:22.660+0000] {processor.py:161} INFO - Started process (PID=13368) to work on /home/airflow/.local/lib/python3.8/site-packages/airflow/example_dags/example_sla_dag.py
[2025-04-28T13:05:22.662+0000] {processor.py:830} INFO - Processing file /home/airflow/.local/lib/python3.8/site-packages/airflow/example_dags/example_sla_dag.py for tasks to queue
[2025-04-28T13:05:22.664+0000] {logging_mixin.py:188} INFO - [2025-04-28T13:05:22.664+0000] {dagbag.py:538} INFO - Filling up the DagBag from /home/airflow/.local/lib/python3.8/site-packages/airflow/example_dags/example_sla_dag.py
[2025-04-28T13:05:22.689+0000] {processor.py:840} INFO - DAG(s) 'example_sla_dag' retrieved from /home/airflow/.local/lib/python3.8/site-packages/airflow/example_dags/example_sla_dag.py
[2025-04-28T13:05:22.772+0000] {logging_mixin.py:188} INFO - [2025-04-28T13:05:22.772+0000] {dag.py:3033} INFO - Sync 1 DAGs
[2025-04-28T13:05:22.874+0000] {logging_mixin.py:188} INFO - [2025-04-28T13:05:22.874+0000] {dag.py:3820} INFO - Setting next_dagrun for example_sla_dag to 2025-04-28T13:02:00+00:00, run_after=2025-04-28T13:04:00+00:00
[2025-04-28T13:05:22.929+0000] {processor.py:183} INFO - Processing /home/airflow/.local/lib/python3.8/site-packages/airflow/example_dags/example_sla_dag.py took 0.283 seconds
[2025-04-28T13:05:54.028+0000] {processor.py:161} INFO - Started process (PID=13425) to work on /home/airflow/.local/lib/python3.8/site-packages/airflow/example_dags/example_sla_dag.py
[2025-04-28T13:05:54.033+0000] {processor.py:830} INFO - Processing file /home/airflow/.local/lib/python3.8/site-packages/airflow/example_dags/example_sla_dag.py for tasks to queue
[2025-04-28T13:05:54.044+0000] {logging_mixin.py:188} INFO - [2025-04-28T13:05:54.043+0000] {dagbag.py:538} INFO - Filling up the DagBag from /home/airflow/.local/lib/python3.8/site-packages/airflow/example_dags/example_sla_dag.py
[2025-04-28T13:05:54.066+0000] {processor.py:840} INFO - DAG(s) 'example_sla_dag' retrieved from /home/airflow/.local/lib/python3.8/site-packages/airflow/example_dags/example_sla_dag.py
[2025-04-28T13:05:54.107+0000] {logging_mixin.py:188} INFO - [2025-04-28T13:05:54.107+0000] {dag.py:3033} INFO - Sync 1 DAGs
[2025-04-28T13:05:54.164+0000] {logging_mixin.py:188} INFO - [2025-04-28T13:05:54.164+0000] {dag.py:3820} INFO - Setting next_dagrun for example_sla_dag to 2025-04-28T13:02:00+00:00, run_after=2025-04-28T13:04:00+00:00
[2025-04-28T13:05:54.215+0000] {processor.py:183} INFO - Processing /home/airflow/.local/lib/python3.8/site-packages/airflow/example_dags/example_sla_dag.py took 0.197 seconds
[2025-04-28T13:06:25.859+0000] {processor.py:161} INFO - Started process (PID=13481) to work on /home/airflow/.local/lib/python3.8/site-packages/airflow/example_dags/example_sla_dag.py
[2025-04-28T13:06:25.861+0000] {processor.py:830} INFO - Processing file /home/airflow/.local/lib/python3.8/site-packages/airflow/example_dags/example_sla_dag.py for tasks to queue
[2025-04-28T13:06:25.864+0000] {logging_mixin.py:188} INFO - [2025-04-28T13:06:25.863+0000] {dagbag.py:538} INFO - Filling up the DagBag from /home/airflow/.local/lib/python3.8/site-packages/airflow/example_dags/example_sla_dag.py
[2025-04-28T13:06:25.884+0000] {processor.py:840} INFO - DAG(s) 'example_sla_dag' retrieved from /home/airflow/.local/lib/python3.8/site-packages/airflow/example_dags/example_sla_dag.py
[2025-04-28T13:06:25.929+0000] {logging_mixin.py:188} INFO - [2025-04-28T13:06:25.928+0000] {dag.py:3033} INFO - Sync 1 DAGs
[2025-04-28T13:06:25.992+0000] {logging_mixin.py:188} INFO - [2025-04-28T13:06:25.992+0000] {dag.py:3820} INFO - Setting next_dagrun for example_sla_dag to 2025-04-28T13:04:00+00:00, run_after=2025-04-28T13:06:00+00:00
[2025-04-28T13:06:26.045+0000] {processor.py:183} INFO - Processing /home/airflow/.local/lib/python3.8/site-packages/airflow/example_dags/example_sla_dag.py took 0.193 seconds
[2025-04-28T13:06:58.089+0000] {processor.py:161} INFO - Started process (PID=13537) to work on /home/airflow/.local/lib/python3.8/site-packages/airflow/example_dags/example_sla_dag.py
[2025-04-28T13:06:58.092+0000] {processor.py:830} INFO - Processing file /home/airflow/.local/lib/python3.8/site-packages/airflow/example_dags/example_sla_dag.py for tasks to queue
[2025-04-28T13:06:58.095+0000] {logging_mixin.py:188} INFO - [2025-04-28T13:06:58.094+0000] {dagbag.py:538} INFO - Filling up the DagBag from /home/airflow/.local/lib/python3.8/site-packages/airflow/example_dags/example_sla_dag.py
[2025-04-28T13:06:58.118+0000] {processor.py:840} INFO - DAG(s) 'example_sla_dag' retrieved from /home/airflow/.local/lib/python3.8/site-packages/airflow/example_dags/example_sla_dag.py
[2025-04-28T13:06:58.165+0000] {logging_mixin.py:188} INFO - [2025-04-28T13:06:58.164+0000] {dag.py:3033} INFO - Sync 1 DAGs
[2025-04-28T13:06:58.233+0000] {logging_mixin.py:188} INFO - [2025-04-28T13:06:58.233+0000] {dag.py:3820} INFO - Setting next_dagrun for example_sla_dag to 2025-04-28T13:04:00+00:00, run_after=2025-04-28T13:06:00+00:00
[2025-04-28T13:06:58.303+0000] {processor.py:183} INFO - Processing /home/airflow/.local/lib/python3.8/site-packages/airflow/example_dags/example_sla_dag.py took 0.220 seconds
[2025-04-28T13:07:28.938+0000] {processor.py:161} INFO - Started process (PID=13591) to work on /home/airflow/.local/lib/python3.8/site-packages/airflow/example_dags/example_sla_dag.py
[2025-04-28T13:07:28.940+0000] {processor.py:830} INFO - Processing file /home/airflow/.local/lib/python3.8/site-packages/airflow/example_dags/example_sla_dag.py for tasks to queue
[2025-04-28T13:07:28.942+0000] {logging_mixin.py:188} INFO - [2025-04-28T13:07:28.941+0000] {dagbag.py:538} INFO - Filling up the DagBag from /home/airflow/.local/lib/python3.8/site-packages/airflow/example_dags/example_sla_dag.py
[2025-04-28T13:07:28.964+0000] {processor.py:840} INFO - DAG(s) 'example_sla_dag' retrieved from /home/airflow/.local/lib/python3.8/site-packages/airflow/example_dags/example_sla_dag.py
[2025-04-28T13:07:29.014+0000] {logging_mixin.py:188} INFO - [2025-04-28T13:07:29.013+0000] {dag.py:3033} INFO - Sync 1 DAGs
[2025-04-28T13:07:29.085+0000] {logging_mixin.py:188} INFO - [2025-04-28T13:07:29.084+0000] {dag.py:3820} INFO - Setting next_dagrun for example_sla_dag to 2025-04-28T13:04:00+00:00, run_after=2025-04-28T13:06:00+00:00
[2025-04-28T13:07:29.133+0000] {processor.py:183} INFO - Processing /home/airflow/.local/lib/python3.8/site-packages/airflow/example_dags/example_sla_dag.py took 0.204 seconds
[2025-04-28T13:07:59.344+0000] {processor.py:161} INFO - Started process (PID=13647) to work on /home/airflow/.local/lib/python3.8/site-packages/airflow/example_dags/example_sla_dag.py
[2025-04-28T13:07:59.346+0000] {processor.py:830} INFO - Processing file /home/airflow/.local/lib/python3.8/site-packages/airflow/example_dags/example_sla_dag.py for tasks to queue
[2025-04-28T13:07:59.347+0000] {logging_mixin.py:188} INFO - [2025-04-28T13:07:59.347+0000] {dagbag.py:538} INFO - Filling up the DagBag from /home/airflow/.local/lib/python3.8/site-packages/airflow/example_dags/example_sla_dag.py
[2025-04-28T13:07:59.365+0000] {processor.py:840} INFO - DAG(s) 'example_sla_dag' retrieved from /home/airflow/.local/lib/python3.8/site-packages/airflow/example_dags/example_sla_dag.py
[2025-04-28T13:07:59.420+0000] {logging_mixin.py:188} INFO - [2025-04-28T13:07:59.419+0000] {dag.py:3033} INFO - Sync 1 DAGs
[2025-04-28T13:07:59.513+0000] {logging_mixin.py:188} INFO - [2025-04-28T13:07:59.512+0000] {dag.py:3820} INFO - Setting next_dagrun for example_sla_dag to 2025-04-28T13:04:00+00:00, run_after=2025-04-28T13:06:00+00:00
[2025-04-28T13:07:59.562+0000] {processor.py:183} INFO - Processing /home/airflow/.local/lib/python3.8/site-packages/airflow/example_dags/example_sla_dag.py took 0.225 seconds
[2025-04-28T13:08:30.062+0000] {processor.py:161} INFO - Started process (PID=13703) to work on /home/airflow/.local/lib/python3.8/site-packages/airflow/example_dags/example_sla_dag.py
[2025-04-28T13:08:30.065+0000] {processor.py:830} INFO - Processing file /home/airflow/.local/lib/python3.8/site-packages/airflow/example_dags/example_sla_dag.py for tasks to queue
[2025-04-28T13:08:30.067+0000] {logging_mixin.py:188} INFO - [2025-04-28T13:08:30.067+0000] {dagbag.py:538} INFO - Filling up the DagBag from /home/airflow/.local/lib/python3.8/site-packages/airflow/example_dags/example_sla_dag.py
[2025-04-28T13:08:30.097+0000] {processor.py:840} INFO - DAG(s) 'example_sla_dag' retrieved from /home/airflow/.local/lib/python3.8/site-packages/airflow/example_dags/example_sla_dag.py
[2025-04-28T13:08:30.149+0000] {logging_mixin.py:188} INFO - [2025-04-28T13:08:30.149+0000] {dag.py:3033} INFO - Sync 1 DAGs
[2025-04-28T13:08:30.254+0000] {logging_mixin.py:188} INFO - [2025-04-28T13:08:30.254+0000] {dag.py:3820} INFO - Setting next_dagrun for example_sla_dag to 2025-04-28T13:06:00+00:00, run_after=2025-04-28T13:08:00+00:00
[2025-04-28T13:08:30.304+0000] {processor.py:183} INFO - Processing /home/airflow/.local/lib/python3.8/site-packages/airflow/example_dags/example_sla_dag.py took 0.252 seconds
[2025-04-28T13:09:00.478+0000] {processor.py:161} INFO - Started process (PID=13760) to work on /home/airflow/.local/lib/python3.8/site-packages/airflow/example_dags/example_sla_dag.py
[2025-04-28T13:09:00.480+0000] {processor.py:830} INFO - Processing file /home/airflow/.local/lib/python3.8/site-packages/airflow/example_dags/example_sla_dag.py for tasks to queue
[2025-04-28T13:09:00.484+0000] {logging_mixin.py:188} INFO - [2025-04-28T13:09:00.483+0000] {dagbag.py:538} INFO - Filling up the DagBag from /home/airflow/.local/lib/python3.8/site-packages/airflow/example_dags/example_sla_dag.py
[2025-04-28T13:09:00.508+0000] {processor.py:840} INFO - DAG(s) 'example_sla_dag' retrieved from /home/airflow/.local/lib/python3.8/site-packages/airflow/example_dags/example_sla_dag.py
[2025-04-28T13:09:00.575+0000] {logging_mixin.py:188} INFO - [2025-04-28T13:09:00.575+0000] {dag.py:3033} INFO - Sync 1 DAGs
[2025-04-28T13:09:00.653+0000] {logging_mixin.py:188} INFO - [2025-04-28T13:09:00.653+0000] {dag.py:3820} INFO - Setting next_dagrun for example_sla_dag to 2025-04-28T13:06:00+00:00, run_after=2025-04-28T13:08:00+00:00
[2025-04-28T13:09:00.809+0000] {processor.py:183} INFO - Processing /home/airflow/.local/lib/python3.8/site-packages/airflow/example_dags/example_sla_dag.py took 0.342 seconds
[2025-04-28T13:09:31.105+0000] {processor.py:161} INFO - Started process (PID=13817) to work on /home/airflow/.local/lib/python3.8/site-packages/airflow/example_dags/example_sla_dag.py
[2025-04-28T13:09:31.118+0000] {processor.py:830} INFO - Processing file /home/airflow/.local/lib/python3.8/site-packages/airflow/example_dags/example_sla_dag.py for tasks to queue
[2025-04-28T13:09:31.137+0000] {logging_mixin.py:188} INFO - [2025-04-28T13:09:31.137+0000] {dagbag.py:538} INFO - Filling up the DagBag from /home/airflow/.local/lib/python3.8/site-packages/airflow/example_dags/example_sla_dag.py
[2025-04-28T13:09:31.214+0000] {processor.py:840} INFO - DAG(s) 'example_sla_dag' retrieved from /home/airflow/.local/lib/python3.8/site-packages/airflow/example_dags/example_sla_dag.py
[2025-04-28T13:09:31.346+0000] {logging_mixin.py:188} INFO - [2025-04-28T13:09:31.346+0000] {dag.py:3033} INFO - Sync 1 DAGs
[2025-04-28T13:09:31.570+0000] {logging_mixin.py:188} INFO - [2025-04-28T13:09:31.569+0000] {dag.py:3820} INFO - Setting next_dagrun for example_sla_dag to 2025-04-28T13:06:00+00:00, run_after=2025-04-28T13:08:00+00:00
[2025-04-28T13:09:31.662+0000] {processor.py:183} INFO - Processing /home/airflow/.local/lib/python3.8/site-packages/airflow/example_dags/example_sla_dag.py took 0.575 seconds
[2025-04-28T13:10:01.831+0000] {processor.py:161} INFO - Started process (PID=13873) to work on /home/airflow/.local/lib/python3.8/site-packages/airflow/example_dags/example_sla_dag.py
[2025-04-28T13:10:01.833+0000] {processor.py:830} INFO - Processing file /home/airflow/.local/lib/python3.8/site-packages/airflow/example_dags/example_sla_dag.py for tasks to queue
[2025-04-28T13:10:01.836+0000] {logging_mixin.py:188} INFO - [2025-04-28T13:10:01.835+0000] {dagbag.py:538} INFO - Filling up the DagBag from /home/airflow/.local/lib/python3.8/site-packages/airflow/example_dags/example_sla_dag.py
[2025-04-28T13:10:01.860+0000] {processor.py:840} INFO - DAG(s) 'example_sla_dag' retrieved from /home/airflow/.local/lib/python3.8/site-packages/airflow/example_dags/example_sla_dag.py
[2025-04-28T13:10:01.909+0000] {logging_mixin.py:188} INFO - [2025-04-28T13:10:01.909+0000] {dag.py:3033} INFO - Sync 1 DAGs
[2025-04-28T13:10:01.974+0000] {logging_mixin.py:188} INFO - [2025-04-28T13:10:01.974+0000] {dag.py:3820} INFO - Setting next_dagrun for example_sla_dag to 2025-04-28T13:08:00+00:00, run_after=2025-04-28T13:10:00+00:00
[2025-04-28T13:10:02.033+0000] {processor.py:183} INFO - Processing /home/airflow/.local/lib/python3.8/site-packages/airflow/example_dags/example_sla_dag.py took 0.209 seconds
[2025-04-28T13:10:32.185+0000] {processor.py:161} INFO - Started process (PID=13928) to work on /home/airflow/.local/lib/python3.8/site-packages/airflow/example_dags/example_sla_dag.py
[2025-04-28T13:10:32.187+0000] {processor.py:830} INFO - Processing file /home/airflow/.local/lib/python3.8/site-packages/airflow/example_dags/example_sla_dag.py for tasks to queue
[2025-04-28T13:10:32.189+0000] {logging_mixin.py:188} INFO - [2025-04-28T13:10:32.188+0000] {dagbag.py:538} INFO - Filling up the DagBag from /home/airflow/.local/lib/python3.8/site-packages/airflow/example_dags/example_sla_dag.py
[2025-04-28T13:10:32.209+0000] {processor.py:840} INFO - DAG(s) 'example_sla_dag' retrieved from /home/airflow/.local/lib/python3.8/site-packages/airflow/example_dags/example_sla_dag.py
[2025-04-28T13:10:32.256+0000] {logging_mixin.py:188} INFO - [2025-04-28T13:10:32.255+0000] {dag.py:3033} INFO - Sync 1 DAGs
[2025-04-28T13:10:32.307+0000] {logging_mixin.py:188} INFO - [2025-04-28T13:10:32.307+0000] {dag.py:3820} INFO - Setting next_dagrun for example_sla_dag to 2025-04-28T13:08:00+00:00, run_after=2025-04-28T13:10:00+00:00
[2025-04-28T13:10:32.357+0000] {processor.py:183} INFO - Processing /home/airflow/.local/lib/python3.8/site-packages/airflow/example_dags/example_sla_dag.py took 0.179 seconds
[2025-04-28T13:11:02.755+0000] {processor.py:161} INFO - Started process (PID=13984) to work on /home/airflow/.local/lib/python3.8/site-packages/airflow/example_dags/example_sla_dag.py
[2025-04-28T13:11:02.767+0000] {processor.py:830} INFO - Processing file /home/airflow/.local/lib/python3.8/site-packages/airflow/example_dags/example_sla_dag.py for tasks to queue
[2025-04-28T13:11:02.770+0000] {logging_mixin.py:188} INFO - [2025-04-28T13:11:02.769+0000] {dagbag.py:538} INFO - Filling up the DagBag from /home/airflow/.local/lib/python3.8/site-packages/airflow/example_dags/example_sla_dag.py
[2025-04-28T13:11:02.823+0000] {processor.py:840} INFO - DAG(s) 'example_sla_dag' retrieved from /home/airflow/.local/lib/python3.8/site-packages/airflow/example_dags/example_sla_dag.py
[2025-04-28T13:11:02.901+0000] {logging_mixin.py:188} INFO - [2025-04-28T13:11:02.900+0000] {dag.py:3033} INFO - Sync 1 DAGs
[2025-04-28T13:11:02.994+0000] {logging_mixin.py:188} INFO - [2025-04-28T13:11:02.993+0000] {dag.py:3820} INFO - Setting next_dagrun for example_sla_dag to 2025-04-28T13:08:00+00:00, run_after=2025-04-28T13:10:00+00:00
[2025-04-28T13:11:03.044+0000] {processor.py:183} INFO - Processing /home/airflow/.local/lib/python3.8/site-packages/airflow/example_dags/example_sla_dag.py took 0.323 seconds
[2025-04-28T13:11:36.730+0000] {processor.py:161} INFO - Started process (PID=14040) to work on /home/airflow/.local/lib/python3.8/site-packages/airflow/example_dags/example_sla_dag.py
[2025-04-28T13:11:36.732+0000] {processor.py:830} INFO - Processing file /home/airflow/.local/lib/python3.8/site-packages/airflow/example_dags/example_sla_dag.py for tasks to queue
[2025-04-28T13:11:36.735+0000] {logging_mixin.py:188} INFO - [2025-04-28T13:11:36.734+0000] {dagbag.py:538} INFO - Filling up the DagBag from /home/airflow/.local/lib/python3.8/site-packages/airflow/example_dags/example_sla_dag.py
[2025-04-28T13:11:36.787+0000] {processor.py:840} INFO - DAG(s) 'example_sla_dag' retrieved from /home/airflow/.local/lib/python3.8/site-packages/airflow/example_dags/example_sla_dag.py
[2025-04-28T13:11:36.852+0000] {logging_mixin.py:188} INFO - [2025-04-28T13:11:36.852+0000] {dag.py:3033} INFO - Sync 1 DAGs
[2025-04-28T13:11:36.919+0000] {logging_mixin.py:188} INFO - [2025-04-28T13:11:36.919+0000] {dag.py:3820} INFO - Setting next_dagrun for example_sla_dag to 2025-04-28T13:08:00+00:00, run_after=2025-04-28T13:10:00+00:00
[2025-04-28T13:11:36.977+0000] {processor.py:183} INFO - Processing /home/airflow/.local/lib/python3.8/site-packages/airflow/example_dags/example_sla_dag.py took 0.256 seconds
[2025-04-28T13:12:07.405+0000] {processor.py:161} INFO - Started process (PID=14096) to work on /home/airflow/.local/lib/python3.8/site-packages/airflow/example_dags/example_sla_dag.py
[2025-04-28T13:12:07.406+0000] {processor.py:830} INFO - Processing file /home/airflow/.local/lib/python3.8/site-packages/airflow/example_dags/example_sla_dag.py for tasks to queue
[2025-04-28T13:12:07.408+0000] {logging_mixin.py:188} INFO - [2025-04-28T13:12:07.408+0000] {dagbag.py:538} INFO - Filling up the DagBag from /home/airflow/.local/lib/python3.8/site-packages/airflow/example_dags/example_sla_dag.py
[2025-04-28T13:12:07.432+0000] {processor.py:840} INFO - DAG(s) 'example_sla_dag' retrieved from /home/airflow/.local/lib/python3.8/site-packages/airflow/example_dags/example_sla_dag.py
[2025-04-28T13:12:07.476+0000] {logging_mixin.py:188} INFO - [2025-04-28T13:12:07.476+0000] {dag.py:3033} INFO - Sync 1 DAGs
[2025-04-28T13:12:07.534+0000] {logging_mixin.py:188} INFO - [2025-04-28T13:12:07.534+0000] {dag.py:3820} INFO - Setting next_dagrun for example_sla_dag to 2025-04-28T13:10:00+00:00, run_after=2025-04-28T13:12:00+00:00
[2025-04-28T13:12:07.591+0000] {processor.py:183} INFO - Processing /home/airflow/.local/lib/python3.8/site-packages/airflow/example_dags/example_sla_dag.py took 0.193 seconds
[2025-04-28T13:12:38.044+0000] {processor.py:161} INFO - Started process (PID=14146) to work on /home/airflow/.local/lib/python3.8/site-packages/airflow/example_dags/example_sla_dag.py
[2025-04-28T13:12:38.047+0000] {processor.py:830} INFO - Processing file /home/airflow/.local/lib/python3.8/site-packages/airflow/example_dags/example_sla_dag.py for tasks to queue
[2025-04-28T13:12:38.051+0000] {logging_mixin.py:188} INFO - [2025-04-28T13:12:38.050+0000] {dagbag.py:538} INFO - Filling up the DagBag from /home/airflow/.local/lib/python3.8/site-packages/airflow/example_dags/example_sla_dag.py
[2025-04-28T13:12:38.075+0000] {processor.py:840} INFO - DAG(s) 'example_sla_dag' retrieved from /home/airflow/.local/lib/python3.8/site-packages/airflow/example_dags/example_sla_dag.py
[2025-04-28T13:12:38.126+0000] {logging_mixin.py:188} INFO - [2025-04-28T13:12:38.125+0000] {dag.py:3033} INFO - Sync 1 DAGs
[2025-04-28T13:12:38.235+0000] {logging_mixin.py:188} INFO - [2025-04-28T13:12:38.234+0000] {dag.py:3820} INFO - Setting next_dagrun for example_sla_dag to 2025-04-28T13:10:00+00:00, run_after=2025-04-28T13:12:00+00:00
[2025-04-28T13:12:38.319+0000] {processor.py:183} INFO - Processing /home/airflow/.local/lib/python3.8/site-packages/airflow/example_dags/example_sla_dag.py took 0.281 seconds
[2025-04-28T13:13:08.794+0000] {processor.py:161} INFO - Started process (PID=14202) to work on /home/airflow/.local/lib/python3.8/site-packages/airflow/example_dags/example_sla_dag.py
[2025-04-28T13:13:08.796+0000] {processor.py:830} INFO - Processing file /home/airflow/.local/lib/python3.8/site-packages/airflow/example_dags/example_sla_dag.py for tasks to queue
[2025-04-28T13:13:08.798+0000] {logging_mixin.py:188} INFO - [2025-04-28T13:13:08.797+0000] {dagbag.py:538} INFO - Filling up the DagBag from /home/airflow/.local/lib/python3.8/site-packages/airflow/example_dags/example_sla_dag.py
[2025-04-28T13:13:08.817+0000] {processor.py:840} INFO - DAG(s) 'example_sla_dag' retrieved from /home/airflow/.local/lib/python3.8/site-packages/airflow/example_dags/example_sla_dag.py
[2025-04-28T13:13:08.866+0000] {logging_mixin.py:188} INFO - [2025-04-28T13:13:08.865+0000] {dag.py:3033} INFO - Sync 1 DAGs
[2025-04-28T13:13:08.935+0000] {logging_mixin.py:188} INFO - [2025-04-28T13:13:08.935+0000] {dag.py:3820} INFO - Setting next_dagrun for example_sla_dag to 2025-04-28T13:10:00+00:00, run_after=2025-04-28T13:12:00+00:00
[2025-04-28T13:13:08.982+0000] {processor.py:183} INFO - Processing /home/airflow/.local/lib/python3.8/site-packages/airflow/example_dags/example_sla_dag.py took 0.197 seconds
[2025-04-28T13:13:41.369+0000] {processor.py:161} INFO - Started process (PID=14258) to work on /home/airflow/.local/lib/python3.8/site-packages/airflow/example_dags/example_sla_dag.py
[2025-04-28T13:13:41.373+0000] {processor.py:830} INFO - Processing file /home/airflow/.local/lib/python3.8/site-packages/airflow/example_dags/example_sla_dag.py for tasks to queue
[2025-04-28T13:13:41.396+0000] {logging_mixin.py:188} INFO - [2025-04-28T13:13:41.395+0000] {dagbag.py:538} INFO - Filling up the DagBag from /home/airflow/.local/lib/python3.8/site-packages/airflow/example_dags/example_sla_dag.py
[2025-04-28T13:13:41.481+0000] {processor.py:840} INFO - DAG(s) 'example_sla_dag' retrieved from /home/airflow/.local/lib/python3.8/site-packages/airflow/example_dags/example_sla_dag.py
[2025-04-28T13:13:41.636+0000] {logging_mixin.py:188} INFO - [2025-04-28T13:13:41.635+0000] {dag.py:3033} INFO - Sync 1 DAGs
[2025-04-28T13:13:41.778+0000] {logging_mixin.py:188} INFO - [2025-04-28T13:13:41.777+0000] {dag.py:3820} INFO - Setting next_dagrun for example_sla_dag to 2025-04-28T13:10:00+00:00, run_after=2025-04-28T13:12:00+00:00
[2025-04-28T13:13:41.854+0000] {processor.py:183} INFO - Processing /home/airflow/.local/lib/python3.8/site-packages/airflow/example_dags/example_sla_dag.py took 0.507 seconds
[2025-04-28T13:14:16.165+0000] {processor.py:161} INFO - Started process (PID=14312) to work on /home/airflow/.local/lib/python3.8/site-packages/airflow/example_dags/example_sla_dag.py
[2025-04-28T13:14:16.167+0000] {processor.py:830} INFO - Processing file /home/airflow/.local/lib/python3.8/site-packages/airflow/example_dags/example_sla_dag.py for tasks to queue
[2025-04-28T13:14:16.169+0000] {logging_mixin.py:188} INFO - [2025-04-28T13:14:16.168+0000] {dagbag.py:538} INFO - Filling up the DagBag from /home/airflow/.local/lib/python3.8/site-packages/airflow/example_dags/example_sla_dag.py
[2025-04-28T13:14:16.196+0000] {processor.py:840} INFO - DAG(s) 'example_sla_dag' retrieved from /home/airflow/.local/lib/python3.8/site-packages/airflow/example_dags/example_sla_dag.py
[2025-04-28T13:14:16.335+0000] {logging_mixin.py:188} INFO - [2025-04-28T13:14:16.335+0000] {dag.py:3033} INFO - Sync 1 DAGs
[2025-04-28T13:14:16.474+0000] {logging_mixin.py:188} INFO - [2025-04-28T13:14:16.474+0000] {dag.py:3820} INFO - Setting next_dagrun for example_sla_dag to 2025-04-28T13:12:00+00:00, run_after=2025-04-28T13:14:00+00:00
[2025-04-28T13:14:16.632+0000] {processor.py:183} INFO - Processing /home/airflow/.local/lib/python3.8/site-packages/airflow/example_dags/example_sla_dag.py took 0.483 seconds
[2025-04-28T13:14:47.373+0000] {processor.py:161} INFO - Started process (PID=14367) to work on /home/airflow/.local/lib/python3.8/site-packages/airflow/example_dags/example_sla_dag.py
[2025-04-28T13:14:47.377+0000] {processor.py:830} INFO - Processing file /home/airflow/.local/lib/python3.8/site-packages/airflow/example_dags/example_sla_dag.py for tasks to queue
[2025-04-28T13:14:47.382+0000] {logging_mixin.py:188} INFO - [2025-04-28T13:14:47.381+0000] {dagbag.py:538} INFO - Filling up the DagBag from /home/airflow/.local/lib/python3.8/site-packages/airflow/example_dags/example_sla_dag.py
[2025-04-28T13:14:47.415+0000] {processor.py:840} INFO - DAG(s) 'example_sla_dag' retrieved from /home/airflow/.local/lib/python3.8/site-packages/airflow/example_dags/example_sla_dag.py
[2025-04-28T13:14:47.461+0000] {logging_mixin.py:188} INFO - [2025-04-28T13:14:47.461+0000] {dag.py:3033} INFO - Sync 1 DAGs
[2025-04-28T13:14:47.534+0000] {logging_mixin.py:188} INFO - [2025-04-28T13:14:47.534+0000] {dag.py:3820} INFO - Setting next_dagrun for example_sla_dag to 2025-04-28T13:12:00+00:00, run_after=2025-04-28T13:14:00+00:00
[2025-04-28T13:14:47.608+0000] {processor.py:183} INFO - Processing /home/airflow/.local/lib/python3.8/site-packages/airflow/example_dags/example_sla_dag.py took 0.256 seconds
[2025-04-28T13:15:18.323+0000] {processor.py:161} INFO - Started process (PID=14422) to work on /home/airflow/.local/lib/python3.8/site-packages/airflow/example_dags/example_sla_dag.py
[2025-04-28T13:15:18.326+0000] {processor.py:830} INFO - Processing file /home/airflow/.local/lib/python3.8/site-packages/airflow/example_dags/example_sla_dag.py for tasks to queue
[2025-04-28T13:15:18.329+0000] {logging_mixin.py:188} INFO - [2025-04-28T13:15:18.328+0000] {dagbag.py:538} INFO - Filling up the DagBag from /home/airflow/.local/lib/python3.8/site-packages/airflow/example_dags/example_sla_dag.py
[2025-04-28T13:15:18.353+0000] {processor.py:840} INFO - DAG(s) 'example_sla_dag' retrieved from /home/airflow/.local/lib/python3.8/site-packages/airflow/example_dags/example_sla_dag.py
[2025-04-28T13:15:18.407+0000] {logging_mixin.py:188} INFO - [2025-04-28T13:15:18.406+0000] {dag.py:3033} INFO - Sync 1 DAGs
[2025-04-28T13:15:18.528+0000] {logging_mixin.py:188} INFO - [2025-04-28T13:15:18.527+0000] {dag.py:3820} INFO - Setting next_dagrun for example_sla_dag to 2025-04-28T13:12:00+00:00, run_after=2025-04-28T13:14:00+00:00
[2025-04-28T13:15:18.573+0000] {processor.py:183} INFO - Processing /home/airflow/.local/lib/python3.8/site-packages/airflow/example_dags/example_sla_dag.py took 0.267 seconds
[2025-04-28T13:15:48.910+0000] {processor.py:161} INFO - Started process (PID=14478) to work on /home/airflow/.local/lib/python3.8/site-packages/airflow/example_dags/example_sla_dag.py
[2025-04-28T13:15:48.916+0000] {processor.py:830} INFO - Processing file /home/airflow/.local/lib/python3.8/site-packages/airflow/example_dags/example_sla_dag.py for tasks to queue
[2025-04-28T13:15:48.939+0000] {logging_mixin.py:188} INFO - [2025-04-28T13:15:48.938+0000] {dagbag.py:538} INFO - Filling up the DagBag from /home/airflow/.local/lib/python3.8/site-packages/airflow/example_dags/example_sla_dag.py
[2025-04-28T13:15:48.982+0000] {processor.py:840} INFO - DAG(s) 'example_sla_dag' retrieved from /home/airflow/.local/lib/python3.8/site-packages/airflow/example_dags/example_sla_dag.py
[2025-04-28T13:15:49.069+0000] {logging_mixin.py:188} INFO - [2025-04-28T13:15:49.068+0000] {dag.py:3033} INFO - Sync 1 DAGs
[2025-04-28T13:15:49.402+0000] {logging_mixin.py:188} INFO - [2025-04-28T13:15:49.402+0000] {dag.py:3820} INFO - Setting next_dagrun for example_sla_dag to 2025-04-28T13:12:00+00:00, run_after=2025-04-28T13:14:00+00:00
[2025-04-28T13:15:49.590+0000] {processor.py:183} INFO - Processing /home/airflow/.local/lib/python3.8/site-packages/airflow/example_dags/example_sla_dag.py took 0.691 seconds
[2025-04-28T13:16:19.733+0000] {processor.py:161} INFO - Started process (PID=14533) to work on /home/airflow/.local/lib/python3.8/site-packages/airflow/example_dags/example_sla_dag.py
[2025-04-28T13:16:19.735+0000] {processor.py:830} INFO - Processing file /home/airflow/.local/lib/python3.8/site-packages/airflow/example_dags/example_sla_dag.py for tasks to queue
[2025-04-28T13:16:19.738+0000] {logging_mixin.py:188} INFO - [2025-04-28T13:16:19.737+0000] {dagbag.py:538} INFO - Filling up the DagBag from /home/airflow/.local/lib/python3.8/site-packages/airflow/example_dags/example_sla_dag.py
[2025-04-28T13:16:19.758+0000] {processor.py:840} INFO - DAG(s) 'example_sla_dag' retrieved from /home/airflow/.local/lib/python3.8/site-packages/airflow/example_dags/example_sla_dag.py
[2025-04-28T13:16:19.806+0000] {logging_mixin.py:188} INFO - [2025-04-28T13:16:19.806+0000] {dag.py:3033} INFO - Sync 1 DAGs
[2025-04-28T13:16:19.869+0000] {logging_mixin.py:188} INFO - [2025-04-28T13:16:19.868+0000] {dag.py:3820} INFO - Setting next_dagrun for example_sla_dag to 2025-04-28T13:14:00+00:00, run_after=2025-04-28T13:16:00+00:00
[2025-04-28T13:16:19.933+0000] {processor.py:183} INFO - Processing /home/airflow/.local/lib/python3.8/site-packages/airflow/example_dags/example_sla_dag.py took 0.208 seconds
[2025-04-28T13:16:50.786+0000] {processor.py:161} INFO - Started process (PID=14589) to work on /home/airflow/.local/lib/python3.8/site-packages/airflow/example_dags/example_sla_dag.py
[2025-04-28T13:16:50.789+0000] {processor.py:830} INFO - Processing file /home/airflow/.local/lib/python3.8/site-packages/airflow/example_dags/example_sla_dag.py for tasks to queue
[2025-04-28T13:16:50.791+0000] {logging_mixin.py:188} INFO - [2025-04-28T13:16:50.790+0000] {dagbag.py:538} INFO - Filling up the DagBag from /home/airflow/.local/lib/python3.8/site-packages/airflow/example_dags/example_sla_dag.py
[2025-04-28T13:16:50.811+0000] {processor.py:840} INFO - DAG(s) 'example_sla_dag' retrieved from /home/airflow/.local/lib/python3.8/site-packages/airflow/example_dags/example_sla_dag.py
[2025-04-28T13:16:50.868+0000] {logging_mixin.py:188} INFO - [2025-04-28T13:16:50.867+0000] {dag.py:3033} INFO - Sync 1 DAGs
[2025-04-28T13:16:50.919+0000] {logging_mixin.py:188} INFO - [2025-04-28T13:16:50.919+0000] {dag.py:3820} INFO - Setting next_dagrun for example_sla_dag to 2025-04-28T13:14:00+00:00, run_after=2025-04-28T13:16:00+00:00
[2025-04-28T13:16:50.983+0000] {processor.py:183} INFO - Processing /home/airflow/.local/lib/python3.8/site-packages/airflow/example_dags/example_sla_dag.py took 0.206 seconds
[2025-04-28T13:17:21.440+0000] {processor.py:161} INFO - Started process (PID=14646) to work on /home/airflow/.local/lib/python3.8/site-packages/airflow/example_dags/example_sla_dag.py
[2025-04-28T13:17:21.444+0000] {processor.py:830} INFO - Processing file /home/airflow/.local/lib/python3.8/site-packages/airflow/example_dags/example_sla_dag.py for tasks to queue
[2025-04-28T13:17:21.448+0000] {logging_mixin.py:188} INFO - [2025-04-28T13:17:21.447+0000] {dagbag.py:538} INFO - Filling up the DagBag from /home/airflow/.local/lib/python3.8/site-packages/airflow/example_dags/example_sla_dag.py
[2025-04-28T13:17:21.501+0000] {processor.py:840} INFO - DAG(s) 'example_sla_dag' retrieved from /home/airflow/.local/lib/python3.8/site-packages/airflow/example_dags/example_sla_dag.py
[2025-04-28T13:17:21.599+0000] {logging_mixin.py:188} INFO - [2025-04-28T13:17:21.598+0000] {dag.py:3033} INFO - Sync 1 DAGs
[2025-04-28T13:17:21.696+0000] {logging_mixin.py:188} INFO - [2025-04-28T13:17:21.696+0000] {dag.py:3820} INFO - Setting next_dagrun for example_sla_dag to 2025-04-28T13:14:00+00:00, run_after=2025-04-28T13:16:00+00:00
[2025-04-28T13:17:21.778+0000] {processor.py:183} INFO - Processing /home/airflow/.local/lib/python3.8/site-packages/airflow/example_dags/example_sla_dag.py took 0.364 seconds
[2025-04-28T13:17:52.994+0000] {processor.py:161} INFO - Started process (PID=14701) to work on /home/airflow/.local/lib/python3.8/site-packages/airflow/example_dags/example_sla_dag.py
[2025-04-28T13:17:52.997+0000] {processor.py:830} INFO - Processing file /home/airflow/.local/lib/python3.8/site-packages/airflow/example_dags/example_sla_dag.py for tasks to queue
[2025-04-28T13:17:53.001+0000] {logging_mixin.py:188} INFO - [2025-04-28T13:17:53.000+0000] {dagbag.py:538} INFO - Filling up the DagBag from /home/airflow/.local/lib/python3.8/site-packages/airflow/example_dags/example_sla_dag.py
[2025-04-28T13:17:53.046+0000] {processor.py:840} INFO - DAG(s) 'example_sla_dag' retrieved from /home/airflow/.local/lib/python3.8/site-packages/airflow/example_dags/example_sla_dag.py
[2025-04-28T13:17:53.104+0000] {logging_mixin.py:188} INFO - [2025-04-28T13:17:53.103+0000] {dag.py:3033} INFO - Sync 1 DAGs
[2025-04-28T13:17:53.164+0000] {logging_mixin.py:188} INFO - [2025-04-28T13:17:53.163+0000] {dag.py:3820} INFO - Setting next_dagrun for example_sla_dag to 2025-04-28T13:14:00+00:00, run_after=2025-04-28T13:16:00+00:00
[2025-04-28T13:17:53.219+0000] {processor.py:183} INFO - Processing /home/airflow/.local/lib/python3.8/site-packages/airflow/example_dags/example_sla_dag.py took 0.237 seconds
[2025-04-28T13:18:25.479+0000] {processor.py:161} INFO - Started process (PID=14751) to work on /home/airflow/.local/lib/python3.8/site-packages/airflow/example_dags/example_sla_dag.py
[2025-04-28T13:18:25.481+0000] {processor.py:830} INFO - Processing file /home/airflow/.local/lib/python3.8/site-packages/airflow/example_dags/example_sla_dag.py for tasks to queue
[2025-04-28T13:18:25.490+0000] {logging_mixin.py:188} INFO - [2025-04-28T13:18:25.489+0000] {dagbag.py:538} INFO - Filling up the DagBag from /home/airflow/.local/lib/python3.8/site-packages/airflow/example_dags/example_sla_dag.py
[2025-04-28T13:18:25.539+0000] {processor.py:840} INFO - DAG(s) 'example_sla_dag' retrieved from /home/airflow/.local/lib/python3.8/site-packages/airflow/example_dags/example_sla_dag.py
[2025-04-28T13:18:25.629+0000] {logging_mixin.py:188} INFO - [2025-04-28T13:18:25.629+0000] {dag.py:3033} INFO - Sync 1 DAGs
[2025-04-28T13:18:25.763+0000] {logging_mixin.py:188} INFO - [2025-04-28T13:18:25.763+0000] {dag.py:3820} INFO - Setting next_dagrun for example_sla_dag to 2025-04-28T13:16:00+00:00, run_after=2025-04-28T13:18:00+00:00
[2025-04-28T13:18:25.876+0000] {processor.py:183} INFO - Processing /home/airflow/.local/lib/python3.8/site-packages/airflow/example_dags/example_sla_dag.py took 0.414 seconds
[2025-04-28T13:18:56.145+0000] {processor.py:161} INFO - Started process (PID=14807) to work on /home/airflow/.local/lib/python3.8/site-packages/airflow/example_dags/example_sla_dag.py
[2025-04-28T13:18:56.147+0000] {processor.py:830} INFO - Processing file /home/airflow/.local/lib/python3.8/site-packages/airflow/example_dags/example_sla_dag.py for tasks to queue
[2025-04-28T13:18:56.150+0000] {logging_mixin.py:188} INFO - [2025-04-28T13:18:56.149+0000] {dagbag.py:538} INFO - Filling up the DagBag from /home/airflow/.local/lib/python3.8/site-packages/airflow/example_dags/example_sla_dag.py
[2025-04-28T13:18:56.172+0000] {processor.py:840} INFO - DAG(s) 'example_sla_dag' retrieved from /home/airflow/.local/lib/python3.8/site-packages/airflow/example_dags/example_sla_dag.py
[2025-04-28T13:18:56.221+0000] {logging_mixin.py:188} INFO - [2025-04-28T13:18:56.220+0000] {dag.py:3033} INFO - Sync 1 DAGs
[2025-04-28T13:18:56.293+0000] {logging_mixin.py:188} INFO - [2025-04-28T13:18:56.292+0000] {dag.py:3820} INFO - Setting next_dagrun for example_sla_dag to 2025-04-28T13:16:00+00:00, run_after=2025-04-28T13:18:00+00:00
[2025-04-28T13:18:56.347+0000] {processor.py:183} INFO - Processing /home/airflow/.local/lib/python3.8/site-packages/airflow/example_dags/example_sla_dag.py took 0.210 seconds
[2025-04-28T13:19:27.036+0000] {processor.py:161} INFO - Started process (PID=14864) to work on /home/airflow/.local/lib/python3.8/site-packages/airflow/example_dags/example_sla_dag.py
[2025-04-28T13:19:27.038+0000] {processor.py:830} INFO - Processing file /home/airflow/.local/lib/python3.8/site-packages/airflow/example_dags/example_sla_dag.py for tasks to queue
[2025-04-28T13:19:27.040+0000] {logging_mixin.py:188} INFO - [2025-04-28T13:19:27.040+0000] {dagbag.py:538} INFO - Filling up the DagBag from /home/airflow/.local/lib/python3.8/site-packages/airflow/example_dags/example_sla_dag.py
[2025-04-28T13:19:27.062+0000] {processor.py:840} INFO - DAG(s) 'example_sla_dag' retrieved from /home/airflow/.local/lib/python3.8/site-packages/airflow/example_dags/example_sla_dag.py
[2025-04-28T13:19:27.122+0000] {logging_mixin.py:188} INFO - [2025-04-28T13:19:27.121+0000] {dag.py:3033} INFO - Sync 1 DAGs
[2025-04-28T13:19:27.197+0000] {logging_mixin.py:188} INFO - [2025-04-28T13:19:27.197+0000] {dag.py:3820} INFO - Setting next_dagrun for example_sla_dag to 2025-04-28T13:16:00+00:00, run_after=2025-04-28T13:18:00+00:00
[2025-04-28T13:19:27.242+0000] {processor.py:183} INFO - Processing /home/airflow/.local/lib/python3.8/site-packages/airflow/example_dags/example_sla_dag.py took 0.214 seconds
[2025-04-28T13:19:59.656+0000] {processor.py:161} INFO - Started process (PID=14919) to work on /home/airflow/.local/lib/python3.8/site-packages/airflow/example_dags/example_sla_dag.py
[2025-04-28T13:19:59.663+0000] {processor.py:830} INFO - Processing file /home/airflow/.local/lib/python3.8/site-packages/airflow/example_dags/example_sla_dag.py for tasks to queue
[2025-04-28T13:19:59.676+0000] {logging_mixin.py:188} INFO - [2025-04-28T13:19:59.674+0000] {dagbag.py:538} INFO - Filling up the DagBag from /home/airflow/.local/lib/python3.8/site-packages/airflow/example_dags/example_sla_dag.py
[2025-04-28T13:19:59.716+0000] {processor.py:840} INFO - DAG(s) 'example_sla_dag' retrieved from /home/airflow/.local/lib/python3.8/site-packages/airflow/example_dags/example_sla_dag.py
[2025-04-28T13:19:59.799+0000] {logging_mixin.py:188} INFO - [2025-04-28T13:19:59.798+0000] {dag.py:3033} INFO - Sync 1 DAGs
[2025-04-28T13:19:59.948+0000] {logging_mixin.py:188} INFO - [2025-04-28T13:19:59.942+0000] {dag.py:3820} INFO - Setting next_dagrun for example_sla_dag to 2025-04-28T13:16:00+00:00, run_after=2025-04-28T13:18:00+00:00
[2025-04-28T13:20:00.061+0000] {processor.py:183} INFO - Processing /home/airflow/.local/lib/python3.8/site-packages/airflow/example_dags/example_sla_dag.py took 0.428 seconds
[2025-04-28T13:20:31.080+0000] {processor.py:161} INFO - Started process (PID=14975) to work on /home/airflow/.local/lib/python3.8/site-packages/airflow/example_dags/example_sla_dag.py
[2025-04-28T13:20:31.084+0000] {processor.py:830} INFO - Processing file /home/airflow/.local/lib/python3.8/site-packages/airflow/example_dags/example_sla_dag.py for tasks to queue
[2025-04-28T13:20:31.092+0000] {logging_mixin.py:188} INFO - [2025-04-28T13:20:31.091+0000] {dagbag.py:538} INFO - Filling up the DagBag from /home/airflow/.local/lib/python3.8/site-packages/airflow/example_dags/example_sla_dag.py
[2025-04-28T13:20:31.135+0000] {processor.py:840} INFO - DAG(s) 'example_sla_dag' retrieved from /home/airflow/.local/lib/python3.8/site-packages/airflow/example_dags/example_sla_dag.py
[2025-04-28T13:20:31.241+0000] {logging_mixin.py:188} INFO - [2025-04-28T13:20:31.240+0000] {dag.py:3033} INFO - Sync 1 DAGs
[2025-04-28T13:20:31.445+0000] {logging_mixin.py:188} INFO - [2025-04-28T13:20:31.444+0000] {dag.py:3820} INFO - Setting next_dagrun for example_sla_dag to 2025-04-28T13:18:00+00:00, run_after=2025-04-28T13:20:00+00:00
[2025-04-28T13:20:31.540+0000] {processor.py:183} INFO - Processing /home/airflow/.local/lib/python3.8/site-packages/airflow/example_dags/example_sla_dag.py took 0.480 seconds
[2025-04-28T13:21:01.615+0000] {processor.py:161} INFO - Started process (PID=15032) to work on /home/airflow/.local/lib/python3.8/site-packages/airflow/example_dags/example_sla_dag.py
[2025-04-28T13:21:01.617+0000] {processor.py:830} INFO - Processing file /home/airflow/.local/lib/python3.8/site-packages/airflow/example_dags/example_sla_dag.py for tasks to queue
[2025-04-28T13:21:01.619+0000] {logging_mixin.py:188} INFO - [2025-04-28T13:21:01.618+0000] {dagbag.py:538} INFO - Filling up the DagBag from /home/airflow/.local/lib/python3.8/site-packages/airflow/example_dags/example_sla_dag.py
[2025-04-28T13:21:01.650+0000] {processor.py:840} INFO - DAG(s) 'example_sla_dag' retrieved from /home/airflow/.local/lib/python3.8/site-packages/airflow/example_dags/example_sla_dag.py
[2025-04-28T13:21:01.702+0000] {logging_mixin.py:188} INFO - [2025-04-28T13:21:01.701+0000] {dag.py:3033} INFO - Sync 1 DAGs
[2025-04-28T13:21:01.757+0000] {logging_mixin.py:188} INFO - [2025-04-28T13:21:01.757+0000] {dag.py:3820} INFO - Setting next_dagrun for example_sla_dag to 2025-04-28T13:18:00+00:00, run_after=2025-04-28T13:20:00+00:00
[2025-04-28T13:21:01.813+0000] {processor.py:183} INFO - Processing /home/airflow/.local/lib/python3.8/site-packages/airflow/example_dags/example_sla_dag.py took 0.205 seconds
[2025-04-28T13:21:35.739+0000] {processor.py:161} INFO - Started process (PID=15088) to work on /home/airflow/.local/lib/python3.8/site-packages/airflow/example_dags/example_sla_dag.py
[2025-04-28T13:21:35.742+0000] {processor.py:830} INFO - Processing file /home/airflow/.local/lib/python3.8/site-packages/airflow/example_dags/example_sla_dag.py for tasks to queue
[2025-04-28T13:21:35.745+0000] {logging_mixin.py:188} INFO - [2025-04-28T13:21:35.744+0000] {dagbag.py:538} INFO - Filling up the DagBag from /home/airflow/.local/lib/python3.8/site-packages/airflow/example_dags/example_sla_dag.py
[2025-04-28T13:21:35.777+0000] {processor.py:840} INFO - DAG(s) 'example_sla_dag' retrieved from /home/airflow/.local/lib/python3.8/site-packages/airflow/example_dags/example_sla_dag.py
[2025-04-28T13:21:35.850+0000] {logging_mixin.py:188} INFO - [2025-04-28T13:21:35.849+0000] {dag.py:3033} INFO - Sync 1 DAGs
[2025-04-28T13:21:35.968+0000] {logging_mixin.py:188} INFO - [2025-04-28T13:21:35.968+0000] {dag.py:3820} INFO - Setting next_dagrun for example_sla_dag to 2025-04-28T13:18:00+00:00, run_after=2025-04-28T13:20:00+00:00
[2025-04-28T13:21:36.054+0000] {processor.py:183} INFO - Processing /home/airflow/.local/lib/python3.8/site-packages/airflow/example_dags/example_sla_dag.py took 0.327 seconds
[2025-04-28T13:22:06.503+0000] {processor.py:161} INFO - Started process (PID=15144) to work on /home/airflow/.local/lib/python3.8/site-packages/airflow/example_dags/example_sla_dag.py
[2025-04-28T13:22:06.506+0000] {processor.py:830} INFO - Processing file /home/airflow/.local/lib/python3.8/site-packages/airflow/example_dags/example_sla_dag.py for tasks to queue
[2025-04-28T13:22:06.509+0000] {logging_mixin.py:188} INFO - [2025-04-28T13:22:06.508+0000] {dagbag.py:538} INFO - Filling up the DagBag from /home/airflow/.local/lib/python3.8/site-packages/airflow/example_dags/example_sla_dag.py
[2025-04-28T13:22:06.543+0000] {processor.py:840} INFO - DAG(s) 'example_sla_dag' retrieved from /home/airflow/.local/lib/python3.8/site-packages/airflow/example_dags/example_sla_dag.py
[2025-04-28T13:22:06.639+0000] {logging_mixin.py:188} INFO - [2025-04-28T13:22:06.638+0000] {dag.py:3033} INFO - Sync 1 DAGs
[2025-04-28T13:22:06.727+0000] {logging_mixin.py:188} INFO - [2025-04-28T13:22:06.727+0000] {dag.py:3820} INFO - Setting next_dagrun for example_sla_dag to 2025-04-28T13:20:00+00:00, run_after=2025-04-28T13:22:00+00:00
[2025-04-28T13:22:06.794+0000] {processor.py:183} INFO - Processing /home/airflow/.local/lib/python3.8/site-packages/airflow/example_dags/example_sla_dag.py took 0.302 seconds
[2025-04-28T13:22:37.164+0000] {processor.py:161} INFO - Started process (PID=15201) to work on /home/airflow/.local/lib/python3.8/site-packages/airflow/example_dags/example_sla_dag.py
[2025-04-28T13:22:37.167+0000] {processor.py:830} INFO - Processing file /home/airflow/.local/lib/python3.8/site-packages/airflow/example_dags/example_sla_dag.py for tasks to queue
[2025-04-28T13:22:37.170+0000] {logging_mixin.py:188} INFO - [2025-04-28T13:22:37.169+0000] {dagbag.py:538} INFO - Filling up the DagBag from /home/airflow/.local/lib/python3.8/site-packages/airflow/example_dags/example_sla_dag.py
[2025-04-28T13:22:37.197+0000] {processor.py:840} INFO - DAG(s) 'example_sla_dag' retrieved from /home/airflow/.local/lib/python3.8/site-packages/airflow/example_dags/example_sla_dag.py
[2025-04-28T13:22:37.253+0000] {logging_mixin.py:188} INFO - [2025-04-28T13:22:37.252+0000] {dag.py:3033} INFO - Sync 1 DAGs
[2025-04-28T13:22:37.327+0000] {logging_mixin.py:188} INFO - [2025-04-28T13:22:37.326+0000] {dag.py:3820} INFO - Setting next_dagrun for example_sla_dag to 2025-04-28T13:20:00+00:00, run_after=2025-04-28T13:22:00+00:00
[2025-04-28T13:22:37.391+0000] {processor.py:183} INFO - Processing /home/airflow/.local/lib/python3.8/site-packages/airflow/example_dags/example_sla_dag.py took 0.238 seconds
[2025-04-28T13:23:08.380+0000] {processor.py:161} INFO - Started process (PID=15257) to work on /home/airflow/.local/lib/python3.8/site-packages/airflow/example_dags/example_sla_dag.py
[2025-04-28T13:23:08.382+0000] {processor.py:830} INFO - Processing file /home/airflow/.local/lib/python3.8/site-packages/airflow/example_dags/example_sla_dag.py for tasks to queue
[2025-04-28T13:23:08.385+0000] {logging_mixin.py:188} INFO - [2025-04-28T13:23:08.384+0000] {dagbag.py:538} INFO - Filling up the DagBag from /home/airflow/.local/lib/python3.8/site-packages/airflow/example_dags/example_sla_dag.py
[2025-04-28T13:23:08.417+0000] {processor.py:840} INFO - DAG(s) 'example_sla_dag' retrieved from /home/airflow/.local/lib/python3.8/site-packages/airflow/example_dags/example_sla_dag.py
[2025-04-28T13:23:08.472+0000] {logging_mixin.py:188} INFO - [2025-04-28T13:23:08.472+0000] {dag.py:3033} INFO - Sync 1 DAGs
[2025-04-28T13:23:08.559+0000] {logging_mixin.py:188} INFO - [2025-04-28T13:23:08.558+0000] {dag.py:3820} INFO - Setting next_dagrun for example_sla_dag to 2025-04-28T13:20:00+00:00, run_after=2025-04-28T13:22:00+00:00
[2025-04-28T13:23:08.618+0000] {processor.py:183} INFO - Processing /home/airflow/.local/lib/python3.8/site-packages/airflow/example_dags/example_sla_dag.py took 0.248 seconds
[2025-04-28T13:23:40.352+0000] {processor.py:161} INFO - Started process (PID=15313) to work on /home/airflow/.local/lib/python3.8/site-packages/airflow/example_dags/example_sla_dag.py
[2025-04-28T13:23:40.355+0000] {processor.py:830} INFO - Processing file /home/airflow/.local/lib/python3.8/site-packages/airflow/example_dags/example_sla_dag.py for tasks to queue
[2025-04-28T13:23:40.358+0000] {logging_mixin.py:188} INFO - [2025-04-28T13:23:40.357+0000] {dagbag.py:538} INFO - Filling up the DagBag from /home/airflow/.local/lib/python3.8/site-packages/airflow/example_dags/example_sla_dag.py
[2025-04-28T13:23:40.412+0000] {processor.py:840} INFO - DAG(s) 'example_sla_dag' retrieved from /home/airflow/.local/lib/python3.8/site-packages/airflow/example_dags/example_sla_dag.py
[2025-04-28T13:23:40.504+0000] {logging_mixin.py:188} INFO - [2025-04-28T13:23:40.503+0000] {dag.py:3033} INFO - Sync 1 DAGs
[2025-04-28T13:23:40.617+0000] {logging_mixin.py:188} INFO - [2025-04-28T13:23:40.616+0000] {dag.py:3820} INFO - Setting next_dagrun for example_sla_dag to 2025-04-28T13:20:00+00:00, run_after=2025-04-28T13:22:00+00:00
[2025-04-28T13:23:40.694+0000] {processor.py:183} INFO - Processing /home/airflow/.local/lib/python3.8/site-packages/airflow/example_dags/example_sla_dag.py took 0.357 seconds
[2025-04-28T13:24:12.917+0000] {processor.py:161} INFO - Started process (PID=15369) to work on /home/airflow/.local/lib/python3.8/site-packages/airflow/example_dags/example_sla_dag.py
[2025-04-28T13:24:12.919+0000] {processor.py:830} INFO - Processing file /home/airflow/.local/lib/python3.8/site-packages/airflow/example_dags/example_sla_dag.py for tasks to queue
[2025-04-28T13:24:12.922+0000] {logging_mixin.py:188} INFO - [2025-04-28T13:24:12.921+0000] {dagbag.py:538} INFO - Filling up the DagBag from /home/airflow/.local/lib/python3.8/site-packages/airflow/example_dags/example_sla_dag.py
[2025-04-28T13:24:12.950+0000] {processor.py:840} INFO - DAG(s) 'example_sla_dag' retrieved from /home/airflow/.local/lib/python3.8/site-packages/airflow/example_dags/example_sla_dag.py
[2025-04-28T13:24:12.994+0000] {logging_mixin.py:188} INFO - [2025-04-28T13:24:12.994+0000] {dag.py:3033} INFO - Sync 1 DAGs
[2025-04-28T13:24:13.055+0000] {logging_mixin.py:188} INFO - [2025-04-28T13:24:13.054+0000] {dag.py:3820} INFO - Setting next_dagrun for example_sla_dag to 2025-04-28T13:22:00+00:00, run_after=2025-04-28T13:24:00+00:00
[2025-04-28T13:24:13.110+0000] {processor.py:183} INFO - Processing /home/airflow/.local/lib/python3.8/site-packages/airflow/example_dags/example_sla_dag.py took 0.199 seconds
[2025-04-28T13:24:44.002+0000] {processor.py:161} INFO - Started process (PID=15425) to work on /home/airflow/.local/lib/python3.8/site-packages/airflow/example_dags/example_sla_dag.py
[2025-04-28T13:24:44.004+0000] {processor.py:830} INFO - Processing file /home/airflow/.local/lib/python3.8/site-packages/airflow/example_dags/example_sla_dag.py for tasks to queue
[2025-04-28T13:24:44.007+0000] {logging_mixin.py:188} INFO - [2025-04-28T13:24:44.006+0000] {dagbag.py:538} INFO - Filling up the DagBag from /home/airflow/.local/lib/python3.8/site-packages/airflow/example_dags/example_sla_dag.py
[2025-04-28T13:24:44.043+0000] {processor.py:840} INFO - DAG(s) 'example_sla_dag' retrieved from /home/airflow/.local/lib/python3.8/site-packages/airflow/example_dags/example_sla_dag.py
[2025-04-28T13:24:44.163+0000] {logging_mixin.py:188} INFO - [2025-04-28T13:24:44.162+0000] {dag.py:3033} INFO - Sync 1 DAGs
[2025-04-28T13:24:44.228+0000] {logging_mixin.py:188} INFO - [2025-04-28T13:24:44.228+0000] {dag.py:3820} INFO - Setting next_dagrun for example_sla_dag to 2025-04-28T13:22:00+00:00, run_after=2025-04-28T13:24:00+00:00
[2025-04-28T13:24:44.285+0000] {processor.py:183} INFO - Processing /home/airflow/.local/lib/python3.8/site-packages/airflow/example_dags/example_sla_dag.py took 0.296 seconds
[2025-04-28T13:25:14.500+0000] {processor.py:161} INFO - Started process (PID=15481) to work on /home/airflow/.local/lib/python3.8/site-packages/airflow/example_dags/example_sla_dag.py
[2025-04-28T13:25:14.503+0000] {processor.py:830} INFO - Processing file /home/airflow/.local/lib/python3.8/site-packages/airflow/example_dags/example_sla_dag.py for tasks to queue
[2025-04-28T13:25:14.505+0000] {logging_mixin.py:188} INFO - [2025-04-28T13:25:14.504+0000] {dagbag.py:538} INFO - Filling up the DagBag from /home/airflow/.local/lib/python3.8/site-packages/airflow/example_dags/example_sla_dag.py
[2025-04-28T13:25:14.524+0000] {processor.py:840} INFO - DAG(s) 'example_sla_dag' retrieved from /home/airflow/.local/lib/python3.8/site-packages/airflow/example_dags/example_sla_dag.py
[2025-04-28T13:25:14.567+0000] {logging_mixin.py:188} INFO - [2025-04-28T13:25:14.567+0000] {dag.py:3033} INFO - Sync 1 DAGs
[2025-04-28T13:25:14.703+0000] {logging_mixin.py:188} INFO - [2025-04-28T13:25:14.694+0000] {dag.py:3820} INFO - Setting next_dagrun for example_sla_dag to 2025-04-28T13:22:00+00:00, run_after=2025-04-28T13:24:00+00:00
[2025-04-28T13:25:14.800+0000] {processor.py:183} INFO - Processing /home/airflow/.local/lib/python3.8/site-packages/airflow/example_dags/example_sla_dag.py took 0.309 seconds
[2025-04-28T13:25:44.964+0000] {processor.py:161} INFO - Started process (PID=15537) to work on /home/airflow/.local/lib/python3.8/site-packages/airflow/example_dags/example_sla_dag.py
[2025-04-28T13:25:44.967+0000] {processor.py:830} INFO - Processing file /home/airflow/.local/lib/python3.8/site-packages/airflow/example_dags/example_sla_dag.py for tasks to queue
[2025-04-28T13:25:44.970+0000] {logging_mixin.py:188} INFO - [2025-04-28T13:25:44.969+0000] {dagbag.py:538} INFO - Filling up the DagBag from /home/airflow/.local/lib/python3.8/site-packages/airflow/example_dags/example_sla_dag.py
[2025-04-28T13:25:45.005+0000] {processor.py:840} INFO - DAG(s) 'example_sla_dag' retrieved from /home/airflow/.local/lib/python3.8/site-packages/airflow/example_dags/example_sla_dag.py
[2025-04-28T13:25:45.076+0000] {logging_mixin.py:188} INFO - [2025-04-28T13:25:45.075+0000] {dag.py:3033} INFO - Sync 1 DAGs
[2025-04-28T13:25:45.169+0000] {logging_mixin.py:188} INFO - [2025-04-28T13:25:45.169+0000] {dag.py:3820} INFO - Setting next_dagrun for example_sla_dag to 2025-04-28T13:22:00+00:00, run_after=2025-04-28T13:24:00+00:00
[2025-04-28T13:25:45.263+0000] {processor.py:183} INFO - Processing /home/airflow/.local/lib/python3.8/site-packages/airflow/example_dags/example_sla_dag.py took 0.309 seconds
[2025-04-28T13:26:15.735+0000] {processor.py:161} INFO - Started process (PID=15593) to work on /home/airflow/.local/lib/python3.8/site-packages/airflow/example_dags/example_sla_dag.py
[2025-04-28T13:26:15.737+0000] {processor.py:830} INFO - Processing file /home/airflow/.local/lib/python3.8/site-packages/airflow/example_dags/example_sla_dag.py for tasks to queue
[2025-04-28T13:26:15.740+0000] {logging_mixin.py:188} INFO - [2025-04-28T13:26:15.739+0000] {dagbag.py:538} INFO - Filling up the DagBag from /home/airflow/.local/lib/python3.8/site-packages/airflow/example_dags/example_sla_dag.py
[2025-04-28T13:26:15.761+0000] {processor.py:840} INFO - DAG(s) 'example_sla_dag' retrieved from /home/airflow/.local/lib/python3.8/site-packages/airflow/example_dags/example_sla_dag.py
[2025-04-28T13:26:15.820+0000] {logging_mixin.py:188} INFO - [2025-04-28T13:26:15.819+0000] {dag.py:3033} INFO - Sync 1 DAGs
[2025-04-28T13:26:15.905+0000] {logging_mixin.py:188} INFO - [2025-04-28T13:26:15.904+0000] {dag.py:3820} INFO - Setting next_dagrun for example_sla_dag to 2025-04-28T13:24:00+00:00, run_after=2025-04-28T13:26:00+00:00
[2025-04-28T13:26:15.960+0000] {processor.py:183} INFO - Processing /home/airflow/.local/lib/python3.8/site-packages/airflow/example_dags/example_sla_dag.py took 0.234 seconds
[2025-04-28T13:26:46.947+0000] {processor.py:161} INFO - Started process (PID=15657) to work on /home/airflow/.local/lib/python3.8/site-packages/airflow/example_dags/example_sla_dag.py
[2025-04-28T13:26:46.950+0000] {processor.py:830} INFO - Processing file /home/airflow/.local/lib/python3.8/site-packages/airflow/example_dags/example_sla_dag.py for tasks to queue
[2025-04-28T13:26:46.953+0000] {logging_mixin.py:188} INFO - [2025-04-28T13:26:46.952+0000] {dagbag.py:538} INFO - Filling up the DagBag from /home/airflow/.local/lib/python3.8/site-packages/airflow/example_dags/example_sla_dag.py
[2025-04-28T13:26:46.973+0000] {processor.py:840} INFO - DAG(s) 'example_sla_dag' retrieved from /home/airflow/.local/lib/python3.8/site-packages/airflow/example_dags/example_sla_dag.py
[2025-04-28T13:26:47.044+0000] {logging_mixin.py:188} INFO - [2025-04-28T13:26:47.044+0000] {dag.py:3033} INFO - Sync 1 DAGs
[2025-04-28T13:26:47.119+0000] {logging_mixin.py:188} INFO - [2025-04-28T13:26:47.119+0000] {dag.py:3820} INFO - Setting next_dagrun for example_sla_dag to 2025-04-28T13:24:00+00:00, run_after=2025-04-28T13:26:00+00:00
[2025-04-28T13:26:47.166+0000] {processor.py:183} INFO - Processing /home/airflow/.local/lib/python3.8/site-packages/airflow/example_dags/example_sla_dag.py took 0.227 seconds
[2025-04-28T13:27:17.689+0000] {processor.py:161} INFO - Started process (PID=15713) to work on /home/airflow/.local/lib/python3.8/site-packages/airflow/example_dags/example_sla_dag.py
[2025-04-28T13:27:17.692+0000] {processor.py:830} INFO - Processing file /home/airflow/.local/lib/python3.8/site-packages/airflow/example_dags/example_sla_dag.py for tasks to queue
[2025-04-28T13:27:17.694+0000] {logging_mixin.py:188} INFO - [2025-04-28T13:27:17.693+0000] {dagbag.py:538} INFO - Filling up the DagBag from /home/airflow/.local/lib/python3.8/site-packages/airflow/example_dags/example_sla_dag.py
[2025-04-28T13:27:17.715+0000] {processor.py:840} INFO - DAG(s) 'example_sla_dag' retrieved from /home/airflow/.local/lib/python3.8/site-packages/airflow/example_dags/example_sla_dag.py
[2025-04-28T13:27:17.765+0000] {logging_mixin.py:188} INFO - [2025-04-28T13:27:17.765+0000] {dag.py:3033} INFO - Sync 1 DAGs
[2025-04-28T13:27:17.826+0000] {logging_mixin.py:188} INFO - [2025-04-28T13:27:17.826+0000] {dag.py:3820} INFO - Setting next_dagrun for example_sla_dag to 2025-04-28T13:24:00+00:00, run_after=2025-04-28T13:26:00+00:00
[2025-04-28T13:27:17.878+0000] {processor.py:183} INFO - Processing /home/airflow/.local/lib/python3.8/site-packages/airflow/example_dags/example_sla_dag.py took 0.198 seconds
[2025-04-28T13:27:48.047+0000] {processor.py:161} INFO - Started process (PID=15769) to work on /home/airflow/.local/lib/python3.8/site-packages/airflow/example_dags/example_sla_dag.py
[2025-04-28T13:27:48.049+0000] {processor.py:830} INFO - Processing file /home/airflow/.local/lib/python3.8/site-packages/airflow/example_dags/example_sla_dag.py for tasks to queue
[2025-04-28T13:27:48.050+0000] {logging_mixin.py:188} INFO - [2025-04-28T13:27:48.050+0000] {dagbag.py:538} INFO - Filling up the DagBag from /home/airflow/.local/lib/python3.8/site-packages/airflow/example_dags/example_sla_dag.py
[2025-04-28T13:27:48.067+0000] {processor.py:840} INFO - DAG(s) 'example_sla_dag' retrieved from /home/airflow/.local/lib/python3.8/site-packages/airflow/example_dags/example_sla_dag.py
[2025-04-28T13:27:48.101+0000] {logging_mixin.py:188} INFO - [2025-04-28T13:27:48.101+0000] {dag.py:3033} INFO - Sync 1 DAGs
[2025-04-28T13:27:48.141+0000] {logging_mixin.py:188} INFO - [2025-04-28T13:27:48.141+0000] {dag.py:3820} INFO - Setting next_dagrun for example_sla_dag to 2025-04-28T13:24:00+00:00, run_after=2025-04-28T13:26:00+00:00
[2025-04-28T13:27:48.173+0000] {processor.py:183} INFO - Processing /home/airflow/.local/lib/python3.8/site-packages/airflow/example_dags/example_sla_dag.py took 0.130 seconds
[2025-04-28T13:28:18.442+0000] {processor.py:161} INFO - Started process (PID=15826) to work on /home/airflow/.local/lib/python3.8/site-packages/airflow/example_dags/example_sla_dag.py
[2025-04-28T13:28:18.443+0000] {processor.py:830} INFO - Processing file /home/airflow/.local/lib/python3.8/site-packages/airflow/example_dags/example_sla_dag.py for tasks to queue
[2025-04-28T13:28:18.445+0000] {logging_mixin.py:188} INFO - [2025-04-28T13:28:18.444+0000] {dagbag.py:538} INFO - Filling up the DagBag from /home/airflow/.local/lib/python3.8/site-packages/airflow/example_dags/example_sla_dag.py
[2025-04-28T13:28:18.458+0000] {processor.py:840} INFO - DAG(s) 'example_sla_dag' retrieved from /home/airflow/.local/lib/python3.8/site-packages/airflow/example_dags/example_sla_dag.py
[2025-04-28T13:28:18.487+0000] {logging_mixin.py:188} INFO - [2025-04-28T13:28:18.487+0000] {dag.py:3033} INFO - Sync 1 DAGs
[2025-04-28T13:28:18.529+0000] {logging_mixin.py:188} INFO - [2025-04-28T13:28:18.529+0000] {dag.py:3820} INFO - Setting next_dagrun for example_sla_dag to 2025-04-28T13:26:00+00:00, run_after=2025-04-28T13:28:00+00:00
[2025-04-28T13:28:18.559+0000] {processor.py:183} INFO - Processing /home/airflow/.local/lib/python3.8/site-packages/airflow/example_dags/example_sla_dag.py took 0.122 seconds
[2025-04-28T13:28:48.759+0000] {processor.py:161} INFO - Started process (PID=15882) to work on /home/airflow/.local/lib/python3.8/site-packages/airflow/example_dags/example_sla_dag.py
[2025-04-28T13:28:48.761+0000] {processor.py:830} INFO - Processing file /home/airflow/.local/lib/python3.8/site-packages/airflow/example_dags/example_sla_dag.py for tasks to queue
[2025-04-28T13:28:48.762+0000] {logging_mixin.py:188} INFO - [2025-04-28T13:28:48.762+0000] {dagbag.py:538} INFO - Filling up the DagBag from /home/airflow/.local/lib/python3.8/site-packages/airflow/example_dags/example_sla_dag.py
[2025-04-28T13:28:48.779+0000] {processor.py:840} INFO - DAG(s) 'example_sla_dag' retrieved from /home/airflow/.local/lib/python3.8/site-packages/airflow/example_dags/example_sla_dag.py
[2025-04-28T13:28:48.812+0000] {logging_mixin.py:188} INFO - [2025-04-28T13:28:48.812+0000] {dag.py:3033} INFO - Sync 1 DAGs
[2025-04-28T13:28:48.867+0000] {logging_mixin.py:188} INFO - [2025-04-28T13:28:48.867+0000] {dag.py:3820} INFO - Setting next_dagrun for example_sla_dag to 2025-04-28T13:26:00+00:00, run_after=2025-04-28T13:28:00+00:00
[2025-04-28T13:28:48.897+0000] {processor.py:183} INFO - Processing /home/airflow/.local/lib/python3.8/site-packages/airflow/example_dags/example_sla_dag.py took 0.143 seconds
[2025-04-28T13:29:19.228+0000] {processor.py:161} INFO - Started process (PID=15938) to work on /home/airflow/.local/lib/python3.8/site-packages/airflow/example_dags/example_sla_dag.py
[2025-04-28T13:29:19.230+0000] {processor.py:830} INFO - Processing file /home/airflow/.local/lib/python3.8/site-packages/airflow/example_dags/example_sla_dag.py for tasks to queue
[2025-04-28T13:29:19.232+0000] {logging_mixin.py:188} INFO - [2025-04-28T13:29:19.231+0000] {dagbag.py:538} INFO - Filling up the DagBag from /home/airflow/.local/lib/python3.8/site-packages/airflow/example_dags/example_sla_dag.py
[2025-04-28T13:29:19.251+0000] {processor.py:840} INFO - DAG(s) 'example_sla_dag' retrieved from /home/airflow/.local/lib/python3.8/site-packages/airflow/example_dags/example_sla_dag.py
[2025-04-28T13:29:19.302+0000] {logging_mixin.py:188} INFO - [2025-04-28T13:29:19.302+0000] {dag.py:3033} INFO - Sync 1 DAGs
[2025-04-28T13:29:19.346+0000] {logging_mixin.py:188} INFO - [2025-04-28T13:29:19.346+0000] {dag.py:3820} INFO - Setting next_dagrun for example_sla_dag to 2025-04-28T13:26:00+00:00, run_after=2025-04-28T13:28:00+00:00
[2025-04-28T13:29:19.385+0000] {processor.py:183} INFO - Processing /home/airflow/.local/lib/python3.8/site-packages/airflow/example_dags/example_sla_dag.py took 0.163 seconds
[2025-04-28T13:29:49.584+0000] {processor.py:161} INFO - Started process (PID=15995) to work on /home/airflow/.local/lib/python3.8/site-packages/airflow/example_dags/example_sla_dag.py
[2025-04-28T13:29:49.586+0000] {processor.py:830} INFO - Processing file /home/airflow/.local/lib/python3.8/site-packages/airflow/example_dags/example_sla_dag.py for tasks to queue
[2025-04-28T13:29:49.588+0000] {logging_mixin.py:188} INFO - [2025-04-28T13:29:49.587+0000] {dagbag.py:538} INFO - Filling up the DagBag from /home/airflow/.local/lib/python3.8/site-packages/airflow/example_dags/example_sla_dag.py
[2025-04-28T13:29:49.604+0000] {processor.py:840} INFO - DAG(s) 'example_sla_dag' retrieved from /home/airflow/.local/lib/python3.8/site-packages/airflow/example_dags/example_sla_dag.py
[2025-04-28T13:29:49.640+0000] {logging_mixin.py:188} INFO - [2025-04-28T13:29:49.640+0000] {dag.py:3033} INFO - Sync 1 DAGs
[2025-04-28T13:29:49.685+0000] {logging_mixin.py:188} INFO - [2025-04-28T13:29:49.684+0000] {dag.py:3820} INFO - Setting next_dagrun for example_sla_dag to 2025-04-28T13:26:00+00:00, run_after=2025-04-28T13:28:00+00:00
[2025-04-28T13:29:49.714+0000] {processor.py:183} INFO - Processing /home/airflow/.local/lib/python3.8/site-packages/airflow/example_dags/example_sla_dag.py took 0.136 seconds
[2025-04-28T13:30:19.959+0000] {processor.py:161} INFO - Started process (PID=16051) to work on /home/airflow/.local/lib/python3.8/site-packages/airflow/example_dags/example_sla_dag.py
[2025-04-28T13:30:19.961+0000] {processor.py:830} INFO - Processing file /home/airflow/.local/lib/python3.8/site-packages/airflow/example_dags/example_sla_dag.py for tasks to queue
[2025-04-28T13:30:19.962+0000] {logging_mixin.py:188} INFO - [2025-04-28T13:30:19.962+0000] {dagbag.py:538} INFO - Filling up the DagBag from /home/airflow/.local/lib/python3.8/site-packages/airflow/example_dags/example_sla_dag.py
[2025-04-28T13:30:19.978+0000] {processor.py:840} INFO - DAG(s) 'example_sla_dag' retrieved from /home/airflow/.local/lib/python3.8/site-packages/airflow/example_dags/example_sla_dag.py
[2025-04-28T13:30:20.015+0000] {logging_mixin.py:188} INFO - [2025-04-28T13:30:20.015+0000] {dag.py:3033} INFO - Sync 1 DAGs
[2025-04-28T13:30:20.055+0000] {logging_mixin.py:188} INFO - [2025-04-28T13:30:20.055+0000] {dag.py:3820} INFO - Setting next_dagrun for example_sla_dag to 2025-04-28T13:28:00+00:00, run_after=2025-04-28T13:30:00+00:00
[2025-04-28T13:30:20.094+0000] {processor.py:183} INFO - Processing /home/airflow/.local/lib/python3.8/site-packages/airflow/example_dags/example_sla_dag.py took 0.140 seconds
[2025-04-28T13:30:51.322+0000] {processor.py:161} INFO - Started process (PID=16107) to work on /home/airflow/.local/lib/python3.8/site-packages/airflow/example_dags/example_sla_dag.py
[2025-04-28T13:30:51.324+0000] {processor.py:830} INFO - Processing file /home/airflow/.local/lib/python3.8/site-packages/airflow/example_dags/example_sla_dag.py for tasks to queue
[2025-04-28T13:30:51.325+0000] {logging_mixin.py:188} INFO - [2025-04-28T13:30:51.325+0000] {dagbag.py:538} INFO - Filling up the DagBag from /home/airflow/.local/lib/python3.8/site-packages/airflow/example_dags/example_sla_dag.py
[2025-04-28T13:30:51.338+0000] {processor.py:840} INFO - DAG(s) 'example_sla_dag' retrieved from /home/airflow/.local/lib/python3.8/site-packages/airflow/example_dags/example_sla_dag.py
[2025-04-28T13:30:51.371+0000] {logging_mixin.py:188} INFO - [2025-04-28T13:30:51.371+0000] {dag.py:3033} INFO - Sync 1 DAGs
[2025-04-28T13:30:51.416+0000] {logging_mixin.py:188} INFO - [2025-04-28T13:30:51.416+0000] {dag.py:3820} INFO - Setting next_dagrun for example_sla_dag to 2025-04-28T13:28:00+00:00, run_after=2025-04-28T13:30:00+00:00
[2025-04-28T13:30:51.449+0000] {processor.py:183} INFO - Processing /home/airflow/.local/lib/python3.8/site-packages/airflow/example_dags/example_sla_dag.py took 0.132 seconds
[2025-04-28T13:31:21.890+0000] {processor.py:161} INFO - Started process (PID=16161) to work on /home/airflow/.local/lib/python3.8/site-packages/airflow/example_dags/example_sla_dag.py
[2025-04-28T13:31:21.891+0000] {processor.py:830} INFO - Processing file /home/airflow/.local/lib/python3.8/site-packages/airflow/example_dags/example_sla_dag.py for tasks to queue
[2025-04-28T13:31:21.893+0000] {logging_mixin.py:188} INFO - [2025-04-28T13:31:21.892+0000] {dagbag.py:538} INFO - Filling up the DagBag from /home/airflow/.local/lib/python3.8/site-packages/airflow/example_dags/example_sla_dag.py
[2025-04-28T13:31:21.908+0000] {processor.py:840} INFO - DAG(s) 'example_sla_dag' retrieved from /home/airflow/.local/lib/python3.8/site-packages/airflow/example_dags/example_sla_dag.py
[2025-04-28T13:31:21.938+0000] {logging_mixin.py:188} INFO - [2025-04-28T13:31:21.937+0000] {dag.py:3033} INFO - Sync 1 DAGs
[2025-04-28T13:31:21.984+0000] {logging_mixin.py:188} INFO - [2025-04-28T13:31:21.984+0000] {dag.py:3820} INFO - Setting next_dagrun for example_sla_dag to 2025-04-28T13:28:00+00:00, run_after=2025-04-28T13:30:00+00:00
[2025-04-28T13:31:22.018+0000] {processor.py:183} INFO - Processing /home/airflow/.local/lib/python3.8/site-packages/airflow/example_dags/example_sla_dag.py took 0.135 seconds
[2025-04-28T13:31:52.224+0000] {processor.py:161} INFO - Started process (PID=16217) to work on /home/airflow/.local/lib/python3.8/site-packages/airflow/example_dags/example_sla_dag.py
[2025-04-28T13:31:52.226+0000] {processor.py:830} INFO - Processing file /home/airflow/.local/lib/python3.8/site-packages/airflow/example_dags/example_sla_dag.py for tasks to queue
[2025-04-28T13:31:52.228+0000] {logging_mixin.py:188} INFO - [2025-04-28T13:31:52.227+0000] {dagbag.py:538} INFO - Filling up the DagBag from /home/airflow/.local/lib/python3.8/site-packages/airflow/example_dags/example_sla_dag.py
[2025-04-28T13:31:52.243+0000] {processor.py:840} INFO - DAG(s) 'example_sla_dag' retrieved from /home/airflow/.local/lib/python3.8/site-packages/airflow/example_dags/example_sla_dag.py
[2025-04-28T13:31:52.275+0000] {logging_mixin.py:188} INFO - [2025-04-28T13:31:52.274+0000] {dag.py:3033} INFO - Sync 1 DAGs
[2025-04-28T13:31:52.319+0000] {logging_mixin.py:188} INFO - [2025-04-28T13:31:52.318+0000] {dag.py:3820} INFO - Setting next_dagrun for example_sla_dag to 2025-04-28T13:28:00+00:00, run_after=2025-04-28T13:30:00+00:00
[2025-04-28T13:31:52.353+0000] {processor.py:183} INFO - Processing /home/airflow/.local/lib/python3.8/site-packages/airflow/example_dags/example_sla_dag.py took 0.137 seconds
[2025-04-28T13:32:22.524+0000] {processor.py:161} INFO - Started process (PID=16273) to work on /home/airflow/.local/lib/python3.8/site-packages/airflow/example_dags/example_sla_dag.py
[2025-04-28T13:32:22.525+0000] {processor.py:830} INFO - Processing file /home/airflow/.local/lib/python3.8/site-packages/airflow/example_dags/example_sla_dag.py for tasks to queue
[2025-04-28T13:32:22.527+0000] {logging_mixin.py:188} INFO - [2025-04-28T13:32:22.527+0000] {dagbag.py:538} INFO - Filling up the DagBag from /home/airflow/.local/lib/python3.8/site-packages/airflow/example_dags/example_sla_dag.py
[2025-04-28T13:32:22.539+0000] {processor.py:840} INFO - DAG(s) 'example_sla_dag' retrieved from /home/airflow/.local/lib/python3.8/site-packages/airflow/example_dags/example_sla_dag.py
[2025-04-28T13:32:22.571+0000] {logging_mixin.py:188} INFO - [2025-04-28T13:32:22.571+0000] {dag.py:3033} INFO - Sync 1 DAGs
[2025-04-28T13:32:22.606+0000] {logging_mixin.py:188} INFO - [2025-04-28T13:32:22.606+0000] {dag.py:3820} INFO - Setting next_dagrun for example_sla_dag to 2025-04-28T13:30:00+00:00, run_after=2025-04-28T13:32:00+00:00
[2025-04-28T13:32:22.636+0000] {processor.py:183} INFO - Processing /home/airflow/.local/lib/python3.8/site-packages/airflow/example_dags/example_sla_dag.py took 0.117 seconds
[2025-04-28T13:32:52.769+0000] {processor.py:161} INFO - Started process (PID=16330) to work on /home/airflow/.local/lib/python3.8/site-packages/airflow/example_dags/example_sla_dag.py
[2025-04-28T13:32:52.771+0000] {processor.py:830} INFO - Processing file /home/airflow/.local/lib/python3.8/site-packages/airflow/example_dags/example_sla_dag.py for tasks to queue
[2025-04-28T13:32:52.773+0000] {logging_mixin.py:188} INFO - [2025-04-28T13:32:52.772+0000] {dagbag.py:538} INFO - Filling up the DagBag from /home/airflow/.local/lib/python3.8/site-packages/airflow/example_dags/example_sla_dag.py
[2025-04-28T13:32:52.785+0000] {processor.py:840} INFO - DAG(s) 'example_sla_dag' retrieved from /home/airflow/.local/lib/python3.8/site-packages/airflow/example_dags/example_sla_dag.py
[2025-04-28T13:32:52.814+0000] {logging_mixin.py:188} INFO - [2025-04-28T13:32:52.814+0000] {dag.py:3033} INFO - Sync 1 DAGs
[2025-04-28T13:32:52.856+0000] {logging_mixin.py:188} INFO - [2025-04-28T13:32:52.855+0000] {dag.py:3820} INFO - Setting next_dagrun for example_sla_dag to 2025-04-28T13:30:00+00:00, run_after=2025-04-28T13:32:00+00:00
[2025-04-28T13:32:52.894+0000] {processor.py:183} INFO - Processing /home/airflow/.local/lib/python3.8/site-packages/airflow/example_dags/example_sla_dag.py took 0.128 seconds
[2025-04-28T13:33:23.589+0000] {processor.py:161} INFO - Started process (PID=16387) to work on /home/airflow/.local/lib/python3.8/site-packages/airflow/example_dags/example_sla_dag.py
[2025-04-28T13:33:23.591+0000] {processor.py:830} INFO - Processing file /home/airflow/.local/lib/python3.8/site-packages/airflow/example_dags/example_sla_dag.py for tasks to queue
[2025-04-28T13:33:23.593+0000] {logging_mixin.py:188} INFO - [2025-04-28T13:33:23.592+0000] {dagbag.py:538} INFO - Filling up the DagBag from /home/airflow/.local/lib/python3.8/site-packages/airflow/example_dags/example_sla_dag.py
[2025-04-28T13:33:23.606+0000] {processor.py:840} INFO - DAG(s) 'example_sla_dag' retrieved from /home/airflow/.local/lib/python3.8/site-packages/airflow/example_dags/example_sla_dag.py
[2025-04-28T13:33:23.638+0000] {logging_mixin.py:188} INFO - [2025-04-28T13:33:23.638+0000] {dag.py:3033} INFO - Sync 1 DAGs
[2025-04-28T13:33:23.702+0000] {logging_mixin.py:188} INFO - [2025-04-28T13:33:23.702+0000] {dag.py:3820} INFO - Setting next_dagrun for example_sla_dag to 2025-04-28T13:30:00+00:00, run_after=2025-04-28T13:32:00+00:00
[2025-04-28T13:33:23.741+0000] {processor.py:183} INFO - Processing /home/airflow/.local/lib/python3.8/site-packages/airflow/example_dags/example_sla_dag.py took 0.158 seconds
[2025-04-28T13:33:54.624+0000] {processor.py:161} INFO - Started process (PID=16443) to work on /home/airflow/.local/lib/python3.8/site-packages/airflow/example_dags/example_sla_dag.py
[2025-04-28T13:33:54.626+0000] {processor.py:830} INFO - Processing file /home/airflow/.local/lib/python3.8/site-packages/airflow/example_dags/example_sla_dag.py for tasks to queue
[2025-04-28T13:33:54.629+0000] {logging_mixin.py:188} INFO - [2025-04-28T13:33:54.628+0000] {dagbag.py:538} INFO - Filling up the DagBag from /home/airflow/.local/lib/python3.8/site-packages/airflow/example_dags/example_sla_dag.py
[2025-04-28T13:33:54.665+0000] {processor.py:840} INFO - DAG(s) 'example_sla_dag' retrieved from /home/airflow/.local/lib/python3.8/site-packages/airflow/example_dags/example_sla_dag.py
[2025-04-28T13:33:54.714+0000] {logging_mixin.py:188} INFO - [2025-04-28T13:33:54.714+0000] {dag.py:3033} INFO - Sync 1 DAGs
[2025-04-28T13:33:54.769+0000] {logging_mixin.py:188} INFO - [2025-04-28T13:33:54.769+0000] {dag.py:3820} INFO - Setting next_dagrun for example_sla_dag to 2025-04-28T13:30:00+00:00, run_after=2025-04-28T13:32:00+00:00
[2025-04-28T13:33:54.805+0000] {processor.py:183} INFO - Processing /home/airflow/.local/lib/python3.8/site-packages/airflow/example_dags/example_sla_dag.py took 0.198 seconds
[2025-04-28T13:34:25.762+0000] {processor.py:161} INFO - Started process (PID=16499) to work on /home/airflow/.local/lib/python3.8/site-packages/airflow/example_dags/example_sla_dag.py
[2025-04-28T13:34:25.763+0000] {processor.py:830} INFO - Processing file /home/airflow/.local/lib/python3.8/site-packages/airflow/example_dags/example_sla_dag.py for tasks to queue
[2025-04-28T13:34:25.765+0000] {logging_mixin.py:188} INFO - [2025-04-28T13:34:25.764+0000] {dagbag.py:538} INFO - Filling up the DagBag from /home/airflow/.local/lib/python3.8/site-packages/airflow/example_dags/example_sla_dag.py
[2025-04-28T13:34:25.784+0000] {processor.py:840} INFO - DAG(s) 'example_sla_dag' retrieved from /home/airflow/.local/lib/python3.8/site-packages/airflow/example_dags/example_sla_dag.py
[2025-04-28T13:34:25.822+0000] {logging_mixin.py:188} INFO - [2025-04-28T13:34:25.821+0000] {dag.py:3033} INFO - Sync 1 DAGs
[2025-04-28T13:34:25.869+0000] {logging_mixin.py:188} INFO - [2025-04-28T13:34:25.869+0000] {dag.py:3820} INFO - Setting next_dagrun for example_sla_dag to 2025-04-28T13:32:00+00:00, run_after=2025-04-28T13:34:00+00:00
[2025-04-28T13:34:25.905+0000] {processor.py:183} INFO - Processing /home/airflow/.local/lib/python3.8/site-packages/airflow/example_dags/example_sla_dag.py took 0.148 seconds
[2025-04-28T13:34:56.465+0000] {processor.py:161} INFO - Started process (PID=16555) to work on /home/airflow/.local/lib/python3.8/site-packages/airflow/example_dags/example_sla_dag.py
[2025-04-28T13:34:56.469+0000] {processor.py:830} INFO - Processing file /home/airflow/.local/lib/python3.8/site-packages/airflow/example_dags/example_sla_dag.py for tasks to queue
[2025-04-28T13:34:56.472+0000] {logging_mixin.py:188} INFO - [2025-04-28T13:34:56.471+0000] {dagbag.py:538} INFO - Filling up the DagBag from /home/airflow/.local/lib/python3.8/site-packages/airflow/example_dags/example_sla_dag.py
[2025-04-28T13:34:56.494+0000] {processor.py:840} INFO - DAG(s) 'example_sla_dag' retrieved from /home/airflow/.local/lib/python3.8/site-packages/airflow/example_dags/example_sla_dag.py
[2025-04-28T13:34:56.549+0000] {logging_mixin.py:188} INFO - [2025-04-28T13:34:56.549+0000] {dag.py:3033} INFO - Sync 1 DAGs
[2025-04-28T13:34:56.653+0000] {logging_mixin.py:188} INFO - [2025-04-28T13:34:56.653+0000] {dag.py:3820} INFO - Setting next_dagrun for example_sla_dag to 2025-04-28T13:32:00+00:00, run_after=2025-04-28T13:34:00+00:00
[2025-04-28T13:34:56.754+0000] {processor.py:183} INFO - Processing /home/airflow/.local/lib/python3.8/site-packages/airflow/example_dags/example_sla_dag.py took 0.297 seconds
[2025-04-28T13:35:27.648+0000] {processor.py:161} INFO - Started process (PID=16611) to work on /home/airflow/.local/lib/python3.8/site-packages/airflow/example_dags/example_sla_dag.py
[2025-04-28T13:35:27.649+0000] {processor.py:830} INFO - Processing file /home/airflow/.local/lib/python3.8/site-packages/airflow/example_dags/example_sla_dag.py for tasks to queue
[2025-04-28T13:35:27.651+0000] {logging_mixin.py:188} INFO - [2025-04-28T13:35:27.650+0000] {dagbag.py:538} INFO - Filling up the DagBag from /home/airflow/.local/lib/python3.8/site-packages/airflow/example_dags/example_sla_dag.py
[2025-04-28T13:35:27.662+0000] {processor.py:840} INFO - DAG(s) 'example_sla_dag' retrieved from /home/airflow/.local/lib/python3.8/site-packages/airflow/example_dags/example_sla_dag.py
[2025-04-28T13:35:27.700+0000] {logging_mixin.py:188} INFO - [2025-04-28T13:35:27.700+0000] {dag.py:3033} INFO - Sync 1 DAGs
[2025-04-28T13:35:27.770+0000] {logging_mixin.py:188} INFO - [2025-04-28T13:35:27.760+0000] {dag.py:3820} INFO - Setting next_dagrun for example_sla_dag to 2025-04-28T13:32:00+00:00, run_after=2025-04-28T13:34:00+00:00
[2025-04-28T13:35:27.885+0000] {processor.py:183} INFO - Processing /home/airflow/.local/lib/python3.8/site-packages/airflow/example_dags/example_sla_dag.py took 0.244 seconds
[2025-04-28T13:35:58.568+0000] {processor.py:161} INFO - Started process (PID=16667) to work on /home/airflow/.local/lib/python3.8/site-packages/airflow/example_dags/example_sla_dag.py
[2025-04-28T13:35:58.570+0000] {processor.py:830} INFO - Processing file /home/airflow/.local/lib/python3.8/site-packages/airflow/example_dags/example_sla_dag.py for tasks to queue
[2025-04-28T13:35:58.572+0000] {logging_mixin.py:188} INFO - [2025-04-28T13:35:58.571+0000] {dagbag.py:538} INFO - Filling up the DagBag from /home/airflow/.local/lib/python3.8/site-packages/airflow/example_dags/example_sla_dag.py
[2025-04-28T13:35:58.583+0000] {processor.py:840} INFO - DAG(s) 'example_sla_dag' retrieved from /home/airflow/.local/lib/python3.8/site-packages/airflow/example_dags/example_sla_dag.py
[2025-04-28T13:35:58.615+0000] {logging_mixin.py:188} INFO - [2025-04-28T13:35:58.615+0000] {dag.py:3033} INFO - Sync 1 DAGs
[2025-04-28T13:35:58.662+0000] {logging_mixin.py:188} INFO - [2025-04-28T13:35:58.662+0000] {dag.py:3820} INFO - Setting next_dagrun for example_sla_dag to 2025-04-28T13:32:00+00:00, run_after=2025-04-28T13:34:00+00:00
[2025-04-28T13:35:58.705+0000] {processor.py:183} INFO - Processing /home/airflow/.local/lib/python3.8/site-packages/airflow/example_dags/example_sla_dag.py took 0.142 seconds
[2025-04-28T13:36:28.865+0000] {processor.py:161} INFO - Started process (PID=16723) to work on /home/airflow/.local/lib/python3.8/site-packages/airflow/example_dags/example_sla_dag.py
[2025-04-28T13:36:28.866+0000] {processor.py:830} INFO - Processing file /home/airflow/.local/lib/python3.8/site-packages/airflow/example_dags/example_sla_dag.py for tasks to queue
[2025-04-28T13:36:28.867+0000] {logging_mixin.py:188} INFO - [2025-04-28T13:36:28.867+0000] {dagbag.py:538} INFO - Filling up the DagBag from /home/airflow/.local/lib/python3.8/site-packages/airflow/example_dags/example_sla_dag.py
[2025-04-28T13:36:28.879+0000] {processor.py:840} INFO - DAG(s) 'example_sla_dag' retrieved from /home/airflow/.local/lib/python3.8/site-packages/airflow/example_dags/example_sla_dag.py
[2025-04-28T13:36:28.905+0000] {logging_mixin.py:188} INFO - [2025-04-28T13:36:28.905+0000] {dag.py:3033} INFO - Sync 1 DAGs
[2025-04-28T13:36:28.941+0000] {logging_mixin.py:188} INFO - [2025-04-28T13:36:28.940+0000] {dag.py:3820} INFO - Setting next_dagrun for example_sla_dag to 2025-04-28T13:34:00+00:00, run_after=2025-04-28T13:36:00+00:00
[2025-04-28T13:36:28.979+0000] {processor.py:183} INFO - Processing /home/airflow/.local/lib/python3.8/site-packages/airflow/example_dags/example_sla_dag.py took 0.119 seconds
[2025-04-28T13:36:59.167+0000] {processor.py:161} INFO - Started process (PID=16773) to work on /home/airflow/.local/lib/python3.8/site-packages/airflow/example_dags/example_sla_dag.py
[2025-04-28T13:36:59.169+0000] {processor.py:830} INFO - Processing file /home/airflow/.local/lib/python3.8/site-packages/airflow/example_dags/example_sla_dag.py for tasks to queue
[2025-04-28T13:36:59.170+0000] {logging_mixin.py:188} INFO - [2025-04-28T13:36:59.170+0000] {dagbag.py:538} INFO - Filling up the DagBag from /home/airflow/.local/lib/python3.8/site-packages/airflow/example_dags/example_sla_dag.py
[2025-04-28T13:36:59.183+0000] {processor.py:840} INFO - DAG(s) 'example_sla_dag' retrieved from /home/airflow/.local/lib/python3.8/site-packages/airflow/example_dags/example_sla_dag.py
[2025-04-28T13:36:59.208+0000] {logging_mixin.py:188} INFO - [2025-04-28T13:36:59.208+0000] {dag.py:3033} INFO - Sync 1 DAGs
[2025-04-28T13:36:59.247+0000] {logging_mixin.py:188} INFO - [2025-04-28T13:36:59.247+0000] {dag.py:3820} INFO - Setting next_dagrun for example_sla_dag to 2025-04-28T13:34:00+00:00, run_after=2025-04-28T13:36:00+00:00
[2025-04-28T13:36:59.273+0000] {processor.py:183} INFO - Processing /home/airflow/.local/lib/python3.8/site-packages/airflow/example_dags/example_sla_dag.py took 0.111 seconds
[2025-04-28T13:37:29.765+0000] {processor.py:161} INFO - Started process (PID=16829) to work on /home/airflow/.local/lib/python3.8/site-packages/airflow/example_dags/example_sla_dag.py
[2025-04-28T13:37:29.769+0000] {processor.py:830} INFO - Processing file /home/airflow/.local/lib/python3.8/site-packages/airflow/example_dags/example_sla_dag.py for tasks to queue
[2025-04-28T13:37:29.774+0000] {logging_mixin.py:188} INFO - [2025-04-28T13:37:29.773+0000] {dagbag.py:538} INFO - Filling up the DagBag from /home/airflow/.local/lib/python3.8/site-packages/airflow/example_dags/example_sla_dag.py
[2025-04-28T13:37:29.797+0000] {processor.py:840} INFO - DAG(s) 'example_sla_dag' retrieved from /home/airflow/.local/lib/python3.8/site-packages/airflow/example_dags/example_sla_dag.py
[2025-04-28T13:37:29.900+0000] {logging_mixin.py:188} INFO - [2025-04-28T13:37:29.898+0000] {dag.py:3033} INFO - Sync 1 DAGs
[2025-04-28T13:37:30.114+0000] {logging_mixin.py:188} INFO - [2025-04-28T13:37:30.113+0000] {dag.py:3820} INFO - Setting next_dagrun for example_sla_dag to 2025-04-28T13:34:00+00:00, run_after=2025-04-28T13:36:00+00:00
[2025-04-28T13:37:30.158+0000] {processor.py:183} INFO - Processing /home/airflow/.local/lib/python3.8/site-packages/airflow/example_dags/example_sla_dag.py took 0.401 seconds
[2025-04-28T13:38:00.268+0000] {processor.py:161} INFO - Started process (PID=16886) to work on /home/airflow/.local/lib/python3.8/site-packages/airflow/example_dags/example_sla_dag.py
[2025-04-28T13:38:00.270+0000] {processor.py:830} INFO - Processing file /home/airflow/.local/lib/python3.8/site-packages/airflow/example_dags/example_sla_dag.py for tasks to queue
[2025-04-28T13:38:00.271+0000] {logging_mixin.py:188} INFO - [2025-04-28T13:38:00.271+0000] {dagbag.py:538} INFO - Filling up the DagBag from /home/airflow/.local/lib/python3.8/site-packages/airflow/example_dags/example_sla_dag.py
[2025-04-28T13:38:00.290+0000] {processor.py:840} INFO - DAG(s) 'example_sla_dag' retrieved from /home/airflow/.local/lib/python3.8/site-packages/airflow/example_dags/example_sla_dag.py
[2025-04-28T13:38:00.319+0000] {logging_mixin.py:188} INFO - [2025-04-28T13:38:00.319+0000] {dag.py:3033} INFO - Sync 1 DAGs
[2025-04-28T13:38:00.352+0000] {logging_mixin.py:188} INFO - [2025-04-28T13:38:00.352+0000] {dag.py:3820} INFO - Setting next_dagrun for example_sla_dag to 2025-04-28T13:36:00+00:00, run_after=2025-04-28T13:38:00+00:00
[2025-04-28T13:38:00.379+0000] {processor.py:183} INFO - Processing /home/airflow/.local/lib/python3.8/site-packages/airflow/example_dags/example_sla_dag.py took 0.118 seconds
[2025-04-28T13:38:30.961+0000] {processor.py:161} INFO - Started process (PID=16941) to work on /home/airflow/.local/lib/python3.8/site-packages/airflow/example_dags/example_sla_dag.py
[2025-04-28T13:38:30.962+0000] {processor.py:830} INFO - Processing file /home/airflow/.local/lib/python3.8/site-packages/airflow/example_dags/example_sla_dag.py for tasks to queue
[2025-04-28T13:38:30.964+0000] {logging_mixin.py:188} INFO - [2025-04-28T13:38:30.964+0000] {dagbag.py:538} INFO - Filling up the DagBag from /home/airflow/.local/lib/python3.8/site-packages/airflow/example_dags/example_sla_dag.py
[2025-04-28T13:38:30.983+0000] {processor.py:840} INFO - DAG(s) 'example_sla_dag' retrieved from /home/airflow/.local/lib/python3.8/site-packages/airflow/example_dags/example_sla_dag.py
[2025-04-28T13:38:31.026+0000] {logging_mixin.py:188} INFO - [2025-04-28T13:38:31.025+0000] {dag.py:3033} INFO - Sync 1 DAGs
[2025-04-28T13:38:31.086+0000] {logging_mixin.py:188} INFO - [2025-04-28T13:38:31.085+0000] {dag.py:3820} INFO - Setting next_dagrun for example_sla_dag to 2025-04-28T13:36:00+00:00, run_after=2025-04-28T13:38:00+00:00
[2025-04-28T13:38:31.124+0000] {processor.py:183} INFO - Processing /home/airflow/.local/lib/python3.8/site-packages/airflow/example_dags/example_sla_dag.py took 0.171 seconds
[2025-04-28T13:39:01.718+0000] {processor.py:161} INFO - Started process (PID=16997) to work on /home/airflow/.local/lib/python3.8/site-packages/airflow/example_dags/example_sla_dag.py
[2025-04-28T13:39:01.720+0000] {processor.py:830} INFO - Processing file /home/airflow/.local/lib/python3.8/site-packages/airflow/example_dags/example_sla_dag.py for tasks to queue
[2025-04-28T13:39:01.722+0000] {logging_mixin.py:188} INFO - [2025-04-28T13:39:01.721+0000] {dagbag.py:538} INFO - Filling up the DagBag from /home/airflow/.local/lib/python3.8/site-packages/airflow/example_dags/example_sla_dag.py
[2025-04-28T13:39:01.741+0000] {processor.py:840} INFO - DAG(s) 'example_sla_dag' retrieved from /home/airflow/.local/lib/python3.8/site-packages/airflow/example_dags/example_sla_dag.py
[2025-04-28T13:39:01.776+0000] {logging_mixin.py:188} INFO - [2025-04-28T13:39:01.775+0000] {dag.py:3033} INFO - Sync 1 DAGs
[2025-04-28T13:39:01.831+0000] {logging_mixin.py:188} INFO - [2025-04-28T13:39:01.830+0000] {dag.py:3820} INFO - Setting next_dagrun for example_sla_dag to 2025-04-28T13:36:00+00:00, run_after=2025-04-28T13:38:00+00:00
[2025-04-28T13:39:01.884+0000] {processor.py:183} INFO - Processing /home/airflow/.local/lib/python3.8/site-packages/airflow/example_dags/example_sla_dag.py took 0.171 seconds
[2025-04-28T13:39:32.189+0000] {processor.py:161} INFO - Started process (PID=17053) to work on /home/airflow/.local/lib/python3.8/site-packages/airflow/example_dags/example_sla_dag.py
[2025-04-28T13:39:32.190+0000] {processor.py:830} INFO - Processing file /home/airflow/.local/lib/python3.8/site-packages/airflow/example_dags/example_sla_dag.py for tasks to queue
[2025-04-28T13:39:32.192+0000] {logging_mixin.py:188} INFO - [2025-04-28T13:39:32.191+0000] {dagbag.py:538} INFO - Filling up the DagBag from /home/airflow/.local/lib/python3.8/site-packages/airflow/example_dags/example_sla_dag.py
[2025-04-28T13:39:32.209+0000] {processor.py:840} INFO - DAG(s) 'example_sla_dag' retrieved from /home/airflow/.local/lib/python3.8/site-packages/airflow/example_dags/example_sla_dag.py
[2025-04-28T13:39:32.243+0000] {logging_mixin.py:188} INFO - [2025-04-28T13:39:32.242+0000] {dag.py:3033} INFO - Sync 1 DAGs
[2025-04-28T13:39:32.275+0000] {logging_mixin.py:188} INFO - [2025-04-28T13:39:32.275+0000] {dag.py:3820} INFO - Setting next_dagrun for example_sla_dag to 2025-04-28T13:36:00+00:00, run_after=2025-04-28T13:38:00+00:00
[2025-04-28T13:39:32.308+0000] {processor.py:183} INFO - Processing /home/airflow/.local/lib/python3.8/site-packages/airflow/example_dags/example_sla_dag.py took 0.123 seconds
[2025-04-28T13:40:02.599+0000] {processor.py:161} INFO - Started process (PID=17109) to work on /home/airflow/.local/lib/python3.8/site-packages/airflow/example_dags/example_sla_dag.py
[2025-04-28T13:40:02.600+0000] {processor.py:830} INFO - Processing file /home/airflow/.local/lib/python3.8/site-packages/airflow/example_dags/example_sla_dag.py for tasks to queue
[2025-04-28T13:40:02.602+0000] {logging_mixin.py:188} INFO - [2025-04-28T13:40:02.602+0000] {dagbag.py:538} INFO - Filling up the DagBag from /home/airflow/.local/lib/python3.8/site-packages/airflow/example_dags/example_sla_dag.py
[2025-04-28T13:40:02.625+0000] {processor.py:840} INFO - DAG(s) 'example_sla_dag' retrieved from /home/airflow/.local/lib/python3.8/site-packages/airflow/example_dags/example_sla_dag.py
[2025-04-28T13:40:02.676+0000] {logging_mixin.py:188} INFO - [2025-04-28T13:40:02.675+0000] {dag.py:3033} INFO - Sync 1 DAGs
[2025-04-28T13:40:02.743+0000] {logging_mixin.py:188} INFO - [2025-04-28T13:40:02.743+0000] {dag.py:3820} INFO - Setting next_dagrun for example_sla_dag to 2025-04-28T13:38:00+00:00, run_after=2025-04-28T13:40:00+00:00
[2025-04-28T13:40:02.785+0000] {processor.py:183} INFO - Processing /home/airflow/.local/lib/python3.8/site-packages/airflow/example_dags/example_sla_dag.py took 0.205 seconds
[2025-04-28T13:40:33.475+0000] {processor.py:161} INFO - Started process (PID=17165) to work on /home/airflow/.local/lib/python3.8/site-packages/airflow/example_dags/example_sla_dag.py
[2025-04-28T13:40:33.477+0000] {processor.py:830} INFO - Processing file /home/airflow/.local/lib/python3.8/site-packages/airflow/example_dags/example_sla_dag.py for tasks to queue
[2025-04-28T13:40:33.479+0000] {logging_mixin.py:188} INFO - [2025-04-28T13:40:33.479+0000] {dagbag.py:538} INFO - Filling up the DagBag from /home/airflow/.local/lib/python3.8/site-packages/airflow/example_dags/example_sla_dag.py
[2025-04-28T13:40:33.500+0000] {processor.py:840} INFO - DAG(s) 'example_sla_dag' retrieved from /home/airflow/.local/lib/python3.8/site-packages/airflow/example_dags/example_sla_dag.py
[2025-04-28T13:40:33.543+0000] {logging_mixin.py:188} INFO - [2025-04-28T13:40:33.542+0000] {dag.py:3033} INFO - Sync 1 DAGs
[2025-04-28T13:40:33.595+0000] {logging_mixin.py:188} INFO - [2025-04-28T13:40:33.594+0000] {dag.py:3820} INFO - Setting next_dagrun for example_sla_dag to 2025-04-28T13:38:00+00:00, run_after=2025-04-28T13:40:00+00:00
[2025-04-28T13:40:33.640+0000] {processor.py:183} INFO - Processing /home/airflow/.local/lib/python3.8/site-packages/airflow/example_dags/example_sla_dag.py took 0.168 seconds
[2025-04-28T13:41:04.281+0000] {processor.py:161} INFO - Started process (PID=17221) to work on /home/airflow/.local/lib/python3.8/site-packages/airflow/example_dags/example_sla_dag.py
[2025-04-28T13:41:04.283+0000] {processor.py:830} INFO - Processing file /home/airflow/.local/lib/python3.8/site-packages/airflow/example_dags/example_sla_dag.py for tasks to queue
[2025-04-28T13:41:04.285+0000] {logging_mixin.py:188} INFO - [2025-04-28T13:41:04.285+0000] {dagbag.py:538} INFO - Filling up the DagBag from /home/airflow/.local/lib/python3.8/site-packages/airflow/example_dags/example_sla_dag.py
[2025-04-28T13:41:04.302+0000] {processor.py:840} INFO - DAG(s) 'example_sla_dag' retrieved from /home/airflow/.local/lib/python3.8/site-packages/airflow/example_dags/example_sla_dag.py
[2025-04-28T13:41:04.336+0000] {logging_mixin.py:188} INFO - [2025-04-28T13:41:04.335+0000] {dag.py:3033} INFO - Sync 1 DAGs
[2025-04-28T13:41:04.377+0000] {logging_mixin.py:188} INFO - [2025-04-28T13:41:04.377+0000] {dag.py:3820} INFO - Setting next_dagrun for example_sla_dag to 2025-04-28T13:38:00+00:00, run_after=2025-04-28T13:40:00+00:00
[2025-04-28T13:41:04.413+0000] {processor.py:183} INFO - Processing /home/airflow/.local/lib/python3.8/site-packages/airflow/example_dags/example_sla_dag.py took 0.140 seconds
[2025-04-28T13:41:37.465+0000] {processor.py:161} INFO - Started process (PID=17275) to work on /home/airflow/.local/lib/python3.8/site-packages/airflow/example_dags/example_sla_dag.py
[2025-04-28T13:41:37.466+0000] {processor.py:830} INFO - Processing file /home/airflow/.local/lib/python3.8/site-packages/airflow/example_dags/example_sla_dag.py for tasks to queue
[2025-04-28T13:41:37.468+0000] {logging_mixin.py:188} INFO - [2025-04-28T13:41:37.467+0000] {dagbag.py:538} INFO - Filling up the DagBag from /home/airflow/.local/lib/python3.8/site-packages/airflow/example_dags/example_sla_dag.py
[2025-04-28T13:41:37.480+0000] {processor.py:840} INFO - DAG(s) 'example_sla_dag' retrieved from /home/airflow/.local/lib/python3.8/site-packages/airflow/example_dags/example_sla_dag.py
[2025-04-28T13:41:37.512+0000] {logging_mixin.py:188} INFO - [2025-04-28T13:41:37.512+0000] {dag.py:3033} INFO - Sync 1 DAGs
[2025-04-28T13:41:37.550+0000] {logging_mixin.py:188} INFO - [2025-04-28T13:41:37.550+0000] {dag.py:3820} INFO - Setting next_dagrun for example_sla_dag to 2025-04-28T13:38:00+00:00, run_after=2025-04-28T13:40:00+00:00
[2025-04-28T13:41:37.578+0000] {processor.py:183} INFO - Processing /home/airflow/.local/lib/python3.8/site-packages/airflow/example_dags/example_sla_dag.py took 0.117 seconds
[2025-04-28T13:42:10.298+0000] {processor.py:161} INFO - Started process (PID=17330) to work on /home/airflow/.local/lib/python3.8/site-packages/airflow/example_dags/example_sla_dag.py
[2025-04-28T13:42:10.300+0000] {processor.py:830} INFO - Processing file /home/airflow/.local/lib/python3.8/site-packages/airflow/example_dags/example_sla_dag.py for tasks to queue
[2025-04-28T13:42:10.302+0000] {logging_mixin.py:188} INFO - [2025-04-28T13:42:10.301+0000] {dagbag.py:538} INFO - Filling up the DagBag from /home/airflow/.local/lib/python3.8/site-packages/airflow/example_dags/example_sla_dag.py
[2025-04-28T13:42:10.319+0000] {processor.py:840} INFO - DAG(s) 'example_sla_dag' retrieved from /home/airflow/.local/lib/python3.8/site-packages/airflow/example_dags/example_sla_dag.py
[2025-04-28T13:42:10.364+0000] {logging_mixin.py:188} INFO - [2025-04-28T13:42:10.363+0000] {dag.py:3033} INFO - Sync 1 DAGs
[2025-04-28T13:42:10.432+0000] {logging_mixin.py:188} INFO - [2025-04-28T13:42:10.431+0000] {dag.py:3820} INFO - Setting next_dagrun for example_sla_dag to 2025-04-28T13:40:00+00:00, run_after=2025-04-28T13:42:00+00:00
[2025-04-28T13:42:10.676+0000] {processor.py:183} INFO - Processing /home/airflow/.local/lib/python3.8/site-packages/airflow/example_dags/example_sla_dag.py took 0.385 seconds
[2025-04-28T13:42:42.882+0000] {processor.py:161} INFO - Started process (PID=17379) to work on /home/airflow/.local/lib/python3.8/site-packages/airflow/example_dags/example_sla_dag.py
[2025-04-28T13:42:42.884+0000] {processor.py:830} INFO - Processing file /home/airflow/.local/lib/python3.8/site-packages/airflow/example_dags/example_sla_dag.py for tasks to queue
[2025-04-28T13:42:42.887+0000] {logging_mixin.py:188} INFO - [2025-04-28T13:42:42.886+0000] {dagbag.py:538} INFO - Filling up the DagBag from /home/airflow/.local/lib/python3.8/site-packages/airflow/example_dags/example_sla_dag.py
[2025-04-28T13:42:42.913+0000] {processor.py:840} INFO - DAG(s) 'example_sla_dag' retrieved from /home/airflow/.local/lib/python3.8/site-packages/airflow/example_dags/example_sla_dag.py
[2025-04-28T13:42:42.962+0000] {logging_mixin.py:188} INFO - [2025-04-28T13:42:42.962+0000] {dag.py:3033} INFO - Sync 1 DAGs
[2025-04-28T13:42:43.020+0000] {logging_mixin.py:188} INFO - [2025-04-28T13:42:43.020+0000] {dag.py:3820} INFO - Setting next_dagrun for example_sla_dag to 2025-04-28T13:40:00+00:00, run_after=2025-04-28T13:42:00+00:00
[2025-04-28T13:42:43.066+0000] {processor.py:183} INFO - Processing /home/airflow/.local/lib/python3.8/site-packages/airflow/example_dags/example_sla_dag.py took 0.193 seconds
[2025-04-28T13:43:16.676+0000] {processor.py:161} INFO - Started process (PID=17435) to work on /home/airflow/.local/lib/python3.8/site-packages/airflow/example_dags/example_sla_dag.py
[2025-04-28T13:43:16.678+0000] {processor.py:830} INFO - Processing file /home/airflow/.local/lib/python3.8/site-packages/airflow/example_dags/example_sla_dag.py for tasks to queue
[2025-04-28T13:43:16.680+0000] {logging_mixin.py:188} INFO - [2025-04-28T13:43:16.679+0000] {dagbag.py:538} INFO - Filling up the DagBag from /home/airflow/.local/lib/python3.8/site-packages/airflow/example_dags/example_sla_dag.py
[2025-04-28T13:43:16.698+0000] {processor.py:840} INFO - DAG(s) 'example_sla_dag' retrieved from /home/airflow/.local/lib/python3.8/site-packages/airflow/example_dags/example_sla_dag.py
[2025-04-28T13:43:16.733+0000] {logging_mixin.py:188} INFO - [2025-04-28T13:43:16.733+0000] {dag.py:3033} INFO - Sync 1 DAGs
[2025-04-28T13:43:16.778+0000] {logging_mixin.py:188} INFO - [2025-04-28T13:43:16.778+0000] {dag.py:3820} INFO - Setting next_dagrun for example_sla_dag to 2025-04-28T13:40:00+00:00, run_after=2025-04-28T13:42:00+00:00
[2025-04-28T13:43:16.809+0000] {processor.py:183} INFO - Processing /home/airflow/.local/lib/python3.8/site-packages/airflow/example_dags/example_sla_dag.py took 0.139 seconds
[2025-04-28T13:43:47.268+0000] {processor.py:161} INFO - Started process (PID=17492) to work on /home/airflow/.local/lib/python3.8/site-packages/airflow/example_dags/example_sla_dag.py
[2025-04-28T13:43:47.270+0000] {processor.py:830} INFO - Processing file /home/airflow/.local/lib/python3.8/site-packages/airflow/example_dags/example_sla_dag.py for tasks to queue
[2025-04-28T13:43:47.272+0000] {logging_mixin.py:188} INFO - [2025-04-28T13:43:47.271+0000] {dagbag.py:538} INFO - Filling up the DagBag from /home/airflow/.local/lib/python3.8/site-packages/airflow/example_dags/example_sla_dag.py
[2025-04-28T13:43:47.293+0000] {processor.py:840} INFO - DAG(s) 'example_sla_dag' retrieved from /home/airflow/.local/lib/python3.8/site-packages/airflow/example_dags/example_sla_dag.py
[2025-04-28T13:43:47.342+0000] {logging_mixin.py:188} INFO - [2025-04-28T13:43:47.341+0000] {dag.py:3033} INFO - Sync 1 DAGs
[2025-04-28T13:43:47.432+0000] {logging_mixin.py:188} INFO - [2025-04-28T13:43:47.432+0000] {dag.py:3820} INFO - Setting next_dagrun for example_sla_dag to 2025-04-28T13:40:00+00:00, run_after=2025-04-28T13:42:00+00:00
[2025-04-28T13:43:47.664+0000] {processor.py:183} INFO - Processing /home/airflow/.local/lib/python3.8/site-packages/airflow/example_dags/example_sla_dag.py took 0.404 seconds
[2025-04-28T13:44:22.820+0000] {processor.py:161} INFO - Started process (PID=17549) to work on /home/airflow/.local/lib/python3.8/site-packages/airflow/example_dags/example_sla_dag.py
[2025-04-28T13:44:22.822+0000] {processor.py:830} INFO - Processing file /home/airflow/.local/lib/python3.8/site-packages/airflow/example_dags/example_sla_dag.py for tasks to queue
[2025-04-28T13:44:22.826+0000] {logging_mixin.py:188} INFO - [2025-04-28T13:44:22.825+0000] {dagbag.py:538} INFO - Filling up the DagBag from /home/airflow/.local/lib/python3.8/site-packages/airflow/example_dags/example_sla_dag.py
[2025-04-28T13:44:22.854+0000] {processor.py:840} INFO - DAG(s) 'example_sla_dag' retrieved from /home/airflow/.local/lib/python3.8/site-packages/airflow/example_dags/example_sla_dag.py
[2025-04-28T13:44:22.917+0000] {logging_mixin.py:188} INFO - [2025-04-28T13:44:22.917+0000] {dag.py:3033} INFO - Sync 1 DAGs
[2025-04-28T13:44:22.971+0000] {logging_mixin.py:188} INFO - [2025-04-28T13:44:22.971+0000] {dag.py:3820} INFO - Setting next_dagrun for example_sla_dag to 2025-04-28T13:42:00+00:00, run_after=2025-04-28T13:44:00+00:00
[2025-04-28T13:44:23.019+0000] {processor.py:183} INFO - Processing /home/airflow/.local/lib/python3.8/site-packages/airflow/example_dags/example_sla_dag.py took 0.207 seconds
[2025-04-28T13:44:54.662+0000] {processor.py:161} INFO - Started process (PID=17604) to work on /home/airflow/.local/lib/python3.8/site-packages/airflow/example_dags/example_sla_dag.py
[2025-04-28T13:44:54.668+0000] {processor.py:830} INFO - Processing file /home/airflow/.local/lib/python3.8/site-packages/airflow/example_dags/example_sla_dag.py for tasks to queue
[2025-04-28T13:44:54.670+0000] {logging_mixin.py:188} INFO - [2025-04-28T13:44:54.669+0000] {dagbag.py:538} INFO - Filling up the DagBag from /home/airflow/.local/lib/python3.8/site-packages/airflow/example_dags/example_sla_dag.py
[2025-04-28T13:44:54.689+0000] {processor.py:840} INFO - DAG(s) 'example_sla_dag' retrieved from /home/airflow/.local/lib/python3.8/site-packages/airflow/example_dags/example_sla_dag.py
[2025-04-28T13:44:54.735+0000] {logging_mixin.py:188} INFO - [2025-04-28T13:44:54.735+0000] {dag.py:3033} INFO - Sync 1 DAGs
[2025-04-28T13:44:54.780+0000] {logging_mixin.py:188} INFO - [2025-04-28T13:44:54.780+0000] {dag.py:3820} INFO - Setting next_dagrun for example_sla_dag to 2025-04-28T13:42:00+00:00, run_after=2025-04-28T13:44:00+00:00
[2025-04-28T13:44:54.825+0000] {processor.py:183} INFO - Processing /home/airflow/.local/lib/python3.8/site-packages/airflow/example_dags/example_sla_dag.py took 0.170 seconds
[2025-04-28T13:45:26.460+0000] {processor.py:161} INFO - Started process (PID=17648) to work on /home/airflow/.local/lib/python3.8/site-packages/airflow/example_dags/example_sla_dag.py
[2025-04-28T13:45:26.462+0000] {processor.py:830} INFO - Processing file /home/airflow/.local/lib/python3.8/site-packages/airflow/example_dags/example_sla_dag.py for tasks to queue
[2025-04-28T13:45:26.465+0000] {logging_mixin.py:188} INFO - [2025-04-28T13:45:26.464+0000] {dagbag.py:538} INFO - Filling up the DagBag from /home/airflow/.local/lib/python3.8/site-packages/airflow/example_dags/example_sla_dag.py
[2025-04-28T13:45:26.481+0000] {processor.py:840} INFO - DAG(s) 'example_sla_dag' retrieved from /home/airflow/.local/lib/python3.8/site-packages/airflow/example_dags/example_sla_dag.py
[2025-04-28T13:45:26.525+0000] {logging_mixin.py:188} INFO - [2025-04-28T13:45:26.524+0000] {dag.py:3033} INFO - Sync 1 DAGs
[2025-04-28T13:45:26.588+0000] {logging_mixin.py:188} INFO - [2025-04-28T13:45:26.587+0000] {dag.py:3820} INFO - Setting next_dagrun for example_sla_dag to 2025-04-28T13:42:00+00:00, run_after=2025-04-28T13:44:00+00:00
[2025-04-28T13:45:26.816+0000] {processor.py:183} INFO - Processing /home/airflow/.local/lib/python3.8/site-packages/airflow/example_dags/example_sla_dag.py took 0.360 seconds
[2025-04-28T13:45:57.416+0000] {processor.py:161} INFO - Started process (PID=17705) to work on /home/airflow/.local/lib/python3.8/site-packages/airflow/example_dags/example_sla_dag.py
[2025-04-28T13:45:57.417+0000] {processor.py:830} INFO - Processing file /home/airflow/.local/lib/python3.8/site-packages/airflow/example_dags/example_sla_dag.py for tasks to queue
[2025-04-28T13:45:57.420+0000] {logging_mixin.py:188} INFO - [2025-04-28T13:45:57.419+0000] {dagbag.py:538} INFO - Filling up the DagBag from /home/airflow/.local/lib/python3.8/site-packages/airflow/example_dags/example_sla_dag.py
[2025-04-28T13:45:57.432+0000] {processor.py:840} INFO - DAG(s) 'example_sla_dag' retrieved from /home/airflow/.local/lib/python3.8/site-packages/airflow/example_dags/example_sla_dag.py
[2025-04-28T13:45:57.460+0000] {logging_mixin.py:188} INFO - [2025-04-28T13:45:57.460+0000] {dag.py:3033} INFO - Sync 1 DAGs
[2025-04-28T13:45:57.506+0000] {logging_mixin.py:188} INFO - [2025-04-28T13:45:57.506+0000] {dag.py:3820} INFO - Setting next_dagrun for example_sla_dag to 2025-04-28T13:42:00+00:00, run_after=2025-04-28T13:44:00+00:00
[2025-04-28T13:45:57.533+0000] {processor.py:183} INFO - Processing /home/airflow/.local/lib/python3.8/site-packages/airflow/example_dags/example_sla_dag.py took 0.122 seconds
[2025-04-28T13:46:30.071+0000] {processor.py:161} INFO - Started process (PID=17761) to work on /home/airflow/.local/lib/python3.8/site-packages/airflow/example_dags/example_sla_dag.py
[2025-04-28T13:46:30.073+0000] {processor.py:830} INFO - Processing file /home/airflow/.local/lib/python3.8/site-packages/airflow/example_dags/example_sla_dag.py for tasks to queue
[2025-04-28T13:46:30.074+0000] {logging_mixin.py:188} INFO - [2025-04-28T13:46:30.074+0000] {dagbag.py:538} INFO - Filling up the DagBag from /home/airflow/.local/lib/python3.8/site-packages/airflow/example_dags/example_sla_dag.py
[2025-04-28T13:46:30.086+0000] {processor.py:840} INFO - DAG(s) 'example_sla_dag' retrieved from /home/airflow/.local/lib/python3.8/site-packages/airflow/example_dags/example_sla_dag.py
[2025-04-28T13:46:30.115+0000] {logging_mixin.py:188} INFO - [2025-04-28T13:46:30.114+0000] {dag.py:3033} INFO - Sync 1 DAGs
[2025-04-28T13:46:30.152+0000] {logging_mixin.py:188} INFO - [2025-04-28T13:46:30.152+0000] {dag.py:3820} INFO - Setting next_dagrun for example_sla_dag to 2025-04-28T13:44:00+00:00, run_after=2025-04-28T13:46:00+00:00
[2025-04-28T13:46:30.180+0000] {processor.py:183} INFO - Processing /home/airflow/.local/lib/python3.8/site-packages/airflow/example_dags/example_sla_dag.py took 0.113 seconds
[2025-04-28T13:47:04.994+0000] {processor.py:161} INFO - Started process (PID=17818) to work on /home/airflow/.local/lib/python3.8/site-packages/airflow/example_dags/example_sla_dag.py
[2025-04-28T13:47:04.995+0000] {processor.py:830} INFO - Processing file /home/airflow/.local/lib/python3.8/site-packages/airflow/example_dags/example_sla_dag.py for tasks to queue
[2025-04-28T13:47:04.998+0000] {logging_mixin.py:188} INFO - [2025-04-28T13:47:04.998+0000] {dagbag.py:538} INFO - Filling up the DagBag from /home/airflow/.local/lib/python3.8/site-packages/airflow/example_dags/example_sla_dag.py
[2025-04-28T13:47:05.014+0000] {processor.py:840} INFO - DAG(s) 'example_sla_dag' retrieved from /home/airflow/.local/lib/python3.8/site-packages/airflow/example_dags/example_sla_dag.py
[2025-04-28T13:47:05.056+0000] {logging_mixin.py:188} INFO - [2025-04-28T13:47:05.056+0000] {dag.py:3033} INFO - Sync 1 DAGs
[2025-04-28T13:47:05.309+0000] {logging_mixin.py:188} INFO - [2025-04-28T13:47:05.309+0000] {dag.py:3820} INFO - Setting next_dagrun for example_sla_dag to 2025-04-28T13:44:00+00:00, run_after=2025-04-28T13:46:00+00:00
[2025-04-28T13:47:05.333+0000] {processor.py:183} INFO - Processing /home/airflow/.local/lib/python3.8/site-packages/airflow/example_dags/example_sla_dag.py took 0.344 seconds
[2025-04-28T13:47:35.778+0000] {processor.py:161} INFO - Started process (PID=17875) to work on /home/airflow/.local/lib/python3.8/site-packages/airflow/example_dags/example_sla_dag.py
[2025-04-28T13:47:35.785+0000] {processor.py:830} INFO - Processing file /home/airflow/.local/lib/python3.8/site-packages/airflow/example_dags/example_sla_dag.py for tasks to queue
[2025-04-28T13:47:35.787+0000] {logging_mixin.py:188} INFO - [2025-04-28T13:47:35.786+0000] {dagbag.py:538} INFO - Filling up the DagBag from /home/airflow/.local/lib/python3.8/site-packages/airflow/example_dags/example_sla_dag.py
[2025-04-28T13:47:35.805+0000] {processor.py:840} INFO - DAG(s) 'example_sla_dag' retrieved from /home/airflow/.local/lib/python3.8/site-packages/airflow/example_dags/example_sla_dag.py
[2025-04-28T13:47:35.856+0000] {logging_mixin.py:188} INFO - [2025-04-28T13:47:35.856+0000] {dag.py:3033} INFO - Sync 1 DAGs
[2025-04-28T13:47:35.922+0000] {logging_mixin.py:188} INFO - [2025-04-28T13:47:35.921+0000] {dag.py:3820} INFO - Setting next_dagrun for example_sla_dag to 2025-04-28T13:44:00+00:00, run_after=2025-04-28T13:46:00+00:00
[2025-04-28T13:47:35.962+0000] {processor.py:183} INFO - Processing /home/airflow/.local/lib/python3.8/site-packages/airflow/example_dags/example_sla_dag.py took 0.189 seconds
[2025-04-28T13:48:10.271+0000] {processor.py:161} INFO - Started process (PID=17931) to work on /home/airflow/.local/lib/python3.8/site-packages/airflow/example_dags/example_sla_dag.py
[2025-04-28T13:48:10.275+0000] {processor.py:830} INFO - Processing file /home/airflow/.local/lib/python3.8/site-packages/airflow/example_dags/example_sla_dag.py for tasks to queue
[2025-04-28T13:48:10.279+0000] {logging_mixin.py:188} INFO - [2025-04-28T13:48:10.278+0000] {dagbag.py:538} INFO - Filling up the DagBag from /home/airflow/.local/lib/python3.8/site-packages/airflow/example_dags/example_sla_dag.py
[2025-04-28T13:48:10.300+0000] {processor.py:840} INFO - DAG(s) 'example_sla_dag' retrieved from /home/airflow/.local/lib/python3.8/site-packages/airflow/example_dags/example_sla_dag.py
[2025-04-28T13:48:10.520+0000] {logging_mixin.py:188} INFO - [2025-04-28T13:48:10.520+0000] {dag.py:3033} INFO - Sync 1 DAGs
[2025-04-28T13:48:10.552+0000] {logging_mixin.py:188} INFO - [2025-04-28T13:48:10.552+0000] {dag.py:3820} INFO - Setting next_dagrun for example_sla_dag to 2025-04-28T13:46:00+00:00, run_after=2025-04-28T13:48:00+00:00
[2025-04-28T13:48:10.582+0000] {processor.py:183} INFO - Processing /home/airflow/.local/lib/python3.8/site-packages/airflow/example_dags/example_sla_dag.py took 0.317 seconds
[2025-04-28T13:48:41.017+0000] {processor.py:161} INFO - Started process (PID=17987) to work on /home/airflow/.local/lib/python3.8/site-packages/airflow/example_dags/example_sla_dag.py
[2025-04-28T13:48:41.019+0000] {processor.py:830} INFO - Processing file /home/airflow/.local/lib/python3.8/site-packages/airflow/example_dags/example_sla_dag.py for tasks to queue
[2025-04-28T13:48:41.021+0000] {logging_mixin.py:188} INFO - [2025-04-28T13:48:41.020+0000] {dagbag.py:538} INFO - Filling up the DagBag from /home/airflow/.local/lib/python3.8/site-packages/airflow/example_dags/example_sla_dag.py
[2025-04-28T13:48:41.040+0000] {processor.py:840} INFO - DAG(s) 'example_sla_dag' retrieved from /home/airflow/.local/lib/python3.8/site-packages/airflow/example_dags/example_sla_dag.py
[2025-04-28T13:48:41.084+0000] {logging_mixin.py:188} INFO - [2025-04-28T13:48:41.084+0000] {dag.py:3033} INFO - Sync 1 DAGs
[2025-04-28T13:48:41.152+0000] {logging_mixin.py:188} INFO - [2025-04-28T13:48:41.151+0000] {dag.py:3820} INFO - Setting next_dagrun for example_sla_dag to 2025-04-28T13:46:00+00:00, run_after=2025-04-28T13:48:00+00:00
[2025-04-28T13:48:41.207+0000] {processor.py:183} INFO - Processing /home/airflow/.local/lib/python3.8/site-packages/airflow/example_dags/example_sla_dag.py took 0.198 seconds
[2025-04-28T13:49:13.700+0000] {processor.py:161} INFO - Started process (PID=18044) to work on /home/airflow/.local/lib/python3.8/site-packages/airflow/example_dags/example_sla_dag.py
[2025-04-28T13:49:13.703+0000] {processor.py:830} INFO - Processing file /home/airflow/.local/lib/python3.8/site-packages/airflow/example_dags/example_sla_dag.py for tasks to queue
[2025-04-28T13:49:13.705+0000] {logging_mixin.py:188} INFO - [2025-04-28T13:49:13.704+0000] {dagbag.py:538} INFO - Filling up the DagBag from /home/airflow/.local/lib/python3.8/site-packages/airflow/example_dags/example_sla_dag.py
[2025-04-28T13:49:13.724+0000] {processor.py:840} INFO - DAG(s) 'example_sla_dag' retrieved from /home/airflow/.local/lib/python3.8/site-packages/airflow/example_dags/example_sla_dag.py
[2025-04-28T13:49:13.764+0000] {logging_mixin.py:188} INFO - [2025-04-28T13:49:13.764+0000] {dag.py:3033} INFO - Sync 1 DAGs
[2025-04-28T13:49:13.833+0000] {logging_mixin.py:188} INFO - [2025-04-28T13:49:13.833+0000] {dag.py:3820} INFO - Setting next_dagrun for example_sla_dag to 2025-04-28T13:46:00+00:00, run_after=2025-04-28T13:48:00+00:00
[2025-04-28T13:49:13.881+0000] {processor.py:183} INFO - Processing /home/airflow/.local/lib/python3.8/site-packages/airflow/example_dags/example_sla_dag.py took 0.188 seconds
[2025-04-28T13:49:46.435+0000] {processor.py:161} INFO - Started process (PID=18100) to work on /home/airflow/.local/lib/python3.8/site-packages/airflow/example_dags/example_sla_dag.py
[2025-04-28T13:49:46.438+0000] {processor.py:830} INFO - Processing file /home/airflow/.local/lib/python3.8/site-packages/airflow/example_dags/example_sla_dag.py for tasks to queue
[2025-04-28T13:49:46.442+0000] {logging_mixin.py:188} INFO - [2025-04-28T13:49:46.440+0000] {dagbag.py:538} INFO - Filling up the DagBag from /home/airflow/.local/lib/python3.8/site-packages/airflow/example_dags/example_sla_dag.py
[2025-04-28T13:49:46.472+0000] {processor.py:840} INFO - DAG(s) 'example_sla_dag' retrieved from /home/airflow/.local/lib/python3.8/site-packages/airflow/example_dags/example_sla_dag.py
[2025-04-28T13:49:46.536+0000] {logging_mixin.py:188} INFO - [2025-04-28T13:49:46.535+0000] {dag.py:3033} INFO - Sync 1 DAGs
[2025-04-28T13:49:46.610+0000] {logging_mixin.py:188} INFO - [2025-04-28T13:49:46.610+0000] {dag.py:3820} INFO - Setting next_dagrun for example_sla_dag to 2025-04-28T13:46:00+00:00, run_after=2025-04-28T13:48:00+00:00
[2025-04-28T13:49:46.659+0000] {processor.py:183} INFO - Processing /home/airflow/.local/lib/python3.8/site-packages/airflow/example_dags/example_sla_dag.py took 0.234 seconds
[2025-04-28T13:50:19.424+0000] {processor.py:161} INFO - Started process (PID=18156) to work on /home/airflow/.local/lib/python3.8/site-packages/airflow/example_dags/example_sla_dag.py
[2025-04-28T13:50:19.426+0000] {processor.py:830} INFO - Processing file /home/airflow/.local/lib/python3.8/site-packages/airflow/example_dags/example_sla_dag.py for tasks to queue
[2025-04-28T13:50:19.428+0000] {logging_mixin.py:188} INFO - [2025-04-28T13:50:19.428+0000] {dagbag.py:538} INFO - Filling up the DagBag from /home/airflow/.local/lib/python3.8/site-packages/airflow/example_dags/example_sla_dag.py
[2025-04-28T13:50:19.455+0000] {processor.py:840} INFO - DAG(s) 'example_sla_dag' retrieved from /home/airflow/.local/lib/python3.8/site-packages/airflow/example_dags/example_sla_dag.py
[2025-04-28T13:50:19.554+0000] {logging_mixin.py:188} INFO - [2025-04-28T13:50:19.554+0000] {dag.py:3033} INFO - Sync 1 DAGs
[2025-04-28T13:50:19.676+0000] {logging_mixin.py:188} INFO - [2025-04-28T13:50:19.675+0000] {dag.py:3820} INFO - Setting next_dagrun for example_sla_dag to 2025-04-28T13:48:00+00:00, run_after=2025-04-28T13:50:00+00:00
[2025-04-28T13:50:19.771+0000] {processor.py:183} INFO - Processing /home/airflow/.local/lib/python3.8/site-packages/airflow/example_dags/example_sla_dag.py took 0.354 seconds
[2025-04-28T13:50:51.704+0000] {processor.py:161} INFO - Started process (PID=18212) to work on /home/airflow/.local/lib/python3.8/site-packages/airflow/example_dags/example_sla_dag.py
[2025-04-28T13:50:51.706+0000] {processor.py:830} INFO - Processing file /home/airflow/.local/lib/python3.8/site-packages/airflow/example_dags/example_sla_dag.py for tasks to queue
[2025-04-28T13:50:51.707+0000] {logging_mixin.py:188} INFO - [2025-04-28T13:50:51.707+0000] {dagbag.py:538} INFO - Filling up the DagBag from /home/airflow/.local/lib/python3.8/site-packages/airflow/example_dags/example_sla_dag.py
[2025-04-28T13:50:51.724+0000] {processor.py:840} INFO - DAG(s) 'example_sla_dag' retrieved from /home/airflow/.local/lib/python3.8/site-packages/airflow/example_dags/example_sla_dag.py
[2025-04-28T13:50:51.763+0000] {logging_mixin.py:188} INFO - [2025-04-28T13:50:51.763+0000] {dag.py:3033} INFO - Sync 1 DAGs
[2025-04-28T13:50:51.829+0000] {logging_mixin.py:188} INFO - [2025-04-28T13:50:51.828+0000] {dag.py:3820} INFO - Setting next_dagrun for example_sla_dag to 2025-04-28T13:48:00+00:00, run_after=2025-04-28T13:50:00+00:00
[2025-04-28T13:50:51.885+0000] {processor.py:183} INFO - Processing /home/airflow/.local/lib/python3.8/site-packages/airflow/example_dags/example_sla_dag.py took 0.188 seconds
[2025-04-28T13:51:25.181+0000] {processor.py:161} INFO - Started process (PID=18268) to work on /home/airflow/.local/lib/python3.8/site-packages/airflow/example_dags/example_sla_dag.py
[2025-04-28T13:51:25.183+0000] {processor.py:830} INFO - Processing file /home/airflow/.local/lib/python3.8/site-packages/airflow/example_dags/example_sla_dag.py for tasks to queue
[2025-04-28T13:51:25.186+0000] {logging_mixin.py:188} INFO - [2025-04-28T13:51:25.185+0000] {dagbag.py:538} INFO - Filling up the DagBag from /home/airflow/.local/lib/python3.8/site-packages/airflow/example_dags/example_sla_dag.py
[2025-04-28T13:51:25.212+0000] {processor.py:840} INFO - DAG(s) 'example_sla_dag' retrieved from /home/airflow/.local/lib/python3.8/site-packages/airflow/example_dags/example_sla_dag.py
[2025-04-28T13:51:25.263+0000] {logging_mixin.py:188} INFO - [2025-04-28T13:51:25.262+0000] {dag.py:3033} INFO - Sync 1 DAGs
[2025-04-28T13:51:25.324+0000] {logging_mixin.py:188} INFO - [2025-04-28T13:51:25.324+0000] {dag.py:3820} INFO - Setting next_dagrun for example_sla_dag to 2025-04-28T13:48:00+00:00, run_after=2025-04-28T13:50:00+00:00
[2025-04-28T13:51:25.368+0000] {processor.py:183} INFO - Processing /home/airflow/.local/lib/python3.8/site-packages/airflow/example_dags/example_sla_dag.py took 0.195 seconds
[2025-04-28T13:51:57.486+0000] {processor.py:161} INFO - Started process (PID=18324) to work on /home/airflow/.local/lib/python3.8/site-packages/airflow/example_dags/example_sla_dag.py
[2025-04-28T13:51:57.488+0000] {processor.py:830} INFO - Processing file /home/airflow/.local/lib/python3.8/site-packages/airflow/example_dags/example_sla_dag.py for tasks to queue
[2025-04-28T13:51:57.491+0000] {logging_mixin.py:188} INFO - [2025-04-28T13:51:57.490+0000] {dagbag.py:538} INFO - Filling up the DagBag from /home/airflow/.local/lib/python3.8/site-packages/airflow/example_dags/example_sla_dag.py
[2025-04-28T13:51:57.515+0000] {processor.py:840} INFO - DAG(s) 'example_sla_dag' retrieved from /home/airflow/.local/lib/python3.8/site-packages/airflow/example_dags/example_sla_dag.py
[2025-04-28T13:51:57.560+0000] {logging_mixin.py:188} INFO - [2025-04-28T13:51:57.559+0000] {dag.py:3033} INFO - Sync 1 DAGs
[2025-04-28T13:51:57.613+0000] {logging_mixin.py:188} INFO - [2025-04-28T13:51:57.612+0000] {dag.py:3820} INFO - Setting next_dagrun for example_sla_dag to 2025-04-28T13:48:00+00:00, run_after=2025-04-28T13:50:00+00:00
[2025-04-28T13:51:57.659+0000] {processor.py:183} INFO - Processing /home/airflow/.local/lib/python3.8/site-packages/airflow/example_dags/example_sla_dag.py took 0.177 seconds
[2025-04-28T13:52:29.836+0000] {processor.py:161} INFO - Started process (PID=18380) to work on /home/airflow/.local/lib/python3.8/site-packages/airflow/example_dags/example_sla_dag.py
[2025-04-28T13:52:29.838+0000] {processor.py:830} INFO - Processing file /home/airflow/.local/lib/python3.8/site-packages/airflow/example_dags/example_sla_dag.py for tasks to queue
[2025-04-28T13:52:29.839+0000] {logging_mixin.py:188} INFO - [2025-04-28T13:52:29.839+0000] {dagbag.py:538} INFO - Filling up the DagBag from /home/airflow/.local/lib/python3.8/site-packages/airflow/example_dags/example_sla_dag.py
[2025-04-28T13:52:29.854+0000] {processor.py:840} INFO - DAG(s) 'example_sla_dag' retrieved from /home/airflow/.local/lib/python3.8/site-packages/airflow/example_dags/example_sla_dag.py
[2025-04-28T13:52:29.907+0000] {logging_mixin.py:188} INFO - [2025-04-28T13:52:29.906+0000] {dag.py:3033} INFO - Sync 1 DAGs
[2025-04-28T13:52:29.975+0000] {logging_mixin.py:188} INFO - [2025-04-28T13:52:29.974+0000] {dag.py:3820} INFO - Setting next_dagrun for example_sla_dag to 2025-04-28T13:50:00+00:00, run_after=2025-04-28T13:52:00+00:00
[2025-04-28T13:52:30.015+0000] {processor.py:183} INFO - Processing /home/airflow/.local/lib/python3.8/site-packages/airflow/example_dags/example_sla_dag.py took 0.187 seconds
[2025-04-28T13:54:48.937+0000] {processor.py:161} INFO - Started process (PID=80) to work on /home/airflow/.local/lib/python3.8/site-packages/airflow/example_dags/example_sla_dag.py
[2025-04-28T13:54:48.939+0000] {processor.py:830} INFO - Processing file /home/airflow/.local/lib/python3.8/site-packages/airflow/example_dags/example_sla_dag.py for tasks to queue
[2025-04-28T13:54:48.942+0000] {logging_mixin.py:188} INFO - [2025-04-28T13:54:48.942+0000] {dagbag.py:538} INFO - Filling up the DagBag from /home/airflow/.local/lib/python3.8/site-packages/airflow/example_dags/example_sla_dag.py
[2025-04-28T13:54:48.963+0000] {processor.py:840} INFO - DAG(s) 'example_sla_dag' retrieved from /home/airflow/.local/lib/python3.8/site-packages/airflow/example_dags/example_sla_dag.py
[2025-04-28T13:54:49.219+0000] {logging_mixin.py:188} INFO - [2025-04-28T13:54:49.219+0000] {dag.py:3033} INFO - Sync 1 DAGs
[2025-04-28T13:54:49.301+0000] {logging_mixin.py:188} INFO - [2025-04-28T13:54:49.301+0000] {dag.py:3820} INFO - Setting next_dagrun for example_sla_dag to 2025-04-28T13:52:00+00:00, run_after=2025-04-28T13:54:00+00:00
[2025-04-28T13:54:49.440+0000] {processor.py:183} INFO - Processing /home/airflow/.local/lib/python3.8/site-packages/airflow/example_dags/example_sla_dag.py took 0.508 seconds
[2025-04-28T13:55:20.124+0000] {processor.py:161} INFO - Started process (PID=136) to work on /home/airflow/.local/lib/python3.8/site-packages/airflow/example_dags/example_sla_dag.py
[2025-04-28T13:55:20.126+0000] {processor.py:830} INFO - Processing file /home/airflow/.local/lib/python3.8/site-packages/airflow/example_dags/example_sla_dag.py for tasks to queue
[2025-04-28T13:55:20.130+0000] {logging_mixin.py:188} INFO - [2025-04-28T13:55:20.130+0000] {dagbag.py:538} INFO - Filling up the DagBag from /home/airflow/.local/lib/python3.8/site-packages/airflow/example_dags/example_sla_dag.py
[2025-04-28T13:55:20.144+0000] {processor.py:840} INFO - DAG(s) 'example_sla_dag' retrieved from /home/airflow/.local/lib/python3.8/site-packages/airflow/example_dags/example_sla_dag.py
[2025-04-28T13:55:20.175+0000] {logging_mixin.py:188} INFO - [2025-04-28T13:55:20.175+0000] {dag.py:3033} INFO - Sync 1 DAGs
[2025-04-28T13:55:20.215+0000] {logging_mixin.py:188} INFO - [2025-04-28T13:55:20.215+0000] {dag.py:3820} INFO - Setting next_dagrun for example_sla_dag to 2025-04-28T13:52:00+00:00, run_after=2025-04-28T13:54:00+00:00
[2025-04-28T13:55:20.258+0000] {processor.py:183} INFO - Processing /home/airflow/.local/lib/python3.8/site-packages/airflow/example_dags/example_sla_dag.py took 0.138 seconds
[2025-04-28T13:55:50.795+0000] {processor.py:161} INFO - Started process (PID=192) to work on /home/airflow/.local/lib/python3.8/site-packages/airflow/example_dags/example_sla_dag.py
[2025-04-28T13:55:50.799+0000] {processor.py:830} INFO - Processing file /home/airflow/.local/lib/python3.8/site-packages/airflow/example_dags/example_sla_dag.py for tasks to queue
[2025-04-28T13:55:50.803+0000] {logging_mixin.py:188} INFO - [2025-04-28T13:55:50.803+0000] {dagbag.py:538} INFO - Filling up the DagBag from /home/airflow/.local/lib/python3.8/site-packages/airflow/example_dags/example_sla_dag.py
[2025-04-28T13:55:50.819+0000] {processor.py:840} INFO - DAG(s) 'example_sla_dag' retrieved from /home/airflow/.local/lib/python3.8/site-packages/airflow/example_dags/example_sla_dag.py
[2025-04-28T13:55:50.852+0000] {logging_mixin.py:188} INFO - [2025-04-28T13:55:50.852+0000] {dag.py:3033} INFO - Sync 1 DAGs
[2025-04-28T13:55:50.900+0000] {logging_mixin.py:188} INFO - [2025-04-28T13:55:50.899+0000] {dag.py:3820} INFO - Setting next_dagrun for example_sla_dag to 2025-04-28T13:52:00+00:00, run_after=2025-04-28T13:54:00+00:00
[2025-04-28T13:55:50.960+0000] {processor.py:183} INFO - Processing /home/airflow/.local/lib/python3.8/site-packages/airflow/example_dags/example_sla_dag.py took 0.176 seconds
[2025-04-28T13:56:22.077+0000] {processor.py:161} INFO - Started process (PID=247) to work on /home/airflow/.local/lib/python3.8/site-packages/airflow/example_dags/example_sla_dag.py
[2025-04-28T13:56:22.079+0000] {processor.py:830} INFO - Processing file /home/airflow/.local/lib/python3.8/site-packages/airflow/example_dags/example_sla_dag.py for tasks to queue
[2025-04-28T13:56:22.083+0000] {logging_mixin.py:188} INFO - [2025-04-28T13:56:22.083+0000] {dagbag.py:538} INFO - Filling up the DagBag from /home/airflow/.local/lib/python3.8/site-packages/airflow/example_dags/example_sla_dag.py
[2025-04-28T13:56:22.100+0000] {processor.py:840} INFO - DAG(s) 'example_sla_dag' retrieved from /home/airflow/.local/lib/python3.8/site-packages/airflow/example_dags/example_sla_dag.py
[2025-04-28T13:56:22.142+0000] {logging_mixin.py:188} INFO - [2025-04-28T13:56:22.142+0000] {dag.py:3033} INFO - Sync 1 DAGs
[2025-04-28T13:56:22.204+0000] {logging_mixin.py:188} INFO - [2025-04-28T13:56:22.204+0000] {dag.py:3820} INFO - Setting next_dagrun for example_sla_dag to 2025-04-28T13:54:00+00:00, run_after=2025-04-28T13:56:00+00:00
[2025-04-28T13:56:22.283+0000] {processor.py:183} INFO - Processing /home/airflow/.local/lib/python3.8/site-packages/airflow/example_dags/example_sla_dag.py took 0.211 seconds
[2025-04-28T13:56:52.765+0000] {processor.py:161} INFO - Started process (PID=303) to work on /home/airflow/.local/lib/python3.8/site-packages/airflow/example_dags/example_sla_dag.py
[2025-04-28T13:56:52.766+0000] {processor.py:830} INFO - Processing file /home/airflow/.local/lib/python3.8/site-packages/airflow/example_dags/example_sla_dag.py for tasks to queue
[2025-04-28T13:56:52.769+0000] {logging_mixin.py:188} INFO - [2025-04-28T13:56:52.769+0000] {dagbag.py:538} INFO - Filling up the DagBag from /home/airflow/.local/lib/python3.8/site-packages/airflow/example_dags/example_sla_dag.py
[2025-04-28T13:56:52.784+0000] {processor.py:840} INFO - DAG(s) 'example_sla_dag' retrieved from /home/airflow/.local/lib/python3.8/site-packages/airflow/example_dags/example_sla_dag.py
[2025-04-28T13:56:52.829+0000] {logging_mixin.py:188} INFO - [2025-04-28T13:56:52.828+0000] {dag.py:3033} INFO - Sync 1 DAGs
[2025-04-28T13:56:52.886+0000] {logging_mixin.py:188} INFO - [2025-04-28T13:56:52.886+0000] {dag.py:3820} INFO - Setting next_dagrun for example_sla_dag to 2025-04-28T13:54:00+00:00, run_after=2025-04-28T13:56:00+00:00
[2025-04-28T13:56:52.931+0000] {processor.py:183} INFO - Processing /home/airflow/.local/lib/python3.8/site-packages/airflow/example_dags/example_sla_dag.py took 0.171 seconds
[2025-04-28T13:57:24.735+0000] {processor.py:161} INFO - Started process (PID=359) to work on /home/airflow/.local/lib/python3.8/site-packages/airflow/example_dags/example_sla_dag.py
[2025-04-28T13:57:24.737+0000] {processor.py:830} INFO - Processing file /home/airflow/.local/lib/python3.8/site-packages/airflow/example_dags/example_sla_dag.py for tasks to queue
[2025-04-28T13:57:24.740+0000] {logging_mixin.py:188} INFO - [2025-04-28T13:57:24.740+0000] {dagbag.py:538} INFO - Filling up the DagBag from /home/airflow/.local/lib/python3.8/site-packages/airflow/example_dags/example_sla_dag.py
[2025-04-28T13:57:24.753+0000] {processor.py:840} INFO - DAG(s) 'example_sla_dag' retrieved from /home/airflow/.local/lib/python3.8/site-packages/airflow/example_dags/example_sla_dag.py
[2025-04-28T13:57:24.799+0000] {logging_mixin.py:188} INFO - [2025-04-28T13:57:24.798+0000] {dag.py:3033} INFO - Sync 1 DAGs
[2025-04-28T13:57:24.889+0000] {logging_mixin.py:188} INFO - [2025-04-28T13:57:24.888+0000] {dag.py:3820} INFO - Setting next_dagrun for example_sla_dag to 2025-04-28T13:54:00+00:00, run_after=2025-04-28T13:56:00+00:00
[2025-04-28T13:57:24.956+0000] {processor.py:183} INFO - Processing /home/airflow/.local/lib/python3.8/site-packages/airflow/example_dags/example_sla_dag.py took 0.226 seconds
[2025-04-28T13:57:58.465+0000] {processor.py:161} INFO - Started process (PID=414) to work on /home/airflow/.local/lib/python3.8/site-packages/airflow/example_dags/example_sla_dag.py
[2025-04-28T13:57:58.466+0000] {processor.py:830} INFO - Processing file /home/airflow/.local/lib/python3.8/site-packages/airflow/example_dags/example_sla_dag.py for tasks to queue
[2025-04-28T13:57:58.469+0000] {logging_mixin.py:188} INFO - [2025-04-28T13:57:58.469+0000] {dagbag.py:538} INFO - Filling up the DagBag from /home/airflow/.local/lib/python3.8/site-packages/airflow/example_dags/example_sla_dag.py
[2025-04-28T13:57:58.487+0000] {processor.py:840} INFO - DAG(s) 'example_sla_dag' retrieved from /home/airflow/.local/lib/python3.8/site-packages/airflow/example_dags/example_sla_dag.py
[2025-04-28T13:57:58.521+0000] {logging_mixin.py:188} INFO - [2025-04-28T13:57:58.521+0000] {dag.py:3033} INFO - Sync 1 DAGs
[2025-04-28T13:57:58.564+0000] {logging_mixin.py:188} INFO - [2025-04-28T13:57:58.564+0000] {dag.py:3820} INFO - Setting next_dagrun for example_sla_dag to 2025-04-28T13:54:00+00:00, run_after=2025-04-28T13:56:00+00:00
[2025-04-28T13:57:58.593+0000] {processor.py:183} INFO - Processing /home/airflow/.local/lib/python3.8/site-packages/airflow/example_dags/example_sla_dag.py took 0.133 seconds
[2025-04-28T13:58:31.838+0000] {processor.py:161} INFO - Started process (PID=470) to work on /home/airflow/.local/lib/python3.8/site-packages/airflow/example_dags/example_sla_dag.py
[2025-04-28T13:58:31.839+0000] {processor.py:830} INFO - Processing file /home/airflow/.local/lib/python3.8/site-packages/airflow/example_dags/example_sla_dag.py for tasks to queue
[2025-04-28T13:58:31.843+0000] {logging_mixin.py:188} INFO - [2025-04-28T13:58:31.843+0000] {dagbag.py:538} INFO - Filling up the DagBag from /home/airflow/.local/lib/python3.8/site-packages/airflow/example_dags/example_sla_dag.py
[2025-04-28T13:58:31.870+0000] {processor.py:840} INFO - DAG(s) 'example_sla_dag' retrieved from /home/airflow/.local/lib/python3.8/site-packages/airflow/example_dags/example_sla_dag.py
[2025-04-28T13:58:31.936+0000] {logging_mixin.py:188} INFO - [2025-04-28T13:58:31.935+0000] {dag.py:3033} INFO - Sync 1 DAGs
[2025-04-28T13:58:31.998+0000] {logging_mixin.py:188} INFO - [2025-04-28T13:58:31.998+0000] {dag.py:3820} INFO - Setting next_dagrun for example_sla_dag to 2025-04-28T13:56:00+00:00, run_after=2025-04-28T13:58:00+00:00
[2025-04-28T13:58:32.043+0000] {processor.py:183} INFO - Processing /home/airflow/.local/lib/python3.8/site-packages/airflow/example_dags/example_sla_dag.py took 0.212 seconds
[2025-04-28T13:59:02.276+0000] {processor.py:161} INFO - Started process (PID=527) to work on /home/airflow/.local/lib/python3.8/site-packages/airflow/example_dags/example_sla_dag.py
[2025-04-28T13:59:02.277+0000] {processor.py:830} INFO - Processing file /home/airflow/.local/lib/python3.8/site-packages/airflow/example_dags/example_sla_dag.py for tasks to queue
[2025-04-28T13:59:02.280+0000] {logging_mixin.py:188} INFO - [2025-04-28T13:59:02.280+0000] {dagbag.py:538} INFO - Filling up the DagBag from /home/airflow/.local/lib/python3.8/site-packages/airflow/example_dags/example_sla_dag.py
[2025-04-28T13:59:02.291+0000] {processor.py:840} INFO - DAG(s) 'example_sla_dag' retrieved from /home/airflow/.local/lib/python3.8/site-packages/airflow/example_dags/example_sla_dag.py
[2025-04-28T13:59:02.323+0000] {logging_mixin.py:188} INFO - [2025-04-28T13:59:02.323+0000] {dag.py:3033} INFO - Sync 1 DAGs
[2025-04-28T13:59:02.418+0000] {logging_mixin.py:188} INFO - [2025-04-28T13:59:02.418+0000] {dag.py:3820} INFO - Setting next_dagrun for example_sla_dag to 2025-04-28T13:56:00+00:00, run_after=2025-04-28T13:58:00+00:00
[2025-04-28T13:59:02.449+0000] {processor.py:183} INFO - Processing /home/airflow/.local/lib/python3.8/site-packages/airflow/example_dags/example_sla_dag.py took 0.178 seconds
[2025-04-28T13:59:32.737+0000] {processor.py:161} INFO - Started process (PID=583) to work on /home/airflow/.local/lib/python3.8/site-packages/airflow/example_dags/example_sla_dag.py
[2025-04-28T13:59:32.739+0000] {processor.py:830} INFO - Processing file /home/airflow/.local/lib/python3.8/site-packages/airflow/example_dags/example_sla_dag.py for tasks to queue
[2025-04-28T13:59:32.742+0000] {logging_mixin.py:188} INFO - [2025-04-28T13:59:32.741+0000] {dagbag.py:538} INFO - Filling up the DagBag from /home/airflow/.local/lib/python3.8/site-packages/airflow/example_dags/example_sla_dag.py
[2025-04-28T13:59:32.757+0000] {processor.py:840} INFO - DAG(s) 'example_sla_dag' retrieved from /home/airflow/.local/lib/python3.8/site-packages/airflow/example_dags/example_sla_dag.py
[2025-04-28T13:59:32.788+0000] {logging_mixin.py:188} INFO - [2025-04-28T13:59:32.787+0000] {dag.py:3033} INFO - Sync 1 DAGs
[2025-04-28T13:59:32.845+0000] {logging_mixin.py:188} INFO - [2025-04-28T13:59:32.844+0000] {dag.py:3820} INFO - Setting next_dagrun for example_sla_dag to 2025-04-28T13:56:00+00:00, run_after=2025-04-28T13:58:00+00:00
[2025-04-28T13:59:32.897+0000] {processor.py:183} INFO - Processing /home/airflow/.local/lib/python3.8/site-packages/airflow/example_dags/example_sla_dag.py took 0.167 seconds
[2025-04-28T14:00:02.982+0000] {processor.py:161} INFO - Started process (PID=639) to work on /home/airflow/.local/lib/python3.8/site-packages/airflow/example_dags/example_sla_dag.py
[2025-04-28T14:00:02.984+0000] {processor.py:830} INFO - Processing file /home/airflow/.local/lib/python3.8/site-packages/airflow/example_dags/example_sla_dag.py for tasks to queue
[2025-04-28T14:00:02.987+0000] {logging_mixin.py:188} INFO - [2025-04-28T14:00:02.987+0000] {dagbag.py:538} INFO - Filling up the DagBag from /home/airflow/.local/lib/python3.8/site-packages/airflow/example_dags/example_sla_dag.py
[2025-04-28T14:00:03.000+0000] {processor.py:840} INFO - DAG(s) 'example_sla_dag' retrieved from /home/airflow/.local/lib/python3.8/site-packages/airflow/example_dags/example_sla_dag.py
[2025-04-28T14:00:03.039+0000] {logging_mixin.py:188} INFO - [2025-04-28T14:00:03.039+0000] {dag.py:3033} INFO - Sync 1 DAGs
[2025-04-28T14:00:03.082+0000] {logging_mixin.py:188} INFO - [2025-04-28T14:00:03.082+0000] {dag.py:3820} INFO - Setting next_dagrun for example_sla_dag to 2025-04-28T13:58:00+00:00, run_after=2025-04-28T14:00:00+00:00
[2025-04-28T14:00:03.110+0000] {processor.py:183} INFO - Processing /home/airflow/.local/lib/python3.8/site-packages/airflow/example_dags/example_sla_dag.py took 0.133 seconds
[2025-04-28T14:00:33.250+0000] {processor.py:161} INFO - Started process (PID=694) to work on /home/airflow/.local/lib/python3.8/site-packages/airflow/example_dags/example_sla_dag.py
[2025-04-28T14:00:33.251+0000] {processor.py:830} INFO - Processing file /home/airflow/.local/lib/python3.8/site-packages/airflow/example_dags/example_sla_dag.py for tasks to queue
[2025-04-28T14:00:33.254+0000] {logging_mixin.py:188} INFO - [2025-04-28T14:00:33.254+0000] {dagbag.py:538} INFO - Filling up the DagBag from /home/airflow/.local/lib/python3.8/site-packages/airflow/example_dags/example_sla_dag.py
[2025-04-28T14:00:33.265+0000] {processor.py:840} INFO - DAG(s) 'example_sla_dag' retrieved from /home/airflow/.local/lib/python3.8/site-packages/airflow/example_dags/example_sla_dag.py
[2025-04-28T14:00:33.293+0000] {logging_mixin.py:188} INFO - [2025-04-28T14:00:33.292+0000] {dag.py:3033} INFO - Sync 1 DAGs
[2025-04-28T14:00:33.334+0000] {logging_mixin.py:188} INFO - [2025-04-28T14:00:33.334+0000] {dag.py:3820} INFO - Setting next_dagrun for example_sla_dag to 2025-04-28T13:58:00+00:00, run_after=2025-04-28T14:00:00+00:00
[2025-04-28T14:00:33.360+0000] {processor.py:183} INFO - Processing /home/airflow/.local/lib/python3.8/site-packages/airflow/example_dags/example_sla_dag.py took 0.114 seconds
[2025-04-28T14:01:04.541+0000] {processor.py:161} INFO - Started process (PID=750) to work on /home/airflow/.local/lib/python3.8/site-packages/airflow/example_dags/example_sla_dag.py
[2025-04-28T14:01:04.542+0000] {processor.py:830} INFO - Processing file /home/airflow/.local/lib/python3.8/site-packages/airflow/example_dags/example_sla_dag.py for tasks to queue
[2025-04-28T14:01:04.545+0000] {logging_mixin.py:188} INFO - [2025-04-28T14:01:04.544+0000] {dagbag.py:538} INFO - Filling up the DagBag from /home/airflow/.local/lib/python3.8/site-packages/airflow/example_dags/example_sla_dag.py
[2025-04-28T14:01:04.561+0000] {processor.py:840} INFO - DAG(s) 'example_sla_dag' retrieved from /home/airflow/.local/lib/python3.8/site-packages/airflow/example_dags/example_sla_dag.py
[2025-04-28T14:01:04.598+0000] {logging_mixin.py:188} INFO - [2025-04-28T14:01:04.598+0000] {dag.py:3033} INFO - Sync 1 DAGs
[2025-04-28T14:01:04.648+0000] {logging_mixin.py:188} INFO - [2025-04-28T14:01:04.647+0000] {dag.py:3820} INFO - Setting next_dagrun for example_sla_dag to 2025-04-28T13:58:00+00:00, run_after=2025-04-28T14:00:00+00:00
[2025-04-28T14:01:04.677+0000] {processor.py:183} INFO - Processing /home/airflow/.local/lib/python3.8/site-packages/airflow/example_dags/example_sla_dag.py took 0.141 seconds
[2025-04-28T14:01:35.799+0000] {processor.py:161} INFO - Started process (PID=806) to work on /home/airflow/.local/lib/python3.8/site-packages/airflow/example_dags/example_sla_dag.py
[2025-04-28T14:01:35.800+0000] {processor.py:830} INFO - Processing file /home/airflow/.local/lib/python3.8/site-packages/airflow/example_dags/example_sla_dag.py for tasks to queue
[2025-04-28T14:01:35.803+0000] {logging_mixin.py:188} INFO - [2025-04-28T14:01:35.803+0000] {dagbag.py:538} INFO - Filling up the DagBag from /home/airflow/.local/lib/python3.8/site-packages/airflow/example_dags/example_sla_dag.py
[2025-04-28T14:01:35.817+0000] {processor.py:840} INFO - DAG(s) 'example_sla_dag' retrieved from /home/airflow/.local/lib/python3.8/site-packages/airflow/example_dags/example_sla_dag.py
[2025-04-28T14:01:35.848+0000] {logging_mixin.py:188} INFO - [2025-04-28T14:01:35.848+0000] {dag.py:3033} INFO - Sync 1 DAGs
[2025-04-28T14:01:35.900+0000] {logging_mixin.py:188} INFO - [2025-04-28T14:01:35.899+0000] {dag.py:3820} INFO - Setting next_dagrun for example_sla_dag to 2025-04-28T13:58:00+00:00, run_after=2025-04-28T14:00:00+00:00
[2025-04-28T14:01:35.933+0000] {processor.py:183} INFO - Processing /home/airflow/.local/lib/python3.8/site-packages/airflow/example_dags/example_sla_dag.py took 0.140 seconds
[2025-04-28T14:02:06.727+0000] {processor.py:161} INFO - Started process (PID=862) to work on /home/airflow/.local/lib/python3.8/site-packages/airflow/example_dags/example_sla_dag.py
[2025-04-28T14:02:06.731+0000] {processor.py:830} INFO - Processing file /home/airflow/.local/lib/python3.8/site-packages/airflow/example_dags/example_sla_dag.py for tasks to queue
[2025-04-28T14:02:06.735+0000] {logging_mixin.py:188} INFO - [2025-04-28T14:02:06.734+0000] {dagbag.py:538} INFO - Filling up the DagBag from /home/airflow/.local/lib/python3.8/site-packages/airflow/example_dags/example_sla_dag.py
[2025-04-28T14:02:06.758+0000] {processor.py:840} INFO - DAG(s) 'example_sla_dag' retrieved from /home/airflow/.local/lib/python3.8/site-packages/airflow/example_dags/example_sla_dag.py
[2025-04-28T14:02:06.795+0000] {logging_mixin.py:188} INFO - [2025-04-28T14:02:06.794+0000] {dag.py:3033} INFO - Sync 1 DAGs
[2025-04-28T14:02:06.855+0000] {logging_mixin.py:188} INFO - [2025-04-28T14:02:06.855+0000] {dag.py:3820} INFO - Setting next_dagrun for example_sla_dag to 2025-04-28T14:00:00+00:00, run_after=2025-04-28T14:02:00+00:00
[2025-04-28T14:02:06.910+0000] {processor.py:183} INFO - Processing /home/airflow/.local/lib/python3.8/site-packages/airflow/example_dags/example_sla_dag.py took 0.191 seconds
[2025-04-28T14:02:37.618+0000] {processor.py:161} INFO - Started process (PID=912) to work on /home/airflow/.local/lib/python3.8/site-packages/airflow/example_dags/example_sla_dag.py
[2025-04-28T14:02:37.619+0000] {processor.py:830} INFO - Processing file /home/airflow/.local/lib/python3.8/site-packages/airflow/example_dags/example_sla_dag.py for tasks to queue
[2025-04-28T14:02:37.622+0000] {logging_mixin.py:188} INFO - [2025-04-28T14:02:37.622+0000] {dagbag.py:538} INFO - Filling up the DagBag from /home/airflow/.local/lib/python3.8/site-packages/airflow/example_dags/example_sla_dag.py
[2025-04-28T14:02:37.638+0000] {processor.py:840} INFO - DAG(s) 'example_sla_dag' retrieved from /home/airflow/.local/lib/python3.8/site-packages/airflow/example_dags/example_sla_dag.py
[2025-04-28T14:02:37.680+0000] {logging_mixin.py:188} INFO - [2025-04-28T14:02:37.679+0000] {dag.py:3033} INFO - Sync 1 DAGs
[2025-04-28T14:02:37.755+0000] {logging_mixin.py:188} INFO - [2025-04-28T14:02:37.755+0000] {dag.py:3820} INFO - Setting next_dagrun for example_sla_dag to 2025-04-28T14:00:00+00:00, run_after=2025-04-28T14:02:00+00:00
[2025-04-28T14:02:37.859+0000] {processor.py:183} INFO - Processing /home/airflow/.local/lib/python3.8/site-packages/airflow/example_dags/example_sla_dag.py took 0.246 seconds
[2025-04-28T14:03:08.241+0000] {processor.py:161} INFO - Started process (PID=968) to work on /home/airflow/.local/lib/python3.8/site-packages/airflow/example_dags/example_sla_dag.py
[2025-04-28T14:03:08.243+0000] {processor.py:830} INFO - Processing file /home/airflow/.local/lib/python3.8/site-packages/airflow/example_dags/example_sla_dag.py for tasks to queue
[2025-04-28T14:03:08.246+0000] {logging_mixin.py:188} INFO - [2025-04-28T14:03:08.246+0000] {dagbag.py:538} INFO - Filling up the DagBag from /home/airflow/.local/lib/python3.8/site-packages/airflow/example_dags/example_sla_dag.py
[2025-04-28T14:03:08.262+0000] {processor.py:840} INFO - DAG(s) 'example_sla_dag' retrieved from /home/airflow/.local/lib/python3.8/site-packages/airflow/example_dags/example_sla_dag.py
[2025-04-28T14:03:08.306+0000] {logging_mixin.py:188} INFO - [2025-04-28T14:03:08.305+0000] {dag.py:3033} INFO - Sync 1 DAGs
[2025-04-28T14:03:08.355+0000] {logging_mixin.py:188} INFO - [2025-04-28T14:03:08.355+0000] {dag.py:3820} INFO - Setting next_dagrun for example_sla_dag to 2025-04-28T14:00:00+00:00, run_after=2025-04-28T14:02:00+00:00
[2025-04-28T14:03:08.414+0000] {processor.py:183} INFO - Processing /home/airflow/.local/lib/python3.8/site-packages/airflow/example_dags/example_sla_dag.py took 0.178 seconds
[2025-04-28T14:03:39.255+0000] {processor.py:161} INFO - Started process (PID=1024) to work on /home/airflow/.local/lib/python3.8/site-packages/airflow/example_dags/example_sla_dag.py
[2025-04-28T14:03:39.259+0000] {processor.py:830} INFO - Processing file /home/airflow/.local/lib/python3.8/site-packages/airflow/example_dags/example_sla_dag.py for tasks to queue
[2025-04-28T14:03:39.262+0000] {logging_mixin.py:188} INFO - [2025-04-28T14:03:39.262+0000] {dagbag.py:538} INFO - Filling up the DagBag from /home/airflow/.local/lib/python3.8/site-packages/airflow/example_dags/example_sla_dag.py
[2025-04-28T14:03:39.278+0000] {processor.py:840} INFO - DAG(s) 'example_sla_dag' retrieved from /home/airflow/.local/lib/python3.8/site-packages/airflow/example_dags/example_sla_dag.py
[2025-04-28T14:03:39.315+0000] {logging_mixin.py:188} INFO - [2025-04-28T14:03:39.314+0000] {dag.py:3033} INFO - Sync 1 DAGs
[2025-04-28T14:03:39.382+0000] {logging_mixin.py:188} INFO - [2025-04-28T14:03:39.382+0000] {dag.py:3820} INFO - Setting next_dagrun for example_sla_dag to 2025-04-28T14:00:00+00:00, run_after=2025-04-28T14:02:00+00:00
[2025-04-28T14:03:39.425+0000] {processor.py:183} INFO - Processing /home/airflow/.local/lib/python3.8/site-packages/airflow/example_dags/example_sla_dag.py took 0.174 seconds
[2025-04-28T14:04:10.339+0000] {processor.py:161} INFO - Started process (PID=1080) to work on /home/airflow/.local/lib/python3.8/site-packages/airflow/example_dags/example_sla_dag.py
[2025-04-28T14:04:10.340+0000] {processor.py:830} INFO - Processing file /home/airflow/.local/lib/python3.8/site-packages/airflow/example_dags/example_sla_dag.py for tasks to queue
[2025-04-28T14:04:10.344+0000] {logging_mixin.py:188} INFO - [2025-04-28T14:04:10.343+0000] {dagbag.py:538} INFO - Filling up the DagBag from /home/airflow/.local/lib/python3.8/site-packages/airflow/example_dags/example_sla_dag.py
[2025-04-28T14:04:10.355+0000] {processor.py:840} INFO - DAG(s) 'example_sla_dag' retrieved from /home/airflow/.local/lib/python3.8/site-packages/airflow/example_dags/example_sla_dag.py
[2025-04-28T14:04:10.385+0000] {logging_mixin.py:188} INFO - [2025-04-28T14:04:10.385+0000] {dag.py:3033} INFO - Sync 1 DAGs
[2025-04-28T14:04:10.422+0000] {logging_mixin.py:188} INFO - [2025-04-28T14:04:10.422+0000] {dag.py:3820} INFO - Setting next_dagrun for example_sla_dag to 2025-04-28T14:02:00+00:00, run_after=2025-04-28T14:04:00+00:00
[2025-04-28T14:04:10.456+0000] {processor.py:183} INFO - Processing /home/airflow/.local/lib/python3.8/site-packages/airflow/example_dags/example_sla_dag.py took 0.122 seconds
[2025-04-28T14:04:41.047+0000] {processor.py:161} INFO - Started process (PID=1136) to work on /home/airflow/.local/lib/python3.8/site-packages/airflow/example_dags/example_sla_dag.py
[2025-04-28T14:04:41.048+0000] {processor.py:830} INFO - Processing file /home/airflow/.local/lib/python3.8/site-packages/airflow/example_dags/example_sla_dag.py for tasks to queue
[2025-04-28T14:04:41.051+0000] {logging_mixin.py:188} INFO - [2025-04-28T14:04:41.051+0000] {dagbag.py:538} INFO - Filling up the DagBag from /home/airflow/.local/lib/python3.8/site-packages/airflow/example_dags/example_sla_dag.py
[2025-04-28T14:04:41.069+0000] {processor.py:840} INFO - DAG(s) 'example_sla_dag' retrieved from /home/airflow/.local/lib/python3.8/site-packages/airflow/example_dags/example_sla_dag.py
[2025-04-28T14:04:41.133+0000] {logging_mixin.py:188} INFO - [2025-04-28T14:04:41.133+0000] {dag.py:3033} INFO - Sync 1 DAGs
[2025-04-28T14:04:41.177+0000] {logging_mixin.py:188} INFO - [2025-04-28T14:04:41.177+0000] {dag.py:3820} INFO - Setting next_dagrun for example_sla_dag to 2025-04-28T14:02:00+00:00, run_after=2025-04-28T14:04:00+00:00
[2025-04-28T14:04:41.219+0000] {processor.py:183} INFO - Processing /home/airflow/.local/lib/python3.8/site-packages/airflow/example_dags/example_sla_dag.py took 0.180 seconds
[2025-04-28T14:05:11.668+0000] {processor.py:161} INFO - Started process (PID=1190) to work on /home/airflow/.local/lib/python3.8/site-packages/airflow/example_dags/example_sla_dag.py
[2025-04-28T14:05:11.670+0000] {processor.py:830} INFO - Processing file /home/airflow/.local/lib/python3.8/site-packages/airflow/example_dags/example_sla_dag.py for tasks to queue
[2025-04-28T14:05:11.676+0000] {logging_mixin.py:188} INFO - [2025-04-28T14:05:11.676+0000] {dagbag.py:538} INFO - Filling up the DagBag from /home/airflow/.local/lib/python3.8/site-packages/airflow/example_dags/example_sla_dag.py
[2025-04-28T14:05:11.695+0000] {processor.py:840} INFO - DAG(s) 'example_sla_dag' retrieved from /home/airflow/.local/lib/python3.8/site-packages/airflow/example_dags/example_sla_dag.py
[2025-04-28T14:05:11.741+0000] {logging_mixin.py:188} INFO - [2025-04-28T14:05:11.741+0000] {dag.py:3033} INFO - Sync 1 DAGs
[2025-04-28T14:05:11.826+0000] {logging_mixin.py:188} INFO - [2025-04-28T14:05:11.825+0000] {dag.py:3820} INFO - Setting next_dagrun for example_sla_dag to 2025-04-28T14:02:00+00:00, run_after=2025-04-28T14:04:00+00:00
[2025-04-28T14:05:11.883+0000] {processor.py:183} INFO - Processing /home/airflow/.local/lib/python3.8/site-packages/airflow/example_dags/example_sla_dag.py took 0.222 seconds
[2025-04-28T14:05:42.525+0000] {processor.py:161} INFO - Started process (PID=1245) to work on /home/airflow/.local/lib/python3.8/site-packages/airflow/example_dags/example_sla_dag.py
[2025-04-28T14:05:42.527+0000] {processor.py:830} INFO - Processing file /home/airflow/.local/lib/python3.8/site-packages/airflow/example_dags/example_sla_dag.py for tasks to queue
[2025-04-28T14:05:42.531+0000] {logging_mixin.py:188} INFO - [2025-04-28T14:05:42.531+0000] {dagbag.py:538} INFO - Filling up the DagBag from /home/airflow/.local/lib/python3.8/site-packages/airflow/example_dags/example_sla_dag.py
[2025-04-28T14:05:42.548+0000] {processor.py:840} INFO - DAG(s) 'example_sla_dag' retrieved from /home/airflow/.local/lib/python3.8/site-packages/airflow/example_dags/example_sla_dag.py
[2025-04-28T14:05:42.590+0000] {logging_mixin.py:188} INFO - [2025-04-28T14:05:42.590+0000] {dag.py:3033} INFO - Sync 1 DAGs
[2025-04-28T14:05:42.652+0000] {logging_mixin.py:188} INFO - [2025-04-28T14:05:42.652+0000] {dag.py:3820} INFO - Setting next_dagrun for example_sla_dag to 2025-04-28T14:02:00+00:00, run_after=2025-04-28T14:04:00+00:00
[2025-04-28T14:05:42.694+0000] {processor.py:183} INFO - Processing /home/airflow/.local/lib/python3.8/site-packages/airflow/example_dags/example_sla_dag.py took 0.174 seconds
[2025-04-28T14:06:12.875+0000] {processor.py:161} INFO - Started process (PID=1301) to work on /home/airflow/.local/lib/python3.8/site-packages/airflow/example_dags/example_sla_dag.py
[2025-04-28T14:06:12.877+0000] {processor.py:830} INFO - Processing file /home/airflow/.local/lib/python3.8/site-packages/airflow/example_dags/example_sla_dag.py for tasks to queue
[2025-04-28T14:06:12.880+0000] {logging_mixin.py:188} INFO - [2025-04-28T14:06:12.879+0000] {dagbag.py:538} INFO - Filling up the DagBag from /home/airflow/.local/lib/python3.8/site-packages/airflow/example_dags/example_sla_dag.py
[2025-04-28T14:06:12.893+0000] {processor.py:840} INFO - DAG(s) 'example_sla_dag' retrieved from /home/airflow/.local/lib/python3.8/site-packages/airflow/example_dags/example_sla_dag.py
[2025-04-28T14:06:12.922+0000] {logging_mixin.py:188} INFO - [2025-04-28T14:06:12.922+0000] {dag.py:3033} INFO - Sync 1 DAGs
[2025-04-28T14:06:12.964+0000] {logging_mixin.py:188} INFO - [2025-04-28T14:06:12.963+0000] {dag.py:3820} INFO - Setting next_dagrun for example_sla_dag to 2025-04-28T14:04:00+00:00, run_after=2025-04-28T14:06:00+00:00
[2025-04-28T14:06:12.992+0000] {processor.py:183} INFO - Processing /home/airflow/.local/lib/python3.8/site-packages/airflow/example_dags/example_sla_dag.py took 0.123 seconds
[2025-04-28T14:06:43.625+0000] {processor.py:161} INFO - Started process (PID=1356) to work on /home/airflow/.local/lib/python3.8/site-packages/airflow/example_dags/example_sla_dag.py
[2025-04-28T14:06:43.627+0000] {processor.py:830} INFO - Processing file /home/airflow/.local/lib/python3.8/site-packages/airflow/example_dags/example_sla_dag.py for tasks to queue
[2025-04-28T14:06:43.635+0000] {logging_mixin.py:188} INFO - [2025-04-28T14:06:43.635+0000] {dagbag.py:538} INFO - Filling up the DagBag from /home/airflow/.local/lib/python3.8/site-packages/airflow/example_dags/example_sla_dag.py
[2025-04-28T14:06:43.651+0000] {processor.py:840} INFO - DAG(s) 'example_sla_dag' retrieved from /home/airflow/.local/lib/python3.8/site-packages/airflow/example_dags/example_sla_dag.py
[2025-04-28T14:06:43.684+0000] {logging_mixin.py:188} INFO - [2025-04-28T14:06:43.683+0000] {dag.py:3033} INFO - Sync 1 DAGs
[2025-04-28T14:06:43.727+0000] {logging_mixin.py:188} INFO - [2025-04-28T14:06:43.727+0000] {dag.py:3820} INFO - Setting next_dagrun for example_sla_dag to 2025-04-28T14:04:00+00:00, run_after=2025-04-28T14:06:00+00:00
[2025-04-28T14:06:43.761+0000] {processor.py:183} INFO - Processing /home/airflow/.local/lib/python3.8/site-packages/airflow/example_dags/example_sla_dag.py took 0.141 seconds
[2025-04-28T14:07:15.239+0000] {processor.py:161} INFO - Started process (PID=1404) to work on /home/airflow/.local/lib/python3.8/site-packages/airflow/example_dags/example_sla_dag.py
[2025-04-28T14:07:15.241+0000] {processor.py:830} INFO - Processing file /home/airflow/.local/lib/python3.8/site-packages/airflow/example_dags/example_sla_dag.py for tasks to queue
[2025-04-28T14:07:15.243+0000] {logging_mixin.py:188} INFO - [2025-04-28T14:07:15.243+0000] {dagbag.py:538} INFO - Filling up the DagBag from /home/airflow/.local/lib/python3.8/site-packages/airflow/example_dags/example_sla_dag.py
[2025-04-28T14:07:15.258+0000] {processor.py:840} INFO - DAG(s) 'example_sla_dag' retrieved from /home/airflow/.local/lib/python3.8/site-packages/airflow/example_dags/example_sla_dag.py
[2025-04-28T14:07:15.291+0000] {logging_mixin.py:188} INFO - [2025-04-28T14:07:15.290+0000] {dag.py:3033} INFO - Sync 1 DAGs
[2025-04-28T14:07:15.341+0000] {logging_mixin.py:188} INFO - [2025-04-28T14:07:15.341+0000] {dag.py:3820} INFO - Setting next_dagrun for example_sla_dag to 2025-04-28T14:04:00+00:00, run_after=2025-04-28T14:06:00+00:00
[2025-04-28T14:07:15.379+0000] {processor.py:183} INFO - Processing /home/airflow/.local/lib/python3.8/site-packages/airflow/example_dags/example_sla_dag.py took 0.147 seconds
[2025-04-28T14:07:47.685+0000] {processor.py:161} INFO - Started process (PID=1460) to work on /home/airflow/.local/lib/python3.8/site-packages/airflow/example_dags/example_sla_dag.py
[2025-04-28T14:07:47.690+0000] {processor.py:830} INFO - Processing file /home/airflow/.local/lib/python3.8/site-packages/airflow/example_dags/example_sla_dag.py for tasks to queue
[2025-04-28T14:07:47.693+0000] {logging_mixin.py:188} INFO - [2025-04-28T14:07:47.693+0000] {dagbag.py:538} INFO - Filling up the DagBag from /home/airflow/.local/lib/python3.8/site-packages/airflow/example_dags/example_sla_dag.py
[2025-04-28T14:07:47.708+0000] {processor.py:840} INFO - DAG(s) 'example_sla_dag' retrieved from /home/airflow/.local/lib/python3.8/site-packages/airflow/example_dags/example_sla_dag.py
[2025-04-28T14:07:47.749+0000] {logging_mixin.py:188} INFO - [2025-04-28T14:07:47.748+0000] {dag.py:3033} INFO - Sync 1 DAGs
[2025-04-28T14:07:47.816+0000] {logging_mixin.py:188} INFO - [2025-04-28T14:07:47.816+0000] {dag.py:3820} INFO - Setting next_dagrun for example_sla_dag to 2025-04-28T14:04:00+00:00, run_after=2025-04-28T14:06:00+00:00
[2025-04-28T14:07:47.855+0000] {processor.py:183} INFO - Processing /home/airflow/.local/lib/python3.8/site-packages/airflow/example_dags/example_sla_dag.py took 0.175 seconds
[2025-04-28T14:08:18.346+0000] {processor.py:161} INFO - Started process (PID=1516) to work on /home/airflow/.local/lib/python3.8/site-packages/airflow/example_dags/example_sla_dag.py
[2025-04-28T14:08:18.348+0000] {processor.py:830} INFO - Processing file /home/airflow/.local/lib/python3.8/site-packages/airflow/example_dags/example_sla_dag.py for tasks to queue
[2025-04-28T14:08:18.354+0000] {logging_mixin.py:188} INFO - [2025-04-28T14:08:18.353+0000] {dagbag.py:538} INFO - Filling up the DagBag from /home/airflow/.local/lib/python3.8/site-packages/airflow/example_dags/example_sla_dag.py
[2025-04-28T14:08:18.369+0000] {processor.py:840} INFO - DAG(s) 'example_sla_dag' retrieved from /home/airflow/.local/lib/python3.8/site-packages/airflow/example_dags/example_sla_dag.py
[2025-04-28T14:08:18.410+0000] {logging_mixin.py:188} INFO - [2025-04-28T14:08:18.410+0000] {dag.py:3033} INFO - Sync 1 DAGs
[2025-04-28T14:08:18.455+0000] {logging_mixin.py:188} INFO - [2025-04-28T14:08:18.455+0000] {dag.py:3820} INFO - Setting next_dagrun for example_sla_dag to 2025-04-28T14:06:00+00:00, run_after=2025-04-28T14:08:00+00:00
[2025-04-28T14:08:18.485+0000] {processor.py:183} INFO - Processing /home/airflow/.local/lib/python3.8/site-packages/airflow/example_dags/example_sla_dag.py took 0.146 seconds
[2025-04-28T14:08:51.424+0000] {processor.py:161} INFO - Started process (PID=1566) to work on /home/airflow/.local/lib/python3.8/site-packages/airflow/example_dags/example_sla_dag.py
[2025-04-28T14:08:51.426+0000] {processor.py:830} INFO - Processing file /home/airflow/.local/lib/python3.8/site-packages/airflow/example_dags/example_sla_dag.py for tasks to queue
[2025-04-28T14:08:51.430+0000] {logging_mixin.py:188} INFO - [2025-04-28T14:08:51.430+0000] {dagbag.py:538} INFO - Filling up the DagBag from /home/airflow/.local/lib/python3.8/site-packages/airflow/example_dags/example_sla_dag.py
[2025-04-28T14:08:51.452+0000] {processor.py:840} INFO - DAG(s) 'example_sla_dag' retrieved from /home/airflow/.local/lib/python3.8/site-packages/airflow/example_dags/example_sla_dag.py
[2025-04-28T14:08:51.492+0000] {logging_mixin.py:188} INFO - [2025-04-28T14:08:51.492+0000] {dag.py:3033} INFO - Sync 1 DAGs
[2025-04-28T14:08:51.550+0000] {logging_mixin.py:188} INFO - [2025-04-28T14:08:51.550+0000] {dag.py:3820} INFO - Setting next_dagrun for example_sla_dag to 2025-04-28T14:06:00+00:00, run_after=2025-04-28T14:08:00+00:00
[2025-04-28T14:08:51.597+0000] {processor.py:183} INFO - Processing /home/airflow/.local/lib/python3.8/site-packages/airflow/example_dags/example_sla_dag.py took 0.181 seconds
[2025-04-28T14:09:23.410+0000] {processor.py:161} INFO - Started process (PID=1622) to work on /home/airflow/.local/lib/python3.8/site-packages/airflow/example_dags/example_sla_dag.py
[2025-04-28T14:09:23.412+0000] {processor.py:830} INFO - Processing file /home/airflow/.local/lib/python3.8/site-packages/airflow/example_dags/example_sla_dag.py for tasks to queue
[2025-04-28T14:09:23.415+0000] {logging_mixin.py:188} INFO - [2025-04-28T14:09:23.414+0000] {dagbag.py:538} INFO - Filling up the DagBag from /home/airflow/.local/lib/python3.8/site-packages/airflow/example_dags/example_sla_dag.py
[2025-04-28T14:09:23.428+0000] {processor.py:840} INFO - DAG(s) 'example_sla_dag' retrieved from /home/airflow/.local/lib/python3.8/site-packages/airflow/example_dags/example_sla_dag.py
[2025-04-28T14:09:23.457+0000] {logging_mixin.py:188} INFO - [2025-04-28T14:09:23.457+0000] {dag.py:3033} INFO - Sync 1 DAGs
[2025-04-28T14:09:23.510+0000] {logging_mixin.py:188} INFO - [2025-04-28T14:09:23.510+0000] {dag.py:3820} INFO - Setting next_dagrun for example_sla_dag to 2025-04-28T14:06:00+00:00, run_after=2025-04-28T14:08:00+00:00
[2025-04-28T14:09:23.544+0000] {processor.py:183} INFO - Processing /home/airflow/.local/lib/python3.8/site-packages/airflow/example_dags/example_sla_dag.py took 0.139 seconds
[2025-04-28T14:09:56.188+0000] {processor.py:161} INFO - Started process (PID=1679) to work on /home/airflow/.local/lib/python3.8/site-packages/airflow/example_dags/example_sla_dag.py
[2025-04-28T14:09:56.189+0000] {processor.py:830} INFO - Processing file /home/airflow/.local/lib/python3.8/site-packages/airflow/example_dags/example_sla_dag.py for tasks to queue
[2025-04-28T14:09:56.193+0000] {logging_mixin.py:188} INFO - [2025-04-28T14:09:56.192+0000] {dagbag.py:538} INFO - Filling up the DagBag from /home/airflow/.local/lib/python3.8/site-packages/airflow/example_dags/example_sla_dag.py
[2025-04-28T14:09:56.207+0000] {processor.py:840} INFO - DAG(s) 'example_sla_dag' retrieved from /home/airflow/.local/lib/python3.8/site-packages/airflow/example_dags/example_sla_dag.py
[2025-04-28T14:09:56.237+0000] {logging_mixin.py:188} INFO - [2025-04-28T14:09:56.236+0000] {dag.py:3033} INFO - Sync 1 DAGs
[2025-04-28T14:09:56.279+0000] {logging_mixin.py:188} INFO - [2025-04-28T14:09:56.279+0000] {dag.py:3820} INFO - Setting next_dagrun for example_sla_dag to 2025-04-28T14:06:00+00:00, run_after=2025-04-28T14:08:00+00:00
[2025-04-28T14:09:56.314+0000] {processor.py:183} INFO - Processing /home/airflow/.local/lib/python3.8/site-packages/airflow/example_dags/example_sla_dag.py took 0.131 seconds
[2025-04-28T14:12:09.396+0000] {processor.py:161} INFO - Started process (PID=85) to work on /home/airflow/.local/lib/python3.8/site-packages/airflow/example_dags/example_sla_dag.py
[2025-04-28T14:12:09.397+0000] {processor.py:830} INFO - Processing file /home/airflow/.local/lib/python3.8/site-packages/airflow/example_dags/example_sla_dag.py for tasks to queue
[2025-04-28T14:12:09.403+0000] {logging_mixin.py:188} INFO - [2025-04-28T14:12:09.403+0000] {dagbag.py:538} INFO - Filling up the DagBag from /home/airflow/.local/lib/python3.8/site-packages/airflow/example_dags/example_sla_dag.py
[2025-04-28T14:12:09.423+0000] {processor.py:840} INFO - DAG(s) 'example_sla_dag' retrieved from /home/airflow/.local/lib/python3.8/site-packages/airflow/example_dags/example_sla_dag.py
[2025-04-28T14:12:09.651+0000] {logging_mixin.py:188} INFO - [2025-04-28T14:12:09.651+0000] {dag.py:3033} INFO - Sync 1 DAGs
[2025-04-28T14:12:09.702+0000] {logging_mixin.py:188} INFO - [2025-04-28T14:12:09.702+0000] {dag.py:3820} INFO - Setting next_dagrun for example_sla_dag to 2025-04-28T14:10:00+00:00, run_after=2025-04-28T14:12:00+00:00
[2025-04-28T14:12:09.760+0000] {processor.py:183} INFO - Processing /home/airflow/.local/lib/python3.8/site-packages/airflow/example_dags/example_sla_dag.py took 0.370 seconds
[2025-04-28T14:12:40.726+0000] {processor.py:161} INFO - Started process (PID=142) to work on /home/airflow/.local/lib/python3.8/site-packages/airflow/example_dags/example_sla_dag.py
[2025-04-28T14:12:40.728+0000] {processor.py:830} INFO - Processing file /home/airflow/.local/lib/python3.8/site-packages/airflow/example_dags/example_sla_dag.py for tasks to queue
[2025-04-28T14:12:40.731+0000] {logging_mixin.py:188} INFO - [2025-04-28T14:12:40.730+0000] {dagbag.py:538} INFO - Filling up the DagBag from /home/airflow/.local/lib/python3.8/site-packages/airflow/example_dags/example_sla_dag.py
[2025-04-28T14:12:40.743+0000] {processor.py:840} INFO - DAG(s) 'example_sla_dag' retrieved from /home/airflow/.local/lib/python3.8/site-packages/airflow/example_dags/example_sla_dag.py
[2025-04-28T14:12:40.769+0000] {logging_mixin.py:188} INFO - [2025-04-28T14:12:40.769+0000] {dag.py:3033} INFO - Sync 1 DAGs
[2025-04-28T14:12:40.804+0000] {logging_mixin.py:188} INFO - [2025-04-28T14:12:40.804+0000] {dag.py:3820} INFO - Setting next_dagrun for example_sla_dag to 2025-04-28T14:10:00+00:00, run_after=2025-04-28T14:12:00+00:00
[2025-04-28T14:12:40.836+0000] {processor.py:183} INFO - Processing /home/airflow/.local/lib/python3.8/site-packages/airflow/example_dags/example_sla_dag.py took 0.115 seconds
[2025-04-28T14:13:13.251+0000] {processor.py:161} INFO - Started process (PID=198) to work on /home/airflow/.local/lib/python3.8/site-packages/airflow/example_dags/example_sla_dag.py
[2025-04-28T14:13:13.252+0000] {processor.py:830} INFO - Processing file /home/airflow/.local/lib/python3.8/site-packages/airflow/example_dags/example_sla_dag.py for tasks to queue
[2025-04-28T14:13:13.255+0000] {logging_mixin.py:188} INFO - [2025-04-28T14:13:13.255+0000] {dagbag.py:538} INFO - Filling up the DagBag from /home/airflow/.local/lib/python3.8/site-packages/airflow/example_dags/example_sla_dag.py
[2025-04-28T14:13:13.268+0000] {processor.py:840} INFO - DAG(s) 'example_sla_dag' retrieved from /home/airflow/.local/lib/python3.8/site-packages/airflow/example_dags/example_sla_dag.py
[2025-04-28T14:13:13.320+0000] {logging_mixin.py:188} INFO - [2025-04-28T14:13:13.319+0000] {dag.py:3033} INFO - Sync 1 DAGs
[2025-04-28T14:13:13.368+0000] {logging_mixin.py:188} INFO - [2025-04-28T14:13:13.368+0000] {dag.py:3820} INFO - Setting next_dagrun for example_sla_dag to 2025-04-28T14:10:00+00:00, run_after=2025-04-28T14:12:00+00:00
[2025-04-28T14:13:13.404+0000] {processor.py:183} INFO - Processing /home/airflow/.local/lib/python3.8/site-packages/airflow/example_dags/example_sla_dag.py took 0.159 seconds
[2025-04-28T14:13:46.993+0000] {processor.py:161} INFO - Started process (PID=255) to work on /home/airflow/.local/lib/python3.8/site-packages/airflow/example_dags/example_sla_dag.py
[2025-04-28T14:13:46.994+0000] {processor.py:830} INFO - Processing file /home/airflow/.local/lib/python3.8/site-packages/airflow/example_dags/example_sla_dag.py for tasks to queue
[2025-04-28T14:13:47.004+0000] {logging_mixin.py:188} INFO - [2025-04-28T14:13:46.999+0000] {dagbag.py:538} INFO - Filling up the DagBag from /home/airflow/.local/lib/python3.8/site-packages/airflow/example_dags/example_sla_dag.py
[2025-04-28T14:13:47.041+0000] {processor.py:840} INFO - DAG(s) 'example_sla_dag' retrieved from /home/airflow/.local/lib/python3.8/site-packages/airflow/example_dags/example_sla_dag.py
[2025-04-28T14:13:47.077+0000] {logging_mixin.py:188} INFO - [2025-04-28T14:13:47.077+0000] {dag.py:3033} INFO - Sync 1 DAGs
[2025-04-28T14:13:47.132+0000] {logging_mixin.py:188} INFO - [2025-04-28T14:13:47.132+0000] {dag.py:3820} INFO - Setting next_dagrun for example_sla_dag to 2025-04-28T14:10:00+00:00, run_after=2025-04-28T14:12:00+00:00
[2025-04-28T14:13:47.169+0000] {processor.py:183} INFO - Processing /home/airflow/.local/lib/python3.8/site-packages/airflow/example_dags/example_sla_dag.py took 0.183 seconds
[2025-04-28T14:14:18.177+0000] {processor.py:161} INFO - Started process (PID=311) to work on /home/airflow/.local/lib/python3.8/site-packages/airflow/example_dags/example_sla_dag.py
[2025-04-28T14:14:18.179+0000] {processor.py:830} INFO - Processing file /home/airflow/.local/lib/python3.8/site-packages/airflow/example_dags/example_sla_dag.py for tasks to queue
[2025-04-28T14:14:18.183+0000] {logging_mixin.py:188} INFO - [2025-04-28T14:14:18.182+0000] {dagbag.py:538} INFO - Filling up the DagBag from /home/airflow/.local/lib/python3.8/site-packages/airflow/example_dags/example_sla_dag.py
[2025-04-28T14:14:18.197+0000] {processor.py:840} INFO - DAG(s) 'example_sla_dag' retrieved from /home/airflow/.local/lib/python3.8/site-packages/airflow/example_dags/example_sla_dag.py
[2025-04-28T14:14:18.231+0000] {logging_mixin.py:188} INFO - [2025-04-28T14:14:18.230+0000] {dag.py:3033} INFO - Sync 1 DAGs
[2025-04-28T14:14:18.318+0000] {logging_mixin.py:188} INFO - [2025-04-28T14:14:18.318+0000] {dag.py:3820} INFO - Setting next_dagrun for example_sla_dag to 2025-04-28T14:12:00+00:00, run_after=2025-04-28T14:14:00+00:00
[2025-04-28T14:14:18.349+0000] {processor.py:183} INFO - Processing /home/airflow/.local/lib/python3.8/site-packages/airflow/example_dags/example_sla_dag.py took 0.176 seconds
[2025-04-28T14:14:51.688+0000] {processor.py:161} INFO - Started process (PID=368) to work on /home/airflow/.local/lib/python3.8/site-packages/airflow/example_dags/example_sla_dag.py
[2025-04-28T14:14:51.689+0000] {processor.py:830} INFO - Processing file /home/airflow/.local/lib/python3.8/site-packages/airflow/example_dags/example_sla_dag.py for tasks to queue
[2025-04-28T14:14:51.693+0000] {logging_mixin.py:188} INFO - [2025-04-28T14:14:51.692+0000] {dagbag.py:538} INFO - Filling up the DagBag from /home/airflow/.local/lib/python3.8/site-packages/airflow/example_dags/example_sla_dag.py
[2025-04-28T14:14:51.707+0000] {processor.py:840} INFO - DAG(s) 'example_sla_dag' retrieved from /home/airflow/.local/lib/python3.8/site-packages/airflow/example_dags/example_sla_dag.py
[2025-04-28T14:14:51.741+0000] {logging_mixin.py:188} INFO - [2025-04-28T14:14:51.741+0000] {dag.py:3033} INFO - Sync 1 DAGs
[2025-04-28T14:14:51.790+0000] {logging_mixin.py:188} INFO - [2025-04-28T14:14:51.790+0000] {dag.py:3820} INFO - Setting next_dagrun for example_sla_dag to 2025-04-28T14:12:00+00:00, run_after=2025-04-28T14:14:00+00:00
[2025-04-28T14:14:51.824+0000] {processor.py:183} INFO - Processing /home/airflow/.local/lib/python3.8/site-packages/airflow/example_dags/example_sla_dag.py took 0.142 seconds
[2025-04-28T14:15:23.970+0000] {processor.py:161} INFO - Started process (PID=423) to work on /home/airflow/.local/lib/python3.8/site-packages/airflow/example_dags/example_sla_dag.py
[2025-04-28T14:15:23.971+0000] {processor.py:830} INFO - Processing file /home/airflow/.local/lib/python3.8/site-packages/airflow/example_dags/example_sla_dag.py for tasks to queue
[2025-04-28T14:15:23.974+0000] {logging_mixin.py:188} INFO - [2025-04-28T14:15:23.974+0000] {dagbag.py:538} INFO - Filling up the DagBag from /home/airflow/.local/lib/python3.8/site-packages/airflow/example_dags/example_sla_dag.py
[2025-04-28T14:15:23.986+0000] {processor.py:840} INFO - DAG(s) 'example_sla_dag' retrieved from /home/airflow/.local/lib/python3.8/site-packages/airflow/example_dags/example_sla_dag.py
[2025-04-28T14:15:24.021+0000] {logging_mixin.py:188} INFO - [2025-04-28T14:15:24.021+0000] {dag.py:3033} INFO - Sync 1 DAGs
[2025-04-28T14:15:24.061+0000] {logging_mixin.py:188} INFO - [2025-04-28T14:15:24.061+0000] {dag.py:3820} INFO - Setting next_dagrun for example_sla_dag to 2025-04-28T14:12:00+00:00, run_after=2025-04-28T14:14:00+00:00
[2025-04-28T14:15:24.088+0000] {processor.py:183} INFO - Processing /home/airflow/.local/lib/python3.8/site-packages/airflow/example_dags/example_sla_dag.py took 0.122 seconds
[2025-04-28T14:15:56.587+0000] {processor.py:161} INFO - Started process (PID=478) to work on /home/airflow/.local/lib/python3.8/site-packages/airflow/example_dags/example_sla_dag.py
[2025-04-28T14:15:56.589+0000] {processor.py:830} INFO - Processing file /home/airflow/.local/lib/python3.8/site-packages/airflow/example_dags/example_sla_dag.py for tasks to queue
[2025-04-28T14:15:56.592+0000] {logging_mixin.py:188} INFO - [2025-04-28T14:15:56.592+0000] {dagbag.py:538} INFO - Filling up the DagBag from /home/airflow/.local/lib/python3.8/site-packages/airflow/example_dags/example_sla_dag.py
[2025-04-28T14:15:56.608+0000] {processor.py:840} INFO - DAG(s) 'example_sla_dag' retrieved from /home/airflow/.local/lib/python3.8/site-packages/airflow/example_dags/example_sla_dag.py
[2025-04-28T14:15:56.644+0000] {logging_mixin.py:188} INFO - [2025-04-28T14:15:56.644+0000] {dag.py:3033} INFO - Sync 1 DAGs
[2025-04-28T14:15:56.687+0000] {logging_mixin.py:188} INFO - [2025-04-28T14:15:56.686+0000] {dag.py:3820} INFO - Setting next_dagrun for example_sla_dag to 2025-04-28T14:12:00+00:00, run_after=2025-04-28T14:14:00+00:00
[2025-04-28T14:15:56.720+0000] {processor.py:183} INFO - Processing /home/airflow/.local/lib/python3.8/site-packages/airflow/example_dags/example_sla_dag.py took 0.138 seconds
[2025-04-28T14:16:29.400+0000] {processor.py:161} INFO - Started process (PID=534) to work on /home/airflow/.local/lib/python3.8/site-packages/airflow/example_dags/example_sla_dag.py
[2025-04-28T14:16:29.401+0000] {processor.py:830} INFO - Processing file /home/airflow/.local/lib/python3.8/site-packages/airflow/example_dags/example_sla_dag.py for tasks to queue
[2025-04-28T14:16:29.404+0000] {logging_mixin.py:188} INFO - [2025-04-28T14:16:29.404+0000] {dagbag.py:538} INFO - Filling up the DagBag from /home/airflow/.local/lib/python3.8/site-packages/airflow/example_dags/example_sla_dag.py
[2025-04-28T14:16:29.416+0000] {processor.py:840} INFO - DAG(s) 'example_sla_dag' retrieved from /home/airflow/.local/lib/python3.8/site-packages/airflow/example_dags/example_sla_dag.py
[2025-04-28T14:16:29.442+0000] {logging_mixin.py:188} INFO - [2025-04-28T14:16:29.442+0000] {dag.py:3033} INFO - Sync 1 DAGs
[2025-04-28T14:16:29.477+0000] {logging_mixin.py:188} INFO - [2025-04-28T14:16:29.477+0000] {dag.py:3820} INFO - Setting next_dagrun for example_sla_dag to 2025-04-28T14:14:00+00:00, run_after=2025-04-28T14:16:00+00:00
[2025-04-28T14:16:29.507+0000] {processor.py:183} INFO - Processing /home/airflow/.local/lib/python3.8/site-packages/airflow/example_dags/example_sla_dag.py took 0.113 seconds
[2025-04-28T14:17:02.548+0000] {processor.py:161} INFO - Started process (PID=589) to work on /home/airflow/.local/lib/python3.8/site-packages/airflow/example_dags/example_sla_dag.py
[2025-04-28T14:17:02.550+0000] {processor.py:830} INFO - Processing file /home/airflow/.local/lib/python3.8/site-packages/airflow/example_dags/example_sla_dag.py for tasks to queue
[2025-04-28T14:17:02.553+0000] {logging_mixin.py:188} INFO - [2025-04-28T14:17:02.553+0000] {dagbag.py:538} INFO - Filling up the DagBag from /home/airflow/.local/lib/python3.8/site-packages/airflow/example_dags/example_sla_dag.py
[2025-04-28T14:17:02.577+0000] {processor.py:840} INFO - DAG(s) 'example_sla_dag' retrieved from /home/airflow/.local/lib/python3.8/site-packages/airflow/example_dags/example_sla_dag.py
[2025-04-28T14:17:02.609+0000] {logging_mixin.py:188} INFO - [2025-04-28T14:17:02.609+0000] {dag.py:3033} INFO - Sync 1 DAGs
[2025-04-28T14:17:02.658+0000] {logging_mixin.py:188} INFO - [2025-04-28T14:17:02.657+0000] {dag.py:3820} INFO - Setting next_dagrun for example_sla_dag to 2025-04-28T14:14:00+00:00, run_after=2025-04-28T14:16:00+00:00
[2025-04-28T14:17:02.692+0000] {processor.py:183} INFO - Processing /home/airflow/.local/lib/python3.8/site-packages/airflow/example_dags/example_sla_dag.py took 0.152 seconds
[2025-04-28T14:17:35.051+0000] {processor.py:161} INFO - Started process (PID=644) to work on /home/airflow/.local/lib/python3.8/site-packages/airflow/example_dags/example_sla_dag.py
[2025-04-28T14:17:35.053+0000] {processor.py:830} INFO - Processing file /home/airflow/.local/lib/python3.8/site-packages/airflow/example_dags/example_sla_dag.py for tasks to queue
[2025-04-28T14:17:35.058+0000] {logging_mixin.py:188} INFO - [2025-04-28T14:17:35.058+0000] {dagbag.py:538} INFO - Filling up the DagBag from /home/airflow/.local/lib/python3.8/site-packages/airflow/example_dags/example_sla_dag.py
[2025-04-28T14:17:35.082+0000] {processor.py:840} INFO - DAG(s) 'example_sla_dag' retrieved from /home/airflow/.local/lib/python3.8/site-packages/airflow/example_dags/example_sla_dag.py
[2025-04-28T14:17:35.140+0000] {logging_mixin.py:188} INFO - [2025-04-28T14:17:35.139+0000] {dag.py:3033} INFO - Sync 1 DAGs
[2025-04-28T14:17:35.218+0000] {logging_mixin.py:188} INFO - [2025-04-28T14:17:35.218+0000] {dag.py:3820} INFO - Setting next_dagrun for example_sla_dag to 2025-04-28T14:14:00+00:00, run_after=2025-04-28T14:16:00+00:00
[2025-04-28T14:17:35.269+0000] {processor.py:183} INFO - Processing /home/airflow/.local/lib/python3.8/site-packages/airflow/example_dags/example_sla_dag.py took 0.226 seconds
[2025-04-28T14:18:08.644+0000] {processor.py:161} INFO - Started process (PID=701) to work on /home/airflow/.local/lib/python3.8/site-packages/airflow/example_dags/example_sla_dag.py
[2025-04-28T14:18:08.646+0000] {processor.py:830} INFO - Processing file /home/airflow/.local/lib/python3.8/site-packages/airflow/example_dags/example_sla_dag.py for tasks to queue
[2025-04-28T14:18:08.652+0000] {logging_mixin.py:188} INFO - [2025-04-28T14:18:08.652+0000] {dagbag.py:538} INFO - Filling up the DagBag from /home/airflow/.local/lib/python3.8/site-packages/airflow/example_dags/example_sla_dag.py
[2025-04-28T14:18:08.671+0000] {processor.py:840} INFO - DAG(s) 'example_sla_dag' retrieved from /home/airflow/.local/lib/python3.8/site-packages/airflow/example_dags/example_sla_dag.py
[2025-04-28T14:18:08.711+0000] {logging_mixin.py:188} INFO - [2025-04-28T14:18:08.711+0000] {dag.py:3033} INFO - Sync 1 DAGs
[2025-04-28T14:18:08.775+0000] {logging_mixin.py:188} INFO - [2025-04-28T14:18:08.774+0000] {dag.py:3820} INFO - Setting next_dagrun for example_sla_dag to 2025-04-28T14:16:00+00:00, run_after=2025-04-28T14:18:00+00:00
[2025-04-28T14:18:08.852+0000] {processor.py:183} INFO - Processing /home/airflow/.local/lib/python3.8/site-packages/airflow/example_dags/example_sla_dag.py took 0.213 seconds
[2025-04-28T14:18:40.501+0000] {processor.py:161} INFO - Started process (PID=758) to work on /home/airflow/.local/lib/python3.8/site-packages/airflow/example_dags/example_sla_dag.py
[2025-04-28T14:18:40.503+0000] {processor.py:830} INFO - Processing file /home/airflow/.local/lib/python3.8/site-packages/airflow/example_dags/example_sla_dag.py for tasks to queue
[2025-04-28T14:18:40.507+0000] {logging_mixin.py:188} INFO - [2025-04-28T14:18:40.507+0000] {dagbag.py:538} INFO - Filling up the DagBag from /home/airflow/.local/lib/python3.8/site-packages/airflow/example_dags/example_sla_dag.py
[2025-04-28T14:18:40.526+0000] {processor.py:840} INFO - DAG(s) 'example_sla_dag' retrieved from /home/airflow/.local/lib/python3.8/site-packages/airflow/example_dags/example_sla_dag.py
[2025-04-28T14:18:40.570+0000] {logging_mixin.py:188} INFO - [2025-04-28T14:18:40.569+0000] {dag.py:3033} INFO - Sync 1 DAGs
[2025-04-28T14:18:40.624+0000] {logging_mixin.py:188} INFO - [2025-04-28T14:18:40.624+0000] {dag.py:3820} INFO - Setting next_dagrun for example_sla_dag to 2025-04-28T14:16:00+00:00, run_after=2025-04-28T14:18:00+00:00
[2025-04-28T14:18:40.663+0000] {processor.py:183} INFO - Processing /home/airflow/.local/lib/python3.8/site-packages/airflow/example_dags/example_sla_dag.py took 0.166 seconds
[2025-04-28T14:19:12.816+0000] {processor.py:161} INFO - Started process (PID=817) to work on /home/airflow/.local/lib/python3.8/site-packages/airflow/example_dags/example_sla_dag.py
[2025-04-28T14:19:12.819+0000] {processor.py:830} INFO - Processing file /home/airflow/.local/lib/python3.8/site-packages/airflow/example_dags/example_sla_dag.py for tasks to queue
[2025-04-28T14:19:12.823+0000] {logging_mixin.py:188} INFO - [2025-04-28T14:19:12.822+0000] {dagbag.py:538} INFO - Filling up the DagBag from /home/airflow/.local/lib/python3.8/site-packages/airflow/example_dags/example_sla_dag.py
[2025-04-28T14:19:12.839+0000] {processor.py:840} INFO - DAG(s) 'example_sla_dag' retrieved from /home/airflow/.local/lib/python3.8/site-packages/airflow/example_dags/example_sla_dag.py
[2025-04-28T14:19:12.871+0000] {logging_mixin.py:188} INFO - [2025-04-28T14:19:12.871+0000] {dag.py:3033} INFO - Sync 1 DAGs
[2025-04-28T14:19:12.913+0000] {logging_mixin.py:188} INFO - [2025-04-28T14:19:12.913+0000] {dag.py:3820} INFO - Setting next_dagrun for example_sla_dag to 2025-04-28T14:16:00+00:00, run_after=2025-04-28T14:18:00+00:00
[2025-04-28T14:19:12.943+0000] {processor.py:183} INFO - Processing /home/airflow/.local/lib/python3.8/site-packages/airflow/example_dags/example_sla_dag.py took 0.132 seconds
[2025-04-28T14:19:46.098+0000] {processor.py:161} INFO - Started process (PID=876) to work on /home/airflow/.local/lib/python3.8/site-packages/airflow/example_dags/example_sla_dag.py
[2025-04-28T14:19:46.100+0000] {processor.py:830} INFO - Processing file /home/airflow/.local/lib/python3.8/site-packages/airflow/example_dags/example_sla_dag.py for tasks to queue
[2025-04-28T14:19:46.103+0000] {logging_mixin.py:188} INFO - [2025-04-28T14:19:46.102+0000] {dagbag.py:538} INFO - Filling up the DagBag from /home/airflow/.local/lib/python3.8/site-packages/airflow/example_dags/example_sla_dag.py
[2025-04-28T14:19:46.117+0000] {processor.py:840} INFO - DAG(s) 'example_sla_dag' retrieved from /home/airflow/.local/lib/python3.8/site-packages/airflow/example_dags/example_sla_dag.py
[2025-04-28T14:19:46.150+0000] {logging_mixin.py:188} INFO - [2025-04-28T14:19:46.150+0000] {dag.py:3033} INFO - Sync 1 DAGs
[2025-04-28T14:19:46.197+0000] {logging_mixin.py:188} INFO - [2025-04-28T14:19:46.197+0000] {dag.py:3820} INFO - Setting next_dagrun for example_sla_dag to 2025-04-28T14:16:00+00:00, run_after=2025-04-28T14:18:00+00:00
[2025-04-28T14:19:46.228+0000] {processor.py:183} INFO - Processing /home/airflow/.local/lib/python3.8/site-packages/airflow/example_dags/example_sla_dag.py took 0.137 seconds
[2025-04-28T14:20:19.879+0000] {processor.py:161} INFO - Started process (PID=932) to work on /home/airflow/.local/lib/python3.8/site-packages/airflow/example_dags/example_sla_dag.py
[2025-04-28T14:20:19.880+0000] {processor.py:830} INFO - Processing file /home/airflow/.local/lib/python3.8/site-packages/airflow/example_dags/example_sla_dag.py for tasks to queue
[2025-04-28T14:20:19.884+0000] {logging_mixin.py:188} INFO - [2025-04-28T14:20:19.883+0000] {dagbag.py:538} INFO - Filling up the DagBag from /home/airflow/.local/lib/python3.8/site-packages/airflow/example_dags/example_sla_dag.py
[2025-04-28T14:20:19.898+0000] {processor.py:840} INFO - DAG(s) 'example_sla_dag' retrieved from /home/airflow/.local/lib/python3.8/site-packages/airflow/example_dags/example_sla_dag.py
[2025-04-28T14:20:19.931+0000] {logging_mixin.py:188} INFO - [2025-04-28T14:20:19.930+0000] {dag.py:3033} INFO - Sync 1 DAGs
[2025-04-28T14:20:19.976+0000] {logging_mixin.py:188} INFO - [2025-04-28T14:20:19.976+0000] {dag.py:3820} INFO - Setting next_dagrun for example_sla_dag to 2025-04-28T14:18:00+00:00, run_after=2025-04-28T14:20:00+00:00
[2025-04-28T14:20:20.011+0000] {processor.py:183} INFO - Processing /home/airflow/.local/lib/python3.8/site-packages/airflow/example_dags/example_sla_dag.py took 0.142 seconds
[2025-04-28T14:20:51.747+0000] {processor.py:161} INFO - Started process (PID=988) to work on /home/airflow/.local/lib/python3.8/site-packages/airflow/example_dags/example_sla_dag.py
[2025-04-28T14:20:51.749+0000] {processor.py:830} INFO - Processing file /home/airflow/.local/lib/python3.8/site-packages/airflow/example_dags/example_sla_dag.py for tasks to queue
[2025-04-28T14:20:51.753+0000] {logging_mixin.py:188} INFO - [2025-04-28T14:20:51.752+0000] {dagbag.py:538} INFO - Filling up the DagBag from /home/airflow/.local/lib/python3.8/site-packages/airflow/example_dags/example_sla_dag.py
[2025-04-28T14:20:51.767+0000] {processor.py:840} INFO - DAG(s) 'example_sla_dag' retrieved from /home/airflow/.local/lib/python3.8/site-packages/airflow/example_dags/example_sla_dag.py
[2025-04-28T14:20:51.801+0000] {logging_mixin.py:188} INFO - [2025-04-28T14:20:51.801+0000] {dag.py:3033} INFO - Sync 1 DAGs
[2025-04-28T14:20:51.844+0000] {logging_mixin.py:188} INFO - [2025-04-28T14:20:51.843+0000] {dag.py:3820} INFO - Setting next_dagrun for example_sla_dag to 2025-04-28T14:18:00+00:00, run_after=2025-04-28T14:20:00+00:00
[2025-04-28T14:20:51.882+0000] {processor.py:183} INFO - Processing /home/airflow/.local/lib/python3.8/site-packages/airflow/example_dags/example_sla_dag.py took 0.142 seconds
[2025-04-28T14:21:25.021+0000] {processor.py:161} INFO - Started process (PID=1043) to work on /home/airflow/.local/lib/python3.8/site-packages/airflow/example_dags/example_sla_dag.py
[2025-04-28T14:21:25.023+0000] {processor.py:830} INFO - Processing file /home/airflow/.local/lib/python3.8/site-packages/airflow/example_dags/example_sla_dag.py for tasks to queue
[2025-04-28T14:21:25.026+0000] {logging_mixin.py:188} INFO - [2025-04-28T14:21:25.026+0000] {dagbag.py:538} INFO - Filling up the DagBag from /home/airflow/.local/lib/python3.8/site-packages/airflow/example_dags/example_sla_dag.py
[2025-04-28T14:21:25.044+0000] {processor.py:840} INFO - DAG(s) 'example_sla_dag' retrieved from /home/airflow/.local/lib/python3.8/site-packages/airflow/example_dags/example_sla_dag.py
[2025-04-28T14:21:25.096+0000] {logging_mixin.py:188} INFO - [2025-04-28T14:21:25.096+0000] {dag.py:3033} INFO - Sync 1 DAGs
[2025-04-28T14:21:25.152+0000] {logging_mixin.py:188} INFO - [2025-04-28T14:21:25.152+0000] {dag.py:3820} INFO - Setting next_dagrun for example_sla_dag to 2025-04-28T14:18:00+00:00, run_after=2025-04-28T14:20:00+00:00
[2025-04-28T14:21:25.199+0000] {processor.py:183} INFO - Processing /home/airflow/.local/lib/python3.8/site-packages/airflow/example_dags/example_sla_dag.py took 0.183 seconds
[2025-04-28T14:21:58.079+0000] {processor.py:161} INFO - Started process (PID=1099) to work on /home/airflow/.local/lib/python3.8/site-packages/airflow/example_dags/example_sla_dag.py
[2025-04-28T14:21:58.081+0000] {processor.py:830} INFO - Processing file /home/airflow/.local/lib/python3.8/site-packages/airflow/example_dags/example_sla_dag.py for tasks to queue
[2025-04-28T14:21:58.097+0000] {logging_mixin.py:188} INFO - [2025-04-28T14:21:58.096+0000] {dagbag.py:538} INFO - Filling up the DagBag from /home/airflow/.local/lib/python3.8/site-packages/airflow/example_dags/example_sla_dag.py
[2025-04-28T14:21:58.125+0000] {processor.py:840} INFO - DAG(s) 'example_sla_dag' retrieved from /home/airflow/.local/lib/python3.8/site-packages/airflow/example_dags/example_sla_dag.py
[2025-04-28T14:21:58.182+0000] {logging_mixin.py:188} INFO - [2025-04-28T14:21:58.182+0000] {dag.py:3033} INFO - Sync 1 DAGs
[2025-04-28T14:21:58.236+0000] {logging_mixin.py:188} INFO - [2025-04-28T14:21:58.236+0000] {dag.py:3820} INFO - Setting next_dagrun for example_sla_dag to 2025-04-28T14:18:00+00:00, run_after=2025-04-28T14:20:00+00:00
[2025-04-28T14:21:58.271+0000] {processor.py:183} INFO - Processing /home/airflow/.local/lib/python3.8/site-packages/airflow/example_dags/example_sla_dag.py took 0.203 seconds
[2025-04-28T14:22:30.279+0000] {processor.py:161} INFO - Started process (PID=1154) to work on /home/airflow/.local/lib/python3.8/site-packages/airflow/example_dags/example_sla_dag.py
[2025-04-28T14:22:30.280+0000] {processor.py:830} INFO - Processing file /home/airflow/.local/lib/python3.8/site-packages/airflow/example_dags/example_sla_dag.py for tasks to queue
[2025-04-28T14:22:30.284+0000] {logging_mixin.py:188} INFO - [2025-04-28T14:22:30.283+0000] {dagbag.py:538} INFO - Filling up the DagBag from /home/airflow/.local/lib/python3.8/site-packages/airflow/example_dags/example_sla_dag.py
[2025-04-28T14:22:30.299+0000] {processor.py:840} INFO - DAG(s) 'example_sla_dag' retrieved from /home/airflow/.local/lib/python3.8/site-packages/airflow/example_dags/example_sla_dag.py
[2025-04-28T14:22:30.332+0000] {logging_mixin.py:188} INFO - [2025-04-28T14:22:30.331+0000] {dag.py:3033} INFO - Sync 1 DAGs
[2025-04-28T14:22:30.390+0000] {logging_mixin.py:188} INFO - [2025-04-28T14:22:30.390+0000] {dag.py:3820} INFO - Setting next_dagrun for example_sla_dag to 2025-04-28T14:20:00+00:00, run_after=2025-04-28T14:22:00+00:00
[2025-04-28T14:22:30.427+0000] {processor.py:183} INFO - Processing /home/airflow/.local/lib/python3.8/site-packages/airflow/example_dags/example_sla_dag.py took 0.153 seconds
[2025-04-28T14:23:03.044+0000] {processor.py:161} INFO - Started process (PID=1210) to work on /home/airflow/.local/lib/python3.8/site-packages/airflow/example_dags/example_sla_dag.py
[2025-04-28T14:23:03.046+0000] {processor.py:830} INFO - Processing file /home/airflow/.local/lib/python3.8/site-packages/airflow/example_dags/example_sla_dag.py for tasks to queue
[2025-04-28T14:23:03.051+0000] {logging_mixin.py:188} INFO - [2025-04-28T14:23:03.051+0000] {dagbag.py:538} INFO - Filling up the DagBag from /home/airflow/.local/lib/python3.8/site-packages/airflow/example_dags/example_sla_dag.py
[2025-04-28T14:23:03.066+0000] {processor.py:840} INFO - DAG(s) 'example_sla_dag' retrieved from /home/airflow/.local/lib/python3.8/site-packages/airflow/example_dags/example_sla_dag.py
[2025-04-28T14:23:03.095+0000] {logging_mixin.py:188} INFO - [2025-04-28T14:23:03.095+0000] {dag.py:3033} INFO - Sync 1 DAGs
[2025-04-28T14:23:03.144+0000] {logging_mixin.py:188} INFO - [2025-04-28T14:23:03.143+0000] {dag.py:3820} INFO - Setting next_dagrun for example_sla_dag to 2025-04-28T14:20:00+00:00, run_after=2025-04-28T14:22:00+00:00
[2025-04-28T14:23:03.192+0000] {processor.py:183} INFO - Processing /home/airflow/.local/lib/python3.8/site-packages/airflow/example_dags/example_sla_dag.py took 0.153 seconds
[2025-04-28T14:23:35.593+0000] {processor.py:161} INFO - Started process (PID=1265) to work on /home/airflow/.local/lib/python3.8/site-packages/airflow/example_dags/example_sla_dag.py
[2025-04-28T14:23:35.594+0000] {processor.py:830} INFO - Processing file /home/airflow/.local/lib/python3.8/site-packages/airflow/example_dags/example_sla_dag.py for tasks to queue
[2025-04-28T14:23:35.598+0000] {logging_mixin.py:188} INFO - [2025-04-28T14:23:35.598+0000] {dagbag.py:538} INFO - Filling up the DagBag from /home/airflow/.local/lib/python3.8/site-packages/airflow/example_dags/example_sla_dag.py
[2025-04-28T14:23:35.610+0000] {processor.py:840} INFO - DAG(s) 'example_sla_dag' retrieved from /home/airflow/.local/lib/python3.8/site-packages/airflow/example_dags/example_sla_dag.py
[2025-04-28T14:23:35.634+0000] {logging_mixin.py:188} INFO - [2025-04-28T14:23:35.634+0000] {dag.py:3033} INFO - Sync 1 DAGs
[2025-04-28T14:23:35.670+0000] {logging_mixin.py:188} INFO - [2025-04-28T14:23:35.669+0000] {dag.py:3820} INFO - Setting next_dagrun for example_sla_dag to 2025-04-28T14:20:00+00:00, run_after=2025-04-28T14:22:00+00:00
[2025-04-28T14:23:35.701+0000] {processor.py:183} INFO - Processing /home/airflow/.local/lib/python3.8/site-packages/airflow/example_dags/example_sla_dag.py took 0.113 seconds
[2025-04-28T14:24:08.218+0000] {processor.py:161} INFO - Started process (PID=1321) to work on /home/airflow/.local/lib/python3.8/site-packages/airflow/example_dags/example_sla_dag.py
[2025-04-28T14:24:08.220+0000] {processor.py:830} INFO - Processing file /home/airflow/.local/lib/python3.8/site-packages/airflow/example_dags/example_sla_dag.py for tasks to queue
[2025-04-28T14:24:08.223+0000] {logging_mixin.py:188} INFO - [2025-04-28T14:24:08.223+0000] {dagbag.py:538} INFO - Filling up the DagBag from /home/airflow/.local/lib/python3.8/site-packages/airflow/example_dags/example_sla_dag.py
[2025-04-28T14:24:08.237+0000] {processor.py:840} INFO - DAG(s) 'example_sla_dag' retrieved from /home/airflow/.local/lib/python3.8/site-packages/airflow/example_dags/example_sla_dag.py
[2025-04-28T14:24:08.272+0000] {logging_mixin.py:188} INFO - [2025-04-28T14:24:08.272+0000] {dag.py:3033} INFO - Sync 1 DAGs
[2025-04-28T14:24:08.315+0000] {logging_mixin.py:188} INFO - [2025-04-28T14:24:08.314+0000] {dag.py:3820} INFO - Setting next_dagrun for example_sla_dag to 2025-04-28T14:22:00+00:00, run_after=2025-04-28T14:24:00+00:00
[2025-04-28T14:24:08.351+0000] {processor.py:183} INFO - Processing /home/airflow/.local/lib/python3.8/site-packages/airflow/example_dags/example_sla_dag.py took 0.140 seconds
[2025-04-28T14:24:40.673+0000] {processor.py:161} INFO - Started process (PID=1377) to work on /home/airflow/.local/lib/python3.8/site-packages/airflow/example_dags/example_sla_dag.py
[2025-04-28T14:24:40.674+0000] {processor.py:830} INFO - Processing file /home/airflow/.local/lib/python3.8/site-packages/airflow/example_dags/example_sla_dag.py for tasks to queue
[2025-04-28T14:24:40.678+0000] {logging_mixin.py:188} INFO - [2025-04-28T14:24:40.678+0000] {dagbag.py:538} INFO - Filling up the DagBag from /home/airflow/.local/lib/python3.8/site-packages/airflow/example_dags/example_sla_dag.py
[2025-04-28T14:24:40.689+0000] {processor.py:840} INFO - DAG(s) 'example_sla_dag' retrieved from /home/airflow/.local/lib/python3.8/site-packages/airflow/example_dags/example_sla_dag.py
[2025-04-28T14:24:40.717+0000] {logging_mixin.py:188} INFO - [2025-04-28T14:24:40.717+0000] {dag.py:3033} INFO - Sync 1 DAGs
[2025-04-28T14:24:40.754+0000] {logging_mixin.py:188} INFO - [2025-04-28T14:24:40.754+0000] {dag.py:3820} INFO - Setting next_dagrun for example_sla_dag to 2025-04-28T14:22:00+00:00, run_after=2025-04-28T14:24:00+00:00
[2025-04-28T14:24:40.780+0000] {processor.py:183} INFO - Processing /home/airflow/.local/lib/python3.8/site-packages/airflow/example_dags/example_sla_dag.py took 0.111 seconds
[2025-04-28T14:25:14.184+0000] {processor.py:161} INFO - Started process (PID=1433) to work on /home/airflow/.local/lib/python3.8/site-packages/airflow/example_dags/example_sla_dag.py
[2025-04-28T14:25:14.185+0000] {processor.py:830} INFO - Processing file /home/airflow/.local/lib/python3.8/site-packages/airflow/example_dags/example_sla_dag.py for tasks to queue
[2025-04-28T14:25:14.188+0000] {logging_mixin.py:188} INFO - [2025-04-28T14:25:14.188+0000] {dagbag.py:538} INFO - Filling up the DagBag from /home/airflow/.local/lib/python3.8/site-packages/airflow/example_dags/example_sla_dag.py
[2025-04-28T14:25:14.204+0000] {processor.py:840} INFO - DAG(s) 'example_sla_dag' retrieved from /home/airflow/.local/lib/python3.8/site-packages/airflow/example_dags/example_sla_dag.py
[2025-04-28T14:25:14.249+0000] {logging_mixin.py:188} INFO - [2025-04-28T14:25:14.249+0000] {dag.py:3033} INFO - Sync 1 DAGs
[2025-04-28T14:25:14.307+0000] {logging_mixin.py:188} INFO - [2025-04-28T14:25:14.306+0000] {dag.py:3820} INFO - Setting next_dagrun for example_sla_dag to 2025-04-28T14:22:00+00:00, run_after=2025-04-28T14:24:00+00:00
[2025-04-28T14:25:14.345+0000] {processor.py:183} INFO - Processing /home/airflow/.local/lib/python3.8/site-packages/airflow/example_dags/example_sla_dag.py took 0.168 seconds
[2025-04-28T14:25:47.903+0000] {processor.py:161} INFO - Started process (PID=1490) to work on /home/airflow/.local/lib/python3.8/site-packages/airflow/example_dags/example_sla_dag.py
[2025-04-28T14:25:47.907+0000] {processor.py:830} INFO - Processing file /home/airflow/.local/lib/python3.8/site-packages/airflow/example_dags/example_sla_dag.py for tasks to queue
[2025-04-28T14:25:47.910+0000] {logging_mixin.py:188} INFO - [2025-04-28T14:25:47.910+0000] {dagbag.py:538} INFO - Filling up the DagBag from /home/airflow/.local/lib/python3.8/site-packages/airflow/example_dags/example_sla_dag.py
[2025-04-28T14:25:47.928+0000] {processor.py:840} INFO - DAG(s) 'example_sla_dag' retrieved from /home/airflow/.local/lib/python3.8/site-packages/airflow/example_dags/example_sla_dag.py
[2025-04-28T14:25:47.962+0000] {logging_mixin.py:188} INFO - [2025-04-28T14:25:47.962+0000] {dag.py:3033} INFO - Sync 1 DAGs
[2025-04-28T14:25:48.021+0000] {logging_mixin.py:188} INFO - [2025-04-28T14:25:48.020+0000] {dag.py:3820} INFO - Setting next_dagrun for example_sla_dag to 2025-04-28T14:22:00+00:00, run_after=2025-04-28T14:24:00+00:00
[2025-04-28T14:25:48.068+0000] {processor.py:183} INFO - Processing /home/airflow/.local/lib/python3.8/site-packages/airflow/example_dags/example_sla_dag.py took 0.172 seconds
[2025-04-28T14:26:22.879+0000] {processor.py:161} INFO - Started process (PID=1546) to work on /home/airflow/.local/lib/python3.8/site-packages/airflow/example_dags/example_sla_dag.py
[2025-04-28T14:26:22.880+0000] {processor.py:830} INFO - Processing file /home/airflow/.local/lib/python3.8/site-packages/airflow/example_dags/example_sla_dag.py for tasks to queue
[2025-04-28T14:26:22.884+0000] {logging_mixin.py:188} INFO - [2025-04-28T14:26:22.884+0000] {dagbag.py:538} INFO - Filling up the DagBag from /home/airflow/.local/lib/python3.8/site-packages/airflow/example_dags/example_sla_dag.py
[2025-04-28T14:26:22.899+0000] {processor.py:840} INFO - DAG(s) 'example_sla_dag' retrieved from /home/airflow/.local/lib/python3.8/site-packages/airflow/example_dags/example_sla_dag.py
[2025-04-28T14:26:22.937+0000] {logging_mixin.py:188} INFO - [2025-04-28T14:26:22.937+0000] {dag.py:3033} INFO - Sync 1 DAGs
[2025-04-28T14:26:22.994+0000] {logging_mixin.py:188} INFO - [2025-04-28T14:26:22.994+0000] {dag.py:3820} INFO - Setting next_dagrun for example_sla_dag to 2025-04-28T14:24:00+00:00, run_after=2025-04-28T14:26:00+00:00
[2025-04-28T14:26:23.028+0000] {processor.py:183} INFO - Processing /home/airflow/.local/lib/python3.8/site-packages/airflow/example_dags/example_sla_dag.py took 0.156 seconds
[2025-04-28T14:26:53.809+0000] {processor.py:161} INFO - Started process (PID=1602) to work on /home/airflow/.local/lib/python3.8/site-packages/airflow/example_dags/example_sla_dag.py
[2025-04-28T14:26:53.811+0000] {processor.py:830} INFO - Processing file /home/airflow/.local/lib/python3.8/site-packages/airflow/example_dags/example_sla_dag.py for tasks to queue
[2025-04-28T14:26:53.815+0000] {logging_mixin.py:188} INFO - [2025-04-28T14:26:53.814+0000] {dagbag.py:538} INFO - Filling up the DagBag from /home/airflow/.local/lib/python3.8/site-packages/airflow/example_dags/example_sla_dag.py
[2025-04-28T14:26:53.828+0000] {processor.py:840} INFO - DAG(s) 'example_sla_dag' retrieved from /home/airflow/.local/lib/python3.8/site-packages/airflow/example_dags/example_sla_dag.py
[2025-04-28T14:26:53.857+0000] {logging_mixin.py:188} INFO - [2025-04-28T14:26:53.857+0000] {dag.py:3033} INFO - Sync 1 DAGs
[2025-04-28T14:26:53.900+0000] {logging_mixin.py:188} INFO - [2025-04-28T14:26:53.900+0000] {dag.py:3820} INFO - Setting next_dagrun for example_sla_dag to 2025-04-28T14:24:00+00:00, run_after=2025-04-28T14:26:00+00:00
[2025-04-28T14:26:53.941+0000] {processor.py:183} INFO - Processing /home/airflow/.local/lib/python3.8/site-packages/airflow/example_dags/example_sla_dag.py took 0.139 seconds
[2025-04-28T14:27:24.707+0000] {processor.py:161} INFO - Started process (PID=1658) to work on /home/airflow/.local/lib/python3.8/site-packages/airflow/example_dags/example_sla_dag.py
[2025-04-28T14:27:24.709+0000] {processor.py:830} INFO - Processing file /home/airflow/.local/lib/python3.8/site-packages/airflow/example_dags/example_sla_dag.py for tasks to queue
[2025-04-28T14:27:24.715+0000] {logging_mixin.py:188} INFO - [2025-04-28T14:27:24.715+0000] {dagbag.py:538} INFO - Filling up the DagBag from /home/airflow/.local/lib/python3.8/site-packages/airflow/example_dags/example_sla_dag.py
[2025-04-28T14:27:24.737+0000] {processor.py:840} INFO - DAG(s) 'example_sla_dag' retrieved from /home/airflow/.local/lib/python3.8/site-packages/airflow/example_dags/example_sla_dag.py
[2025-04-28T14:27:24.785+0000] {logging_mixin.py:188} INFO - [2025-04-28T14:27:24.785+0000] {dag.py:3033} INFO - Sync 1 DAGs
[2025-04-28T14:27:24.852+0000] {logging_mixin.py:188} INFO - [2025-04-28T14:27:24.852+0000] {dag.py:3820} INFO - Setting next_dagrun for example_sla_dag to 2025-04-28T14:24:00+00:00, run_after=2025-04-28T14:26:00+00:00
[2025-04-28T14:27:24.885+0000] {processor.py:183} INFO - Processing /home/airflow/.local/lib/python3.8/site-packages/airflow/example_dags/example_sla_dag.py took 0.186 seconds
[2025-04-28T14:27:57.180+0000] {processor.py:161} INFO - Started process (PID=1714) to work on /home/airflow/.local/lib/python3.8/site-packages/airflow/example_dags/example_sla_dag.py
[2025-04-28T14:27:57.181+0000] {processor.py:830} INFO - Processing file /home/airflow/.local/lib/python3.8/site-packages/airflow/example_dags/example_sla_dag.py for tasks to queue
[2025-04-28T14:27:57.184+0000] {logging_mixin.py:188} INFO - [2025-04-28T14:27:57.184+0000] {dagbag.py:538} INFO - Filling up the DagBag from /home/airflow/.local/lib/python3.8/site-packages/airflow/example_dags/example_sla_dag.py
[2025-04-28T14:27:57.196+0000] {processor.py:840} INFO - DAG(s) 'example_sla_dag' retrieved from /home/airflow/.local/lib/python3.8/site-packages/airflow/example_dags/example_sla_dag.py
[2025-04-28T14:27:57.222+0000] {logging_mixin.py:188} INFO - [2025-04-28T14:27:57.222+0000] {dag.py:3033} INFO - Sync 1 DAGs
[2025-04-28T14:27:57.260+0000] {logging_mixin.py:188} INFO - [2025-04-28T14:27:57.260+0000] {dag.py:3820} INFO - Setting next_dagrun for example_sla_dag to 2025-04-28T14:24:00+00:00, run_after=2025-04-28T14:26:00+00:00
[2025-04-28T14:27:57.292+0000] {processor.py:183} INFO - Processing /home/airflow/.local/lib/python3.8/site-packages/airflow/example_dags/example_sla_dag.py took 0.117 seconds
[2025-04-28T14:28:29.972+0000] {processor.py:161} INFO - Started process (PID=1770) to work on /home/airflow/.local/lib/python3.8/site-packages/airflow/example_dags/example_sla_dag.py
[2025-04-28T14:28:29.974+0000] {processor.py:830} INFO - Processing file /home/airflow/.local/lib/python3.8/site-packages/airflow/example_dags/example_sla_dag.py for tasks to queue
[2025-04-28T14:28:29.977+0000] {logging_mixin.py:188} INFO - [2025-04-28T14:28:29.977+0000] {dagbag.py:538} INFO - Filling up the DagBag from /home/airflow/.local/lib/python3.8/site-packages/airflow/example_dags/example_sla_dag.py
[2025-04-28T14:28:29.996+0000] {processor.py:840} INFO - DAG(s) 'example_sla_dag' retrieved from /home/airflow/.local/lib/python3.8/site-packages/airflow/example_dags/example_sla_dag.py
[2025-04-28T14:28:30.025+0000] {logging_mixin.py:188} INFO - [2025-04-28T14:28:30.025+0000] {dag.py:3033} INFO - Sync 1 DAGs
[2025-04-28T14:28:30.067+0000] {logging_mixin.py:188} INFO - [2025-04-28T14:28:30.067+0000] {dag.py:3820} INFO - Setting next_dagrun for example_sla_dag to 2025-04-28T14:26:00+00:00, run_after=2025-04-28T14:28:00+00:00
[2025-04-28T14:28:30.099+0000] {processor.py:183} INFO - Processing /home/airflow/.local/lib/python3.8/site-packages/airflow/example_dags/example_sla_dag.py took 0.136 seconds
[2025-04-28T14:29:04.016+0000] {processor.py:161} INFO - Started process (PID=1828) to work on /home/airflow/.local/lib/python3.8/site-packages/airflow/example_dags/example_sla_dag.py
[2025-04-28T14:29:04.017+0000] {processor.py:830} INFO - Processing file /home/airflow/.local/lib/python3.8/site-packages/airflow/example_dags/example_sla_dag.py for tasks to queue
[2025-04-28T14:29:04.021+0000] {logging_mixin.py:188} INFO - [2025-04-28T14:29:04.021+0000] {dagbag.py:538} INFO - Filling up the DagBag from /home/airflow/.local/lib/python3.8/site-packages/airflow/example_dags/example_sla_dag.py
[2025-04-28T14:29:04.036+0000] {processor.py:840} INFO - DAG(s) 'example_sla_dag' retrieved from /home/airflow/.local/lib/python3.8/site-packages/airflow/example_dags/example_sla_dag.py
[2025-04-28T14:29:04.070+0000] {logging_mixin.py:188} INFO - [2025-04-28T14:29:04.069+0000] {dag.py:3033} INFO - Sync 1 DAGs
[2025-04-28T14:29:04.117+0000] {logging_mixin.py:188} INFO - [2025-04-28T14:29:04.117+0000] {dag.py:3820} INFO - Setting next_dagrun for example_sla_dag to 2025-04-28T14:26:00+00:00, run_after=2025-04-28T14:28:00+00:00
[2025-04-28T14:29:04.145+0000] {processor.py:183} INFO - Processing /home/airflow/.local/lib/python3.8/site-packages/airflow/example_dags/example_sla_dag.py took 0.134 seconds
[2025-04-28T14:29:35.871+0000] {processor.py:161} INFO - Started process (PID=1885) to work on /home/airflow/.local/lib/python3.8/site-packages/airflow/example_dags/example_sla_dag.py
[2025-04-28T14:29:35.872+0000] {processor.py:830} INFO - Processing file /home/airflow/.local/lib/python3.8/site-packages/airflow/example_dags/example_sla_dag.py for tasks to queue
[2025-04-28T14:29:35.875+0000] {logging_mixin.py:188} INFO - [2025-04-28T14:29:35.875+0000] {dagbag.py:538} INFO - Filling up the DagBag from /home/airflow/.local/lib/python3.8/site-packages/airflow/example_dags/example_sla_dag.py
[2025-04-28T14:29:35.887+0000] {processor.py:840} INFO - DAG(s) 'example_sla_dag' retrieved from /home/airflow/.local/lib/python3.8/site-packages/airflow/example_dags/example_sla_dag.py
[2025-04-28T14:29:35.915+0000] {logging_mixin.py:188} INFO - [2025-04-28T14:29:35.915+0000] {dag.py:3033} INFO - Sync 1 DAGs
[2025-04-28T14:29:35.948+0000] {logging_mixin.py:188} INFO - [2025-04-28T14:29:35.948+0000] {dag.py:3820} INFO - Setting next_dagrun for example_sla_dag to 2025-04-28T14:26:00+00:00, run_after=2025-04-28T14:28:00+00:00
[2025-04-28T14:29:35.975+0000] {processor.py:183} INFO - Processing /home/airflow/.local/lib/python3.8/site-packages/airflow/example_dags/example_sla_dag.py took 0.109 seconds
[2025-04-28T14:30:08.542+0000] {processor.py:161} INFO - Started process (PID=1941) to work on /home/airflow/.local/lib/python3.8/site-packages/airflow/example_dags/example_sla_dag.py
[2025-04-28T14:30:08.545+0000] {processor.py:830} INFO - Processing file /home/airflow/.local/lib/python3.8/site-packages/airflow/example_dags/example_sla_dag.py for tasks to queue
[2025-04-28T14:30:08.549+0000] {logging_mixin.py:188} INFO - [2025-04-28T14:30:08.549+0000] {dagbag.py:538} INFO - Filling up the DagBag from /home/airflow/.local/lib/python3.8/site-packages/airflow/example_dags/example_sla_dag.py
[2025-04-28T14:30:08.573+0000] {processor.py:840} INFO - DAG(s) 'example_sla_dag' retrieved from /home/airflow/.local/lib/python3.8/site-packages/airflow/example_dags/example_sla_dag.py
[2025-04-28T14:30:08.629+0000] {logging_mixin.py:188} INFO - [2025-04-28T14:30:08.628+0000] {dag.py:3033} INFO - Sync 1 DAGs
[2025-04-28T14:30:08.686+0000] {logging_mixin.py:188} INFO - [2025-04-28T14:30:08.685+0000] {dag.py:3820} INFO - Setting next_dagrun for example_sla_dag to 2025-04-28T14:28:00+00:00, run_after=2025-04-28T14:30:00+00:00
[2025-04-28T14:30:08.724+0000] {processor.py:183} INFO - Processing /home/airflow/.local/lib/python3.8/site-packages/airflow/example_dags/example_sla_dag.py took 0.188 seconds
[2025-04-28T14:30:41.565+0000] {processor.py:161} INFO - Started process (PID=1996) to work on /home/airflow/.local/lib/python3.8/site-packages/airflow/example_dags/example_sla_dag.py
[2025-04-28T14:30:41.567+0000] {processor.py:830} INFO - Processing file /home/airflow/.local/lib/python3.8/site-packages/airflow/example_dags/example_sla_dag.py for tasks to queue
[2025-04-28T14:30:41.571+0000] {logging_mixin.py:188} INFO - [2025-04-28T14:30:41.570+0000] {dagbag.py:538} INFO - Filling up the DagBag from /home/airflow/.local/lib/python3.8/site-packages/airflow/example_dags/example_sla_dag.py
[2025-04-28T14:30:41.589+0000] {processor.py:840} INFO - DAG(s) 'example_sla_dag' retrieved from /home/airflow/.local/lib/python3.8/site-packages/airflow/example_dags/example_sla_dag.py
[2025-04-28T14:30:41.625+0000] {logging_mixin.py:188} INFO - [2025-04-28T14:30:41.625+0000] {dag.py:3033} INFO - Sync 1 DAGs
[2025-04-28T14:30:41.673+0000] {logging_mixin.py:188} INFO - [2025-04-28T14:30:41.673+0000] {dag.py:3820} INFO - Setting next_dagrun for example_sla_dag to 2025-04-28T14:28:00+00:00, run_after=2025-04-28T14:30:00+00:00
[2025-04-28T14:30:41.718+0000] {processor.py:183} INFO - Processing /home/airflow/.local/lib/python3.8/site-packages/airflow/example_dags/example_sla_dag.py took 0.160 seconds
[2025-04-28T14:31:14.137+0000] {processor.py:161} INFO - Started process (PID=2052) to work on /home/airflow/.local/lib/python3.8/site-packages/airflow/example_dags/example_sla_dag.py
[2025-04-28T14:31:14.138+0000] {processor.py:830} INFO - Processing file /home/airflow/.local/lib/python3.8/site-packages/airflow/example_dags/example_sla_dag.py for tasks to queue
[2025-04-28T14:31:14.142+0000] {logging_mixin.py:188} INFO - [2025-04-28T14:31:14.142+0000] {dagbag.py:538} INFO - Filling up the DagBag from /home/airflow/.local/lib/python3.8/site-packages/airflow/example_dags/example_sla_dag.py
[2025-04-28T14:31:14.159+0000] {processor.py:840} INFO - DAG(s) 'example_sla_dag' retrieved from /home/airflow/.local/lib/python3.8/site-packages/airflow/example_dags/example_sla_dag.py
[2025-04-28T14:31:14.201+0000] {logging_mixin.py:188} INFO - [2025-04-28T14:31:14.200+0000] {dag.py:3033} INFO - Sync 1 DAGs
[2025-04-28T14:31:14.242+0000] {logging_mixin.py:188} INFO - [2025-04-28T14:31:14.242+0000] {dag.py:3820} INFO - Setting next_dagrun for example_sla_dag to 2025-04-28T14:28:00+00:00, run_after=2025-04-28T14:30:00+00:00
[2025-04-28T14:31:14.271+0000] {processor.py:183} INFO - Processing /home/airflow/.local/lib/python3.8/site-packages/airflow/example_dags/example_sla_dag.py took 0.139 seconds
[2025-04-28T14:31:46.055+0000] {processor.py:161} INFO - Started process (PID=2108) to work on /home/airflow/.local/lib/python3.8/site-packages/airflow/example_dags/example_sla_dag.py
[2025-04-28T14:31:46.056+0000] {processor.py:830} INFO - Processing file /home/airflow/.local/lib/python3.8/site-packages/airflow/example_dags/example_sla_dag.py for tasks to queue
[2025-04-28T14:31:46.060+0000] {logging_mixin.py:188} INFO - [2025-04-28T14:31:46.060+0000] {dagbag.py:538} INFO - Filling up the DagBag from /home/airflow/.local/lib/python3.8/site-packages/airflow/example_dags/example_sla_dag.py
[2025-04-28T14:31:46.073+0000] {processor.py:840} INFO - DAG(s) 'example_sla_dag' retrieved from /home/airflow/.local/lib/python3.8/site-packages/airflow/example_dags/example_sla_dag.py
[2025-04-28T14:31:46.107+0000] {logging_mixin.py:188} INFO - [2025-04-28T14:31:46.107+0000] {dag.py:3033} INFO - Sync 1 DAGs
[2025-04-28T14:31:46.145+0000] {logging_mixin.py:188} INFO - [2025-04-28T14:31:46.144+0000] {dag.py:3820} INFO - Setting next_dagrun for example_sla_dag to 2025-04-28T14:28:00+00:00, run_after=2025-04-28T14:30:00+00:00
[2025-04-28T14:31:46.176+0000] {processor.py:183} INFO - Processing /home/airflow/.local/lib/python3.8/site-packages/airflow/example_dags/example_sla_dag.py took 0.128 seconds
[2025-04-28T14:32:19.289+0000] {processor.py:161} INFO - Started process (PID=2164) to work on /home/airflow/.local/lib/python3.8/site-packages/airflow/example_dags/example_sla_dag.py
[2025-04-28T14:32:19.291+0000] {processor.py:830} INFO - Processing file /home/airflow/.local/lib/python3.8/site-packages/airflow/example_dags/example_sla_dag.py for tasks to queue
[2025-04-28T14:32:19.294+0000] {logging_mixin.py:188} INFO - [2025-04-28T14:32:19.294+0000] {dagbag.py:538} INFO - Filling up the DagBag from /home/airflow/.local/lib/python3.8/site-packages/airflow/example_dags/example_sla_dag.py
[2025-04-28T14:32:19.305+0000] {processor.py:840} INFO - DAG(s) 'example_sla_dag' retrieved from /home/airflow/.local/lib/python3.8/site-packages/airflow/example_dags/example_sla_dag.py
[2025-04-28T14:32:19.334+0000] {logging_mixin.py:188} INFO - [2025-04-28T14:32:19.334+0000] {dag.py:3033} INFO - Sync 1 DAGs
[2025-04-28T14:32:19.380+0000] {logging_mixin.py:188} INFO - [2025-04-28T14:32:19.380+0000] {dag.py:3820} INFO - Setting next_dagrun for example_sla_dag to 2025-04-28T14:30:00+00:00, run_after=2025-04-28T14:32:00+00:00
[2025-04-28T14:32:19.409+0000] {processor.py:183} INFO - Processing /home/airflow/.local/lib/python3.8/site-packages/airflow/example_dags/example_sla_dag.py took 0.124 seconds
[2025-04-28T14:32:51.916+0000] {processor.py:161} INFO - Started process (PID=2219) to work on /home/airflow/.local/lib/python3.8/site-packages/airflow/example_dags/example_sla_dag.py
[2025-04-28T14:32:51.917+0000] {processor.py:830} INFO - Processing file /home/airflow/.local/lib/python3.8/site-packages/airflow/example_dags/example_sla_dag.py for tasks to queue
[2025-04-28T14:32:51.921+0000] {logging_mixin.py:188} INFO - [2025-04-28T14:32:51.921+0000] {dagbag.py:538} INFO - Filling up the DagBag from /home/airflow/.local/lib/python3.8/site-packages/airflow/example_dags/example_sla_dag.py
[2025-04-28T14:32:51.936+0000] {processor.py:840} INFO - DAG(s) 'example_sla_dag' retrieved from /home/airflow/.local/lib/python3.8/site-packages/airflow/example_dags/example_sla_dag.py
[2025-04-28T14:32:51.971+0000] {logging_mixin.py:188} INFO - [2025-04-28T14:32:51.970+0000] {dag.py:3033} INFO - Sync 1 DAGs
[2025-04-28T14:32:52.014+0000] {logging_mixin.py:188} INFO - [2025-04-28T14:32:52.014+0000] {dag.py:3820} INFO - Setting next_dagrun for example_sla_dag to 2025-04-28T14:30:00+00:00, run_after=2025-04-28T14:32:00+00:00
[2025-04-28T14:32:52.045+0000] {processor.py:183} INFO - Processing /home/airflow/.local/lib/python3.8/site-packages/airflow/example_dags/example_sla_dag.py took 0.135 seconds
[2025-04-28T14:33:24.778+0000] {processor.py:161} INFO - Started process (PID=2276) to work on /home/airflow/.local/lib/python3.8/site-packages/airflow/example_dags/example_sla_dag.py
[2025-04-28T14:33:24.780+0000] {processor.py:830} INFO - Processing file /home/airflow/.local/lib/python3.8/site-packages/airflow/example_dags/example_sla_dag.py for tasks to queue
[2025-04-28T14:33:24.783+0000] {logging_mixin.py:188} INFO - [2025-04-28T14:33:24.783+0000] {dagbag.py:538} INFO - Filling up the DagBag from /home/airflow/.local/lib/python3.8/site-packages/airflow/example_dags/example_sla_dag.py
[2025-04-28T14:33:24.799+0000] {processor.py:840} INFO - DAG(s) 'example_sla_dag' retrieved from /home/airflow/.local/lib/python3.8/site-packages/airflow/example_dags/example_sla_dag.py
[2025-04-28T14:33:24.829+0000] {logging_mixin.py:188} INFO - [2025-04-28T14:33:24.829+0000] {dag.py:3033} INFO - Sync 1 DAGs
[2025-04-28T14:33:24.872+0000] {logging_mixin.py:188} INFO - [2025-04-28T14:33:24.871+0000] {dag.py:3820} INFO - Setting next_dagrun for example_sla_dag to 2025-04-28T14:30:00+00:00, run_after=2025-04-28T14:32:00+00:00
[2025-04-28T14:33:24.903+0000] {processor.py:183} INFO - Processing /home/airflow/.local/lib/python3.8/site-packages/airflow/example_dags/example_sla_dag.py took 0.132 seconds
[2025-04-28T14:33:57.540+0000] {processor.py:161} INFO - Started process (PID=2332) to work on /home/airflow/.local/lib/python3.8/site-packages/airflow/example_dags/example_sla_dag.py
[2025-04-28T14:33:57.542+0000] {processor.py:830} INFO - Processing file /home/airflow/.local/lib/python3.8/site-packages/airflow/example_dags/example_sla_dag.py for tasks to queue
[2025-04-28T14:33:57.546+0000] {logging_mixin.py:188} INFO - [2025-04-28T14:33:57.546+0000] {dagbag.py:538} INFO - Filling up the DagBag from /home/airflow/.local/lib/python3.8/site-packages/airflow/example_dags/example_sla_dag.py
[2025-04-28T14:33:57.565+0000] {processor.py:840} INFO - DAG(s) 'example_sla_dag' retrieved from /home/airflow/.local/lib/python3.8/site-packages/airflow/example_dags/example_sla_dag.py
[2025-04-28T14:33:57.595+0000] {logging_mixin.py:188} INFO - [2025-04-28T14:33:57.595+0000] {dag.py:3033} INFO - Sync 1 DAGs
[2025-04-28T14:33:57.637+0000] {logging_mixin.py:188} INFO - [2025-04-28T14:33:57.637+0000] {dag.py:3820} INFO - Setting next_dagrun for example_sla_dag to 2025-04-28T14:30:00+00:00, run_after=2025-04-28T14:32:00+00:00
[2025-04-28T14:33:57.668+0000] {processor.py:183} INFO - Processing /home/airflow/.local/lib/python3.8/site-packages/airflow/example_dags/example_sla_dag.py took 0.135 seconds
[2025-04-28T14:34:31.284+0000] {processor.py:161} INFO - Started process (PID=2388) to work on /home/airflow/.local/lib/python3.8/site-packages/airflow/example_dags/example_sla_dag.py
[2025-04-28T14:34:31.286+0000] {processor.py:830} INFO - Processing file /home/airflow/.local/lib/python3.8/site-packages/airflow/example_dags/example_sla_dag.py for tasks to queue
[2025-04-28T14:34:31.289+0000] {logging_mixin.py:188} INFO - [2025-04-28T14:34:31.288+0000] {dagbag.py:538} INFO - Filling up the DagBag from /home/airflow/.local/lib/python3.8/site-packages/airflow/example_dags/example_sla_dag.py
[2025-04-28T14:34:31.304+0000] {processor.py:840} INFO - DAG(s) 'example_sla_dag' retrieved from /home/airflow/.local/lib/python3.8/site-packages/airflow/example_dags/example_sla_dag.py
[2025-04-28T14:34:31.343+0000] {logging_mixin.py:188} INFO - [2025-04-28T14:34:31.342+0000] {dag.py:3033} INFO - Sync 1 DAGs
[2025-04-28T14:34:31.388+0000] {logging_mixin.py:188} INFO - [2025-04-28T14:34:31.387+0000] {dag.py:3820} INFO - Setting next_dagrun for example_sla_dag to 2025-04-28T14:32:00+00:00, run_after=2025-04-28T14:34:00+00:00
[2025-04-28T14:34:31.421+0000] {processor.py:183} INFO - Processing /home/airflow/.local/lib/python3.8/site-packages/airflow/example_dags/example_sla_dag.py took 0.142 seconds
[2025-04-28T14:35:02.644+0000] {processor.py:161} INFO - Started process (PID=2445) to work on /home/airflow/.local/lib/python3.8/site-packages/airflow/example_dags/example_sla_dag.py
[2025-04-28T14:35:02.646+0000] {processor.py:830} INFO - Processing file /home/airflow/.local/lib/python3.8/site-packages/airflow/example_dags/example_sla_dag.py for tasks to queue
[2025-04-28T14:35:02.650+0000] {logging_mixin.py:188} INFO - [2025-04-28T14:35:02.649+0000] {dagbag.py:538} INFO - Filling up the DagBag from /home/airflow/.local/lib/python3.8/site-packages/airflow/example_dags/example_sla_dag.py
[2025-04-28T14:35:02.667+0000] {processor.py:840} INFO - DAG(s) 'example_sla_dag' retrieved from /home/airflow/.local/lib/python3.8/site-packages/airflow/example_dags/example_sla_dag.py
[2025-04-28T14:35:02.727+0000] {logging_mixin.py:188} INFO - [2025-04-28T14:35:02.727+0000] {dag.py:3033} INFO - Sync 1 DAGs
[2025-04-28T14:35:02.776+0000] {logging_mixin.py:188} INFO - [2025-04-28T14:35:02.775+0000] {dag.py:3820} INFO - Setting next_dagrun for example_sla_dag to 2025-04-28T14:32:00+00:00, run_after=2025-04-28T14:34:00+00:00
[2025-04-28T14:35:02.835+0000] {processor.py:183} INFO - Processing /home/airflow/.local/lib/python3.8/site-packages/airflow/example_dags/example_sla_dag.py took 0.196 seconds
[2025-04-28T14:35:36.264+0000] {processor.py:161} INFO - Started process (PID=2502) to work on /home/airflow/.local/lib/python3.8/site-packages/airflow/example_dags/example_sla_dag.py
[2025-04-28T14:35:36.266+0000] {processor.py:830} INFO - Processing file /home/airflow/.local/lib/python3.8/site-packages/airflow/example_dags/example_sla_dag.py for tasks to queue
[2025-04-28T14:35:36.269+0000] {logging_mixin.py:188} INFO - [2025-04-28T14:35:36.268+0000] {dagbag.py:538} INFO - Filling up the DagBag from /home/airflow/.local/lib/python3.8/site-packages/airflow/example_dags/example_sla_dag.py
[2025-04-28T14:35:36.280+0000] {processor.py:840} INFO - DAG(s) 'example_sla_dag' retrieved from /home/airflow/.local/lib/python3.8/site-packages/airflow/example_dags/example_sla_dag.py
[2025-04-28T14:35:36.312+0000] {logging_mixin.py:188} INFO - [2025-04-28T14:35:36.311+0000] {dag.py:3033} INFO - Sync 1 DAGs
[2025-04-28T14:35:36.362+0000] {logging_mixin.py:188} INFO - [2025-04-28T14:35:36.362+0000] {dag.py:3820} INFO - Setting next_dagrun for example_sla_dag to 2025-04-28T14:32:00+00:00, run_after=2025-04-28T14:34:00+00:00
[2025-04-28T14:35:36.394+0000] {processor.py:183} INFO - Processing /home/airflow/.local/lib/python3.8/site-packages/airflow/example_dags/example_sla_dag.py took 0.134 seconds
[2025-04-28T14:36:07.754+0000] {processor.py:161} INFO - Started process (PID=2558) to work on /home/airflow/.local/lib/python3.8/site-packages/airflow/example_dags/example_sla_dag.py
[2025-04-28T14:36:07.756+0000] {processor.py:830} INFO - Processing file /home/airflow/.local/lib/python3.8/site-packages/airflow/example_dags/example_sla_dag.py for tasks to queue
[2025-04-28T14:36:07.759+0000] {logging_mixin.py:188} INFO - [2025-04-28T14:36:07.759+0000] {dagbag.py:538} INFO - Filling up the DagBag from /home/airflow/.local/lib/python3.8/site-packages/airflow/example_dags/example_sla_dag.py
[2025-04-28T14:36:07.773+0000] {processor.py:840} INFO - DAG(s) 'example_sla_dag' retrieved from /home/airflow/.local/lib/python3.8/site-packages/airflow/example_dags/example_sla_dag.py
[2025-04-28T14:36:07.810+0000] {logging_mixin.py:188} INFO - [2025-04-28T14:36:07.810+0000] {dag.py:3033} INFO - Sync 1 DAGs
[2025-04-28T14:36:07.856+0000] {logging_mixin.py:188} INFO - [2025-04-28T14:36:07.856+0000] {dag.py:3820} INFO - Setting next_dagrun for example_sla_dag to 2025-04-28T14:34:00+00:00, run_after=2025-04-28T14:36:00+00:00
[2025-04-28T14:36:07.905+0000] {processor.py:183} INFO - Processing /home/airflow/.local/lib/python3.8/site-packages/airflow/example_dags/example_sla_dag.py took 0.155 seconds
[2025-04-28T14:36:38.764+0000] {processor.py:161} INFO - Started process (PID=2615) to work on /home/airflow/.local/lib/python3.8/site-packages/airflow/example_dags/example_sla_dag.py
[2025-04-28T14:36:38.765+0000] {processor.py:830} INFO - Processing file /home/airflow/.local/lib/python3.8/site-packages/airflow/example_dags/example_sla_dag.py for tasks to queue
[2025-04-28T14:36:38.769+0000] {logging_mixin.py:188} INFO - [2025-04-28T14:36:38.769+0000] {dagbag.py:538} INFO - Filling up the DagBag from /home/airflow/.local/lib/python3.8/site-packages/airflow/example_dags/example_sla_dag.py
[2025-04-28T14:36:38.788+0000] {processor.py:840} INFO - DAG(s) 'example_sla_dag' retrieved from /home/airflow/.local/lib/python3.8/site-packages/airflow/example_dags/example_sla_dag.py
[2025-04-28T14:36:38.830+0000] {logging_mixin.py:188} INFO - [2025-04-28T14:36:38.830+0000] {dag.py:3033} INFO - Sync 1 DAGs
[2025-04-28T14:36:38.910+0000] {logging_mixin.py:188} INFO - [2025-04-28T14:36:38.910+0000] {dag.py:3820} INFO - Setting next_dagrun for example_sla_dag to 2025-04-28T14:34:00+00:00, run_after=2025-04-28T14:36:00+00:00
[2025-04-28T14:36:38.967+0000] {processor.py:183} INFO - Processing /home/airflow/.local/lib/python3.8/site-packages/airflow/example_dags/example_sla_dag.py took 0.210 seconds
[2025-04-28T14:37:11.690+0000] {processor.py:161} INFO - Started process (PID=2671) to work on /home/airflow/.local/lib/python3.8/site-packages/airflow/example_dags/example_sla_dag.py
[2025-04-28T14:37:11.692+0000] {processor.py:830} INFO - Processing file /home/airflow/.local/lib/python3.8/site-packages/airflow/example_dags/example_sla_dag.py for tasks to queue
[2025-04-28T14:37:11.696+0000] {logging_mixin.py:188} INFO - [2025-04-28T14:37:11.696+0000] {dagbag.py:538} INFO - Filling up the DagBag from /home/airflow/.local/lib/python3.8/site-packages/airflow/example_dags/example_sla_dag.py
[2025-04-28T14:37:11.711+0000] {processor.py:840} INFO - DAG(s) 'example_sla_dag' retrieved from /home/airflow/.local/lib/python3.8/site-packages/airflow/example_dags/example_sla_dag.py
[2025-04-28T14:37:11.747+0000] {logging_mixin.py:188} INFO - [2025-04-28T14:37:11.747+0000] {dag.py:3033} INFO - Sync 1 DAGs
[2025-04-28T14:37:11.952+0000] {logging_mixin.py:188} INFO - [2025-04-28T14:37:11.952+0000] {dag.py:3820} INFO - Setting next_dagrun for example_sla_dag to 2025-04-28T14:34:00+00:00, run_after=2025-04-28T14:36:00+00:00
[2025-04-28T14:37:11.985+0000] {processor.py:183} INFO - Processing /home/airflow/.local/lib/python3.8/site-packages/airflow/example_dags/example_sla_dag.py took 0.299 seconds
[2025-04-28T14:37:44.693+0000] {processor.py:161} INFO - Started process (PID=2727) to work on /home/airflow/.local/lib/python3.8/site-packages/airflow/example_dags/example_sla_dag.py
[2025-04-28T14:37:44.695+0000] {processor.py:830} INFO - Processing file /home/airflow/.local/lib/python3.8/site-packages/airflow/example_dags/example_sla_dag.py for tasks to queue
[2025-04-28T14:37:44.699+0000] {logging_mixin.py:188} INFO - [2025-04-28T14:37:44.698+0000] {dagbag.py:538} INFO - Filling up the DagBag from /home/airflow/.local/lib/python3.8/site-packages/airflow/example_dags/example_sla_dag.py
[2025-04-28T14:37:44.714+0000] {processor.py:840} INFO - DAG(s) 'example_sla_dag' retrieved from /home/airflow/.local/lib/python3.8/site-packages/airflow/example_dags/example_sla_dag.py
[2025-04-28T14:37:44.744+0000] {logging_mixin.py:188} INFO - [2025-04-28T14:37:44.744+0000] {dag.py:3033} INFO - Sync 1 DAGs
[2025-04-28T14:37:44.788+0000] {logging_mixin.py:188} INFO - [2025-04-28T14:37:44.788+0000] {dag.py:3820} INFO - Setting next_dagrun for example_sla_dag to 2025-04-28T14:34:00+00:00, run_after=2025-04-28T14:36:00+00:00
[2025-04-28T14:37:44.821+0000] {processor.py:183} INFO - Processing /home/airflow/.local/lib/python3.8/site-packages/airflow/example_dags/example_sla_dag.py took 0.133 seconds
[2025-04-28T14:38:17.958+0000] {processor.py:161} INFO - Started process (PID=2783) to work on /home/airflow/.local/lib/python3.8/site-packages/airflow/example_dags/example_sla_dag.py
[2025-04-28T14:38:17.960+0000] {processor.py:830} INFO - Processing file /home/airflow/.local/lib/python3.8/site-packages/airflow/example_dags/example_sla_dag.py for tasks to queue
[2025-04-28T14:38:17.965+0000] {logging_mixin.py:188} INFO - [2025-04-28T14:38:17.964+0000] {dagbag.py:538} INFO - Filling up the DagBag from /home/airflow/.local/lib/python3.8/site-packages/airflow/example_dags/example_sla_dag.py
[2025-04-28T14:38:17.981+0000] {processor.py:840} INFO - DAG(s) 'example_sla_dag' retrieved from /home/airflow/.local/lib/python3.8/site-packages/airflow/example_dags/example_sla_dag.py
[2025-04-28T14:38:18.032+0000] {logging_mixin.py:188} INFO - [2025-04-28T14:38:18.032+0000] {dag.py:3033} INFO - Sync 1 DAGs
[2025-04-28T14:38:18.104+0000] {logging_mixin.py:188} INFO - [2025-04-28T14:38:18.104+0000] {dag.py:3820} INFO - Setting next_dagrun for example_sla_dag to 2025-04-28T14:36:00+00:00, run_after=2025-04-28T14:38:00+00:00
[2025-04-28T14:38:18.162+0000] {processor.py:183} INFO - Processing /home/airflow/.local/lib/python3.8/site-packages/airflow/example_dags/example_sla_dag.py took 0.210 seconds
[2025-04-28T14:38:48.340+0000] {processor.py:161} INFO - Started process (PID=2839) to work on /home/airflow/.local/lib/python3.8/site-packages/airflow/example_dags/example_sla_dag.py
[2025-04-28T14:38:48.342+0000] {processor.py:830} INFO - Processing file /home/airflow/.local/lib/python3.8/site-packages/airflow/example_dags/example_sla_dag.py for tasks to queue
[2025-04-28T14:38:48.346+0000] {logging_mixin.py:188} INFO - [2025-04-28T14:38:48.346+0000] {dagbag.py:538} INFO - Filling up the DagBag from /home/airflow/.local/lib/python3.8/site-packages/airflow/example_dags/example_sla_dag.py
[2025-04-28T14:38:48.363+0000] {processor.py:840} INFO - DAG(s) 'example_sla_dag' retrieved from /home/airflow/.local/lib/python3.8/site-packages/airflow/example_dags/example_sla_dag.py
[2025-04-28T14:38:48.605+0000] {logging_mixin.py:188} INFO - [2025-04-28T14:38:48.605+0000] {dag.py:3033} INFO - Sync 1 DAGs
[2025-04-28T14:38:48.648+0000] {logging_mixin.py:188} INFO - [2025-04-28T14:38:48.648+0000] {dag.py:3820} INFO - Setting next_dagrun for example_sla_dag to 2025-04-28T14:36:00+00:00, run_after=2025-04-28T14:38:00+00:00
[2025-04-28T14:38:48.683+0000] {processor.py:183} INFO - Processing /home/airflow/.local/lib/python3.8/site-packages/airflow/example_dags/example_sla_dag.py took 0.350 seconds
[2025-04-28T14:39:19.417+0000] {processor.py:161} INFO - Started process (PID=2896) to work on /home/airflow/.local/lib/python3.8/site-packages/airflow/example_dags/example_sla_dag.py
[2025-04-28T14:39:19.421+0000] {processor.py:830} INFO - Processing file /home/airflow/.local/lib/python3.8/site-packages/airflow/example_dags/example_sla_dag.py for tasks to queue
[2025-04-28T14:39:19.427+0000] {logging_mixin.py:188} INFO - [2025-04-28T14:39:19.426+0000] {dagbag.py:538} INFO - Filling up the DagBag from /home/airflow/.local/lib/python3.8/site-packages/airflow/example_dags/example_sla_dag.py
[2025-04-28T14:39:19.457+0000] {processor.py:840} INFO - DAG(s) 'example_sla_dag' retrieved from /home/airflow/.local/lib/python3.8/site-packages/airflow/example_dags/example_sla_dag.py
[2025-04-28T14:39:19.514+0000] {logging_mixin.py:188} INFO - [2025-04-28T14:39:19.514+0000] {dag.py:3033} INFO - Sync 1 DAGs
[2025-04-28T14:39:19.568+0000] {logging_mixin.py:188} INFO - [2025-04-28T14:39:19.568+0000] {dag.py:3820} INFO - Setting next_dagrun for example_sla_dag to 2025-04-28T14:36:00+00:00, run_after=2025-04-28T14:38:00+00:00
[2025-04-28T14:39:19.602+0000] {processor.py:183} INFO - Processing /home/airflow/.local/lib/python3.8/site-packages/airflow/example_dags/example_sla_dag.py took 0.192 seconds
[2025-04-28T14:39:49.797+0000] {processor.py:161} INFO - Started process (PID=2952) to work on /home/airflow/.local/lib/python3.8/site-packages/airflow/example_dags/example_sla_dag.py
[2025-04-28T14:39:49.800+0000] {processor.py:830} INFO - Processing file /home/airflow/.local/lib/python3.8/site-packages/airflow/example_dags/example_sla_dag.py for tasks to queue
[2025-04-28T14:39:49.807+0000] {logging_mixin.py:188} INFO - [2025-04-28T14:39:49.807+0000] {dagbag.py:538} INFO - Filling up the DagBag from /home/airflow/.local/lib/python3.8/site-packages/airflow/example_dags/example_sla_dag.py
[2025-04-28T14:39:49.833+0000] {processor.py:840} INFO - DAG(s) 'example_sla_dag' retrieved from /home/airflow/.local/lib/python3.8/site-packages/airflow/example_dags/example_sla_dag.py
[2025-04-28T14:39:49.874+0000] {logging_mixin.py:188} INFO - [2025-04-28T14:39:49.873+0000] {dag.py:3033} INFO - Sync 1 DAGs
[2025-04-28T14:39:49.940+0000] {logging_mixin.py:188} INFO - [2025-04-28T14:39:49.939+0000] {dag.py:3820} INFO - Setting next_dagrun for example_sla_dag to 2025-04-28T14:36:00+00:00, run_after=2025-04-28T14:38:00+00:00
[2025-04-28T14:39:49.985+0000] {processor.py:183} INFO - Processing /home/airflow/.local/lib/python3.8/site-packages/airflow/example_dags/example_sla_dag.py took 0.198 seconds
[2025-04-28T14:40:20.612+0000] {processor.py:161} INFO - Started process (PID=3002) to work on /home/airflow/.local/lib/python3.8/site-packages/airflow/example_dags/example_sla_dag.py
[2025-04-28T14:40:20.614+0000] {processor.py:830} INFO - Processing file /home/airflow/.local/lib/python3.8/site-packages/airflow/example_dags/example_sla_dag.py for tasks to queue
[2025-04-28T14:40:20.619+0000] {logging_mixin.py:188} INFO - [2025-04-28T14:40:20.618+0000] {dagbag.py:538} INFO - Filling up the DagBag from /home/airflow/.local/lib/python3.8/site-packages/airflow/example_dags/example_sla_dag.py
[2025-04-28T14:40:20.634+0000] {processor.py:840} INFO - DAG(s) 'example_sla_dag' retrieved from /home/airflow/.local/lib/python3.8/site-packages/airflow/example_dags/example_sla_dag.py
[2025-04-28T14:40:20.670+0000] {logging_mixin.py:188} INFO - [2025-04-28T14:40:20.670+0000] {dag.py:3033} INFO - Sync 1 DAGs
[2025-04-28T14:40:20.723+0000] {logging_mixin.py:188} INFO - [2025-04-28T14:40:20.723+0000] {dag.py:3820} INFO - Setting next_dagrun for example_sla_dag to 2025-04-28T14:38:00+00:00, run_after=2025-04-28T14:40:00+00:00
[2025-04-28T14:40:20.777+0000] {processor.py:183} INFO - Processing /home/airflow/.local/lib/python3.8/site-packages/airflow/example_dags/example_sla_dag.py took 0.171 seconds
[2025-04-28T14:40:51.132+0000] {processor.py:161} INFO - Started process (PID=3057) to work on /home/airflow/.local/lib/python3.8/site-packages/airflow/example_dags/example_sla_dag.py
[2025-04-28T14:40:51.134+0000] {processor.py:830} INFO - Processing file /home/airflow/.local/lib/python3.8/site-packages/airflow/example_dags/example_sla_dag.py for tasks to queue
[2025-04-28T14:40:51.138+0000] {logging_mixin.py:188} INFO - [2025-04-28T14:40:51.138+0000] {dagbag.py:538} INFO - Filling up the DagBag from /home/airflow/.local/lib/python3.8/site-packages/airflow/example_dags/example_sla_dag.py
[2025-04-28T14:40:51.156+0000] {processor.py:840} INFO - DAG(s) 'example_sla_dag' retrieved from /home/airflow/.local/lib/python3.8/site-packages/airflow/example_dags/example_sla_dag.py
[2025-04-28T14:40:51.195+0000] {logging_mixin.py:188} INFO - [2025-04-28T14:40:51.195+0000] {dag.py:3033} INFO - Sync 1 DAGs
[2025-04-28T14:40:51.239+0000] {logging_mixin.py:188} INFO - [2025-04-28T14:40:51.239+0000] {dag.py:3820} INFO - Setting next_dagrun for example_sla_dag to 2025-04-28T14:38:00+00:00, run_after=2025-04-28T14:40:00+00:00
[2025-04-28T14:40:51.279+0000] {processor.py:183} INFO - Processing /home/airflow/.local/lib/python3.8/site-packages/airflow/example_dags/example_sla_dag.py took 0.152 seconds
[2025-04-28T14:41:21.500+0000] {processor.py:161} INFO - Started process (PID=3113) to work on /home/airflow/.local/lib/python3.8/site-packages/airflow/example_dags/example_sla_dag.py
[2025-04-28T14:41:21.502+0000] {processor.py:830} INFO - Processing file /home/airflow/.local/lib/python3.8/site-packages/airflow/example_dags/example_sla_dag.py for tasks to queue
[2025-04-28T14:41:21.507+0000] {logging_mixin.py:188} INFO - [2025-04-28T14:41:21.506+0000] {dagbag.py:538} INFO - Filling up the DagBag from /home/airflow/.local/lib/python3.8/site-packages/airflow/example_dags/example_sla_dag.py
[2025-04-28T14:41:21.522+0000] {processor.py:840} INFO - DAG(s) 'example_sla_dag' retrieved from /home/airflow/.local/lib/python3.8/site-packages/airflow/example_dags/example_sla_dag.py
[2025-04-28T14:41:21.554+0000] {logging_mixin.py:188} INFO - [2025-04-28T14:41:21.554+0000] {dag.py:3033} INFO - Sync 1 DAGs
[2025-04-28T14:41:21.599+0000] {logging_mixin.py:188} INFO - [2025-04-28T14:41:21.598+0000] {dag.py:3820} INFO - Setting next_dagrun for example_sla_dag to 2025-04-28T14:38:00+00:00, run_after=2025-04-28T14:40:00+00:00
[2025-04-28T14:41:21.636+0000] {processor.py:183} INFO - Processing /home/airflow/.local/lib/python3.8/site-packages/airflow/example_dags/example_sla_dag.py took 0.142 seconds
[2025-04-28T14:41:51.852+0000] {processor.py:161} INFO - Started process (PID=3168) to work on /home/airflow/.local/lib/python3.8/site-packages/airflow/example_dags/example_sla_dag.py
[2025-04-28T14:41:51.854+0000] {processor.py:830} INFO - Processing file /home/airflow/.local/lib/python3.8/site-packages/airflow/example_dags/example_sla_dag.py for tasks to queue
[2025-04-28T14:41:51.857+0000] {logging_mixin.py:188} INFO - [2025-04-28T14:41:51.857+0000] {dagbag.py:538} INFO - Filling up the DagBag from /home/airflow/.local/lib/python3.8/site-packages/airflow/example_dags/example_sla_dag.py
[2025-04-28T14:41:51.869+0000] {processor.py:840} INFO - DAG(s) 'example_sla_dag' retrieved from /home/airflow/.local/lib/python3.8/site-packages/airflow/example_dags/example_sla_dag.py
[2025-04-28T14:41:51.900+0000] {logging_mixin.py:188} INFO - [2025-04-28T14:41:51.900+0000] {dag.py:3033} INFO - Sync 1 DAGs
[2025-04-28T14:41:51.937+0000] {logging_mixin.py:188} INFO - [2025-04-28T14:41:51.936+0000] {dag.py:3820} INFO - Setting next_dagrun for example_sla_dag to 2025-04-28T14:38:00+00:00, run_after=2025-04-28T14:40:00+00:00
[2025-04-28T14:41:51.968+0000] {processor.py:183} INFO - Processing /home/airflow/.local/lib/python3.8/site-packages/airflow/example_dags/example_sla_dag.py took 0.122 seconds
[2025-04-28T14:42:22.081+0000] {processor.py:161} INFO - Started process (PID=3224) to work on /home/airflow/.local/lib/python3.8/site-packages/airflow/example_dags/example_sla_dag.py
[2025-04-28T14:42:22.082+0000] {processor.py:830} INFO - Processing file /home/airflow/.local/lib/python3.8/site-packages/airflow/example_dags/example_sla_dag.py for tasks to queue
[2025-04-28T14:42:22.086+0000] {logging_mixin.py:188} INFO - [2025-04-28T14:42:22.086+0000] {dagbag.py:538} INFO - Filling up the DagBag from /home/airflow/.local/lib/python3.8/site-packages/airflow/example_dags/example_sla_dag.py
[2025-04-28T14:42:22.104+0000] {processor.py:840} INFO - DAG(s) 'example_sla_dag' retrieved from /home/airflow/.local/lib/python3.8/site-packages/airflow/example_dags/example_sla_dag.py
[2025-04-28T14:42:22.138+0000] {logging_mixin.py:188} INFO - [2025-04-28T14:42:22.138+0000] {dag.py:3033} INFO - Sync 1 DAGs
[2025-04-28T14:42:22.190+0000] {logging_mixin.py:188} INFO - [2025-04-28T14:42:22.190+0000] {dag.py:3820} INFO - Setting next_dagrun for example_sla_dag to 2025-04-28T14:40:00+00:00, run_after=2025-04-28T14:42:00+00:00
[2025-04-28T14:42:22.230+0000] {processor.py:183} INFO - Processing /home/airflow/.local/lib/python3.8/site-packages/airflow/example_dags/example_sla_dag.py took 0.155 seconds
[2025-04-28T14:42:52.287+0000] {processor.py:161} INFO - Started process (PID=3280) to work on /home/airflow/.local/lib/python3.8/site-packages/airflow/example_dags/example_sla_dag.py
[2025-04-28T14:42:52.289+0000] {processor.py:830} INFO - Processing file /home/airflow/.local/lib/python3.8/site-packages/airflow/example_dags/example_sla_dag.py for tasks to queue
[2025-04-28T14:42:52.293+0000] {logging_mixin.py:188} INFO - [2025-04-28T14:42:52.292+0000] {dagbag.py:538} INFO - Filling up the DagBag from /home/airflow/.local/lib/python3.8/site-packages/airflow/example_dags/example_sla_dag.py
[2025-04-28T14:42:52.304+0000] {processor.py:840} INFO - DAG(s) 'example_sla_dag' retrieved from /home/airflow/.local/lib/python3.8/site-packages/airflow/example_dags/example_sla_dag.py
[2025-04-28T14:42:52.336+0000] {logging_mixin.py:188} INFO - [2025-04-28T14:42:52.336+0000] {dag.py:3033} INFO - Sync 1 DAGs
[2025-04-28T14:42:52.378+0000] {logging_mixin.py:188} INFO - [2025-04-28T14:42:52.377+0000] {dag.py:3820} INFO - Setting next_dagrun for example_sla_dag to 2025-04-28T14:40:00+00:00, run_after=2025-04-28T14:42:00+00:00
[2025-04-28T14:42:52.412+0000] {processor.py:183} INFO - Processing /home/airflow/.local/lib/python3.8/site-packages/airflow/example_dags/example_sla_dag.py took 0.130 seconds
[2025-04-28T14:43:23.144+0000] {processor.py:161} INFO - Started process (PID=3336) to work on /home/airflow/.local/lib/python3.8/site-packages/airflow/example_dags/example_sla_dag.py
[2025-04-28T14:43:23.146+0000] {processor.py:830} INFO - Processing file /home/airflow/.local/lib/python3.8/site-packages/airflow/example_dags/example_sla_dag.py for tasks to queue
[2025-04-28T14:43:23.150+0000] {logging_mixin.py:188} INFO - [2025-04-28T14:43:23.149+0000] {dagbag.py:538} INFO - Filling up the DagBag from /home/airflow/.local/lib/python3.8/site-packages/airflow/example_dags/example_sla_dag.py
[2025-04-28T14:43:23.164+0000] {processor.py:840} INFO - DAG(s) 'example_sla_dag' retrieved from /home/airflow/.local/lib/python3.8/site-packages/airflow/example_dags/example_sla_dag.py
[2025-04-28T14:43:23.198+0000] {logging_mixin.py:188} INFO - [2025-04-28T14:43:23.197+0000] {dag.py:3033} INFO - Sync 1 DAGs
[2025-04-28T14:43:23.239+0000] {logging_mixin.py:188} INFO - [2025-04-28T14:43:23.239+0000] {dag.py:3820} INFO - Setting next_dagrun for example_sla_dag to 2025-04-28T14:40:00+00:00, run_after=2025-04-28T14:42:00+00:00
[2025-04-28T14:43:23.271+0000] {processor.py:183} INFO - Processing /home/airflow/.local/lib/python3.8/site-packages/airflow/example_dags/example_sla_dag.py took 0.133 seconds
[2025-04-28T14:43:53.754+0000] {processor.py:161} INFO - Started process (PID=3392) to work on /home/airflow/.local/lib/python3.8/site-packages/airflow/example_dags/example_sla_dag.py
[2025-04-28T14:43:53.755+0000] {processor.py:830} INFO - Processing file /home/airflow/.local/lib/python3.8/site-packages/airflow/example_dags/example_sla_dag.py for tasks to queue
[2025-04-28T14:43:53.758+0000] {logging_mixin.py:188} INFO - [2025-04-28T14:43:53.758+0000] {dagbag.py:538} INFO - Filling up the DagBag from /home/airflow/.local/lib/python3.8/site-packages/airflow/example_dags/example_sla_dag.py
[2025-04-28T14:43:53.769+0000] {processor.py:840} INFO - DAG(s) 'example_sla_dag' retrieved from /home/airflow/.local/lib/python3.8/site-packages/airflow/example_dags/example_sla_dag.py
[2025-04-28T14:43:53.800+0000] {logging_mixin.py:188} INFO - [2025-04-28T14:43:53.799+0000] {dag.py:3033} INFO - Sync 1 DAGs
[2025-04-28T14:43:53.839+0000] {logging_mixin.py:188} INFO - [2025-04-28T14:43:53.839+0000] {dag.py:3820} INFO - Setting next_dagrun for example_sla_dag to 2025-04-28T14:40:00+00:00, run_after=2025-04-28T14:42:00+00:00
[2025-04-28T14:43:53.874+0000] {processor.py:183} INFO - Processing /home/airflow/.local/lib/python3.8/site-packages/airflow/example_dags/example_sla_dag.py took 0.126 seconds
[2025-04-28T14:44:24.160+0000] {processor.py:161} INFO - Started process (PID=3448) to work on /home/airflow/.local/lib/python3.8/site-packages/airflow/example_dags/example_sla_dag.py
[2025-04-28T14:44:24.161+0000] {processor.py:830} INFO - Processing file /home/airflow/.local/lib/python3.8/site-packages/airflow/example_dags/example_sla_dag.py for tasks to queue
[2025-04-28T14:44:24.165+0000] {logging_mixin.py:188} INFO - [2025-04-28T14:44:24.164+0000] {dagbag.py:538} INFO - Filling up the DagBag from /home/airflow/.local/lib/python3.8/site-packages/airflow/example_dags/example_sla_dag.py
[2025-04-28T14:44:24.180+0000] {processor.py:840} INFO - DAG(s) 'example_sla_dag' retrieved from /home/airflow/.local/lib/python3.8/site-packages/airflow/example_dags/example_sla_dag.py
[2025-04-28T14:44:24.214+0000] {logging_mixin.py:188} INFO - [2025-04-28T14:44:24.214+0000] {dag.py:3033} INFO - Sync 1 DAGs
[2025-04-28T14:44:24.263+0000] {logging_mixin.py:188} INFO - [2025-04-28T14:44:24.260+0000] {dag.py:3820} INFO - Setting next_dagrun for example_sla_dag to 2025-04-28T14:42:00+00:00, run_after=2025-04-28T14:44:00+00:00
[2025-04-28T14:44:24.307+0000] {processor.py:183} INFO - Processing /home/airflow/.local/lib/python3.8/site-packages/airflow/example_dags/example_sla_dag.py took 0.153 seconds
[2025-04-28T14:44:57.334+0000] {processor.py:161} INFO - Started process (PID=3498) to work on /home/airflow/.local/lib/python3.8/site-packages/airflow/example_dags/example_sla_dag.py
[2025-04-28T14:44:57.338+0000] {processor.py:830} INFO - Processing file /home/airflow/.local/lib/python3.8/site-packages/airflow/example_dags/example_sla_dag.py for tasks to queue
[2025-04-28T14:44:57.343+0000] {logging_mixin.py:188} INFO - [2025-04-28T14:44:57.343+0000] {dagbag.py:538} INFO - Filling up the DagBag from /home/airflow/.local/lib/python3.8/site-packages/airflow/example_dags/example_sla_dag.py
[2025-04-28T14:44:57.365+0000] {processor.py:840} INFO - DAG(s) 'example_sla_dag' retrieved from /home/airflow/.local/lib/python3.8/site-packages/airflow/example_dags/example_sla_dag.py
[2025-04-28T14:44:57.424+0000] {logging_mixin.py:188} INFO - [2025-04-28T14:44:57.424+0000] {dag.py:3033} INFO - Sync 1 DAGs
[2025-04-28T14:44:57.514+0000] {logging_mixin.py:188} INFO - [2025-04-28T14:44:57.514+0000] {dag.py:3820} INFO - Setting next_dagrun for example_sla_dag to 2025-04-28T14:42:00+00:00, run_after=2025-04-28T14:44:00+00:00
[2025-04-28T14:44:57.577+0000] {processor.py:183} INFO - Processing /home/airflow/.local/lib/python3.8/site-packages/airflow/example_dags/example_sla_dag.py took 0.254 seconds
[2025-04-28T14:45:28.042+0000] {processor.py:161} INFO - Started process (PID=3554) to work on /home/airflow/.local/lib/python3.8/site-packages/airflow/example_dags/example_sla_dag.py
[2025-04-28T14:45:28.044+0000] {processor.py:830} INFO - Processing file /home/airflow/.local/lib/python3.8/site-packages/airflow/example_dags/example_sla_dag.py for tasks to queue
[2025-04-28T14:45:28.047+0000] {logging_mixin.py:188} INFO - [2025-04-28T14:45:28.046+0000] {dagbag.py:538} INFO - Filling up the DagBag from /home/airflow/.local/lib/python3.8/site-packages/airflow/example_dags/example_sla_dag.py
[2025-04-28T14:45:28.060+0000] {processor.py:840} INFO - DAG(s) 'example_sla_dag' retrieved from /home/airflow/.local/lib/python3.8/site-packages/airflow/example_dags/example_sla_dag.py
[2025-04-28T14:45:28.093+0000] {logging_mixin.py:188} INFO - [2025-04-28T14:45:28.092+0000] {dag.py:3033} INFO - Sync 1 DAGs
[2025-04-28T14:45:28.138+0000] {logging_mixin.py:188} INFO - [2025-04-28T14:45:28.137+0000] {dag.py:3820} INFO - Setting next_dagrun for example_sla_dag to 2025-04-28T14:42:00+00:00, run_after=2025-04-28T14:44:00+00:00
[2025-04-28T14:45:28.182+0000] {processor.py:183} INFO - Processing /home/airflow/.local/lib/python3.8/site-packages/airflow/example_dags/example_sla_dag.py took 0.144 seconds
[2025-04-28T14:48:59.494+0000] {processor.py:161} INFO - Started process (PID=83) to work on /home/airflow/.local/lib/python3.8/site-packages/airflow/example_dags/example_sla_dag.py
[2025-04-28T14:48:59.496+0000] {processor.py:830} INFO - Processing file /home/airflow/.local/lib/python3.8/site-packages/airflow/example_dags/example_sla_dag.py for tasks to queue
[2025-04-28T14:48:59.500+0000] {logging_mixin.py:188} INFO - [2025-04-28T14:48:59.500+0000] {dagbag.py:538} INFO - Filling up the DagBag from /home/airflow/.local/lib/python3.8/site-packages/airflow/example_dags/example_sla_dag.py
[2025-04-28T14:48:59.525+0000] {processor.py:840} INFO - DAG(s) 'example_sla_dag' retrieved from /home/airflow/.local/lib/python3.8/site-packages/airflow/example_dags/example_sla_dag.py
[2025-04-28T14:48:59.848+0000] {logging_mixin.py:188} INFO - [2025-04-28T14:48:59.847+0000] {dag.py:3033} INFO - Sync 1 DAGs
[2025-04-28T14:48:59.925+0000] {logging_mixin.py:188} INFO - [2025-04-28T14:48:59.920+0000] {dag.py:3820} INFO - Setting next_dagrun for example_sla_dag to 2025-04-28T14:46:00+00:00, run_after=2025-04-28T14:48:00+00:00
[2025-04-28T14:48:59.998+0000] {processor.py:183} INFO - Processing /home/airflow/.local/lib/python3.8/site-packages/airflow/example_dags/example_sla_dag.py took 0.510 seconds
[2025-04-28T14:49:30.642+0000] {processor.py:161} INFO - Started process (PID=138) to work on /home/airflow/.local/lib/python3.8/site-packages/airflow/example_dags/example_sla_dag.py
[2025-04-28T14:49:30.644+0000] {processor.py:830} INFO - Processing file /home/airflow/.local/lib/python3.8/site-packages/airflow/example_dags/example_sla_dag.py for tasks to queue
[2025-04-28T14:49:30.647+0000] {logging_mixin.py:188} INFO - [2025-04-28T14:49:30.647+0000] {dagbag.py:538} INFO - Filling up the DagBag from /home/airflow/.local/lib/python3.8/site-packages/airflow/example_dags/example_sla_dag.py
[2025-04-28T14:49:30.663+0000] {processor.py:840} INFO - DAG(s) 'example_sla_dag' retrieved from /home/airflow/.local/lib/python3.8/site-packages/airflow/example_dags/example_sla_dag.py
[2025-04-28T14:49:30.698+0000] {logging_mixin.py:188} INFO - [2025-04-28T14:49:30.698+0000] {dag.py:3033} INFO - Sync 1 DAGs
[2025-04-28T14:49:30.736+0000] {logging_mixin.py:188} INFO - [2025-04-28T14:49:30.736+0000] {dag.py:3820} INFO - Setting next_dagrun for example_sla_dag to 2025-04-28T14:46:00+00:00, run_after=2025-04-28T14:48:00+00:00
[2025-04-28T14:49:30.769+0000] {processor.py:183} INFO - Processing /home/airflow/.local/lib/python3.8/site-packages/airflow/example_dags/example_sla_dag.py took 0.134 seconds
[2025-04-28T14:50:00.844+0000] {processor.py:161} INFO - Started process (PID=194) to work on /home/airflow/.local/lib/python3.8/site-packages/airflow/example_dags/example_sla_dag.py
[2025-04-28T14:50:00.849+0000] {processor.py:830} INFO - Processing file /home/airflow/.local/lib/python3.8/site-packages/airflow/example_dags/example_sla_dag.py for tasks to queue
[2025-04-28T14:50:00.854+0000] {logging_mixin.py:188} INFO - [2025-04-28T14:50:00.853+0000] {dagbag.py:538} INFO - Filling up the DagBag from /home/airflow/.local/lib/python3.8/site-packages/airflow/example_dags/example_sla_dag.py
[2025-04-28T14:50:00.893+0000] {processor.py:840} INFO - DAG(s) 'example_sla_dag' retrieved from /home/airflow/.local/lib/python3.8/site-packages/airflow/example_dags/example_sla_dag.py
[2025-04-28T14:50:00.951+0000] {logging_mixin.py:188} INFO - [2025-04-28T14:50:00.951+0000] {dag.py:3033} INFO - Sync 1 DAGs
[2025-04-28T14:50:01.103+0000] {logging_mixin.py:188} INFO - [2025-04-28T14:50:01.101+0000] {dag.py:3820} INFO - Setting next_dagrun for example_sla_dag to 2025-04-28T14:48:00+00:00, run_after=2025-04-28T14:50:00+00:00
[2025-04-28T14:50:01.186+0000] {processor.py:183} INFO - Processing /home/airflow/.local/lib/python3.8/site-packages/airflow/example_dags/example_sla_dag.py took 0.352 seconds
[2025-04-28T14:50:31.487+0000] {processor.py:161} INFO - Started process (PID=250) to work on /home/airflow/.local/lib/python3.8/site-packages/airflow/example_dags/example_sla_dag.py
[2025-04-28T14:50:31.489+0000] {processor.py:830} INFO - Processing file /home/airflow/.local/lib/python3.8/site-packages/airflow/example_dags/example_sla_dag.py for tasks to queue
[2025-04-28T14:50:31.493+0000] {logging_mixin.py:188} INFO - [2025-04-28T14:50:31.492+0000] {dagbag.py:538} INFO - Filling up the DagBag from /home/airflow/.local/lib/python3.8/site-packages/airflow/example_dags/example_sla_dag.py
[2025-04-28T14:50:31.529+0000] {processor.py:840} INFO - DAG(s) 'example_sla_dag' retrieved from /home/airflow/.local/lib/python3.8/site-packages/airflow/example_dags/example_sla_dag.py
[2025-04-28T14:50:31.584+0000] {logging_mixin.py:188} INFO - [2025-04-28T14:50:31.583+0000] {dag.py:3033} INFO - Sync 1 DAGs
[2025-04-28T14:50:31.658+0000] {logging_mixin.py:188} INFO - [2025-04-28T14:50:31.657+0000] {dag.py:3820} INFO - Setting next_dagrun for example_sla_dag to 2025-04-28T14:48:00+00:00, run_after=2025-04-28T14:50:00+00:00
[2025-04-28T14:50:31.719+0000] {processor.py:183} INFO - Processing /home/airflow/.local/lib/python3.8/site-packages/airflow/example_dags/example_sla_dag.py took 0.249 seconds
[2025-04-28T14:51:01.813+0000] {processor.py:161} INFO - Started process (PID=305) to work on /home/airflow/.local/lib/python3.8/site-packages/airflow/example_dags/example_sla_dag.py
[2025-04-28T14:51:01.815+0000] {processor.py:830} INFO - Processing file /home/airflow/.local/lib/python3.8/site-packages/airflow/example_dags/example_sla_dag.py for tasks to queue
[2025-04-28T14:51:01.821+0000] {logging_mixin.py:188} INFO - [2025-04-28T14:51:01.819+0000] {dagbag.py:538} INFO - Filling up the DagBag from /home/airflow/.local/lib/python3.8/site-packages/airflow/example_dags/example_sla_dag.py
[2025-04-28T14:51:01.849+0000] {processor.py:840} INFO - DAG(s) 'example_sla_dag' retrieved from /home/airflow/.local/lib/python3.8/site-packages/airflow/example_dags/example_sla_dag.py
[2025-04-28T14:51:01.904+0000] {logging_mixin.py:188} INFO - [2025-04-28T14:51:01.903+0000] {dag.py:3033} INFO - Sync 1 DAGs
[2025-04-28T14:51:01.949+0000] {logging_mixin.py:188} INFO - [2025-04-28T14:51:01.949+0000] {dag.py:3820} INFO - Setting next_dagrun for example_sla_dag to 2025-04-28T14:48:00+00:00, run_after=2025-04-28T14:50:00+00:00
[2025-04-28T14:51:01.985+0000] {processor.py:183} INFO - Processing /home/airflow/.local/lib/python3.8/site-packages/airflow/example_dags/example_sla_dag.py took 0.177 seconds
[2025-04-28T14:51:32.730+0000] {processor.py:161} INFO - Started process (PID=361) to work on /home/airflow/.local/lib/python3.8/site-packages/airflow/example_dags/example_sla_dag.py
[2025-04-28T14:51:32.732+0000] {processor.py:830} INFO - Processing file /home/airflow/.local/lib/python3.8/site-packages/airflow/example_dags/example_sla_dag.py for tasks to queue
[2025-04-28T14:51:32.735+0000] {logging_mixin.py:188} INFO - [2025-04-28T14:51:32.735+0000] {dagbag.py:538} INFO - Filling up the DagBag from /home/airflow/.local/lib/python3.8/site-packages/airflow/example_dags/example_sla_dag.py
[2025-04-28T14:51:32.750+0000] {processor.py:840} INFO - DAG(s) 'example_sla_dag' retrieved from /home/airflow/.local/lib/python3.8/site-packages/airflow/example_dags/example_sla_dag.py
[2025-04-28T14:51:32.780+0000] {logging_mixin.py:188} INFO - [2025-04-28T14:51:32.780+0000] {dag.py:3033} INFO - Sync 1 DAGs
[2025-04-28T14:51:32.820+0000] {logging_mixin.py:188} INFO - [2025-04-28T14:51:32.820+0000] {dag.py:3820} INFO - Setting next_dagrun for example_sla_dag to 2025-04-28T14:48:00+00:00, run_after=2025-04-28T14:50:00+00:00
[2025-04-28T14:51:32.870+0000] {processor.py:183} INFO - Processing /home/airflow/.local/lib/python3.8/site-packages/airflow/example_dags/example_sla_dag.py took 0.146 seconds
[2025-04-28T14:52:03.049+0000] {processor.py:161} INFO - Started process (PID=416) to work on /home/airflow/.local/lib/python3.8/site-packages/airflow/example_dags/example_sla_dag.py
[2025-04-28T14:52:03.050+0000] {processor.py:830} INFO - Processing file /home/airflow/.local/lib/python3.8/site-packages/airflow/example_dags/example_sla_dag.py for tasks to queue
[2025-04-28T14:52:03.053+0000] {logging_mixin.py:188} INFO - [2025-04-28T14:52:03.053+0000] {dagbag.py:538} INFO - Filling up the DagBag from /home/airflow/.local/lib/python3.8/site-packages/airflow/example_dags/example_sla_dag.py
[2025-04-28T14:52:03.065+0000] {processor.py:840} INFO - DAG(s) 'example_sla_dag' retrieved from /home/airflow/.local/lib/python3.8/site-packages/airflow/example_dags/example_sla_dag.py
[2025-04-28T14:52:03.090+0000] {logging_mixin.py:188} INFO - [2025-04-28T14:52:03.090+0000] {dag.py:3033} INFO - Sync 1 DAGs
[2025-04-28T14:52:03.122+0000] {logging_mixin.py:188} INFO - [2025-04-28T14:52:03.122+0000] {dag.py:3820} INFO - Setting next_dagrun for example_sla_dag to 2025-04-28T14:50:00+00:00, run_after=2025-04-28T14:52:00+00:00
[2025-04-28T14:52:03.150+0000] {processor.py:183} INFO - Processing /home/airflow/.local/lib/python3.8/site-packages/airflow/example_dags/example_sla_dag.py took 0.107 seconds
[2025-04-28T14:52:35.009+0000] {processor.py:161} INFO - Started process (PID=472) to work on /home/airflow/.local/lib/python3.8/site-packages/airflow/example_dags/example_sla_dag.py
[2025-04-28T14:52:35.011+0000] {processor.py:830} INFO - Processing file /home/airflow/.local/lib/python3.8/site-packages/airflow/example_dags/example_sla_dag.py for tasks to queue
[2025-04-28T14:52:35.016+0000] {logging_mixin.py:188} INFO - [2025-04-28T14:52:35.016+0000] {dagbag.py:538} INFO - Filling up the DagBag from /home/airflow/.local/lib/python3.8/site-packages/airflow/example_dags/example_sla_dag.py
[2025-04-28T14:52:35.042+0000] {processor.py:840} INFO - DAG(s) 'example_sla_dag' retrieved from /home/airflow/.local/lib/python3.8/site-packages/airflow/example_dags/example_sla_dag.py
[2025-04-28T14:52:35.093+0000] {logging_mixin.py:188} INFO - [2025-04-28T14:52:35.093+0000] {dag.py:3033} INFO - Sync 1 DAGs
[2025-04-28T14:52:35.180+0000] {logging_mixin.py:188} INFO - [2025-04-28T14:52:35.180+0000] {dag.py:3820} INFO - Setting next_dagrun for example_sla_dag to 2025-04-28T14:50:00+00:00, run_after=2025-04-28T14:52:00+00:00
[2025-04-28T14:52:35.239+0000] {processor.py:183} INFO - Processing /home/airflow/.local/lib/python3.8/site-packages/airflow/example_dags/example_sla_dag.py took 0.245 seconds
[2025-04-28T14:53:06.053+0000] {processor.py:161} INFO - Started process (PID=529) to work on /home/airflow/.local/lib/python3.8/site-packages/airflow/example_dags/example_sla_dag.py
[2025-04-28T14:53:06.055+0000] {processor.py:830} INFO - Processing file /home/airflow/.local/lib/python3.8/site-packages/airflow/example_dags/example_sla_dag.py for tasks to queue
[2025-04-28T14:53:06.059+0000] {logging_mixin.py:188} INFO - [2025-04-28T14:53:06.059+0000] {dagbag.py:538} INFO - Filling up the DagBag from /home/airflow/.local/lib/python3.8/site-packages/airflow/example_dags/example_sla_dag.py
[2025-04-28T14:53:06.081+0000] {processor.py:840} INFO - DAG(s) 'example_sla_dag' retrieved from /home/airflow/.local/lib/python3.8/site-packages/airflow/example_dags/example_sla_dag.py
[2025-04-28T14:53:06.132+0000] {logging_mixin.py:188} INFO - [2025-04-28T14:53:06.132+0000] {dag.py:3033} INFO - Sync 1 DAGs
[2025-04-28T14:53:06.224+0000] {logging_mixin.py:188} INFO - [2025-04-28T14:53:06.224+0000] {dag.py:3820} INFO - Setting next_dagrun for example_sla_dag to 2025-04-28T14:50:00+00:00, run_after=2025-04-28T14:52:00+00:00
[2025-04-28T14:53:06.305+0000] {processor.py:183} INFO - Processing /home/airflow/.local/lib/python3.8/site-packages/airflow/example_dags/example_sla_dag.py took 0.258 seconds
[2025-04-28T14:53:37.083+0000] {processor.py:161} INFO - Started process (PID=579) to work on /home/airflow/.local/lib/python3.8/site-packages/airflow/example_dags/example_sla_dag.py
[2025-04-28T14:53:37.094+0000] {processor.py:830} INFO - Processing file /home/airflow/.local/lib/python3.8/site-packages/airflow/example_dags/example_sla_dag.py for tasks to queue
[2025-04-28T14:53:37.101+0000] {logging_mixin.py:188} INFO - [2025-04-28T14:53:37.100+0000] {dagbag.py:538} INFO - Filling up the DagBag from /home/airflow/.local/lib/python3.8/site-packages/airflow/example_dags/example_sla_dag.py
[2025-04-28T14:53:37.123+0000] {processor.py:840} INFO - DAG(s) 'example_sla_dag' retrieved from /home/airflow/.local/lib/python3.8/site-packages/airflow/example_dags/example_sla_dag.py
[2025-04-28T14:53:37.173+0000] {logging_mixin.py:188} INFO - [2025-04-28T14:53:37.172+0000] {dag.py:3033} INFO - Sync 1 DAGs
[2025-04-28T14:53:37.245+0000] {logging_mixin.py:188} INFO - [2025-04-28T14:53:37.245+0000] {dag.py:3820} INFO - Setting next_dagrun for example_sla_dag to 2025-04-28T14:50:00+00:00, run_after=2025-04-28T14:52:00+00:00
[2025-04-28T14:53:37.296+0000] {processor.py:183} INFO - Processing /home/airflow/.local/lib/python3.8/site-packages/airflow/example_dags/example_sla_dag.py took 0.219 seconds
[2025-04-28T14:54:09.447+0000] {processor.py:161} INFO - Started process (PID=636) to work on /home/airflow/.local/lib/python3.8/site-packages/airflow/example_dags/example_sla_dag.py
[2025-04-28T14:54:09.456+0000] {processor.py:830} INFO - Processing file /home/airflow/.local/lib/python3.8/site-packages/airflow/example_dags/example_sla_dag.py for tasks to queue
[2025-04-28T14:54:09.462+0000] {logging_mixin.py:188} INFO - [2025-04-28T14:54:09.462+0000] {dagbag.py:538} INFO - Filling up the DagBag from /home/airflow/.local/lib/python3.8/site-packages/airflow/example_dags/example_sla_dag.py
[2025-04-28T14:54:09.503+0000] {processor.py:840} INFO - DAG(s) 'example_sla_dag' retrieved from /home/airflow/.local/lib/python3.8/site-packages/airflow/example_dags/example_sla_dag.py
[2025-04-28T14:54:09.572+0000] {logging_mixin.py:188} INFO - [2025-04-28T14:54:09.572+0000] {dag.py:3033} INFO - Sync 1 DAGs
[2025-04-28T14:54:09.627+0000] {logging_mixin.py:188} INFO - [2025-04-28T14:54:09.627+0000] {dag.py:3820} INFO - Setting next_dagrun for example_sla_dag to 2025-04-28T14:52:00+00:00, run_after=2025-04-28T14:54:00+00:00
[2025-04-28T14:54:09.674+0000] {processor.py:183} INFO - Processing /home/airflow/.local/lib/python3.8/site-packages/airflow/example_dags/example_sla_dag.py took 0.235 seconds
[2025-04-28T14:54:40.391+0000] {processor.py:161} INFO - Started process (PID=691) to work on /home/airflow/.local/lib/python3.8/site-packages/airflow/example_dags/example_sla_dag.py
[2025-04-28T14:54:40.393+0000] {processor.py:830} INFO - Processing file /home/airflow/.local/lib/python3.8/site-packages/airflow/example_dags/example_sla_dag.py for tasks to queue
[2025-04-28T14:54:40.396+0000] {logging_mixin.py:188} INFO - [2025-04-28T14:54:40.396+0000] {dagbag.py:538} INFO - Filling up the DagBag from /home/airflow/.local/lib/python3.8/site-packages/airflow/example_dags/example_sla_dag.py
[2025-04-28T14:54:40.407+0000] {processor.py:840} INFO - DAG(s) 'example_sla_dag' retrieved from /home/airflow/.local/lib/python3.8/site-packages/airflow/example_dags/example_sla_dag.py
[2025-04-28T14:54:40.440+0000] {logging_mixin.py:188} INFO - [2025-04-28T14:54:40.440+0000] {dag.py:3033} INFO - Sync 1 DAGs
[2025-04-28T14:54:40.489+0000] {logging_mixin.py:188} INFO - [2025-04-28T14:54:40.489+0000] {dag.py:3820} INFO - Setting next_dagrun for example_sla_dag to 2025-04-28T14:52:00+00:00, run_after=2025-04-28T14:54:00+00:00
[2025-04-28T14:54:40.518+0000] {processor.py:183} INFO - Processing /home/airflow/.local/lib/python3.8/site-packages/airflow/example_dags/example_sla_dag.py took 0.132 seconds
[2025-04-28T14:55:17.759+0000] {processor.py:161} INFO - Started process (PID=755) to work on /home/airflow/.local/lib/python3.8/site-packages/airflow/example_dags/example_sla_dag.py
[2025-04-28T14:55:17.773+0000] {processor.py:830} INFO - Processing file /home/airflow/.local/lib/python3.8/site-packages/airflow/example_dags/example_sla_dag.py for tasks to queue
[2025-04-28T14:55:17.788+0000] {logging_mixin.py:188} INFO - [2025-04-28T14:55:17.783+0000] {dagbag.py:538} INFO - Filling up the DagBag from /home/airflow/.local/lib/python3.8/site-packages/airflow/example_dags/example_sla_dag.py
[2025-04-28T14:55:17.831+0000] {processor.py:840} INFO - DAG(s) 'example_sla_dag' retrieved from /home/airflow/.local/lib/python3.8/site-packages/airflow/example_dags/example_sla_dag.py
[2025-04-28T14:55:17.934+0000] {logging_mixin.py:188} INFO - [2025-04-28T14:55:17.934+0000] {dag.py:3033} INFO - Sync 1 DAGs
[2025-04-28T14:55:18.093+0000] {logging_mixin.py:188} INFO - [2025-04-28T14:55:18.093+0000] {dag.py:3820} INFO - Setting next_dagrun for example_sla_dag to 2025-04-28T14:52:00+00:00, run_after=2025-04-28T14:54:00+00:00
[2025-04-28T14:55:18.248+0000] {processor.py:183} INFO - Processing /home/airflow/.local/lib/python3.8/site-packages/airflow/example_dags/example_sla_dag.py took 0.518 seconds
[2025-04-28T14:55:48.366+0000] {processor.py:161} INFO - Started process (PID=804) to work on /home/airflow/.local/lib/python3.8/site-packages/airflow/example_dags/example_sla_dag.py
[2025-04-28T14:55:48.368+0000] {processor.py:830} INFO - Processing file /home/airflow/.local/lib/python3.8/site-packages/airflow/example_dags/example_sla_dag.py for tasks to queue
[2025-04-28T14:55:48.372+0000] {logging_mixin.py:188} INFO - [2025-04-28T14:55:48.371+0000] {dagbag.py:538} INFO - Filling up the DagBag from /home/airflow/.local/lib/python3.8/site-packages/airflow/example_dags/example_sla_dag.py
[2025-04-28T14:55:48.383+0000] {processor.py:840} INFO - DAG(s) 'example_sla_dag' retrieved from /home/airflow/.local/lib/python3.8/site-packages/airflow/example_dags/example_sla_dag.py
[2025-04-28T14:55:48.410+0000] {logging_mixin.py:188} INFO - [2025-04-28T14:55:48.410+0000] {dag.py:3033} INFO - Sync 1 DAGs
[2025-04-28T14:55:48.457+0000] {logging_mixin.py:188} INFO - [2025-04-28T14:55:48.457+0000] {dag.py:3820} INFO - Setting next_dagrun for example_sla_dag to 2025-04-28T14:52:00+00:00, run_after=2025-04-28T14:54:00+00:00
[2025-04-28T14:55:48.487+0000] {processor.py:183} INFO - Processing /home/airflow/.local/lib/python3.8/site-packages/airflow/example_dags/example_sla_dag.py took 0.125 seconds
[2025-04-28T14:56:20.356+0000] {processor.py:161} INFO - Started process (PID=861) to work on /home/airflow/.local/lib/python3.8/site-packages/airflow/example_dags/example_sla_dag.py
[2025-04-28T14:56:20.357+0000] {processor.py:830} INFO - Processing file /home/airflow/.local/lib/python3.8/site-packages/airflow/example_dags/example_sla_dag.py for tasks to queue
[2025-04-28T14:56:20.360+0000] {logging_mixin.py:188} INFO - [2025-04-28T14:56:20.360+0000] {dagbag.py:538} INFO - Filling up the DagBag from /home/airflow/.local/lib/python3.8/site-packages/airflow/example_dags/example_sla_dag.py
[2025-04-28T14:56:20.376+0000] {processor.py:840} INFO - DAG(s) 'example_sla_dag' retrieved from /home/airflow/.local/lib/python3.8/site-packages/airflow/example_dags/example_sla_dag.py
[2025-04-28T14:56:20.407+0000] {logging_mixin.py:188} INFO - [2025-04-28T14:56:20.407+0000] {dag.py:3033} INFO - Sync 1 DAGs
[2025-04-28T14:56:20.446+0000] {logging_mixin.py:188} INFO - [2025-04-28T14:56:20.446+0000] {dag.py:3820} INFO - Setting next_dagrun for example_sla_dag to 2025-04-28T14:54:00+00:00, run_after=2025-04-28T14:56:00+00:00
[2025-04-28T14:56:20.475+0000] {processor.py:183} INFO - Processing /home/airflow/.local/lib/python3.8/site-packages/airflow/example_dags/example_sla_dag.py took 0.125 seconds
[2025-04-28T14:56:52.036+0000] {processor.py:161} INFO - Started process (PID=917) to work on /home/airflow/.local/lib/python3.8/site-packages/airflow/example_dags/example_sla_dag.py
[2025-04-28T14:56:52.038+0000] {processor.py:830} INFO - Processing file /home/airflow/.local/lib/python3.8/site-packages/airflow/example_dags/example_sla_dag.py for tasks to queue
[2025-04-28T14:56:52.042+0000] {logging_mixin.py:188} INFO - [2025-04-28T14:56:52.042+0000] {dagbag.py:538} INFO - Filling up the DagBag from /home/airflow/.local/lib/python3.8/site-packages/airflow/example_dags/example_sla_dag.py
[2025-04-28T14:56:52.065+0000] {processor.py:840} INFO - DAG(s) 'example_sla_dag' retrieved from /home/airflow/.local/lib/python3.8/site-packages/airflow/example_dags/example_sla_dag.py
[2025-04-28T14:56:52.112+0000] {logging_mixin.py:188} INFO - [2025-04-28T14:56:52.111+0000] {dag.py:3033} INFO - Sync 1 DAGs
[2025-04-28T14:56:52.180+0000] {logging_mixin.py:188} INFO - [2025-04-28T14:56:52.180+0000] {dag.py:3820} INFO - Setting next_dagrun for example_sla_dag to 2025-04-28T14:54:00+00:00, run_after=2025-04-28T14:56:00+00:00
[2025-04-28T14:56:52.238+0000] {processor.py:183} INFO - Processing /home/airflow/.local/lib/python3.8/site-packages/airflow/example_dags/example_sla_dag.py took 0.207 seconds
[2025-04-28T14:57:24.072+0000] {processor.py:161} INFO - Started process (PID=973) to work on /home/airflow/.local/lib/python3.8/site-packages/airflow/example_dags/example_sla_dag.py
[2025-04-28T14:57:24.073+0000] {processor.py:830} INFO - Processing file /home/airflow/.local/lib/python3.8/site-packages/airflow/example_dags/example_sla_dag.py for tasks to queue
[2025-04-28T14:57:24.078+0000] {logging_mixin.py:188} INFO - [2025-04-28T14:57:24.077+0000] {dagbag.py:538} INFO - Filling up the DagBag from /home/airflow/.local/lib/python3.8/site-packages/airflow/example_dags/example_sla_dag.py
[2025-04-28T14:57:24.096+0000] {processor.py:840} INFO - DAG(s) 'example_sla_dag' retrieved from /home/airflow/.local/lib/python3.8/site-packages/airflow/example_dags/example_sla_dag.py
[2025-04-28T14:57:24.130+0000] {logging_mixin.py:188} INFO - [2025-04-28T14:57:24.130+0000] {dag.py:3033} INFO - Sync 1 DAGs
[2025-04-28T14:57:24.173+0000] {logging_mixin.py:188} INFO - [2025-04-28T14:57:24.172+0000] {dag.py:3820} INFO - Setting next_dagrun for example_sla_dag to 2025-04-28T14:54:00+00:00, run_after=2025-04-28T14:56:00+00:00
[2025-04-28T14:57:24.204+0000] {processor.py:183} INFO - Processing /home/airflow/.local/lib/python3.8/site-packages/airflow/example_dags/example_sla_dag.py took 0.137 seconds
[2025-04-28T14:57:59.285+0000] {processor.py:161} INFO - Started process (PID=1030) to work on /home/airflow/.local/lib/python3.8/site-packages/airflow/example_dags/example_sla_dag.py
[2025-04-28T14:57:59.288+0000] {processor.py:830} INFO - Processing file /home/airflow/.local/lib/python3.8/site-packages/airflow/example_dags/example_sla_dag.py for tasks to queue
[2025-04-28T14:57:59.293+0000] {logging_mixin.py:188} INFO - [2025-04-28T14:57:59.292+0000] {dagbag.py:538} INFO - Filling up the DagBag from /home/airflow/.local/lib/python3.8/site-packages/airflow/example_dags/example_sla_dag.py
[2025-04-28T14:57:59.315+0000] {processor.py:840} INFO - DAG(s) 'example_sla_dag' retrieved from /home/airflow/.local/lib/python3.8/site-packages/airflow/example_dags/example_sla_dag.py
[2025-04-28T14:57:59.361+0000] {logging_mixin.py:188} INFO - [2025-04-28T14:57:59.361+0000] {dag.py:3033} INFO - Sync 1 DAGs
[2025-04-28T14:57:59.440+0000] {logging_mixin.py:188} INFO - [2025-04-28T14:57:59.439+0000] {dag.py:3820} INFO - Setting next_dagrun for example_sla_dag to 2025-04-28T14:54:00+00:00, run_after=2025-04-28T14:56:00+00:00
[2025-04-28T14:57:59.507+0000] {processor.py:183} INFO - Processing /home/airflow/.local/lib/python3.8/site-packages/airflow/example_dags/example_sla_dag.py took 0.228 seconds
[2025-04-28T14:58:30.474+0000] {processor.py:161} INFO - Started process (PID=1087) to work on /home/airflow/.local/lib/python3.8/site-packages/airflow/example_dags/example_sla_dag.py
[2025-04-28T14:58:30.476+0000] {processor.py:830} INFO - Processing file /home/airflow/.local/lib/python3.8/site-packages/airflow/example_dags/example_sla_dag.py for tasks to queue
[2025-04-28T14:58:30.480+0000] {logging_mixin.py:188} INFO - [2025-04-28T14:58:30.479+0000] {dagbag.py:538} INFO - Filling up the DagBag from /home/airflow/.local/lib/python3.8/site-packages/airflow/example_dags/example_sla_dag.py
[2025-04-28T14:58:30.494+0000] {processor.py:840} INFO - DAG(s) 'example_sla_dag' retrieved from /home/airflow/.local/lib/python3.8/site-packages/airflow/example_dags/example_sla_dag.py
[2025-04-28T14:58:30.524+0000] {logging_mixin.py:188} INFO - [2025-04-28T14:58:30.524+0000] {dag.py:3033} INFO - Sync 1 DAGs
[2025-04-28T14:58:30.568+0000] {logging_mixin.py:188} INFO - [2025-04-28T14:58:30.568+0000] {dag.py:3820} INFO - Setting next_dagrun for example_sla_dag to 2025-04-28T14:56:00+00:00, run_after=2025-04-28T14:58:00+00:00
[2025-04-28T14:58:30.605+0000] {processor.py:183} INFO - Processing /home/airflow/.local/lib/python3.8/site-packages/airflow/example_dags/example_sla_dag.py took 0.134 seconds
[2025-04-28T14:59:05.418+0000] {processor.py:161} INFO - Started process (PID=1145) to work on /home/airflow/.local/lib/python3.8/site-packages/airflow/example_dags/example_sla_dag.py
[2025-04-28T14:59:05.457+0000] {processor.py:830} INFO - Processing file /home/airflow/.local/lib/python3.8/site-packages/airflow/example_dags/example_sla_dag.py for tasks to queue
[2025-04-28T14:59:05.475+0000] {logging_mixin.py:188} INFO - [2025-04-28T14:59:05.474+0000] {dagbag.py:538} INFO - Filling up the DagBag from /home/airflow/.local/lib/python3.8/site-packages/airflow/example_dags/example_sla_dag.py
[2025-04-28T14:59:05.564+0000] {processor.py:840} INFO - DAG(s) 'example_sla_dag' retrieved from /home/airflow/.local/lib/python3.8/site-packages/airflow/example_dags/example_sla_dag.py
[2025-04-28T14:59:05.761+0000] {logging_mixin.py:188} INFO - [2025-04-28T14:59:05.761+0000] {dag.py:3033} INFO - Sync 1 DAGs
[2025-04-28T14:59:06.022+0000] {logging_mixin.py:188} INFO - [2025-04-28T14:59:06.018+0000] {dag.py:3820} INFO - Setting next_dagrun for example_sla_dag to 2025-04-28T14:56:00+00:00, run_after=2025-04-28T14:58:00+00:00
[2025-04-28T14:59:06.163+0000] {processor.py:183} INFO - Processing /home/airflow/.local/lib/python3.8/site-packages/airflow/example_dags/example_sla_dag.py took 0.758 seconds
[2025-04-28T14:59:36.490+0000] {processor.py:161} INFO - Started process (PID=1201) to work on /home/airflow/.local/lib/python3.8/site-packages/airflow/example_dags/example_sla_dag.py
[2025-04-28T14:59:36.491+0000] {processor.py:830} INFO - Processing file /home/airflow/.local/lib/python3.8/site-packages/airflow/example_dags/example_sla_dag.py for tasks to queue
[2025-04-28T14:59:36.494+0000] {logging_mixin.py:188} INFO - [2025-04-28T14:59:36.494+0000] {dagbag.py:538} INFO - Filling up the DagBag from /home/airflow/.local/lib/python3.8/site-packages/airflow/example_dags/example_sla_dag.py
[2025-04-28T14:59:36.509+0000] {processor.py:840} INFO - DAG(s) 'example_sla_dag' retrieved from /home/airflow/.local/lib/python3.8/site-packages/airflow/example_dags/example_sla_dag.py
[2025-04-28T14:59:36.550+0000] {logging_mixin.py:188} INFO - [2025-04-28T14:59:36.550+0000] {dag.py:3033} INFO - Sync 1 DAGs
[2025-04-28T14:59:36.603+0000] {logging_mixin.py:188} INFO - [2025-04-28T14:59:36.603+0000] {dag.py:3820} INFO - Setting next_dagrun for example_sla_dag to 2025-04-28T14:56:00+00:00, run_after=2025-04-28T14:58:00+00:00
[2025-04-28T14:59:36.642+0000] {processor.py:183} INFO - Processing /home/airflow/.local/lib/python3.8/site-packages/airflow/example_dags/example_sla_dag.py took 0.157 seconds
[2025-04-28T15:00:08.153+0000] {processor.py:161} INFO - Started process (PID=1258) to work on /home/airflow/.local/lib/python3.8/site-packages/airflow/example_dags/example_sla_dag.py
[2025-04-28T15:00:08.155+0000] {processor.py:830} INFO - Processing file /home/airflow/.local/lib/python3.8/site-packages/airflow/example_dags/example_sla_dag.py for tasks to queue
[2025-04-28T15:00:08.158+0000] {logging_mixin.py:188} INFO - [2025-04-28T15:00:08.158+0000] {dagbag.py:538} INFO - Filling up the DagBag from /home/airflow/.local/lib/python3.8/site-packages/airflow/example_dags/example_sla_dag.py
[2025-04-28T15:00:08.170+0000] {processor.py:840} INFO - DAG(s) 'example_sla_dag' retrieved from /home/airflow/.local/lib/python3.8/site-packages/airflow/example_dags/example_sla_dag.py
[2025-04-28T15:00:08.197+0000] {logging_mixin.py:188} INFO - [2025-04-28T15:00:08.196+0000] {dag.py:3033} INFO - Sync 1 DAGs
[2025-04-28T15:00:08.235+0000] {logging_mixin.py:188} INFO - [2025-04-28T15:00:08.235+0000] {dag.py:3820} INFO - Setting next_dagrun for example_sla_dag to 2025-04-28T14:58:00+00:00, run_after=2025-04-28T15:00:00+00:00
[2025-04-28T15:00:08.263+0000] {processor.py:183} INFO - Processing /home/airflow/.local/lib/python3.8/site-packages/airflow/example_dags/example_sla_dag.py took 0.114 seconds
[2025-04-28T15:00:41.503+0000] {processor.py:161} INFO - Started process (PID=1314) to work on /home/airflow/.local/lib/python3.8/site-packages/airflow/example_dags/example_sla_dag.py
[2025-04-28T15:00:41.504+0000] {processor.py:830} INFO - Processing file /home/airflow/.local/lib/python3.8/site-packages/airflow/example_dags/example_sla_dag.py for tasks to queue
[2025-04-28T15:00:41.508+0000] {logging_mixin.py:188} INFO - [2025-04-28T15:00:41.508+0000] {dagbag.py:538} INFO - Filling up the DagBag from /home/airflow/.local/lib/python3.8/site-packages/airflow/example_dags/example_sla_dag.py
[2025-04-28T15:00:41.524+0000] {processor.py:840} INFO - DAG(s) 'example_sla_dag' retrieved from /home/airflow/.local/lib/python3.8/site-packages/airflow/example_dags/example_sla_dag.py
[2025-04-28T15:00:41.563+0000] {logging_mixin.py:188} INFO - [2025-04-28T15:00:41.562+0000] {dag.py:3033} INFO - Sync 1 DAGs
[2025-04-28T15:00:41.637+0000] {logging_mixin.py:188} INFO - [2025-04-28T15:00:41.637+0000] {dag.py:3820} INFO - Setting next_dagrun for example_sla_dag to 2025-04-28T14:58:00+00:00, run_after=2025-04-28T15:00:00+00:00
[2025-04-28T15:00:41.710+0000] {processor.py:183} INFO - Processing /home/airflow/.local/lib/python3.8/site-packages/airflow/example_dags/example_sla_dag.py took 0.224 seconds
[2025-04-28T15:01:15.139+0000] {processor.py:161} INFO - Started process (PID=1373) to work on /home/airflow/.local/lib/python3.8/site-packages/airflow/example_dags/example_sla_dag.py
[2025-04-28T15:01:15.141+0000] {processor.py:830} INFO - Processing file /home/airflow/.local/lib/python3.8/site-packages/airflow/example_dags/example_sla_dag.py for tasks to queue
[2025-04-28T15:01:15.150+0000] {logging_mixin.py:188} INFO - [2025-04-28T15:01:15.149+0000] {dagbag.py:538} INFO - Filling up the DagBag from /home/airflow/.local/lib/python3.8/site-packages/airflow/example_dags/example_sla_dag.py
[2025-04-28T15:01:15.179+0000] {processor.py:840} INFO - DAG(s) 'example_sla_dag' retrieved from /home/airflow/.local/lib/python3.8/site-packages/airflow/example_dags/example_sla_dag.py
[2025-04-28T15:01:15.237+0000] {logging_mixin.py:188} INFO - [2025-04-28T15:01:15.237+0000] {dag.py:3033} INFO - Sync 1 DAGs
[2025-04-28T15:01:15.317+0000] {logging_mixin.py:188} INFO - [2025-04-28T15:01:15.315+0000] {dag.py:3820} INFO - Setting next_dagrun for example_sla_dag to 2025-04-28T14:58:00+00:00, run_after=2025-04-28T15:00:00+00:00
[2025-04-28T15:01:15.440+0000] {processor.py:183} INFO - Processing /home/airflow/.local/lib/python3.8/site-packages/airflow/example_dags/example_sla_dag.py took 0.312 seconds
[2025-04-28T15:01:48.418+0000] {processor.py:161} INFO - Started process (PID=1432) to work on /home/airflow/.local/lib/python3.8/site-packages/airflow/example_dags/example_sla_dag.py
[2025-04-28T15:01:48.421+0000] {processor.py:830} INFO - Processing file /home/airflow/.local/lib/python3.8/site-packages/airflow/example_dags/example_sla_dag.py for tasks to queue
[2025-04-28T15:01:48.426+0000] {logging_mixin.py:188} INFO - [2025-04-28T15:01:48.425+0000] {dagbag.py:538} INFO - Filling up the DagBag from /home/airflow/.local/lib/python3.8/site-packages/airflow/example_dags/example_sla_dag.py
[2025-04-28T15:01:48.447+0000] {processor.py:840} INFO - DAG(s) 'example_sla_dag' retrieved from /home/airflow/.local/lib/python3.8/site-packages/airflow/example_dags/example_sla_dag.py
[2025-04-28T15:01:48.506+0000] {logging_mixin.py:188} INFO - [2025-04-28T15:01:48.505+0000] {dag.py:3033} INFO - Sync 1 DAGs
[2025-04-28T15:01:48.611+0000] {logging_mixin.py:188} INFO - [2025-04-28T15:01:48.611+0000] {dag.py:3820} INFO - Setting next_dagrun for example_sla_dag to 2025-04-28T14:58:00+00:00, run_after=2025-04-28T15:00:00+00:00
[2025-04-28T15:01:48.661+0000] {processor.py:183} INFO - Processing /home/airflow/.local/lib/python3.8/site-packages/airflow/example_dags/example_sla_dag.py took 0.251 seconds
[2025-04-28T15:02:22.966+0000] {processor.py:161} INFO - Started process (PID=1489) to work on /home/airflow/.local/lib/python3.8/site-packages/airflow/example_dags/example_sla_dag.py
[2025-04-28T15:02:22.968+0000] {processor.py:830} INFO - Processing file /home/airflow/.local/lib/python3.8/site-packages/airflow/example_dags/example_sla_dag.py for tasks to queue
[2025-04-28T15:02:22.980+0000] {logging_mixin.py:188} INFO - [2025-04-28T15:02:22.979+0000] {dagbag.py:538} INFO - Filling up the DagBag from /home/airflow/.local/lib/python3.8/site-packages/airflow/example_dags/example_sla_dag.py
[2025-04-28T15:02:23.013+0000] {processor.py:840} INFO - DAG(s) 'example_sla_dag' retrieved from /home/airflow/.local/lib/python3.8/site-packages/airflow/example_dags/example_sla_dag.py
[2025-04-28T15:02:23.101+0000] {logging_mixin.py:188} INFO - [2025-04-28T15:02:23.101+0000] {dag.py:3033} INFO - Sync 1 DAGs
[2025-04-28T15:02:23.189+0000] {logging_mixin.py:188} INFO - [2025-04-28T15:02:23.189+0000] {dag.py:3820} INFO - Setting next_dagrun for example_sla_dag to 2025-04-28T15:00:00+00:00, run_after=2025-04-28T15:02:00+00:00
[2025-04-28T15:02:23.237+0000] {processor.py:183} INFO - Processing /home/airflow/.local/lib/python3.8/site-packages/airflow/example_dags/example_sla_dag.py took 0.277 seconds
[2025-04-28T15:02:53.444+0000] {processor.py:161} INFO - Started process (PID=1545) to work on /home/airflow/.local/lib/python3.8/site-packages/airflow/example_dags/example_sla_dag.py
[2025-04-28T15:02:53.446+0000] {processor.py:830} INFO - Processing file /home/airflow/.local/lib/python3.8/site-packages/airflow/example_dags/example_sla_dag.py for tasks to queue
[2025-04-28T15:02:53.449+0000] {logging_mixin.py:188} INFO - [2025-04-28T15:02:53.448+0000] {dagbag.py:538} INFO - Filling up the DagBag from /home/airflow/.local/lib/python3.8/site-packages/airflow/example_dags/example_sla_dag.py
[2025-04-28T15:02:53.460+0000] {processor.py:840} INFO - DAG(s) 'example_sla_dag' retrieved from /home/airflow/.local/lib/python3.8/site-packages/airflow/example_dags/example_sla_dag.py
[2025-04-28T15:02:53.494+0000] {logging_mixin.py:188} INFO - [2025-04-28T15:02:53.494+0000] {dag.py:3033} INFO - Sync 1 DAGs
[2025-04-28T15:02:53.536+0000] {logging_mixin.py:188} INFO - [2025-04-28T15:02:53.536+0000] {dag.py:3820} INFO - Setting next_dagrun for example_sla_dag to 2025-04-28T15:00:00+00:00, run_after=2025-04-28T15:02:00+00:00
[2025-04-28T15:02:53.571+0000] {processor.py:183} INFO - Processing /home/airflow/.local/lib/python3.8/site-packages/airflow/example_dags/example_sla_dag.py took 0.132 seconds
[2025-04-28T15:03:25.135+0000] {processor.py:161} INFO - Started process (PID=1603) to work on /home/airflow/.local/lib/python3.8/site-packages/airflow/example_dags/example_sla_dag.py
[2025-04-28T15:03:25.161+0000] {processor.py:830} INFO - Processing file /home/airflow/.local/lib/python3.8/site-packages/airflow/example_dags/example_sla_dag.py for tasks to queue
[2025-04-28T15:03:25.184+0000] {logging_mixin.py:188} INFO - [2025-04-28T15:03:25.184+0000] {dagbag.py:538} INFO - Filling up the DagBag from /home/airflow/.local/lib/python3.8/site-packages/airflow/example_dags/example_sla_dag.py
[2025-04-28T15:03:25.234+0000] {processor.py:840} INFO - DAG(s) 'example_sla_dag' retrieved from /home/airflow/.local/lib/python3.8/site-packages/airflow/example_dags/example_sla_dag.py
[2025-04-28T15:03:25.328+0000] {logging_mixin.py:188} INFO - [2025-04-28T15:03:25.328+0000] {dag.py:3033} INFO - Sync 1 DAGs
[2025-04-28T15:03:25.435+0000] {logging_mixin.py:188} INFO - [2025-04-28T15:03:25.434+0000] {dag.py:3820} INFO - Setting next_dagrun for example_sla_dag to 2025-04-28T15:00:00+00:00, run_after=2025-04-28T15:02:00+00:00
[2025-04-28T15:03:25.489+0000] {processor.py:183} INFO - Processing /home/airflow/.local/lib/python3.8/site-packages/airflow/example_dags/example_sla_dag.py took 0.360 seconds
[2025-04-28T15:03:59.118+0000] {processor.py:161} INFO - Started process (PID=1661) to work on /home/airflow/.local/lib/python3.8/site-packages/airflow/example_dags/example_sla_dag.py
[2025-04-28T15:03:59.120+0000] {processor.py:830} INFO - Processing file /home/airflow/.local/lib/python3.8/site-packages/airflow/example_dags/example_sla_dag.py for tasks to queue
[2025-04-28T15:03:59.125+0000] {logging_mixin.py:188} INFO - [2025-04-28T15:03:59.124+0000] {dagbag.py:538} INFO - Filling up the DagBag from /home/airflow/.local/lib/python3.8/site-packages/airflow/example_dags/example_sla_dag.py
[2025-04-28T15:03:59.146+0000] {processor.py:840} INFO - DAG(s) 'example_sla_dag' retrieved from /home/airflow/.local/lib/python3.8/site-packages/airflow/example_dags/example_sla_dag.py
[2025-04-28T15:03:59.184+0000] {logging_mixin.py:188} INFO - [2025-04-28T15:03:59.184+0000] {dag.py:3033} INFO - Sync 1 DAGs
[2025-04-28T15:03:59.238+0000] {logging_mixin.py:188} INFO - [2025-04-28T15:03:59.238+0000] {dag.py:3820} INFO - Setting next_dagrun for example_sla_dag to 2025-04-28T15:00:00+00:00, run_after=2025-04-28T15:02:00+00:00
[2025-04-28T15:03:59.280+0000] {processor.py:183} INFO - Processing /home/airflow/.local/lib/python3.8/site-packages/airflow/example_dags/example_sla_dag.py took 0.169 seconds
[2025-04-28T15:04:30.036+0000] {processor.py:161} INFO - Started process (PID=1717) to work on /home/airflow/.local/lib/python3.8/site-packages/airflow/example_dags/example_sla_dag.py
[2025-04-28T15:04:30.038+0000] {processor.py:830} INFO - Processing file /home/airflow/.local/lib/python3.8/site-packages/airflow/example_dags/example_sla_dag.py for tasks to queue
[2025-04-28T15:04:30.041+0000] {logging_mixin.py:188} INFO - [2025-04-28T15:04:30.040+0000] {dagbag.py:538} INFO - Filling up the DagBag from /home/airflow/.local/lib/python3.8/site-packages/airflow/example_dags/example_sla_dag.py
[2025-04-28T15:04:30.060+0000] {processor.py:840} INFO - DAG(s) 'example_sla_dag' retrieved from /home/airflow/.local/lib/python3.8/site-packages/airflow/example_dags/example_sla_dag.py
[2025-04-28T15:04:30.093+0000] {logging_mixin.py:188} INFO - [2025-04-28T15:04:30.093+0000] {dag.py:3033} INFO - Sync 1 DAGs
[2025-04-28T15:04:30.132+0000] {logging_mixin.py:188} INFO - [2025-04-28T15:04:30.131+0000] {dag.py:3820} INFO - Setting next_dagrun for example_sla_dag to 2025-04-28T15:02:00+00:00, run_after=2025-04-28T15:04:00+00:00
[2025-04-28T15:04:30.159+0000] {processor.py:183} INFO - Processing /home/airflow/.local/lib/python3.8/site-packages/airflow/example_dags/example_sla_dag.py took 0.129 seconds
[2025-04-28T15:05:02.907+0000] {processor.py:161} INFO - Started process (PID=1773) to work on /home/airflow/.local/lib/python3.8/site-packages/airflow/example_dags/example_sla_dag.py
[2025-04-28T15:05:02.909+0000] {processor.py:830} INFO - Processing file /home/airflow/.local/lib/python3.8/site-packages/airflow/example_dags/example_sla_dag.py for tasks to queue
[2025-04-28T15:05:02.910+0000] {logging_mixin.py:188} INFO - [2025-04-28T15:05:02.910+0000] {dagbag.py:538} INFO - Filling up the DagBag from /home/airflow/.local/lib/python3.8/site-packages/airflow/example_dags/example_sla_dag.py
[2025-04-28T15:05:02.924+0000] {processor.py:840} INFO - DAG(s) 'example_sla_dag' retrieved from /home/airflow/.local/lib/python3.8/site-packages/airflow/example_dags/example_sla_dag.py
[2025-04-28T15:05:02.962+0000] {logging_mixin.py:188} INFO - [2025-04-28T15:05:02.962+0000] {dag.py:3033} INFO - Sync 1 DAGs
[2025-04-28T15:05:03.018+0000] {logging_mixin.py:188} INFO - [2025-04-28T15:05:03.017+0000] {dag.py:3820} INFO - Setting next_dagrun for example_sla_dag to 2025-04-28T15:02:00+00:00, run_after=2025-04-28T15:04:00+00:00
[2025-04-28T15:05:03.045+0000] {processor.py:183} INFO - Processing /home/airflow/.local/lib/python3.8/site-packages/airflow/example_dags/example_sla_dag.py took 0.143 seconds
[2025-04-28T15:05:37.440+0000] {processor.py:161} INFO - Started process (PID=1830) to work on /home/airflow/.local/lib/python3.8/site-packages/airflow/example_dags/example_sla_dag.py
[2025-04-28T15:05:37.451+0000] {processor.py:830} INFO - Processing file /home/airflow/.local/lib/python3.8/site-packages/airflow/example_dags/example_sla_dag.py for tasks to queue
[2025-04-28T15:05:37.454+0000] {logging_mixin.py:188} INFO - [2025-04-28T15:05:37.454+0000] {dagbag.py:538} INFO - Filling up the DagBag from /home/airflow/.local/lib/python3.8/site-packages/airflow/example_dags/example_sla_dag.py
[2025-04-28T15:05:37.472+0000] {processor.py:840} INFO - DAG(s) 'example_sla_dag' retrieved from /home/airflow/.local/lib/python3.8/site-packages/airflow/example_dags/example_sla_dag.py
[2025-04-28T15:05:37.519+0000] {logging_mixin.py:188} INFO - [2025-04-28T15:05:37.518+0000] {dag.py:3033} INFO - Sync 1 DAGs
[2025-04-28T15:05:37.567+0000] {logging_mixin.py:188} INFO - [2025-04-28T15:05:37.567+0000] {dag.py:3820} INFO - Setting next_dagrun for example_sla_dag to 2025-04-28T15:02:00+00:00, run_after=2025-04-28T15:04:00+00:00
[2025-04-28T15:05:37.613+0000] {processor.py:183} INFO - Processing /home/airflow/.local/lib/python3.8/site-packages/airflow/example_dags/example_sla_dag.py took 0.183 seconds
[2025-04-28T15:06:08.500+0000] {processor.py:161} INFO - Started process (PID=1887) to work on /home/airflow/.local/lib/python3.8/site-packages/airflow/example_dags/example_sla_dag.py
[2025-04-28T15:06:08.501+0000] {processor.py:830} INFO - Processing file /home/airflow/.local/lib/python3.8/site-packages/airflow/example_dags/example_sla_dag.py for tasks to queue
[2025-04-28T15:06:08.503+0000] {logging_mixin.py:188} INFO - [2025-04-28T15:06:08.503+0000] {dagbag.py:538} INFO - Filling up the DagBag from /home/airflow/.local/lib/python3.8/site-packages/airflow/example_dags/example_sla_dag.py
[2025-04-28T15:06:08.517+0000] {processor.py:840} INFO - DAG(s) 'example_sla_dag' retrieved from /home/airflow/.local/lib/python3.8/site-packages/airflow/example_dags/example_sla_dag.py
[2025-04-28T15:06:08.552+0000] {logging_mixin.py:188} INFO - [2025-04-28T15:06:08.551+0000] {dag.py:3033} INFO - Sync 1 DAGs
[2025-04-28T15:06:08.617+0000] {logging_mixin.py:188} INFO - [2025-04-28T15:06:08.617+0000] {dag.py:3820} INFO - Setting next_dagrun for example_sla_dag to 2025-04-28T15:04:00+00:00, run_after=2025-04-28T15:06:00+00:00
[2025-04-28T15:06:08.652+0000] {processor.py:183} INFO - Processing /home/airflow/.local/lib/python3.8/site-packages/airflow/example_dags/example_sla_dag.py took 0.156 seconds
[2025-04-28T15:06:40.771+0000] {processor.py:161} INFO - Started process (PID=1943) to work on /home/airflow/.local/lib/python3.8/site-packages/airflow/example_dags/example_sla_dag.py
[2025-04-28T15:06:40.773+0000] {processor.py:830} INFO - Processing file /home/airflow/.local/lib/python3.8/site-packages/airflow/example_dags/example_sla_dag.py for tasks to queue
[2025-04-28T15:06:40.774+0000] {logging_mixin.py:188} INFO - [2025-04-28T15:06:40.774+0000] {dagbag.py:538} INFO - Filling up the DagBag from /home/airflow/.local/lib/python3.8/site-packages/airflow/example_dags/example_sla_dag.py
[2025-04-28T15:06:40.790+0000] {processor.py:840} INFO - DAG(s) 'example_sla_dag' retrieved from /home/airflow/.local/lib/python3.8/site-packages/airflow/example_dags/example_sla_dag.py
[2025-04-28T15:06:40.839+0000] {logging_mixin.py:188} INFO - [2025-04-28T15:06:40.839+0000] {dag.py:3033} INFO - Sync 1 DAGs
[2025-04-28T15:06:40.895+0000] {logging_mixin.py:188} INFO - [2025-04-28T15:06:40.895+0000] {dag.py:3820} INFO - Setting next_dagrun for example_sla_dag to 2025-04-28T15:04:00+00:00, run_after=2025-04-28T15:06:00+00:00
[2025-04-28T15:06:40.930+0000] {processor.py:183} INFO - Processing /home/airflow/.local/lib/python3.8/site-packages/airflow/example_dags/example_sla_dag.py took 0.164 seconds
[2025-04-28T15:07:13.960+0000] {processor.py:161} INFO - Started process (PID=1999) to work on /home/airflow/.local/lib/python3.8/site-packages/airflow/example_dags/example_sla_dag.py
[2025-04-28T15:07:13.961+0000] {processor.py:830} INFO - Processing file /home/airflow/.local/lib/python3.8/site-packages/airflow/example_dags/example_sla_dag.py for tasks to queue
[2025-04-28T15:07:13.962+0000] {logging_mixin.py:188} INFO - [2025-04-28T15:07:13.962+0000] {dagbag.py:538} INFO - Filling up the DagBag from /home/airflow/.local/lib/python3.8/site-packages/airflow/example_dags/example_sla_dag.py
[2025-04-28T15:07:13.977+0000] {processor.py:840} INFO - DAG(s) 'example_sla_dag' retrieved from /home/airflow/.local/lib/python3.8/site-packages/airflow/example_dags/example_sla_dag.py
[2025-04-28T15:07:14.011+0000] {logging_mixin.py:188} INFO - [2025-04-28T15:07:14.010+0000] {dag.py:3033} INFO - Sync 1 DAGs
[2025-04-28T15:07:14.052+0000] {logging_mixin.py:188} INFO - [2025-04-28T15:07:14.052+0000] {dag.py:3820} INFO - Setting next_dagrun for example_sla_dag to 2025-04-28T15:04:00+00:00, run_after=2025-04-28T15:06:00+00:00
[2025-04-28T15:07:14.226+0000] {processor.py:183} INFO - Processing /home/airflow/.local/lib/python3.8/site-packages/airflow/example_dags/example_sla_dag.py took 0.272 seconds
[2025-04-28T15:07:46.420+0000] {processor.py:161} INFO - Started process (PID=2055) to work on /home/airflow/.local/lib/python3.8/site-packages/airflow/example_dags/example_sla_dag.py
[2025-04-28T15:07:46.422+0000] {processor.py:830} INFO - Processing file /home/airflow/.local/lib/python3.8/site-packages/airflow/example_dags/example_sla_dag.py for tasks to queue
[2025-04-28T15:07:46.424+0000] {logging_mixin.py:188} INFO - [2025-04-28T15:07:46.423+0000] {dagbag.py:538} INFO - Filling up the DagBag from /home/airflow/.local/lib/python3.8/site-packages/airflow/example_dags/example_sla_dag.py
[2025-04-28T15:07:46.439+0000] {processor.py:840} INFO - DAG(s) 'example_sla_dag' retrieved from /home/airflow/.local/lib/python3.8/site-packages/airflow/example_dags/example_sla_dag.py
[2025-04-28T15:07:46.471+0000] {logging_mixin.py:188} INFO - [2025-04-28T15:07:46.470+0000] {dag.py:3033} INFO - Sync 1 DAGs
[2025-04-28T15:07:46.505+0000] {logging_mixin.py:188} INFO - [2025-04-28T15:07:46.504+0000] {dag.py:3820} INFO - Setting next_dagrun for example_sla_dag to 2025-04-28T15:04:00+00:00, run_after=2025-04-28T15:06:00+00:00
[2025-04-28T15:07:46.533+0000] {processor.py:183} INFO - Processing /home/airflow/.local/lib/python3.8/site-packages/airflow/example_dags/example_sla_dag.py took 0.124 seconds
[2025-04-28T15:08:20.365+0000] {processor.py:161} INFO - Started process (PID=2111) to work on /home/airflow/.local/lib/python3.8/site-packages/airflow/example_dags/example_sla_dag.py
[2025-04-28T15:08:20.367+0000] {processor.py:830} INFO - Processing file /home/airflow/.local/lib/python3.8/site-packages/airflow/example_dags/example_sla_dag.py for tasks to queue
[2025-04-28T15:08:20.368+0000] {logging_mixin.py:188} INFO - [2025-04-28T15:08:20.368+0000] {dagbag.py:538} INFO - Filling up the DagBag from /home/airflow/.local/lib/python3.8/site-packages/airflow/example_dags/example_sla_dag.py
[2025-04-28T15:08:20.383+0000] {processor.py:840} INFO - DAG(s) 'example_sla_dag' retrieved from /home/airflow/.local/lib/python3.8/site-packages/airflow/example_dags/example_sla_dag.py
[2025-04-28T15:08:20.415+0000] {logging_mixin.py:188} INFO - [2025-04-28T15:08:20.414+0000] {dag.py:3033} INFO - Sync 1 DAGs
[2025-04-28T15:08:20.477+0000] {logging_mixin.py:188} INFO - [2025-04-28T15:08:20.477+0000] {dag.py:3820} INFO - Setting next_dagrun for example_sla_dag to 2025-04-28T15:06:00+00:00, run_after=2025-04-28T15:08:00+00:00
[2025-04-28T15:08:20.524+0000] {processor.py:183} INFO - Processing /home/airflow/.local/lib/python3.8/site-packages/airflow/example_dags/example_sla_dag.py took 0.165 seconds
[2025-04-28T15:08:52.390+0000] {processor.py:161} INFO - Started process (PID=2167) to work on /home/airflow/.local/lib/python3.8/site-packages/airflow/example_dags/example_sla_dag.py
[2025-04-28T15:08:52.391+0000] {processor.py:830} INFO - Processing file /home/airflow/.local/lib/python3.8/site-packages/airflow/example_dags/example_sla_dag.py for tasks to queue
[2025-04-28T15:08:52.393+0000] {logging_mixin.py:188} INFO - [2025-04-28T15:08:52.393+0000] {dagbag.py:538} INFO - Filling up the DagBag from /home/airflow/.local/lib/python3.8/site-packages/airflow/example_dags/example_sla_dag.py
[2025-04-28T15:08:52.405+0000] {processor.py:840} INFO - DAG(s) 'example_sla_dag' retrieved from /home/airflow/.local/lib/python3.8/site-packages/airflow/example_dags/example_sla_dag.py
[2025-04-28T15:08:52.437+0000] {logging_mixin.py:188} INFO - [2025-04-28T15:08:52.437+0000] {dag.py:3033} INFO - Sync 1 DAGs
[2025-04-28T15:08:52.515+0000] {logging_mixin.py:188} INFO - [2025-04-28T15:08:52.515+0000] {dag.py:3820} INFO - Setting next_dagrun for example_sla_dag to 2025-04-28T15:06:00+00:00, run_after=2025-04-28T15:08:00+00:00
[2025-04-28T15:08:52.722+0000] {processor.py:183} INFO - Processing /home/airflow/.local/lib/python3.8/site-packages/airflow/example_dags/example_sla_dag.py took 0.338 seconds
[2025-04-28T15:09:25.155+0000] {processor.py:161} INFO - Started process (PID=2222) to work on /home/airflow/.local/lib/python3.8/site-packages/airflow/example_dags/example_sla_dag.py
[2025-04-28T15:09:25.156+0000] {processor.py:830} INFO - Processing file /home/airflow/.local/lib/python3.8/site-packages/airflow/example_dags/example_sla_dag.py for tasks to queue
[2025-04-28T15:09:25.158+0000] {logging_mixin.py:188} INFO - [2025-04-28T15:09:25.157+0000] {dagbag.py:538} INFO - Filling up the DagBag from /home/airflow/.local/lib/python3.8/site-packages/airflow/example_dags/example_sla_dag.py
[2025-04-28T15:09:25.172+0000] {processor.py:840} INFO - DAG(s) 'example_sla_dag' retrieved from /home/airflow/.local/lib/python3.8/site-packages/airflow/example_dags/example_sla_dag.py
[2025-04-28T15:09:25.211+0000] {logging_mixin.py:188} INFO - [2025-04-28T15:09:25.211+0000] {dag.py:3033} INFO - Sync 1 DAGs
[2025-04-28T15:09:25.256+0000] {logging_mixin.py:188} INFO - [2025-04-28T15:09:25.256+0000] {dag.py:3820} INFO - Setting next_dagrun for example_sla_dag to 2025-04-28T15:06:00+00:00, run_after=2025-04-28T15:08:00+00:00
[2025-04-28T15:09:25.286+0000] {processor.py:183} INFO - Processing /home/airflow/.local/lib/python3.8/site-packages/airflow/example_dags/example_sla_dag.py took 0.136 seconds
[2025-04-28T15:09:57.836+0000] {processor.py:161} INFO - Started process (PID=2278) to work on /home/airflow/.local/lib/python3.8/site-packages/airflow/example_dags/example_sla_dag.py
[2025-04-28T15:09:57.837+0000] {processor.py:830} INFO - Processing file /home/airflow/.local/lib/python3.8/site-packages/airflow/example_dags/example_sla_dag.py for tasks to queue
[2025-04-28T15:09:57.838+0000] {logging_mixin.py:188} INFO - [2025-04-28T15:09:57.838+0000] {dagbag.py:538} INFO - Filling up the DagBag from /home/airflow/.local/lib/python3.8/site-packages/airflow/example_dags/example_sla_dag.py
[2025-04-28T15:09:57.849+0000] {processor.py:840} INFO - DAG(s) 'example_sla_dag' retrieved from /home/airflow/.local/lib/python3.8/site-packages/airflow/example_dags/example_sla_dag.py
[2025-04-28T15:09:57.877+0000] {logging_mixin.py:188} INFO - [2025-04-28T15:09:57.877+0000] {dag.py:3033} INFO - Sync 1 DAGs
[2025-04-28T15:09:57.915+0000] {logging_mixin.py:188} INFO - [2025-04-28T15:09:57.915+0000] {dag.py:3820} INFO - Setting next_dagrun for example_sla_dag to 2025-04-28T15:06:00+00:00, run_after=2025-04-28T15:08:00+00:00
[2025-04-28T15:09:57.942+0000] {processor.py:183} INFO - Processing /home/airflow/.local/lib/python3.8/site-packages/airflow/example_dags/example_sla_dag.py took 0.110 seconds
[2025-04-28T15:10:31.769+0000] {processor.py:161} INFO - Started process (PID=2334) to work on /home/airflow/.local/lib/python3.8/site-packages/airflow/example_dags/example_sla_dag.py
[2025-04-28T15:10:31.771+0000] {processor.py:830} INFO - Processing file /home/airflow/.local/lib/python3.8/site-packages/airflow/example_dags/example_sla_dag.py for tasks to queue
[2025-04-28T15:10:31.772+0000] {logging_mixin.py:188} INFO - [2025-04-28T15:10:31.772+0000] {dagbag.py:538} INFO - Filling up the DagBag from /home/airflow/.local/lib/python3.8/site-packages/airflow/example_dags/example_sla_dag.py
[2025-04-28T15:10:31.784+0000] {processor.py:840} INFO - DAG(s) 'example_sla_dag' retrieved from /home/airflow/.local/lib/python3.8/site-packages/airflow/example_dags/example_sla_dag.py
[2025-04-28T15:10:31.813+0000] {logging_mixin.py:188} INFO - [2025-04-28T15:10:31.813+0000] {dag.py:3033} INFO - Sync 1 DAGs
[2025-04-28T15:10:32.109+0000] {logging_mixin.py:188} INFO - [2025-04-28T15:10:32.109+0000] {dag.py:3820} INFO - Setting next_dagrun for example_sla_dag to 2025-04-28T15:08:00+00:00, run_after=2025-04-28T15:10:00+00:00
[2025-04-28T15:10:32.154+0000] {processor.py:183} INFO - Processing /home/airflow/.local/lib/python3.8/site-packages/airflow/example_dags/example_sla_dag.py took 0.390 seconds
[2025-04-28T15:11:02.766+0000] {processor.py:161} INFO - Started process (PID=2390) to work on /home/airflow/.local/lib/python3.8/site-packages/airflow/example_dags/example_sla_dag.py
[2025-04-28T15:11:02.768+0000] {processor.py:830} INFO - Processing file /home/airflow/.local/lib/python3.8/site-packages/airflow/example_dags/example_sla_dag.py for tasks to queue
[2025-04-28T15:11:02.770+0000] {logging_mixin.py:188} INFO - [2025-04-28T15:11:02.769+0000] {dagbag.py:538} INFO - Filling up the DagBag from /home/airflow/.local/lib/python3.8/site-packages/airflow/example_dags/example_sla_dag.py
[2025-04-28T15:11:02.784+0000] {processor.py:840} INFO - DAG(s) 'example_sla_dag' retrieved from /home/airflow/.local/lib/python3.8/site-packages/airflow/example_dags/example_sla_dag.py
[2025-04-28T15:11:02.829+0000] {logging_mixin.py:188} INFO - [2025-04-28T15:11:02.829+0000] {dag.py:3033} INFO - Sync 1 DAGs
[2025-04-28T15:11:02.867+0000] {logging_mixin.py:188} INFO - [2025-04-28T15:11:02.867+0000] {dag.py:3820} INFO - Setting next_dagrun for example_sla_dag to 2025-04-28T15:08:00+00:00, run_after=2025-04-28T15:10:00+00:00
[2025-04-28T15:11:02.904+0000] {processor.py:183} INFO - Processing /home/airflow/.local/lib/python3.8/site-packages/airflow/example_dags/example_sla_dag.py took 0.143 seconds
[2025-04-28T15:11:37.299+0000] {processor.py:161} INFO - Started process (PID=2446) to work on /home/airflow/.local/lib/python3.8/site-packages/airflow/example_dags/example_sla_dag.py
[2025-04-28T15:11:37.300+0000] {processor.py:830} INFO - Processing file /home/airflow/.local/lib/python3.8/site-packages/airflow/example_dags/example_sla_dag.py for tasks to queue
[2025-04-28T15:11:37.302+0000] {logging_mixin.py:188} INFO - [2025-04-28T15:11:37.302+0000] {dagbag.py:538} INFO - Filling up the DagBag from /home/airflow/.local/lib/python3.8/site-packages/airflow/example_dags/example_sla_dag.py
[2025-04-28T15:11:37.565+0000] {processor.py:840} INFO - DAG(s) 'example_sla_dag' retrieved from /home/airflow/.local/lib/python3.8/site-packages/airflow/example_dags/example_sla_dag.py
[2025-04-28T15:11:37.593+0000] {logging_mixin.py:188} INFO - [2025-04-28T15:11:37.593+0000] {dag.py:3033} INFO - Sync 1 DAGs
[2025-04-28T15:11:37.639+0000] {logging_mixin.py:188} INFO - [2025-04-28T15:11:37.638+0000] {dag.py:3820} INFO - Setting next_dagrun for example_sla_dag to 2025-04-28T15:08:00+00:00, run_after=2025-04-28T15:10:00+00:00
[2025-04-28T15:11:37.682+0000] {processor.py:183} INFO - Processing /home/airflow/.local/lib/python3.8/site-packages/airflow/example_dags/example_sla_dag.py took 0.389 seconds
[2025-04-28T15:12:09.182+0000] {processor.py:161} INFO - Started process (PID=2502) to work on /home/airflow/.local/lib/python3.8/site-packages/airflow/example_dags/example_sla_dag.py
[2025-04-28T15:12:09.184+0000] {processor.py:830} INFO - Processing file /home/airflow/.local/lib/python3.8/site-packages/airflow/example_dags/example_sla_dag.py for tasks to queue
[2025-04-28T15:12:09.186+0000] {logging_mixin.py:188} INFO - [2025-04-28T15:12:09.185+0000] {dagbag.py:538} INFO - Filling up the DagBag from /home/airflow/.local/lib/python3.8/site-packages/airflow/example_dags/example_sla_dag.py
[2025-04-28T15:12:09.207+0000] {processor.py:840} INFO - DAG(s) 'example_sla_dag' retrieved from /home/airflow/.local/lib/python3.8/site-packages/airflow/example_dags/example_sla_dag.py
[2025-04-28T15:12:09.244+0000] {logging_mixin.py:188} INFO - [2025-04-28T15:12:09.243+0000] {dag.py:3033} INFO - Sync 1 DAGs
[2025-04-28T15:12:09.295+0000] {logging_mixin.py:188} INFO - [2025-04-28T15:12:09.295+0000] {dag.py:3820} INFO - Setting next_dagrun for example_sla_dag to 2025-04-28T15:10:00+00:00, run_after=2025-04-28T15:12:00+00:00
[2025-04-28T15:12:09.338+0000] {processor.py:183} INFO - Processing /home/airflow/.local/lib/python3.8/site-packages/airflow/example_dags/example_sla_dag.py took 0.164 seconds
[2025-04-28T15:12:42.112+0000] {processor.py:161} INFO - Started process (PID=2558) to work on /home/airflow/.local/lib/python3.8/site-packages/airflow/example_dags/example_sla_dag.py
[2025-04-28T15:12:42.113+0000] {processor.py:830} INFO - Processing file /home/airflow/.local/lib/python3.8/site-packages/airflow/example_dags/example_sla_dag.py for tasks to queue
[2025-04-28T15:12:42.115+0000] {logging_mixin.py:188} INFO - [2025-04-28T15:12:42.114+0000] {dagbag.py:538} INFO - Filling up the DagBag from /home/airflow/.local/lib/python3.8/site-packages/airflow/example_dags/example_sla_dag.py
[2025-04-28T15:12:42.135+0000] {processor.py:840} INFO - DAG(s) 'example_sla_dag' retrieved from /home/airflow/.local/lib/python3.8/site-packages/airflow/example_dags/example_sla_dag.py
[2025-04-28T15:12:42.195+0000] {logging_mixin.py:188} INFO - [2025-04-28T15:12:42.195+0000] {dag.py:3033} INFO - Sync 1 DAGs
[2025-04-28T15:12:42.298+0000] {logging_mixin.py:188} INFO - [2025-04-28T15:12:42.298+0000] {dag.py:3820} INFO - Setting next_dagrun for example_sla_dag to 2025-04-28T15:10:00+00:00, run_after=2025-04-28T15:12:00+00:00
[2025-04-28T15:12:42.359+0000] {processor.py:183} INFO - Processing /home/airflow/.local/lib/python3.8/site-packages/airflow/example_dags/example_sla_dag.py took 0.256 seconds
[2025-04-28T15:13:12.413+0000] {processor.py:161} INFO - Started process (PID=2614) to work on /home/airflow/.local/lib/python3.8/site-packages/airflow/example_dags/example_sla_dag.py
[2025-04-28T15:13:12.414+0000] {processor.py:830} INFO - Processing file /home/airflow/.local/lib/python3.8/site-packages/airflow/example_dags/example_sla_dag.py for tasks to queue
[2025-04-28T15:13:12.415+0000] {logging_mixin.py:188} INFO - [2025-04-28T15:13:12.415+0000] {dagbag.py:538} INFO - Filling up the DagBag from /home/airflow/.local/lib/python3.8/site-packages/airflow/example_dags/example_sla_dag.py
[2025-04-28T15:13:12.428+0000] {processor.py:840} INFO - DAG(s) 'example_sla_dag' retrieved from /home/airflow/.local/lib/python3.8/site-packages/airflow/example_dags/example_sla_dag.py
[2025-04-28T15:13:12.455+0000] {logging_mixin.py:188} INFO - [2025-04-28T15:13:12.454+0000] {dag.py:3033} INFO - Sync 1 DAGs
[2025-04-28T15:13:12.490+0000] {logging_mixin.py:188} INFO - [2025-04-28T15:13:12.490+0000] {dag.py:3820} INFO - Setting next_dagrun for example_sla_dag to 2025-04-28T15:10:00+00:00, run_after=2025-04-28T15:12:00+00:00
[2025-04-28T15:13:12.534+0000] {processor.py:183} INFO - Processing /home/airflow/.local/lib/python3.8/site-packages/airflow/example_dags/example_sla_dag.py took 0.126 seconds
[2025-04-28T15:13:42.911+0000] {processor.py:161} INFO - Started process (PID=2669) to work on /home/airflow/.local/lib/python3.8/site-packages/airflow/example_dags/example_sla_dag.py
[2025-04-28T15:13:42.912+0000] {processor.py:830} INFO - Processing file /home/airflow/.local/lib/python3.8/site-packages/airflow/example_dags/example_sla_dag.py for tasks to queue
[2025-04-28T15:13:42.913+0000] {logging_mixin.py:188} INFO - [2025-04-28T15:13:42.913+0000] {dagbag.py:538} INFO - Filling up the DagBag from /home/airflow/.local/lib/python3.8/site-packages/airflow/example_dags/example_sla_dag.py
[2025-04-28T15:13:42.929+0000] {processor.py:840} INFO - DAG(s) 'example_sla_dag' retrieved from /home/airflow/.local/lib/python3.8/site-packages/airflow/example_dags/example_sla_dag.py
[2025-04-28T15:13:42.963+0000] {logging_mixin.py:188} INFO - [2025-04-28T15:13:42.962+0000] {dag.py:3033} INFO - Sync 1 DAGs
[2025-04-28T15:13:43.001+0000] {logging_mixin.py:188} INFO - [2025-04-28T15:13:43.001+0000] {dag.py:3820} INFO - Setting next_dagrun for example_sla_dag to 2025-04-28T15:10:00+00:00, run_after=2025-04-28T15:12:00+00:00
[2025-04-28T15:13:43.030+0000] {processor.py:183} INFO - Processing /home/airflow/.local/lib/python3.8/site-packages/airflow/example_dags/example_sla_dag.py took 0.124 seconds
[2025-04-28T15:14:13.563+0000] {processor.py:161} INFO - Started process (PID=2724) to work on /home/airflow/.local/lib/python3.8/site-packages/airflow/example_dags/example_sla_dag.py
[2025-04-28T15:14:13.564+0000] {processor.py:830} INFO - Processing file /home/airflow/.local/lib/python3.8/site-packages/airflow/example_dags/example_sla_dag.py for tasks to queue
[2025-04-28T15:14:13.566+0000] {logging_mixin.py:188} INFO - [2025-04-28T15:14:13.565+0000] {dagbag.py:538} INFO - Filling up the DagBag from /home/airflow/.local/lib/python3.8/site-packages/airflow/example_dags/example_sla_dag.py
[2025-04-28T15:14:13.577+0000] {processor.py:840} INFO - DAG(s) 'example_sla_dag' retrieved from /home/airflow/.local/lib/python3.8/site-packages/airflow/example_dags/example_sla_dag.py
[2025-04-28T15:14:13.604+0000] {logging_mixin.py:188} INFO - [2025-04-28T15:14:13.604+0000] {dag.py:3033} INFO - Sync 1 DAGs
[2025-04-28T15:14:13.646+0000] {logging_mixin.py:188} INFO - [2025-04-28T15:14:13.645+0000] {dag.py:3820} INFO - Setting next_dagrun for example_sla_dag to 2025-04-28T15:12:00+00:00, run_after=2025-04-28T15:14:00+00:00
[2025-04-28T15:14:13.675+0000] {processor.py:183} INFO - Processing /home/airflow/.local/lib/python3.8/site-packages/airflow/example_dags/example_sla_dag.py took 0.118 seconds
[2025-04-28T15:14:44.478+0000] {processor.py:161} INFO - Started process (PID=2780) to work on /home/airflow/.local/lib/python3.8/site-packages/airflow/example_dags/example_sla_dag.py
[2025-04-28T15:14:44.480+0000] {processor.py:830} INFO - Processing file /home/airflow/.local/lib/python3.8/site-packages/airflow/example_dags/example_sla_dag.py for tasks to queue
[2025-04-28T15:14:44.483+0000] {logging_mixin.py:188} INFO - [2025-04-28T15:14:44.483+0000] {dagbag.py:538} INFO - Filling up the DagBag from /home/airflow/.local/lib/python3.8/site-packages/airflow/example_dags/example_sla_dag.py
[2025-04-28T15:14:44.501+0000] {processor.py:840} INFO - DAG(s) 'example_sla_dag' retrieved from /home/airflow/.local/lib/python3.8/site-packages/airflow/example_dags/example_sla_dag.py
[2025-04-28T15:14:44.534+0000] {logging_mixin.py:188} INFO - [2025-04-28T15:14:44.534+0000] {dag.py:3033} INFO - Sync 1 DAGs
[2025-04-28T15:14:44.602+0000] {logging_mixin.py:188} INFO - [2025-04-28T15:14:44.601+0000] {dag.py:3820} INFO - Setting next_dagrun for example_sla_dag to 2025-04-28T15:12:00+00:00, run_after=2025-04-28T15:14:00+00:00
[2025-04-28T15:14:44.640+0000] {processor.py:183} INFO - Processing /home/airflow/.local/lib/python3.8/site-packages/airflow/example_dags/example_sla_dag.py took 0.182 seconds
[2025-04-28T15:15:14.833+0000] {processor.py:161} INFO - Started process (PID=2837) to work on /home/airflow/.local/lib/python3.8/site-packages/airflow/example_dags/example_sla_dag.py
[2025-04-28T15:15:14.835+0000] {processor.py:830} INFO - Processing file /home/airflow/.local/lib/python3.8/site-packages/airflow/example_dags/example_sla_dag.py for tasks to queue
[2025-04-28T15:15:14.837+0000] {logging_mixin.py:188} INFO - [2025-04-28T15:15:14.836+0000] {dagbag.py:538} INFO - Filling up the DagBag from /home/airflow/.local/lib/python3.8/site-packages/airflow/example_dags/example_sla_dag.py
[2025-04-28T15:15:14.852+0000] {processor.py:840} INFO - DAG(s) 'example_sla_dag' retrieved from /home/airflow/.local/lib/python3.8/site-packages/airflow/example_dags/example_sla_dag.py
[2025-04-28T15:15:14.882+0000] {logging_mixin.py:188} INFO - [2025-04-28T15:15:14.881+0000] {dag.py:3033} INFO - Sync 1 DAGs
[2025-04-28T15:15:14.923+0000] {logging_mixin.py:188} INFO - [2025-04-28T15:15:14.923+0000] {dag.py:3820} INFO - Setting next_dagrun for example_sla_dag to 2025-04-28T15:12:00+00:00, run_after=2025-04-28T15:14:00+00:00
[2025-04-28T15:15:14.954+0000] {processor.py:183} INFO - Processing /home/airflow/.local/lib/python3.8/site-packages/airflow/example_dags/example_sla_dag.py took 0.127 seconds
[2025-04-28T15:15:46.162+0000] {processor.py:161} INFO - Started process (PID=2893) to work on /home/airflow/.local/lib/python3.8/site-packages/airflow/example_dags/example_sla_dag.py
[2025-04-28T15:15:46.169+0000] {processor.py:830} INFO - Processing file /home/airflow/.local/lib/python3.8/site-packages/airflow/example_dags/example_sla_dag.py for tasks to queue
[2025-04-28T15:15:46.173+0000] {logging_mixin.py:188} INFO - [2025-04-28T15:15:46.172+0000] {dagbag.py:538} INFO - Filling up the DagBag from /home/airflow/.local/lib/python3.8/site-packages/airflow/example_dags/example_sla_dag.py
[2025-04-28T15:15:46.199+0000] {processor.py:840} INFO - DAG(s) 'example_sla_dag' retrieved from /home/airflow/.local/lib/python3.8/site-packages/airflow/example_dags/example_sla_dag.py
[2025-04-28T15:15:46.240+0000] {logging_mixin.py:188} INFO - [2025-04-28T15:15:46.239+0000] {dag.py:3033} INFO - Sync 1 DAGs
[2025-04-28T15:15:46.291+0000] {logging_mixin.py:188} INFO - [2025-04-28T15:15:46.290+0000] {dag.py:3820} INFO - Setting next_dagrun for example_sla_dag to 2025-04-28T15:12:00+00:00, run_after=2025-04-28T15:14:00+00:00
[2025-04-28T15:15:46.323+0000] {processor.py:183} INFO - Processing /home/airflow/.local/lib/python3.8/site-packages/airflow/example_dags/example_sla_dag.py took 0.178 seconds
[2025-04-28T15:16:16.478+0000] {processor.py:161} INFO - Started process (PID=2949) to work on /home/airflow/.local/lib/python3.8/site-packages/airflow/example_dags/example_sla_dag.py
[2025-04-28T15:16:16.479+0000] {processor.py:830} INFO - Processing file /home/airflow/.local/lib/python3.8/site-packages/airflow/example_dags/example_sla_dag.py for tasks to queue
[2025-04-28T15:16:16.481+0000] {logging_mixin.py:188} INFO - [2025-04-28T15:16:16.480+0000] {dagbag.py:538} INFO - Filling up the DagBag from /home/airflow/.local/lib/python3.8/site-packages/airflow/example_dags/example_sla_dag.py
[2025-04-28T15:16:16.496+0000] {processor.py:840} INFO - DAG(s) 'example_sla_dag' retrieved from /home/airflow/.local/lib/python3.8/site-packages/airflow/example_dags/example_sla_dag.py
[2025-04-28T15:16:16.529+0000] {logging_mixin.py:188} INFO - [2025-04-28T15:16:16.528+0000] {dag.py:3033} INFO - Sync 1 DAGs
[2025-04-28T15:16:16.573+0000] {logging_mixin.py:188} INFO - [2025-04-28T15:16:16.573+0000] {dag.py:3820} INFO - Setting next_dagrun for example_sla_dag to 2025-04-28T15:14:00+00:00, run_after=2025-04-28T15:16:00+00:00
[2025-04-28T15:16:16.606+0000] {processor.py:183} INFO - Processing /home/airflow/.local/lib/python3.8/site-packages/airflow/example_dags/example_sla_dag.py took 0.133 seconds
[2025-04-28T15:16:46.848+0000] {processor.py:161} INFO - Started process (PID=3004) to work on /home/airflow/.local/lib/python3.8/site-packages/airflow/example_dags/example_sla_dag.py
[2025-04-28T15:16:46.850+0000] {processor.py:830} INFO - Processing file /home/airflow/.local/lib/python3.8/site-packages/airflow/example_dags/example_sla_dag.py for tasks to queue
[2025-04-28T15:16:46.852+0000] {logging_mixin.py:188} INFO - [2025-04-28T15:16:46.852+0000] {dagbag.py:538} INFO - Filling up the DagBag from /home/airflow/.local/lib/python3.8/site-packages/airflow/example_dags/example_sla_dag.py
[2025-04-28T15:16:46.865+0000] {processor.py:840} INFO - DAG(s) 'example_sla_dag' retrieved from /home/airflow/.local/lib/python3.8/site-packages/airflow/example_dags/example_sla_dag.py
[2025-04-28T15:16:46.899+0000] {logging_mixin.py:188} INFO - [2025-04-28T15:16:46.899+0000] {dag.py:3033} INFO - Sync 1 DAGs
[2025-04-28T15:16:46.935+0000] {logging_mixin.py:188} INFO - [2025-04-28T15:16:46.935+0000] {dag.py:3820} INFO - Setting next_dagrun for example_sla_dag to 2025-04-28T15:14:00+00:00, run_after=2025-04-28T15:16:00+00:00
[2025-04-28T15:16:46.971+0000] {processor.py:183} INFO - Processing /home/airflow/.local/lib/python3.8/site-packages/airflow/example_dags/example_sla_dag.py took 0.127 seconds
[2025-04-28T15:17:17.191+0000] {processor.py:161} INFO - Started process (PID=3060) to work on /home/airflow/.local/lib/python3.8/site-packages/airflow/example_dags/example_sla_dag.py
[2025-04-28T15:17:17.197+0000] {processor.py:830} INFO - Processing file /home/airflow/.local/lib/python3.8/site-packages/airflow/example_dags/example_sla_dag.py for tasks to queue
[2025-04-28T15:17:17.198+0000] {logging_mixin.py:188} INFO - [2025-04-28T15:17:17.197+0000] {dagbag.py:538} INFO - Filling up the DagBag from /home/airflow/.local/lib/python3.8/site-packages/airflow/example_dags/example_sla_dag.py
[2025-04-28T15:17:17.220+0000] {processor.py:840} INFO - DAG(s) 'example_sla_dag' retrieved from /home/airflow/.local/lib/python3.8/site-packages/airflow/example_dags/example_sla_dag.py
[2025-04-28T15:17:17.281+0000] {logging_mixin.py:188} INFO - [2025-04-28T15:17:17.281+0000] {dag.py:3033} INFO - Sync 1 DAGs
[2025-04-28T15:17:17.438+0000] {logging_mixin.py:188} INFO - [2025-04-28T15:17:17.438+0000] {dag.py:3820} INFO - Setting next_dagrun for example_sla_dag to 2025-04-28T15:14:00+00:00, run_after=2025-04-28T15:16:00+00:00
[2025-04-28T15:17:17.570+0000] {processor.py:183} INFO - Processing /home/airflow/.local/lib/python3.8/site-packages/airflow/example_dags/example_sla_dag.py took 0.393 seconds
[2025-04-28T15:17:48.088+0000] {processor.py:161} INFO - Started process (PID=3115) to work on /home/airflow/.local/lib/python3.8/site-packages/airflow/example_dags/example_sla_dag.py
[2025-04-28T15:17:48.090+0000] {processor.py:830} INFO - Processing file /home/airflow/.local/lib/python3.8/site-packages/airflow/example_dags/example_sla_dag.py for tasks to queue
[2025-04-28T15:17:48.098+0000] {logging_mixin.py:188} INFO - [2025-04-28T15:17:48.096+0000] {dagbag.py:538} INFO - Filling up the DagBag from /home/airflow/.local/lib/python3.8/site-packages/airflow/example_dags/example_sla_dag.py
[2025-04-28T15:17:48.116+0000] {processor.py:840} INFO - DAG(s) 'example_sla_dag' retrieved from /home/airflow/.local/lib/python3.8/site-packages/airflow/example_dags/example_sla_dag.py
[2025-04-28T15:17:48.175+0000] {logging_mixin.py:188} INFO - [2025-04-28T15:17:48.175+0000] {dag.py:3033} INFO - Sync 1 DAGs
[2025-04-28T15:17:48.243+0000] {logging_mixin.py:188} INFO - [2025-04-28T15:17:48.242+0000] {dag.py:3820} INFO - Setting next_dagrun for example_sla_dag to 2025-04-28T15:14:00+00:00, run_after=2025-04-28T15:16:00+00:00
[2025-04-28T15:17:48.324+0000] {processor.py:183} INFO - Processing /home/airflow/.local/lib/python3.8/site-packages/airflow/example_dags/example_sla_dag.py took 0.240 seconds
[2025-04-28T15:18:19.055+0000] {processor.py:161} INFO - Started process (PID=3171) to work on /home/airflow/.local/lib/python3.8/site-packages/airflow/example_dags/example_sla_dag.py
[2025-04-28T15:18:19.059+0000] {processor.py:830} INFO - Processing file /home/airflow/.local/lib/python3.8/site-packages/airflow/example_dags/example_sla_dag.py for tasks to queue
[2025-04-28T15:18:19.062+0000] {logging_mixin.py:188} INFO - [2025-04-28T15:18:19.062+0000] {dagbag.py:538} INFO - Filling up the DagBag from /home/airflow/.local/lib/python3.8/site-packages/airflow/example_dags/example_sla_dag.py
[2025-04-28T15:18:19.084+0000] {processor.py:840} INFO - DAG(s) 'example_sla_dag' retrieved from /home/airflow/.local/lib/python3.8/site-packages/airflow/example_dags/example_sla_dag.py
[2025-04-28T15:18:19.133+0000] {logging_mixin.py:188} INFO - [2025-04-28T15:18:19.132+0000] {dag.py:3033} INFO - Sync 1 DAGs
[2025-04-28T15:18:19.210+0000] {logging_mixin.py:188} INFO - [2025-04-28T15:18:19.210+0000] {dag.py:3820} INFO - Setting next_dagrun for example_sla_dag to 2025-04-28T15:16:00+00:00, run_after=2025-04-28T15:18:00+00:00
[2025-04-28T15:18:19.252+0000] {processor.py:183} INFO - Processing /home/airflow/.local/lib/python3.8/site-packages/airflow/example_dags/example_sla_dag.py took 0.205 seconds
[2025-04-28T15:18:49.558+0000] {processor.py:161} INFO - Started process (PID=3227) to work on /home/airflow/.local/lib/python3.8/site-packages/airflow/example_dags/example_sla_dag.py
[2025-04-28T15:18:49.559+0000] {processor.py:830} INFO - Processing file /home/airflow/.local/lib/python3.8/site-packages/airflow/example_dags/example_sla_dag.py for tasks to queue
[2025-04-28T15:18:49.561+0000] {logging_mixin.py:188} INFO - [2025-04-28T15:18:49.560+0000] {dagbag.py:538} INFO - Filling up the DagBag from /home/airflow/.local/lib/python3.8/site-packages/airflow/example_dags/example_sla_dag.py
[2025-04-28T15:18:49.575+0000] {processor.py:840} INFO - DAG(s) 'example_sla_dag' retrieved from /home/airflow/.local/lib/python3.8/site-packages/airflow/example_dags/example_sla_dag.py
[2025-04-28T15:18:49.618+0000] {logging_mixin.py:188} INFO - [2025-04-28T15:18:49.614+0000] {dag.py:3033} INFO - Sync 1 DAGs
[2025-04-28T15:18:49.681+0000] {logging_mixin.py:188} INFO - [2025-04-28T15:18:49.680+0000] {dag.py:3820} INFO - Setting next_dagrun for example_sla_dag to 2025-04-28T15:16:00+00:00, run_after=2025-04-28T15:18:00+00:00
[2025-04-28T15:18:49.715+0000] {processor.py:183} INFO - Processing /home/airflow/.local/lib/python3.8/site-packages/airflow/example_dags/example_sla_dag.py took 0.163 seconds
[2025-04-28T15:19:19.901+0000] {processor.py:161} INFO - Started process (PID=3277) to work on /home/airflow/.local/lib/python3.8/site-packages/airflow/example_dags/example_sla_dag.py
[2025-04-28T15:19:19.903+0000] {processor.py:830} INFO - Processing file /home/airflow/.local/lib/python3.8/site-packages/airflow/example_dags/example_sla_dag.py for tasks to queue
[2025-04-28T15:19:19.904+0000] {logging_mixin.py:188} INFO - [2025-04-28T15:19:19.904+0000] {dagbag.py:538} INFO - Filling up the DagBag from /home/airflow/.local/lib/python3.8/site-packages/airflow/example_dags/example_sla_dag.py
[2025-04-28T15:19:19.917+0000] {processor.py:840} INFO - DAG(s) 'example_sla_dag' retrieved from /home/airflow/.local/lib/python3.8/site-packages/airflow/example_dags/example_sla_dag.py
[2025-04-28T15:19:19.953+0000] {logging_mixin.py:188} INFO - [2025-04-28T15:19:19.953+0000] {dag.py:3033} INFO - Sync 1 DAGs
[2025-04-28T15:19:20.000+0000] {logging_mixin.py:188} INFO - [2025-04-28T15:19:20.000+0000] {dag.py:3820} INFO - Setting next_dagrun for example_sla_dag to 2025-04-28T15:16:00+00:00, run_after=2025-04-28T15:18:00+00:00
[2025-04-28T15:19:20.034+0000] {processor.py:183} INFO - Processing /home/airflow/.local/lib/python3.8/site-packages/airflow/example_dags/example_sla_dag.py took 0.139 seconds
[2025-04-28T15:19:50.372+0000] {processor.py:161} INFO - Started process (PID=3333) to work on /home/airflow/.local/lib/python3.8/site-packages/airflow/example_dags/example_sla_dag.py
[2025-04-28T15:19:50.373+0000] {processor.py:830} INFO - Processing file /home/airflow/.local/lib/python3.8/site-packages/airflow/example_dags/example_sla_dag.py for tasks to queue
[2025-04-28T15:19:50.375+0000] {logging_mixin.py:188} INFO - [2025-04-28T15:19:50.374+0000] {dagbag.py:538} INFO - Filling up the DagBag from /home/airflow/.local/lib/python3.8/site-packages/airflow/example_dags/example_sla_dag.py
[2025-04-28T15:19:50.393+0000] {processor.py:840} INFO - DAG(s) 'example_sla_dag' retrieved from /home/airflow/.local/lib/python3.8/site-packages/airflow/example_dags/example_sla_dag.py
[2025-04-28T15:19:50.440+0000] {logging_mixin.py:188} INFO - [2025-04-28T15:19:50.439+0000] {dag.py:3033} INFO - Sync 1 DAGs
[2025-04-28T15:19:50.503+0000] {logging_mixin.py:188} INFO - [2025-04-28T15:19:50.503+0000] {dag.py:3820} INFO - Setting next_dagrun for example_sla_dag to 2025-04-28T15:16:00+00:00, run_after=2025-04-28T15:18:00+00:00
[2025-04-28T15:19:50.536+0000] {processor.py:183} INFO - Processing /home/airflow/.local/lib/python3.8/site-packages/airflow/example_dags/example_sla_dag.py took 0.169 seconds
[2025-04-28T15:20:22.453+0000] {processor.py:161} INFO - Started process (PID=3388) to work on /home/airflow/.local/lib/python3.8/site-packages/airflow/example_dags/example_sla_dag.py
[2025-04-28T15:20:22.454+0000] {processor.py:830} INFO - Processing file /home/airflow/.local/lib/python3.8/site-packages/airflow/example_dags/example_sla_dag.py for tasks to queue
[2025-04-28T15:20:22.456+0000] {logging_mixin.py:188} INFO - [2025-04-28T15:20:22.455+0000] {dagbag.py:538} INFO - Filling up the DagBag from /home/airflow/.local/lib/python3.8/site-packages/airflow/example_dags/example_sla_dag.py
[2025-04-28T15:20:22.469+0000] {processor.py:840} INFO - DAG(s) 'example_sla_dag' retrieved from /home/airflow/.local/lib/python3.8/site-packages/airflow/example_dags/example_sla_dag.py
[2025-04-28T15:20:22.500+0000] {logging_mixin.py:188} INFO - [2025-04-28T15:20:22.500+0000] {dag.py:3033} INFO - Sync 1 DAGs
[2025-04-28T15:20:22.542+0000] {logging_mixin.py:188} INFO - [2025-04-28T15:20:22.542+0000] {dag.py:3820} INFO - Setting next_dagrun for example_sla_dag to 2025-04-28T15:18:00+00:00, run_after=2025-04-28T15:20:00+00:00
[2025-04-28T15:20:22.568+0000] {processor.py:183} INFO - Processing /home/airflow/.local/lib/python3.8/site-packages/airflow/example_dags/example_sla_dag.py took 0.120 seconds
[2025-04-28T15:20:55.229+0000] {processor.py:161} INFO - Started process (PID=3432) to work on /home/airflow/.local/lib/python3.8/site-packages/airflow/example_dags/example_sla_dag.py
[2025-04-28T15:20:55.230+0000] {processor.py:830} INFO - Processing file /home/airflow/.local/lib/python3.8/site-packages/airflow/example_dags/example_sla_dag.py for tasks to queue
[2025-04-28T15:20:55.231+0000] {logging_mixin.py:188} INFO - [2025-04-28T15:20:55.231+0000] {dagbag.py:538} INFO - Filling up the DagBag from /home/airflow/.local/lib/python3.8/site-packages/airflow/example_dags/example_sla_dag.py
[2025-04-28T15:20:55.251+0000] {processor.py:840} INFO - DAG(s) 'example_sla_dag' retrieved from /home/airflow/.local/lib/python3.8/site-packages/airflow/example_dags/example_sla_dag.py
[2025-04-28T15:20:55.303+0000] {logging_mixin.py:188} INFO - [2025-04-28T15:20:55.302+0000] {dag.py:3033} INFO - Sync 1 DAGs
[2025-04-28T15:20:55.374+0000] {logging_mixin.py:188} INFO - [2025-04-28T15:20:55.372+0000] {dag.py:3820} INFO - Setting next_dagrun for example_sla_dag to 2025-04-28T15:18:00+00:00, run_after=2025-04-28T15:20:00+00:00
[2025-04-28T15:20:55.422+0000] {processor.py:183} INFO - Processing /home/airflow/.local/lib/python3.8/site-packages/airflow/example_dags/example_sla_dag.py took 0.199 seconds
[2025-04-28T15:21:30.708+0000] {processor.py:161} INFO - Started process (PID=3486) to work on /home/airflow/.local/lib/python3.8/site-packages/airflow/example_dags/example_sla_dag.py
[2025-04-28T15:21:30.712+0000] {processor.py:830} INFO - Processing file /home/airflow/.local/lib/python3.8/site-packages/airflow/example_dags/example_sla_dag.py for tasks to queue
[2025-04-28T15:21:30.714+0000] {logging_mixin.py:188} INFO - [2025-04-28T15:21:30.713+0000] {dagbag.py:538} INFO - Filling up the DagBag from /home/airflow/.local/lib/python3.8/site-packages/airflow/example_dags/example_sla_dag.py
[2025-04-28T15:21:30.742+0000] {processor.py:840} INFO - DAG(s) 'example_sla_dag' retrieved from /home/airflow/.local/lib/python3.8/site-packages/airflow/example_dags/example_sla_dag.py
[2025-04-28T15:21:30.811+0000] {logging_mixin.py:188} INFO - [2025-04-28T15:21:30.811+0000] {dag.py:3033} INFO - Sync 1 DAGs
[2025-04-28T15:21:30.886+0000] {logging_mixin.py:188} INFO - [2025-04-28T15:21:30.885+0000] {dag.py:3820} INFO - Setting next_dagrun for example_sla_dag to 2025-04-28T15:18:00+00:00, run_after=2025-04-28T15:20:00+00:00
[2025-04-28T15:21:30.944+0000] {processor.py:183} INFO - Processing /home/airflow/.local/lib/python3.8/site-packages/airflow/example_dags/example_sla_dag.py took 0.247 seconds
[2025-04-28T15:22:01.694+0000] {processor.py:161} INFO - Started process (PID=3541) to work on /home/airflow/.local/lib/python3.8/site-packages/airflow/example_dags/example_sla_dag.py
[2025-04-28T15:22:01.698+0000] {processor.py:830} INFO - Processing file /home/airflow/.local/lib/python3.8/site-packages/airflow/example_dags/example_sla_dag.py for tasks to queue
[2025-04-28T15:22:01.700+0000] {logging_mixin.py:188} INFO - [2025-04-28T15:22:01.699+0000] {dagbag.py:538} INFO - Filling up the DagBag from /home/airflow/.local/lib/python3.8/site-packages/airflow/example_dags/example_sla_dag.py
[2025-04-28T15:22:01.721+0000] {processor.py:840} INFO - DAG(s) 'example_sla_dag' retrieved from /home/airflow/.local/lib/python3.8/site-packages/airflow/example_dags/example_sla_dag.py
[2025-04-28T15:22:01.769+0000] {logging_mixin.py:188} INFO - [2025-04-28T15:22:01.769+0000] {dag.py:3033} INFO - Sync 1 DAGs
[2025-04-28T15:22:01.846+0000] {logging_mixin.py:188} INFO - [2025-04-28T15:22:01.846+0000] {dag.py:3820} INFO - Setting next_dagrun for example_sla_dag to 2025-04-28T15:20:00+00:00, run_after=2025-04-28T15:22:00+00:00
[2025-04-28T15:22:01.893+0000] {processor.py:183} INFO - Processing /home/airflow/.local/lib/python3.8/site-packages/airflow/example_dags/example_sla_dag.py took 0.209 seconds
[2025-04-28T15:22:32.003+0000] {processor.py:161} INFO - Started process (PID=3598) to work on /home/airflow/.local/lib/python3.8/site-packages/airflow/example_dags/example_sla_dag.py
[2025-04-28T15:22:32.005+0000] {processor.py:830} INFO - Processing file /home/airflow/.local/lib/python3.8/site-packages/airflow/example_dags/example_sla_dag.py for tasks to queue
[2025-04-28T15:22:32.007+0000] {logging_mixin.py:188} INFO - [2025-04-28T15:22:32.006+0000] {dagbag.py:538} INFO - Filling up the DagBag from /home/airflow/.local/lib/python3.8/site-packages/airflow/example_dags/example_sla_dag.py
[2025-04-28T15:22:32.026+0000] {processor.py:840} INFO - DAG(s) 'example_sla_dag' retrieved from /home/airflow/.local/lib/python3.8/site-packages/airflow/example_dags/example_sla_dag.py
[2025-04-28T15:22:32.058+0000] {logging_mixin.py:188} INFO - [2025-04-28T15:22:32.058+0000] {dag.py:3033} INFO - Sync 1 DAGs
[2025-04-28T15:22:32.100+0000] {logging_mixin.py:188} INFO - [2025-04-28T15:22:32.100+0000] {dag.py:3820} INFO - Setting next_dagrun for example_sla_dag to 2025-04-28T15:20:00+00:00, run_after=2025-04-28T15:22:00+00:00
[2025-04-28T15:22:32.126+0000] {processor.py:183} INFO - Processing /home/airflow/.local/lib/python3.8/site-packages/airflow/example_dags/example_sla_dag.py took 0.132 seconds
[2025-04-28T15:23:04.990+0000] {processor.py:161} INFO - Started process (PID=3653) to work on /home/airflow/.local/lib/python3.8/site-packages/airflow/example_dags/example_sla_dag.py
[2025-04-28T15:23:04.992+0000] {processor.py:830} INFO - Processing file /home/airflow/.local/lib/python3.8/site-packages/airflow/example_dags/example_sla_dag.py for tasks to queue
[2025-04-28T15:23:04.993+0000] {logging_mixin.py:188} INFO - [2025-04-28T15:23:04.993+0000] {dagbag.py:538} INFO - Filling up the DagBag from /home/airflow/.local/lib/python3.8/site-packages/airflow/example_dags/example_sla_dag.py
[2025-04-28T15:23:05.012+0000] {processor.py:840} INFO - DAG(s) 'example_sla_dag' retrieved from /home/airflow/.local/lib/python3.8/site-packages/airflow/example_dags/example_sla_dag.py
[2025-04-28T15:23:05.050+0000] {logging_mixin.py:188} INFO - [2025-04-28T15:23:05.050+0000] {dag.py:3033} INFO - Sync 1 DAGs
[2025-04-28T15:23:05.126+0000] {logging_mixin.py:188} INFO - [2025-04-28T15:23:05.126+0000] {dag.py:3820} INFO - Setting next_dagrun for example_sla_dag to 2025-04-28T15:20:00+00:00, run_after=2025-04-28T15:22:00+00:00
[2025-04-28T15:23:05.168+0000] {processor.py:183} INFO - Processing /home/airflow/.local/lib/python3.8/site-packages/airflow/example_dags/example_sla_dag.py took 0.183 seconds
[2025-04-28T15:23:37.341+0000] {processor.py:161} INFO - Started process (PID=3707) to work on /home/airflow/.local/lib/python3.8/site-packages/airflow/example_dags/example_sla_dag.py
[2025-04-28T15:23:37.342+0000] {processor.py:830} INFO - Processing file /home/airflow/.local/lib/python3.8/site-packages/airflow/example_dags/example_sla_dag.py for tasks to queue
[2025-04-28T15:23:37.344+0000] {logging_mixin.py:188} INFO - [2025-04-28T15:23:37.344+0000] {dagbag.py:538} INFO - Filling up the DagBag from /home/airflow/.local/lib/python3.8/site-packages/airflow/example_dags/example_sla_dag.py
[2025-04-28T15:23:37.360+0000] {processor.py:840} INFO - DAG(s) 'example_sla_dag' retrieved from /home/airflow/.local/lib/python3.8/site-packages/airflow/example_dags/example_sla_dag.py
[2025-04-28T15:23:37.409+0000] {logging_mixin.py:188} INFO - [2025-04-28T15:23:37.408+0000] {dag.py:3033} INFO - Sync 1 DAGs
[2025-04-28T15:23:37.474+0000] {logging_mixin.py:188} INFO - [2025-04-28T15:23:37.474+0000] {dag.py:3820} INFO - Setting next_dagrun for example_sla_dag to 2025-04-28T15:20:00+00:00, run_after=2025-04-28T15:22:00+00:00
[2025-04-28T15:23:37.515+0000] {processor.py:183} INFO - Processing /home/airflow/.local/lib/python3.8/site-packages/airflow/example_dags/example_sla_dag.py took 0.181 seconds
[2025-04-28T15:24:09.002+0000] {processor.py:161} INFO - Started process (PID=3760) to work on /home/airflow/.local/lib/python3.8/site-packages/airflow/example_dags/example_sla_dag.py
[2025-04-28T15:24:09.003+0000] {processor.py:830} INFO - Processing file /home/airflow/.local/lib/python3.8/site-packages/airflow/example_dags/example_sla_dag.py for tasks to queue
[2025-04-28T15:24:09.004+0000] {logging_mixin.py:188} INFO - [2025-04-28T15:24:09.004+0000] {dagbag.py:538} INFO - Filling up the DagBag from /home/airflow/.local/lib/python3.8/site-packages/airflow/example_dags/example_sla_dag.py
[2025-04-28T15:24:09.024+0000] {processor.py:840} INFO - DAG(s) 'example_sla_dag' retrieved from /home/airflow/.local/lib/python3.8/site-packages/airflow/example_dags/example_sla_dag.py
[2025-04-28T15:24:09.077+0000] {logging_mixin.py:188} INFO - [2025-04-28T15:24:09.077+0000] {dag.py:3033} INFO - Sync 1 DAGs
[2025-04-28T15:24:09.126+0000] {logging_mixin.py:188} INFO - [2025-04-28T15:24:09.126+0000] {dag.py:3820} INFO - Setting next_dagrun for example_sla_dag to 2025-04-28T15:22:00+00:00, run_after=2025-04-28T15:24:00+00:00
[2025-04-28T15:24:09.157+0000] {processor.py:183} INFO - Processing /home/airflow/.local/lib/python3.8/site-packages/airflow/example_dags/example_sla_dag.py took 0.160 seconds
[2025-04-28T15:24:42.116+0000] {processor.py:161} INFO - Started process (PID=3817) to work on /home/airflow/.local/lib/python3.8/site-packages/airflow/example_dags/example_sla_dag.py
[2025-04-28T15:24:42.120+0000] {processor.py:830} INFO - Processing file /home/airflow/.local/lib/python3.8/site-packages/airflow/example_dags/example_sla_dag.py for tasks to queue
[2025-04-28T15:24:42.125+0000] {logging_mixin.py:188} INFO - [2025-04-28T15:24:42.124+0000] {dagbag.py:538} INFO - Filling up the DagBag from /home/airflow/.local/lib/python3.8/site-packages/airflow/example_dags/example_sla_dag.py
[2025-04-28T15:24:42.174+0000] {processor.py:840} INFO - DAG(s) 'example_sla_dag' retrieved from /home/airflow/.local/lib/python3.8/site-packages/airflow/example_dags/example_sla_dag.py
[2025-04-28T15:24:42.222+0000] {logging_mixin.py:188} INFO - [2025-04-28T15:24:42.222+0000] {dag.py:3033} INFO - Sync 1 DAGs
[2025-04-28T15:24:42.281+0000] {logging_mixin.py:188} INFO - [2025-04-28T15:24:42.281+0000] {dag.py:3820} INFO - Setting next_dagrun for example_sla_dag to 2025-04-28T15:22:00+00:00, run_after=2025-04-28T15:24:00+00:00
[2025-04-28T15:24:42.324+0000] {processor.py:183} INFO - Processing /home/airflow/.local/lib/python3.8/site-packages/airflow/example_dags/example_sla_dag.py took 0.213 seconds
[2025-04-28T15:25:14.405+0000] {processor.py:161} INFO - Started process (PID=3864) to work on /home/airflow/.local/lib/python3.8/site-packages/airflow/example_dags/example_sla_dag.py
[2025-04-28T15:25:14.407+0000] {processor.py:830} INFO - Processing file /home/airflow/.local/lib/python3.8/site-packages/airflow/example_dags/example_sla_dag.py for tasks to queue
[2025-04-28T15:25:14.408+0000] {logging_mixin.py:188} INFO - [2025-04-28T15:25:14.408+0000] {dagbag.py:538} INFO - Filling up the DagBag from /home/airflow/.local/lib/python3.8/site-packages/airflow/example_dags/example_sla_dag.py
[2025-04-28T15:25:14.423+0000] {processor.py:840} INFO - DAG(s) 'example_sla_dag' retrieved from /home/airflow/.local/lib/python3.8/site-packages/airflow/example_dags/example_sla_dag.py
[2025-04-28T15:25:14.463+0000] {logging_mixin.py:188} INFO - [2025-04-28T15:25:14.463+0000] {dag.py:3033} INFO - Sync 1 DAGs
[2025-04-28T15:25:14.527+0000] {logging_mixin.py:188} INFO - [2025-04-28T15:25:14.526+0000] {dag.py:3820} INFO - Setting next_dagrun for example_sla_dag to 2025-04-28T15:22:00+00:00, run_after=2025-04-28T15:24:00+00:00
[2025-04-28T15:25:14.566+0000] {processor.py:183} INFO - Processing /home/airflow/.local/lib/python3.8/site-packages/airflow/example_dags/example_sla_dag.py took 0.166 seconds
[2025-04-28T15:25:46.149+0000] {processor.py:161} INFO - Started process (PID=3920) to work on /home/airflow/.local/lib/python3.8/site-packages/airflow/example_dags/example_sla_dag.py
[2025-04-28T15:25:46.150+0000] {processor.py:830} INFO - Processing file /home/airflow/.local/lib/python3.8/site-packages/airflow/example_dags/example_sla_dag.py for tasks to queue
[2025-04-28T15:25:46.152+0000] {logging_mixin.py:188} INFO - [2025-04-28T15:25:46.151+0000] {dagbag.py:538} INFO - Filling up the DagBag from /home/airflow/.local/lib/python3.8/site-packages/airflow/example_dags/example_sla_dag.py
[2025-04-28T15:25:46.165+0000] {processor.py:840} INFO - DAG(s) 'example_sla_dag' retrieved from /home/airflow/.local/lib/python3.8/site-packages/airflow/example_dags/example_sla_dag.py
[2025-04-28T15:25:46.195+0000] {logging_mixin.py:188} INFO - [2025-04-28T15:25:46.195+0000] {dag.py:3033} INFO - Sync 1 DAGs
[2025-04-28T15:25:46.241+0000] {logging_mixin.py:188} INFO - [2025-04-28T15:25:46.240+0000] {dag.py:3820} INFO - Setting next_dagrun for example_sla_dag to 2025-04-28T15:22:00+00:00, run_after=2025-04-28T15:24:00+00:00
[2025-04-28T15:25:46.267+0000] {processor.py:183} INFO - Processing /home/airflow/.local/lib/python3.8/site-packages/airflow/example_dags/example_sla_dag.py took 0.123 seconds
[2025-04-28T15:26:19.390+0000] {processor.py:161} INFO - Started process (PID=3975) to work on /home/airflow/.local/lib/python3.8/site-packages/airflow/example_dags/example_sla_dag.py
[2025-04-28T15:26:19.391+0000] {processor.py:830} INFO - Processing file /home/airflow/.local/lib/python3.8/site-packages/airflow/example_dags/example_sla_dag.py for tasks to queue
[2025-04-28T15:26:19.393+0000] {logging_mixin.py:188} INFO - [2025-04-28T15:26:19.392+0000] {dagbag.py:538} INFO - Filling up the DagBag from /home/airflow/.local/lib/python3.8/site-packages/airflow/example_dags/example_sla_dag.py
[2025-04-28T15:26:19.404+0000] {processor.py:840} INFO - DAG(s) 'example_sla_dag' retrieved from /home/airflow/.local/lib/python3.8/site-packages/airflow/example_dags/example_sla_dag.py
[2025-04-28T15:26:19.436+0000] {logging_mixin.py:188} INFO - [2025-04-28T15:26:19.436+0000] {dag.py:3033} INFO - Sync 1 DAGs
[2025-04-28T15:26:19.479+0000] {logging_mixin.py:188} INFO - [2025-04-28T15:26:19.479+0000] {dag.py:3820} INFO - Setting next_dagrun for example_sla_dag to 2025-04-28T15:24:00+00:00, run_after=2025-04-28T15:26:00+00:00
[2025-04-28T15:26:19.515+0000] {processor.py:183} INFO - Processing /home/airflow/.local/lib/python3.8/site-packages/airflow/example_dags/example_sla_dag.py took 0.130 seconds
[2025-04-28T15:26:51.956+0000] {processor.py:161} INFO - Started process (PID=4031) to work on /home/airflow/.local/lib/python3.8/site-packages/airflow/example_dags/example_sla_dag.py
[2025-04-28T15:26:51.958+0000] {processor.py:830} INFO - Processing file /home/airflow/.local/lib/python3.8/site-packages/airflow/example_dags/example_sla_dag.py for tasks to queue
[2025-04-28T15:26:51.960+0000] {logging_mixin.py:188} INFO - [2025-04-28T15:26:51.960+0000] {dagbag.py:538} INFO - Filling up the DagBag from /home/airflow/.local/lib/python3.8/site-packages/airflow/example_dags/example_sla_dag.py
[2025-04-28T15:26:51.978+0000] {processor.py:840} INFO - DAG(s) 'example_sla_dag' retrieved from /home/airflow/.local/lib/python3.8/site-packages/airflow/example_dags/example_sla_dag.py
[2025-04-28T15:26:52.021+0000] {logging_mixin.py:188} INFO - [2025-04-28T15:26:52.020+0000] {dag.py:3033} INFO - Sync 1 DAGs
[2025-04-28T15:26:52.073+0000] {logging_mixin.py:188} INFO - [2025-04-28T15:26:52.073+0000] {dag.py:3820} INFO - Setting next_dagrun for example_sla_dag to 2025-04-28T15:24:00+00:00, run_after=2025-04-28T15:26:00+00:00
[2025-04-28T15:26:52.115+0000] {processor.py:183} INFO - Processing /home/airflow/.local/lib/python3.8/site-packages/airflow/example_dags/example_sla_dag.py took 0.164 seconds
[2025-04-28T15:27:26.567+0000] {processor.py:161} INFO - Started process (PID=4087) to work on /home/airflow/.local/lib/python3.8/site-packages/airflow/example_dags/example_sla_dag.py
[2025-04-28T15:27:26.569+0000] {processor.py:830} INFO - Processing file /home/airflow/.local/lib/python3.8/site-packages/airflow/example_dags/example_sla_dag.py for tasks to queue
[2025-04-28T15:27:26.572+0000] {logging_mixin.py:188} INFO - [2025-04-28T15:27:26.571+0000] {dagbag.py:538} INFO - Filling up the DagBag from /home/airflow/.local/lib/python3.8/site-packages/airflow/example_dags/example_sla_dag.py
[2025-04-28T15:27:26.604+0000] {processor.py:840} INFO - DAG(s) 'example_sla_dag' retrieved from /home/airflow/.local/lib/python3.8/site-packages/airflow/example_dags/example_sla_dag.py
[2025-04-28T15:27:26.670+0000] {logging_mixin.py:188} INFO - [2025-04-28T15:27:26.669+0000] {dag.py:3033} INFO - Sync 1 DAGs
[2025-04-28T15:27:26.748+0000] {logging_mixin.py:188} INFO - [2025-04-28T15:27:26.747+0000] {dag.py:3820} INFO - Setting next_dagrun for example_sla_dag to 2025-04-28T15:24:00+00:00, run_after=2025-04-28T15:26:00+00:00
[2025-04-28T15:27:26.801+0000] {processor.py:183} INFO - Processing /home/airflow/.local/lib/python3.8/site-packages/airflow/example_dags/example_sla_dag.py took 0.247 seconds
[2025-04-28T15:27:57.506+0000] {processor.py:161} INFO - Started process (PID=4142) to work on /home/airflow/.local/lib/python3.8/site-packages/airflow/example_dags/example_sla_dag.py
[2025-04-28T15:27:57.507+0000] {processor.py:830} INFO - Processing file /home/airflow/.local/lib/python3.8/site-packages/airflow/example_dags/example_sla_dag.py for tasks to queue
[2025-04-28T15:27:57.509+0000] {logging_mixin.py:188} INFO - [2025-04-28T15:27:57.508+0000] {dagbag.py:538} INFO - Filling up the DagBag from /home/airflow/.local/lib/python3.8/site-packages/airflow/example_dags/example_sla_dag.py
[2025-04-28T15:27:57.526+0000] {processor.py:840} INFO - DAG(s) 'example_sla_dag' retrieved from /home/airflow/.local/lib/python3.8/site-packages/airflow/example_dags/example_sla_dag.py
[2025-04-28T15:27:57.561+0000] {logging_mixin.py:188} INFO - [2025-04-28T15:27:57.561+0000] {dag.py:3033} INFO - Sync 1 DAGs
[2025-04-28T15:27:57.627+0000] {logging_mixin.py:188} INFO - [2025-04-28T15:27:57.623+0000] {dag.py:3820} INFO - Setting next_dagrun for example_sla_dag to 2025-04-28T15:24:00+00:00, run_after=2025-04-28T15:26:00+00:00
[2025-04-28T15:27:57.671+0000] {processor.py:183} INFO - Processing /home/airflow/.local/lib/python3.8/site-packages/airflow/example_dags/example_sla_dag.py took 0.171 seconds
[2025-04-28T15:28:30.083+0000] {processor.py:161} INFO - Started process (PID=4198) to work on /home/airflow/.local/lib/python3.8/site-packages/airflow/example_dags/example_sla_dag.py
[2025-04-28T15:28:30.085+0000] {processor.py:830} INFO - Processing file /home/airflow/.local/lib/python3.8/site-packages/airflow/example_dags/example_sla_dag.py for tasks to queue
[2025-04-28T15:28:30.087+0000] {logging_mixin.py:188} INFO - [2025-04-28T15:28:30.086+0000] {dagbag.py:538} INFO - Filling up the DagBag from /home/airflow/.local/lib/python3.8/site-packages/airflow/example_dags/example_sla_dag.py
[2025-04-28T15:28:30.102+0000] {processor.py:840} INFO - DAG(s) 'example_sla_dag' retrieved from /home/airflow/.local/lib/python3.8/site-packages/airflow/example_dags/example_sla_dag.py
[2025-04-28T15:28:30.136+0000] {logging_mixin.py:188} INFO - [2025-04-28T15:28:30.136+0000] {dag.py:3033} INFO - Sync 1 DAGs
[2025-04-28T15:28:30.182+0000] {logging_mixin.py:188} INFO - [2025-04-28T15:28:30.181+0000] {dag.py:3820} INFO - Setting next_dagrun for example_sla_dag to 2025-04-28T15:26:00+00:00, run_after=2025-04-28T15:28:00+00:00
[2025-04-28T15:28:30.212+0000] {processor.py:183} INFO - Processing /home/airflow/.local/lib/python3.8/site-packages/airflow/example_dags/example_sla_dag.py took 0.135 seconds
[2025-04-28T15:29:03.560+0000] {processor.py:161} INFO - Started process (PID=4254) to work on /home/airflow/.local/lib/python3.8/site-packages/airflow/example_dags/example_sla_dag.py
[2025-04-28T15:29:03.562+0000] {processor.py:830} INFO - Processing file /home/airflow/.local/lib/python3.8/site-packages/airflow/example_dags/example_sla_dag.py for tasks to queue
[2025-04-28T15:29:03.563+0000] {logging_mixin.py:188} INFO - [2025-04-28T15:29:03.563+0000] {dagbag.py:538} INFO - Filling up the DagBag from /home/airflow/.local/lib/python3.8/site-packages/airflow/example_dags/example_sla_dag.py
[2025-04-28T15:29:03.581+0000] {processor.py:840} INFO - DAG(s) 'example_sla_dag' retrieved from /home/airflow/.local/lib/python3.8/site-packages/airflow/example_dags/example_sla_dag.py
[2025-04-28T15:29:03.621+0000] {logging_mixin.py:188} INFO - [2025-04-28T15:29:03.621+0000] {dag.py:3033} INFO - Sync 1 DAGs
[2025-04-28T15:29:03.683+0000] {logging_mixin.py:188} INFO - [2025-04-28T15:29:03.683+0000] {dag.py:3820} INFO - Setting next_dagrun for example_sla_dag to 2025-04-28T15:26:00+00:00, run_after=2025-04-28T15:28:00+00:00
[2025-04-28T15:29:03.717+0000] {processor.py:183} INFO - Processing /home/airflow/.local/lib/python3.8/site-packages/airflow/example_dags/example_sla_dag.py took 0.162 seconds
[2025-04-28T15:29:36.709+0000] {processor.py:161} INFO - Started process (PID=4310) to work on /home/airflow/.local/lib/python3.8/site-packages/airflow/example_dags/example_sla_dag.py
[2025-04-28T15:29:36.710+0000] {processor.py:830} INFO - Processing file /home/airflow/.local/lib/python3.8/site-packages/airflow/example_dags/example_sla_dag.py for tasks to queue
[2025-04-28T15:29:36.711+0000] {logging_mixin.py:188} INFO - [2025-04-28T15:29:36.711+0000] {dagbag.py:538} INFO - Filling up the DagBag from /home/airflow/.local/lib/python3.8/site-packages/airflow/example_dags/example_sla_dag.py
[2025-04-28T15:29:36.728+0000] {processor.py:840} INFO - DAG(s) 'example_sla_dag' retrieved from /home/airflow/.local/lib/python3.8/site-packages/airflow/example_dags/example_sla_dag.py
[2025-04-28T15:29:36.792+0000] {logging_mixin.py:188} INFO - [2025-04-28T15:29:36.792+0000] {dag.py:3033} INFO - Sync 1 DAGs
[2025-04-28T15:29:36.869+0000] {logging_mixin.py:188} INFO - [2025-04-28T15:29:36.869+0000] {dag.py:3820} INFO - Setting next_dagrun for example_sla_dag to 2025-04-28T15:26:00+00:00, run_after=2025-04-28T15:28:00+00:00
[2025-04-28T15:29:36.907+0000] {processor.py:183} INFO - Processing /home/airflow/.local/lib/python3.8/site-packages/airflow/example_dags/example_sla_dag.py took 0.204 seconds
[2025-04-28T15:30:10.630+0000] {processor.py:161} INFO - Started process (PID=4365) to work on /home/airflow/.local/lib/python3.8/site-packages/airflow/example_dags/example_sla_dag.py
[2025-04-28T15:30:10.632+0000] {processor.py:830} INFO - Processing file /home/airflow/.local/lib/python3.8/site-packages/airflow/example_dags/example_sla_dag.py for tasks to queue
[2025-04-28T15:30:10.634+0000] {logging_mixin.py:188} INFO - [2025-04-28T15:30:10.633+0000] {dagbag.py:538} INFO - Filling up the DagBag from /home/airflow/.local/lib/python3.8/site-packages/airflow/example_dags/example_sla_dag.py
[2025-04-28T15:30:10.656+0000] {processor.py:840} INFO - DAG(s) 'example_sla_dag' retrieved from /home/airflow/.local/lib/python3.8/site-packages/airflow/example_dags/example_sla_dag.py
[2025-04-28T15:30:10.703+0000] {logging_mixin.py:188} INFO - [2025-04-28T15:30:10.702+0000] {dag.py:3033} INFO - Sync 1 DAGs
[2025-04-28T15:30:10.755+0000] {logging_mixin.py:188} INFO - [2025-04-28T15:30:10.755+0000] {dag.py:3820} INFO - Setting next_dagrun for example_sla_dag to 2025-04-28T15:28:00+00:00, run_after=2025-04-28T15:30:00+00:00
[2025-04-28T15:30:10.819+0000] {processor.py:183} INFO - Processing /home/airflow/.local/lib/python3.8/site-packages/airflow/example_dags/example_sla_dag.py took 0.198 seconds
[2025-04-28T15:30:40.915+0000] {processor.py:161} INFO - Started process (PID=4420) to work on /home/airflow/.local/lib/python3.8/site-packages/airflow/example_dags/example_sla_dag.py
[2025-04-28T15:30:40.916+0000] {processor.py:830} INFO - Processing file /home/airflow/.local/lib/python3.8/site-packages/airflow/example_dags/example_sla_dag.py for tasks to queue
[2025-04-28T15:30:40.917+0000] {logging_mixin.py:188} INFO - [2025-04-28T15:30:40.917+0000] {dagbag.py:538} INFO - Filling up the DagBag from /home/airflow/.local/lib/python3.8/site-packages/airflow/example_dags/example_sla_dag.py
[2025-04-28T15:30:40.929+0000] {processor.py:840} INFO - DAG(s) 'example_sla_dag' retrieved from /home/airflow/.local/lib/python3.8/site-packages/airflow/example_dags/example_sla_dag.py
[2025-04-28T15:30:40.955+0000] {logging_mixin.py:188} INFO - [2025-04-28T15:30:40.955+0000] {dag.py:3033} INFO - Sync 1 DAGs
[2025-04-28T15:30:40.990+0000] {logging_mixin.py:188} INFO - [2025-04-28T15:30:40.990+0000] {dag.py:3820} INFO - Setting next_dagrun for example_sla_dag to 2025-04-28T15:28:00+00:00, run_after=2025-04-28T15:30:00+00:00
[2025-04-28T15:30:41.039+0000] {processor.py:183} INFO - Processing /home/airflow/.local/lib/python3.8/site-packages/airflow/example_dags/example_sla_dag.py took 0.129 seconds
