[2025-04-28T10:03:17.518+0000] {processor.py:161} INFO - Started process (PID=101) to work on /home/airflow/.local/lib/python3.8/site-packages/airflow/example_dags/example_params_trigger_ui.py
[2025-04-28T10:03:17.519+0000] {processor.py:830} INFO - Processing file /home/airflow/.local/lib/python3.8/site-packages/airflow/example_dags/example_params_trigger_ui.py for tasks to queue
[2025-04-28T10:03:17.533+0000] {logging_mixin.py:188} INFO - [2025-04-28T10:03:17.532+0000] {dagbag.py:538} INFO - Filling up the DagBag from /home/airflow/.local/lib/python3.8/site-packages/airflow/example_dags/example_params_trigger_ui.py
[2025-04-28T10:03:17.670+0000] {processor.py:840} INFO - DAG(s) 'example_params_trigger_ui' retrieved from /home/airflow/.local/lib/python3.8/site-packages/airflow/example_dags/example_params_trigger_ui.py
[2025-04-28T10:03:18.367+0000] {logging_mixin.py:188} INFO - [2025-04-28T10:03:18.366+0000] {dag.py:3033} INFO - Sync 1 DAGs
[2025-04-28T10:03:18.444+0000] {logging_mixin.py:188} INFO - [2025-04-28T10:03:18.444+0000] {dag.py:3820} INFO - Setting next_dagrun for example_params_trigger_ui to None, run_after=None
[2025-04-28T10:03:18.505+0000] {processor.py:183} INFO - Processing /home/airflow/.local/lib/python3.8/site-packages/airflow/example_dags/example_params_trigger_ui.py took 1.018 seconds
[2025-04-28T10:03:48.791+0000] {processor.py:161} INFO - Started process (PID=158) to work on /home/airflow/.local/lib/python3.8/site-packages/airflow/example_dags/example_params_trigger_ui.py
[2025-04-28T10:03:48.793+0000] {processor.py:830} INFO - Processing file /home/airflow/.local/lib/python3.8/site-packages/airflow/example_dags/example_params_trigger_ui.py for tasks to queue
[2025-04-28T10:03:48.798+0000] {logging_mixin.py:188} INFO - [2025-04-28T10:03:48.798+0000] {dagbag.py:538} INFO - Filling up the DagBag from /home/airflow/.local/lib/python3.8/site-packages/airflow/example_dags/example_params_trigger_ui.py
[2025-04-28T10:03:48.838+0000] {processor.py:840} INFO - DAG(s) 'example_params_trigger_ui' retrieved from /home/airflow/.local/lib/python3.8/site-packages/airflow/example_dags/example_params_trigger_ui.py
[2025-04-28T10:03:48.946+0000] {logging_mixin.py:188} INFO - [2025-04-28T10:03:48.946+0000] {dag.py:3033} INFO - Sync 1 DAGs
[2025-04-28T10:03:48.970+0000] {logging_mixin.py:188} INFO - [2025-04-28T10:03:48.970+0000] {dag.py:3820} INFO - Setting next_dagrun for example_params_trigger_ui to None, run_after=None
[2025-04-28T10:03:49.005+0000] {processor.py:183} INFO - Processing /home/airflow/.local/lib/python3.8/site-packages/airflow/example_dags/example_params_trigger_ui.py took 0.221 seconds
[2025-04-28T10:04:19.997+0000] {processor.py:161} INFO - Started process (PID=213) to work on /home/airflow/.local/lib/python3.8/site-packages/airflow/example_dags/example_params_trigger_ui.py
[2025-04-28T10:04:19.998+0000] {processor.py:830} INFO - Processing file /home/airflow/.local/lib/python3.8/site-packages/airflow/example_dags/example_params_trigger_ui.py for tasks to queue
[2025-04-28T10:04:20.001+0000] {logging_mixin.py:188} INFO - [2025-04-28T10:04:20.001+0000] {dagbag.py:538} INFO - Filling up the DagBag from /home/airflow/.local/lib/python3.8/site-packages/airflow/example_dags/example_params_trigger_ui.py
[2025-04-28T10:04:20.021+0000] {processor.py:840} INFO - DAG(s) 'example_params_trigger_ui' retrieved from /home/airflow/.local/lib/python3.8/site-packages/airflow/example_dags/example_params_trigger_ui.py
[2025-04-28T10:04:20.108+0000] {logging_mixin.py:188} INFO - [2025-04-28T10:04:20.108+0000] {dag.py:3033} INFO - Sync 1 DAGs
[2025-04-28T10:04:20.127+0000] {logging_mixin.py:188} INFO - [2025-04-28T10:04:20.127+0000] {dag.py:3820} INFO - Setting next_dagrun for example_params_trigger_ui to None, run_after=None
[2025-04-28T10:04:20.168+0000] {processor.py:183} INFO - Processing /home/airflow/.local/lib/python3.8/site-packages/airflow/example_dags/example_params_trigger_ui.py took 0.176 seconds
[2025-04-28T10:04:51.055+0000] {processor.py:161} INFO - Started process (PID=269) to work on /home/airflow/.local/lib/python3.8/site-packages/airflow/example_dags/example_params_trigger_ui.py
[2025-04-28T10:04:51.056+0000] {processor.py:830} INFO - Processing file /home/airflow/.local/lib/python3.8/site-packages/airflow/example_dags/example_params_trigger_ui.py for tasks to queue
[2025-04-28T10:04:51.060+0000] {logging_mixin.py:188} INFO - [2025-04-28T10:04:51.060+0000] {dagbag.py:538} INFO - Filling up the DagBag from /home/airflow/.local/lib/python3.8/site-packages/airflow/example_dags/example_params_trigger_ui.py
[2025-04-28T10:04:51.088+0000] {processor.py:840} INFO - DAG(s) 'example_params_trigger_ui' retrieved from /home/airflow/.local/lib/python3.8/site-packages/airflow/example_dags/example_params_trigger_ui.py
[2025-04-28T10:04:51.207+0000] {logging_mixin.py:188} INFO - [2025-04-28T10:04:51.207+0000] {dag.py:3033} INFO - Sync 1 DAGs
[2025-04-28T10:04:51.239+0000] {logging_mixin.py:188} INFO - [2025-04-28T10:04:51.238+0000] {dag.py:3820} INFO - Setting next_dagrun for example_params_trigger_ui to None, run_after=None
[2025-04-28T10:04:51.274+0000] {processor.py:183} INFO - Processing /home/airflow/.local/lib/python3.8/site-packages/airflow/example_dags/example_params_trigger_ui.py took 0.226 seconds
[2025-04-28T10:05:21.525+0000] {processor.py:161} INFO - Started process (PID=324) to work on /home/airflow/.local/lib/python3.8/site-packages/airflow/example_dags/example_params_trigger_ui.py
[2025-04-28T10:05:21.526+0000] {processor.py:830} INFO - Processing file /home/airflow/.local/lib/python3.8/site-packages/airflow/example_dags/example_params_trigger_ui.py for tasks to queue
[2025-04-28T10:05:21.530+0000] {logging_mixin.py:188} INFO - [2025-04-28T10:05:21.529+0000] {dagbag.py:538} INFO - Filling up the DagBag from /home/airflow/.local/lib/python3.8/site-packages/airflow/example_dags/example_params_trigger_ui.py
[2025-04-28T10:05:21.556+0000] {processor.py:840} INFO - DAG(s) 'example_params_trigger_ui' retrieved from /home/airflow/.local/lib/python3.8/site-packages/airflow/example_dags/example_params_trigger_ui.py
[2025-04-28T10:05:21.709+0000] {logging_mixin.py:188} INFO - [2025-04-28T10:05:21.709+0000] {dag.py:3033} INFO - Sync 1 DAGs
[2025-04-28T10:05:21.733+0000] {logging_mixin.py:188} INFO - [2025-04-28T10:05:21.732+0000] {dag.py:3820} INFO - Setting next_dagrun for example_params_trigger_ui to None, run_after=None
[2025-04-28T10:05:21.770+0000] {processor.py:183} INFO - Processing /home/airflow/.local/lib/python3.8/site-packages/airflow/example_dags/example_params_trigger_ui.py took 0.253 seconds
[2025-04-28T10:05:51.949+0000] {processor.py:161} INFO - Started process (PID=380) to work on /home/airflow/.local/lib/python3.8/site-packages/airflow/example_dags/example_params_trigger_ui.py
[2025-04-28T10:05:51.950+0000] {processor.py:830} INFO - Processing file /home/airflow/.local/lib/python3.8/site-packages/airflow/example_dags/example_params_trigger_ui.py for tasks to queue
[2025-04-28T10:05:51.954+0000] {logging_mixin.py:188} INFO - [2025-04-28T10:05:51.953+0000] {dagbag.py:538} INFO - Filling up the DagBag from /home/airflow/.local/lib/python3.8/site-packages/airflow/example_dags/example_params_trigger_ui.py
[2025-04-28T10:05:51.975+0000] {processor.py:840} INFO - DAG(s) 'example_params_trigger_ui' retrieved from /home/airflow/.local/lib/python3.8/site-packages/airflow/example_dags/example_params_trigger_ui.py
[2025-04-28T10:05:52.075+0000] {logging_mixin.py:188} INFO - [2025-04-28T10:05:52.074+0000] {dag.py:3033} INFO - Sync 1 DAGs
[2025-04-28T10:05:52.101+0000] {logging_mixin.py:188} INFO - [2025-04-28T10:05:52.101+0000] {dag.py:3820} INFO - Setting next_dagrun for example_params_trigger_ui to None, run_after=None
[2025-04-28T10:05:52.139+0000] {processor.py:183} INFO - Processing /home/airflow/.local/lib/python3.8/site-packages/airflow/example_dags/example_params_trigger_ui.py took 0.194 seconds
[2025-04-28T10:06:22.354+0000] {processor.py:161} INFO - Started process (PID=437) to work on /home/airflow/.local/lib/python3.8/site-packages/airflow/example_dags/example_params_trigger_ui.py
[2025-04-28T10:06:22.355+0000] {processor.py:830} INFO - Processing file /home/airflow/.local/lib/python3.8/site-packages/airflow/example_dags/example_params_trigger_ui.py for tasks to queue
[2025-04-28T10:06:22.359+0000] {logging_mixin.py:188} INFO - [2025-04-28T10:06:22.358+0000] {dagbag.py:538} INFO - Filling up the DagBag from /home/airflow/.local/lib/python3.8/site-packages/airflow/example_dags/example_params_trigger_ui.py
[2025-04-28T10:06:22.393+0000] {processor.py:840} INFO - DAG(s) 'example_params_trigger_ui' retrieved from /home/airflow/.local/lib/python3.8/site-packages/airflow/example_dags/example_params_trigger_ui.py
[2025-04-28T10:06:22.505+0000] {logging_mixin.py:188} INFO - [2025-04-28T10:06:22.505+0000] {dag.py:3033} INFO - Sync 1 DAGs
[2025-04-28T10:06:22.527+0000] {logging_mixin.py:188} INFO - [2025-04-28T10:06:22.526+0000] {dag.py:3820} INFO - Setting next_dagrun for example_params_trigger_ui to None, run_after=None
[2025-04-28T10:06:22.558+0000] {processor.py:183} INFO - Processing /home/airflow/.local/lib/python3.8/site-packages/airflow/example_dags/example_params_trigger_ui.py took 0.211 seconds
[2025-04-28T10:06:52.698+0000] {processor.py:161} INFO - Started process (PID=494) to work on /home/airflow/.local/lib/python3.8/site-packages/airflow/example_dags/example_params_trigger_ui.py
[2025-04-28T10:06:52.700+0000] {processor.py:830} INFO - Processing file /home/airflow/.local/lib/python3.8/site-packages/airflow/example_dags/example_params_trigger_ui.py for tasks to queue
[2025-04-28T10:06:52.703+0000] {logging_mixin.py:188} INFO - [2025-04-28T10:06:52.703+0000] {dagbag.py:538} INFO - Filling up the DagBag from /home/airflow/.local/lib/python3.8/site-packages/airflow/example_dags/example_params_trigger_ui.py
[2025-04-28T10:06:52.733+0000] {processor.py:840} INFO - DAG(s) 'example_params_trigger_ui' retrieved from /home/airflow/.local/lib/python3.8/site-packages/airflow/example_dags/example_params_trigger_ui.py
[2025-04-28T10:06:52.853+0000] {logging_mixin.py:188} INFO - [2025-04-28T10:06:52.853+0000] {dag.py:3033} INFO - Sync 1 DAGs
[2025-04-28T10:06:52.873+0000] {logging_mixin.py:188} INFO - [2025-04-28T10:06:52.873+0000] {dag.py:3820} INFO - Setting next_dagrun for example_params_trigger_ui to None, run_after=None
[2025-04-28T10:06:52.917+0000] {processor.py:183} INFO - Processing /home/airflow/.local/lib/python3.8/site-packages/airflow/example_dags/example_params_trigger_ui.py took 0.228 seconds
[2025-04-28T10:07:23.702+0000] {processor.py:161} INFO - Started process (PID=550) to work on /home/airflow/.local/lib/python3.8/site-packages/airflow/example_dags/example_params_trigger_ui.py
[2025-04-28T10:07:23.704+0000] {processor.py:830} INFO - Processing file /home/airflow/.local/lib/python3.8/site-packages/airflow/example_dags/example_params_trigger_ui.py for tasks to queue
[2025-04-28T10:07:23.712+0000] {logging_mixin.py:188} INFO - [2025-04-28T10:07:23.711+0000] {dagbag.py:538} INFO - Filling up the DagBag from /home/airflow/.local/lib/python3.8/site-packages/airflow/example_dags/example_params_trigger_ui.py
[2025-04-28T10:07:23.737+0000] {processor.py:840} INFO - DAG(s) 'example_params_trigger_ui' retrieved from /home/airflow/.local/lib/python3.8/site-packages/airflow/example_dags/example_params_trigger_ui.py
[2025-04-28T10:07:23.879+0000] {logging_mixin.py:188} INFO - [2025-04-28T10:07:23.879+0000] {dag.py:3033} INFO - Sync 1 DAGs
[2025-04-28T10:07:23.923+0000] {logging_mixin.py:188} INFO - [2025-04-28T10:07:23.923+0000] {dag.py:3820} INFO - Setting next_dagrun for example_params_trigger_ui to None, run_after=None
[2025-04-28T10:07:23.957+0000] {processor.py:183} INFO - Processing /home/airflow/.local/lib/python3.8/site-packages/airflow/example_dags/example_params_trigger_ui.py took 0.261 seconds
[2025-04-28T10:07:54.203+0000] {processor.py:161} INFO - Started process (PID=600) to work on /home/airflow/.local/lib/python3.8/site-packages/airflow/example_dags/example_params_trigger_ui.py
[2025-04-28T10:07:54.204+0000] {processor.py:830} INFO - Processing file /home/airflow/.local/lib/python3.8/site-packages/airflow/example_dags/example_params_trigger_ui.py for tasks to queue
[2025-04-28T10:07:54.207+0000] {logging_mixin.py:188} INFO - [2025-04-28T10:07:54.207+0000] {dagbag.py:538} INFO - Filling up the DagBag from /home/airflow/.local/lib/python3.8/site-packages/airflow/example_dags/example_params_trigger_ui.py
[2025-04-28T10:07:54.230+0000] {processor.py:840} INFO - DAG(s) 'example_params_trigger_ui' retrieved from /home/airflow/.local/lib/python3.8/site-packages/airflow/example_dags/example_params_trigger_ui.py
[2025-04-28T10:07:54.334+0000] {logging_mixin.py:188} INFO - [2025-04-28T10:07:54.334+0000] {dag.py:3033} INFO - Sync 1 DAGs
[2025-04-28T10:07:54.350+0000] {logging_mixin.py:188} INFO - [2025-04-28T10:07:54.350+0000] {dag.py:3820} INFO - Setting next_dagrun for example_params_trigger_ui to None, run_after=None
[2025-04-28T10:07:54.394+0000] {processor.py:183} INFO - Processing /home/airflow/.local/lib/python3.8/site-packages/airflow/example_dags/example_params_trigger_ui.py took 0.198 seconds
[2025-04-28T10:08:24.585+0000] {processor.py:161} INFO - Started process (PID=656) to work on /home/airflow/.local/lib/python3.8/site-packages/airflow/example_dags/example_params_trigger_ui.py
[2025-04-28T10:08:24.586+0000] {processor.py:830} INFO - Processing file /home/airflow/.local/lib/python3.8/site-packages/airflow/example_dags/example_params_trigger_ui.py for tasks to queue
[2025-04-28T10:08:24.590+0000] {logging_mixin.py:188} INFO - [2025-04-28T10:08:24.589+0000] {dagbag.py:538} INFO - Filling up the DagBag from /home/airflow/.local/lib/python3.8/site-packages/airflow/example_dags/example_params_trigger_ui.py
[2025-04-28T10:08:24.616+0000] {processor.py:840} INFO - DAG(s) 'example_params_trigger_ui' retrieved from /home/airflow/.local/lib/python3.8/site-packages/airflow/example_dags/example_params_trigger_ui.py
[2025-04-28T10:08:24.762+0000] {logging_mixin.py:188} INFO - [2025-04-28T10:08:24.762+0000] {dag.py:3033} INFO - Sync 1 DAGs
[2025-04-28T10:08:24.790+0000] {logging_mixin.py:188} INFO - [2025-04-28T10:08:24.790+0000] {dag.py:3820} INFO - Setting next_dagrun for example_params_trigger_ui to None, run_after=None
[2025-04-28T10:08:24.828+0000] {processor.py:183} INFO - Processing /home/airflow/.local/lib/python3.8/site-packages/airflow/example_dags/example_params_trigger_ui.py took 0.248 seconds
[2025-04-28T10:08:55.322+0000] {processor.py:161} INFO - Started process (PID=704) to work on /home/airflow/.local/lib/python3.8/site-packages/airflow/example_dags/example_params_trigger_ui.py
[2025-04-28T10:08:55.324+0000] {processor.py:830} INFO - Processing file /home/airflow/.local/lib/python3.8/site-packages/airflow/example_dags/example_params_trigger_ui.py for tasks to queue
[2025-04-28T10:08:55.327+0000] {logging_mixin.py:188} INFO - [2025-04-28T10:08:55.326+0000] {dagbag.py:538} INFO - Filling up the DagBag from /home/airflow/.local/lib/python3.8/site-packages/airflow/example_dags/example_params_trigger_ui.py
[2025-04-28T10:08:55.366+0000] {processor.py:840} INFO - DAG(s) 'example_params_trigger_ui' retrieved from /home/airflow/.local/lib/python3.8/site-packages/airflow/example_dags/example_params_trigger_ui.py
[2025-04-28T10:08:55.491+0000] {logging_mixin.py:188} INFO - [2025-04-28T10:08:55.491+0000] {dag.py:3033} INFO - Sync 1 DAGs
[2025-04-28T10:08:55.515+0000] {logging_mixin.py:188} INFO - [2025-04-28T10:08:55.514+0000] {dag.py:3820} INFO - Setting next_dagrun for example_params_trigger_ui to None, run_after=None
[2025-04-28T10:08:55.547+0000] {processor.py:183} INFO - Processing /home/airflow/.local/lib/python3.8/site-packages/airflow/example_dags/example_params_trigger_ui.py took 0.230 seconds
[2025-04-28T10:09:26.745+0000] {processor.py:161} INFO - Started process (PID=755) to work on /home/airflow/.local/lib/python3.8/site-packages/airflow/example_dags/example_params_trigger_ui.py
[2025-04-28T10:09:26.746+0000] {processor.py:830} INFO - Processing file /home/airflow/.local/lib/python3.8/site-packages/airflow/example_dags/example_params_trigger_ui.py for tasks to queue
[2025-04-28T10:09:26.750+0000] {logging_mixin.py:188} INFO - [2025-04-28T10:09:26.749+0000] {dagbag.py:538} INFO - Filling up the DagBag from /home/airflow/.local/lib/python3.8/site-packages/airflow/example_dags/example_params_trigger_ui.py
[2025-04-28T10:09:26.772+0000] {processor.py:840} INFO - DAG(s) 'example_params_trigger_ui' retrieved from /home/airflow/.local/lib/python3.8/site-packages/airflow/example_dags/example_params_trigger_ui.py
[2025-04-28T10:09:26.910+0000] {logging_mixin.py:188} INFO - [2025-04-28T10:09:26.910+0000] {dag.py:3033} INFO - Sync 1 DAGs
[2025-04-28T10:09:26.934+0000] {logging_mixin.py:188} INFO - [2025-04-28T10:09:26.934+0000] {dag.py:3820} INFO - Setting next_dagrun for example_params_trigger_ui to None, run_after=None
[2025-04-28T10:09:26.982+0000] {processor.py:183} INFO - Processing /home/airflow/.local/lib/python3.8/site-packages/airflow/example_dags/example_params_trigger_ui.py took 0.242 seconds
[2025-04-28T10:10:00.197+0000] {processor.py:161} INFO - Started process (PID=811) to work on /home/airflow/.local/lib/python3.8/site-packages/airflow/example_dags/example_params_trigger_ui.py
[2025-04-28T10:10:00.199+0000] {processor.py:830} INFO - Processing file /home/airflow/.local/lib/python3.8/site-packages/airflow/example_dags/example_params_trigger_ui.py for tasks to queue
[2025-04-28T10:10:00.202+0000] {logging_mixin.py:188} INFO - [2025-04-28T10:10:00.201+0000] {dagbag.py:538} INFO - Filling up the DagBag from /home/airflow/.local/lib/python3.8/site-packages/airflow/example_dags/example_params_trigger_ui.py
[2025-04-28T10:10:00.233+0000] {processor.py:840} INFO - DAG(s) 'example_params_trigger_ui' retrieved from /home/airflow/.local/lib/python3.8/site-packages/airflow/example_dags/example_params_trigger_ui.py
[2025-04-28T10:10:00.357+0000] {logging_mixin.py:188} INFO - [2025-04-28T10:10:00.357+0000] {dag.py:3033} INFO - Sync 1 DAGs
[2025-04-28T10:10:00.380+0000] {logging_mixin.py:188} INFO - [2025-04-28T10:10:00.380+0000] {dag.py:3820} INFO - Setting next_dagrun for example_params_trigger_ui to None, run_after=None
[2025-04-28T10:10:00.421+0000] {processor.py:183} INFO - Processing /home/airflow/.local/lib/python3.8/site-packages/airflow/example_dags/example_params_trigger_ui.py took 0.230 seconds
[2025-04-28T10:10:33.245+0000] {processor.py:161} INFO - Started process (PID=867) to work on /home/airflow/.local/lib/python3.8/site-packages/airflow/example_dags/example_params_trigger_ui.py
[2025-04-28T10:10:33.246+0000] {processor.py:830} INFO - Processing file /home/airflow/.local/lib/python3.8/site-packages/airflow/example_dags/example_params_trigger_ui.py for tasks to queue
[2025-04-28T10:10:33.251+0000] {logging_mixin.py:188} INFO - [2025-04-28T10:10:33.251+0000] {dagbag.py:538} INFO - Filling up the DagBag from /home/airflow/.local/lib/python3.8/site-packages/airflow/example_dags/example_params_trigger_ui.py
[2025-04-28T10:10:33.286+0000] {processor.py:840} INFO - DAG(s) 'example_params_trigger_ui' retrieved from /home/airflow/.local/lib/python3.8/site-packages/airflow/example_dags/example_params_trigger_ui.py
[2025-04-28T10:10:33.478+0000] {logging_mixin.py:188} INFO - [2025-04-28T10:10:33.477+0000] {dag.py:3033} INFO - Sync 1 DAGs
[2025-04-28T10:10:33.522+0000] {logging_mixin.py:188} INFO - [2025-04-28T10:10:33.522+0000] {dag.py:3820} INFO - Setting next_dagrun for example_params_trigger_ui to None, run_after=None
[2025-04-28T10:10:33.577+0000] {processor.py:183} INFO - Processing /home/airflow/.local/lib/python3.8/site-packages/airflow/example_dags/example_params_trigger_ui.py took 0.339 seconds
[2025-04-28T10:11:13.301+0000] {processor.py:161} INFO - Started process (PID=923) to work on /home/airflow/.local/lib/python3.8/site-packages/airflow/example_dags/example_params_trigger_ui.py
[2025-04-28T10:11:13.303+0000] {processor.py:830} INFO - Processing file /home/airflow/.local/lib/python3.8/site-packages/airflow/example_dags/example_params_trigger_ui.py for tasks to queue
[2025-04-28T10:11:13.305+0000] {logging_mixin.py:188} INFO - [2025-04-28T10:11:13.305+0000] {dagbag.py:538} INFO - Filling up the DagBag from /home/airflow/.local/lib/python3.8/site-packages/airflow/example_dags/example_params_trigger_ui.py
[2025-04-28T10:11:13.325+0000] {processor.py:840} INFO - DAG(s) 'example_params_trigger_ui' retrieved from /home/airflow/.local/lib/python3.8/site-packages/airflow/example_dags/example_params_trigger_ui.py
[2025-04-28T10:11:13.406+0000] {logging_mixin.py:188} INFO - [2025-04-28T10:11:13.406+0000] {dag.py:3033} INFO - Sync 1 DAGs
[2025-04-28T10:11:13.423+0000] {logging_mixin.py:188} INFO - [2025-04-28T10:11:13.422+0000] {dag.py:3820} INFO - Setting next_dagrun for example_params_trigger_ui to None, run_after=None
[2025-04-28T10:11:13.456+0000] {processor.py:183} INFO - Processing /home/airflow/.local/lib/python3.8/site-packages/airflow/example_dags/example_params_trigger_ui.py took 0.158 seconds
[2025-04-28T10:11:43.586+0000] {processor.py:161} INFO - Started process (PID=979) to work on /home/airflow/.local/lib/python3.8/site-packages/airflow/example_dags/example_params_trigger_ui.py
[2025-04-28T10:11:43.588+0000] {processor.py:830} INFO - Processing file /home/airflow/.local/lib/python3.8/site-packages/airflow/example_dags/example_params_trigger_ui.py for tasks to queue
[2025-04-28T10:11:43.591+0000] {logging_mixin.py:188} INFO - [2025-04-28T10:11:43.590+0000] {dagbag.py:538} INFO - Filling up the DagBag from /home/airflow/.local/lib/python3.8/site-packages/airflow/example_dags/example_params_trigger_ui.py
[2025-04-28T10:11:43.611+0000] {processor.py:840} INFO - DAG(s) 'example_params_trigger_ui' retrieved from /home/airflow/.local/lib/python3.8/site-packages/airflow/example_dags/example_params_trigger_ui.py
[2025-04-28T10:11:43.692+0000] {logging_mixin.py:188} INFO - [2025-04-28T10:11:43.692+0000] {dag.py:3033} INFO - Sync 1 DAGs
[2025-04-28T10:11:43.710+0000] {logging_mixin.py:188} INFO - [2025-04-28T10:11:43.710+0000] {dag.py:3820} INFO - Setting next_dagrun for example_params_trigger_ui to None, run_after=None
[2025-04-28T10:11:43.739+0000] {processor.py:183} INFO - Processing /home/airflow/.local/lib/python3.8/site-packages/airflow/example_dags/example_params_trigger_ui.py took 0.156 seconds
[2025-04-28T10:12:14.298+0000] {processor.py:161} INFO - Started process (PID=1035) to work on /home/airflow/.local/lib/python3.8/site-packages/airflow/example_dags/example_params_trigger_ui.py
[2025-04-28T10:12:14.300+0000] {processor.py:830} INFO - Processing file /home/airflow/.local/lib/python3.8/site-packages/airflow/example_dags/example_params_trigger_ui.py for tasks to queue
[2025-04-28T10:12:14.303+0000] {logging_mixin.py:188} INFO - [2025-04-28T10:12:14.303+0000] {dagbag.py:538} INFO - Filling up the DagBag from /home/airflow/.local/lib/python3.8/site-packages/airflow/example_dags/example_params_trigger_ui.py
[2025-04-28T10:12:14.328+0000] {processor.py:840} INFO - DAG(s) 'example_params_trigger_ui' retrieved from /home/airflow/.local/lib/python3.8/site-packages/airflow/example_dags/example_params_trigger_ui.py
[2025-04-28T10:12:14.456+0000] {logging_mixin.py:188} INFO - [2025-04-28T10:12:14.456+0000] {dag.py:3033} INFO - Sync 1 DAGs
[2025-04-28T10:12:14.479+0000] {logging_mixin.py:188} INFO - [2025-04-28T10:12:14.479+0000] {dag.py:3820} INFO - Setting next_dagrun for example_params_trigger_ui to None, run_after=None
[2025-04-28T10:12:14.538+0000] {processor.py:183} INFO - Processing /home/airflow/.local/lib/python3.8/site-packages/airflow/example_dags/example_params_trigger_ui.py took 0.247 seconds
[2025-04-28T10:12:44.791+0000] {processor.py:161} INFO - Started process (PID=1092) to work on /home/airflow/.local/lib/python3.8/site-packages/airflow/example_dags/example_params_trigger_ui.py
[2025-04-28T10:12:44.792+0000] {processor.py:830} INFO - Processing file /home/airflow/.local/lib/python3.8/site-packages/airflow/example_dags/example_params_trigger_ui.py for tasks to queue
[2025-04-28T10:12:44.795+0000] {logging_mixin.py:188} INFO - [2025-04-28T10:12:44.794+0000] {dagbag.py:538} INFO - Filling up the DagBag from /home/airflow/.local/lib/python3.8/site-packages/airflow/example_dags/example_params_trigger_ui.py
[2025-04-28T10:12:44.814+0000] {processor.py:840} INFO - DAG(s) 'example_params_trigger_ui' retrieved from /home/airflow/.local/lib/python3.8/site-packages/airflow/example_dags/example_params_trigger_ui.py
[2025-04-28T10:12:44.914+0000] {logging_mixin.py:188} INFO - [2025-04-28T10:12:44.914+0000] {dag.py:3033} INFO - Sync 1 DAGs
[2025-04-28T10:12:44.937+0000] {logging_mixin.py:188} INFO - [2025-04-28T10:12:44.936+0000] {dag.py:3820} INFO - Setting next_dagrun for example_params_trigger_ui to None, run_after=None
[2025-04-28T10:12:44.974+0000] {processor.py:183} INFO - Processing /home/airflow/.local/lib/python3.8/site-packages/airflow/example_dags/example_params_trigger_ui.py took 0.189 seconds
[2025-04-28T10:13:15.297+0000] {processor.py:161} INFO - Started process (PID=1148) to work on /home/airflow/.local/lib/python3.8/site-packages/airflow/example_dags/example_params_trigger_ui.py
[2025-04-28T10:13:15.300+0000] {processor.py:830} INFO - Processing file /home/airflow/.local/lib/python3.8/site-packages/airflow/example_dags/example_params_trigger_ui.py for tasks to queue
[2025-04-28T10:13:15.304+0000] {logging_mixin.py:188} INFO - [2025-04-28T10:13:15.304+0000] {dagbag.py:538} INFO - Filling up the DagBag from /home/airflow/.local/lib/python3.8/site-packages/airflow/example_dags/example_params_trigger_ui.py
[2025-04-28T10:13:15.337+0000] {processor.py:840} INFO - DAG(s) 'example_params_trigger_ui' retrieved from /home/airflow/.local/lib/python3.8/site-packages/airflow/example_dags/example_params_trigger_ui.py
[2025-04-28T10:13:15.515+0000] {logging_mixin.py:188} INFO - [2025-04-28T10:13:15.514+0000] {dag.py:3033} INFO - Sync 1 DAGs
[2025-04-28T10:13:15.548+0000] {logging_mixin.py:188} INFO - [2025-04-28T10:13:15.548+0000] {dag.py:3820} INFO - Setting next_dagrun for example_params_trigger_ui to None, run_after=None
[2025-04-28T10:13:15.595+0000] {processor.py:183} INFO - Processing /home/airflow/.local/lib/python3.8/site-packages/airflow/example_dags/example_params_trigger_ui.py took 0.304 seconds
[2025-04-28T10:13:48.457+0000] {processor.py:161} INFO - Started process (PID=1204) to work on /home/airflow/.local/lib/python3.8/site-packages/airflow/example_dags/example_params_trigger_ui.py
[2025-04-28T10:13:48.458+0000] {processor.py:830} INFO - Processing file /home/airflow/.local/lib/python3.8/site-packages/airflow/example_dags/example_params_trigger_ui.py for tasks to queue
[2025-04-28T10:13:48.461+0000] {logging_mixin.py:188} INFO - [2025-04-28T10:13:48.461+0000] {dagbag.py:538} INFO - Filling up the DagBag from /home/airflow/.local/lib/python3.8/site-packages/airflow/example_dags/example_params_trigger_ui.py
[2025-04-28T10:13:48.486+0000] {processor.py:840} INFO - DAG(s) 'example_params_trigger_ui' retrieved from /home/airflow/.local/lib/python3.8/site-packages/airflow/example_dags/example_params_trigger_ui.py
[2025-04-28T10:13:48.577+0000] {logging_mixin.py:188} INFO - [2025-04-28T10:13:48.577+0000] {dag.py:3033} INFO - Sync 1 DAGs
[2025-04-28T10:13:48.599+0000] {logging_mixin.py:188} INFO - [2025-04-28T10:13:48.599+0000] {dag.py:3820} INFO - Setting next_dagrun for example_params_trigger_ui to None, run_after=None
[2025-04-28T10:13:48.660+0000] {processor.py:183} INFO - Processing /home/airflow/.local/lib/python3.8/site-packages/airflow/example_dags/example_params_trigger_ui.py took 0.209 seconds
[2025-04-28T10:14:21.341+0000] {processor.py:161} INFO - Started process (PID=1259) to work on /home/airflow/.local/lib/python3.8/site-packages/airflow/example_dags/example_params_trigger_ui.py
[2025-04-28T10:14:21.343+0000] {processor.py:830} INFO - Processing file /home/airflow/.local/lib/python3.8/site-packages/airflow/example_dags/example_params_trigger_ui.py for tasks to queue
[2025-04-28T10:14:21.346+0000] {logging_mixin.py:188} INFO - [2025-04-28T10:14:21.346+0000] {dagbag.py:538} INFO - Filling up the DagBag from /home/airflow/.local/lib/python3.8/site-packages/airflow/example_dags/example_params_trigger_ui.py
[2025-04-28T10:14:21.374+0000] {processor.py:840} INFO - DAG(s) 'example_params_trigger_ui' retrieved from /home/airflow/.local/lib/python3.8/site-packages/airflow/example_dags/example_params_trigger_ui.py
[2025-04-28T10:14:21.480+0000] {logging_mixin.py:188} INFO - [2025-04-28T10:14:21.480+0000] {dag.py:3033} INFO - Sync 1 DAGs
[2025-04-28T10:14:21.508+0000] {logging_mixin.py:188} INFO - [2025-04-28T10:14:21.507+0000] {dag.py:3820} INFO - Setting next_dagrun for example_params_trigger_ui to None, run_after=None
[2025-04-28T10:14:21.551+0000] {processor.py:183} INFO - Processing /home/airflow/.local/lib/python3.8/site-packages/airflow/example_dags/example_params_trigger_ui.py took 0.217 seconds
[2025-04-28T10:14:53.311+0000] {processor.py:161} INFO - Started process (PID=1315) to work on /home/airflow/.local/lib/python3.8/site-packages/airflow/example_dags/example_params_trigger_ui.py
[2025-04-28T10:14:53.312+0000] {processor.py:830} INFO - Processing file /home/airflow/.local/lib/python3.8/site-packages/airflow/example_dags/example_params_trigger_ui.py for tasks to queue
[2025-04-28T10:14:53.316+0000] {logging_mixin.py:188} INFO - [2025-04-28T10:14:53.315+0000] {dagbag.py:538} INFO - Filling up the DagBag from /home/airflow/.local/lib/python3.8/site-packages/airflow/example_dags/example_params_trigger_ui.py
[2025-04-28T10:14:53.344+0000] {processor.py:840} INFO - DAG(s) 'example_params_trigger_ui' retrieved from /home/airflow/.local/lib/python3.8/site-packages/airflow/example_dags/example_params_trigger_ui.py
[2025-04-28T10:14:53.544+0000] {logging_mixin.py:188} INFO - [2025-04-28T10:14:53.543+0000] {dag.py:3033} INFO - Sync 1 DAGs
[2025-04-28T10:14:53.570+0000] {logging_mixin.py:188} INFO - [2025-04-28T10:14:53.570+0000] {dag.py:3820} INFO - Setting next_dagrun for example_params_trigger_ui to None, run_after=None
[2025-04-28T10:14:53.606+0000] {processor.py:183} INFO - Processing /home/airflow/.local/lib/python3.8/site-packages/airflow/example_dags/example_params_trigger_ui.py took 0.302 seconds
[2025-04-28T10:15:26.045+0000] {processor.py:161} INFO - Started process (PID=1372) to work on /home/airflow/.local/lib/python3.8/site-packages/airflow/example_dags/example_params_trigger_ui.py
[2025-04-28T10:15:26.046+0000] {processor.py:830} INFO - Processing file /home/airflow/.local/lib/python3.8/site-packages/airflow/example_dags/example_params_trigger_ui.py for tasks to queue
[2025-04-28T10:15:26.051+0000] {logging_mixin.py:188} INFO - [2025-04-28T10:15:26.050+0000] {dagbag.py:538} INFO - Filling up the DagBag from /home/airflow/.local/lib/python3.8/site-packages/airflow/example_dags/example_params_trigger_ui.py
[2025-04-28T10:15:26.077+0000] {processor.py:840} INFO - DAG(s) 'example_params_trigger_ui' retrieved from /home/airflow/.local/lib/python3.8/site-packages/airflow/example_dags/example_params_trigger_ui.py
[2025-04-28T10:15:26.194+0000] {logging_mixin.py:188} INFO - [2025-04-28T10:15:26.194+0000] {dag.py:3033} INFO - Sync 1 DAGs
[2025-04-28T10:15:26.225+0000] {logging_mixin.py:188} INFO - [2025-04-28T10:15:26.224+0000] {dag.py:3820} INFO - Setting next_dagrun for example_params_trigger_ui to None, run_after=None
[2025-04-28T10:15:26.272+0000] {processor.py:183} INFO - Processing /home/airflow/.local/lib/python3.8/site-packages/airflow/example_dags/example_params_trigger_ui.py took 0.233 seconds
[2025-04-28T10:15:58.869+0000] {processor.py:161} INFO - Started process (PID=1427) to work on /home/airflow/.local/lib/python3.8/site-packages/airflow/example_dags/example_params_trigger_ui.py
[2025-04-28T10:15:58.871+0000] {processor.py:830} INFO - Processing file /home/airflow/.local/lib/python3.8/site-packages/airflow/example_dags/example_params_trigger_ui.py for tasks to queue
[2025-04-28T10:15:58.873+0000] {logging_mixin.py:188} INFO - [2025-04-28T10:15:58.873+0000] {dagbag.py:538} INFO - Filling up the DagBag from /home/airflow/.local/lib/python3.8/site-packages/airflow/example_dags/example_params_trigger_ui.py
[2025-04-28T10:15:58.894+0000] {processor.py:840} INFO - DAG(s) 'example_params_trigger_ui' retrieved from /home/airflow/.local/lib/python3.8/site-packages/airflow/example_dags/example_params_trigger_ui.py
[2025-04-28T10:15:58.986+0000] {logging_mixin.py:188} INFO - [2025-04-28T10:15:58.986+0000] {dag.py:3033} INFO - Sync 1 DAGs
[2025-04-28T10:15:59.008+0000] {logging_mixin.py:188} INFO - [2025-04-28T10:15:59.007+0000] {dag.py:3820} INFO - Setting next_dagrun for example_params_trigger_ui to None, run_after=None
[2025-04-28T10:15:59.036+0000] {processor.py:183} INFO - Processing /home/airflow/.local/lib/python3.8/site-packages/airflow/example_dags/example_params_trigger_ui.py took 0.171 seconds
[2025-04-28T10:16:30.900+0000] {processor.py:161} INFO - Started process (PID=1482) to work on /home/airflow/.local/lib/python3.8/site-packages/airflow/example_dags/example_params_trigger_ui.py
[2025-04-28T10:16:30.904+0000] {processor.py:830} INFO - Processing file /home/airflow/.local/lib/python3.8/site-packages/airflow/example_dags/example_params_trigger_ui.py for tasks to queue
[2025-04-28T10:16:30.908+0000] {logging_mixin.py:188} INFO - [2025-04-28T10:16:30.907+0000] {dagbag.py:538} INFO - Filling up the DagBag from /home/airflow/.local/lib/python3.8/site-packages/airflow/example_dags/example_params_trigger_ui.py
[2025-04-28T10:16:30.933+0000] {processor.py:840} INFO - DAG(s) 'example_params_trigger_ui' retrieved from /home/airflow/.local/lib/python3.8/site-packages/airflow/example_dags/example_params_trigger_ui.py
[2025-04-28T10:16:31.135+0000] {logging_mixin.py:188} INFO - [2025-04-28T10:16:31.135+0000] {dag.py:3033} INFO - Sync 1 DAGs
[2025-04-28T10:16:31.167+0000] {logging_mixin.py:188} INFO - [2025-04-28T10:16:31.167+0000] {dag.py:3820} INFO - Setting next_dagrun for example_params_trigger_ui to None, run_after=None
[2025-04-28T10:16:31.210+0000] {processor.py:183} INFO - Processing /home/airflow/.local/lib/python3.8/site-packages/airflow/example_dags/example_params_trigger_ui.py took 0.317 seconds
[2025-04-28T10:17:10.139+0000] {processor.py:161} INFO - Started process (PID=1538) to work on /home/airflow/.local/lib/python3.8/site-packages/airflow/example_dags/example_params_trigger_ui.py
[2025-04-28T10:17:10.142+0000] {processor.py:830} INFO - Processing file /home/airflow/.local/lib/python3.8/site-packages/airflow/example_dags/example_params_trigger_ui.py for tasks to queue
[2025-04-28T10:17:10.146+0000] {logging_mixin.py:188} INFO - [2025-04-28T10:17:10.146+0000] {dagbag.py:538} INFO - Filling up the DagBag from /home/airflow/.local/lib/python3.8/site-packages/airflow/example_dags/example_params_trigger_ui.py
[2025-04-28T10:17:10.235+0000] {processor.py:840} INFO - DAG(s) 'example_params_trigger_ui' retrieved from /home/airflow/.local/lib/python3.8/site-packages/airflow/example_dags/example_params_trigger_ui.py
[2025-04-28T10:17:10.794+0000] {logging_mixin.py:188} INFO - [2025-04-28T10:17:10.794+0000] {dag.py:3033} INFO - Sync 1 DAGs
[2025-04-28T10:17:10.889+0000] {logging_mixin.py:188} INFO - [2025-04-28T10:17:10.889+0000] {dag.py:3820} INFO - Setting next_dagrun for example_params_trigger_ui to None, run_after=None
[2025-04-28T10:17:10.984+0000] {processor.py:183} INFO - Processing /home/airflow/.local/lib/python3.8/site-packages/airflow/example_dags/example_params_trigger_ui.py took 0.852 seconds
[2025-04-28T10:17:41.161+0000] {processor.py:161} INFO - Started process (PID=1594) to work on /home/airflow/.local/lib/python3.8/site-packages/airflow/example_dags/example_params_trigger_ui.py
[2025-04-28T10:17:41.166+0000] {processor.py:830} INFO - Processing file /home/airflow/.local/lib/python3.8/site-packages/airflow/example_dags/example_params_trigger_ui.py for tasks to queue
[2025-04-28T10:17:41.172+0000] {logging_mixin.py:188} INFO - [2025-04-28T10:17:41.171+0000] {dagbag.py:538} INFO - Filling up the DagBag from /home/airflow/.local/lib/python3.8/site-packages/airflow/example_dags/example_params_trigger_ui.py
[2025-04-28T10:17:41.223+0000] {processor.py:840} INFO - DAG(s) 'example_params_trigger_ui' retrieved from /home/airflow/.local/lib/python3.8/site-packages/airflow/example_dags/example_params_trigger_ui.py
[2025-04-28T10:17:41.574+0000] {logging_mixin.py:188} INFO - [2025-04-28T10:17:41.573+0000] {dag.py:3033} INFO - Sync 1 DAGs
[2025-04-28T10:17:41.641+0000] {logging_mixin.py:188} INFO - [2025-04-28T10:17:41.640+0000] {dag.py:3820} INFO - Setting next_dagrun for example_params_trigger_ui to None, run_after=None
[2025-04-28T10:17:41.723+0000] {processor.py:183} INFO - Processing /home/airflow/.local/lib/python3.8/site-packages/airflow/example_dags/example_params_trigger_ui.py took 0.576 seconds
[2025-04-28T10:18:12.528+0000] {processor.py:161} INFO - Started process (PID=1650) to work on /home/airflow/.local/lib/python3.8/site-packages/airflow/example_dags/example_params_trigger_ui.py
[2025-04-28T10:18:12.537+0000] {processor.py:830} INFO - Processing file /home/airflow/.local/lib/python3.8/site-packages/airflow/example_dags/example_params_trigger_ui.py for tasks to queue
[2025-04-28T10:18:12.542+0000] {logging_mixin.py:188} INFO - [2025-04-28T10:18:12.541+0000] {dagbag.py:538} INFO - Filling up the DagBag from /home/airflow/.local/lib/python3.8/site-packages/airflow/example_dags/example_params_trigger_ui.py
[2025-04-28T10:18:12.607+0000] {processor.py:840} INFO - DAG(s) 'example_params_trigger_ui' retrieved from /home/airflow/.local/lib/python3.8/site-packages/airflow/example_dags/example_params_trigger_ui.py
[2025-04-28T10:18:12.928+0000] {logging_mixin.py:188} INFO - [2025-04-28T10:18:12.927+0000] {dag.py:3033} INFO - Sync 1 DAGs
[2025-04-28T10:18:12.980+0000] {logging_mixin.py:188} INFO - [2025-04-28T10:18:12.980+0000] {dag.py:3820} INFO - Setting next_dagrun for example_params_trigger_ui to None, run_after=None
[2025-04-28T10:18:13.116+0000] {processor.py:183} INFO - Processing /home/airflow/.local/lib/python3.8/site-packages/airflow/example_dags/example_params_trigger_ui.py took 0.605 seconds
[2025-04-28T10:18:43.392+0000] {processor.py:161} INFO - Started process (PID=1707) to work on /home/airflow/.local/lib/python3.8/site-packages/airflow/example_dags/example_params_trigger_ui.py
[2025-04-28T10:18:43.393+0000] {processor.py:830} INFO - Processing file /home/airflow/.local/lib/python3.8/site-packages/airflow/example_dags/example_params_trigger_ui.py for tasks to queue
[2025-04-28T10:18:43.397+0000] {logging_mixin.py:188} INFO - [2025-04-28T10:18:43.397+0000] {dagbag.py:538} INFO - Filling up the DagBag from /home/airflow/.local/lib/python3.8/site-packages/airflow/example_dags/example_params_trigger_ui.py
[2025-04-28T10:18:43.417+0000] {processor.py:840} INFO - DAG(s) 'example_params_trigger_ui' retrieved from /home/airflow/.local/lib/python3.8/site-packages/airflow/example_dags/example_params_trigger_ui.py
[2025-04-28T10:18:43.521+0000] {logging_mixin.py:188} INFO - [2025-04-28T10:18:43.521+0000] {dag.py:3033} INFO - Sync 1 DAGs
[2025-04-28T10:18:43.550+0000] {logging_mixin.py:188} INFO - [2025-04-28T10:18:43.550+0000] {dag.py:3820} INFO - Setting next_dagrun for example_params_trigger_ui to None, run_after=None
[2025-04-28T10:18:43.578+0000] {processor.py:183} INFO - Processing /home/airflow/.local/lib/python3.8/site-packages/airflow/example_dags/example_params_trigger_ui.py took 0.195 seconds
[2025-04-28T10:19:15.439+0000] {processor.py:161} INFO - Started process (PID=1762) to work on /home/airflow/.local/lib/python3.8/site-packages/airflow/example_dags/example_params_trigger_ui.py
[2025-04-28T10:19:15.441+0000] {processor.py:830} INFO - Processing file /home/airflow/.local/lib/python3.8/site-packages/airflow/example_dags/example_params_trigger_ui.py for tasks to queue
[2025-04-28T10:19:15.444+0000] {logging_mixin.py:188} INFO - [2025-04-28T10:19:15.444+0000] {dagbag.py:538} INFO - Filling up the DagBag from /home/airflow/.local/lib/python3.8/site-packages/airflow/example_dags/example_params_trigger_ui.py
[2025-04-28T10:19:15.487+0000] {processor.py:840} INFO - DAG(s) 'example_params_trigger_ui' retrieved from /home/airflow/.local/lib/python3.8/site-packages/airflow/example_dags/example_params_trigger_ui.py
[2025-04-28T10:19:15.572+0000] {logging_mixin.py:188} INFO - [2025-04-28T10:19:15.572+0000] {dag.py:3033} INFO - Sync 1 DAGs
[2025-04-28T10:19:15.589+0000] {logging_mixin.py:188} INFO - [2025-04-28T10:19:15.589+0000] {dag.py:3820} INFO - Setting next_dagrun for example_params_trigger_ui to None, run_after=None
[2025-04-28T10:19:15.617+0000] {processor.py:183} INFO - Processing /home/airflow/.local/lib/python3.8/site-packages/airflow/example_dags/example_params_trigger_ui.py took 0.181 seconds
[2025-04-28T10:19:47.852+0000] {processor.py:161} INFO - Started process (PID=1822) to work on /home/airflow/.local/lib/python3.8/site-packages/airflow/example_dags/example_params_trigger_ui.py
[2025-04-28T10:19:47.854+0000] {processor.py:830} INFO - Processing file /home/airflow/.local/lib/python3.8/site-packages/airflow/example_dags/example_params_trigger_ui.py for tasks to queue
[2025-04-28T10:19:47.857+0000] {logging_mixin.py:188} INFO - [2025-04-28T10:19:47.857+0000] {dagbag.py:538} INFO - Filling up the DagBag from /home/airflow/.local/lib/python3.8/site-packages/airflow/example_dags/example_params_trigger_ui.py
[2025-04-28T10:19:47.893+0000] {processor.py:840} INFO - DAG(s) 'example_params_trigger_ui' retrieved from /home/airflow/.local/lib/python3.8/site-packages/airflow/example_dags/example_params_trigger_ui.py
[2025-04-28T10:19:47.994+0000] {logging_mixin.py:188} INFO - [2025-04-28T10:19:47.994+0000] {dag.py:3033} INFO - Sync 1 DAGs
[2025-04-28T10:19:48.015+0000] {logging_mixin.py:188} INFO - [2025-04-28T10:19:48.014+0000] {dag.py:3820} INFO - Setting next_dagrun for example_params_trigger_ui to None, run_after=None
[2025-04-28T10:19:48.067+0000] {processor.py:183} INFO - Processing /home/airflow/.local/lib/python3.8/site-packages/airflow/example_dags/example_params_trigger_ui.py took 0.224 seconds
[2025-04-28T10:20:20.525+0000] {processor.py:161} INFO - Started process (PID=1878) to work on /home/airflow/.local/lib/python3.8/site-packages/airflow/example_dags/example_params_trigger_ui.py
[2025-04-28T10:20:20.526+0000] {processor.py:830} INFO - Processing file /home/airflow/.local/lib/python3.8/site-packages/airflow/example_dags/example_params_trigger_ui.py for tasks to queue
[2025-04-28T10:20:20.531+0000] {logging_mixin.py:188} INFO - [2025-04-28T10:20:20.531+0000] {dagbag.py:538} INFO - Filling up the DagBag from /home/airflow/.local/lib/python3.8/site-packages/airflow/example_dags/example_params_trigger_ui.py
[2025-04-28T10:20:20.560+0000] {processor.py:840} INFO - DAG(s) 'example_params_trigger_ui' retrieved from /home/airflow/.local/lib/python3.8/site-packages/airflow/example_dags/example_params_trigger_ui.py
[2025-04-28T10:20:20.724+0000] {logging_mixin.py:188} INFO - [2025-04-28T10:20:20.724+0000] {dag.py:3033} INFO - Sync 1 DAGs
[2025-04-28T10:20:20.748+0000] {logging_mixin.py:188} INFO - [2025-04-28T10:20:20.748+0000] {dag.py:3820} INFO - Setting next_dagrun for example_params_trigger_ui to None, run_after=None
[2025-04-28T10:20:20.786+0000] {processor.py:183} INFO - Processing /home/airflow/.local/lib/python3.8/site-packages/airflow/example_dags/example_params_trigger_ui.py took 0.266 seconds
[2025-04-28T10:20:51.016+0000] {processor.py:161} INFO - Started process (PID=1935) to work on /home/airflow/.local/lib/python3.8/site-packages/airflow/example_dags/example_params_trigger_ui.py
[2025-04-28T10:20:51.018+0000] {processor.py:830} INFO - Processing file /home/airflow/.local/lib/python3.8/site-packages/airflow/example_dags/example_params_trigger_ui.py for tasks to queue
[2025-04-28T10:20:51.021+0000] {logging_mixin.py:188} INFO - [2025-04-28T10:20:51.021+0000] {dagbag.py:538} INFO - Filling up the DagBag from /home/airflow/.local/lib/python3.8/site-packages/airflow/example_dags/example_params_trigger_ui.py
[2025-04-28T10:20:51.047+0000] {processor.py:840} INFO - DAG(s) 'example_params_trigger_ui' retrieved from /home/airflow/.local/lib/python3.8/site-packages/airflow/example_dags/example_params_trigger_ui.py
[2025-04-28T10:20:51.165+0000] {logging_mixin.py:188} INFO - [2025-04-28T10:20:51.165+0000] {dag.py:3033} INFO - Sync 1 DAGs
[2025-04-28T10:20:51.190+0000] {logging_mixin.py:188} INFO - [2025-04-28T10:20:51.189+0000] {dag.py:3820} INFO - Setting next_dagrun for example_params_trigger_ui to None, run_after=None
[2025-04-28T10:20:51.220+0000] {processor.py:183} INFO - Processing /home/airflow/.local/lib/python3.8/site-packages/airflow/example_dags/example_params_trigger_ui.py took 0.210 seconds
[2025-04-28T10:21:28.051+0000] {processor.py:161} INFO - Started process (PID=1994) to work on /home/airflow/.local/lib/python3.8/site-packages/airflow/example_dags/example_params_trigger_ui.py
[2025-04-28T10:21:28.053+0000] {processor.py:830} INFO - Processing file /home/airflow/.local/lib/python3.8/site-packages/airflow/example_dags/example_params_trigger_ui.py for tasks to queue
[2025-04-28T10:21:28.064+0000] {logging_mixin.py:188} INFO - [2025-04-28T10:21:28.063+0000] {dagbag.py:538} INFO - Filling up the DagBag from /home/airflow/.local/lib/python3.8/site-packages/airflow/example_dags/example_params_trigger_ui.py
[2025-04-28T10:21:28.105+0000] {processor.py:840} INFO - DAG(s) 'example_params_trigger_ui' retrieved from /home/airflow/.local/lib/python3.8/site-packages/airflow/example_dags/example_params_trigger_ui.py
[2025-04-28T10:21:28.286+0000] {logging_mixin.py:188} INFO - [2025-04-28T10:21:28.286+0000] {dag.py:3033} INFO - Sync 1 DAGs
[2025-04-28T10:21:28.321+0000] {logging_mixin.py:188} INFO - [2025-04-28T10:21:28.320+0000] {dag.py:3820} INFO - Setting next_dagrun for example_params_trigger_ui to None, run_after=None
[2025-04-28T10:21:28.391+0000] {processor.py:183} INFO - Processing /home/airflow/.local/lib/python3.8/site-packages/airflow/example_dags/example_params_trigger_ui.py took 0.346 seconds
[2025-04-28T10:21:59.061+0000] {processor.py:161} INFO - Started process (PID=2050) to work on /home/airflow/.local/lib/python3.8/site-packages/airflow/example_dags/example_params_trigger_ui.py
[2025-04-28T10:21:59.063+0000] {processor.py:830} INFO - Processing file /home/airflow/.local/lib/python3.8/site-packages/airflow/example_dags/example_params_trigger_ui.py for tasks to queue
[2025-04-28T10:21:59.067+0000] {logging_mixin.py:188} INFO - [2025-04-28T10:21:59.066+0000] {dagbag.py:538} INFO - Filling up the DagBag from /home/airflow/.local/lib/python3.8/site-packages/airflow/example_dags/example_params_trigger_ui.py
[2025-04-28T10:21:59.097+0000] {processor.py:840} INFO - DAG(s) 'example_params_trigger_ui' retrieved from /home/airflow/.local/lib/python3.8/site-packages/airflow/example_dags/example_params_trigger_ui.py
[2025-04-28T10:21:59.194+0000] {logging_mixin.py:188} INFO - [2025-04-28T10:21:59.194+0000] {dag.py:3033} INFO - Sync 1 DAGs
[2025-04-28T10:21:59.215+0000] {logging_mixin.py:188} INFO - [2025-04-28T10:21:59.214+0000] {dag.py:3820} INFO - Setting next_dagrun for example_params_trigger_ui to None, run_after=None
[2025-04-28T10:21:59.424+0000] {processor.py:183} INFO - Processing /home/airflow/.local/lib/python3.8/site-packages/airflow/example_dags/example_params_trigger_ui.py took 0.368 seconds
[2025-04-28T10:22:30.551+0000] {processor.py:161} INFO - Started process (PID=2109) to work on /home/airflow/.local/lib/python3.8/site-packages/airflow/example_dags/example_params_trigger_ui.py
[2025-04-28T10:22:30.552+0000] {processor.py:830} INFO - Processing file /home/airflow/.local/lib/python3.8/site-packages/airflow/example_dags/example_params_trigger_ui.py for tasks to queue
[2025-04-28T10:22:30.557+0000] {logging_mixin.py:188} INFO - [2025-04-28T10:22:30.557+0000] {dagbag.py:538} INFO - Filling up the DagBag from /home/airflow/.local/lib/python3.8/site-packages/airflow/example_dags/example_params_trigger_ui.py
[2025-04-28T10:22:30.581+0000] {processor.py:840} INFO - DAG(s) 'example_params_trigger_ui' retrieved from /home/airflow/.local/lib/python3.8/site-packages/airflow/example_dags/example_params_trigger_ui.py
[2025-04-28T10:22:30.687+0000] {logging_mixin.py:188} INFO - [2025-04-28T10:22:30.687+0000] {dag.py:3033} INFO - Sync 1 DAGs
[2025-04-28T10:22:30.725+0000] {logging_mixin.py:188} INFO - [2025-04-28T10:22:30.725+0000] {dag.py:3820} INFO - Setting next_dagrun for example_params_trigger_ui to None, run_after=None
[2025-04-28T10:22:30.758+0000] {processor.py:183} INFO - Processing /home/airflow/.local/lib/python3.8/site-packages/airflow/example_dags/example_params_trigger_ui.py took 0.212 seconds
[2025-04-28T10:23:00.956+0000] {processor.py:161} INFO - Started process (PID=2166) to work on /home/airflow/.local/lib/python3.8/site-packages/airflow/example_dags/example_params_trigger_ui.py
[2025-04-28T10:23:00.957+0000] {processor.py:830} INFO - Processing file /home/airflow/.local/lib/python3.8/site-packages/airflow/example_dags/example_params_trigger_ui.py for tasks to queue
[2025-04-28T10:23:00.962+0000] {logging_mixin.py:188} INFO - [2025-04-28T10:23:00.961+0000] {dagbag.py:538} INFO - Filling up the DagBag from /home/airflow/.local/lib/python3.8/site-packages/airflow/example_dags/example_params_trigger_ui.py
[2025-04-28T10:23:00.988+0000] {processor.py:840} INFO - DAG(s) 'example_params_trigger_ui' retrieved from /home/airflow/.local/lib/python3.8/site-packages/airflow/example_dags/example_params_trigger_ui.py
[2025-04-28T10:23:01.118+0000] {logging_mixin.py:188} INFO - [2025-04-28T10:23:01.117+0000] {dag.py:3033} INFO - Sync 1 DAGs
[2025-04-28T10:23:01.138+0000] {logging_mixin.py:188} INFO - [2025-04-28T10:23:01.138+0000] {dag.py:3820} INFO - Setting next_dagrun for example_params_trigger_ui to None, run_after=None
[2025-04-28T10:23:01.172+0000] {processor.py:183} INFO - Processing /home/airflow/.local/lib/python3.8/site-packages/airflow/example_dags/example_params_trigger_ui.py took 0.220 seconds
[2025-04-28T10:23:35.324+0000] {processor.py:161} INFO - Started process (PID=2226) to work on /home/airflow/.local/lib/python3.8/site-packages/airflow/example_dags/example_params_trigger_ui.py
[2025-04-28T10:23:35.326+0000] {processor.py:830} INFO - Processing file /home/airflow/.local/lib/python3.8/site-packages/airflow/example_dags/example_params_trigger_ui.py for tasks to queue
[2025-04-28T10:23:35.329+0000] {logging_mixin.py:188} INFO - [2025-04-28T10:23:35.329+0000] {dagbag.py:538} INFO - Filling up the DagBag from /home/airflow/.local/lib/python3.8/site-packages/airflow/example_dags/example_params_trigger_ui.py
[2025-04-28T10:23:35.367+0000] {processor.py:840} INFO - DAG(s) 'example_params_trigger_ui' retrieved from /home/airflow/.local/lib/python3.8/site-packages/airflow/example_dags/example_params_trigger_ui.py
[2025-04-28T10:23:35.631+0000] {logging_mixin.py:188} INFO - [2025-04-28T10:23:35.631+0000] {dag.py:3033} INFO - Sync 1 DAGs
[2025-04-28T10:23:35.649+0000] {logging_mixin.py:188} INFO - [2025-04-28T10:23:35.649+0000] {dag.py:3820} INFO - Setting next_dagrun for example_params_trigger_ui to None, run_after=None
[2025-04-28T10:23:35.681+0000] {processor.py:183} INFO - Processing /home/airflow/.local/lib/python3.8/site-packages/airflow/example_dags/example_params_trigger_ui.py took 0.361 seconds
[2025-04-28T10:24:05.798+0000] {processor.py:161} INFO - Started process (PID=2282) to work on /home/airflow/.local/lib/python3.8/site-packages/airflow/example_dags/example_params_trigger_ui.py
[2025-04-28T10:24:05.800+0000] {processor.py:830} INFO - Processing file /home/airflow/.local/lib/python3.8/site-packages/airflow/example_dags/example_params_trigger_ui.py for tasks to queue
[2025-04-28T10:24:05.804+0000] {logging_mixin.py:188} INFO - [2025-04-28T10:24:05.803+0000] {dagbag.py:538} INFO - Filling up the DagBag from /home/airflow/.local/lib/python3.8/site-packages/airflow/example_dags/example_params_trigger_ui.py
[2025-04-28T10:24:05.822+0000] {processor.py:840} INFO - DAG(s) 'example_params_trigger_ui' retrieved from /home/airflow/.local/lib/python3.8/site-packages/airflow/example_dags/example_params_trigger_ui.py
[2025-04-28T10:24:05.906+0000] {logging_mixin.py:188} INFO - [2025-04-28T10:24:05.905+0000] {dag.py:3033} INFO - Sync 1 DAGs
[2025-04-28T10:24:05.923+0000] {logging_mixin.py:188} INFO - [2025-04-28T10:24:05.923+0000] {dag.py:3820} INFO - Setting next_dagrun for example_params_trigger_ui to None, run_after=None
[2025-04-28T10:24:05.953+0000] {processor.py:183} INFO - Processing /home/airflow/.local/lib/python3.8/site-packages/airflow/example_dags/example_params_trigger_ui.py took 0.160 seconds
[2025-04-28T10:24:40.813+0000] {processor.py:161} INFO - Started process (PID=2339) to work on /home/airflow/.local/lib/python3.8/site-packages/airflow/example_dags/example_params_trigger_ui.py
[2025-04-28T10:24:40.814+0000] {processor.py:830} INFO - Processing file /home/airflow/.local/lib/python3.8/site-packages/airflow/example_dags/example_params_trigger_ui.py for tasks to queue
[2025-04-28T10:24:40.818+0000] {logging_mixin.py:188} INFO - [2025-04-28T10:24:40.818+0000] {dagbag.py:538} INFO - Filling up the DagBag from /home/airflow/.local/lib/python3.8/site-packages/airflow/example_dags/example_params_trigger_ui.py
[2025-04-28T10:24:40.847+0000] {processor.py:840} INFO - DAG(s) 'example_params_trigger_ui' retrieved from /home/airflow/.local/lib/python3.8/site-packages/airflow/example_dags/example_params_trigger_ui.py
[2025-04-28T10:24:40.980+0000] {logging_mixin.py:188} INFO - [2025-04-28T10:24:40.980+0000] {dag.py:3033} INFO - Sync 1 DAGs
[2025-04-28T10:24:41.002+0000] {logging_mixin.py:188} INFO - [2025-04-28T10:24:41.002+0000] {dag.py:3820} INFO - Setting next_dagrun for example_params_trigger_ui to None, run_after=None
[2025-04-28T10:24:41.048+0000] {processor.py:183} INFO - Processing /home/airflow/.local/lib/python3.8/site-packages/airflow/example_dags/example_params_trigger_ui.py took 0.242 seconds
[2025-04-28T10:25:15.322+0000] {processor.py:161} INFO - Started process (PID=2395) to work on /home/airflow/.local/lib/python3.8/site-packages/airflow/example_dags/example_params_trigger_ui.py
[2025-04-28T10:25:15.324+0000] {processor.py:830} INFO - Processing file /home/airflow/.local/lib/python3.8/site-packages/airflow/example_dags/example_params_trigger_ui.py for tasks to queue
[2025-04-28T10:25:15.328+0000] {logging_mixin.py:188} INFO - [2025-04-28T10:25:15.327+0000] {dagbag.py:538} INFO - Filling up the DagBag from /home/airflow/.local/lib/python3.8/site-packages/airflow/example_dags/example_params_trigger_ui.py
[2025-04-28T10:25:15.352+0000] {processor.py:840} INFO - DAG(s) 'example_params_trigger_ui' retrieved from /home/airflow/.local/lib/python3.8/site-packages/airflow/example_dags/example_params_trigger_ui.py
[2025-04-28T10:25:15.682+0000] {logging_mixin.py:188} INFO - [2025-04-28T10:25:15.682+0000] {dag.py:3033} INFO - Sync 1 DAGs
[2025-04-28T10:25:15.710+0000] {logging_mixin.py:188} INFO - [2025-04-28T10:25:15.710+0000] {dag.py:3820} INFO - Setting next_dagrun for example_params_trigger_ui to None, run_after=None
[2025-04-28T10:25:15.747+0000] {processor.py:183} INFO - Processing /home/airflow/.local/lib/python3.8/site-packages/airflow/example_dags/example_params_trigger_ui.py took 0.430 seconds
[2025-04-28T10:25:46.733+0000] {processor.py:161} INFO - Started process (PID=2451) to work on /home/airflow/.local/lib/python3.8/site-packages/airflow/example_dags/example_params_trigger_ui.py
[2025-04-28T10:25:46.735+0000] {processor.py:830} INFO - Processing file /home/airflow/.local/lib/python3.8/site-packages/airflow/example_dags/example_params_trigger_ui.py for tasks to queue
[2025-04-28T10:25:46.739+0000] {logging_mixin.py:188} INFO - [2025-04-28T10:25:46.739+0000] {dagbag.py:538} INFO - Filling up the DagBag from /home/airflow/.local/lib/python3.8/site-packages/airflow/example_dags/example_params_trigger_ui.py
[2025-04-28T10:25:46.770+0000] {processor.py:840} INFO - DAG(s) 'example_params_trigger_ui' retrieved from /home/airflow/.local/lib/python3.8/site-packages/airflow/example_dags/example_params_trigger_ui.py
[2025-04-28T10:25:46.904+0000] {logging_mixin.py:188} INFO - [2025-04-28T10:25:46.903+0000] {dag.py:3033} INFO - Sync 1 DAGs
[2025-04-28T10:25:46.934+0000] {logging_mixin.py:188} INFO - [2025-04-28T10:25:46.933+0000] {dag.py:3820} INFO - Setting next_dagrun for example_params_trigger_ui to None, run_after=None
[2025-04-28T10:25:46.988+0000] {processor.py:183} INFO - Processing /home/airflow/.local/lib/python3.8/site-packages/airflow/example_dags/example_params_trigger_ui.py took 0.262 seconds
[2025-04-28T10:26:19.640+0000] {processor.py:161} INFO - Started process (PID=2507) to work on /home/airflow/.local/lib/python3.8/site-packages/airflow/example_dags/example_params_trigger_ui.py
[2025-04-28T10:26:19.641+0000] {processor.py:830} INFO - Processing file /home/airflow/.local/lib/python3.8/site-packages/airflow/example_dags/example_params_trigger_ui.py for tasks to queue
[2025-04-28T10:26:19.644+0000] {logging_mixin.py:188} INFO - [2025-04-28T10:26:19.644+0000] {dagbag.py:538} INFO - Filling up the DagBag from /home/airflow/.local/lib/python3.8/site-packages/airflow/example_dags/example_params_trigger_ui.py
[2025-04-28T10:26:19.668+0000] {processor.py:840} INFO - DAG(s) 'example_params_trigger_ui' retrieved from /home/airflow/.local/lib/python3.8/site-packages/airflow/example_dags/example_params_trigger_ui.py
[2025-04-28T10:26:19.761+0000] {logging_mixin.py:188} INFO - [2025-04-28T10:26:19.761+0000] {dag.py:3033} INFO - Sync 1 DAGs
[2025-04-28T10:26:19.783+0000] {logging_mixin.py:188} INFO - [2025-04-28T10:26:19.782+0000] {dag.py:3820} INFO - Setting next_dagrun for example_params_trigger_ui to None, run_after=None
[2025-04-28T10:26:19.842+0000] {processor.py:183} INFO - Processing /home/airflow/.local/lib/python3.8/site-packages/airflow/example_dags/example_params_trigger_ui.py took 0.207 seconds
[2025-04-28T10:28:41.637+0000] {processor.py:161} INFO - Started process (PID=99) to work on /home/airflow/.local/lib/python3.8/site-packages/airflow/example_dags/example_params_trigger_ui.py
[2025-04-28T10:28:41.646+0000] {processor.py:830} INFO - Processing file /home/airflow/.local/lib/python3.8/site-packages/airflow/example_dags/example_params_trigger_ui.py for tasks to queue
[2025-04-28T10:28:41.677+0000] {logging_mixin.py:188} INFO - [2025-04-28T10:28:41.677+0000] {dagbag.py:538} INFO - Filling up the DagBag from /home/airflow/.local/lib/python3.8/site-packages/airflow/example_dags/example_params_trigger_ui.py
[2025-04-28T10:28:41.739+0000] {processor.py:840} INFO - DAG(s) 'example_params_trigger_ui' retrieved from /home/airflow/.local/lib/python3.8/site-packages/airflow/example_dags/example_params_trigger_ui.py
[2025-04-28T10:28:42.076+0000] {logging_mixin.py:188} INFO - [2025-04-28T10:28:42.076+0000] {dag.py:3033} INFO - Sync 1 DAGs
[2025-04-28T10:28:42.094+0000] {logging_mixin.py:188} INFO - [2025-04-28T10:28:42.094+0000] {dag.py:3820} INFO - Setting next_dagrun for example_params_trigger_ui to None, run_after=None
[2025-04-28T10:28:42.127+0000] {processor.py:183} INFO - Processing /home/airflow/.local/lib/python3.8/site-packages/airflow/example_dags/example_params_trigger_ui.py took 0.507 seconds
[2025-04-28T10:29:12.286+0000] {processor.py:161} INFO - Started process (PID=154) to work on /home/airflow/.local/lib/python3.8/site-packages/airflow/example_dags/example_params_trigger_ui.py
[2025-04-28T10:29:12.287+0000] {processor.py:830} INFO - Processing file /home/airflow/.local/lib/python3.8/site-packages/airflow/example_dags/example_params_trigger_ui.py for tasks to queue
[2025-04-28T10:29:12.291+0000] {logging_mixin.py:188} INFO - [2025-04-28T10:29:12.290+0000] {dagbag.py:538} INFO - Filling up the DagBag from /home/airflow/.local/lib/python3.8/site-packages/airflow/example_dags/example_params_trigger_ui.py
[2025-04-28T10:29:12.323+0000] {processor.py:840} INFO - DAG(s) 'example_params_trigger_ui' retrieved from /home/airflow/.local/lib/python3.8/site-packages/airflow/example_dags/example_params_trigger_ui.py
[2025-04-28T10:29:12.468+0000] {logging_mixin.py:188} INFO - [2025-04-28T10:29:12.467+0000] {dag.py:3033} INFO - Sync 1 DAGs
[2025-04-28T10:29:12.491+0000] {logging_mixin.py:188} INFO - [2025-04-28T10:29:12.491+0000] {dag.py:3820} INFO - Setting next_dagrun for example_params_trigger_ui to None, run_after=None
[2025-04-28T10:29:12.533+0000] {processor.py:183} INFO - Processing /home/airflow/.local/lib/python3.8/site-packages/airflow/example_dags/example_params_trigger_ui.py took 0.255 seconds
[2025-04-28T10:29:43.031+0000] {processor.py:161} INFO - Started process (PID=210) to work on /home/airflow/.local/lib/python3.8/site-packages/airflow/example_dags/example_params_trigger_ui.py
[2025-04-28T10:29:43.049+0000] {processor.py:830} INFO - Processing file /home/airflow/.local/lib/python3.8/site-packages/airflow/example_dags/example_params_trigger_ui.py for tasks to queue
[2025-04-28T10:29:43.061+0000] {logging_mixin.py:188} INFO - [2025-04-28T10:29:43.060+0000] {dagbag.py:538} INFO - Filling up the DagBag from /home/airflow/.local/lib/python3.8/site-packages/airflow/example_dags/example_params_trigger_ui.py
[2025-04-28T10:29:43.125+0000] {processor.py:840} INFO - DAG(s) 'example_params_trigger_ui' retrieved from /home/airflow/.local/lib/python3.8/site-packages/airflow/example_dags/example_params_trigger_ui.py
[2025-04-28T10:29:43.329+0000] {logging_mixin.py:188} INFO - [2025-04-28T10:29:43.329+0000] {dag.py:3033} INFO - Sync 1 DAGs
[2025-04-28T10:29:43.351+0000] {logging_mixin.py:188} INFO - [2025-04-28T10:29:43.351+0000] {dag.py:3820} INFO - Setting next_dagrun for example_params_trigger_ui to None, run_after=None
[2025-04-28T10:29:43.383+0000] {processor.py:183} INFO - Processing /home/airflow/.local/lib/python3.8/site-packages/airflow/example_dags/example_params_trigger_ui.py took 0.367 seconds
[2025-04-28T10:30:13.932+0000] {processor.py:161} INFO - Started process (PID=266) to work on /home/airflow/.local/lib/python3.8/site-packages/airflow/example_dags/example_params_trigger_ui.py
[2025-04-28T10:30:13.933+0000] {processor.py:830} INFO - Processing file /home/airflow/.local/lib/python3.8/site-packages/airflow/example_dags/example_params_trigger_ui.py for tasks to queue
[2025-04-28T10:30:13.937+0000] {logging_mixin.py:188} INFO - [2025-04-28T10:30:13.937+0000] {dagbag.py:538} INFO - Filling up the DagBag from /home/airflow/.local/lib/python3.8/site-packages/airflow/example_dags/example_params_trigger_ui.py
[2025-04-28T10:30:13.966+0000] {processor.py:840} INFO - DAG(s) 'example_params_trigger_ui' retrieved from /home/airflow/.local/lib/python3.8/site-packages/airflow/example_dags/example_params_trigger_ui.py
[2025-04-28T10:30:14.104+0000] {logging_mixin.py:188} INFO - [2025-04-28T10:30:14.103+0000] {dag.py:3033} INFO - Sync 1 DAGs
[2025-04-28T10:30:14.140+0000] {logging_mixin.py:188} INFO - [2025-04-28T10:30:14.140+0000] {dag.py:3820} INFO - Setting next_dagrun for example_params_trigger_ui to None, run_after=None
[2025-04-28T10:30:14.189+0000] {processor.py:183} INFO - Processing /home/airflow/.local/lib/python3.8/site-packages/airflow/example_dags/example_params_trigger_ui.py took 0.263 seconds
[2025-04-28T10:30:44.890+0000] {processor.py:161} INFO - Started process (PID=322) to work on /home/airflow/.local/lib/python3.8/site-packages/airflow/example_dags/example_params_trigger_ui.py
[2025-04-28T10:30:44.893+0000] {processor.py:830} INFO - Processing file /home/airflow/.local/lib/python3.8/site-packages/airflow/example_dags/example_params_trigger_ui.py for tasks to queue
[2025-04-28T10:30:44.896+0000] {logging_mixin.py:188} INFO - [2025-04-28T10:30:44.895+0000] {dagbag.py:538} INFO - Filling up the DagBag from /home/airflow/.local/lib/python3.8/site-packages/airflow/example_dags/example_params_trigger_ui.py
[2025-04-28T10:30:44.928+0000] {processor.py:840} INFO - DAG(s) 'example_params_trigger_ui' retrieved from /home/airflow/.local/lib/python3.8/site-packages/airflow/example_dags/example_params_trigger_ui.py
[2025-04-28T10:30:45.032+0000] {logging_mixin.py:188} INFO - [2025-04-28T10:30:45.032+0000] {dag.py:3033} INFO - Sync 1 DAGs
[2025-04-28T10:30:45.051+0000] {logging_mixin.py:188} INFO - [2025-04-28T10:30:45.051+0000] {dag.py:3820} INFO - Setting next_dagrun for example_params_trigger_ui to None, run_after=None
[2025-04-28T10:30:45.098+0000] {processor.py:183} INFO - Processing /home/airflow/.local/lib/python3.8/site-packages/airflow/example_dags/example_params_trigger_ui.py took 0.213 seconds
[2025-04-28T10:31:15.778+0000] {processor.py:161} INFO - Started process (PID=378) to work on /home/airflow/.local/lib/python3.8/site-packages/airflow/example_dags/example_params_trigger_ui.py
[2025-04-28T10:31:15.780+0000] {processor.py:830} INFO - Processing file /home/airflow/.local/lib/python3.8/site-packages/airflow/example_dags/example_params_trigger_ui.py for tasks to queue
[2025-04-28T10:31:15.783+0000] {logging_mixin.py:188} INFO - [2025-04-28T10:31:15.783+0000] {dagbag.py:538} INFO - Filling up the DagBag from /home/airflow/.local/lib/python3.8/site-packages/airflow/example_dags/example_params_trigger_ui.py
[2025-04-28T10:31:15.817+0000] {processor.py:840} INFO - DAG(s) 'example_params_trigger_ui' retrieved from /home/airflow/.local/lib/python3.8/site-packages/airflow/example_dags/example_params_trigger_ui.py
[2025-04-28T10:31:15.960+0000] {logging_mixin.py:188} INFO - [2025-04-28T10:31:15.960+0000] {dag.py:3033} INFO - Sync 1 DAGs
[2025-04-28T10:31:15.982+0000] {logging_mixin.py:188} INFO - [2025-04-28T10:31:15.982+0000] {dag.py:3820} INFO - Setting next_dagrun for example_params_trigger_ui to None, run_after=None
[2025-04-28T10:31:16.026+0000] {processor.py:183} INFO - Processing /home/airflow/.local/lib/python3.8/site-packages/airflow/example_dags/example_params_trigger_ui.py took 0.256 seconds
[2025-04-28T10:31:46.227+0000] {processor.py:161} INFO - Started process (PID=434) to work on /home/airflow/.local/lib/python3.8/site-packages/airflow/example_dags/example_params_trigger_ui.py
[2025-04-28T10:31:46.243+0000] {processor.py:830} INFO - Processing file /home/airflow/.local/lib/python3.8/site-packages/airflow/example_dags/example_params_trigger_ui.py for tasks to queue
[2025-04-28T10:31:46.246+0000] {logging_mixin.py:188} INFO - [2025-04-28T10:31:46.246+0000] {dagbag.py:538} INFO - Filling up the DagBag from /home/airflow/.local/lib/python3.8/site-packages/airflow/example_dags/example_params_trigger_ui.py
[2025-04-28T10:31:46.301+0000] {processor.py:840} INFO - DAG(s) 'example_params_trigger_ui' retrieved from /home/airflow/.local/lib/python3.8/site-packages/airflow/example_dags/example_params_trigger_ui.py
[2025-04-28T10:31:46.447+0000] {logging_mixin.py:188} INFO - [2025-04-28T10:31:46.446+0000] {dag.py:3033} INFO - Sync 1 DAGs
[2025-04-28T10:31:46.471+0000] {logging_mixin.py:188} INFO - [2025-04-28T10:31:46.471+0000] {dag.py:3820} INFO - Setting next_dagrun for example_params_trigger_ui to None, run_after=None
[2025-04-28T10:31:46.513+0000] {processor.py:183} INFO - Processing /home/airflow/.local/lib/python3.8/site-packages/airflow/example_dags/example_params_trigger_ui.py took 0.298 seconds
[2025-04-28T10:32:17.158+0000] {processor.py:161} INFO - Started process (PID=490) to work on /home/airflow/.local/lib/python3.8/site-packages/airflow/example_dags/example_params_trigger_ui.py
[2025-04-28T10:32:17.160+0000] {processor.py:830} INFO - Processing file /home/airflow/.local/lib/python3.8/site-packages/airflow/example_dags/example_params_trigger_ui.py for tasks to queue
[2025-04-28T10:32:17.163+0000] {logging_mixin.py:188} INFO - [2025-04-28T10:32:17.163+0000] {dagbag.py:538} INFO - Filling up the DagBag from /home/airflow/.local/lib/python3.8/site-packages/airflow/example_dags/example_params_trigger_ui.py
[2025-04-28T10:32:17.197+0000] {processor.py:840} INFO - DAG(s) 'example_params_trigger_ui' retrieved from /home/airflow/.local/lib/python3.8/site-packages/airflow/example_dags/example_params_trigger_ui.py
[2025-04-28T10:32:17.472+0000] {logging_mixin.py:188} INFO - [2025-04-28T10:32:17.471+0000] {dag.py:3033} INFO - Sync 1 DAGs
[2025-04-28T10:32:17.541+0000] {logging_mixin.py:188} INFO - [2025-04-28T10:32:17.541+0000] {dag.py:3820} INFO - Setting next_dagrun for example_params_trigger_ui to None, run_after=None
[2025-04-28T10:32:17.606+0000] {processor.py:183} INFO - Processing /home/airflow/.local/lib/python3.8/site-packages/airflow/example_dags/example_params_trigger_ui.py took 0.457 seconds
[2025-04-28T10:32:49.537+0000] {processor.py:161} INFO - Started process (PID=546) to work on /home/airflow/.local/lib/python3.8/site-packages/airflow/example_dags/example_params_trigger_ui.py
[2025-04-28T10:32:49.538+0000] {processor.py:830} INFO - Processing file /home/airflow/.local/lib/python3.8/site-packages/airflow/example_dags/example_params_trigger_ui.py for tasks to queue
[2025-04-28T10:32:49.542+0000] {logging_mixin.py:188} INFO - [2025-04-28T10:32:49.541+0000] {dagbag.py:538} INFO - Filling up the DagBag from /home/airflow/.local/lib/python3.8/site-packages/airflow/example_dags/example_params_trigger_ui.py
[2025-04-28T10:32:49.563+0000] {processor.py:840} INFO - DAG(s) 'example_params_trigger_ui' retrieved from /home/airflow/.local/lib/python3.8/site-packages/airflow/example_dags/example_params_trigger_ui.py
[2025-04-28T10:32:49.680+0000] {logging_mixin.py:188} INFO - [2025-04-28T10:32:49.679+0000] {dag.py:3033} INFO - Sync 1 DAGs
[2025-04-28T10:32:49.707+0000] {logging_mixin.py:188} INFO - [2025-04-28T10:32:49.707+0000] {dag.py:3820} INFO - Setting next_dagrun for example_params_trigger_ui to None, run_after=None
[2025-04-28T10:32:49.802+0000] {processor.py:183} INFO - Processing /home/airflow/.local/lib/python3.8/site-packages/airflow/example_dags/example_params_trigger_ui.py took 0.272 seconds
[2025-04-28T10:33:23.205+0000] {processor.py:161} INFO - Started process (PID=602) to work on /home/airflow/.local/lib/python3.8/site-packages/airflow/example_dags/example_params_trigger_ui.py
[2025-04-28T10:33:23.207+0000] {processor.py:830} INFO - Processing file /home/airflow/.local/lib/python3.8/site-packages/airflow/example_dags/example_params_trigger_ui.py for tasks to queue
[2025-04-28T10:33:23.211+0000] {logging_mixin.py:188} INFO - [2025-04-28T10:33:23.210+0000] {dagbag.py:538} INFO - Filling up the DagBag from /home/airflow/.local/lib/python3.8/site-packages/airflow/example_dags/example_params_trigger_ui.py
[2025-04-28T10:33:23.238+0000] {processor.py:840} INFO - DAG(s) 'example_params_trigger_ui' retrieved from /home/airflow/.local/lib/python3.8/site-packages/airflow/example_dags/example_params_trigger_ui.py
[2025-04-28T10:33:23.390+0000] {logging_mixin.py:188} INFO - [2025-04-28T10:33:23.389+0000] {dag.py:3033} INFO - Sync 1 DAGs
[2025-04-28T10:33:23.417+0000] {logging_mixin.py:188} INFO - [2025-04-28T10:33:23.417+0000] {dag.py:3820} INFO - Setting next_dagrun for example_params_trigger_ui to None, run_after=None
[2025-04-28T10:33:23.456+0000] {processor.py:183} INFO - Processing /home/airflow/.local/lib/python3.8/site-packages/airflow/example_dags/example_params_trigger_ui.py took 0.257 seconds
[2025-04-28T10:33:58.051+0000] {processor.py:161} INFO - Started process (PID=658) to work on /home/airflow/.local/lib/python3.8/site-packages/airflow/example_dags/example_params_trigger_ui.py
[2025-04-28T10:33:58.053+0000] {processor.py:830} INFO - Processing file /home/airflow/.local/lib/python3.8/site-packages/airflow/example_dags/example_params_trigger_ui.py for tasks to queue
[2025-04-28T10:33:58.056+0000] {logging_mixin.py:188} INFO - [2025-04-28T10:33:58.055+0000] {dagbag.py:538} INFO - Filling up the DagBag from /home/airflow/.local/lib/python3.8/site-packages/airflow/example_dags/example_params_trigger_ui.py
[2025-04-28T10:33:58.084+0000] {processor.py:840} INFO - DAG(s) 'example_params_trigger_ui' retrieved from /home/airflow/.local/lib/python3.8/site-packages/airflow/example_dags/example_params_trigger_ui.py
[2025-04-28T10:33:58.212+0000] {logging_mixin.py:188} INFO - [2025-04-28T10:33:58.212+0000] {dag.py:3033} INFO - Sync 1 DAGs
[2025-04-28T10:33:58.234+0000] {logging_mixin.py:188} INFO - [2025-04-28T10:33:58.234+0000] {dag.py:3820} INFO - Setting next_dagrun for example_params_trigger_ui to None, run_after=None
[2025-04-28T10:33:58.298+0000] {processor.py:183} INFO - Processing /home/airflow/.local/lib/python3.8/site-packages/airflow/example_dags/example_params_trigger_ui.py took 0.251 seconds
[2025-04-28T10:34:28.813+0000] {processor.py:161} INFO - Started process (PID=714) to work on /home/airflow/.local/lib/python3.8/site-packages/airflow/example_dags/example_params_trigger_ui.py
[2025-04-28T10:34:28.814+0000] {processor.py:830} INFO - Processing file /home/airflow/.local/lib/python3.8/site-packages/airflow/example_dags/example_params_trigger_ui.py for tasks to queue
[2025-04-28T10:34:28.822+0000] {logging_mixin.py:188} INFO - [2025-04-28T10:34:28.822+0000] {dagbag.py:538} INFO - Filling up the DagBag from /home/airflow/.local/lib/python3.8/site-packages/airflow/example_dags/example_params_trigger_ui.py
[2025-04-28T10:34:28.848+0000] {processor.py:840} INFO - DAG(s) 'example_params_trigger_ui' retrieved from /home/airflow/.local/lib/python3.8/site-packages/airflow/example_dags/example_params_trigger_ui.py
[2025-04-28T10:34:28.981+0000] {logging_mixin.py:188} INFO - [2025-04-28T10:34:28.981+0000] {dag.py:3033} INFO - Sync 1 DAGs
[2025-04-28T10:34:29.006+0000] {logging_mixin.py:188} INFO - [2025-04-28T10:34:29.005+0000] {dag.py:3820} INFO - Setting next_dagrun for example_params_trigger_ui to None, run_after=None
[2025-04-28T10:34:29.042+0000] {processor.py:183} INFO - Processing /home/airflow/.local/lib/python3.8/site-packages/airflow/example_dags/example_params_trigger_ui.py took 0.233 seconds
[2025-04-28T10:35:01.403+0000] {processor.py:161} INFO - Started process (PID=770) to work on /home/airflow/.local/lib/python3.8/site-packages/airflow/example_dags/example_params_trigger_ui.py
[2025-04-28T10:35:01.410+0000] {processor.py:830} INFO - Processing file /home/airflow/.local/lib/python3.8/site-packages/airflow/example_dags/example_params_trigger_ui.py for tasks to queue
[2025-04-28T10:35:01.417+0000] {logging_mixin.py:188} INFO - [2025-04-28T10:35:01.416+0000] {dagbag.py:538} INFO - Filling up the DagBag from /home/airflow/.local/lib/python3.8/site-packages/airflow/example_dags/example_params_trigger_ui.py
[2025-04-28T10:35:01.458+0000] {processor.py:840} INFO - DAG(s) 'example_params_trigger_ui' retrieved from /home/airflow/.local/lib/python3.8/site-packages/airflow/example_dags/example_params_trigger_ui.py
[2025-04-28T10:35:01.626+0000] {logging_mixin.py:188} INFO - [2025-04-28T10:35:01.626+0000] {dag.py:3033} INFO - Sync 1 DAGs
[2025-04-28T10:35:01.666+0000] {logging_mixin.py:188} INFO - [2025-04-28T10:35:01.666+0000] {dag.py:3820} INFO - Setting next_dagrun for example_params_trigger_ui to None, run_after=None
[2025-04-28T10:35:01.713+0000] {processor.py:183} INFO - Processing /home/airflow/.local/lib/python3.8/site-packages/airflow/example_dags/example_params_trigger_ui.py took 0.319 seconds
[2025-04-28T10:35:33.710+0000] {processor.py:161} INFO - Started process (PID=826) to work on /home/airflow/.local/lib/python3.8/site-packages/airflow/example_dags/example_params_trigger_ui.py
[2025-04-28T10:35:33.712+0000] {processor.py:830} INFO - Processing file /home/airflow/.local/lib/python3.8/site-packages/airflow/example_dags/example_params_trigger_ui.py for tasks to queue
[2025-04-28T10:35:33.715+0000] {logging_mixin.py:188} INFO - [2025-04-28T10:35:33.715+0000] {dagbag.py:538} INFO - Filling up the DagBag from /home/airflow/.local/lib/python3.8/site-packages/airflow/example_dags/example_params_trigger_ui.py
[2025-04-28T10:35:33.737+0000] {processor.py:840} INFO - DAG(s) 'example_params_trigger_ui' retrieved from /home/airflow/.local/lib/python3.8/site-packages/airflow/example_dags/example_params_trigger_ui.py
[2025-04-28T10:35:33.866+0000] {logging_mixin.py:188} INFO - [2025-04-28T10:35:33.866+0000] {dag.py:3033} INFO - Sync 1 DAGs
[2025-04-28T10:35:33.887+0000] {logging_mixin.py:188} INFO - [2025-04-28T10:35:33.887+0000] {dag.py:3820} INFO - Setting next_dagrun for example_params_trigger_ui to None, run_after=None
[2025-04-28T10:35:33.932+0000] {processor.py:183} INFO - Processing /home/airflow/.local/lib/python3.8/site-packages/airflow/example_dags/example_params_trigger_ui.py took 0.227 seconds
[2025-04-28T10:36:05.966+0000] {processor.py:161} INFO - Started process (PID=883) to work on /home/airflow/.local/lib/python3.8/site-packages/airflow/example_dags/example_params_trigger_ui.py
[2025-04-28T10:36:05.968+0000] {processor.py:830} INFO - Processing file /home/airflow/.local/lib/python3.8/site-packages/airflow/example_dags/example_params_trigger_ui.py for tasks to queue
[2025-04-28T10:36:05.971+0000] {logging_mixin.py:188} INFO - [2025-04-28T10:36:05.971+0000] {dagbag.py:538} INFO - Filling up the DagBag from /home/airflow/.local/lib/python3.8/site-packages/airflow/example_dags/example_params_trigger_ui.py
[2025-04-28T10:36:05.995+0000] {processor.py:840} INFO - DAG(s) 'example_params_trigger_ui' retrieved from /home/airflow/.local/lib/python3.8/site-packages/airflow/example_dags/example_params_trigger_ui.py
[2025-04-28T10:36:06.105+0000] {logging_mixin.py:188} INFO - [2025-04-28T10:36:06.104+0000] {dag.py:3033} INFO - Sync 1 DAGs
[2025-04-28T10:36:06.129+0000] {logging_mixin.py:188} INFO - [2025-04-28T10:36:06.129+0000] {dag.py:3820} INFO - Setting next_dagrun for example_params_trigger_ui to None, run_after=None
[2025-04-28T10:36:06.165+0000] {processor.py:183} INFO - Processing /home/airflow/.local/lib/python3.8/site-packages/airflow/example_dags/example_params_trigger_ui.py took 0.204 seconds
[2025-04-28T10:36:38.668+0000] {processor.py:161} INFO - Started process (PID=939) to work on /home/airflow/.local/lib/python3.8/site-packages/airflow/example_dags/example_params_trigger_ui.py
[2025-04-28T10:36:38.669+0000] {processor.py:830} INFO - Processing file /home/airflow/.local/lib/python3.8/site-packages/airflow/example_dags/example_params_trigger_ui.py for tasks to queue
[2025-04-28T10:36:38.673+0000] {logging_mixin.py:188} INFO - [2025-04-28T10:36:38.672+0000] {dagbag.py:538} INFO - Filling up the DagBag from /home/airflow/.local/lib/python3.8/site-packages/airflow/example_dags/example_params_trigger_ui.py
[2025-04-28T10:36:38.693+0000] {processor.py:840} INFO - DAG(s) 'example_params_trigger_ui' retrieved from /home/airflow/.local/lib/python3.8/site-packages/airflow/example_dags/example_params_trigger_ui.py
[2025-04-28T10:36:38.800+0000] {logging_mixin.py:188} INFO - [2025-04-28T10:36:38.800+0000] {dag.py:3033} INFO - Sync 1 DAGs
[2025-04-28T10:36:38.821+0000] {logging_mixin.py:188} INFO - [2025-04-28T10:36:38.820+0000] {dag.py:3820} INFO - Setting next_dagrun for example_params_trigger_ui to None, run_after=None
[2025-04-28T10:36:38.850+0000] {processor.py:183} INFO - Processing /home/airflow/.local/lib/python3.8/site-packages/airflow/example_dags/example_params_trigger_ui.py took 0.187 seconds
[2025-04-28T10:37:12.237+0000] {processor.py:161} INFO - Started process (PID=995) to work on /home/airflow/.local/lib/python3.8/site-packages/airflow/example_dags/example_params_trigger_ui.py
[2025-04-28T10:37:12.239+0000] {processor.py:830} INFO - Processing file /home/airflow/.local/lib/python3.8/site-packages/airflow/example_dags/example_params_trigger_ui.py for tasks to queue
[2025-04-28T10:37:12.242+0000] {logging_mixin.py:188} INFO - [2025-04-28T10:37:12.242+0000] {dagbag.py:538} INFO - Filling up the DagBag from /home/airflow/.local/lib/python3.8/site-packages/airflow/example_dags/example_params_trigger_ui.py
[2025-04-28T10:37:12.276+0000] {processor.py:840} INFO - DAG(s) 'example_params_trigger_ui' retrieved from /home/airflow/.local/lib/python3.8/site-packages/airflow/example_dags/example_params_trigger_ui.py
[2025-04-28T10:37:12.433+0000] {logging_mixin.py:188} INFO - [2025-04-28T10:37:12.433+0000] {dag.py:3033} INFO - Sync 1 DAGs
[2025-04-28T10:37:12.455+0000] {logging_mixin.py:188} INFO - [2025-04-28T10:37:12.455+0000] {dag.py:3820} INFO - Setting next_dagrun for example_params_trigger_ui to None, run_after=None
[2025-04-28T10:37:12.500+0000] {processor.py:183} INFO - Processing /home/airflow/.local/lib/python3.8/site-packages/airflow/example_dags/example_params_trigger_ui.py took 0.267 seconds
[2025-04-28T10:37:44.839+0000] {processor.py:161} INFO - Started process (PID=1052) to work on /home/airflow/.local/lib/python3.8/site-packages/airflow/example_dags/example_params_trigger_ui.py
[2025-04-28T10:37:44.841+0000] {processor.py:830} INFO - Processing file /home/airflow/.local/lib/python3.8/site-packages/airflow/example_dags/example_params_trigger_ui.py for tasks to queue
[2025-04-28T10:37:44.845+0000] {logging_mixin.py:188} INFO - [2025-04-28T10:37:44.844+0000] {dagbag.py:538} INFO - Filling up the DagBag from /home/airflow/.local/lib/python3.8/site-packages/airflow/example_dags/example_params_trigger_ui.py
[2025-04-28T10:37:44.874+0000] {processor.py:840} INFO - DAG(s) 'example_params_trigger_ui' retrieved from /home/airflow/.local/lib/python3.8/site-packages/airflow/example_dags/example_params_trigger_ui.py
[2025-04-28T10:37:44.973+0000] {logging_mixin.py:188} INFO - [2025-04-28T10:37:44.973+0000] {dag.py:3033} INFO - Sync 1 DAGs
[2025-04-28T10:37:44.994+0000] {logging_mixin.py:188} INFO - [2025-04-28T10:37:44.993+0000] {dag.py:3820} INFO - Setting next_dagrun for example_params_trigger_ui to None, run_after=None
[2025-04-28T10:37:45.029+0000] {processor.py:183} INFO - Processing /home/airflow/.local/lib/python3.8/site-packages/airflow/example_dags/example_params_trigger_ui.py took 0.195 seconds
[2025-04-28T10:38:17.081+0000] {processor.py:161} INFO - Started process (PID=1108) to work on /home/airflow/.local/lib/python3.8/site-packages/airflow/example_dags/example_params_trigger_ui.py
[2025-04-28T10:38:17.083+0000] {processor.py:830} INFO - Processing file /home/airflow/.local/lib/python3.8/site-packages/airflow/example_dags/example_params_trigger_ui.py for tasks to queue
[2025-04-28T10:38:17.087+0000] {logging_mixin.py:188} INFO - [2025-04-28T10:38:17.086+0000] {dagbag.py:538} INFO - Filling up the DagBag from /home/airflow/.local/lib/python3.8/site-packages/airflow/example_dags/example_params_trigger_ui.py
[2025-04-28T10:38:17.111+0000] {processor.py:840} INFO - DAG(s) 'example_params_trigger_ui' retrieved from /home/airflow/.local/lib/python3.8/site-packages/airflow/example_dags/example_params_trigger_ui.py
[2025-04-28T10:38:17.439+0000] {logging_mixin.py:188} INFO - [2025-04-28T10:38:17.439+0000] {dag.py:3033} INFO - Sync 1 DAGs
[2025-04-28T10:38:17.492+0000] {logging_mixin.py:188} INFO - [2025-04-28T10:38:17.492+0000] {dag.py:3820} INFO - Setting next_dagrun for example_params_trigger_ui to None, run_after=None
[2025-04-28T10:38:17.548+0000] {processor.py:183} INFO - Processing /home/airflow/.local/lib/python3.8/site-packages/airflow/example_dags/example_params_trigger_ui.py took 0.472 seconds
[2025-04-28T10:38:49.711+0000] {processor.py:161} INFO - Started process (PID=1164) to work on /home/airflow/.local/lib/python3.8/site-packages/airflow/example_dags/example_params_trigger_ui.py
[2025-04-28T10:38:49.712+0000] {processor.py:830} INFO - Processing file /home/airflow/.local/lib/python3.8/site-packages/airflow/example_dags/example_params_trigger_ui.py for tasks to queue
[2025-04-28T10:38:49.717+0000] {logging_mixin.py:188} INFO - [2025-04-28T10:38:49.717+0000] {dagbag.py:538} INFO - Filling up the DagBag from /home/airflow/.local/lib/python3.8/site-packages/airflow/example_dags/example_params_trigger_ui.py
[2025-04-28T10:38:49.741+0000] {processor.py:840} INFO - DAG(s) 'example_params_trigger_ui' retrieved from /home/airflow/.local/lib/python3.8/site-packages/airflow/example_dags/example_params_trigger_ui.py
[2025-04-28T10:38:49.853+0000] {logging_mixin.py:188} INFO - [2025-04-28T10:38:49.853+0000] {dag.py:3033} INFO - Sync 1 DAGs
[2025-04-28T10:38:49.875+0000] {logging_mixin.py:188} INFO - [2025-04-28T10:38:49.875+0000] {dag.py:3820} INFO - Setting next_dagrun for example_params_trigger_ui to None, run_after=None
[2025-04-28T10:38:49.907+0000] {processor.py:183} INFO - Processing /home/airflow/.local/lib/python3.8/site-packages/airflow/example_dags/example_params_trigger_ui.py took 0.204 seconds
[2025-04-28T10:39:23.899+0000] {processor.py:161} INFO - Started process (PID=1220) to work on /home/airflow/.local/lib/python3.8/site-packages/airflow/example_dags/example_params_trigger_ui.py
[2025-04-28T10:39:23.900+0000] {processor.py:830} INFO - Processing file /home/airflow/.local/lib/python3.8/site-packages/airflow/example_dags/example_params_trigger_ui.py for tasks to queue
[2025-04-28T10:39:23.904+0000] {logging_mixin.py:188} INFO - [2025-04-28T10:39:23.903+0000] {dagbag.py:538} INFO - Filling up the DagBag from /home/airflow/.local/lib/python3.8/site-packages/airflow/example_dags/example_params_trigger_ui.py
[2025-04-28T10:39:23.931+0000] {processor.py:840} INFO - DAG(s) 'example_params_trigger_ui' retrieved from /home/airflow/.local/lib/python3.8/site-packages/airflow/example_dags/example_params_trigger_ui.py
[2025-04-28T10:39:24.026+0000] {logging_mixin.py:188} INFO - [2025-04-28T10:39:24.026+0000] {dag.py:3033} INFO - Sync 1 DAGs
[2025-04-28T10:39:24.041+0000] {logging_mixin.py:188} INFO - [2025-04-28T10:39:24.041+0000] {dag.py:3820} INFO - Setting next_dagrun for example_params_trigger_ui to None, run_after=None
[2025-04-28T10:39:24.066+0000] {processor.py:183} INFO - Processing /home/airflow/.local/lib/python3.8/site-packages/airflow/example_dags/example_params_trigger_ui.py took 0.177 seconds
[2025-04-28T10:39:54.990+0000] {processor.py:161} INFO - Started process (PID=1278) to work on /home/airflow/.local/lib/python3.8/site-packages/airflow/example_dags/example_params_trigger_ui.py
[2025-04-28T10:39:54.992+0000] {processor.py:830} INFO - Processing file /home/airflow/.local/lib/python3.8/site-packages/airflow/example_dags/example_params_trigger_ui.py for tasks to queue
[2025-04-28T10:39:54.995+0000] {logging_mixin.py:188} INFO - [2025-04-28T10:39:54.994+0000] {dagbag.py:538} INFO - Filling up the DagBag from /home/airflow/.local/lib/python3.8/site-packages/airflow/example_dags/example_params_trigger_ui.py
[2025-04-28T10:39:55.013+0000] {processor.py:840} INFO - DAG(s) 'example_params_trigger_ui' retrieved from /home/airflow/.local/lib/python3.8/site-packages/airflow/example_dags/example_params_trigger_ui.py
[2025-04-28T10:39:55.088+0000] {logging_mixin.py:188} INFO - [2025-04-28T10:39:55.088+0000] {dag.py:3033} INFO - Sync 1 DAGs
[2025-04-28T10:39:55.103+0000] {logging_mixin.py:188} INFO - [2025-04-28T10:39:55.103+0000] {dag.py:3820} INFO - Setting next_dagrun for example_params_trigger_ui to None, run_after=None
[2025-04-28T10:39:55.128+0000] {processor.py:183} INFO - Processing /home/airflow/.local/lib/python3.8/site-packages/airflow/example_dags/example_params_trigger_ui.py took 0.142 seconds
[2025-04-28T10:40:27.459+0000] {processor.py:161} INFO - Started process (PID=1333) to work on /home/airflow/.local/lib/python3.8/site-packages/airflow/example_dags/example_params_trigger_ui.py
[2025-04-28T10:40:27.460+0000] {processor.py:830} INFO - Processing file /home/airflow/.local/lib/python3.8/site-packages/airflow/example_dags/example_params_trigger_ui.py for tasks to queue
[2025-04-28T10:40:27.464+0000] {logging_mixin.py:188} INFO - [2025-04-28T10:40:27.463+0000] {dagbag.py:538} INFO - Filling up the DagBag from /home/airflow/.local/lib/python3.8/site-packages/airflow/example_dags/example_params_trigger_ui.py
[2025-04-28T10:40:27.492+0000] {processor.py:840} INFO - DAG(s) 'example_params_trigger_ui' retrieved from /home/airflow/.local/lib/python3.8/site-packages/airflow/example_dags/example_params_trigger_ui.py
[2025-04-28T10:40:27.641+0000] {logging_mixin.py:188} INFO - [2025-04-28T10:40:27.641+0000] {dag.py:3033} INFO - Sync 1 DAGs
[2025-04-28T10:40:27.657+0000] {logging_mixin.py:188} INFO - [2025-04-28T10:40:27.657+0000] {dag.py:3820} INFO - Setting next_dagrun for example_params_trigger_ui to None, run_after=None
[2025-04-28T10:40:27.685+0000] {processor.py:183} INFO - Processing /home/airflow/.local/lib/python3.8/site-packages/airflow/example_dags/example_params_trigger_ui.py took 0.231 seconds
[2025-04-28T10:41:00.538+0000] {processor.py:161} INFO - Started process (PID=1389) to work on /home/airflow/.local/lib/python3.8/site-packages/airflow/example_dags/example_params_trigger_ui.py
[2025-04-28T10:41:00.540+0000] {processor.py:830} INFO - Processing file /home/airflow/.local/lib/python3.8/site-packages/airflow/example_dags/example_params_trigger_ui.py for tasks to queue
[2025-04-28T10:41:00.543+0000] {logging_mixin.py:188} INFO - [2025-04-28T10:41:00.543+0000] {dagbag.py:538} INFO - Filling up the DagBag from /home/airflow/.local/lib/python3.8/site-packages/airflow/example_dags/example_params_trigger_ui.py
[2025-04-28T10:41:00.572+0000] {processor.py:840} INFO - DAG(s) 'example_params_trigger_ui' retrieved from /home/airflow/.local/lib/python3.8/site-packages/airflow/example_dags/example_params_trigger_ui.py
[2025-04-28T10:41:00.697+0000] {logging_mixin.py:188} INFO - [2025-04-28T10:41:00.697+0000] {dag.py:3033} INFO - Sync 1 DAGs
[2025-04-28T10:41:00.718+0000] {logging_mixin.py:188} INFO - [2025-04-28T10:41:00.718+0000] {dag.py:3820} INFO - Setting next_dagrun for example_params_trigger_ui to None, run_after=None
[2025-04-28T10:41:00.753+0000] {processor.py:183} INFO - Processing /home/airflow/.local/lib/python3.8/site-packages/airflow/example_dags/example_params_trigger_ui.py took 0.220 seconds
[2025-04-28T10:43:33.800+0000] {processor.py:161} INFO - Started process (PID=100) to work on /home/airflow/.local/lib/python3.8/site-packages/airflow/example_dags/example_params_trigger_ui.py
[2025-04-28T10:43:33.802+0000] {processor.py:830} INFO - Processing file /home/airflow/.local/lib/python3.8/site-packages/airflow/example_dags/example_params_trigger_ui.py for tasks to queue
[2025-04-28T10:43:33.809+0000] {logging_mixin.py:188} INFO - [2025-04-28T10:43:33.809+0000] {dagbag.py:538} INFO - Filling up the DagBag from /home/airflow/.local/lib/python3.8/site-packages/airflow/example_dags/example_params_trigger_ui.py
[2025-04-28T10:43:33.859+0000] {processor.py:840} INFO - DAG(s) 'example_params_trigger_ui' retrieved from /home/airflow/.local/lib/python3.8/site-packages/airflow/example_dags/example_params_trigger_ui.py
[2025-04-28T10:43:34.562+0000] {logging_mixin.py:188} INFO - [2025-04-28T10:43:34.561+0000] {dag.py:3033} INFO - Sync 1 DAGs
[2025-04-28T10:43:34.606+0000] {logging_mixin.py:188} INFO - [2025-04-28T10:43:34.606+0000] {dag.py:3820} INFO - Setting next_dagrun for example_params_trigger_ui to None, run_after=None
[2025-04-28T10:43:34.728+0000] {processor.py:183} INFO - Processing /home/airflow/.local/lib/python3.8/site-packages/airflow/example_dags/example_params_trigger_ui.py took 0.946 seconds
[2025-04-28T10:44:04.847+0000] {processor.py:161} INFO - Started process (PID=157) to work on /home/airflow/.local/lib/python3.8/site-packages/airflow/example_dags/example_params_trigger_ui.py
[2025-04-28T10:44:04.848+0000] {processor.py:830} INFO - Processing file /home/airflow/.local/lib/python3.8/site-packages/airflow/example_dags/example_params_trigger_ui.py for tasks to queue
[2025-04-28T10:44:04.851+0000] {logging_mixin.py:188} INFO - [2025-04-28T10:44:04.851+0000] {dagbag.py:538} INFO - Filling up the DagBag from /home/airflow/.local/lib/python3.8/site-packages/airflow/example_dags/example_params_trigger_ui.py
[2025-04-28T10:44:04.870+0000] {processor.py:840} INFO - DAG(s) 'example_params_trigger_ui' retrieved from /home/airflow/.local/lib/python3.8/site-packages/airflow/example_dags/example_params_trigger_ui.py
[2025-04-28T10:44:04.984+0000] {logging_mixin.py:188} INFO - [2025-04-28T10:44:04.984+0000] {dag.py:3033} INFO - Sync 1 DAGs
[2025-04-28T10:44:05.024+0000] {logging_mixin.py:188} INFO - [2025-04-28T10:44:05.024+0000] {dag.py:3820} INFO - Setting next_dagrun for example_params_trigger_ui to None, run_after=None
[2025-04-28T10:44:05.098+0000] {processor.py:183} INFO - Processing /home/airflow/.local/lib/python3.8/site-packages/airflow/example_dags/example_params_trigger_ui.py took 0.256 seconds
[2025-04-28T10:44:35.984+0000] {processor.py:161} INFO - Started process (PID=213) to work on /home/airflow/.local/lib/python3.8/site-packages/airflow/example_dags/example_params_trigger_ui.py
[2025-04-28T10:44:35.985+0000] {processor.py:830} INFO - Processing file /home/airflow/.local/lib/python3.8/site-packages/airflow/example_dags/example_params_trigger_ui.py for tasks to queue
[2025-04-28T10:44:35.989+0000] {logging_mixin.py:188} INFO - [2025-04-28T10:44:35.989+0000] {dagbag.py:538} INFO - Filling up the DagBag from /home/airflow/.local/lib/python3.8/site-packages/airflow/example_dags/example_params_trigger_ui.py
[2025-04-28T10:44:36.016+0000] {processor.py:840} INFO - DAG(s) 'example_params_trigger_ui' retrieved from /home/airflow/.local/lib/python3.8/site-packages/airflow/example_dags/example_params_trigger_ui.py
[2025-04-28T10:44:36.109+0000] {logging_mixin.py:188} INFO - [2025-04-28T10:44:36.109+0000] {dag.py:3033} INFO - Sync 1 DAGs
[2025-04-28T10:44:36.133+0000] {logging_mixin.py:188} INFO - [2025-04-28T10:44:36.132+0000] {dag.py:3820} INFO - Setting next_dagrun for example_params_trigger_ui to None, run_after=None
[2025-04-28T10:44:36.169+0000] {processor.py:183} INFO - Processing /home/airflow/.local/lib/python3.8/site-packages/airflow/example_dags/example_params_trigger_ui.py took 0.190 seconds
[2025-04-28T10:45:06.355+0000] {processor.py:161} INFO - Started process (PID=268) to work on /home/airflow/.local/lib/python3.8/site-packages/airflow/example_dags/example_params_trigger_ui.py
[2025-04-28T10:45:06.356+0000] {processor.py:830} INFO - Processing file /home/airflow/.local/lib/python3.8/site-packages/airflow/example_dags/example_params_trigger_ui.py for tasks to queue
[2025-04-28T10:45:06.360+0000] {logging_mixin.py:188} INFO - [2025-04-28T10:45:06.360+0000] {dagbag.py:538} INFO - Filling up the DagBag from /home/airflow/.local/lib/python3.8/site-packages/airflow/example_dags/example_params_trigger_ui.py
[2025-04-28T10:45:06.383+0000] {processor.py:840} INFO - DAG(s) 'example_params_trigger_ui' retrieved from /home/airflow/.local/lib/python3.8/site-packages/airflow/example_dags/example_params_trigger_ui.py
[2025-04-28T10:45:06.469+0000] {logging_mixin.py:188} INFO - [2025-04-28T10:45:06.468+0000] {dag.py:3033} INFO - Sync 1 DAGs
[2025-04-28T10:45:06.483+0000] {logging_mixin.py:188} INFO - [2025-04-28T10:45:06.483+0000] {dag.py:3820} INFO - Setting next_dagrun for example_params_trigger_ui to None, run_after=None
[2025-04-28T10:45:06.512+0000] {processor.py:183} INFO - Processing /home/airflow/.local/lib/python3.8/site-packages/airflow/example_dags/example_params_trigger_ui.py took 0.163 seconds
[2025-04-28T10:45:37.318+0000] {processor.py:161} INFO - Started process (PID=324) to work on /home/airflow/.local/lib/python3.8/site-packages/airflow/example_dags/example_params_trigger_ui.py
[2025-04-28T10:45:37.320+0000] {processor.py:830} INFO - Processing file /home/airflow/.local/lib/python3.8/site-packages/airflow/example_dags/example_params_trigger_ui.py for tasks to queue
[2025-04-28T10:45:37.323+0000] {logging_mixin.py:188} INFO - [2025-04-28T10:45:37.323+0000] {dagbag.py:538} INFO - Filling up the DagBag from /home/airflow/.local/lib/python3.8/site-packages/airflow/example_dags/example_params_trigger_ui.py
[2025-04-28T10:45:37.344+0000] {processor.py:840} INFO - DAG(s) 'example_params_trigger_ui' retrieved from /home/airflow/.local/lib/python3.8/site-packages/airflow/example_dags/example_params_trigger_ui.py
[2025-04-28T10:45:37.419+0000] {logging_mixin.py:188} INFO - [2025-04-28T10:45:37.419+0000] {dag.py:3033} INFO - Sync 1 DAGs
[2025-04-28T10:45:37.434+0000] {logging_mixin.py:188} INFO - [2025-04-28T10:45:37.434+0000] {dag.py:3820} INFO - Setting next_dagrun for example_params_trigger_ui to None, run_after=None
[2025-04-28T10:45:37.461+0000] {processor.py:183} INFO - Processing /home/airflow/.local/lib/python3.8/site-packages/airflow/example_dags/example_params_trigger_ui.py took 0.147 seconds
[2025-04-28T10:46:07.979+0000] {processor.py:161} INFO - Started process (PID=380) to work on /home/airflow/.local/lib/python3.8/site-packages/airflow/example_dags/example_params_trigger_ui.py
[2025-04-28T10:46:07.980+0000] {processor.py:830} INFO - Processing file /home/airflow/.local/lib/python3.8/site-packages/airflow/example_dags/example_params_trigger_ui.py for tasks to queue
[2025-04-28T10:46:07.984+0000] {logging_mixin.py:188} INFO - [2025-04-28T10:46:07.984+0000] {dagbag.py:538} INFO - Filling up the DagBag from /home/airflow/.local/lib/python3.8/site-packages/airflow/example_dags/example_params_trigger_ui.py
[2025-04-28T10:46:08.019+0000] {processor.py:840} INFO - DAG(s) 'example_params_trigger_ui' retrieved from /home/airflow/.local/lib/python3.8/site-packages/airflow/example_dags/example_params_trigger_ui.py
[2025-04-28T10:46:08.130+0000] {logging_mixin.py:188} INFO - [2025-04-28T10:46:08.130+0000] {dag.py:3033} INFO - Sync 1 DAGs
[2025-04-28T10:46:08.153+0000] {logging_mixin.py:188} INFO - [2025-04-28T10:46:08.152+0000] {dag.py:3820} INFO - Setting next_dagrun for example_params_trigger_ui to None, run_after=None
[2025-04-28T10:46:08.188+0000] {processor.py:183} INFO - Processing /home/airflow/.local/lib/python3.8/site-packages/airflow/example_dags/example_params_trigger_ui.py took 0.213 seconds
[2025-04-28T10:46:41.436+0000] {processor.py:161} INFO - Started process (PID=436) to work on /home/airflow/.local/lib/python3.8/site-packages/airflow/example_dags/example_params_trigger_ui.py
[2025-04-28T10:46:41.438+0000] {processor.py:830} INFO - Processing file /home/airflow/.local/lib/python3.8/site-packages/airflow/example_dags/example_params_trigger_ui.py for tasks to queue
[2025-04-28T10:46:41.441+0000] {logging_mixin.py:188} INFO - [2025-04-28T10:46:41.441+0000] {dagbag.py:538} INFO - Filling up the DagBag from /home/airflow/.local/lib/python3.8/site-packages/airflow/example_dags/example_params_trigger_ui.py
[2025-04-28T10:46:41.470+0000] {processor.py:840} INFO - DAG(s) 'example_params_trigger_ui' retrieved from /home/airflow/.local/lib/python3.8/site-packages/airflow/example_dags/example_params_trigger_ui.py
[2025-04-28T10:46:41.570+0000] {logging_mixin.py:188} INFO - [2025-04-28T10:46:41.570+0000] {dag.py:3033} INFO - Sync 1 DAGs
[2025-04-28T10:46:41.591+0000] {logging_mixin.py:188} INFO - [2025-04-28T10:46:41.591+0000] {dag.py:3820} INFO - Setting next_dagrun for example_params_trigger_ui to None, run_after=None
[2025-04-28T10:46:41.619+0000] {processor.py:183} INFO - Processing /home/airflow/.local/lib/python3.8/site-packages/airflow/example_dags/example_params_trigger_ui.py took 0.192 seconds
[2025-04-28T10:47:11.686+0000] {processor.py:161} INFO - Started process (PID=492) to work on /home/airflow/.local/lib/python3.8/site-packages/airflow/example_dags/example_params_trigger_ui.py
[2025-04-28T10:47:11.688+0000] {processor.py:830} INFO - Processing file /home/airflow/.local/lib/python3.8/site-packages/airflow/example_dags/example_params_trigger_ui.py for tasks to queue
[2025-04-28T10:47:11.691+0000] {logging_mixin.py:188} INFO - [2025-04-28T10:47:11.691+0000] {dagbag.py:538} INFO - Filling up the DagBag from /home/airflow/.local/lib/python3.8/site-packages/airflow/example_dags/example_params_trigger_ui.py
[2025-04-28T10:47:11.716+0000] {processor.py:840} INFO - DAG(s) 'example_params_trigger_ui' retrieved from /home/airflow/.local/lib/python3.8/site-packages/airflow/example_dags/example_params_trigger_ui.py
[2025-04-28T10:47:11.823+0000] {logging_mixin.py:188} INFO - [2025-04-28T10:47:11.823+0000] {dag.py:3033} INFO - Sync 1 DAGs
[2025-04-28T10:47:11.843+0000] {logging_mixin.py:188} INFO - [2025-04-28T10:47:11.842+0000] {dag.py:3820} INFO - Setting next_dagrun for example_params_trigger_ui to None, run_after=None
[2025-04-28T10:47:11.875+0000] {processor.py:183} INFO - Processing /home/airflow/.local/lib/python3.8/site-packages/airflow/example_dags/example_params_trigger_ui.py took 0.193 seconds
[2025-04-28T10:47:42.284+0000] {processor.py:161} INFO - Started process (PID=549) to work on /home/airflow/.local/lib/python3.8/site-packages/airflow/example_dags/example_params_trigger_ui.py
[2025-04-28T10:47:42.286+0000] {processor.py:830} INFO - Processing file /home/airflow/.local/lib/python3.8/site-packages/airflow/example_dags/example_params_trigger_ui.py for tasks to queue
[2025-04-28T10:47:42.288+0000] {logging_mixin.py:188} INFO - [2025-04-28T10:47:42.288+0000] {dagbag.py:538} INFO - Filling up the DagBag from /home/airflow/.local/lib/python3.8/site-packages/airflow/example_dags/example_params_trigger_ui.py
[2025-04-28T10:47:42.312+0000] {processor.py:840} INFO - DAG(s) 'example_params_trigger_ui' retrieved from /home/airflow/.local/lib/python3.8/site-packages/airflow/example_dags/example_params_trigger_ui.py
[2025-04-28T10:47:42.433+0000] {logging_mixin.py:188} INFO - [2025-04-28T10:47:42.433+0000] {dag.py:3033} INFO - Sync 1 DAGs
[2025-04-28T10:47:42.453+0000] {logging_mixin.py:188} INFO - [2025-04-28T10:47:42.453+0000] {dag.py:3820} INFO - Setting next_dagrun for example_params_trigger_ui to None, run_after=None
[2025-04-28T10:47:42.483+0000] {processor.py:183} INFO - Processing /home/airflow/.local/lib/python3.8/site-packages/airflow/example_dags/example_params_trigger_ui.py took 0.204 seconds
[2025-04-28T10:48:12.684+0000] {processor.py:161} INFO - Started process (PID=599) to work on /home/airflow/.local/lib/python3.8/site-packages/airflow/example_dags/example_params_trigger_ui.py
[2025-04-28T10:48:12.687+0000] {processor.py:830} INFO - Processing file /home/airflow/.local/lib/python3.8/site-packages/airflow/example_dags/example_params_trigger_ui.py for tasks to queue
[2025-04-28T10:48:12.691+0000] {logging_mixin.py:188} INFO - [2025-04-28T10:48:12.691+0000] {dagbag.py:538} INFO - Filling up the DagBag from /home/airflow/.local/lib/python3.8/site-packages/airflow/example_dags/example_params_trigger_ui.py
[2025-04-28T10:48:12.713+0000] {processor.py:840} INFO - DAG(s) 'example_params_trigger_ui' retrieved from /home/airflow/.local/lib/python3.8/site-packages/airflow/example_dags/example_params_trigger_ui.py
[2025-04-28T10:48:12.896+0000] {logging_mixin.py:188} INFO - [2025-04-28T10:48:12.895+0000] {dag.py:3033} INFO - Sync 1 DAGs
[2025-04-28T10:48:12.919+0000] {logging_mixin.py:188} INFO - [2025-04-28T10:48:12.918+0000] {dag.py:3820} INFO - Setting next_dagrun for example_params_trigger_ui to None, run_after=None
[2025-04-28T10:48:12.962+0000] {processor.py:183} INFO - Processing /home/airflow/.local/lib/python3.8/site-packages/airflow/example_dags/example_params_trigger_ui.py took 0.285 seconds
[2025-04-28T10:48:43.786+0000] {processor.py:161} INFO - Started process (PID=661) to work on /home/airflow/.local/lib/python3.8/site-packages/airflow/example_dags/example_params_trigger_ui.py
[2025-04-28T10:48:43.789+0000] {processor.py:830} INFO - Processing file /home/airflow/.local/lib/python3.8/site-packages/airflow/example_dags/example_params_trigger_ui.py for tasks to queue
[2025-04-28T10:48:43.794+0000] {logging_mixin.py:188} INFO - [2025-04-28T10:48:43.793+0000] {dagbag.py:538} INFO - Filling up the DagBag from /home/airflow/.local/lib/python3.8/site-packages/airflow/example_dags/example_params_trigger_ui.py
[2025-04-28T10:48:43.835+0000] {processor.py:840} INFO - DAG(s) 'example_params_trigger_ui' retrieved from /home/airflow/.local/lib/python3.8/site-packages/airflow/example_dags/example_params_trigger_ui.py
[2025-04-28T10:48:43.973+0000] {logging_mixin.py:188} INFO - [2025-04-28T10:48:43.972+0000] {dag.py:3033} INFO - Sync 1 DAGs
[2025-04-28T10:48:43.989+0000] {logging_mixin.py:188} INFO - [2025-04-28T10:48:43.988+0000] {dag.py:3820} INFO - Setting next_dagrun for example_params_trigger_ui to None, run_after=None
[2025-04-28T10:48:44.019+0000] {processor.py:183} INFO - Processing /home/airflow/.local/lib/python3.8/site-packages/airflow/example_dags/example_params_trigger_ui.py took 0.239 seconds
[2025-04-28T10:49:14.845+0000] {processor.py:161} INFO - Started process (PID=711) to work on /home/airflow/.local/lib/python3.8/site-packages/airflow/example_dags/example_params_trigger_ui.py
[2025-04-28T10:49:14.846+0000] {processor.py:830} INFO - Processing file /home/airflow/.local/lib/python3.8/site-packages/airflow/example_dags/example_params_trigger_ui.py for tasks to queue
[2025-04-28T10:49:14.849+0000] {logging_mixin.py:188} INFO - [2025-04-28T10:49:14.849+0000] {dagbag.py:538} INFO - Filling up the DagBag from /home/airflow/.local/lib/python3.8/site-packages/airflow/example_dags/example_params_trigger_ui.py
[2025-04-28T10:49:14.869+0000] {processor.py:840} INFO - DAG(s) 'example_params_trigger_ui' retrieved from /home/airflow/.local/lib/python3.8/site-packages/airflow/example_dags/example_params_trigger_ui.py
[2025-04-28T10:49:14.963+0000] {logging_mixin.py:188} INFO - [2025-04-28T10:49:14.963+0000] {dag.py:3033} INFO - Sync 1 DAGs
[2025-04-28T10:49:14.986+0000] {logging_mixin.py:188} INFO - [2025-04-28T10:49:14.986+0000] {dag.py:3820} INFO - Setting next_dagrun for example_params_trigger_ui to None, run_after=None
[2025-04-28T10:49:15.012+0000] {processor.py:183} INFO - Processing /home/airflow/.local/lib/python3.8/site-packages/airflow/example_dags/example_params_trigger_ui.py took 0.173 seconds
[2025-04-28T10:49:46.859+0000] {processor.py:161} INFO - Started process (PID=767) to work on /home/airflow/.local/lib/python3.8/site-packages/airflow/example_dags/example_params_trigger_ui.py
[2025-04-28T10:49:46.861+0000] {processor.py:830} INFO - Processing file /home/airflow/.local/lib/python3.8/site-packages/airflow/example_dags/example_params_trigger_ui.py for tasks to queue
[2025-04-28T10:49:46.864+0000] {logging_mixin.py:188} INFO - [2025-04-28T10:49:46.864+0000] {dagbag.py:538} INFO - Filling up the DagBag from /home/airflow/.local/lib/python3.8/site-packages/airflow/example_dags/example_params_trigger_ui.py
[2025-04-28T10:49:46.916+0000] {processor.py:840} INFO - DAG(s) 'example_params_trigger_ui' retrieved from /home/airflow/.local/lib/python3.8/site-packages/airflow/example_dags/example_params_trigger_ui.py
[2025-04-28T10:49:47.114+0000] {logging_mixin.py:188} INFO - [2025-04-28T10:49:47.113+0000] {dag.py:3033} INFO - Sync 1 DAGs
[2025-04-28T10:49:47.154+0000] {logging_mixin.py:188} INFO - [2025-04-28T10:49:47.154+0000] {dag.py:3820} INFO - Setting next_dagrun for example_params_trigger_ui to None, run_after=None
[2025-04-28T10:49:47.240+0000] {processor.py:183} INFO - Processing /home/airflow/.local/lib/python3.8/site-packages/airflow/example_dags/example_params_trigger_ui.py took 0.391 seconds
[2025-04-28T10:50:17.642+0000] {processor.py:161} INFO - Started process (PID=829) to work on /home/airflow/.local/lib/python3.8/site-packages/airflow/example_dags/example_params_trigger_ui.py
[2025-04-28T10:50:17.644+0000] {processor.py:830} INFO - Processing file /home/airflow/.local/lib/python3.8/site-packages/airflow/example_dags/example_params_trigger_ui.py for tasks to queue
[2025-04-28T10:50:17.648+0000] {logging_mixin.py:188} INFO - [2025-04-28T10:50:17.648+0000] {dagbag.py:538} INFO - Filling up the DagBag from /home/airflow/.local/lib/python3.8/site-packages/airflow/example_dags/example_params_trigger_ui.py
[2025-04-28T10:50:17.690+0000] {processor.py:840} INFO - DAG(s) 'example_params_trigger_ui' retrieved from /home/airflow/.local/lib/python3.8/site-packages/airflow/example_dags/example_params_trigger_ui.py
[2025-04-28T10:50:17.792+0000] {logging_mixin.py:188} INFO - [2025-04-28T10:50:17.791+0000] {dag.py:3033} INFO - Sync 1 DAGs
[2025-04-28T10:50:17.813+0000] {logging_mixin.py:188} INFO - [2025-04-28T10:50:17.813+0000] {dag.py:3820} INFO - Setting next_dagrun for example_params_trigger_ui to None, run_after=None
[2025-04-28T10:50:17.871+0000] {processor.py:183} INFO - Processing /home/airflow/.local/lib/python3.8/site-packages/airflow/example_dags/example_params_trigger_ui.py took 0.237 seconds
[2025-04-28T10:50:48.433+0000] {processor.py:161} INFO - Started process (PID=879) to work on /home/airflow/.local/lib/python3.8/site-packages/airflow/example_dags/example_params_trigger_ui.py
[2025-04-28T10:50:48.435+0000] {processor.py:830} INFO - Processing file /home/airflow/.local/lib/python3.8/site-packages/airflow/example_dags/example_params_trigger_ui.py for tasks to queue
[2025-04-28T10:50:48.438+0000] {logging_mixin.py:188} INFO - [2025-04-28T10:50:48.437+0000] {dagbag.py:538} INFO - Filling up the DagBag from /home/airflow/.local/lib/python3.8/site-packages/airflow/example_dags/example_params_trigger_ui.py
[2025-04-28T10:50:48.458+0000] {processor.py:840} INFO - DAG(s) 'example_params_trigger_ui' retrieved from /home/airflow/.local/lib/python3.8/site-packages/airflow/example_dags/example_params_trigger_ui.py
[2025-04-28T10:50:48.560+0000] {logging_mixin.py:188} INFO - [2025-04-28T10:50:48.560+0000] {dag.py:3033} INFO - Sync 1 DAGs
[2025-04-28T10:50:48.581+0000] {logging_mixin.py:188} INFO - [2025-04-28T10:50:48.580+0000] {dag.py:3820} INFO - Setting next_dagrun for example_params_trigger_ui to None, run_after=None
[2025-04-28T10:50:48.616+0000] {processor.py:183} INFO - Processing /home/airflow/.local/lib/python3.8/site-packages/airflow/example_dags/example_params_trigger_ui.py took 0.187 seconds
[2025-04-28T10:51:20.457+0000] {processor.py:161} INFO - Started process (PID=935) to work on /home/airflow/.local/lib/python3.8/site-packages/airflow/example_dags/example_params_trigger_ui.py
[2025-04-28T10:51:20.459+0000] {processor.py:830} INFO - Processing file /home/airflow/.local/lib/python3.8/site-packages/airflow/example_dags/example_params_trigger_ui.py for tasks to queue
[2025-04-28T10:51:20.462+0000] {logging_mixin.py:188} INFO - [2025-04-28T10:51:20.461+0000] {dagbag.py:538} INFO - Filling up the DagBag from /home/airflow/.local/lib/python3.8/site-packages/airflow/example_dags/example_params_trigger_ui.py
[2025-04-28T10:51:20.483+0000] {processor.py:840} INFO - DAG(s) 'example_params_trigger_ui' retrieved from /home/airflow/.local/lib/python3.8/site-packages/airflow/example_dags/example_params_trigger_ui.py
[2025-04-28T10:51:20.578+0000] {logging_mixin.py:188} INFO - [2025-04-28T10:51:20.578+0000] {dag.py:3033} INFO - Sync 1 DAGs
[2025-04-28T10:51:20.601+0000] {logging_mixin.py:188} INFO - [2025-04-28T10:51:20.601+0000] {dag.py:3820} INFO - Setting next_dagrun for example_params_trigger_ui to None, run_after=None
[2025-04-28T10:51:20.632+0000] {processor.py:183} INFO - Processing /home/airflow/.local/lib/python3.8/site-packages/airflow/example_dags/example_params_trigger_ui.py took 0.179 seconds
[2025-04-28T10:51:54.119+0000] {processor.py:161} INFO - Started process (PID=991) to work on /home/airflow/.local/lib/python3.8/site-packages/airflow/example_dags/example_params_trigger_ui.py
[2025-04-28T10:51:54.120+0000] {processor.py:830} INFO - Processing file /home/airflow/.local/lib/python3.8/site-packages/airflow/example_dags/example_params_trigger_ui.py for tasks to queue
[2025-04-28T10:51:54.124+0000] {logging_mixin.py:188} INFO - [2025-04-28T10:51:54.123+0000] {dagbag.py:538} INFO - Filling up the DagBag from /home/airflow/.local/lib/python3.8/site-packages/airflow/example_dags/example_params_trigger_ui.py
[2025-04-28T10:51:54.156+0000] {processor.py:840} INFO - DAG(s) 'example_params_trigger_ui' retrieved from /home/airflow/.local/lib/python3.8/site-packages/airflow/example_dags/example_params_trigger_ui.py
[2025-04-28T10:51:54.351+0000] {logging_mixin.py:188} INFO - [2025-04-28T10:51:54.350+0000] {dag.py:3033} INFO - Sync 1 DAGs
[2025-04-28T10:51:54.408+0000] {logging_mixin.py:188} INFO - [2025-04-28T10:51:54.408+0000] {dag.py:3820} INFO - Setting next_dagrun for example_params_trigger_ui to None, run_after=None
[2025-04-28T10:51:54.501+0000] {processor.py:183} INFO - Processing /home/airflow/.local/lib/python3.8/site-packages/airflow/example_dags/example_params_trigger_ui.py took 0.389 seconds
[2025-04-28T10:52:26.708+0000] {processor.py:161} INFO - Started process (PID=1047) to work on /home/airflow/.local/lib/python3.8/site-packages/airflow/example_dags/example_params_trigger_ui.py
[2025-04-28T10:52:26.709+0000] {processor.py:830} INFO - Processing file /home/airflow/.local/lib/python3.8/site-packages/airflow/example_dags/example_params_trigger_ui.py for tasks to queue
[2025-04-28T10:52:26.713+0000] {logging_mixin.py:188} INFO - [2025-04-28T10:52:26.713+0000] {dagbag.py:538} INFO - Filling up the DagBag from /home/airflow/.local/lib/python3.8/site-packages/airflow/example_dags/example_params_trigger_ui.py
[2025-04-28T10:52:26.737+0000] {processor.py:840} INFO - DAG(s) 'example_params_trigger_ui' retrieved from /home/airflow/.local/lib/python3.8/site-packages/airflow/example_dags/example_params_trigger_ui.py
[2025-04-28T10:52:26.868+0000] {logging_mixin.py:188} INFO - [2025-04-28T10:52:26.867+0000] {dag.py:3033} INFO - Sync 1 DAGs
[2025-04-28T10:52:26.895+0000] {logging_mixin.py:188} INFO - [2025-04-28T10:52:26.895+0000] {dag.py:3820} INFO - Setting next_dagrun for example_params_trigger_ui to None, run_after=None
[2025-04-28T10:52:26.929+0000] {processor.py:183} INFO - Processing /home/airflow/.local/lib/python3.8/site-packages/airflow/example_dags/example_params_trigger_ui.py took 0.227 seconds
[2025-04-28T10:52:59.286+0000] {processor.py:161} INFO - Started process (PID=1104) to work on /home/airflow/.local/lib/python3.8/site-packages/airflow/example_dags/example_params_trigger_ui.py
[2025-04-28T10:52:59.287+0000] {processor.py:830} INFO - Processing file /home/airflow/.local/lib/python3.8/site-packages/airflow/example_dags/example_params_trigger_ui.py for tasks to queue
[2025-04-28T10:52:59.291+0000] {logging_mixin.py:188} INFO - [2025-04-28T10:52:59.291+0000] {dagbag.py:538} INFO - Filling up the DagBag from /home/airflow/.local/lib/python3.8/site-packages/airflow/example_dags/example_params_trigger_ui.py
[2025-04-28T10:52:59.318+0000] {processor.py:840} INFO - DAG(s) 'example_params_trigger_ui' retrieved from /home/airflow/.local/lib/python3.8/site-packages/airflow/example_dags/example_params_trigger_ui.py
[2025-04-28T10:52:59.410+0000] {logging_mixin.py:188} INFO - [2025-04-28T10:52:59.410+0000] {dag.py:3033} INFO - Sync 1 DAGs
[2025-04-28T10:52:59.425+0000] {logging_mixin.py:188} INFO - [2025-04-28T10:52:59.425+0000] {dag.py:3820} INFO - Setting next_dagrun for example_params_trigger_ui to None, run_after=None
[2025-04-28T10:52:59.451+0000] {processor.py:183} INFO - Processing /home/airflow/.local/lib/python3.8/site-packages/airflow/example_dags/example_params_trigger_ui.py took 0.169 seconds
[2025-04-28T10:53:31.379+0000] {processor.py:161} INFO - Started process (PID=1160) to work on /home/airflow/.local/lib/python3.8/site-packages/airflow/example_dags/example_params_trigger_ui.py
[2025-04-28T10:53:31.380+0000] {processor.py:830} INFO - Processing file /home/airflow/.local/lib/python3.8/site-packages/airflow/example_dags/example_params_trigger_ui.py for tasks to queue
[2025-04-28T10:53:31.383+0000] {logging_mixin.py:188} INFO - [2025-04-28T10:53:31.383+0000] {dagbag.py:538} INFO - Filling up the DagBag from /home/airflow/.local/lib/python3.8/site-packages/airflow/example_dags/example_params_trigger_ui.py
[2025-04-28T10:53:31.403+0000] {processor.py:840} INFO - DAG(s) 'example_params_trigger_ui' retrieved from /home/airflow/.local/lib/python3.8/site-packages/airflow/example_dags/example_params_trigger_ui.py
[2025-04-28T10:53:31.504+0000] {logging_mixin.py:188} INFO - [2025-04-28T10:53:31.503+0000] {dag.py:3033} INFO - Sync 1 DAGs
[2025-04-28T10:53:31.526+0000] {logging_mixin.py:188} INFO - [2025-04-28T10:53:31.525+0000] {dag.py:3820} INFO - Setting next_dagrun for example_params_trigger_ui to None, run_after=None
[2025-04-28T10:53:31.559+0000] {processor.py:183} INFO - Processing /home/airflow/.local/lib/python3.8/site-packages/airflow/example_dags/example_params_trigger_ui.py took 0.185 seconds
[2025-04-28T10:54:04.544+0000] {processor.py:161} INFO - Started process (PID=1217) to work on /home/airflow/.local/lib/python3.8/site-packages/airflow/example_dags/example_params_trigger_ui.py
[2025-04-28T10:54:04.546+0000] {processor.py:830} INFO - Processing file /home/airflow/.local/lib/python3.8/site-packages/airflow/example_dags/example_params_trigger_ui.py for tasks to queue
[2025-04-28T10:54:04.549+0000] {logging_mixin.py:188} INFO - [2025-04-28T10:54:04.549+0000] {dagbag.py:538} INFO - Filling up the DagBag from /home/airflow/.local/lib/python3.8/site-packages/airflow/example_dags/example_params_trigger_ui.py
[2025-04-28T10:54:04.605+0000] {processor.py:840} INFO - DAG(s) 'example_params_trigger_ui' retrieved from /home/airflow/.local/lib/python3.8/site-packages/airflow/example_dags/example_params_trigger_ui.py
[2025-04-28T10:54:04.796+0000] {logging_mixin.py:188} INFO - [2025-04-28T10:54:04.796+0000] {dag.py:3033} INFO - Sync 1 DAGs
[2025-04-28T10:54:04.817+0000] {logging_mixin.py:188} INFO - [2025-04-28T10:54:04.817+0000] {dag.py:3820} INFO - Setting next_dagrun for example_params_trigger_ui to None, run_after=None
[2025-04-28T10:54:04.865+0000] {processor.py:183} INFO - Processing /home/airflow/.local/lib/python3.8/site-packages/airflow/example_dags/example_params_trigger_ui.py took 0.326 seconds
[2025-04-28T10:54:37.059+0000] {processor.py:161} INFO - Started process (PID=1273) to work on /home/airflow/.local/lib/python3.8/site-packages/airflow/example_dags/example_params_trigger_ui.py
[2025-04-28T10:54:37.060+0000] {processor.py:830} INFO - Processing file /home/airflow/.local/lib/python3.8/site-packages/airflow/example_dags/example_params_trigger_ui.py for tasks to queue
[2025-04-28T10:54:37.065+0000] {logging_mixin.py:188} INFO - [2025-04-28T10:54:37.064+0000] {dagbag.py:538} INFO - Filling up the DagBag from /home/airflow/.local/lib/python3.8/site-packages/airflow/example_dags/example_params_trigger_ui.py
[2025-04-28T10:54:37.091+0000] {processor.py:840} INFO - DAG(s) 'example_params_trigger_ui' retrieved from /home/airflow/.local/lib/python3.8/site-packages/airflow/example_dags/example_params_trigger_ui.py
[2025-04-28T10:54:37.175+0000] {logging_mixin.py:188} INFO - [2025-04-28T10:54:37.175+0000] {dag.py:3033} INFO - Sync 1 DAGs
[2025-04-28T10:54:37.193+0000] {logging_mixin.py:188} INFO - [2025-04-28T10:54:37.193+0000] {dag.py:3820} INFO - Setting next_dagrun for example_params_trigger_ui to None, run_after=None
[2025-04-28T10:54:37.226+0000] {processor.py:183} INFO - Processing /home/airflow/.local/lib/python3.8/site-packages/airflow/example_dags/example_params_trigger_ui.py took 0.173 seconds
[2025-04-28T10:55:09.883+0000] {processor.py:161} INFO - Started process (PID=1330) to work on /home/airflow/.local/lib/python3.8/site-packages/airflow/example_dags/example_params_trigger_ui.py
[2025-04-28T10:55:09.885+0000] {processor.py:830} INFO - Processing file /home/airflow/.local/lib/python3.8/site-packages/airflow/example_dags/example_params_trigger_ui.py for tasks to queue
[2025-04-28T10:55:09.889+0000] {logging_mixin.py:188} INFO - [2025-04-28T10:55:09.888+0000] {dagbag.py:538} INFO - Filling up the DagBag from /home/airflow/.local/lib/python3.8/site-packages/airflow/example_dags/example_params_trigger_ui.py
[2025-04-28T10:55:09.911+0000] {processor.py:840} INFO - DAG(s) 'example_params_trigger_ui' retrieved from /home/airflow/.local/lib/python3.8/site-packages/airflow/example_dags/example_params_trigger_ui.py
[2025-04-28T10:55:10.023+0000] {logging_mixin.py:188} INFO - [2025-04-28T10:55:10.023+0000] {dag.py:3033} INFO - Sync 1 DAGs
[2025-04-28T10:55:10.046+0000] {logging_mixin.py:188} INFO - [2025-04-28T10:55:10.046+0000] {dag.py:3820} INFO - Setting next_dagrun for example_params_trigger_ui to None, run_after=None
[2025-04-28T10:55:10.075+0000] {processor.py:183} INFO - Processing /home/airflow/.local/lib/python3.8/site-packages/airflow/example_dags/example_params_trigger_ui.py took 0.197 seconds
[2025-04-28T10:55:43.330+0000] {processor.py:161} INFO - Started process (PID=1387) to work on /home/airflow/.local/lib/python3.8/site-packages/airflow/example_dags/example_params_trigger_ui.py
[2025-04-28T10:55:43.332+0000] {processor.py:830} INFO - Processing file /home/airflow/.local/lib/python3.8/site-packages/airflow/example_dags/example_params_trigger_ui.py for tasks to queue
[2025-04-28T10:55:43.335+0000] {logging_mixin.py:188} INFO - [2025-04-28T10:55:43.334+0000] {dagbag.py:538} INFO - Filling up the DagBag from /home/airflow/.local/lib/python3.8/site-packages/airflow/example_dags/example_params_trigger_ui.py
[2025-04-28T10:55:43.355+0000] {processor.py:840} INFO - DAG(s) 'example_params_trigger_ui' retrieved from /home/airflow/.local/lib/python3.8/site-packages/airflow/example_dags/example_params_trigger_ui.py
[2025-04-28T10:55:43.469+0000] {logging_mixin.py:188} INFO - [2025-04-28T10:55:43.469+0000] {dag.py:3033} INFO - Sync 1 DAGs
[2025-04-28T10:55:43.492+0000] {logging_mixin.py:188} INFO - [2025-04-28T10:55:43.491+0000] {dag.py:3820} INFO - Setting next_dagrun for example_params_trigger_ui to None, run_after=None
[2025-04-28T10:55:43.520+0000] {processor.py:183} INFO - Processing /home/airflow/.local/lib/python3.8/site-packages/airflow/example_dags/example_params_trigger_ui.py took 0.194 seconds
[2025-04-28T10:56:16.804+0000] {processor.py:161} INFO - Started process (PID=1443) to work on /home/airflow/.local/lib/python3.8/site-packages/airflow/example_dags/example_params_trigger_ui.py
[2025-04-28T10:56:16.806+0000] {processor.py:830} INFO - Processing file /home/airflow/.local/lib/python3.8/site-packages/airflow/example_dags/example_params_trigger_ui.py for tasks to queue
[2025-04-28T10:56:16.810+0000] {logging_mixin.py:188} INFO - [2025-04-28T10:56:16.809+0000] {dagbag.py:538} INFO - Filling up the DagBag from /home/airflow/.local/lib/python3.8/site-packages/airflow/example_dags/example_params_trigger_ui.py
[2025-04-28T10:56:16.841+0000] {processor.py:840} INFO - DAG(s) 'example_params_trigger_ui' retrieved from /home/airflow/.local/lib/python3.8/site-packages/airflow/example_dags/example_params_trigger_ui.py
[2025-04-28T10:56:16.978+0000] {logging_mixin.py:188} INFO - [2025-04-28T10:56:16.977+0000] {dag.py:3033} INFO - Sync 1 DAGs
[2025-04-28T10:56:17.000+0000] {logging_mixin.py:188} INFO - [2025-04-28T10:56:16.999+0000] {dag.py:3820} INFO - Setting next_dagrun for example_params_trigger_ui to None, run_after=None
[2025-04-28T10:56:17.032+0000] {processor.py:183} INFO - Processing /home/airflow/.local/lib/python3.8/site-packages/airflow/example_dags/example_params_trigger_ui.py took 0.234 seconds
[2025-04-28T10:56:49.837+0000] {processor.py:161} INFO - Started process (PID=1508) to work on /home/airflow/.local/lib/python3.8/site-packages/airflow/example_dags/example_params_trigger_ui.py
[2025-04-28T10:56:49.838+0000] {processor.py:830} INFO - Processing file /home/airflow/.local/lib/python3.8/site-packages/airflow/example_dags/example_params_trigger_ui.py for tasks to queue
[2025-04-28T10:56:49.842+0000] {logging_mixin.py:188} INFO - [2025-04-28T10:56:49.841+0000] {dagbag.py:538} INFO - Filling up the DagBag from /home/airflow/.local/lib/python3.8/site-packages/airflow/example_dags/example_params_trigger_ui.py
[2025-04-28T10:56:49.865+0000] {processor.py:840} INFO - DAG(s) 'example_params_trigger_ui' retrieved from /home/airflow/.local/lib/python3.8/site-packages/airflow/example_dags/example_params_trigger_ui.py
[2025-04-28T10:56:49.958+0000] {logging_mixin.py:188} INFO - [2025-04-28T10:56:49.958+0000] {dag.py:3033} INFO - Sync 1 DAGs
[2025-04-28T10:56:49.974+0000] {logging_mixin.py:188} INFO - [2025-04-28T10:56:49.974+0000] {dag.py:3820} INFO - Setting next_dagrun for example_params_trigger_ui to None, run_after=None
[2025-04-28T10:56:50.015+0000] {processor.py:183} INFO - Processing /home/airflow/.local/lib/python3.8/site-packages/airflow/example_dags/example_params_trigger_ui.py took 0.184 seconds
[2025-04-28T10:59:49.059+0000] {processor.py:161} INFO - Started process (PID=105) to work on /home/airflow/.local/lib/python3.8/site-packages/airflow/example_dags/example_params_trigger_ui.py
[2025-04-28T10:59:49.062+0000] {processor.py:830} INFO - Processing file /home/airflow/.local/lib/python3.8/site-packages/airflow/example_dags/example_params_trigger_ui.py for tasks to queue
[2025-04-28T10:59:49.068+0000] {logging_mixin.py:188} INFO - [2025-04-28T10:59:49.068+0000] {dagbag.py:538} INFO - Filling up the DagBag from /home/airflow/.local/lib/python3.8/site-packages/airflow/example_dags/example_params_trigger_ui.py
[2025-04-28T10:59:49.126+0000] {processor.py:840} INFO - DAG(s) 'example_params_trigger_ui' retrieved from /home/airflow/.local/lib/python3.8/site-packages/airflow/example_dags/example_params_trigger_ui.py
[2025-04-28T10:59:49.761+0000] {logging_mixin.py:188} INFO - [2025-04-28T10:59:49.761+0000] {dag.py:3033} INFO - Sync 1 DAGs
[2025-04-28T10:59:49.825+0000] {logging_mixin.py:188} INFO - [2025-04-28T10:59:49.825+0000] {dag.py:3820} INFO - Setting next_dagrun for example_params_trigger_ui to None, run_after=None
[2025-04-28T10:59:49.931+0000] {processor.py:183} INFO - Processing /home/airflow/.local/lib/python3.8/site-packages/airflow/example_dags/example_params_trigger_ui.py took 0.928 seconds
[2025-04-28T11:00:20.135+0000] {processor.py:161} INFO - Started process (PID=161) to work on /home/airflow/.local/lib/python3.8/site-packages/airflow/example_dags/example_params_trigger_ui.py
[2025-04-28T11:00:20.138+0000] {processor.py:830} INFO - Processing file /home/airflow/.local/lib/python3.8/site-packages/airflow/example_dags/example_params_trigger_ui.py for tasks to queue
[2025-04-28T11:00:20.141+0000] {logging_mixin.py:188} INFO - [2025-04-28T11:00:20.141+0000] {dagbag.py:538} INFO - Filling up the DagBag from /home/airflow/.local/lib/python3.8/site-packages/airflow/example_dags/example_params_trigger_ui.py
[2025-04-28T11:00:20.174+0000] {processor.py:840} INFO - DAG(s) 'example_params_trigger_ui' retrieved from /home/airflow/.local/lib/python3.8/site-packages/airflow/example_dags/example_params_trigger_ui.py
[2025-04-28T11:00:20.300+0000] {logging_mixin.py:188} INFO - [2025-04-28T11:00:20.299+0000] {dag.py:3033} INFO - Sync 1 DAGs
[2025-04-28T11:00:20.325+0000] {logging_mixin.py:188} INFO - [2025-04-28T11:00:20.325+0000] {dag.py:3820} INFO - Setting next_dagrun for example_params_trigger_ui to None, run_after=None
[2025-04-28T11:00:20.353+0000] {processor.py:183} INFO - Processing /home/airflow/.local/lib/python3.8/site-packages/airflow/example_dags/example_params_trigger_ui.py took 0.224 seconds
[2025-04-28T11:00:50.430+0000] {processor.py:161} INFO - Started process (PID=211) to work on /home/airflow/.local/lib/python3.8/site-packages/airflow/example_dags/example_params_trigger_ui.py
[2025-04-28T11:00:50.431+0000] {processor.py:830} INFO - Processing file /home/airflow/.local/lib/python3.8/site-packages/airflow/example_dags/example_params_trigger_ui.py for tasks to queue
[2025-04-28T11:00:50.434+0000] {logging_mixin.py:188} INFO - [2025-04-28T11:00:50.434+0000] {dagbag.py:538} INFO - Filling up the DagBag from /home/airflow/.local/lib/python3.8/site-packages/airflow/example_dags/example_params_trigger_ui.py
[2025-04-28T11:00:50.457+0000] {processor.py:840} INFO - DAG(s) 'example_params_trigger_ui' retrieved from /home/airflow/.local/lib/python3.8/site-packages/airflow/example_dags/example_params_trigger_ui.py
[2025-04-28T11:00:50.550+0000] {logging_mixin.py:188} INFO - [2025-04-28T11:00:50.550+0000] {dag.py:3033} INFO - Sync 1 DAGs
[2025-04-28T11:00:50.575+0000] {logging_mixin.py:188} INFO - [2025-04-28T11:00:50.574+0000] {dag.py:3820} INFO - Setting next_dagrun for example_params_trigger_ui to None, run_after=None
[2025-04-28T11:00:50.607+0000] {processor.py:183} INFO - Processing /home/airflow/.local/lib/python3.8/site-packages/airflow/example_dags/example_params_trigger_ui.py took 0.183 seconds
[2025-04-28T11:01:20.770+0000] {processor.py:161} INFO - Started process (PID=268) to work on /home/airflow/.local/lib/python3.8/site-packages/airflow/example_dags/example_params_trigger_ui.py
[2025-04-28T11:01:20.771+0000] {processor.py:830} INFO - Processing file /home/airflow/.local/lib/python3.8/site-packages/airflow/example_dags/example_params_trigger_ui.py for tasks to queue
[2025-04-28T11:01:20.774+0000] {logging_mixin.py:188} INFO - [2025-04-28T11:01:20.774+0000] {dagbag.py:538} INFO - Filling up the DagBag from /home/airflow/.local/lib/python3.8/site-packages/airflow/example_dags/example_params_trigger_ui.py
[2025-04-28T11:01:20.802+0000] {processor.py:840} INFO - DAG(s) 'example_params_trigger_ui' retrieved from /home/airflow/.local/lib/python3.8/site-packages/airflow/example_dags/example_params_trigger_ui.py
[2025-04-28T11:01:20.914+0000] {logging_mixin.py:188} INFO - [2025-04-28T11:01:20.914+0000] {dag.py:3033} INFO - Sync 1 DAGs
[2025-04-28T11:01:20.942+0000] {logging_mixin.py:188} INFO - [2025-04-28T11:01:20.942+0000] {dag.py:3820} INFO - Setting next_dagrun for example_params_trigger_ui to None, run_after=None
[2025-04-28T11:01:20.977+0000] {processor.py:183} INFO - Processing /home/airflow/.local/lib/python3.8/site-packages/airflow/example_dags/example_params_trigger_ui.py took 0.211 seconds
[2025-04-28T11:01:51.187+0000] {processor.py:161} INFO - Started process (PID=324) to work on /home/airflow/.local/lib/python3.8/site-packages/airflow/example_dags/example_params_trigger_ui.py
[2025-04-28T11:01:51.188+0000] {processor.py:830} INFO - Processing file /home/airflow/.local/lib/python3.8/site-packages/airflow/example_dags/example_params_trigger_ui.py for tasks to queue
[2025-04-28T11:01:51.192+0000] {logging_mixin.py:188} INFO - [2025-04-28T11:01:51.191+0000] {dagbag.py:538} INFO - Filling up the DagBag from /home/airflow/.local/lib/python3.8/site-packages/airflow/example_dags/example_params_trigger_ui.py
[2025-04-28T11:01:51.217+0000] {processor.py:840} INFO - DAG(s) 'example_params_trigger_ui' retrieved from /home/airflow/.local/lib/python3.8/site-packages/airflow/example_dags/example_params_trigger_ui.py
[2025-04-28T11:01:51.314+0000] {logging_mixin.py:188} INFO - [2025-04-28T11:01:51.314+0000] {dag.py:3033} INFO - Sync 1 DAGs
[2025-04-28T11:01:51.336+0000] {logging_mixin.py:188} INFO - [2025-04-28T11:01:51.336+0000] {dag.py:3820} INFO - Setting next_dagrun for example_params_trigger_ui to None, run_after=None
[2025-04-28T11:01:51.365+0000] {processor.py:183} INFO - Processing /home/airflow/.local/lib/python3.8/site-packages/airflow/example_dags/example_params_trigger_ui.py took 0.183 seconds
[2025-04-28T11:02:21.870+0000] {processor.py:161} INFO - Started process (PID=380) to work on /home/airflow/.local/lib/python3.8/site-packages/airflow/example_dags/example_params_trigger_ui.py
[2025-04-28T11:02:21.871+0000] {processor.py:830} INFO - Processing file /home/airflow/.local/lib/python3.8/site-packages/airflow/example_dags/example_params_trigger_ui.py for tasks to queue
[2025-04-28T11:02:21.875+0000] {logging_mixin.py:188} INFO - [2025-04-28T11:02:21.874+0000] {dagbag.py:538} INFO - Filling up the DagBag from /home/airflow/.local/lib/python3.8/site-packages/airflow/example_dags/example_params_trigger_ui.py
[2025-04-28T11:02:21.897+0000] {processor.py:840} INFO - DAG(s) 'example_params_trigger_ui' retrieved from /home/airflow/.local/lib/python3.8/site-packages/airflow/example_dags/example_params_trigger_ui.py
[2025-04-28T11:02:22.009+0000] {logging_mixin.py:188} INFO - [2025-04-28T11:02:22.009+0000] {dag.py:3033} INFO - Sync 1 DAGs
[2025-04-28T11:02:22.035+0000] {logging_mixin.py:188} INFO - [2025-04-28T11:02:22.034+0000] {dag.py:3820} INFO - Setting next_dagrun for example_params_trigger_ui to None, run_after=None
[2025-04-28T11:02:22.066+0000] {processor.py:183} INFO - Processing /home/airflow/.local/lib/python3.8/site-packages/airflow/example_dags/example_params_trigger_ui.py took 0.202 seconds
[2025-04-28T11:02:52.132+0000] {processor.py:161} INFO - Started process (PID=436) to work on /home/airflow/.local/lib/python3.8/site-packages/airflow/example_dags/example_params_trigger_ui.py
[2025-04-28T11:02:52.133+0000] {processor.py:830} INFO - Processing file /home/airflow/.local/lib/python3.8/site-packages/airflow/example_dags/example_params_trigger_ui.py for tasks to queue
[2025-04-28T11:02:52.137+0000] {logging_mixin.py:188} INFO - [2025-04-28T11:02:52.137+0000] {dagbag.py:538} INFO - Filling up the DagBag from /home/airflow/.local/lib/python3.8/site-packages/airflow/example_dags/example_params_trigger_ui.py
[2025-04-28T11:02:52.163+0000] {processor.py:840} INFO - DAG(s) 'example_params_trigger_ui' retrieved from /home/airflow/.local/lib/python3.8/site-packages/airflow/example_dags/example_params_trigger_ui.py
[2025-04-28T11:02:52.264+0000] {logging_mixin.py:188} INFO - [2025-04-28T11:02:52.264+0000] {dag.py:3033} INFO - Sync 1 DAGs
[2025-04-28T11:02:52.288+0000] {logging_mixin.py:188} INFO - [2025-04-28T11:02:52.288+0000] {dag.py:3820} INFO - Setting next_dagrun for example_params_trigger_ui to None, run_after=None
[2025-04-28T11:02:52.323+0000] {processor.py:183} INFO - Processing /home/airflow/.local/lib/python3.8/site-packages/airflow/example_dags/example_params_trigger_ui.py took 0.197 seconds
[2025-04-28T11:03:22.374+0000] {processor.py:161} INFO - Started process (PID=492) to work on /home/airflow/.local/lib/python3.8/site-packages/airflow/example_dags/example_params_trigger_ui.py
[2025-04-28T11:03:22.375+0000] {processor.py:830} INFO - Processing file /home/airflow/.local/lib/python3.8/site-packages/airflow/example_dags/example_params_trigger_ui.py for tasks to queue
[2025-04-28T11:03:22.378+0000] {logging_mixin.py:188} INFO - [2025-04-28T11:03:22.378+0000] {dagbag.py:538} INFO - Filling up the DagBag from /home/airflow/.local/lib/python3.8/site-packages/airflow/example_dags/example_params_trigger_ui.py
[2025-04-28T11:03:22.400+0000] {processor.py:840} INFO - DAG(s) 'example_params_trigger_ui' retrieved from /home/airflow/.local/lib/python3.8/site-packages/airflow/example_dags/example_params_trigger_ui.py
[2025-04-28T11:03:22.501+0000] {logging_mixin.py:188} INFO - [2025-04-28T11:03:22.501+0000] {dag.py:3033} INFO - Sync 1 DAGs
[2025-04-28T11:03:22.524+0000] {logging_mixin.py:188} INFO - [2025-04-28T11:03:22.524+0000] {dag.py:3820} INFO - Setting next_dagrun for example_params_trigger_ui to None, run_after=None
[2025-04-28T11:03:22.557+0000] {processor.py:183} INFO - Processing /home/airflow/.local/lib/python3.8/site-packages/airflow/example_dags/example_params_trigger_ui.py took 0.188 seconds
[2025-04-28T11:03:56.108+0000] {processor.py:161} INFO - Started process (PID=548) to work on /home/airflow/.local/lib/python3.8/site-packages/airflow/example_dags/example_params_trigger_ui.py
[2025-04-28T11:03:56.110+0000] {processor.py:830} INFO - Processing file /home/airflow/.local/lib/python3.8/site-packages/airflow/example_dags/example_params_trigger_ui.py for tasks to queue
[2025-04-28T11:03:56.114+0000] {logging_mixin.py:188} INFO - [2025-04-28T11:03:56.113+0000] {dagbag.py:538} INFO - Filling up the DagBag from /home/airflow/.local/lib/python3.8/site-packages/airflow/example_dags/example_params_trigger_ui.py
[2025-04-28T11:03:56.147+0000] {processor.py:840} INFO - DAG(s) 'example_params_trigger_ui' retrieved from /home/airflow/.local/lib/python3.8/site-packages/airflow/example_dags/example_params_trigger_ui.py
[2025-04-28T11:03:56.281+0000] {logging_mixin.py:188} INFO - [2025-04-28T11:03:56.281+0000] {dag.py:3033} INFO - Sync 1 DAGs
[2025-04-28T11:03:56.303+0000] {logging_mixin.py:188} INFO - [2025-04-28T11:03:56.303+0000] {dag.py:3820} INFO - Setting next_dagrun for example_params_trigger_ui to None, run_after=None
[2025-04-28T11:03:56.338+0000] {processor.py:183} INFO - Processing /home/airflow/.local/lib/python3.8/site-packages/airflow/example_dags/example_params_trigger_ui.py took 0.236 seconds
[2025-04-28T11:04:29.559+0000] {processor.py:161} INFO - Started process (PID=604) to work on /home/airflow/.local/lib/python3.8/site-packages/airflow/example_dags/example_params_trigger_ui.py
[2025-04-28T11:04:29.561+0000] {processor.py:830} INFO - Processing file /home/airflow/.local/lib/python3.8/site-packages/airflow/example_dags/example_params_trigger_ui.py for tasks to queue
[2025-04-28T11:04:29.567+0000] {logging_mixin.py:188} INFO - [2025-04-28T11:04:29.566+0000] {dagbag.py:538} INFO - Filling up the DagBag from /home/airflow/.local/lib/python3.8/site-packages/airflow/example_dags/example_params_trigger_ui.py
[2025-04-28T11:04:29.599+0000] {processor.py:840} INFO - DAG(s) 'example_params_trigger_ui' retrieved from /home/airflow/.local/lib/python3.8/site-packages/airflow/example_dags/example_params_trigger_ui.py
[2025-04-28T11:04:29.765+0000] {logging_mixin.py:188} INFO - [2025-04-28T11:04:29.764+0000] {dag.py:3033} INFO - Sync 1 DAGs
[2025-04-28T11:04:29.807+0000] {logging_mixin.py:188} INFO - [2025-04-28T11:04:29.807+0000] {dag.py:3820} INFO - Setting next_dagrun for example_params_trigger_ui to None, run_after=None
[2025-04-28T11:04:29.860+0000] {processor.py:183} INFO - Processing /home/airflow/.local/lib/python3.8/site-packages/airflow/example_dags/example_params_trigger_ui.py took 0.306 seconds
[2025-04-28T11:05:00.269+0000] {processor.py:161} INFO - Started process (PID=660) to work on /home/airflow/.local/lib/python3.8/site-packages/airflow/example_dags/example_params_trigger_ui.py
[2025-04-28T11:05:00.282+0000] {processor.py:830} INFO - Processing file /home/airflow/.local/lib/python3.8/site-packages/airflow/example_dags/example_params_trigger_ui.py for tasks to queue
[2025-04-28T11:05:00.293+0000] {logging_mixin.py:188} INFO - [2025-04-28T11:05:00.293+0000] {dagbag.py:538} INFO - Filling up the DagBag from /home/airflow/.local/lib/python3.8/site-packages/airflow/example_dags/example_params_trigger_ui.py
[2025-04-28T11:05:00.346+0000] {processor.py:840} INFO - DAG(s) 'example_params_trigger_ui' retrieved from /home/airflow/.local/lib/python3.8/site-packages/airflow/example_dags/example_params_trigger_ui.py
[2025-04-28T11:05:00.575+0000] {logging_mixin.py:188} INFO - [2025-04-28T11:05:00.575+0000] {dag.py:3033} INFO - Sync 1 DAGs
[2025-04-28T11:05:00.613+0000] {logging_mixin.py:188} INFO - [2025-04-28T11:05:00.613+0000] {dag.py:3820} INFO - Setting next_dagrun for example_params_trigger_ui to None, run_after=None
[2025-04-28T11:05:00.648+0000] {processor.py:183} INFO - Processing /home/airflow/.local/lib/python3.8/site-packages/airflow/example_dags/example_params_trigger_ui.py took 0.391 seconds
[2025-04-28T11:05:31.947+0000] {processor.py:161} INFO - Started process (PID=717) to work on /home/airflow/.local/lib/python3.8/site-packages/airflow/example_dags/example_params_trigger_ui.py
[2025-04-28T11:05:31.949+0000] {processor.py:830} INFO - Processing file /home/airflow/.local/lib/python3.8/site-packages/airflow/example_dags/example_params_trigger_ui.py for tasks to queue
[2025-04-28T11:05:31.953+0000] {logging_mixin.py:188} INFO - [2025-04-28T11:05:31.952+0000] {dagbag.py:538} INFO - Filling up the DagBag from /home/airflow/.local/lib/python3.8/site-packages/airflow/example_dags/example_params_trigger_ui.py
[2025-04-28T11:05:31.976+0000] {processor.py:840} INFO - DAG(s) 'example_params_trigger_ui' retrieved from /home/airflow/.local/lib/python3.8/site-packages/airflow/example_dags/example_params_trigger_ui.py
[2025-04-28T11:05:32.094+0000] {logging_mixin.py:188} INFO - [2025-04-28T11:05:32.094+0000] {dag.py:3033} INFO - Sync 1 DAGs
[2025-04-28T11:05:32.114+0000] {logging_mixin.py:188} INFO - [2025-04-28T11:05:32.114+0000] {dag.py:3820} INFO - Setting next_dagrun for example_params_trigger_ui to None, run_after=None
[2025-04-28T11:05:32.146+0000] {processor.py:183} INFO - Processing /home/airflow/.local/lib/python3.8/site-packages/airflow/example_dags/example_params_trigger_ui.py took 0.204 seconds
[2025-04-28T11:06:05.449+0000] {processor.py:161} INFO - Started process (PID=773) to work on /home/airflow/.local/lib/python3.8/site-packages/airflow/example_dags/example_params_trigger_ui.py
[2025-04-28T11:06:05.451+0000] {processor.py:830} INFO - Processing file /home/airflow/.local/lib/python3.8/site-packages/airflow/example_dags/example_params_trigger_ui.py for tasks to queue
[2025-04-28T11:06:05.454+0000] {logging_mixin.py:188} INFO - [2025-04-28T11:06:05.454+0000] {dagbag.py:538} INFO - Filling up the DagBag from /home/airflow/.local/lib/python3.8/site-packages/airflow/example_dags/example_params_trigger_ui.py
[2025-04-28T11:06:05.492+0000] {processor.py:840} INFO - DAG(s) 'example_params_trigger_ui' retrieved from /home/airflow/.local/lib/python3.8/site-packages/airflow/example_dags/example_params_trigger_ui.py
[2025-04-28T11:06:05.626+0000] {logging_mixin.py:188} INFO - [2025-04-28T11:06:05.626+0000] {dag.py:3033} INFO - Sync 1 DAGs
[2025-04-28T11:06:05.645+0000] {logging_mixin.py:188} INFO - [2025-04-28T11:06:05.645+0000] {dag.py:3820} INFO - Setting next_dagrun for example_params_trigger_ui to None, run_after=None
[2025-04-28T11:06:05.685+0000] {processor.py:183} INFO - Processing /home/airflow/.local/lib/python3.8/site-packages/airflow/example_dags/example_params_trigger_ui.py took 0.241 seconds
[2025-04-28T11:06:38.133+0000] {processor.py:161} INFO - Started process (PID=829) to work on /home/airflow/.local/lib/python3.8/site-packages/airflow/example_dags/example_params_trigger_ui.py
[2025-04-28T11:06:38.134+0000] {processor.py:830} INFO - Processing file /home/airflow/.local/lib/python3.8/site-packages/airflow/example_dags/example_params_trigger_ui.py for tasks to queue
[2025-04-28T11:06:38.137+0000] {logging_mixin.py:188} INFO - [2025-04-28T11:06:38.137+0000] {dagbag.py:538} INFO - Filling up the DagBag from /home/airflow/.local/lib/python3.8/site-packages/airflow/example_dags/example_params_trigger_ui.py
[2025-04-28T11:06:38.164+0000] {processor.py:840} INFO - DAG(s) 'example_params_trigger_ui' retrieved from /home/airflow/.local/lib/python3.8/site-packages/airflow/example_dags/example_params_trigger_ui.py
[2025-04-28T11:06:38.269+0000] {logging_mixin.py:188} INFO - [2025-04-28T11:06:38.269+0000] {dag.py:3033} INFO - Sync 1 DAGs
[2025-04-28T11:06:38.290+0000] {logging_mixin.py:188} INFO - [2025-04-28T11:06:38.290+0000] {dag.py:3820} INFO - Setting next_dagrun for example_params_trigger_ui to None, run_after=None
[2025-04-28T11:06:38.322+0000] {processor.py:183} INFO - Processing /home/airflow/.local/lib/python3.8/site-packages/airflow/example_dags/example_params_trigger_ui.py took 0.195 seconds
[2025-04-28T11:07:12.501+0000] {processor.py:161} INFO - Started process (PID=884) to work on /home/airflow/.local/lib/python3.8/site-packages/airflow/example_dags/example_params_trigger_ui.py
[2025-04-28T11:07:12.502+0000] {processor.py:830} INFO - Processing file /home/airflow/.local/lib/python3.8/site-packages/airflow/example_dags/example_params_trigger_ui.py for tasks to queue
[2025-04-28T11:07:12.511+0000] {logging_mixin.py:188} INFO - [2025-04-28T11:07:12.510+0000] {dagbag.py:538} INFO - Filling up the DagBag from /home/airflow/.local/lib/python3.8/site-packages/airflow/example_dags/example_params_trigger_ui.py
[2025-04-28T11:07:12.551+0000] {processor.py:840} INFO - DAG(s) 'example_params_trigger_ui' retrieved from /home/airflow/.local/lib/python3.8/site-packages/airflow/example_dags/example_params_trigger_ui.py
[2025-04-28T11:07:12.761+0000] {logging_mixin.py:188} INFO - [2025-04-28T11:07:12.761+0000] {dag.py:3033} INFO - Sync 1 DAGs
[2025-04-28T11:07:12.801+0000] {logging_mixin.py:188} INFO - [2025-04-28T11:07:12.800+0000] {dag.py:3820} INFO - Setting next_dagrun for example_params_trigger_ui to None, run_after=None
[2025-04-28T11:07:12.912+0000] {processor.py:183} INFO - Processing /home/airflow/.local/lib/python3.8/site-packages/airflow/example_dags/example_params_trigger_ui.py took 0.425 seconds
[2025-04-28T11:07:43.003+0000] {processor.py:161} INFO - Started process (PID=941) to work on /home/airflow/.local/lib/python3.8/site-packages/airflow/example_dags/example_params_trigger_ui.py
[2025-04-28T11:07:43.004+0000] {processor.py:830} INFO - Processing file /home/airflow/.local/lib/python3.8/site-packages/airflow/example_dags/example_params_trigger_ui.py for tasks to queue
[2025-04-28T11:07:43.007+0000] {logging_mixin.py:188} INFO - [2025-04-28T11:07:43.007+0000] {dagbag.py:538} INFO - Filling up the DagBag from /home/airflow/.local/lib/python3.8/site-packages/airflow/example_dags/example_params_trigger_ui.py
[2025-04-28T11:07:43.031+0000] {processor.py:840} INFO - DAG(s) 'example_params_trigger_ui' retrieved from /home/airflow/.local/lib/python3.8/site-packages/airflow/example_dags/example_params_trigger_ui.py
[2025-04-28T11:07:43.123+0000] {logging_mixin.py:188} INFO - [2025-04-28T11:07:43.123+0000] {dag.py:3033} INFO - Sync 1 DAGs
[2025-04-28T11:07:43.145+0000] {logging_mixin.py:188} INFO - [2025-04-28T11:07:43.145+0000] {dag.py:3820} INFO - Setting next_dagrun for example_params_trigger_ui to None, run_after=None
[2025-04-28T11:07:43.202+0000] {processor.py:183} INFO - Processing /home/airflow/.local/lib/python3.8/site-packages/airflow/example_dags/example_params_trigger_ui.py took 0.203 seconds
[2025-04-28T11:08:16.939+0000] {processor.py:161} INFO - Started process (PID=999) to work on /home/airflow/.local/lib/python3.8/site-packages/airflow/example_dags/example_params_trigger_ui.py
[2025-04-28T11:08:16.940+0000] {processor.py:830} INFO - Processing file /home/airflow/.local/lib/python3.8/site-packages/airflow/example_dags/example_params_trigger_ui.py for tasks to queue
[2025-04-28T11:08:16.945+0000] {logging_mixin.py:188} INFO - [2025-04-28T11:08:16.944+0000] {dagbag.py:538} INFO - Filling up the DagBag from /home/airflow/.local/lib/python3.8/site-packages/airflow/example_dags/example_params_trigger_ui.py
[2025-04-28T11:08:16.968+0000] {processor.py:840} INFO - DAG(s) 'example_params_trigger_ui' retrieved from /home/airflow/.local/lib/python3.8/site-packages/airflow/example_dags/example_params_trigger_ui.py
[2025-04-28T11:08:17.105+0000] {logging_mixin.py:188} INFO - [2025-04-28T11:08:17.104+0000] {dag.py:3033} INFO - Sync 1 DAGs
[2025-04-28T11:08:17.126+0000] {logging_mixin.py:188} INFO - [2025-04-28T11:08:17.126+0000] {dag.py:3820} INFO - Setting next_dagrun for example_params_trigger_ui to None, run_after=None
[2025-04-28T11:08:17.156+0000] {processor.py:183} INFO - Processing /home/airflow/.local/lib/python3.8/site-packages/airflow/example_dags/example_params_trigger_ui.py took 0.222 seconds
[2025-04-28T11:08:49.728+0000] {processor.py:161} INFO - Started process (PID=1057) to work on /home/airflow/.local/lib/python3.8/site-packages/airflow/example_dags/example_params_trigger_ui.py
[2025-04-28T11:08:49.732+0000] {processor.py:830} INFO - Processing file /home/airflow/.local/lib/python3.8/site-packages/airflow/example_dags/example_params_trigger_ui.py for tasks to queue
[2025-04-28T11:08:49.736+0000] {logging_mixin.py:188} INFO - [2025-04-28T11:08:49.735+0000] {dagbag.py:538} INFO - Filling up the DagBag from /home/airflow/.local/lib/python3.8/site-packages/airflow/example_dags/example_params_trigger_ui.py
[2025-04-28T11:08:49.762+0000] {processor.py:840} INFO - DAG(s) 'example_params_trigger_ui' retrieved from /home/airflow/.local/lib/python3.8/site-packages/airflow/example_dags/example_params_trigger_ui.py
[2025-04-28T11:08:49.911+0000] {logging_mixin.py:188} INFO - [2025-04-28T11:08:49.911+0000] {dag.py:3033} INFO - Sync 1 DAGs
[2025-04-28T11:08:49.943+0000] {logging_mixin.py:188} INFO - [2025-04-28T11:08:49.943+0000] {dag.py:3820} INFO - Setting next_dagrun for example_params_trigger_ui to None, run_after=None
[2025-04-28T11:08:50.012+0000] {processor.py:183} INFO - Processing /home/airflow/.local/lib/python3.8/site-packages/airflow/example_dags/example_params_trigger_ui.py took 0.290 seconds
[2025-04-28T11:09:24.249+0000] {processor.py:161} INFO - Started process (PID=1114) to work on /home/airflow/.local/lib/python3.8/site-packages/airflow/example_dags/example_params_trigger_ui.py
[2025-04-28T11:09:24.251+0000] {processor.py:830} INFO - Processing file /home/airflow/.local/lib/python3.8/site-packages/airflow/example_dags/example_params_trigger_ui.py for tasks to queue
[2025-04-28T11:09:24.254+0000] {logging_mixin.py:188} INFO - [2025-04-28T11:09:24.254+0000] {dagbag.py:538} INFO - Filling up the DagBag from /home/airflow/.local/lib/python3.8/site-packages/airflow/example_dags/example_params_trigger_ui.py
[2025-04-28T11:09:24.284+0000] {processor.py:840} INFO - DAG(s) 'example_params_trigger_ui' retrieved from /home/airflow/.local/lib/python3.8/site-packages/airflow/example_dags/example_params_trigger_ui.py
[2025-04-28T11:09:24.422+0000] {logging_mixin.py:188} INFO - [2025-04-28T11:09:24.422+0000] {dag.py:3033} INFO - Sync 1 DAGs
[2025-04-28T11:09:24.444+0000] {logging_mixin.py:188} INFO - [2025-04-28T11:09:24.443+0000] {dag.py:3820} INFO - Setting next_dagrun for example_params_trigger_ui to None, run_after=None
[2025-04-28T11:09:24.487+0000] {processor.py:183} INFO - Processing /home/airflow/.local/lib/python3.8/site-packages/airflow/example_dags/example_params_trigger_ui.py took 0.243 seconds
[2025-04-28T11:10:00.823+0000] {processor.py:161} INFO - Started process (PID=1185) to work on /home/airflow/.local/lib/python3.8/site-packages/airflow/example_dags/example_params_trigger_ui.py
[2025-04-28T11:10:00.831+0000] {processor.py:830} INFO - Processing file /home/airflow/.local/lib/python3.8/site-packages/airflow/example_dags/example_params_trigger_ui.py for tasks to queue
[2025-04-28T11:10:00.836+0000] {logging_mixin.py:188} INFO - [2025-04-28T11:10:00.835+0000] {dagbag.py:538} INFO - Filling up the DagBag from /home/airflow/.local/lib/python3.8/site-packages/airflow/example_dags/example_params_trigger_ui.py
[2025-04-28T11:10:00.902+0000] {processor.py:840} INFO - DAG(s) 'example_params_trigger_ui' retrieved from /home/airflow/.local/lib/python3.8/site-packages/airflow/example_dags/example_params_trigger_ui.py
[2025-04-28T11:10:01.233+0000] {logging_mixin.py:188} INFO - [2025-04-28T11:10:01.233+0000] {dag.py:3033} INFO - Sync 1 DAGs
[2025-04-28T11:10:01.312+0000] {logging_mixin.py:188} INFO - [2025-04-28T11:10:01.311+0000] {dag.py:3820} INFO - Setting next_dagrun for example_params_trigger_ui to None, run_after=None
[2025-04-28T11:10:01.471+0000] {processor.py:183} INFO - Processing /home/airflow/.local/lib/python3.8/site-packages/airflow/example_dags/example_params_trigger_ui.py took 0.658 seconds
[2025-04-28T11:10:32.088+0000] {processor.py:161} INFO - Started process (PID=1241) to work on /home/airflow/.local/lib/python3.8/site-packages/airflow/example_dags/example_params_trigger_ui.py
[2025-04-28T11:10:32.089+0000] {processor.py:830} INFO - Processing file /home/airflow/.local/lib/python3.8/site-packages/airflow/example_dags/example_params_trigger_ui.py for tasks to queue
[2025-04-28T11:10:32.093+0000] {logging_mixin.py:188} INFO - [2025-04-28T11:10:32.092+0000] {dagbag.py:538} INFO - Filling up the DagBag from /home/airflow/.local/lib/python3.8/site-packages/airflow/example_dags/example_params_trigger_ui.py
[2025-04-28T11:10:32.119+0000] {processor.py:840} INFO - DAG(s) 'example_params_trigger_ui' retrieved from /home/airflow/.local/lib/python3.8/site-packages/airflow/example_dags/example_params_trigger_ui.py
[2025-04-28T11:10:32.250+0000] {logging_mixin.py:188} INFO - [2025-04-28T11:10:32.250+0000] {dag.py:3033} INFO - Sync 1 DAGs
[2025-04-28T11:10:32.288+0000] {logging_mixin.py:188} INFO - [2025-04-28T11:10:32.288+0000] {dag.py:3820} INFO - Setting next_dagrun for example_params_trigger_ui to None, run_after=None
[2025-04-28T11:10:32.357+0000] {processor.py:183} INFO - Processing /home/airflow/.local/lib/python3.8/site-packages/airflow/example_dags/example_params_trigger_ui.py took 0.275 seconds
[2025-04-28T11:11:02.487+0000] {processor.py:161} INFO - Started process (PID=1299) to work on /home/airflow/.local/lib/python3.8/site-packages/airflow/example_dags/example_params_trigger_ui.py
[2025-04-28T11:11:02.489+0000] {processor.py:830} INFO - Processing file /home/airflow/.local/lib/python3.8/site-packages/airflow/example_dags/example_params_trigger_ui.py for tasks to queue
[2025-04-28T11:11:02.492+0000] {logging_mixin.py:188} INFO - [2025-04-28T11:11:02.491+0000] {dagbag.py:538} INFO - Filling up the DagBag from /home/airflow/.local/lib/python3.8/site-packages/airflow/example_dags/example_params_trigger_ui.py
[2025-04-28T11:11:02.511+0000] {processor.py:840} INFO - DAG(s) 'example_params_trigger_ui' retrieved from /home/airflow/.local/lib/python3.8/site-packages/airflow/example_dags/example_params_trigger_ui.py
[2025-04-28T11:11:02.595+0000] {logging_mixin.py:188} INFO - [2025-04-28T11:11:02.595+0000] {dag.py:3033} INFO - Sync 1 DAGs
[2025-04-28T11:11:02.612+0000] {logging_mixin.py:188} INFO - [2025-04-28T11:11:02.612+0000] {dag.py:3820} INFO - Setting next_dagrun for example_params_trigger_ui to None, run_after=None
[2025-04-28T11:11:02.661+0000] {processor.py:183} INFO - Processing /home/airflow/.local/lib/python3.8/site-packages/airflow/example_dags/example_params_trigger_ui.py took 0.179 seconds
[2025-04-28T11:11:32.948+0000] {processor.py:161} INFO - Started process (PID=1355) to work on /home/airflow/.local/lib/python3.8/site-packages/airflow/example_dags/example_params_trigger_ui.py
[2025-04-28T11:11:32.949+0000] {processor.py:830} INFO - Processing file /home/airflow/.local/lib/python3.8/site-packages/airflow/example_dags/example_params_trigger_ui.py for tasks to queue
[2025-04-28T11:11:32.953+0000] {logging_mixin.py:188} INFO - [2025-04-28T11:11:32.953+0000] {dagbag.py:538} INFO - Filling up the DagBag from /home/airflow/.local/lib/python3.8/site-packages/airflow/example_dags/example_params_trigger_ui.py
[2025-04-28T11:11:32.987+0000] {processor.py:840} INFO - DAG(s) 'example_params_trigger_ui' retrieved from /home/airflow/.local/lib/python3.8/site-packages/airflow/example_dags/example_params_trigger_ui.py
[2025-04-28T11:11:33.100+0000] {logging_mixin.py:188} INFO - [2025-04-28T11:11:33.099+0000] {dag.py:3033} INFO - Sync 1 DAGs
[2025-04-28T11:11:33.119+0000] {logging_mixin.py:188} INFO - [2025-04-28T11:11:33.118+0000] {dag.py:3820} INFO - Setting next_dagrun for example_params_trigger_ui to None, run_after=None
[2025-04-28T11:11:33.150+0000] {processor.py:183} INFO - Processing /home/airflow/.local/lib/python3.8/site-packages/airflow/example_dags/example_params_trigger_ui.py took 0.209 seconds
[2025-04-28T11:12:05.350+0000] {processor.py:161} INFO - Started process (PID=1412) to work on /home/airflow/.local/lib/python3.8/site-packages/airflow/example_dags/example_params_trigger_ui.py
[2025-04-28T11:12:05.356+0000] {processor.py:830} INFO - Processing file /home/airflow/.local/lib/python3.8/site-packages/airflow/example_dags/example_params_trigger_ui.py for tasks to queue
[2025-04-28T11:12:05.365+0000] {logging_mixin.py:188} INFO - [2025-04-28T11:12:05.364+0000] {dagbag.py:538} INFO - Filling up the DagBag from /home/airflow/.local/lib/python3.8/site-packages/airflow/example_dags/example_params_trigger_ui.py
[2025-04-28T11:12:05.409+0000] {processor.py:840} INFO - DAG(s) 'example_params_trigger_ui' retrieved from /home/airflow/.local/lib/python3.8/site-packages/airflow/example_dags/example_params_trigger_ui.py
[2025-04-28T11:12:05.577+0000] {logging_mixin.py:188} INFO - [2025-04-28T11:12:05.577+0000] {dag.py:3033} INFO - Sync 1 DAGs
[2025-04-28T11:12:05.604+0000] {logging_mixin.py:188} INFO - [2025-04-28T11:12:05.603+0000] {dag.py:3820} INFO - Setting next_dagrun for example_params_trigger_ui to None, run_after=None
[2025-04-28T11:12:05.647+0000] {processor.py:183} INFO - Processing /home/airflow/.local/lib/python3.8/site-packages/airflow/example_dags/example_params_trigger_ui.py took 0.302 seconds
[2025-04-28T11:12:38.234+0000] {processor.py:161} INFO - Started process (PID=1469) to work on /home/airflow/.local/lib/python3.8/site-packages/airflow/example_dags/example_params_trigger_ui.py
[2025-04-28T11:12:38.236+0000] {processor.py:830} INFO - Processing file /home/airflow/.local/lib/python3.8/site-packages/airflow/example_dags/example_params_trigger_ui.py for tasks to queue
[2025-04-28T11:12:38.240+0000] {logging_mixin.py:188} INFO - [2025-04-28T11:12:38.239+0000] {dagbag.py:538} INFO - Filling up the DagBag from /home/airflow/.local/lib/python3.8/site-packages/airflow/example_dags/example_params_trigger_ui.py
[2025-04-28T11:12:38.261+0000] {processor.py:840} INFO - DAG(s) 'example_params_trigger_ui' retrieved from /home/airflow/.local/lib/python3.8/site-packages/airflow/example_dags/example_params_trigger_ui.py
[2025-04-28T11:12:38.378+0000] {logging_mixin.py:188} INFO - [2025-04-28T11:12:38.377+0000] {dag.py:3033} INFO - Sync 1 DAGs
[2025-04-28T11:12:38.398+0000] {logging_mixin.py:188} INFO - [2025-04-28T11:12:38.398+0000] {dag.py:3820} INFO - Setting next_dagrun for example_params_trigger_ui to None, run_after=None
[2025-04-28T11:12:38.430+0000] {processor.py:183} INFO - Processing /home/airflow/.local/lib/python3.8/site-packages/airflow/example_dags/example_params_trigger_ui.py took 0.201 seconds
[2025-04-28T11:13:11.754+0000] {processor.py:161} INFO - Started process (PID=1526) to work on /home/airflow/.local/lib/python3.8/site-packages/airflow/example_dags/example_params_trigger_ui.py
[2025-04-28T11:13:11.755+0000] {processor.py:830} INFO - Processing file /home/airflow/.local/lib/python3.8/site-packages/airflow/example_dags/example_params_trigger_ui.py for tasks to queue
[2025-04-28T11:13:11.758+0000] {logging_mixin.py:188} INFO - [2025-04-28T11:13:11.758+0000] {dagbag.py:538} INFO - Filling up the DagBag from /home/airflow/.local/lib/python3.8/site-packages/airflow/example_dags/example_params_trigger_ui.py
[2025-04-28T11:13:11.777+0000] {processor.py:840} INFO - DAG(s) 'example_params_trigger_ui' retrieved from /home/airflow/.local/lib/python3.8/site-packages/airflow/example_dags/example_params_trigger_ui.py
[2025-04-28T11:13:11.879+0000] {logging_mixin.py:188} INFO - [2025-04-28T11:13:11.878+0000] {dag.py:3033} INFO - Sync 1 DAGs
[2025-04-28T11:13:11.931+0000] {logging_mixin.py:188} INFO - [2025-04-28T11:13:11.923+0000] {dag.py:3820} INFO - Setting next_dagrun for example_params_trigger_ui to None, run_after=None
[2025-04-28T11:13:12.000+0000] {processor.py:183} INFO - Processing /home/airflow/.local/lib/python3.8/site-packages/airflow/example_dags/example_params_trigger_ui.py took 0.251 seconds
[2025-04-28T11:13:43.492+0000] {processor.py:161} INFO - Started process (PID=1587) to work on /home/airflow/.local/lib/python3.8/site-packages/airflow/example_dags/example_params_trigger_ui.py
[2025-04-28T11:13:43.493+0000] {processor.py:830} INFO - Processing file /home/airflow/.local/lib/python3.8/site-packages/airflow/example_dags/example_params_trigger_ui.py for tasks to queue
[2025-04-28T11:13:43.497+0000] {logging_mixin.py:188} INFO - [2025-04-28T11:13:43.496+0000] {dagbag.py:538} INFO - Filling up the DagBag from /home/airflow/.local/lib/python3.8/site-packages/airflow/example_dags/example_params_trigger_ui.py
[2025-04-28T11:13:43.518+0000] {processor.py:840} INFO - DAG(s) 'example_params_trigger_ui' retrieved from /home/airflow/.local/lib/python3.8/site-packages/airflow/example_dags/example_params_trigger_ui.py
[2025-04-28T11:13:43.622+0000] {logging_mixin.py:188} INFO - [2025-04-28T11:13:43.622+0000] {dag.py:3033} INFO - Sync 1 DAGs
[2025-04-28T11:13:43.642+0000] {logging_mixin.py:188} INFO - [2025-04-28T11:13:43.642+0000] {dag.py:3820} INFO - Setting next_dagrun for example_params_trigger_ui to None, run_after=None
[2025-04-28T11:13:43.675+0000] {processor.py:183} INFO - Processing /home/airflow/.local/lib/python3.8/site-packages/airflow/example_dags/example_params_trigger_ui.py took 0.190 seconds
[2025-04-28T11:14:17.092+0000] {processor.py:161} INFO - Started process (PID=1649) to work on /home/airflow/.local/lib/python3.8/site-packages/airflow/example_dags/example_params_trigger_ui.py
[2025-04-28T11:14:17.093+0000] {processor.py:830} INFO - Processing file /home/airflow/.local/lib/python3.8/site-packages/airflow/example_dags/example_params_trigger_ui.py for tasks to queue
[2025-04-28T11:14:17.097+0000] {logging_mixin.py:188} INFO - [2025-04-28T11:14:17.097+0000] {dagbag.py:538} INFO - Filling up the DagBag from /home/airflow/.local/lib/python3.8/site-packages/airflow/example_dags/example_params_trigger_ui.py
[2025-04-28T11:14:17.120+0000] {processor.py:840} INFO - DAG(s) 'example_params_trigger_ui' retrieved from /home/airflow/.local/lib/python3.8/site-packages/airflow/example_dags/example_params_trigger_ui.py
[2025-04-28T11:14:17.224+0000] {logging_mixin.py:188} INFO - [2025-04-28T11:14:17.224+0000] {dag.py:3033} INFO - Sync 1 DAGs
[2025-04-28T11:14:17.244+0000] {logging_mixin.py:188} INFO - [2025-04-28T11:14:17.244+0000] {dag.py:3820} INFO - Setting next_dagrun for example_params_trigger_ui to None, run_after=None
[2025-04-28T11:14:17.274+0000] {processor.py:183} INFO - Processing /home/airflow/.local/lib/python3.8/site-packages/airflow/example_dags/example_params_trigger_ui.py took 0.188 seconds
[2025-04-28T11:14:50.181+0000] {processor.py:161} INFO - Started process (PID=1713) to work on /home/airflow/.local/lib/python3.8/site-packages/airflow/example_dags/example_params_trigger_ui.py
[2025-04-28T11:14:50.183+0000] {processor.py:830} INFO - Processing file /home/airflow/.local/lib/python3.8/site-packages/airflow/example_dags/example_params_trigger_ui.py for tasks to queue
[2025-04-28T11:14:50.186+0000] {logging_mixin.py:188} INFO - [2025-04-28T11:14:50.186+0000] {dagbag.py:538} INFO - Filling up the DagBag from /home/airflow/.local/lib/python3.8/site-packages/airflow/example_dags/example_params_trigger_ui.py
[2025-04-28T11:14:50.205+0000] {processor.py:840} INFO - DAG(s) 'example_params_trigger_ui' retrieved from /home/airflow/.local/lib/python3.8/site-packages/airflow/example_dags/example_params_trigger_ui.py
[2025-04-28T11:14:50.290+0000] {logging_mixin.py:188} INFO - [2025-04-28T11:14:50.290+0000] {dag.py:3033} INFO - Sync 1 DAGs
[2025-04-28T11:14:50.306+0000] {logging_mixin.py:188} INFO - [2025-04-28T11:14:50.306+0000] {dag.py:3820} INFO - Setting next_dagrun for example_params_trigger_ui to None, run_after=None
[2025-04-28T11:14:50.343+0000] {processor.py:183} INFO - Processing /home/airflow/.local/lib/python3.8/site-packages/airflow/example_dags/example_params_trigger_ui.py took 0.167 seconds
[2025-04-28T11:15:23.190+0000] {processor.py:161} INFO - Started process (PID=1770) to work on /home/airflow/.local/lib/python3.8/site-packages/airflow/example_dags/example_params_trigger_ui.py
[2025-04-28T11:15:23.191+0000] {processor.py:830} INFO - Processing file /home/airflow/.local/lib/python3.8/site-packages/airflow/example_dags/example_params_trigger_ui.py for tasks to queue
[2025-04-28T11:15:23.195+0000] {logging_mixin.py:188} INFO - [2025-04-28T11:15:23.195+0000] {dagbag.py:538} INFO - Filling up the DagBag from /home/airflow/.local/lib/python3.8/site-packages/airflow/example_dags/example_params_trigger_ui.py
[2025-04-28T11:15:23.219+0000] {processor.py:840} INFO - DAG(s) 'example_params_trigger_ui' retrieved from /home/airflow/.local/lib/python3.8/site-packages/airflow/example_dags/example_params_trigger_ui.py
[2025-04-28T11:15:23.334+0000] {logging_mixin.py:188} INFO - [2025-04-28T11:15:23.334+0000] {dag.py:3033} INFO - Sync 1 DAGs
[2025-04-28T11:15:23.355+0000] {logging_mixin.py:188} INFO - [2025-04-28T11:15:23.355+0000] {dag.py:3820} INFO - Setting next_dagrun for example_params_trigger_ui to None, run_after=None
[2025-04-28T11:15:23.385+0000] {processor.py:183} INFO - Processing /home/airflow/.local/lib/python3.8/site-packages/airflow/example_dags/example_params_trigger_ui.py took 0.201 seconds
[2025-04-28T11:15:58.734+0000] {processor.py:161} INFO - Started process (PID=1827) to work on /home/airflow/.local/lib/python3.8/site-packages/airflow/example_dags/example_params_trigger_ui.py
[2025-04-28T11:15:58.737+0000] {processor.py:830} INFO - Processing file /home/airflow/.local/lib/python3.8/site-packages/airflow/example_dags/example_params_trigger_ui.py for tasks to queue
[2025-04-28T11:15:58.750+0000] {logging_mixin.py:188} INFO - [2025-04-28T11:15:58.750+0000] {dagbag.py:538} INFO - Filling up the DagBag from /home/airflow/.local/lib/python3.8/site-packages/airflow/example_dags/example_params_trigger_ui.py
[2025-04-28T11:15:58.855+0000] {processor.py:840} INFO - DAG(s) 'example_params_trigger_ui' retrieved from /home/airflow/.local/lib/python3.8/site-packages/airflow/example_dags/example_params_trigger_ui.py
[2025-04-28T11:15:59.087+0000] {logging_mixin.py:188} INFO - [2025-04-28T11:15:59.086+0000] {dag.py:3033} INFO - Sync 1 DAGs
[2025-04-28T11:15:59.110+0000] {logging_mixin.py:188} INFO - [2025-04-28T11:15:59.109+0000] {dag.py:3820} INFO - Setting next_dagrun for example_params_trigger_ui to None, run_after=None
[2025-04-28T11:15:59.199+0000] {processor.py:183} INFO - Processing /home/airflow/.local/lib/python3.8/site-packages/airflow/example_dags/example_params_trigger_ui.py took 0.471 seconds
[2025-04-28T11:16:29.385+0000] {processor.py:161} INFO - Started process (PID=1885) to work on /home/airflow/.local/lib/python3.8/site-packages/airflow/example_dags/example_params_trigger_ui.py
[2025-04-28T11:16:29.387+0000] {processor.py:830} INFO - Processing file /home/airflow/.local/lib/python3.8/site-packages/airflow/example_dags/example_params_trigger_ui.py for tasks to queue
[2025-04-28T11:16:29.390+0000] {logging_mixin.py:188} INFO - [2025-04-28T11:16:29.390+0000] {dagbag.py:538} INFO - Filling up the DagBag from /home/airflow/.local/lib/python3.8/site-packages/airflow/example_dags/example_params_trigger_ui.py
[2025-04-28T11:16:29.418+0000] {processor.py:840} INFO - DAG(s) 'example_params_trigger_ui' retrieved from /home/airflow/.local/lib/python3.8/site-packages/airflow/example_dags/example_params_trigger_ui.py
[2025-04-28T11:16:29.531+0000] {logging_mixin.py:188} INFO - [2025-04-28T11:16:29.531+0000] {dag.py:3033} INFO - Sync 1 DAGs
[2025-04-28T11:16:29.556+0000] {logging_mixin.py:188} INFO - [2025-04-28T11:16:29.556+0000] {dag.py:3820} INFO - Setting next_dagrun for example_params_trigger_ui to None, run_after=None
[2025-04-28T11:16:29.589+0000] {processor.py:183} INFO - Processing /home/airflow/.local/lib/python3.8/site-packages/airflow/example_dags/example_params_trigger_ui.py took 0.210 seconds
[2025-04-28T11:17:01.577+0000] {processor.py:161} INFO - Started process (PID=1941) to work on /home/airflow/.local/lib/python3.8/site-packages/airflow/example_dags/example_params_trigger_ui.py
[2025-04-28T11:17:01.579+0000] {processor.py:830} INFO - Processing file /home/airflow/.local/lib/python3.8/site-packages/airflow/example_dags/example_params_trigger_ui.py for tasks to queue
[2025-04-28T11:17:01.581+0000] {logging_mixin.py:188} INFO - [2025-04-28T11:17:01.581+0000] {dagbag.py:538} INFO - Filling up the DagBag from /home/airflow/.local/lib/python3.8/site-packages/airflow/example_dags/example_params_trigger_ui.py
[2025-04-28T11:17:01.607+0000] {processor.py:840} INFO - DAG(s) 'example_params_trigger_ui' retrieved from /home/airflow/.local/lib/python3.8/site-packages/airflow/example_dags/example_params_trigger_ui.py
[2025-04-28T11:17:01.735+0000] {logging_mixin.py:188} INFO - [2025-04-28T11:17:01.734+0000] {dag.py:3033} INFO - Sync 1 DAGs
[2025-04-28T11:17:01.758+0000] {logging_mixin.py:188} INFO - [2025-04-28T11:17:01.757+0000] {dag.py:3820} INFO - Setting next_dagrun for example_params_trigger_ui to None, run_after=None
[2025-04-28T11:17:01.789+0000] {processor.py:183} INFO - Processing /home/airflow/.local/lib/python3.8/site-packages/airflow/example_dags/example_params_trigger_ui.py took 0.217 seconds
[2025-04-28T11:17:34.026+0000] {processor.py:161} INFO - Started process (PID=1998) to work on /home/airflow/.local/lib/python3.8/site-packages/airflow/example_dags/example_params_trigger_ui.py
[2025-04-28T11:17:34.027+0000] {processor.py:830} INFO - Processing file /home/airflow/.local/lib/python3.8/site-packages/airflow/example_dags/example_params_trigger_ui.py for tasks to queue
[2025-04-28T11:17:34.030+0000] {logging_mixin.py:188} INFO - [2025-04-28T11:17:34.030+0000] {dagbag.py:538} INFO - Filling up the DagBag from /home/airflow/.local/lib/python3.8/site-packages/airflow/example_dags/example_params_trigger_ui.py
[2025-04-28T11:17:34.053+0000] {processor.py:840} INFO - DAG(s) 'example_params_trigger_ui' retrieved from /home/airflow/.local/lib/python3.8/site-packages/airflow/example_dags/example_params_trigger_ui.py
[2025-04-28T11:17:34.151+0000] {logging_mixin.py:188} INFO - [2025-04-28T11:17:34.151+0000] {dag.py:3033} INFO - Sync 1 DAGs
[2025-04-28T11:17:34.172+0000] {logging_mixin.py:188} INFO - [2025-04-28T11:17:34.172+0000] {dag.py:3820} INFO - Setting next_dagrun for example_params_trigger_ui to None, run_after=None
[2025-04-28T11:17:34.204+0000] {processor.py:183} INFO - Processing /home/airflow/.local/lib/python3.8/site-packages/airflow/example_dags/example_params_trigger_ui.py took 0.183 seconds
[2025-04-28T11:18:07.081+0000] {processor.py:161} INFO - Started process (PID=2055) to work on /home/airflow/.local/lib/python3.8/site-packages/airflow/example_dags/example_params_trigger_ui.py
[2025-04-28T11:18:07.083+0000] {processor.py:830} INFO - Processing file /home/airflow/.local/lib/python3.8/site-packages/airflow/example_dags/example_params_trigger_ui.py for tasks to queue
[2025-04-28T11:18:07.086+0000] {logging_mixin.py:188} INFO - [2025-04-28T11:18:07.086+0000] {dagbag.py:538} INFO - Filling up the DagBag from /home/airflow/.local/lib/python3.8/site-packages/airflow/example_dags/example_params_trigger_ui.py
[2025-04-28T11:18:07.119+0000] {processor.py:840} INFO - DAG(s) 'example_params_trigger_ui' retrieved from /home/airflow/.local/lib/python3.8/site-packages/airflow/example_dags/example_params_trigger_ui.py
[2025-04-28T11:18:07.231+0000] {logging_mixin.py:188} INFO - [2025-04-28T11:18:07.230+0000] {dag.py:3033} INFO - Sync 1 DAGs
[2025-04-28T11:18:07.252+0000] {logging_mixin.py:188} INFO - [2025-04-28T11:18:07.252+0000] {dag.py:3820} INFO - Setting next_dagrun for example_params_trigger_ui to None, run_after=None
[2025-04-28T11:18:07.288+0000] {processor.py:183} INFO - Processing /home/airflow/.local/lib/python3.8/site-packages/airflow/example_dags/example_params_trigger_ui.py took 0.214 seconds
[2025-04-28T11:18:42.060+0000] {processor.py:161} INFO - Started process (PID=2114) to work on /home/airflow/.local/lib/python3.8/site-packages/airflow/example_dags/example_params_trigger_ui.py
[2025-04-28T11:18:42.062+0000] {processor.py:830} INFO - Processing file /home/airflow/.local/lib/python3.8/site-packages/airflow/example_dags/example_params_trigger_ui.py for tasks to queue
[2025-04-28T11:18:42.066+0000] {logging_mixin.py:188} INFO - [2025-04-28T11:18:42.066+0000] {dagbag.py:538} INFO - Filling up the DagBag from /home/airflow/.local/lib/python3.8/site-packages/airflow/example_dags/example_params_trigger_ui.py
[2025-04-28T11:18:42.092+0000] {processor.py:840} INFO - DAG(s) 'example_params_trigger_ui' retrieved from /home/airflow/.local/lib/python3.8/site-packages/airflow/example_dags/example_params_trigger_ui.py
[2025-04-28T11:18:42.215+0000] {logging_mixin.py:188} INFO - [2025-04-28T11:18:42.215+0000] {dag.py:3033} INFO - Sync 1 DAGs
[2025-04-28T11:18:42.238+0000] {logging_mixin.py:188} INFO - [2025-04-28T11:18:42.237+0000] {dag.py:3820} INFO - Setting next_dagrun for example_params_trigger_ui to None, run_after=None
[2025-04-28T11:18:42.275+0000] {processor.py:183} INFO - Processing /home/airflow/.local/lib/python3.8/site-packages/airflow/example_dags/example_params_trigger_ui.py took 0.222 seconds
[2025-04-28T11:19:13.083+0000] {processor.py:161} INFO - Started process (PID=2171) to work on /home/airflow/.local/lib/python3.8/site-packages/airflow/example_dags/example_params_trigger_ui.py
[2025-04-28T11:19:13.084+0000] {processor.py:830} INFO - Processing file /home/airflow/.local/lib/python3.8/site-packages/airflow/example_dags/example_params_trigger_ui.py for tasks to queue
[2025-04-28T11:19:13.087+0000] {logging_mixin.py:188} INFO - [2025-04-28T11:19:13.087+0000] {dagbag.py:538} INFO - Filling up the DagBag from /home/airflow/.local/lib/python3.8/site-packages/airflow/example_dags/example_params_trigger_ui.py
[2025-04-28T11:19:13.112+0000] {processor.py:840} INFO - DAG(s) 'example_params_trigger_ui' retrieved from /home/airflow/.local/lib/python3.8/site-packages/airflow/example_dags/example_params_trigger_ui.py
[2025-04-28T11:19:13.270+0000] {logging_mixin.py:188} INFO - [2025-04-28T11:19:13.270+0000] {dag.py:3033} INFO - Sync 1 DAGs
[2025-04-28T11:19:13.294+0000] {logging_mixin.py:188} INFO - [2025-04-28T11:19:13.294+0000] {dag.py:3820} INFO - Setting next_dagrun for example_params_trigger_ui to None, run_after=None
[2025-04-28T11:19:13.330+0000] {processor.py:183} INFO - Processing /home/airflow/.local/lib/python3.8/site-packages/airflow/example_dags/example_params_trigger_ui.py took 0.252 seconds
[2025-04-28T11:19:48.124+0000] {processor.py:161} INFO - Started process (PID=2228) to work on /home/airflow/.local/lib/python3.8/site-packages/airflow/example_dags/example_params_trigger_ui.py
[2025-04-28T11:19:48.125+0000] {processor.py:830} INFO - Processing file /home/airflow/.local/lib/python3.8/site-packages/airflow/example_dags/example_params_trigger_ui.py for tasks to queue
[2025-04-28T11:19:48.129+0000] {logging_mixin.py:188} INFO - [2025-04-28T11:19:48.129+0000] {dagbag.py:538} INFO - Filling up the DagBag from /home/airflow/.local/lib/python3.8/site-packages/airflow/example_dags/example_params_trigger_ui.py
[2025-04-28T11:19:48.153+0000] {processor.py:840} INFO - DAG(s) 'example_params_trigger_ui' retrieved from /home/airflow/.local/lib/python3.8/site-packages/airflow/example_dags/example_params_trigger_ui.py
[2025-04-28T11:19:48.255+0000] {logging_mixin.py:188} INFO - [2025-04-28T11:19:48.254+0000] {dag.py:3033} INFO - Sync 1 DAGs
[2025-04-28T11:19:48.275+0000] {logging_mixin.py:188} INFO - [2025-04-28T11:19:48.274+0000] {dag.py:3820} INFO - Setting next_dagrun for example_params_trigger_ui to None, run_after=None
[2025-04-28T11:19:48.313+0000] {processor.py:183} INFO - Processing /home/airflow/.local/lib/python3.8/site-packages/airflow/example_dags/example_params_trigger_ui.py took 0.193 seconds
[2025-04-28T11:20:21.836+0000] {processor.py:161} INFO - Started process (PID=2285) to work on /home/airflow/.local/lib/python3.8/site-packages/airflow/example_dags/example_params_trigger_ui.py
[2025-04-28T11:20:21.837+0000] {processor.py:830} INFO - Processing file /home/airflow/.local/lib/python3.8/site-packages/airflow/example_dags/example_params_trigger_ui.py for tasks to queue
[2025-04-28T11:20:21.840+0000] {logging_mixin.py:188} INFO - [2025-04-28T11:20:21.840+0000] {dagbag.py:538} INFO - Filling up the DagBag from /home/airflow/.local/lib/python3.8/site-packages/airflow/example_dags/example_params_trigger_ui.py
[2025-04-28T11:20:21.864+0000] {processor.py:840} INFO - DAG(s) 'example_params_trigger_ui' retrieved from /home/airflow/.local/lib/python3.8/site-packages/airflow/example_dags/example_params_trigger_ui.py
[2025-04-28T11:20:21.998+0000] {logging_mixin.py:188} INFO - [2025-04-28T11:20:21.997+0000] {dag.py:3033} INFO - Sync 1 DAGs
[2025-04-28T11:20:22.020+0000] {logging_mixin.py:188} INFO - [2025-04-28T11:20:22.019+0000] {dag.py:3820} INFO - Setting next_dagrun for example_params_trigger_ui to None, run_after=None
[2025-04-28T11:20:22.056+0000] {processor.py:183} INFO - Processing /home/airflow/.local/lib/python3.8/site-packages/airflow/example_dags/example_params_trigger_ui.py took 0.224 seconds
[2025-04-28T11:20:52.547+0000] {processor.py:161} INFO - Started process (PID=2341) to work on /home/airflow/.local/lib/python3.8/site-packages/airflow/example_dags/example_params_trigger_ui.py
[2025-04-28T11:20:52.549+0000] {processor.py:830} INFO - Processing file /home/airflow/.local/lib/python3.8/site-packages/airflow/example_dags/example_params_trigger_ui.py for tasks to queue
[2025-04-28T11:20:52.552+0000] {logging_mixin.py:188} INFO - [2025-04-28T11:20:52.552+0000] {dagbag.py:538} INFO - Filling up the DagBag from /home/airflow/.local/lib/python3.8/site-packages/airflow/example_dags/example_params_trigger_ui.py
[2025-04-28T11:20:52.579+0000] {processor.py:840} INFO - DAG(s) 'example_params_trigger_ui' retrieved from /home/airflow/.local/lib/python3.8/site-packages/airflow/example_dags/example_params_trigger_ui.py
[2025-04-28T11:20:52.689+0000] {logging_mixin.py:188} INFO - [2025-04-28T11:20:52.688+0000] {dag.py:3033} INFO - Sync 1 DAGs
[2025-04-28T11:20:52.734+0000] {logging_mixin.py:188} INFO - [2025-04-28T11:20:52.734+0000] {dag.py:3820} INFO - Setting next_dagrun for example_params_trigger_ui to None, run_after=None
[2025-04-28T11:20:52.978+0000] {processor.py:183} INFO - Processing /home/airflow/.local/lib/python3.8/site-packages/airflow/example_dags/example_params_trigger_ui.py took 0.436 seconds
[2025-04-28T11:21:24.414+0000] {processor.py:161} INFO - Started process (PID=2399) to work on /home/airflow/.local/lib/python3.8/site-packages/airflow/example_dags/example_params_trigger_ui.py
[2025-04-28T11:21:24.415+0000] {processor.py:830} INFO - Processing file /home/airflow/.local/lib/python3.8/site-packages/airflow/example_dags/example_params_trigger_ui.py for tasks to queue
[2025-04-28T11:21:24.418+0000] {logging_mixin.py:188} INFO - [2025-04-28T11:21:24.418+0000] {dagbag.py:538} INFO - Filling up the DagBag from /home/airflow/.local/lib/python3.8/site-packages/airflow/example_dags/example_params_trigger_ui.py
[2025-04-28T11:21:24.443+0000] {processor.py:840} INFO - DAG(s) 'example_params_trigger_ui' retrieved from /home/airflow/.local/lib/python3.8/site-packages/airflow/example_dags/example_params_trigger_ui.py
[2025-04-28T11:21:24.545+0000] {logging_mixin.py:188} INFO - [2025-04-28T11:21:24.545+0000] {dag.py:3033} INFO - Sync 1 DAGs
[2025-04-28T11:21:24.566+0000] {logging_mixin.py:188} INFO - [2025-04-28T11:21:24.566+0000] {dag.py:3820} INFO - Setting next_dagrun for example_params_trigger_ui to None, run_after=None
[2025-04-28T11:21:24.606+0000] {processor.py:183} INFO - Processing /home/airflow/.local/lib/python3.8/site-packages/airflow/example_dags/example_params_trigger_ui.py took 0.198 seconds
[2025-04-28T11:22:00.285+0000] {processor.py:161} INFO - Started process (PID=2456) to work on /home/airflow/.local/lib/python3.8/site-packages/airflow/example_dags/example_params_trigger_ui.py
[2025-04-28T11:22:00.286+0000] {processor.py:830} INFO - Processing file /home/airflow/.local/lib/python3.8/site-packages/airflow/example_dags/example_params_trigger_ui.py for tasks to queue
[2025-04-28T11:22:00.291+0000] {logging_mixin.py:188} INFO - [2025-04-28T11:22:00.291+0000] {dagbag.py:538} INFO - Filling up the DagBag from /home/airflow/.local/lib/python3.8/site-packages/airflow/example_dags/example_params_trigger_ui.py
[2025-04-28T11:22:00.316+0000] {processor.py:840} INFO - DAG(s) 'example_params_trigger_ui' retrieved from /home/airflow/.local/lib/python3.8/site-packages/airflow/example_dags/example_params_trigger_ui.py
[2025-04-28T11:22:00.424+0000] {logging_mixin.py:188} INFO - [2025-04-28T11:22:00.424+0000] {dag.py:3033} INFO - Sync 1 DAGs
[2025-04-28T11:22:00.444+0000] {logging_mixin.py:188} INFO - [2025-04-28T11:22:00.444+0000] {dag.py:3820} INFO - Setting next_dagrun for example_params_trigger_ui to None, run_after=None
[2025-04-28T11:22:00.491+0000] {processor.py:183} INFO - Processing /home/airflow/.local/lib/python3.8/site-packages/airflow/example_dags/example_params_trigger_ui.py took 0.214 seconds
[2025-04-28T11:22:31.522+0000] {processor.py:161} INFO - Started process (PID=2513) to work on /home/airflow/.local/lib/python3.8/site-packages/airflow/example_dags/example_params_trigger_ui.py
[2025-04-28T11:22:31.523+0000] {processor.py:830} INFO - Processing file /home/airflow/.local/lib/python3.8/site-packages/airflow/example_dags/example_params_trigger_ui.py for tasks to queue
[2025-04-28T11:22:31.527+0000] {logging_mixin.py:188} INFO - [2025-04-28T11:22:31.526+0000] {dagbag.py:538} INFO - Filling up the DagBag from /home/airflow/.local/lib/python3.8/site-packages/airflow/example_dags/example_params_trigger_ui.py
[2025-04-28T11:22:31.548+0000] {processor.py:840} INFO - DAG(s) 'example_params_trigger_ui' retrieved from /home/airflow/.local/lib/python3.8/site-packages/airflow/example_dags/example_params_trigger_ui.py
[2025-04-28T11:22:31.643+0000] {logging_mixin.py:188} INFO - [2025-04-28T11:22:31.642+0000] {dag.py:3033} INFO - Sync 1 DAGs
[2025-04-28T11:22:31.812+0000] {logging_mixin.py:188} INFO - [2025-04-28T11:22:31.811+0000] {dag.py:3820} INFO - Setting next_dagrun for example_params_trigger_ui to None, run_after=None
[2025-04-28T11:22:31.840+0000] {processor.py:183} INFO - Processing /home/airflow/.local/lib/python3.8/site-packages/airflow/example_dags/example_params_trigger_ui.py took 0.323 seconds
[2025-04-28T11:23:02.496+0000] {processor.py:161} INFO - Started process (PID=2570) to work on /home/airflow/.local/lib/python3.8/site-packages/airflow/example_dags/example_params_trigger_ui.py
[2025-04-28T11:23:02.499+0000] {processor.py:830} INFO - Processing file /home/airflow/.local/lib/python3.8/site-packages/airflow/example_dags/example_params_trigger_ui.py for tasks to queue
[2025-04-28T11:23:02.503+0000] {logging_mixin.py:188} INFO - [2025-04-28T11:23:02.502+0000] {dagbag.py:538} INFO - Filling up the DagBag from /home/airflow/.local/lib/python3.8/site-packages/airflow/example_dags/example_params_trigger_ui.py
[2025-04-28T11:23:02.530+0000] {processor.py:840} INFO - DAG(s) 'example_params_trigger_ui' retrieved from /home/airflow/.local/lib/python3.8/site-packages/airflow/example_dags/example_params_trigger_ui.py
[2025-04-28T11:23:02.647+0000] {logging_mixin.py:188} INFO - [2025-04-28T11:23:02.646+0000] {dag.py:3033} INFO - Sync 1 DAGs
[2025-04-28T11:23:02.669+0000] {logging_mixin.py:188} INFO - [2025-04-28T11:23:02.669+0000] {dag.py:3820} INFO - Setting next_dagrun for example_params_trigger_ui to None, run_after=None
[2025-04-28T11:23:02.701+0000] {processor.py:183} INFO - Processing /home/airflow/.local/lib/python3.8/site-packages/airflow/example_dags/example_params_trigger_ui.py took 0.211 seconds
[2025-04-28T11:23:41.616+0000] {processor.py:161} INFO - Started process (PID=2627) to work on /home/airflow/.local/lib/python3.8/site-packages/airflow/example_dags/example_params_trigger_ui.py
[2025-04-28T11:23:41.618+0000] {processor.py:830} INFO - Processing file /home/airflow/.local/lib/python3.8/site-packages/airflow/example_dags/example_params_trigger_ui.py for tasks to queue
[2025-04-28T11:23:41.621+0000] {logging_mixin.py:188} INFO - [2025-04-28T11:23:41.620+0000] {dagbag.py:538} INFO - Filling up the DagBag from /home/airflow/.local/lib/python3.8/site-packages/airflow/example_dags/example_params_trigger_ui.py
[2025-04-28T11:23:41.656+0000] {processor.py:840} INFO - DAG(s) 'example_params_trigger_ui' retrieved from /home/airflow/.local/lib/python3.8/site-packages/airflow/example_dags/example_params_trigger_ui.py
[2025-04-28T11:23:41.950+0000] {logging_mixin.py:188} INFO - [2025-04-28T11:23:41.950+0000] {dag.py:3033} INFO - Sync 1 DAGs
[2025-04-28T11:23:41.968+0000] {logging_mixin.py:188} INFO - [2025-04-28T11:23:41.967+0000] {dag.py:3820} INFO - Setting next_dagrun for example_params_trigger_ui to None, run_after=None
[2025-04-28T11:23:42.018+0000] {processor.py:183} INFO - Processing /home/airflow/.local/lib/python3.8/site-packages/airflow/example_dags/example_params_trigger_ui.py took 0.406 seconds
[2025-04-28T11:24:12.189+0000] {processor.py:161} INFO - Started process (PID=2685) to work on /home/airflow/.local/lib/python3.8/site-packages/airflow/example_dags/example_params_trigger_ui.py
[2025-04-28T11:24:12.190+0000] {processor.py:830} INFO - Processing file /home/airflow/.local/lib/python3.8/site-packages/airflow/example_dags/example_params_trigger_ui.py for tasks to queue
[2025-04-28T11:24:12.195+0000] {logging_mixin.py:188} INFO - [2025-04-28T11:24:12.194+0000] {dagbag.py:538} INFO - Filling up the DagBag from /home/airflow/.local/lib/python3.8/site-packages/airflow/example_dags/example_params_trigger_ui.py
[2025-04-28T11:24:12.216+0000] {processor.py:840} INFO - DAG(s) 'example_params_trigger_ui' retrieved from /home/airflow/.local/lib/python3.8/site-packages/airflow/example_dags/example_params_trigger_ui.py
[2025-04-28T11:24:12.325+0000] {logging_mixin.py:188} INFO - [2025-04-28T11:24:12.325+0000] {dag.py:3033} INFO - Sync 1 DAGs
[2025-04-28T11:24:12.527+0000] {logging_mixin.py:188} INFO - [2025-04-28T11:24:12.527+0000] {dag.py:3820} INFO - Setting next_dagrun for example_params_trigger_ui to None, run_after=None
[2025-04-28T11:24:12.579+0000] {processor.py:183} INFO - Processing /home/airflow/.local/lib/python3.8/site-packages/airflow/example_dags/example_params_trigger_ui.py took 0.395 seconds
[2025-04-28T11:24:43.318+0000] {processor.py:161} INFO - Started process (PID=2741) to work on /home/airflow/.local/lib/python3.8/site-packages/airflow/example_dags/example_params_trigger_ui.py
[2025-04-28T11:24:43.319+0000] {processor.py:830} INFO - Processing file /home/airflow/.local/lib/python3.8/site-packages/airflow/example_dags/example_params_trigger_ui.py for tasks to queue
[2025-04-28T11:24:43.323+0000] {logging_mixin.py:188} INFO - [2025-04-28T11:24:43.323+0000] {dagbag.py:538} INFO - Filling up the DagBag from /home/airflow/.local/lib/python3.8/site-packages/airflow/example_dags/example_params_trigger_ui.py
[2025-04-28T11:24:43.351+0000] {processor.py:840} INFO - DAG(s) 'example_params_trigger_ui' retrieved from /home/airflow/.local/lib/python3.8/site-packages/airflow/example_dags/example_params_trigger_ui.py
[2025-04-28T11:24:43.466+0000] {logging_mixin.py:188} INFO - [2025-04-28T11:24:43.466+0000] {dag.py:3033} INFO - Sync 1 DAGs
[2025-04-28T11:24:43.487+0000] {logging_mixin.py:188} INFO - [2025-04-28T11:24:43.487+0000] {dag.py:3820} INFO - Setting next_dagrun for example_params_trigger_ui to None, run_after=None
[2025-04-28T11:24:43.544+0000] {processor.py:183} INFO - Processing /home/airflow/.local/lib/python3.8/site-packages/airflow/example_dags/example_params_trigger_ui.py took 0.232 seconds
[2025-04-28T11:25:13.835+0000] {processor.py:161} INFO - Started process (PID=2798) to work on /home/airflow/.local/lib/python3.8/site-packages/airflow/example_dags/example_params_trigger_ui.py
[2025-04-28T11:25:13.844+0000] {processor.py:830} INFO - Processing file /home/airflow/.local/lib/python3.8/site-packages/airflow/example_dags/example_params_trigger_ui.py for tasks to queue
[2025-04-28T11:25:13.848+0000] {logging_mixin.py:188} INFO - [2025-04-28T11:25:13.848+0000] {dagbag.py:538} INFO - Filling up the DagBag from /home/airflow/.local/lib/python3.8/site-packages/airflow/example_dags/example_params_trigger_ui.py
[2025-04-28T11:25:13.904+0000] {processor.py:840} INFO - DAG(s) 'example_params_trigger_ui' retrieved from /home/airflow/.local/lib/python3.8/site-packages/airflow/example_dags/example_params_trigger_ui.py
[2025-04-28T11:25:14.123+0000] {logging_mixin.py:188} INFO - [2025-04-28T11:25:14.122+0000] {dag.py:3033} INFO - Sync 1 DAGs
[2025-04-28T11:25:14.159+0000] {logging_mixin.py:188} INFO - [2025-04-28T11:25:14.158+0000] {dag.py:3820} INFO - Setting next_dagrun for example_params_trigger_ui to None, run_after=None
[2025-04-28T11:25:14.202+0000] {processor.py:183} INFO - Processing /home/airflow/.local/lib/python3.8/site-packages/airflow/example_dags/example_params_trigger_ui.py took 0.372 seconds
[2025-04-28T11:25:44.325+0000] {processor.py:161} INFO - Started process (PID=2853) to work on /home/airflow/.local/lib/python3.8/site-packages/airflow/example_dags/example_params_trigger_ui.py
[2025-04-28T11:25:44.327+0000] {processor.py:830} INFO - Processing file /home/airflow/.local/lib/python3.8/site-packages/airflow/example_dags/example_params_trigger_ui.py for tasks to queue
[2025-04-28T11:25:44.331+0000] {logging_mixin.py:188} INFO - [2025-04-28T11:25:44.330+0000] {dagbag.py:538} INFO - Filling up the DagBag from /home/airflow/.local/lib/python3.8/site-packages/airflow/example_dags/example_params_trigger_ui.py
[2025-04-28T11:25:44.355+0000] {processor.py:840} INFO - DAG(s) 'example_params_trigger_ui' retrieved from /home/airflow/.local/lib/python3.8/site-packages/airflow/example_dags/example_params_trigger_ui.py
[2025-04-28T11:25:44.489+0000] {logging_mixin.py:188} INFO - [2025-04-28T11:25:44.489+0000] {dag.py:3033} INFO - Sync 1 DAGs
[2025-04-28T11:25:44.519+0000] {logging_mixin.py:188} INFO - [2025-04-28T11:25:44.519+0000] {dag.py:3820} INFO - Setting next_dagrun for example_params_trigger_ui to None, run_after=None
[2025-04-28T11:25:44.550+0000] {processor.py:183} INFO - Processing /home/airflow/.local/lib/python3.8/site-packages/airflow/example_dags/example_params_trigger_ui.py took 0.229 seconds
[2025-04-28T11:26:17.710+0000] {processor.py:161} INFO - Started process (PID=2909) to work on /home/airflow/.local/lib/python3.8/site-packages/airflow/example_dags/example_params_trigger_ui.py
[2025-04-28T11:26:17.711+0000] {processor.py:830} INFO - Processing file /home/airflow/.local/lib/python3.8/site-packages/airflow/example_dags/example_params_trigger_ui.py for tasks to queue
[2025-04-28T11:26:17.713+0000] {logging_mixin.py:188} INFO - [2025-04-28T11:26:17.712+0000] {dagbag.py:538} INFO - Filling up the DagBag from /home/airflow/.local/lib/python3.8/site-packages/airflow/example_dags/example_params_trigger_ui.py
[2025-04-28T11:26:17.747+0000] {processor.py:840} INFO - DAG(s) 'example_params_trigger_ui' retrieved from /home/airflow/.local/lib/python3.8/site-packages/airflow/example_dags/example_params_trigger_ui.py
[2025-04-28T11:26:17.860+0000] {logging_mixin.py:188} INFO - [2025-04-28T11:26:17.860+0000] {dag.py:3033} INFO - Sync 1 DAGs
[2025-04-28T11:26:17.882+0000] {logging_mixin.py:188} INFO - [2025-04-28T11:26:17.881+0000] {dag.py:3820} INFO - Setting next_dagrun for example_params_trigger_ui to None, run_after=None
[2025-04-28T11:26:17.918+0000] {processor.py:183} INFO - Processing /home/airflow/.local/lib/python3.8/site-packages/airflow/example_dags/example_params_trigger_ui.py took 0.212 seconds
[2025-04-28T11:26:50.727+0000] {processor.py:161} INFO - Started process (PID=2966) to work on /home/airflow/.local/lib/python3.8/site-packages/airflow/example_dags/example_params_trigger_ui.py
[2025-04-28T11:26:50.729+0000] {processor.py:830} INFO - Processing file /home/airflow/.local/lib/python3.8/site-packages/airflow/example_dags/example_params_trigger_ui.py for tasks to queue
[2025-04-28T11:26:50.731+0000] {logging_mixin.py:188} INFO - [2025-04-28T11:26:50.730+0000] {dagbag.py:538} INFO - Filling up the DagBag from /home/airflow/.local/lib/python3.8/site-packages/airflow/example_dags/example_params_trigger_ui.py
[2025-04-28T11:26:50.758+0000] {processor.py:840} INFO - DAG(s) 'example_params_trigger_ui' retrieved from /home/airflow/.local/lib/python3.8/site-packages/airflow/example_dags/example_params_trigger_ui.py
[2025-04-28T11:26:50.882+0000] {logging_mixin.py:188} INFO - [2025-04-28T11:26:50.882+0000] {dag.py:3033} INFO - Sync 1 DAGs
[2025-04-28T11:26:50.906+0000] {logging_mixin.py:188} INFO - [2025-04-28T11:26:50.906+0000] {dag.py:3820} INFO - Setting next_dagrun for example_params_trigger_ui to None, run_after=None
[2025-04-28T11:26:50.941+0000] {processor.py:183} INFO - Processing /home/airflow/.local/lib/python3.8/site-packages/airflow/example_dags/example_params_trigger_ui.py took 0.220 seconds
[2025-04-28T11:27:23.377+0000] {processor.py:161} INFO - Started process (PID=3022) to work on /home/airflow/.local/lib/python3.8/site-packages/airflow/example_dags/example_params_trigger_ui.py
[2025-04-28T11:27:23.379+0000] {processor.py:830} INFO - Processing file /home/airflow/.local/lib/python3.8/site-packages/airflow/example_dags/example_params_trigger_ui.py for tasks to queue
[2025-04-28T11:27:23.381+0000] {logging_mixin.py:188} INFO - [2025-04-28T11:27:23.380+0000] {dagbag.py:538} INFO - Filling up the DagBag from /home/airflow/.local/lib/python3.8/site-packages/airflow/example_dags/example_params_trigger_ui.py
[2025-04-28T11:27:23.404+0000] {processor.py:840} INFO - DAG(s) 'example_params_trigger_ui' retrieved from /home/airflow/.local/lib/python3.8/site-packages/airflow/example_dags/example_params_trigger_ui.py
[2025-04-28T11:27:23.538+0000] {logging_mixin.py:188} INFO - [2025-04-28T11:27:23.538+0000] {dag.py:3033} INFO - Sync 1 DAGs
[2025-04-28T11:27:23.561+0000] {logging_mixin.py:188} INFO - [2025-04-28T11:27:23.561+0000] {dag.py:3820} INFO - Setting next_dagrun for example_params_trigger_ui to None, run_after=None
[2025-04-28T11:27:23.596+0000] {processor.py:183} INFO - Processing /home/airflow/.local/lib/python3.8/site-packages/airflow/example_dags/example_params_trigger_ui.py took 0.224 seconds
[2025-04-28T11:27:56.674+0000] {processor.py:161} INFO - Started process (PID=3078) to work on /home/airflow/.local/lib/python3.8/site-packages/airflow/example_dags/example_params_trigger_ui.py
[2025-04-28T11:27:56.675+0000] {processor.py:830} INFO - Processing file /home/airflow/.local/lib/python3.8/site-packages/airflow/example_dags/example_params_trigger_ui.py for tasks to queue
[2025-04-28T11:27:56.676+0000] {logging_mixin.py:188} INFO - [2025-04-28T11:27:56.676+0000] {dagbag.py:538} INFO - Filling up the DagBag from /home/airflow/.local/lib/python3.8/site-packages/airflow/example_dags/example_params_trigger_ui.py
[2025-04-28T11:27:56.719+0000] {processor.py:840} INFO - DAG(s) 'example_params_trigger_ui' retrieved from /home/airflow/.local/lib/python3.8/site-packages/airflow/example_dags/example_params_trigger_ui.py
[2025-04-28T11:27:57.010+0000] {logging_mixin.py:188} INFO - [2025-04-28T11:27:57.009+0000] {dag.py:3033} INFO - Sync 1 DAGs
[2025-04-28T11:27:57.086+0000] {logging_mixin.py:188} INFO - [2025-04-28T11:27:57.086+0000] {dag.py:3820} INFO - Setting next_dagrun for example_params_trigger_ui to None, run_after=None
[2025-04-28T11:27:57.257+0000] {processor.py:183} INFO - Processing /home/airflow/.local/lib/python3.8/site-packages/airflow/example_dags/example_params_trigger_ui.py took 0.587 seconds
[2025-04-28T11:28:28.899+0000] {processor.py:161} INFO - Started process (PID=3134) to work on /home/airflow/.local/lib/python3.8/site-packages/airflow/example_dags/example_params_trigger_ui.py
[2025-04-28T11:28:28.901+0000] {processor.py:830} INFO - Processing file /home/airflow/.local/lib/python3.8/site-packages/airflow/example_dags/example_params_trigger_ui.py for tasks to queue
[2025-04-28T11:28:28.903+0000] {logging_mixin.py:188} INFO - [2025-04-28T11:28:28.903+0000] {dagbag.py:538} INFO - Filling up the DagBag from /home/airflow/.local/lib/python3.8/site-packages/airflow/example_dags/example_params_trigger_ui.py
[2025-04-28T11:28:28.929+0000] {processor.py:840} INFO - DAG(s) 'example_params_trigger_ui' retrieved from /home/airflow/.local/lib/python3.8/site-packages/airflow/example_dags/example_params_trigger_ui.py
[2025-04-28T11:28:29.043+0000] {logging_mixin.py:188} INFO - [2025-04-28T11:28:29.043+0000] {dag.py:3033} INFO - Sync 1 DAGs
[2025-04-28T11:28:29.065+0000] {logging_mixin.py:188} INFO - [2025-04-28T11:28:29.064+0000] {dag.py:3820} INFO - Setting next_dagrun for example_params_trigger_ui to None, run_after=None
[2025-04-28T11:28:29.099+0000] {processor.py:183} INFO - Processing /home/airflow/.local/lib/python3.8/site-packages/airflow/example_dags/example_params_trigger_ui.py took 0.204 seconds
[2025-04-28T11:29:00.844+0000] {processor.py:161} INFO - Started process (PID=3190) to work on /home/airflow/.local/lib/python3.8/site-packages/airflow/example_dags/example_params_trigger_ui.py
[2025-04-28T11:29:00.846+0000] {processor.py:830} INFO - Processing file /home/airflow/.local/lib/python3.8/site-packages/airflow/example_dags/example_params_trigger_ui.py for tasks to queue
[2025-04-28T11:29:00.848+0000] {logging_mixin.py:188} INFO - [2025-04-28T11:29:00.847+0000] {dagbag.py:538} INFO - Filling up the DagBag from /home/airflow/.local/lib/python3.8/site-packages/airflow/example_dags/example_params_trigger_ui.py
[2025-04-28T11:29:00.880+0000] {processor.py:840} INFO - DAG(s) 'example_params_trigger_ui' retrieved from /home/airflow/.local/lib/python3.8/site-packages/airflow/example_dags/example_params_trigger_ui.py
[2025-04-28T11:29:00.999+0000] {logging_mixin.py:188} INFO - [2025-04-28T11:29:00.998+0000] {dag.py:3033} INFO - Sync 1 DAGs
[2025-04-28T11:29:01.030+0000] {logging_mixin.py:188} INFO - [2025-04-28T11:29:01.029+0000] {dag.py:3820} INFO - Setting next_dagrun for example_params_trigger_ui to None, run_after=None
[2025-04-28T11:29:01.080+0000] {processor.py:183} INFO - Processing /home/airflow/.local/lib/python3.8/site-packages/airflow/example_dags/example_params_trigger_ui.py took 0.241 seconds
[2025-04-28T11:29:33.398+0000] {processor.py:161} INFO - Started process (PID=3247) to work on /home/airflow/.local/lib/python3.8/site-packages/airflow/example_dags/example_params_trigger_ui.py
[2025-04-28T11:29:33.399+0000] {processor.py:830} INFO - Processing file /home/airflow/.local/lib/python3.8/site-packages/airflow/example_dags/example_params_trigger_ui.py for tasks to queue
[2025-04-28T11:29:33.401+0000] {logging_mixin.py:188} INFO - [2025-04-28T11:29:33.400+0000] {dagbag.py:538} INFO - Filling up the DagBag from /home/airflow/.local/lib/python3.8/site-packages/airflow/example_dags/example_params_trigger_ui.py
[2025-04-28T11:29:33.442+0000] {processor.py:840} INFO - DAG(s) 'example_params_trigger_ui' retrieved from /home/airflow/.local/lib/python3.8/site-packages/airflow/example_dags/example_params_trigger_ui.py
[2025-04-28T11:29:33.564+0000] {logging_mixin.py:188} INFO - [2025-04-28T11:29:33.564+0000] {dag.py:3033} INFO - Sync 1 DAGs
[2025-04-28T11:29:33.587+0000] {logging_mixin.py:188} INFO - [2025-04-28T11:29:33.586+0000] {dag.py:3820} INFO - Setting next_dagrun for example_params_trigger_ui to None, run_after=None
[2025-04-28T11:29:33.624+0000] {processor.py:183} INFO - Processing /home/airflow/.local/lib/python3.8/site-packages/airflow/example_dags/example_params_trigger_ui.py took 0.232 seconds
[2025-04-28T11:30:08.157+0000] {processor.py:161} INFO - Started process (PID=3302) to work on /home/airflow/.local/lib/python3.8/site-packages/airflow/example_dags/example_params_trigger_ui.py
[2025-04-28T11:30:08.168+0000] {processor.py:830} INFO - Processing file /home/airflow/.local/lib/python3.8/site-packages/airflow/example_dags/example_params_trigger_ui.py for tasks to queue
[2025-04-28T11:30:08.170+0000] {logging_mixin.py:188} INFO - [2025-04-28T11:30:08.170+0000] {dagbag.py:538} INFO - Filling up the DagBag from /home/airflow/.local/lib/python3.8/site-packages/airflow/example_dags/example_params_trigger_ui.py
[2025-04-28T11:30:08.230+0000] {processor.py:840} INFO - DAG(s) 'example_params_trigger_ui' retrieved from /home/airflow/.local/lib/python3.8/site-packages/airflow/example_dags/example_params_trigger_ui.py
[2025-04-28T11:30:08.517+0000] {logging_mixin.py:188} INFO - [2025-04-28T11:30:08.516+0000] {dag.py:3033} INFO - Sync 1 DAGs
[2025-04-28T11:30:08.540+0000] {logging_mixin.py:188} INFO - [2025-04-28T11:30:08.540+0000] {dag.py:3820} INFO - Setting next_dagrun for example_params_trigger_ui to None, run_after=None
[2025-04-28T11:30:08.580+0000] {processor.py:183} INFO - Processing /home/airflow/.local/lib/python3.8/site-packages/airflow/example_dags/example_params_trigger_ui.py took 0.439 seconds
[2025-04-28T11:30:41.059+0000] {processor.py:161} INFO - Started process (PID=3360) to work on /home/airflow/.local/lib/python3.8/site-packages/airflow/example_dags/example_params_trigger_ui.py
[2025-04-28T11:30:41.062+0000] {processor.py:830} INFO - Processing file /home/airflow/.local/lib/python3.8/site-packages/airflow/example_dags/example_params_trigger_ui.py for tasks to queue
[2025-04-28T11:30:41.064+0000] {logging_mixin.py:188} INFO - [2025-04-28T11:30:41.063+0000] {dagbag.py:538} INFO - Filling up the DagBag from /home/airflow/.local/lib/python3.8/site-packages/airflow/example_dags/example_params_trigger_ui.py
[2025-04-28T11:30:41.094+0000] {processor.py:840} INFO - DAG(s) 'example_params_trigger_ui' retrieved from /home/airflow/.local/lib/python3.8/site-packages/airflow/example_dags/example_params_trigger_ui.py
[2025-04-28T11:30:41.260+0000] {logging_mixin.py:188} INFO - [2025-04-28T11:30:41.260+0000] {dag.py:3033} INFO - Sync 1 DAGs
[2025-04-28T11:30:41.294+0000] {logging_mixin.py:188} INFO - [2025-04-28T11:30:41.293+0000] {dag.py:3820} INFO - Setting next_dagrun for example_params_trigger_ui to None, run_after=None
[2025-04-28T11:30:41.344+0000] {processor.py:183} INFO - Processing /home/airflow/.local/lib/python3.8/site-packages/airflow/example_dags/example_params_trigger_ui.py took 0.294 seconds
[2025-04-28T11:31:12.709+0000] {processor.py:161} INFO - Started process (PID=3416) to work on /home/airflow/.local/lib/python3.8/site-packages/airflow/example_dags/example_params_trigger_ui.py
[2025-04-28T11:31:12.711+0000] {processor.py:830} INFO - Processing file /home/airflow/.local/lib/python3.8/site-packages/airflow/example_dags/example_params_trigger_ui.py for tasks to queue
[2025-04-28T11:31:12.713+0000] {logging_mixin.py:188} INFO - [2025-04-28T11:31:12.712+0000] {dagbag.py:538} INFO - Filling up the DagBag from /home/airflow/.local/lib/python3.8/site-packages/airflow/example_dags/example_params_trigger_ui.py
[2025-04-28T11:31:12.736+0000] {processor.py:840} INFO - DAG(s) 'example_params_trigger_ui' retrieved from /home/airflow/.local/lib/python3.8/site-packages/airflow/example_dags/example_params_trigger_ui.py
[2025-04-28T11:31:12.880+0000] {logging_mixin.py:188} INFO - [2025-04-28T11:31:12.879+0000] {dag.py:3033} INFO - Sync 1 DAGs
[2025-04-28T11:31:12.910+0000] {logging_mixin.py:188} INFO - [2025-04-28T11:31:12.910+0000] {dag.py:3820} INFO - Setting next_dagrun for example_params_trigger_ui to None, run_after=None
[2025-04-28T11:31:12.975+0000] {processor.py:183} INFO - Processing /home/airflow/.local/lib/python3.8/site-packages/airflow/example_dags/example_params_trigger_ui.py took 0.271 seconds
[2025-04-28T11:31:44.515+0000] {processor.py:161} INFO - Started process (PID=3472) to work on /home/airflow/.local/lib/python3.8/site-packages/airflow/example_dags/example_params_trigger_ui.py
[2025-04-28T11:31:44.516+0000] {processor.py:830} INFO - Processing file /home/airflow/.local/lib/python3.8/site-packages/airflow/example_dags/example_params_trigger_ui.py for tasks to queue
[2025-04-28T11:31:44.518+0000] {logging_mixin.py:188} INFO - [2025-04-28T11:31:44.517+0000] {dagbag.py:538} INFO - Filling up the DagBag from /home/airflow/.local/lib/python3.8/site-packages/airflow/example_dags/example_params_trigger_ui.py
[2025-04-28T11:31:44.545+0000] {processor.py:840} INFO - DAG(s) 'example_params_trigger_ui' retrieved from /home/airflow/.local/lib/python3.8/site-packages/airflow/example_dags/example_params_trigger_ui.py
[2025-04-28T11:31:44.733+0000] {logging_mixin.py:188} INFO - [2025-04-28T11:31:44.733+0000] {dag.py:3033} INFO - Sync 1 DAGs
[2025-04-28T11:31:44.763+0000] {logging_mixin.py:188} INFO - [2025-04-28T11:31:44.763+0000] {dag.py:3820} INFO - Setting next_dagrun for example_params_trigger_ui to None, run_after=None
[2025-04-28T11:31:44.821+0000] {processor.py:183} INFO - Processing /home/airflow/.local/lib/python3.8/site-packages/airflow/example_dags/example_params_trigger_ui.py took 0.311 seconds
[2025-04-28T11:32:17.953+0000] {processor.py:161} INFO - Started process (PID=3529) to work on /home/airflow/.local/lib/python3.8/site-packages/airflow/example_dags/example_params_trigger_ui.py
[2025-04-28T11:32:17.955+0000] {processor.py:830} INFO - Processing file /home/airflow/.local/lib/python3.8/site-packages/airflow/example_dags/example_params_trigger_ui.py for tasks to queue
[2025-04-28T11:32:17.957+0000] {logging_mixin.py:188} INFO - [2025-04-28T11:32:17.957+0000] {dagbag.py:538} INFO - Filling up the DagBag from /home/airflow/.local/lib/python3.8/site-packages/airflow/example_dags/example_params_trigger_ui.py
[2025-04-28T11:32:17.990+0000] {processor.py:840} INFO - DAG(s) 'example_params_trigger_ui' retrieved from /home/airflow/.local/lib/python3.8/site-packages/airflow/example_dags/example_params_trigger_ui.py
[2025-04-28T11:32:18.111+0000] {logging_mixin.py:188} INFO - [2025-04-28T11:32:18.111+0000] {dag.py:3033} INFO - Sync 1 DAGs
[2025-04-28T11:32:18.137+0000] {logging_mixin.py:188} INFO - [2025-04-28T11:32:18.137+0000] {dag.py:3820} INFO - Setting next_dagrun for example_params_trigger_ui to None, run_after=None
[2025-04-28T11:32:18.178+0000] {processor.py:183} INFO - Processing /home/airflow/.local/lib/python3.8/site-packages/airflow/example_dags/example_params_trigger_ui.py took 0.232 seconds
[2025-04-28T11:32:55.125+0000] {processor.py:161} INFO - Started process (PID=3592) to work on /home/airflow/.local/lib/python3.8/site-packages/airflow/example_dags/example_params_trigger_ui.py
[2025-04-28T11:32:55.128+0000] {processor.py:830} INFO - Processing file /home/airflow/.local/lib/python3.8/site-packages/airflow/example_dags/example_params_trigger_ui.py for tasks to queue
[2025-04-28T11:32:55.131+0000] {logging_mixin.py:188} INFO - [2025-04-28T11:32:55.130+0000] {dagbag.py:538} INFO - Filling up the DagBag from /home/airflow/.local/lib/python3.8/site-packages/airflow/example_dags/example_params_trigger_ui.py
[2025-04-28T11:32:55.175+0000] {processor.py:840} INFO - DAG(s) 'example_params_trigger_ui' retrieved from /home/airflow/.local/lib/python3.8/site-packages/airflow/example_dags/example_params_trigger_ui.py
[2025-04-28T11:32:55.446+0000] {logging_mixin.py:188} INFO - [2025-04-28T11:32:55.446+0000] {dag.py:3033} INFO - Sync 1 DAGs
[2025-04-28T11:32:55.500+0000] {logging_mixin.py:188} INFO - [2025-04-28T11:32:55.499+0000] {dag.py:3820} INFO - Setting next_dagrun for example_params_trigger_ui to None, run_after=None
[2025-04-28T11:32:55.578+0000] {processor.py:183} INFO - Processing /home/airflow/.local/lib/python3.8/site-packages/airflow/example_dags/example_params_trigger_ui.py took 0.463 seconds
[2025-04-28T11:33:27.264+0000] {processor.py:161} INFO - Started process (PID=3648) to work on /home/airflow/.local/lib/python3.8/site-packages/airflow/example_dags/example_params_trigger_ui.py
[2025-04-28T11:33:27.265+0000] {processor.py:830} INFO - Processing file /home/airflow/.local/lib/python3.8/site-packages/airflow/example_dags/example_params_trigger_ui.py for tasks to queue
[2025-04-28T11:33:27.267+0000] {logging_mixin.py:188} INFO - [2025-04-28T11:33:27.267+0000] {dagbag.py:538} INFO - Filling up the DagBag from /home/airflow/.local/lib/python3.8/site-packages/airflow/example_dags/example_params_trigger_ui.py
[2025-04-28T11:33:27.286+0000] {processor.py:840} INFO - DAG(s) 'example_params_trigger_ui' retrieved from /home/airflow/.local/lib/python3.8/site-packages/airflow/example_dags/example_params_trigger_ui.py
[2025-04-28T11:33:27.379+0000] {logging_mixin.py:188} INFO - [2025-04-28T11:33:27.378+0000] {dag.py:3033} INFO - Sync 1 DAGs
[2025-04-28T11:33:27.399+0000] {logging_mixin.py:188} INFO - [2025-04-28T11:33:27.399+0000] {dag.py:3820} INFO - Setting next_dagrun for example_params_trigger_ui to None, run_after=None
[2025-04-28T11:33:27.430+0000] {processor.py:183} INFO - Processing /home/airflow/.local/lib/python3.8/site-packages/airflow/example_dags/example_params_trigger_ui.py took 0.173 seconds
[2025-04-28T11:33:58.854+0000] {processor.py:161} INFO - Started process (PID=3704) to work on /home/airflow/.local/lib/python3.8/site-packages/airflow/example_dags/example_params_trigger_ui.py
[2025-04-28T11:33:58.856+0000] {processor.py:830} INFO - Processing file /home/airflow/.local/lib/python3.8/site-packages/airflow/example_dags/example_params_trigger_ui.py for tasks to queue
[2025-04-28T11:33:58.862+0000] {logging_mixin.py:188} INFO - [2025-04-28T11:33:58.857+0000] {dagbag.py:538} INFO - Filling up the DagBag from /home/airflow/.local/lib/python3.8/site-packages/airflow/example_dags/example_params_trigger_ui.py
[2025-04-28T11:33:58.895+0000] {processor.py:840} INFO - DAG(s) 'example_params_trigger_ui' retrieved from /home/airflow/.local/lib/python3.8/site-packages/airflow/example_dags/example_params_trigger_ui.py
[2025-04-28T11:33:59.130+0000] {logging_mixin.py:188} INFO - [2025-04-28T11:33:59.129+0000] {dag.py:3033} INFO - Sync 1 DAGs
[2025-04-28T11:33:59.170+0000] {logging_mixin.py:188} INFO - [2025-04-28T11:33:59.169+0000] {dag.py:3820} INFO - Setting next_dagrun for example_params_trigger_ui to None, run_after=None
[2025-04-28T11:33:59.206+0000] {processor.py:183} INFO - Processing /home/airflow/.local/lib/python3.8/site-packages/airflow/example_dags/example_params_trigger_ui.py took 0.359 seconds
[2025-04-28T11:34:29.358+0000] {processor.py:161} INFO - Started process (PID=3761) to work on /home/airflow/.local/lib/python3.8/site-packages/airflow/example_dags/example_params_trigger_ui.py
[2025-04-28T11:34:29.359+0000] {processor.py:830} INFO - Processing file /home/airflow/.local/lib/python3.8/site-packages/airflow/example_dags/example_params_trigger_ui.py for tasks to queue
[2025-04-28T11:34:29.361+0000] {logging_mixin.py:188} INFO - [2025-04-28T11:34:29.361+0000] {dagbag.py:538} INFO - Filling up the DagBag from /home/airflow/.local/lib/python3.8/site-packages/airflow/example_dags/example_params_trigger_ui.py
[2025-04-28T11:34:29.378+0000] {processor.py:840} INFO - DAG(s) 'example_params_trigger_ui' retrieved from /home/airflow/.local/lib/python3.8/site-packages/airflow/example_dags/example_params_trigger_ui.py
[2025-04-28T11:34:29.452+0000] {logging_mixin.py:188} INFO - [2025-04-28T11:34:29.451+0000] {dag.py:3033} INFO - Sync 1 DAGs
[2025-04-28T11:34:29.466+0000] {logging_mixin.py:188} INFO - [2025-04-28T11:34:29.466+0000] {dag.py:3820} INFO - Setting next_dagrun for example_params_trigger_ui to None, run_after=None
[2025-04-28T11:34:29.493+0000] {processor.py:183} INFO - Processing /home/airflow/.local/lib/python3.8/site-packages/airflow/example_dags/example_params_trigger_ui.py took 0.139 seconds
[2025-04-28T11:34:59.624+0000] {processor.py:161} INFO - Started process (PID=3817) to work on /home/airflow/.local/lib/python3.8/site-packages/airflow/example_dags/example_params_trigger_ui.py
[2025-04-28T11:34:59.626+0000] {processor.py:830} INFO - Processing file /home/airflow/.local/lib/python3.8/site-packages/airflow/example_dags/example_params_trigger_ui.py for tasks to queue
[2025-04-28T11:34:59.627+0000] {logging_mixin.py:188} INFO - [2025-04-28T11:34:59.627+0000] {dagbag.py:538} INFO - Filling up the DagBag from /home/airflow/.local/lib/python3.8/site-packages/airflow/example_dags/example_params_trigger_ui.py
[2025-04-28T11:34:59.645+0000] {processor.py:840} INFO - DAG(s) 'example_params_trigger_ui' retrieved from /home/airflow/.local/lib/python3.8/site-packages/airflow/example_dags/example_params_trigger_ui.py
[2025-04-28T11:34:59.719+0000] {logging_mixin.py:188} INFO - [2025-04-28T11:34:59.718+0000] {dag.py:3033} INFO - Sync 1 DAGs
[2025-04-28T11:34:59.734+0000] {logging_mixin.py:188} INFO - [2025-04-28T11:34:59.733+0000] {dag.py:3820} INFO - Setting next_dagrun for example_params_trigger_ui to None, run_after=None
[2025-04-28T11:34:59.773+0000] {processor.py:183} INFO - Processing /home/airflow/.local/lib/python3.8/site-packages/airflow/example_dags/example_params_trigger_ui.py took 0.153 seconds
[2025-04-28T11:35:31.763+0000] {processor.py:161} INFO - Started process (PID=3872) to work on /home/airflow/.local/lib/python3.8/site-packages/airflow/example_dags/example_params_trigger_ui.py
[2025-04-28T11:35:31.765+0000] {processor.py:830} INFO - Processing file /home/airflow/.local/lib/python3.8/site-packages/airflow/example_dags/example_params_trigger_ui.py for tasks to queue
[2025-04-28T11:35:31.766+0000] {logging_mixin.py:188} INFO - [2025-04-28T11:35:31.766+0000] {dagbag.py:538} INFO - Filling up the DagBag from /home/airflow/.local/lib/python3.8/site-packages/airflow/example_dags/example_params_trigger_ui.py
[2025-04-28T11:35:31.791+0000] {processor.py:840} INFO - DAG(s) 'example_params_trigger_ui' retrieved from /home/airflow/.local/lib/python3.8/site-packages/airflow/example_dags/example_params_trigger_ui.py
[2025-04-28T11:35:31.913+0000] {logging_mixin.py:188} INFO - [2025-04-28T11:35:31.913+0000] {dag.py:3033} INFO - Sync 1 DAGs
[2025-04-28T11:35:31.937+0000] {logging_mixin.py:188} INFO - [2025-04-28T11:35:31.937+0000] {dag.py:3820} INFO - Setting next_dagrun for example_params_trigger_ui to None, run_after=None
[2025-04-28T11:35:31.973+0000] {processor.py:183} INFO - Processing /home/airflow/.local/lib/python3.8/site-packages/airflow/example_dags/example_params_trigger_ui.py took 0.215 seconds
[2025-04-28T11:36:05.104+0000] {processor.py:161} INFO - Started process (PID=3929) to work on /home/airflow/.local/lib/python3.8/site-packages/airflow/example_dags/example_params_trigger_ui.py
[2025-04-28T11:36:05.105+0000] {processor.py:830} INFO - Processing file /home/airflow/.local/lib/python3.8/site-packages/airflow/example_dags/example_params_trigger_ui.py for tasks to queue
[2025-04-28T11:36:05.106+0000] {logging_mixin.py:188} INFO - [2025-04-28T11:36:05.106+0000] {dagbag.py:538} INFO - Filling up the DagBag from /home/airflow/.local/lib/python3.8/site-packages/airflow/example_dags/example_params_trigger_ui.py
[2025-04-28T11:36:05.125+0000] {processor.py:840} INFO - DAG(s) 'example_params_trigger_ui' retrieved from /home/airflow/.local/lib/python3.8/site-packages/airflow/example_dags/example_params_trigger_ui.py
[2025-04-28T11:36:05.207+0000] {logging_mixin.py:188} INFO - [2025-04-28T11:36:05.207+0000] {dag.py:3033} INFO - Sync 1 DAGs
[2025-04-28T11:36:05.225+0000] {logging_mixin.py:188} INFO - [2025-04-28T11:36:05.225+0000] {dag.py:3820} INFO - Setting next_dagrun for example_params_trigger_ui to None, run_after=None
[2025-04-28T11:36:05.262+0000] {processor.py:183} INFO - Processing /home/airflow/.local/lib/python3.8/site-packages/airflow/example_dags/example_params_trigger_ui.py took 0.162 seconds
[2025-04-28T11:36:37.455+0000] {processor.py:161} INFO - Started process (PID=3985) to work on /home/airflow/.local/lib/python3.8/site-packages/airflow/example_dags/example_params_trigger_ui.py
[2025-04-28T11:36:37.457+0000] {processor.py:830} INFO - Processing file /home/airflow/.local/lib/python3.8/site-packages/airflow/example_dags/example_params_trigger_ui.py for tasks to queue
[2025-04-28T11:36:37.458+0000] {logging_mixin.py:188} INFO - [2025-04-28T11:36:37.457+0000] {dagbag.py:538} INFO - Filling up the DagBag from /home/airflow/.local/lib/python3.8/site-packages/airflow/example_dags/example_params_trigger_ui.py
[2025-04-28T11:36:37.477+0000] {processor.py:840} INFO - DAG(s) 'example_params_trigger_ui' retrieved from /home/airflow/.local/lib/python3.8/site-packages/airflow/example_dags/example_params_trigger_ui.py
[2025-04-28T11:36:37.597+0000] {logging_mixin.py:188} INFO - [2025-04-28T11:36:37.597+0000] {dag.py:3033} INFO - Sync 1 DAGs
[2025-04-28T11:36:37.627+0000] {logging_mixin.py:188} INFO - [2025-04-28T11:36:37.627+0000] {dag.py:3820} INFO - Setting next_dagrun for example_params_trigger_ui to None, run_after=None
[2025-04-28T11:36:37.666+0000] {processor.py:183} INFO - Processing /home/airflow/.local/lib/python3.8/site-packages/airflow/example_dags/example_params_trigger_ui.py took 0.215 seconds
[2025-04-28T11:37:11.897+0000] {processor.py:161} INFO - Started process (PID=4041) to work on /home/airflow/.local/lib/python3.8/site-packages/airflow/example_dags/example_params_trigger_ui.py
[2025-04-28T11:37:11.911+0000] {processor.py:830} INFO - Processing file /home/airflow/.local/lib/python3.8/site-packages/airflow/example_dags/example_params_trigger_ui.py for tasks to queue
[2025-04-28T11:37:11.924+0000] {logging_mixin.py:188} INFO - [2025-04-28T11:37:11.924+0000] {dagbag.py:538} INFO - Filling up the DagBag from /home/airflow/.local/lib/python3.8/site-packages/airflow/example_dags/example_params_trigger_ui.py
[2025-04-28T11:37:11.979+0000] {processor.py:840} INFO - DAG(s) 'example_params_trigger_ui' retrieved from /home/airflow/.local/lib/python3.8/site-packages/airflow/example_dags/example_params_trigger_ui.py
[2025-04-28T11:37:12.313+0000] {logging_mixin.py:188} INFO - [2025-04-28T11:37:12.313+0000] {dag.py:3033} INFO - Sync 1 DAGs
[2025-04-28T11:37:12.359+0000] {logging_mixin.py:188} INFO - [2025-04-28T11:37:12.358+0000] {dag.py:3820} INFO - Setting next_dagrun for example_params_trigger_ui to None, run_after=None
[2025-04-28T11:37:12.465+0000] {processor.py:183} INFO - Processing /home/airflow/.local/lib/python3.8/site-packages/airflow/example_dags/example_params_trigger_ui.py took 0.584 seconds
[2025-04-28T11:37:43.849+0000] {processor.py:161} INFO - Started process (PID=4097) to work on /home/airflow/.local/lib/python3.8/site-packages/airflow/example_dags/example_params_trigger_ui.py
[2025-04-28T11:37:43.851+0000] {processor.py:830} INFO - Processing file /home/airflow/.local/lib/python3.8/site-packages/airflow/example_dags/example_params_trigger_ui.py for tasks to queue
[2025-04-28T11:37:43.852+0000] {logging_mixin.py:188} INFO - [2025-04-28T11:37:43.852+0000] {dagbag.py:538} INFO - Filling up the DagBag from /home/airflow/.local/lib/python3.8/site-packages/airflow/example_dags/example_params_trigger_ui.py
[2025-04-28T11:37:43.888+0000] {processor.py:840} INFO - DAG(s) 'example_params_trigger_ui' retrieved from /home/airflow/.local/lib/python3.8/site-packages/airflow/example_dags/example_params_trigger_ui.py
[2025-04-28T11:37:43.999+0000] {logging_mixin.py:188} INFO - [2025-04-28T11:37:43.999+0000] {dag.py:3033} INFO - Sync 1 DAGs
[2025-04-28T11:37:44.023+0000] {logging_mixin.py:188} INFO - [2025-04-28T11:37:44.023+0000] {dag.py:3820} INFO - Setting next_dagrun for example_params_trigger_ui to None, run_after=None
[2025-04-28T11:37:44.053+0000] {processor.py:183} INFO - Processing /home/airflow/.local/lib/python3.8/site-packages/airflow/example_dags/example_params_trigger_ui.py took 0.214 seconds
[2025-04-28T11:38:17.034+0000] {processor.py:161} INFO - Started process (PID=4152) to work on /home/airflow/.local/lib/python3.8/site-packages/airflow/example_dags/example_params_trigger_ui.py
[2025-04-28T11:38:17.036+0000] {processor.py:830} INFO - Processing file /home/airflow/.local/lib/python3.8/site-packages/airflow/example_dags/example_params_trigger_ui.py for tasks to queue
[2025-04-28T11:38:17.039+0000] {logging_mixin.py:188} INFO - [2025-04-28T11:38:17.038+0000] {dagbag.py:538} INFO - Filling up the DagBag from /home/airflow/.local/lib/python3.8/site-packages/airflow/example_dags/example_params_trigger_ui.py
[2025-04-28T11:38:17.075+0000] {processor.py:840} INFO - DAG(s) 'example_params_trigger_ui' retrieved from /home/airflow/.local/lib/python3.8/site-packages/airflow/example_dags/example_params_trigger_ui.py
[2025-04-28T11:38:17.292+0000] {logging_mixin.py:188} INFO - [2025-04-28T11:38:17.292+0000] {dag.py:3033} INFO - Sync 1 DAGs
[2025-04-28T11:38:17.352+0000] {logging_mixin.py:188} INFO - [2025-04-28T11:38:17.348+0000] {dag.py:3820} INFO - Setting next_dagrun for example_params_trigger_ui to None, run_after=None
[2025-04-28T11:38:17.440+0000] {processor.py:183} INFO - Processing /home/airflow/.local/lib/python3.8/site-packages/airflow/example_dags/example_params_trigger_ui.py took 0.413 seconds
[2025-04-28T11:38:48.420+0000] {processor.py:161} INFO - Started process (PID=4208) to work on /home/airflow/.local/lib/python3.8/site-packages/airflow/example_dags/example_params_trigger_ui.py
[2025-04-28T11:38:48.421+0000] {processor.py:830} INFO - Processing file /home/airflow/.local/lib/python3.8/site-packages/airflow/example_dags/example_params_trigger_ui.py for tasks to queue
[2025-04-28T11:38:48.422+0000] {logging_mixin.py:188} INFO - [2025-04-28T11:38:48.422+0000] {dagbag.py:538} INFO - Filling up the DagBag from /home/airflow/.local/lib/python3.8/site-packages/airflow/example_dags/example_params_trigger_ui.py
[2025-04-28T11:38:48.439+0000] {processor.py:840} INFO - DAG(s) 'example_params_trigger_ui' retrieved from /home/airflow/.local/lib/python3.8/site-packages/airflow/example_dags/example_params_trigger_ui.py
[2025-04-28T11:38:48.516+0000] {logging_mixin.py:188} INFO - [2025-04-28T11:38:48.516+0000] {dag.py:3033} INFO - Sync 1 DAGs
[2025-04-28T11:38:48.539+0000] {logging_mixin.py:188} INFO - [2025-04-28T11:38:48.539+0000] {dag.py:3820} INFO - Setting next_dagrun for example_params_trigger_ui to None, run_after=None
[2025-04-28T11:38:48.575+0000] {processor.py:183} INFO - Processing /home/airflow/.local/lib/python3.8/site-packages/airflow/example_dags/example_params_trigger_ui.py took 0.159 seconds
[2025-04-28T11:39:22.204+0000] {processor.py:161} INFO - Started process (PID=4265) to work on /home/airflow/.local/lib/python3.8/site-packages/airflow/example_dags/example_params_trigger_ui.py
[2025-04-28T11:39:22.205+0000] {processor.py:830} INFO - Processing file /home/airflow/.local/lib/python3.8/site-packages/airflow/example_dags/example_params_trigger_ui.py for tasks to queue
[2025-04-28T11:39:22.207+0000] {logging_mixin.py:188} INFO - [2025-04-28T11:39:22.206+0000] {dagbag.py:538} INFO - Filling up the DagBag from /home/airflow/.local/lib/python3.8/site-packages/airflow/example_dags/example_params_trigger_ui.py
[2025-04-28T11:39:22.234+0000] {processor.py:840} INFO - DAG(s) 'example_params_trigger_ui' retrieved from /home/airflow/.local/lib/python3.8/site-packages/airflow/example_dags/example_params_trigger_ui.py
[2025-04-28T11:39:22.342+0000] {logging_mixin.py:188} INFO - [2025-04-28T11:39:22.342+0000] {dag.py:3033} INFO - Sync 1 DAGs
[2025-04-28T11:39:22.363+0000] {logging_mixin.py:188} INFO - [2025-04-28T11:39:22.362+0000] {dag.py:3820} INFO - Setting next_dagrun for example_params_trigger_ui to None, run_after=None
[2025-04-28T11:39:22.393+0000] {processor.py:183} INFO - Processing /home/airflow/.local/lib/python3.8/site-packages/airflow/example_dags/example_params_trigger_ui.py took 0.195 seconds
[2025-04-28T11:39:54.857+0000] {processor.py:161} INFO - Started process (PID=4321) to work on /home/airflow/.local/lib/python3.8/site-packages/airflow/example_dags/example_params_trigger_ui.py
[2025-04-28T11:39:54.858+0000] {processor.py:830} INFO - Processing file /home/airflow/.local/lib/python3.8/site-packages/airflow/example_dags/example_params_trigger_ui.py for tasks to queue
[2025-04-28T11:39:54.860+0000] {logging_mixin.py:188} INFO - [2025-04-28T11:39:54.860+0000] {dagbag.py:538} INFO - Filling up the DagBag from /home/airflow/.local/lib/python3.8/site-packages/airflow/example_dags/example_params_trigger_ui.py
[2025-04-28T11:39:54.889+0000] {processor.py:840} INFO - DAG(s) 'example_params_trigger_ui' retrieved from /home/airflow/.local/lib/python3.8/site-packages/airflow/example_dags/example_params_trigger_ui.py
[2025-04-28T11:39:55.115+0000] {logging_mixin.py:188} INFO - [2025-04-28T11:39:55.114+0000] {dag.py:3033} INFO - Sync 1 DAGs
[2025-04-28T11:39:55.220+0000] {logging_mixin.py:188} INFO - [2025-04-28T11:39:55.216+0000] {dag.py:3820} INFO - Setting next_dagrun for example_params_trigger_ui to None, run_after=None
[2025-04-28T11:39:55.328+0000] {processor.py:183} INFO - Processing /home/airflow/.local/lib/python3.8/site-packages/airflow/example_dags/example_params_trigger_ui.py took 0.478 seconds
[2025-04-28T11:40:27.417+0000] {processor.py:161} INFO - Started process (PID=4377) to work on /home/airflow/.local/lib/python3.8/site-packages/airflow/example_dags/example_params_trigger_ui.py
[2025-04-28T11:40:27.419+0000] {processor.py:830} INFO - Processing file /home/airflow/.local/lib/python3.8/site-packages/airflow/example_dags/example_params_trigger_ui.py for tasks to queue
[2025-04-28T11:40:27.420+0000] {logging_mixin.py:188} INFO - [2025-04-28T11:40:27.420+0000] {dagbag.py:538} INFO - Filling up the DagBag from /home/airflow/.local/lib/python3.8/site-packages/airflow/example_dags/example_params_trigger_ui.py
[2025-04-28T11:40:27.441+0000] {processor.py:840} INFO - DAG(s) 'example_params_trigger_ui' retrieved from /home/airflow/.local/lib/python3.8/site-packages/airflow/example_dags/example_params_trigger_ui.py
[2025-04-28T11:40:27.539+0000] {logging_mixin.py:188} INFO - [2025-04-28T11:40:27.538+0000] {dag.py:3033} INFO - Sync 1 DAGs
[2025-04-28T11:40:27.559+0000] {logging_mixin.py:188} INFO - [2025-04-28T11:40:27.559+0000] {dag.py:3820} INFO - Setting next_dagrun for example_params_trigger_ui to None, run_after=None
[2025-04-28T11:40:27.589+0000] {processor.py:183} INFO - Processing /home/airflow/.local/lib/python3.8/site-packages/airflow/example_dags/example_params_trigger_ui.py took 0.177 seconds
[2025-04-28T11:41:00.100+0000] {processor.py:161} INFO - Started process (PID=4432) to work on /home/airflow/.local/lib/python3.8/site-packages/airflow/example_dags/example_params_trigger_ui.py
[2025-04-28T11:41:00.102+0000] {processor.py:830} INFO - Processing file /home/airflow/.local/lib/python3.8/site-packages/airflow/example_dags/example_params_trigger_ui.py for tasks to queue
[2025-04-28T11:41:00.103+0000] {logging_mixin.py:188} INFO - [2025-04-28T11:41:00.103+0000] {dagbag.py:538} INFO - Filling up the DagBag from /home/airflow/.local/lib/python3.8/site-packages/airflow/example_dags/example_params_trigger_ui.py
[2025-04-28T11:41:00.125+0000] {processor.py:840} INFO - DAG(s) 'example_params_trigger_ui' retrieved from /home/airflow/.local/lib/python3.8/site-packages/airflow/example_dags/example_params_trigger_ui.py
[2025-04-28T11:41:00.285+0000] {logging_mixin.py:188} INFO - [2025-04-28T11:41:00.285+0000] {dag.py:3033} INFO - Sync 1 DAGs
[2025-04-28T11:41:00.309+0000] {logging_mixin.py:188} INFO - [2025-04-28T11:41:00.309+0000] {dag.py:3820} INFO - Setting next_dagrun for example_params_trigger_ui to None, run_after=None
[2025-04-28T11:41:00.347+0000] {processor.py:183} INFO - Processing /home/airflow/.local/lib/python3.8/site-packages/airflow/example_dags/example_params_trigger_ui.py took 0.252 seconds
[2025-04-28T11:41:32.302+0000] {processor.py:161} INFO - Started process (PID=4488) to work on /home/airflow/.local/lib/python3.8/site-packages/airflow/example_dags/example_params_trigger_ui.py
[2025-04-28T11:41:32.304+0000] {processor.py:830} INFO - Processing file /home/airflow/.local/lib/python3.8/site-packages/airflow/example_dags/example_params_trigger_ui.py for tasks to queue
[2025-04-28T11:41:32.306+0000] {logging_mixin.py:188} INFO - [2025-04-28T11:41:32.305+0000] {dagbag.py:538} INFO - Filling up the DagBag from /home/airflow/.local/lib/python3.8/site-packages/airflow/example_dags/example_params_trigger_ui.py
[2025-04-28T11:41:32.341+0000] {processor.py:840} INFO - DAG(s) 'example_params_trigger_ui' retrieved from /home/airflow/.local/lib/python3.8/site-packages/airflow/example_dags/example_params_trigger_ui.py
[2025-04-28T11:41:32.469+0000] {logging_mixin.py:188} INFO - [2025-04-28T11:41:32.469+0000] {dag.py:3033} INFO - Sync 1 DAGs
[2025-04-28T11:41:32.491+0000] {logging_mixin.py:188} INFO - [2025-04-28T11:41:32.491+0000] {dag.py:3820} INFO - Setting next_dagrun for example_params_trigger_ui to None, run_after=None
[2025-04-28T11:41:32.521+0000] {processor.py:183} INFO - Processing /home/airflow/.local/lib/python3.8/site-packages/airflow/example_dags/example_params_trigger_ui.py took 0.224 seconds
[2025-04-28T11:42:05.752+0000] {processor.py:161} INFO - Started process (PID=4548) to work on /home/airflow/.local/lib/python3.8/site-packages/airflow/example_dags/example_params_trigger_ui.py
[2025-04-28T11:42:05.754+0000] {processor.py:830} INFO - Processing file /home/airflow/.local/lib/python3.8/site-packages/airflow/example_dags/example_params_trigger_ui.py for tasks to queue
[2025-04-28T11:42:05.755+0000] {logging_mixin.py:188} INFO - [2025-04-28T11:42:05.755+0000] {dagbag.py:538} INFO - Filling up the DagBag from /home/airflow/.local/lib/python3.8/site-packages/airflow/example_dags/example_params_trigger_ui.py
[2025-04-28T11:42:05.805+0000] {processor.py:840} INFO - DAG(s) 'example_params_trigger_ui' retrieved from /home/airflow/.local/lib/python3.8/site-packages/airflow/example_dags/example_params_trigger_ui.py
[2025-04-28T11:42:06.039+0000] {logging_mixin.py:188} INFO - [2025-04-28T11:42:06.039+0000] {dag.py:3033} INFO - Sync 1 DAGs
[2025-04-28T11:42:06.073+0000] {logging_mixin.py:188} INFO - [2025-04-28T11:42:06.073+0000] {dag.py:3820} INFO - Setting next_dagrun for example_params_trigger_ui to None, run_after=None
[2025-04-28T11:42:06.172+0000] {processor.py:183} INFO - Processing /home/airflow/.local/lib/python3.8/site-packages/airflow/example_dags/example_params_trigger_ui.py took 0.427 seconds
[2025-04-28T11:42:39.444+0000] {processor.py:161} INFO - Started process (PID=4608) to work on /home/airflow/.local/lib/python3.8/site-packages/airflow/example_dags/example_params_trigger_ui.py
[2025-04-28T11:42:39.446+0000] {processor.py:830} INFO - Processing file /home/airflow/.local/lib/python3.8/site-packages/airflow/example_dags/example_params_trigger_ui.py for tasks to queue
[2025-04-28T11:42:39.447+0000] {logging_mixin.py:188} INFO - [2025-04-28T11:42:39.446+0000] {dagbag.py:538} INFO - Filling up the DagBag from /home/airflow/.local/lib/python3.8/site-packages/airflow/example_dags/example_params_trigger_ui.py
[2025-04-28T11:42:39.473+0000] {processor.py:840} INFO - DAG(s) 'example_params_trigger_ui' retrieved from /home/airflow/.local/lib/python3.8/site-packages/airflow/example_dags/example_params_trigger_ui.py
[2025-04-28T11:42:39.630+0000] {logging_mixin.py:188} INFO - [2025-04-28T11:42:39.630+0000] {dag.py:3033} INFO - Sync 1 DAGs
[2025-04-28T11:42:39.650+0000] {logging_mixin.py:188} INFO - [2025-04-28T11:42:39.649+0000] {dag.py:3820} INFO - Setting next_dagrun for example_params_trigger_ui to None, run_after=None
[2025-04-28T11:42:39.681+0000] {processor.py:183} INFO - Processing /home/airflow/.local/lib/python3.8/site-packages/airflow/example_dags/example_params_trigger_ui.py took 0.243 seconds
[2025-04-28T11:43:12.225+0000] {processor.py:161} INFO - Started process (PID=4672) to work on /home/airflow/.local/lib/python3.8/site-packages/airflow/example_dags/example_params_trigger_ui.py
[2025-04-28T11:43:12.227+0000] {processor.py:830} INFO - Processing file /home/airflow/.local/lib/python3.8/site-packages/airflow/example_dags/example_params_trigger_ui.py for tasks to queue
[2025-04-28T11:43:12.229+0000] {logging_mixin.py:188} INFO - [2025-04-28T11:43:12.228+0000] {dagbag.py:538} INFO - Filling up the DagBag from /home/airflow/.local/lib/python3.8/site-packages/airflow/example_dags/example_params_trigger_ui.py
[2025-04-28T11:43:12.253+0000] {processor.py:840} INFO - DAG(s) 'example_params_trigger_ui' retrieved from /home/airflow/.local/lib/python3.8/site-packages/airflow/example_dags/example_params_trigger_ui.py
[2025-04-28T11:43:12.366+0000] {logging_mixin.py:188} INFO - [2025-04-28T11:43:12.365+0000] {dag.py:3033} INFO - Sync 1 DAGs
[2025-04-28T11:43:12.389+0000] {logging_mixin.py:188} INFO - [2025-04-28T11:43:12.389+0000] {dag.py:3820} INFO - Setting next_dagrun for example_params_trigger_ui to None, run_after=None
[2025-04-28T11:43:12.424+0000] {processor.py:183} INFO - Processing /home/airflow/.local/lib/python3.8/site-packages/airflow/example_dags/example_params_trigger_ui.py took 0.205 seconds
[2025-04-28T11:43:45.816+0000] {processor.py:161} INFO - Started process (PID=4728) to work on /home/airflow/.local/lib/python3.8/site-packages/airflow/example_dags/example_params_trigger_ui.py
[2025-04-28T11:43:45.817+0000] {processor.py:830} INFO - Processing file /home/airflow/.local/lib/python3.8/site-packages/airflow/example_dags/example_params_trigger_ui.py for tasks to queue
[2025-04-28T11:43:45.819+0000] {logging_mixin.py:188} INFO - [2025-04-28T11:43:45.818+0000] {dagbag.py:538} INFO - Filling up the DagBag from /home/airflow/.local/lib/python3.8/site-packages/airflow/example_dags/example_params_trigger_ui.py
[2025-04-28T11:43:45.841+0000] {processor.py:840} INFO - DAG(s) 'example_params_trigger_ui' retrieved from /home/airflow/.local/lib/python3.8/site-packages/airflow/example_dags/example_params_trigger_ui.py
[2025-04-28T11:43:45.959+0000] {logging_mixin.py:188} INFO - [2025-04-28T11:43:45.959+0000] {dag.py:3033} INFO - Sync 1 DAGs
[2025-04-28T11:43:45.983+0000] {logging_mixin.py:188} INFO - [2025-04-28T11:43:45.983+0000] {dag.py:3820} INFO - Setting next_dagrun for example_params_trigger_ui to None, run_after=None
[2025-04-28T11:43:46.032+0000] {processor.py:183} INFO - Processing /home/airflow/.local/lib/python3.8/site-packages/airflow/example_dags/example_params_trigger_ui.py took 0.222 seconds
[2025-04-28T11:44:18.010+0000] {processor.py:161} INFO - Started process (PID=4787) to work on /home/airflow/.local/lib/python3.8/site-packages/airflow/example_dags/example_params_trigger_ui.py
[2025-04-28T11:44:18.011+0000] {processor.py:830} INFO - Processing file /home/airflow/.local/lib/python3.8/site-packages/airflow/example_dags/example_params_trigger_ui.py for tasks to queue
[2025-04-28T11:44:18.013+0000] {logging_mixin.py:188} INFO - [2025-04-28T11:44:18.013+0000] {dagbag.py:538} INFO - Filling up the DagBag from /home/airflow/.local/lib/python3.8/site-packages/airflow/example_dags/example_params_trigger_ui.py
[2025-04-28T11:44:18.035+0000] {processor.py:840} INFO - DAG(s) 'example_params_trigger_ui' retrieved from /home/airflow/.local/lib/python3.8/site-packages/airflow/example_dags/example_params_trigger_ui.py
[2025-04-28T11:44:18.138+0000] {logging_mixin.py:188} INFO - [2025-04-28T11:44:18.138+0000] {dag.py:3033} INFO - Sync 1 DAGs
[2025-04-28T11:44:18.159+0000] {logging_mixin.py:188} INFO - [2025-04-28T11:44:18.159+0000] {dag.py:3820} INFO - Setting next_dagrun for example_params_trigger_ui to None, run_after=None
[2025-04-28T11:44:18.186+0000] {processor.py:183} INFO - Processing /home/airflow/.local/lib/python3.8/site-packages/airflow/example_dags/example_params_trigger_ui.py took 0.181 seconds
[2025-04-28T11:44:51.008+0000] {processor.py:161} INFO - Started process (PID=4846) to work on /home/airflow/.local/lib/python3.8/site-packages/airflow/example_dags/example_params_trigger_ui.py
[2025-04-28T11:44:51.009+0000] {processor.py:830} INFO - Processing file /home/airflow/.local/lib/python3.8/site-packages/airflow/example_dags/example_params_trigger_ui.py for tasks to queue
[2025-04-28T11:44:51.011+0000] {logging_mixin.py:188} INFO - [2025-04-28T11:44:51.011+0000] {dagbag.py:538} INFO - Filling up the DagBag from /home/airflow/.local/lib/python3.8/site-packages/airflow/example_dags/example_params_trigger_ui.py
[2025-04-28T11:44:51.038+0000] {processor.py:840} INFO - DAG(s) 'example_params_trigger_ui' retrieved from /home/airflow/.local/lib/python3.8/site-packages/airflow/example_dags/example_params_trigger_ui.py
[2025-04-28T11:44:51.140+0000] {logging_mixin.py:188} INFO - [2025-04-28T11:44:51.140+0000] {dag.py:3033} INFO - Sync 1 DAGs
[2025-04-28T11:44:51.165+0000] {logging_mixin.py:188} INFO - [2025-04-28T11:44:51.165+0000] {dag.py:3820} INFO - Setting next_dagrun for example_params_trigger_ui to None, run_after=None
[2025-04-28T11:44:51.196+0000] {processor.py:183} INFO - Processing /home/airflow/.local/lib/python3.8/site-packages/airflow/example_dags/example_params_trigger_ui.py took 0.193 seconds
[2025-04-28T11:45:29.975+0000] {processor.py:161} INFO - Started process (PID=4902) to work on /home/airflow/.local/lib/python3.8/site-packages/airflow/example_dags/example_params_trigger_ui.py
[2025-04-28T11:45:29.982+0000] {processor.py:830} INFO - Processing file /home/airflow/.local/lib/python3.8/site-packages/airflow/example_dags/example_params_trigger_ui.py for tasks to queue
[2025-04-28T11:45:29.984+0000] {logging_mixin.py:188} INFO - [2025-04-28T11:45:29.983+0000] {dagbag.py:538} INFO - Filling up the DagBag from /home/airflow/.local/lib/python3.8/site-packages/airflow/example_dags/example_params_trigger_ui.py
[2025-04-28T11:45:30.030+0000] {processor.py:840} INFO - DAG(s) 'example_params_trigger_ui' retrieved from /home/airflow/.local/lib/python3.8/site-packages/airflow/example_dags/example_params_trigger_ui.py
[2025-04-28T11:45:30.203+0000] {logging_mixin.py:188} INFO - [2025-04-28T11:45:30.203+0000] {dag.py:3033} INFO - Sync 1 DAGs
[2025-04-28T11:45:30.234+0000] {logging_mixin.py:188} INFO - [2025-04-28T11:45:30.234+0000] {dag.py:3820} INFO - Setting next_dagrun for example_params_trigger_ui to None, run_after=None
[2025-04-28T11:45:30.295+0000] {processor.py:183} INFO - Processing /home/airflow/.local/lib/python3.8/site-packages/airflow/example_dags/example_params_trigger_ui.py took 0.325 seconds
[2025-04-28T11:46:00.503+0000] {processor.py:161} INFO - Started process (PID=4958) to work on /home/airflow/.local/lib/python3.8/site-packages/airflow/example_dags/example_params_trigger_ui.py
[2025-04-28T11:46:00.504+0000] {processor.py:830} INFO - Processing file /home/airflow/.local/lib/python3.8/site-packages/airflow/example_dags/example_params_trigger_ui.py for tasks to queue
[2025-04-28T11:46:00.506+0000] {logging_mixin.py:188} INFO - [2025-04-28T11:46:00.506+0000] {dagbag.py:538} INFO - Filling up the DagBag from /home/airflow/.local/lib/python3.8/site-packages/airflow/example_dags/example_params_trigger_ui.py
[2025-04-28T11:46:00.532+0000] {processor.py:840} INFO - DAG(s) 'example_params_trigger_ui' retrieved from /home/airflow/.local/lib/python3.8/site-packages/airflow/example_dags/example_params_trigger_ui.py
[2025-04-28T11:46:00.708+0000] {logging_mixin.py:188} INFO - [2025-04-28T11:46:00.707+0000] {dag.py:3033} INFO - Sync 1 DAGs
[2025-04-28T11:46:00.729+0000] {logging_mixin.py:188} INFO - [2025-04-28T11:46:00.729+0000] {dag.py:3820} INFO - Setting next_dagrun for example_params_trigger_ui to None, run_after=None
[2025-04-28T11:46:00.762+0000] {processor.py:183} INFO - Processing /home/airflow/.local/lib/python3.8/site-packages/airflow/example_dags/example_params_trigger_ui.py took 0.265 seconds
[2025-04-28T11:46:31.188+0000] {processor.py:161} INFO - Started process (PID=5014) to work on /home/airflow/.local/lib/python3.8/site-packages/airflow/example_dags/example_params_trigger_ui.py
[2025-04-28T11:46:31.190+0000] {processor.py:830} INFO - Processing file /home/airflow/.local/lib/python3.8/site-packages/airflow/example_dags/example_params_trigger_ui.py for tasks to queue
[2025-04-28T11:46:31.191+0000] {logging_mixin.py:188} INFO - [2025-04-28T11:46:31.191+0000] {dagbag.py:538} INFO - Filling up the DagBag from /home/airflow/.local/lib/python3.8/site-packages/airflow/example_dags/example_params_trigger_ui.py
[2025-04-28T11:46:31.216+0000] {processor.py:840} INFO - DAG(s) 'example_params_trigger_ui' retrieved from /home/airflow/.local/lib/python3.8/site-packages/airflow/example_dags/example_params_trigger_ui.py
[2025-04-28T11:46:31.331+0000] {logging_mixin.py:188} INFO - [2025-04-28T11:46:31.331+0000] {dag.py:3033} INFO - Sync 1 DAGs
[2025-04-28T11:46:31.356+0000] {logging_mixin.py:188} INFO - [2025-04-28T11:46:31.356+0000] {dag.py:3820} INFO - Setting next_dagrun for example_params_trigger_ui to None, run_after=None
[2025-04-28T11:46:31.391+0000] {processor.py:183} INFO - Processing /home/airflow/.local/lib/python3.8/site-packages/airflow/example_dags/example_params_trigger_ui.py took 0.208 seconds
[2025-04-28T11:47:01.535+0000] {processor.py:161} INFO - Started process (PID=5070) to work on /home/airflow/.local/lib/python3.8/site-packages/airflow/example_dags/example_params_trigger_ui.py
[2025-04-28T11:47:01.537+0000] {processor.py:830} INFO - Processing file /home/airflow/.local/lib/python3.8/site-packages/airflow/example_dags/example_params_trigger_ui.py for tasks to queue
[2025-04-28T11:47:01.539+0000] {logging_mixin.py:188} INFO - [2025-04-28T11:47:01.538+0000] {dagbag.py:538} INFO - Filling up the DagBag from /home/airflow/.local/lib/python3.8/site-packages/airflow/example_dags/example_params_trigger_ui.py
[2025-04-28T11:47:01.564+0000] {processor.py:840} INFO - DAG(s) 'example_params_trigger_ui' retrieved from /home/airflow/.local/lib/python3.8/site-packages/airflow/example_dags/example_params_trigger_ui.py
[2025-04-28T11:47:01.672+0000] {logging_mixin.py:188} INFO - [2025-04-28T11:47:01.672+0000] {dag.py:3033} INFO - Sync 1 DAGs
[2025-04-28T11:47:01.694+0000] {logging_mixin.py:188} INFO - [2025-04-28T11:47:01.694+0000] {dag.py:3820} INFO - Setting next_dagrun for example_params_trigger_ui to None, run_after=None
[2025-04-28T11:47:01.725+0000] {processor.py:183} INFO - Processing /home/airflow/.local/lib/python3.8/site-packages/airflow/example_dags/example_params_trigger_ui.py took 0.193 seconds
[2025-04-28T11:47:34.114+0000] {processor.py:161} INFO - Started process (PID=5126) to work on /home/airflow/.local/lib/python3.8/site-packages/airflow/example_dags/example_params_trigger_ui.py
[2025-04-28T11:47:34.115+0000] {processor.py:830} INFO - Processing file /home/airflow/.local/lib/python3.8/site-packages/airflow/example_dags/example_params_trigger_ui.py for tasks to queue
[2025-04-28T11:47:34.117+0000] {logging_mixin.py:188} INFO - [2025-04-28T11:47:34.116+0000] {dagbag.py:538} INFO - Filling up the DagBag from /home/airflow/.local/lib/python3.8/site-packages/airflow/example_dags/example_params_trigger_ui.py
[2025-04-28T11:47:34.138+0000] {processor.py:840} INFO - DAG(s) 'example_params_trigger_ui' retrieved from /home/airflow/.local/lib/python3.8/site-packages/airflow/example_dags/example_params_trigger_ui.py
[2025-04-28T11:47:34.252+0000] {logging_mixin.py:188} INFO - [2025-04-28T11:47:34.251+0000] {dag.py:3033} INFO - Sync 1 DAGs
[2025-04-28T11:47:34.277+0000] {logging_mixin.py:188} INFO - [2025-04-28T11:47:34.276+0000] {dag.py:3820} INFO - Setting next_dagrun for example_params_trigger_ui to None, run_after=None
[2025-04-28T11:47:34.314+0000] {processor.py:183} INFO - Processing /home/airflow/.local/lib/python3.8/site-packages/airflow/example_dags/example_params_trigger_ui.py took 0.204 seconds
[2025-04-28T11:48:08.690+0000] {processor.py:161} INFO - Started process (PID=5182) to work on /home/airflow/.local/lib/python3.8/site-packages/airflow/example_dags/example_params_trigger_ui.py
[2025-04-28T11:48:08.692+0000] {processor.py:830} INFO - Processing file /home/airflow/.local/lib/python3.8/site-packages/airflow/example_dags/example_params_trigger_ui.py for tasks to queue
[2025-04-28T11:48:08.693+0000] {logging_mixin.py:188} INFO - [2025-04-28T11:48:08.693+0000] {dagbag.py:538} INFO - Filling up the DagBag from /home/airflow/.local/lib/python3.8/site-packages/airflow/example_dags/example_params_trigger_ui.py
[2025-04-28T11:48:08.716+0000] {processor.py:840} INFO - DAG(s) 'example_params_trigger_ui' retrieved from /home/airflow/.local/lib/python3.8/site-packages/airflow/example_dags/example_params_trigger_ui.py
[2025-04-28T11:48:08.819+0000] {logging_mixin.py:188} INFO - [2025-04-28T11:48:08.818+0000] {dag.py:3033} INFO - Sync 1 DAGs
[2025-04-28T11:48:08.839+0000] {logging_mixin.py:188} INFO - [2025-04-28T11:48:08.839+0000] {dag.py:3820} INFO - Setting next_dagrun for example_params_trigger_ui to None, run_after=None
[2025-04-28T11:48:08.869+0000] {processor.py:183} INFO - Processing /home/airflow/.local/lib/python3.8/site-packages/airflow/example_dags/example_params_trigger_ui.py took 0.185 seconds
[2025-04-28T11:48:40.222+0000] {processor.py:161} INFO - Started process (PID=5237) to work on /home/airflow/.local/lib/python3.8/site-packages/airflow/example_dags/example_params_trigger_ui.py
[2025-04-28T11:48:40.226+0000] {processor.py:830} INFO - Processing file /home/airflow/.local/lib/python3.8/site-packages/airflow/example_dags/example_params_trigger_ui.py for tasks to queue
[2025-04-28T11:48:40.228+0000] {logging_mixin.py:188} INFO - [2025-04-28T11:48:40.227+0000] {dagbag.py:538} INFO - Filling up the DagBag from /home/airflow/.local/lib/python3.8/site-packages/airflow/example_dags/example_params_trigger_ui.py
[2025-04-28T11:48:40.266+0000] {processor.py:840} INFO - DAG(s) 'example_params_trigger_ui' retrieved from /home/airflow/.local/lib/python3.8/site-packages/airflow/example_dags/example_params_trigger_ui.py
[2025-04-28T11:48:40.364+0000] {logging_mixin.py:188} INFO - [2025-04-28T11:48:40.363+0000] {dag.py:3033} INFO - Sync 1 DAGs
[2025-04-28T11:48:40.379+0000] {logging_mixin.py:188} INFO - [2025-04-28T11:48:40.379+0000] {dag.py:3820} INFO - Setting next_dagrun for example_params_trigger_ui to None, run_after=None
[2025-04-28T11:48:40.407+0000] {processor.py:183} INFO - Processing /home/airflow/.local/lib/python3.8/site-packages/airflow/example_dags/example_params_trigger_ui.py took 0.203 seconds
[2025-04-28T11:49:12.523+0000] {processor.py:161} INFO - Started process (PID=5293) to work on /home/airflow/.local/lib/python3.8/site-packages/airflow/example_dags/example_params_trigger_ui.py
[2025-04-28T11:49:12.525+0000] {processor.py:830} INFO - Processing file /home/airflow/.local/lib/python3.8/site-packages/airflow/example_dags/example_params_trigger_ui.py for tasks to queue
[2025-04-28T11:49:12.526+0000] {logging_mixin.py:188} INFO - [2025-04-28T11:49:12.526+0000] {dagbag.py:538} INFO - Filling up the DagBag from /home/airflow/.local/lib/python3.8/site-packages/airflow/example_dags/example_params_trigger_ui.py
[2025-04-28T11:49:12.545+0000] {processor.py:840} INFO - DAG(s) 'example_params_trigger_ui' retrieved from /home/airflow/.local/lib/python3.8/site-packages/airflow/example_dags/example_params_trigger_ui.py
[2025-04-28T11:49:12.650+0000] {logging_mixin.py:188} INFO - [2025-04-28T11:49:12.650+0000] {dag.py:3033} INFO - Sync 1 DAGs
[2025-04-28T11:49:12.681+0000] {logging_mixin.py:188} INFO - [2025-04-28T11:49:12.681+0000] {dag.py:3820} INFO - Setting next_dagrun for example_params_trigger_ui to None, run_after=None
[2025-04-28T11:49:12.714+0000] {processor.py:183} INFO - Processing /home/airflow/.local/lib/python3.8/site-packages/airflow/example_dags/example_params_trigger_ui.py took 0.196 seconds
[2025-04-28T11:49:43.113+0000] {processor.py:161} INFO - Started process (PID=5349) to work on /home/airflow/.local/lib/python3.8/site-packages/airflow/example_dags/example_params_trigger_ui.py
[2025-04-28T11:49:43.114+0000] {processor.py:830} INFO - Processing file /home/airflow/.local/lib/python3.8/site-packages/airflow/example_dags/example_params_trigger_ui.py for tasks to queue
[2025-04-28T11:49:43.116+0000] {logging_mixin.py:188} INFO - [2025-04-28T11:49:43.115+0000] {dagbag.py:538} INFO - Filling up the DagBag from /home/airflow/.local/lib/python3.8/site-packages/airflow/example_dags/example_params_trigger_ui.py
[2025-04-28T11:49:43.147+0000] {processor.py:840} INFO - DAG(s) 'example_params_trigger_ui' retrieved from /home/airflow/.local/lib/python3.8/site-packages/airflow/example_dags/example_params_trigger_ui.py
[2025-04-28T11:49:43.262+0000] {logging_mixin.py:188} INFO - [2025-04-28T11:49:43.262+0000] {dag.py:3033} INFO - Sync 1 DAGs
[2025-04-28T11:49:43.287+0000] {logging_mixin.py:188} INFO - [2025-04-28T11:49:43.286+0000] {dag.py:3820} INFO - Setting next_dagrun for example_params_trigger_ui to None, run_after=None
[2025-04-28T11:49:43.334+0000] {processor.py:183} INFO - Processing /home/airflow/.local/lib/python3.8/site-packages/airflow/example_dags/example_params_trigger_ui.py took 0.227 seconds
[2025-04-28T11:50:13.447+0000] {processor.py:161} INFO - Started process (PID=5407) to work on /home/airflow/.local/lib/python3.8/site-packages/airflow/example_dags/example_params_trigger_ui.py
[2025-04-28T11:50:13.449+0000] {processor.py:830} INFO - Processing file /home/airflow/.local/lib/python3.8/site-packages/airflow/example_dags/example_params_trigger_ui.py for tasks to queue
[2025-04-28T11:50:13.450+0000] {logging_mixin.py:188} INFO - [2025-04-28T11:50:13.450+0000] {dagbag.py:538} INFO - Filling up the DagBag from /home/airflow/.local/lib/python3.8/site-packages/airflow/example_dags/example_params_trigger_ui.py
[2025-04-28T11:50:13.474+0000] {processor.py:840} INFO - DAG(s) 'example_params_trigger_ui' retrieved from /home/airflow/.local/lib/python3.8/site-packages/airflow/example_dags/example_params_trigger_ui.py
[2025-04-28T11:50:09.745+0000] {logging_mixin.py:188} INFO - [2025-04-28T11:50:09.744+0000] {dag.py:3033} INFO - Sync 1 DAGs
[2025-04-28T11:50:09.764+0000] {logging_mixin.py:188} INFO - [2025-04-28T11:50:09.764+0000] {dag.py:3820} INFO - Setting next_dagrun for example_params_trigger_ui to None, run_after=None
[2025-04-28T11:50:09.811+0000] {processor.py:183} INFO - Processing /home/airflow/.local/lib/python3.8/site-packages/airflow/example_dags/example_params_trigger_ui.py took 0.199 seconds
[2025-04-28T11:50:40.510+0000] {processor.py:161} INFO - Started process (PID=5437) to work on /home/airflow/.local/lib/python3.8/site-packages/airflow/example_dags/example_params_trigger_ui.py
[2025-04-28T11:50:40.512+0000] {processor.py:830} INFO - Processing file /home/airflow/.local/lib/python3.8/site-packages/airflow/example_dags/example_params_trigger_ui.py for tasks to queue
[2025-04-28T11:50:40.513+0000] {logging_mixin.py:188} INFO - [2025-04-28T11:50:40.513+0000] {dagbag.py:538} INFO - Filling up the DagBag from /home/airflow/.local/lib/python3.8/site-packages/airflow/example_dags/example_params_trigger_ui.py
[2025-04-28T11:50:40.537+0000] {processor.py:840} INFO - DAG(s) 'example_params_trigger_ui' retrieved from /home/airflow/.local/lib/python3.8/site-packages/airflow/example_dags/example_params_trigger_ui.py
[2025-04-28T11:50:40.632+0000] {logging_mixin.py:188} INFO - [2025-04-28T11:50:40.632+0000] {dag.py:3033} INFO - Sync 1 DAGs
[2025-04-28T11:50:40.648+0000] {logging_mixin.py:188} INFO - [2025-04-28T11:50:40.648+0000] {dag.py:3820} INFO - Setting next_dagrun for example_params_trigger_ui to None, run_after=None
[2025-04-28T11:50:40.680+0000] {processor.py:183} INFO - Processing /home/airflow/.local/lib/python3.8/site-packages/airflow/example_dags/example_params_trigger_ui.py took 0.175 seconds
[2025-04-28T11:51:10.812+0000] {processor.py:161} INFO - Started process (PID=5487) to work on /home/airflow/.local/lib/python3.8/site-packages/airflow/example_dags/example_params_trigger_ui.py
[2025-04-28T11:51:10.813+0000] {processor.py:830} INFO - Processing file /home/airflow/.local/lib/python3.8/site-packages/airflow/example_dags/example_params_trigger_ui.py for tasks to queue
[2025-04-28T11:51:10.815+0000] {logging_mixin.py:188} INFO - [2025-04-28T11:51:10.814+0000] {dagbag.py:538} INFO - Filling up the DagBag from /home/airflow/.local/lib/python3.8/site-packages/airflow/example_dags/example_params_trigger_ui.py
[2025-04-28T11:51:10.845+0000] {processor.py:840} INFO - DAG(s) 'example_params_trigger_ui' retrieved from /home/airflow/.local/lib/python3.8/site-packages/airflow/example_dags/example_params_trigger_ui.py
[2025-04-28T11:51:10.944+0000] {logging_mixin.py:188} INFO - [2025-04-28T11:51:10.944+0000] {dag.py:3033} INFO - Sync 1 DAGs
[2025-04-28T11:51:10.970+0000] {logging_mixin.py:188} INFO - [2025-04-28T11:51:10.969+0000] {dag.py:3820} INFO - Setting next_dagrun for example_params_trigger_ui to None, run_after=None
[2025-04-28T11:51:10.998+0000] {processor.py:183} INFO - Processing /home/airflow/.local/lib/python3.8/site-packages/airflow/example_dags/example_params_trigger_ui.py took 0.191 seconds
[2025-04-28T11:51:41.080+0000] {processor.py:161} INFO - Started process (PID=5543) to work on /home/airflow/.local/lib/python3.8/site-packages/airflow/example_dags/example_params_trigger_ui.py
[2025-04-28T11:51:41.081+0000] {processor.py:830} INFO - Processing file /home/airflow/.local/lib/python3.8/site-packages/airflow/example_dags/example_params_trigger_ui.py for tasks to queue
[2025-04-28T11:51:41.083+0000] {logging_mixin.py:188} INFO - [2025-04-28T11:51:41.083+0000] {dagbag.py:538} INFO - Filling up the DagBag from /home/airflow/.local/lib/python3.8/site-packages/airflow/example_dags/example_params_trigger_ui.py
[2025-04-28T11:51:41.108+0000] {processor.py:840} INFO - DAG(s) 'example_params_trigger_ui' retrieved from /home/airflow/.local/lib/python3.8/site-packages/airflow/example_dags/example_params_trigger_ui.py
[2025-04-28T11:51:41.198+0000] {logging_mixin.py:188} INFO - [2025-04-28T11:51:41.197+0000] {dag.py:3033} INFO - Sync 1 DAGs
[2025-04-28T11:51:41.227+0000] {logging_mixin.py:188} INFO - [2025-04-28T11:51:41.227+0000] {dag.py:3820} INFO - Setting next_dagrun for example_params_trigger_ui to None, run_after=None
[2025-04-28T11:51:41.277+0000] {processor.py:183} INFO - Processing /home/airflow/.local/lib/python3.8/site-packages/airflow/example_dags/example_params_trigger_ui.py took 0.203 seconds
[2025-04-28T11:52:11.506+0000] {processor.py:161} INFO - Started process (PID=5600) to work on /home/airflow/.local/lib/python3.8/site-packages/airflow/example_dags/example_params_trigger_ui.py
[2025-04-28T11:52:11.507+0000] {processor.py:830} INFO - Processing file /home/airflow/.local/lib/python3.8/site-packages/airflow/example_dags/example_params_trigger_ui.py for tasks to queue
[2025-04-28T11:52:11.508+0000] {logging_mixin.py:188} INFO - [2025-04-28T11:52:11.508+0000] {dagbag.py:538} INFO - Filling up the DagBag from /home/airflow/.local/lib/python3.8/site-packages/airflow/example_dags/example_params_trigger_ui.py
[2025-04-28T11:52:11.528+0000] {processor.py:840} INFO - DAG(s) 'example_params_trigger_ui' retrieved from /home/airflow/.local/lib/python3.8/site-packages/airflow/example_dags/example_params_trigger_ui.py
[2025-04-28T11:52:11.621+0000] {logging_mixin.py:188} INFO - [2025-04-28T11:52:11.621+0000] {dag.py:3033} INFO - Sync 1 DAGs
[2025-04-28T11:52:11.644+0000] {logging_mixin.py:188} INFO - [2025-04-28T11:52:11.644+0000] {dag.py:3820} INFO - Setting next_dagrun for example_params_trigger_ui to None, run_after=None
[2025-04-28T11:52:11.688+0000] {processor.py:183} INFO - Processing /home/airflow/.local/lib/python3.8/site-packages/airflow/example_dags/example_params_trigger_ui.py took 0.186 seconds
[2025-04-28T11:52:41.808+0000] {processor.py:161} INFO - Started process (PID=5656) to work on /home/airflow/.local/lib/python3.8/site-packages/airflow/example_dags/example_params_trigger_ui.py
[2025-04-28T11:52:41.810+0000] {processor.py:830} INFO - Processing file /home/airflow/.local/lib/python3.8/site-packages/airflow/example_dags/example_params_trigger_ui.py for tasks to queue
[2025-04-28T11:52:41.812+0000] {logging_mixin.py:188} INFO - [2025-04-28T11:52:41.812+0000] {dagbag.py:538} INFO - Filling up the DagBag from /home/airflow/.local/lib/python3.8/site-packages/airflow/example_dags/example_params_trigger_ui.py
[2025-04-28T11:52:41.839+0000] {processor.py:840} INFO - DAG(s) 'example_params_trigger_ui' retrieved from /home/airflow/.local/lib/python3.8/site-packages/airflow/example_dags/example_params_trigger_ui.py
[2025-04-28T11:52:41.936+0000] {logging_mixin.py:188} INFO - [2025-04-28T11:52:41.936+0000] {dag.py:3033} INFO - Sync 1 DAGs
[2025-04-28T11:52:41.958+0000] {logging_mixin.py:188} INFO - [2025-04-28T11:52:41.958+0000] {dag.py:3820} INFO - Setting next_dagrun for example_params_trigger_ui to None, run_after=None
[2025-04-28T11:52:41.985+0000] {processor.py:183} INFO - Processing /home/airflow/.local/lib/python3.8/site-packages/airflow/example_dags/example_params_trigger_ui.py took 0.182 seconds
[2025-04-28T11:53:12.447+0000] {processor.py:161} INFO - Started process (PID=5712) to work on /home/airflow/.local/lib/python3.8/site-packages/airflow/example_dags/example_params_trigger_ui.py
[2025-04-28T11:53:12.448+0000] {processor.py:830} INFO - Processing file /home/airflow/.local/lib/python3.8/site-packages/airflow/example_dags/example_params_trigger_ui.py for tasks to queue
[2025-04-28T11:53:12.450+0000] {logging_mixin.py:188} INFO - [2025-04-28T11:53:12.450+0000] {dagbag.py:538} INFO - Filling up the DagBag from /home/airflow/.local/lib/python3.8/site-packages/airflow/example_dags/example_params_trigger_ui.py
[2025-04-28T11:53:12.483+0000] {processor.py:840} INFO - DAG(s) 'example_params_trigger_ui' retrieved from /home/airflow/.local/lib/python3.8/site-packages/airflow/example_dags/example_params_trigger_ui.py
[2025-04-28T11:53:12.609+0000] {logging_mixin.py:188} INFO - [2025-04-28T11:53:12.609+0000] {dag.py:3033} INFO - Sync 1 DAGs
[2025-04-28T11:53:12.638+0000] {logging_mixin.py:188} INFO - [2025-04-28T11:53:12.638+0000] {dag.py:3820} INFO - Setting next_dagrun for example_params_trigger_ui to None, run_after=None
[2025-04-28T11:53:12.680+0000] {processor.py:183} INFO - Processing /home/airflow/.local/lib/python3.8/site-packages/airflow/example_dags/example_params_trigger_ui.py took 0.239 seconds
[2025-04-28T11:53:50.630+0000] {processor.py:161} INFO - Started process (PID=5792) to work on /home/airflow/.local/lib/python3.8/site-packages/airflow/example_dags/example_params_trigger_ui.py
[2025-04-28T11:53:50.631+0000] {processor.py:830} INFO - Processing file /home/airflow/.local/lib/python3.8/site-packages/airflow/example_dags/example_params_trigger_ui.py for tasks to queue
[2025-04-28T11:53:50.633+0000] {logging_mixin.py:188} INFO - [2025-04-28T11:53:50.632+0000] {dagbag.py:538} INFO - Filling up the DagBag from /home/airflow/.local/lib/python3.8/site-packages/airflow/example_dags/example_params_trigger_ui.py
[2025-04-28T11:53:50.656+0000] {processor.py:840} INFO - DAG(s) 'example_params_trigger_ui' retrieved from /home/airflow/.local/lib/python3.8/site-packages/airflow/example_dags/example_params_trigger_ui.py
[2025-04-28T11:53:50.756+0000] {logging_mixin.py:188} INFO - [2025-04-28T11:53:50.755+0000] {dag.py:3033} INFO - Sync 1 DAGs
[2025-04-28T11:53:50.778+0000] {logging_mixin.py:188} INFO - [2025-04-28T11:53:50.778+0000] {dag.py:3820} INFO - Setting next_dagrun for example_params_trigger_ui to None, run_after=None
[2025-04-28T11:53:50.807+0000] {processor.py:183} INFO - Processing /home/airflow/.local/lib/python3.8/site-packages/airflow/example_dags/example_params_trigger_ui.py took 0.182 seconds
[2025-04-28T11:54:20.890+0000] {processor.py:161} INFO - Started process (PID=5848) to work on /home/airflow/.local/lib/python3.8/site-packages/airflow/example_dags/example_params_trigger_ui.py
[2025-04-28T11:54:20.894+0000] {processor.py:830} INFO - Processing file /home/airflow/.local/lib/python3.8/site-packages/airflow/example_dags/example_params_trigger_ui.py for tasks to queue
[2025-04-28T11:54:20.896+0000] {logging_mixin.py:188} INFO - [2025-04-28T11:54:20.895+0000] {dagbag.py:538} INFO - Filling up the DagBag from /home/airflow/.local/lib/python3.8/site-packages/airflow/example_dags/example_params_trigger_ui.py
[2025-04-28T11:54:20.915+0000] {processor.py:840} INFO - DAG(s) 'example_params_trigger_ui' retrieved from /home/airflow/.local/lib/python3.8/site-packages/airflow/example_dags/example_params_trigger_ui.py
[2025-04-28T11:54:21.047+0000] {logging_mixin.py:188} INFO - [2025-04-28T11:54:21.047+0000] {dag.py:3033} INFO - Sync 1 DAGs
[2025-04-28T11:54:21.066+0000] {logging_mixin.py:188} INFO - [2025-04-28T11:54:21.066+0000] {dag.py:3820} INFO - Setting next_dagrun for example_params_trigger_ui to None, run_after=None
[2025-04-28T11:54:21.094+0000] {processor.py:183} INFO - Processing /home/airflow/.local/lib/python3.8/site-packages/airflow/example_dags/example_params_trigger_ui.py took 0.208 seconds
[2025-04-28T11:54:51.535+0000] {processor.py:161} INFO - Started process (PID=5904) to work on /home/airflow/.local/lib/python3.8/site-packages/airflow/example_dags/example_params_trigger_ui.py
[2025-04-28T11:54:51.536+0000] {processor.py:830} INFO - Processing file /home/airflow/.local/lib/python3.8/site-packages/airflow/example_dags/example_params_trigger_ui.py for tasks to queue
[2025-04-28T11:54:51.538+0000] {logging_mixin.py:188} INFO - [2025-04-28T11:54:51.537+0000] {dagbag.py:538} INFO - Filling up the DagBag from /home/airflow/.local/lib/python3.8/site-packages/airflow/example_dags/example_params_trigger_ui.py
[2025-04-28T11:54:51.563+0000] {processor.py:840} INFO - DAG(s) 'example_params_trigger_ui' retrieved from /home/airflow/.local/lib/python3.8/site-packages/airflow/example_dags/example_params_trigger_ui.py
[2025-04-28T11:54:51.678+0000] {logging_mixin.py:188} INFO - [2025-04-28T11:54:51.677+0000] {dag.py:3033} INFO - Sync 1 DAGs
[2025-04-28T11:54:51.700+0000] {logging_mixin.py:188} INFO - [2025-04-28T11:54:51.700+0000] {dag.py:3820} INFO - Setting next_dagrun for example_params_trigger_ui to None, run_after=None
[2025-04-28T11:54:51.735+0000] {processor.py:183} INFO - Processing /home/airflow/.local/lib/python3.8/site-packages/airflow/example_dags/example_params_trigger_ui.py took 0.206 seconds
[2025-04-28T11:55:22.385+0000] {processor.py:161} INFO - Started process (PID=5960) to work on /home/airflow/.local/lib/python3.8/site-packages/airflow/example_dags/example_params_trigger_ui.py
[2025-04-28T11:55:22.387+0000] {processor.py:830} INFO - Processing file /home/airflow/.local/lib/python3.8/site-packages/airflow/example_dags/example_params_trigger_ui.py for tasks to queue
[2025-04-28T11:55:22.389+0000] {logging_mixin.py:188} INFO - [2025-04-28T11:55:22.388+0000] {dagbag.py:538} INFO - Filling up the DagBag from /home/airflow/.local/lib/python3.8/site-packages/airflow/example_dags/example_params_trigger_ui.py
[2025-04-28T11:55:22.412+0000] {processor.py:840} INFO - DAG(s) 'example_params_trigger_ui' retrieved from /home/airflow/.local/lib/python3.8/site-packages/airflow/example_dags/example_params_trigger_ui.py
[2025-04-28T11:55:22.541+0000] {logging_mixin.py:188} INFO - [2025-04-28T11:55:22.541+0000] {dag.py:3033} INFO - Sync 1 DAGs
[2025-04-28T11:55:22.576+0000] {logging_mixin.py:188} INFO - [2025-04-28T11:55:22.576+0000] {dag.py:3820} INFO - Setting next_dagrun for example_params_trigger_ui to None, run_after=None
[2025-04-28T11:55:22.627+0000] {processor.py:183} INFO - Processing /home/airflow/.local/lib/python3.8/site-packages/airflow/example_dags/example_params_trigger_ui.py took 0.248 seconds
[2025-04-28T11:55:53.791+0000] {processor.py:161} INFO - Started process (PID=6017) to work on /home/airflow/.local/lib/python3.8/site-packages/airflow/example_dags/example_params_trigger_ui.py
[2025-04-28T11:55:53.792+0000] {processor.py:830} INFO - Processing file /home/airflow/.local/lib/python3.8/site-packages/airflow/example_dags/example_params_trigger_ui.py for tasks to queue
[2025-04-28T11:55:53.793+0000] {logging_mixin.py:188} INFO - [2025-04-28T11:55:53.793+0000] {dagbag.py:538} INFO - Filling up the DagBag from /home/airflow/.local/lib/python3.8/site-packages/airflow/example_dags/example_params_trigger_ui.py
[2025-04-28T11:55:53.814+0000] {processor.py:840} INFO - DAG(s) 'example_params_trigger_ui' retrieved from /home/airflow/.local/lib/python3.8/site-packages/airflow/example_dags/example_params_trigger_ui.py
[2025-04-28T11:55:53.914+0000] {logging_mixin.py:188} INFO - [2025-04-28T11:55:53.914+0000] {dag.py:3033} INFO - Sync 1 DAGs
[2025-04-28T11:55:53.936+0000] {logging_mixin.py:188} INFO - [2025-04-28T11:55:53.936+0000] {dag.py:3820} INFO - Setting next_dagrun for example_params_trigger_ui to None, run_after=None
[2025-04-28T11:55:53.967+0000] {processor.py:183} INFO - Processing /home/airflow/.local/lib/python3.8/site-packages/airflow/example_dags/example_params_trigger_ui.py took 0.182 seconds
[2025-04-28T11:56:24.278+0000] {processor.py:161} INFO - Started process (PID=6072) to work on /home/airflow/.local/lib/python3.8/site-packages/airflow/example_dags/example_params_trigger_ui.py
[2025-04-28T11:56:24.280+0000] {processor.py:830} INFO - Processing file /home/airflow/.local/lib/python3.8/site-packages/airflow/example_dags/example_params_trigger_ui.py for tasks to queue
[2025-04-28T11:56:24.281+0000] {logging_mixin.py:188} INFO - [2025-04-28T11:56:24.281+0000] {dagbag.py:538} INFO - Filling up the DagBag from /home/airflow/.local/lib/python3.8/site-packages/airflow/example_dags/example_params_trigger_ui.py
[2025-04-28T11:56:24.306+0000] {processor.py:840} INFO - DAG(s) 'example_params_trigger_ui' retrieved from /home/airflow/.local/lib/python3.8/site-packages/airflow/example_dags/example_params_trigger_ui.py
[2025-04-28T11:56:24.398+0000] {logging_mixin.py:188} INFO - [2025-04-28T11:56:24.397+0000] {dag.py:3033} INFO - Sync 1 DAGs
[2025-04-28T11:56:24.415+0000] {logging_mixin.py:188} INFO - [2025-04-28T11:56:24.415+0000] {dag.py:3820} INFO - Setting next_dagrun for example_params_trigger_ui to None, run_after=None
[2025-04-28T11:56:24.449+0000] {processor.py:183} INFO - Processing /home/airflow/.local/lib/python3.8/site-packages/airflow/example_dags/example_params_trigger_ui.py took 0.177 seconds
[2025-04-28T11:56:54.915+0000] {processor.py:161} INFO - Started process (PID=6128) to work on /home/airflow/.local/lib/python3.8/site-packages/airflow/example_dags/example_params_trigger_ui.py
[2025-04-28T11:56:54.916+0000] {processor.py:830} INFO - Processing file /home/airflow/.local/lib/python3.8/site-packages/airflow/example_dags/example_params_trigger_ui.py for tasks to queue
[2025-04-28T11:56:54.918+0000] {logging_mixin.py:188} INFO - [2025-04-28T11:56:54.917+0000] {dagbag.py:538} INFO - Filling up the DagBag from /home/airflow/.local/lib/python3.8/site-packages/airflow/example_dags/example_params_trigger_ui.py
[2025-04-28T11:56:54.963+0000] {processor.py:840} INFO - DAG(s) 'example_params_trigger_ui' retrieved from /home/airflow/.local/lib/python3.8/site-packages/airflow/example_dags/example_params_trigger_ui.py
[2025-04-28T11:56:55.173+0000] {logging_mixin.py:188} INFO - [2025-04-28T11:56:55.173+0000] {dag.py:3033} INFO - Sync 1 DAGs
[2025-04-28T11:56:55.206+0000] {logging_mixin.py:188} INFO - [2025-04-28T11:56:55.206+0000] {dag.py:3820} INFO - Setting next_dagrun for example_params_trigger_ui to None, run_after=None
[2025-04-28T11:56:55.270+0000] {processor.py:183} INFO - Processing /home/airflow/.local/lib/python3.8/site-packages/airflow/example_dags/example_params_trigger_ui.py took 0.360 seconds
[2025-04-28T11:57:25.686+0000] {processor.py:161} INFO - Started process (PID=6184) to work on /home/airflow/.local/lib/python3.8/site-packages/airflow/example_dags/example_params_trigger_ui.py
[2025-04-28T11:57:25.687+0000] {processor.py:830} INFO - Processing file /home/airflow/.local/lib/python3.8/site-packages/airflow/example_dags/example_params_trigger_ui.py for tasks to queue
[2025-04-28T11:57:25.689+0000] {logging_mixin.py:188} INFO - [2025-04-28T11:57:25.689+0000] {dagbag.py:538} INFO - Filling up the DagBag from /home/airflow/.local/lib/python3.8/site-packages/airflow/example_dags/example_params_trigger_ui.py
[2025-04-28T11:57:25.713+0000] {processor.py:840} INFO - DAG(s) 'example_params_trigger_ui' retrieved from /home/airflow/.local/lib/python3.8/site-packages/airflow/example_dags/example_params_trigger_ui.py
[2025-04-28T11:57:25.846+0000] {logging_mixin.py:188} INFO - [2025-04-28T11:57:25.846+0000] {dag.py:3033} INFO - Sync 1 DAGs
[2025-04-28T11:57:25.875+0000] {logging_mixin.py:188} INFO - [2025-04-28T11:57:25.875+0000] {dag.py:3820} INFO - Setting next_dagrun for example_params_trigger_ui to None, run_after=None
[2025-04-28T11:57:25.911+0000] {processor.py:183} INFO - Processing /home/airflow/.local/lib/python3.8/site-packages/airflow/example_dags/example_params_trigger_ui.py took 0.230 seconds
[2025-04-28T11:57:58.127+0000] {processor.py:161} INFO - Started process (PID=6240) to work on /home/airflow/.local/lib/python3.8/site-packages/airflow/example_dags/example_params_trigger_ui.py
[2025-04-28T11:57:58.128+0000] {processor.py:830} INFO - Processing file /home/airflow/.local/lib/python3.8/site-packages/airflow/example_dags/example_params_trigger_ui.py for tasks to queue
[2025-04-28T11:57:58.130+0000] {logging_mixin.py:188} INFO - [2025-04-28T11:57:58.130+0000] {dagbag.py:538} INFO - Filling up the DagBag from /home/airflow/.local/lib/python3.8/site-packages/airflow/example_dags/example_params_trigger_ui.py
[2025-04-28T11:57:58.159+0000] {processor.py:840} INFO - DAG(s) 'example_params_trigger_ui' retrieved from /home/airflow/.local/lib/python3.8/site-packages/airflow/example_dags/example_params_trigger_ui.py
[2025-04-28T11:57:58.317+0000] {logging_mixin.py:188} INFO - [2025-04-28T11:57:58.317+0000] {dag.py:3033} INFO - Sync 1 DAGs
[2025-04-28T11:57:58.347+0000] {logging_mixin.py:188} INFO - [2025-04-28T11:57:58.347+0000] {dag.py:3820} INFO - Setting next_dagrun for example_params_trigger_ui to None, run_after=None
[2025-04-28T11:57:58.432+0000] {processor.py:183} INFO - Processing /home/airflow/.local/lib/python3.8/site-packages/airflow/example_dags/example_params_trigger_ui.py took 0.311 seconds
[2025-04-28T11:58:29.465+0000] {processor.py:161} INFO - Started process (PID=6296) to work on /home/airflow/.local/lib/python3.8/site-packages/airflow/example_dags/example_params_trigger_ui.py
[2025-04-28T11:58:29.467+0000] {processor.py:830} INFO - Processing file /home/airflow/.local/lib/python3.8/site-packages/airflow/example_dags/example_params_trigger_ui.py for tasks to queue
[2025-04-28T11:58:29.469+0000] {logging_mixin.py:188} INFO - [2025-04-28T11:58:29.468+0000] {dagbag.py:538} INFO - Filling up the DagBag from /home/airflow/.local/lib/python3.8/site-packages/airflow/example_dags/example_params_trigger_ui.py
[2025-04-28T11:58:29.497+0000] {processor.py:840} INFO - DAG(s) 'example_params_trigger_ui' retrieved from /home/airflow/.local/lib/python3.8/site-packages/airflow/example_dags/example_params_trigger_ui.py
[2025-04-28T11:58:29.593+0000] {logging_mixin.py:188} INFO - [2025-04-28T11:58:29.593+0000] {dag.py:3033} INFO - Sync 1 DAGs
[2025-04-28T11:58:29.614+0000] {logging_mixin.py:188} INFO - [2025-04-28T11:58:29.614+0000] {dag.py:3820} INFO - Setting next_dagrun for example_params_trigger_ui to None, run_after=None
[2025-04-28T11:58:29.649+0000] {processor.py:183} INFO - Processing /home/airflow/.local/lib/python3.8/site-packages/airflow/example_dags/example_params_trigger_ui.py took 0.189 seconds
[2025-04-28T11:59:01.435+0000] {processor.py:161} INFO - Started process (PID=6352) to work on /home/airflow/.local/lib/python3.8/site-packages/airflow/example_dags/example_params_trigger_ui.py
[2025-04-28T11:59:01.436+0000] {processor.py:830} INFO - Processing file /home/airflow/.local/lib/python3.8/site-packages/airflow/example_dags/example_params_trigger_ui.py for tasks to queue
[2025-04-28T11:59:01.438+0000] {logging_mixin.py:188} INFO - [2025-04-28T11:59:01.437+0000] {dagbag.py:538} INFO - Filling up the DagBag from /home/airflow/.local/lib/python3.8/site-packages/airflow/example_dags/example_params_trigger_ui.py
[2025-04-28T11:59:01.461+0000] {processor.py:840} INFO - DAG(s) 'example_params_trigger_ui' retrieved from /home/airflow/.local/lib/python3.8/site-packages/airflow/example_dags/example_params_trigger_ui.py
[2025-04-28T11:59:01.564+0000] {logging_mixin.py:188} INFO - [2025-04-28T11:59:01.564+0000] {dag.py:3033} INFO - Sync 1 DAGs
[2025-04-28T11:59:01.586+0000] {logging_mixin.py:188} INFO - [2025-04-28T11:59:01.585+0000] {dag.py:3820} INFO - Setting next_dagrun for example_params_trigger_ui to None, run_after=None
[2025-04-28T11:59:01.642+0000] {processor.py:183} INFO - Processing /home/airflow/.local/lib/python3.8/site-packages/airflow/example_dags/example_params_trigger_ui.py took 0.212 seconds
[2025-04-28T11:59:34.195+0000] {processor.py:161} INFO - Started process (PID=6409) to work on /home/airflow/.local/lib/python3.8/site-packages/airflow/example_dags/example_params_trigger_ui.py
[2025-04-28T11:59:34.205+0000] {processor.py:830} INFO - Processing file /home/airflow/.local/lib/python3.8/site-packages/airflow/example_dags/example_params_trigger_ui.py for tasks to queue
[2025-04-28T11:59:34.211+0000] {logging_mixin.py:188} INFO - [2025-04-28T11:59:34.210+0000] {dagbag.py:538} INFO - Filling up the DagBag from /home/airflow/.local/lib/python3.8/site-packages/airflow/example_dags/example_params_trigger_ui.py
[2025-04-28T11:59:34.267+0000] {processor.py:840} INFO - DAG(s) 'example_params_trigger_ui' retrieved from /home/airflow/.local/lib/python3.8/site-packages/airflow/example_dags/example_params_trigger_ui.py
[2025-04-28T11:59:34.471+0000] {logging_mixin.py:188} INFO - [2025-04-28T11:59:34.470+0000] {dag.py:3033} INFO - Sync 1 DAGs
[2025-04-28T11:59:34.507+0000] {logging_mixin.py:188} INFO - [2025-04-28T11:59:34.507+0000] {dag.py:3820} INFO - Setting next_dagrun for example_params_trigger_ui to None, run_after=None
[2025-04-28T11:59:34.553+0000] {processor.py:183} INFO - Processing /home/airflow/.local/lib/python3.8/site-packages/airflow/example_dags/example_params_trigger_ui.py took 0.364 seconds
[2025-04-28T12:00:06.964+0000] {processor.py:161} INFO - Started process (PID=6465) to work on /home/airflow/.local/lib/python3.8/site-packages/airflow/example_dags/example_params_trigger_ui.py
[2025-04-28T12:00:06.975+0000] {processor.py:830} INFO - Processing file /home/airflow/.local/lib/python3.8/site-packages/airflow/example_dags/example_params_trigger_ui.py for tasks to queue
[2025-04-28T12:00:06.979+0000] {logging_mixin.py:188} INFO - [2025-04-28T12:00:06.979+0000] {dagbag.py:538} INFO - Filling up the DagBag from /home/airflow/.local/lib/python3.8/site-packages/airflow/example_dags/example_params_trigger_ui.py
[2025-04-28T12:00:07.050+0000] {processor.py:840} INFO - DAG(s) 'example_params_trigger_ui' retrieved from /home/airflow/.local/lib/python3.8/site-packages/airflow/example_dags/example_params_trigger_ui.py
[2025-04-28T12:00:07.345+0000] {logging_mixin.py:188} INFO - [2025-04-28T12:00:07.344+0000] {dag.py:3033} INFO - Sync 1 DAGs
[2025-04-28T12:00:07.387+0000] {logging_mixin.py:188} INFO - [2025-04-28T12:00:07.387+0000] {dag.py:3820} INFO - Setting next_dagrun for example_params_trigger_ui to None, run_after=None
[2025-04-28T12:00:07.439+0000] {processor.py:183} INFO - Processing /home/airflow/.local/lib/python3.8/site-packages/airflow/example_dags/example_params_trigger_ui.py took 0.482 seconds
[2025-04-28T12:00:40.068+0000] {processor.py:161} INFO - Started process (PID=6521) to work on /home/airflow/.local/lib/python3.8/site-packages/airflow/example_dags/example_params_trigger_ui.py
[2025-04-28T12:00:40.069+0000] {processor.py:830} INFO - Processing file /home/airflow/.local/lib/python3.8/site-packages/airflow/example_dags/example_params_trigger_ui.py for tasks to queue
[2025-04-28T12:00:40.071+0000] {logging_mixin.py:188} INFO - [2025-04-28T12:00:40.070+0000] {dagbag.py:538} INFO - Filling up the DagBag from /home/airflow/.local/lib/python3.8/site-packages/airflow/example_dags/example_params_trigger_ui.py
[2025-04-28T12:00:40.096+0000] {processor.py:840} INFO - DAG(s) 'example_params_trigger_ui' retrieved from /home/airflow/.local/lib/python3.8/site-packages/airflow/example_dags/example_params_trigger_ui.py
[2025-04-28T12:00:40.216+0000] {logging_mixin.py:188} INFO - [2025-04-28T12:00:40.215+0000] {dag.py:3033} INFO - Sync 1 DAGs
[2025-04-28T12:00:40.255+0000] {logging_mixin.py:188} INFO - [2025-04-28T12:00:40.254+0000] {dag.py:3820} INFO - Setting next_dagrun for example_params_trigger_ui to None, run_after=None
[2025-04-28T12:00:40.329+0000] {processor.py:183} INFO - Processing /home/airflow/.local/lib/python3.8/site-packages/airflow/example_dags/example_params_trigger_ui.py took 0.266 seconds
[2025-04-28T12:01:12.590+0000] {processor.py:161} INFO - Started process (PID=6578) to work on /home/airflow/.local/lib/python3.8/site-packages/airflow/example_dags/example_params_trigger_ui.py
[2025-04-28T12:01:12.592+0000] {processor.py:830} INFO - Processing file /home/airflow/.local/lib/python3.8/site-packages/airflow/example_dags/example_params_trigger_ui.py for tasks to queue
[2025-04-28T12:01:12.594+0000] {logging_mixin.py:188} INFO - [2025-04-28T12:01:12.593+0000] {dagbag.py:538} INFO - Filling up the DagBag from /home/airflow/.local/lib/python3.8/site-packages/airflow/example_dags/example_params_trigger_ui.py
[2025-04-28T12:01:12.620+0000] {processor.py:840} INFO - DAG(s) 'example_params_trigger_ui' retrieved from /home/airflow/.local/lib/python3.8/site-packages/airflow/example_dags/example_params_trigger_ui.py
[2025-04-28T12:01:12.749+0000] {logging_mixin.py:188} INFO - [2025-04-28T12:01:12.749+0000] {dag.py:3033} INFO - Sync 1 DAGs
[2025-04-28T12:01:12.776+0000] {logging_mixin.py:188} INFO - [2025-04-28T12:01:12.776+0000] {dag.py:3820} INFO - Setting next_dagrun for example_params_trigger_ui to None, run_after=None
[2025-04-28T12:01:12.827+0000] {processor.py:183} INFO - Processing /home/airflow/.local/lib/python3.8/site-packages/airflow/example_dags/example_params_trigger_ui.py took 0.244 seconds
[2025-04-28T12:01:47.612+0000] {processor.py:161} INFO - Started process (PID=6634) to work on /home/airflow/.local/lib/python3.8/site-packages/airflow/example_dags/example_params_trigger_ui.py
[2025-04-28T12:01:47.614+0000] {processor.py:830} INFO - Processing file /home/airflow/.local/lib/python3.8/site-packages/airflow/example_dags/example_params_trigger_ui.py for tasks to queue
[2025-04-28T12:01:47.615+0000] {logging_mixin.py:188} INFO - [2025-04-28T12:01:47.615+0000] {dagbag.py:538} INFO - Filling up the DagBag from /home/airflow/.local/lib/python3.8/site-packages/airflow/example_dags/example_params_trigger_ui.py
[2025-04-28T12:01:47.636+0000] {processor.py:840} INFO - DAG(s) 'example_params_trigger_ui' retrieved from /home/airflow/.local/lib/python3.8/site-packages/airflow/example_dags/example_params_trigger_ui.py
[2025-04-28T12:01:47.759+0000] {logging_mixin.py:188} INFO - [2025-04-28T12:01:47.759+0000] {dag.py:3033} INFO - Sync 1 DAGs
[2025-04-28T12:01:47.784+0000] {logging_mixin.py:188} INFO - [2025-04-28T12:01:47.783+0000] {dag.py:3820} INFO - Setting next_dagrun for example_params_trigger_ui to None, run_after=None
[2025-04-28T12:01:47.823+0000] {processor.py:183} INFO - Processing /home/airflow/.local/lib/python3.8/site-packages/airflow/example_dags/example_params_trigger_ui.py took 0.216 seconds
[2025-04-28T12:02:18.816+0000] {processor.py:161} INFO - Started process (PID=6690) to work on /home/airflow/.local/lib/python3.8/site-packages/airflow/example_dags/example_params_trigger_ui.py
[2025-04-28T12:02:18.818+0000] {processor.py:830} INFO - Processing file /home/airflow/.local/lib/python3.8/site-packages/airflow/example_dags/example_params_trigger_ui.py for tasks to queue
[2025-04-28T12:02:18.820+0000] {logging_mixin.py:188} INFO - [2025-04-28T12:02:18.819+0000] {dagbag.py:538} INFO - Filling up the DagBag from /home/airflow/.local/lib/python3.8/site-packages/airflow/example_dags/example_params_trigger_ui.py
[2025-04-28T12:02:18.851+0000] {processor.py:840} INFO - DAG(s) 'example_params_trigger_ui' retrieved from /home/airflow/.local/lib/python3.8/site-packages/airflow/example_dags/example_params_trigger_ui.py
[2025-04-28T12:02:19.013+0000] {logging_mixin.py:188} INFO - [2025-04-28T12:02:19.012+0000] {dag.py:3033} INFO - Sync 1 DAGs
[2025-04-28T12:02:19.049+0000] {logging_mixin.py:188} INFO - [2025-04-28T12:02:19.049+0000] {dag.py:3820} INFO - Setting next_dagrun for example_params_trigger_ui to None, run_after=None
[2025-04-28T12:02:19.089+0000] {processor.py:183} INFO - Processing /home/airflow/.local/lib/python3.8/site-packages/airflow/example_dags/example_params_trigger_ui.py took 0.279 seconds
[2025-04-28T12:02:49.228+0000] {processor.py:161} INFO - Started process (PID=6746) to work on /home/airflow/.local/lib/python3.8/site-packages/airflow/example_dags/example_params_trigger_ui.py
[2025-04-28T12:02:49.230+0000] {processor.py:830} INFO - Processing file /home/airflow/.local/lib/python3.8/site-packages/airflow/example_dags/example_params_trigger_ui.py for tasks to queue
[2025-04-28T12:02:49.231+0000] {logging_mixin.py:188} INFO - [2025-04-28T12:02:49.231+0000] {dagbag.py:538} INFO - Filling up the DagBag from /home/airflow/.local/lib/python3.8/site-packages/airflow/example_dags/example_params_trigger_ui.py
[2025-04-28T12:02:49.255+0000] {processor.py:840} INFO - DAG(s) 'example_params_trigger_ui' retrieved from /home/airflow/.local/lib/python3.8/site-packages/airflow/example_dags/example_params_trigger_ui.py
[2025-04-28T12:02:49.350+0000] {logging_mixin.py:188} INFO - [2025-04-28T12:02:49.350+0000] {dag.py:3033} INFO - Sync 1 DAGs
[2025-04-28T12:02:49.370+0000] {logging_mixin.py:188} INFO - [2025-04-28T12:02:49.369+0000] {dag.py:3820} INFO - Setting next_dagrun for example_params_trigger_ui to None, run_after=None
[2025-04-28T12:02:49.398+0000] {processor.py:183} INFO - Processing /home/airflow/.local/lib/python3.8/site-packages/airflow/example_dags/example_params_trigger_ui.py took 0.176 seconds
[2025-04-28T12:03:22.774+0000] {processor.py:161} INFO - Started process (PID=6803) to work on /home/airflow/.local/lib/python3.8/site-packages/airflow/example_dags/example_params_trigger_ui.py
[2025-04-28T12:03:22.775+0000] {processor.py:830} INFO - Processing file /home/airflow/.local/lib/python3.8/site-packages/airflow/example_dags/example_params_trigger_ui.py for tasks to queue
[2025-04-28T12:03:22.777+0000] {logging_mixin.py:188} INFO - [2025-04-28T12:03:22.776+0000] {dagbag.py:538} INFO - Filling up the DagBag from /home/airflow/.local/lib/python3.8/site-packages/airflow/example_dags/example_params_trigger_ui.py
[2025-04-28T12:03:22.797+0000] {processor.py:840} INFO - DAG(s) 'example_params_trigger_ui' retrieved from /home/airflow/.local/lib/python3.8/site-packages/airflow/example_dags/example_params_trigger_ui.py
[2025-04-28T12:03:22.883+0000] {logging_mixin.py:188} INFO - [2025-04-28T12:03:22.883+0000] {dag.py:3033} INFO - Sync 1 DAGs
[2025-04-28T12:03:22.902+0000] {logging_mixin.py:188} INFO - [2025-04-28T12:03:22.902+0000] {dag.py:3820} INFO - Setting next_dagrun for example_params_trigger_ui to None, run_after=None
[2025-04-28T12:03:22.933+0000] {processor.py:183} INFO - Processing /home/airflow/.local/lib/python3.8/site-packages/airflow/example_dags/example_params_trigger_ui.py took 0.165 seconds
[2025-04-28T12:03:53.268+0000] {processor.py:161} INFO - Started process (PID=6859) to work on /home/airflow/.local/lib/python3.8/site-packages/airflow/example_dags/example_params_trigger_ui.py
[2025-04-28T12:03:53.270+0000] {processor.py:830} INFO - Processing file /home/airflow/.local/lib/python3.8/site-packages/airflow/example_dags/example_params_trigger_ui.py for tasks to queue
[2025-04-28T12:03:53.271+0000] {logging_mixin.py:188} INFO - [2025-04-28T12:03:53.271+0000] {dagbag.py:538} INFO - Filling up the DagBag from /home/airflow/.local/lib/python3.8/site-packages/airflow/example_dags/example_params_trigger_ui.py
[2025-04-28T12:03:53.293+0000] {processor.py:840} INFO - DAG(s) 'example_params_trigger_ui' retrieved from /home/airflow/.local/lib/python3.8/site-packages/airflow/example_dags/example_params_trigger_ui.py
[2025-04-28T12:03:53.413+0000] {logging_mixin.py:188} INFO - [2025-04-28T12:03:53.412+0000] {dag.py:3033} INFO - Sync 1 DAGs
[2025-04-28T12:03:53.433+0000] {logging_mixin.py:188} INFO - [2025-04-28T12:03:53.432+0000] {dag.py:3820} INFO - Setting next_dagrun for example_params_trigger_ui to None, run_after=None
[2025-04-28T12:03:53.463+0000] {processor.py:183} INFO - Processing /home/airflow/.local/lib/python3.8/site-packages/airflow/example_dags/example_params_trigger_ui.py took 0.200 seconds
[2025-04-28T12:04:23.551+0000] {processor.py:161} INFO - Started process (PID=6914) to work on /home/airflow/.local/lib/python3.8/site-packages/airflow/example_dags/example_params_trigger_ui.py
[2025-04-28T12:04:23.552+0000] {processor.py:830} INFO - Processing file /home/airflow/.local/lib/python3.8/site-packages/airflow/example_dags/example_params_trigger_ui.py for tasks to queue
[2025-04-28T12:04:23.553+0000] {logging_mixin.py:188} INFO - [2025-04-28T12:04:23.553+0000] {dagbag.py:538} INFO - Filling up the DagBag from /home/airflow/.local/lib/python3.8/site-packages/airflow/example_dags/example_params_trigger_ui.py
[2025-04-28T12:04:23.576+0000] {processor.py:840} INFO - DAG(s) 'example_params_trigger_ui' retrieved from /home/airflow/.local/lib/python3.8/site-packages/airflow/example_dags/example_params_trigger_ui.py
[2025-04-28T12:04:23.670+0000] {logging_mixin.py:188} INFO - [2025-04-28T12:04:23.669+0000] {dag.py:3033} INFO - Sync 1 DAGs
[2025-04-28T12:04:23.692+0000] {logging_mixin.py:188} INFO - [2025-04-28T12:04:23.692+0000] {dag.py:3820} INFO - Setting next_dagrun for example_params_trigger_ui to None, run_after=None
[2025-04-28T12:04:23.722+0000] {processor.py:183} INFO - Processing /home/airflow/.local/lib/python3.8/site-packages/airflow/example_dags/example_params_trigger_ui.py took 0.176 seconds
[2025-04-28T12:04:54.199+0000] {processor.py:161} INFO - Started process (PID=6970) to work on /home/airflow/.local/lib/python3.8/site-packages/airflow/example_dags/example_params_trigger_ui.py
[2025-04-28T12:04:54.201+0000] {processor.py:830} INFO - Processing file /home/airflow/.local/lib/python3.8/site-packages/airflow/example_dags/example_params_trigger_ui.py for tasks to queue
[2025-04-28T12:04:54.203+0000] {logging_mixin.py:188} INFO - [2025-04-28T12:04:54.202+0000] {dagbag.py:538} INFO - Filling up the DagBag from /home/airflow/.local/lib/python3.8/site-packages/airflow/example_dags/example_params_trigger_ui.py
[2025-04-28T12:04:54.228+0000] {processor.py:840} INFO - DAG(s) 'example_params_trigger_ui' retrieved from /home/airflow/.local/lib/python3.8/site-packages/airflow/example_dags/example_params_trigger_ui.py
[2025-04-28T12:04:54.430+0000] {logging_mixin.py:188} INFO - [2025-04-28T12:04:54.430+0000] {dag.py:3033} INFO - Sync 1 DAGs
[2025-04-28T12:04:54.488+0000] {logging_mixin.py:188} INFO - [2025-04-28T12:04:54.488+0000] {dag.py:3820} INFO - Setting next_dagrun for example_params_trigger_ui to None, run_after=None
[2025-04-28T12:04:54.538+0000] {processor.py:183} INFO - Processing /home/airflow/.local/lib/python3.8/site-packages/airflow/example_dags/example_params_trigger_ui.py took 0.345 seconds
[2025-04-28T12:05:25.302+0000] {processor.py:161} INFO - Started process (PID=7027) to work on /home/airflow/.local/lib/python3.8/site-packages/airflow/example_dags/example_params_trigger_ui.py
[2025-04-28T12:05:25.303+0000] {processor.py:830} INFO - Processing file /home/airflow/.local/lib/python3.8/site-packages/airflow/example_dags/example_params_trigger_ui.py for tasks to queue
[2025-04-28T12:05:25.305+0000] {logging_mixin.py:188} INFO - [2025-04-28T12:05:25.305+0000] {dagbag.py:538} INFO - Filling up the DagBag from /home/airflow/.local/lib/python3.8/site-packages/airflow/example_dags/example_params_trigger_ui.py
[2025-04-28T12:05:25.335+0000] {processor.py:840} INFO - DAG(s) 'example_params_trigger_ui' retrieved from /home/airflow/.local/lib/python3.8/site-packages/airflow/example_dags/example_params_trigger_ui.py
[2025-04-28T12:05:25.476+0000] {logging_mixin.py:188} INFO - [2025-04-28T12:05:25.475+0000] {dag.py:3033} INFO - Sync 1 DAGs
[2025-04-28T12:05:25.517+0000] {logging_mixin.py:188} INFO - [2025-04-28T12:05:25.516+0000] {dag.py:3820} INFO - Setting next_dagrun for example_params_trigger_ui to None, run_after=None
[2025-04-28T12:05:25.575+0000] {processor.py:183} INFO - Processing /home/airflow/.local/lib/python3.8/site-packages/airflow/example_dags/example_params_trigger_ui.py took 0.281 seconds
[2025-04-28T12:05:58.435+0000] {processor.py:161} INFO - Started process (PID=7091) to work on /home/airflow/.local/lib/python3.8/site-packages/airflow/example_dags/example_params_trigger_ui.py
[2025-04-28T12:05:58.437+0000] {processor.py:830} INFO - Processing file /home/airflow/.local/lib/python3.8/site-packages/airflow/example_dags/example_params_trigger_ui.py for tasks to queue
[2025-04-28T12:05:58.438+0000] {logging_mixin.py:188} INFO - [2025-04-28T12:05:58.437+0000] {dagbag.py:538} INFO - Filling up the DagBag from /home/airflow/.local/lib/python3.8/site-packages/airflow/example_dags/example_params_trigger_ui.py
[2025-04-28T12:05:58.461+0000] {processor.py:840} INFO - DAG(s) 'example_params_trigger_ui' retrieved from /home/airflow/.local/lib/python3.8/site-packages/airflow/example_dags/example_params_trigger_ui.py
[2025-04-28T12:05:58.561+0000] {logging_mixin.py:188} INFO - [2025-04-28T12:05:58.561+0000] {dag.py:3033} INFO - Sync 1 DAGs
[2025-04-28T12:05:58.587+0000] {logging_mixin.py:188} INFO - [2025-04-28T12:05:58.587+0000] {dag.py:3820} INFO - Setting next_dagrun for example_params_trigger_ui to None, run_after=None
[2025-04-28T12:05:58.620+0000] {processor.py:183} INFO - Processing /home/airflow/.local/lib/python3.8/site-packages/airflow/example_dags/example_params_trigger_ui.py took 0.190 seconds
[2025-04-28T12:06:28.956+0000] {processor.py:161} INFO - Started process (PID=7147) to work on /home/airflow/.local/lib/python3.8/site-packages/airflow/example_dags/example_params_trigger_ui.py
[2025-04-28T12:06:28.960+0000] {processor.py:830} INFO - Processing file /home/airflow/.local/lib/python3.8/site-packages/airflow/example_dags/example_params_trigger_ui.py for tasks to queue
[2025-04-28T12:06:28.963+0000] {logging_mixin.py:188} INFO - [2025-04-28T12:06:28.963+0000] {dagbag.py:538} INFO - Filling up the DagBag from /home/airflow/.local/lib/python3.8/site-packages/airflow/example_dags/example_params_trigger_ui.py
[2025-04-28T12:06:29.025+0000] {processor.py:840} INFO - DAG(s) 'example_params_trigger_ui' retrieved from /home/airflow/.local/lib/python3.8/site-packages/airflow/example_dags/example_params_trigger_ui.py
[2025-04-28T12:06:29.210+0000] {logging_mixin.py:188} INFO - [2025-04-28T12:06:29.210+0000] {dag.py:3033} INFO - Sync 1 DAGs
[2025-04-28T12:06:29.236+0000] {logging_mixin.py:188} INFO - [2025-04-28T12:06:29.236+0000] {dag.py:3820} INFO - Setting next_dagrun for example_params_trigger_ui to None, run_after=None
[2025-04-28T12:06:29.269+0000] {processor.py:183} INFO - Processing /home/airflow/.local/lib/python3.8/site-packages/airflow/example_dags/example_params_trigger_ui.py took 0.325 seconds
[2025-04-28T12:07:00.548+0000] {processor.py:161} INFO - Started process (PID=7203) to work on /home/airflow/.local/lib/python3.8/site-packages/airflow/example_dags/example_params_trigger_ui.py
[2025-04-28T12:07:00.549+0000] {processor.py:830} INFO - Processing file /home/airflow/.local/lib/python3.8/site-packages/airflow/example_dags/example_params_trigger_ui.py for tasks to queue
[2025-04-28T12:07:00.550+0000] {logging_mixin.py:188} INFO - [2025-04-28T12:07:00.550+0000] {dagbag.py:538} INFO - Filling up the DagBag from /home/airflow/.local/lib/python3.8/site-packages/airflow/example_dags/example_params_trigger_ui.py
[2025-04-28T12:07:00.571+0000] {processor.py:840} INFO - DAG(s) 'example_params_trigger_ui' retrieved from /home/airflow/.local/lib/python3.8/site-packages/airflow/example_dags/example_params_trigger_ui.py
[2025-04-28T12:07:00.676+0000] {logging_mixin.py:188} INFO - [2025-04-28T12:07:00.675+0000] {dag.py:3033} INFO - Sync 1 DAGs
[2025-04-28T12:07:00.694+0000] {logging_mixin.py:188} INFO - [2025-04-28T12:07:00.694+0000] {dag.py:3820} INFO - Setting next_dagrun for example_params_trigger_ui to None, run_after=None
[2025-04-28T12:07:00.725+0000] {processor.py:183} INFO - Processing /home/airflow/.local/lib/python3.8/site-packages/airflow/example_dags/example_params_trigger_ui.py took 0.182 seconds
[2025-04-28T12:07:31.204+0000] {processor.py:161} INFO - Started process (PID=7259) to work on /home/airflow/.local/lib/python3.8/site-packages/airflow/example_dags/example_params_trigger_ui.py
[2025-04-28T12:07:31.205+0000] {processor.py:830} INFO - Processing file /home/airflow/.local/lib/python3.8/site-packages/airflow/example_dags/example_params_trigger_ui.py for tasks to queue
[2025-04-28T12:07:31.207+0000] {logging_mixin.py:188} INFO - [2025-04-28T12:07:31.207+0000] {dagbag.py:538} INFO - Filling up the DagBag from /home/airflow/.local/lib/python3.8/site-packages/airflow/example_dags/example_params_trigger_ui.py
[2025-04-28T12:07:31.233+0000] {processor.py:840} INFO - DAG(s) 'example_params_trigger_ui' retrieved from /home/airflow/.local/lib/python3.8/site-packages/airflow/example_dags/example_params_trigger_ui.py
[2025-04-28T12:07:31.361+0000] {logging_mixin.py:188} INFO - [2025-04-28T12:07:31.361+0000] {dag.py:3033} INFO - Sync 1 DAGs
[2025-04-28T12:07:31.391+0000] {logging_mixin.py:188} INFO - [2025-04-28T12:07:31.391+0000] {dag.py:3820} INFO - Setting next_dagrun for example_params_trigger_ui to None, run_after=None
[2025-04-28T12:07:31.432+0000] {processor.py:183} INFO - Processing /home/airflow/.local/lib/python3.8/site-packages/airflow/example_dags/example_params_trigger_ui.py took 0.234 seconds
[2025-04-28T12:08:02.672+0000] {processor.py:161} INFO - Started process (PID=7315) to work on /home/airflow/.local/lib/python3.8/site-packages/airflow/example_dags/example_params_trigger_ui.py
[2025-04-28T12:08:02.674+0000] {processor.py:830} INFO - Processing file /home/airflow/.local/lib/python3.8/site-packages/airflow/example_dags/example_params_trigger_ui.py for tasks to queue
[2025-04-28T12:08:02.675+0000] {logging_mixin.py:188} INFO - [2025-04-28T12:08:02.675+0000] {dagbag.py:538} INFO - Filling up the DagBag from /home/airflow/.local/lib/python3.8/site-packages/airflow/example_dags/example_params_trigger_ui.py
[2025-04-28T12:08:02.699+0000] {processor.py:840} INFO - DAG(s) 'example_params_trigger_ui' retrieved from /home/airflow/.local/lib/python3.8/site-packages/airflow/example_dags/example_params_trigger_ui.py
[2025-04-28T12:08:02.796+0000] {logging_mixin.py:188} INFO - [2025-04-28T12:08:02.796+0000] {dag.py:3033} INFO - Sync 1 DAGs
[2025-04-28T12:08:02.815+0000] {logging_mixin.py:188} INFO - [2025-04-28T12:08:02.814+0000] {dag.py:3820} INFO - Setting next_dagrun for example_params_trigger_ui to None, run_after=None
[2025-04-28T12:08:02.844+0000] {processor.py:183} INFO - Processing /home/airflow/.local/lib/python3.8/site-packages/airflow/example_dags/example_params_trigger_ui.py took 0.177 seconds
[2025-04-28T12:08:33.516+0000] {processor.py:161} INFO - Started process (PID=7371) to work on /home/airflow/.local/lib/python3.8/site-packages/airflow/example_dags/example_params_trigger_ui.py
[2025-04-28T12:08:33.517+0000] {processor.py:830} INFO - Processing file /home/airflow/.local/lib/python3.8/site-packages/airflow/example_dags/example_params_trigger_ui.py for tasks to queue
[2025-04-28T12:08:33.518+0000] {logging_mixin.py:188} INFO - [2025-04-28T12:08:33.518+0000] {dagbag.py:538} INFO - Filling up the DagBag from /home/airflow/.local/lib/python3.8/site-packages/airflow/example_dags/example_params_trigger_ui.py
[2025-04-28T12:08:33.541+0000] {processor.py:840} INFO - DAG(s) 'example_params_trigger_ui' retrieved from /home/airflow/.local/lib/python3.8/site-packages/airflow/example_dags/example_params_trigger_ui.py
[2025-04-28T12:08:33.659+0000] {logging_mixin.py:188} INFO - [2025-04-28T12:08:33.659+0000] {dag.py:3033} INFO - Sync 1 DAGs
[2025-04-28T12:08:33.682+0000] {logging_mixin.py:188} INFO - [2025-04-28T12:08:33.682+0000] {dag.py:3820} INFO - Setting next_dagrun for example_params_trigger_ui to None, run_after=None
[2025-04-28T12:08:33.715+0000] {processor.py:183} INFO - Processing /home/airflow/.local/lib/python3.8/site-packages/airflow/example_dags/example_params_trigger_ui.py took 0.204 seconds
[2025-04-28T12:09:04.545+0000] {processor.py:161} INFO - Started process (PID=7427) to work on /home/airflow/.local/lib/python3.8/site-packages/airflow/example_dags/example_params_trigger_ui.py
[2025-04-28T12:09:04.547+0000] {processor.py:830} INFO - Processing file /home/airflow/.local/lib/python3.8/site-packages/airflow/example_dags/example_params_trigger_ui.py for tasks to queue
[2025-04-28T12:09:04.549+0000] {logging_mixin.py:188} INFO - [2025-04-28T12:09:04.548+0000] {dagbag.py:538} INFO - Filling up the DagBag from /home/airflow/.local/lib/python3.8/site-packages/airflow/example_dags/example_params_trigger_ui.py
[2025-04-28T12:09:04.569+0000] {processor.py:840} INFO - DAG(s) 'example_params_trigger_ui' retrieved from /home/airflow/.local/lib/python3.8/site-packages/airflow/example_dags/example_params_trigger_ui.py
[2025-04-28T12:09:04.664+0000] {logging_mixin.py:188} INFO - [2025-04-28T12:09:04.664+0000] {dag.py:3033} INFO - Sync 1 DAGs
[2025-04-28T12:09:04.684+0000] {logging_mixin.py:188} INFO - [2025-04-28T12:09:04.684+0000] {dag.py:3820} INFO - Setting next_dagrun for example_params_trigger_ui to None, run_after=None
[2025-04-28T12:09:04.715+0000] {processor.py:183} INFO - Processing /home/airflow/.local/lib/python3.8/site-packages/airflow/example_dags/example_params_trigger_ui.py took 0.175 seconds
[2025-04-28T12:09:35.216+0000] {processor.py:161} INFO - Started process (PID=7483) to work on /home/airflow/.local/lib/python3.8/site-packages/airflow/example_dags/example_params_trigger_ui.py
[2025-04-28T12:09:35.217+0000] {processor.py:830} INFO - Processing file /home/airflow/.local/lib/python3.8/site-packages/airflow/example_dags/example_params_trigger_ui.py for tasks to queue
[2025-04-28T12:09:35.219+0000] {logging_mixin.py:188} INFO - [2025-04-28T12:09:35.218+0000] {dagbag.py:538} INFO - Filling up the DagBag from /home/airflow/.local/lib/python3.8/site-packages/airflow/example_dags/example_params_trigger_ui.py
[2025-04-28T12:09:35.248+0000] {processor.py:840} INFO - DAG(s) 'example_params_trigger_ui' retrieved from /home/airflow/.local/lib/python3.8/site-packages/airflow/example_dags/example_params_trigger_ui.py
[2025-04-28T12:09:35.378+0000] {logging_mixin.py:188} INFO - [2025-04-28T12:09:35.378+0000] {dag.py:3033} INFO - Sync 1 DAGs
[2025-04-28T12:09:35.409+0000] {logging_mixin.py:188} INFO - [2025-04-28T12:09:35.408+0000] {dag.py:3820} INFO - Setting next_dagrun for example_params_trigger_ui to None, run_after=None
[2025-04-28T12:09:35.447+0000] {processor.py:183} INFO - Processing /home/airflow/.local/lib/python3.8/site-packages/airflow/example_dags/example_params_trigger_ui.py took 0.238 seconds
[2025-04-28T12:10:06.222+0000] {processor.py:161} INFO - Started process (PID=7539) to work on /home/airflow/.local/lib/python3.8/site-packages/airflow/example_dags/example_params_trigger_ui.py
[2025-04-28T12:10:06.223+0000] {processor.py:830} INFO - Processing file /home/airflow/.local/lib/python3.8/site-packages/airflow/example_dags/example_params_trigger_ui.py for tasks to queue
[2025-04-28T12:10:06.225+0000] {logging_mixin.py:188} INFO - [2025-04-28T12:10:06.224+0000] {dagbag.py:538} INFO - Filling up the DagBag from /home/airflow/.local/lib/python3.8/site-packages/airflow/example_dags/example_params_trigger_ui.py
[2025-04-28T12:10:06.249+0000] {processor.py:840} INFO - DAG(s) 'example_params_trigger_ui' retrieved from /home/airflow/.local/lib/python3.8/site-packages/airflow/example_dags/example_params_trigger_ui.py
[2025-04-28T12:10:06.382+0000] {logging_mixin.py:188} INFO - [2025-04-28T12:10:06.382+0000] {dag.py:3033} INFO - Sync 1 DAGs
[2025-04-28T12:10:06.408+0000] {logging_mixin.py:188} INFO - [2025-04-28T12:10:06.408+0000] {dag.py:3820} INFO - Setting next_dagrun for example_params_trigger_ui to None, run_after=None
[2025-04-28T12:10:06.450+0000] {processor.py:183} INFO - Processing /home/airflow/.local/lib/python3.8/site-packages/airflow/example_dags/example_params_trigger_ui.py took 0.234 seconds
[2025-04-28T12:10:43.177+0000] {processor.py:161} INFO - Started process (PID=7596) to work on /home/airflow/.local/lib/python3.8/site-packages/airflow/example_dags/example_params_trigger_ui.py
[2025-04-28T12:10:43.188+0000] {processor.py:830} INFO - Processing file /home/airflow/.local/lib/python3.8/site-packages/airflow/example_dags/example_params_trigger_ui.py for tasks to queue
[2025-04-28T12:10:43.190+0000] {logging_mixin.py:188} INFO - [2025-04-28T12:10:43.190+0000] {dagbag.py:538} INFO - Filling up the DagBag from /home/airflow/.local/lib/python3.8/site-packages/airflow/example_dags/example_params_trigger_ui.py
[2025-04-28T12:10:43.264+0000] {processor.py:840} INFO - DAG(s) 'example_params_trigger_ui' retrieved from /home/airflow/.local/lib/python3.8/site-packages/airflow/example_dags/example_params_trigger_ui.py
[2025-04-28T12:10:43.831+0000] {logging_mixin.py:188} INFO - [2025-04-28T12:10:43.831+0000] {dag.py:3033} INFO - Sync 1 DAGs
[2025-04-28T12:10:43.963+0000] {logging_mixin.py:188} INFO - [2025-04-28T12:10:43.963+0000] {dag.py:3820} INFO - Setting next_dagrun for example_params_trigger_ui to None, run_after=None
[2025-04-28T12:10:44.137+0000] {processor.py:183} INFO - Processing /home/airflow/.local/lib/python3.8/site-packages/airflow/example_dags/example_params_trigger_ui.py took 0.967 seconds
[2025-04-28T12:11:14.450+0000] {processor.py:161} INFO - Started process (PID=7652) to work on /home/airflow/.local/lib/python3.8/site-packages/airflow/example_dags/example_params_trigger_ui.py
[2025-04-28T12:11:14.457+0000] {processor.py:830} INFO - Processing file /home/airflow/.local/lib/python3.8/site-packages/airflow/example_dags/example_params_trigger_ui.py for tasks to queue
[2025-04-28T12:11:14.459+0000] {logging_mixin.py:188} INFO - [2025-04-28T12:11:14.459+0000] {dagbag.py:538} INFO - Filling up the DagBag from /home/airflow/.local/lib/python3.8/site-packages/airflow/example_dags/example_params_trigger_ui.py
[2025-04-28T12:11:14.512+0000] {processor.py:840} INFO - DAG(s) 'example_params_trigger_ui' retrieved from /home/airflow/.local/lib/python3.8/site-packages/airflow/example_dags/example_params_trigger_ui.py
[2025-04-28T12:11:15.057+0000] {logging_mixin.py:188} INFO - [2025-04-28T12:11:15.056+0000] {dag.py:3033} INFO - Sync 1 DAGs
[2025-04-28T12:11:15.153+0000] {logging_mixin.py:188} INFO - [2025-04-28T12:11:15.153+0000] {dag.py:3820} INFO - Setting next_dagrun for example_params_trigger_ui to None, run_after=None
[2025-04-28T12:11:15.263+0000] {processor.py:183} INFO - Processing /home/airflow/.local/lib/python3.8/site-packages/airflow/example_dags/example_params_trigger_ui.py took 0.847 seconds
[2025-04-28T12:11:47.670+0000] {processor.py:161} INFO - Started process (PID=7708) to work on /home/airflow/.local/lib/python3.8/site-packages/airflow/example_dags/example_params_trigger_ui.py
[2025-04-28T12:11:47.672+0000] {processor.py:830} INFO - Processing file /home/airflow/.local/lib/python3.8/site-packages/airflow/example_dags/example_params_trigger_ui.py for tasks to queue
[2025-04-28T12:11:47.674+0000] {logging_mixin.py:188} INFO - [2025-04-28T12:11:47.673+0000] {dagbag.py:538} INFO - Filling up the DagBag from /home/airflow/.local/lib/python3.8/site-packages/airflow/example_dags/example_params_trigger_ui.py
[2025-04-28T12:11:47.711+0000] {processor.py:840} INFO - DAG(s) 'example_params_trigger_ui' retrieved from /home/airflow/.local/lib/python3.8/site-packages/airflow/example_dags/example_params_trigger_ui.py
[2025-04-28T12:11:48.032+0000] {logging_mixin.py:188} INFO - [2025-04-28T12:11:48.030+0000] {dag.py:3033} INFO - Sync 1 DAGs
[2025-04-28T12:11:48.094+0000] {logging_mixin.py:188} INFO - [2025-04-28T12:11:48.093+0000] {dag.py:3820} INFO - Setting next_dagrun for example_params_trigger_ui to None, run_after=None
[2025-04-28T12:11:48.253+0000] {processor.py:183} INFO - Processing /home/airflow/.local/lib/python3.8/site-packages/airflow/example_dags/example_params_trigger_ui.py took 0.591 seconds
[2025-04-28T12:12:18.428+0000] {processor.py:161} INFO - Started process (PID=7765) to work on /home/airflow/.local/lib/python3.8/site-packages/airflow/example_dags/example_params_trigger_ui.py
[2025-04-28T12:12:18.430+0000] {processor.py:830} INFO - Processing file /home/airflow/.local/lib/python3.8/site-packages/airflow/example_dags/example_params_trigger_ui.py for tasks to queue
[2025-04-28T12:12:18.432+0000] {logging_mixin.py:188} INFO - [2025-04-28T12:12:18.431+0000] {dagbag.py:538} INFO - Filling up the DagBag from /home/airflow/.local/lib/python3.8/site-packages/airflow/example_dags/example_params_trigger_ui.py
[2025-04-28T12:12:18.463+0000] {processor.py:840} INFO - DAG(s) 'example_params_trigger_ui' retrieved from /home/airflow/.local/lib/python3.8/site-packages/airflow/example_dags/example_params_trigger_ui.py
[2025-04-28T12:12:18.590+0000] {logging_mixin.py:188} INFO - [2025-04-28T12:12:18.589+0000] {dag.py:3033} INFO - Sync 1 DAGs
[2025-04-28T12:12:18.614+0000] {logging_mixin.py:188} INFO - [2025-04-28T12:12:18.614+0000] {dag.py:3820} INFO - Setting next_dagrun for example_params_trigger_ui to None, run_after=None
[2025-04-28T12:12:18.663+0000] {processor.py:183} INFO - Processing /home/airflow/.local/lib/python3.8/site-packages/airflow/example_dags/example_params_trigger_ui.py took 0.241 seconds
[2025-04-28T12:12:50.892+0000] {processor.py:161} INFO - Started process (PID=7821) to work on /home/airflow/.local/lib/python3.8/site-packages/airflow/example_dags/example_params_trigger_ui.py
[2025-04-28T12:12:50.893+0000] {processor.py:830} INFO - Processing file /home/airflow/.local/lib/python3.8/site-packages/airflow/example_dags/example_params_trigger_ui.py for tasks to queue
[2025-04-28T12:12:50.896+0000] {logging_mixin.py:188} INFO - [2025-04-28T12:12:50.895+0000] {dagbag.py:538} INFO - Filling up the DagBag from /home/airflow/.local/lib/python3.8/site-packages/airflow/example_dags/example_params_trigger_ui.py
[2025-04-28T12:12:50.921+0000] {processor.py:840} INFO - DAG(s) 'example_params_trigger_ui' retrieved from /home/airflow/.local/lib/python3.8/site-packages/airflow/example_dags/example_params_trigger_ui.py
[2025-04-28T12:12:51.025+0000] {logging_mixin.py:188} INFO - [2025-04-28T12:12:51.025+0000] {dag.py:3033} INFO - Sync 1 DAGs
[2025-04-28T12:12:51.049+0000] {logging_mixin.py:188} INFO - [2025-04-28T12:12:51.048+0000] {dag.py:3820} INFO - Setting next_dagrun for example_params_trigger_ui to None, run_after=None
[2025-04-28T12:12:51.086+0000] {processor.py:183} INFO - Processing /home/airflow/.local/lib/python3.8/site-packages/airflow/example_dags/example_params_trigger_ui.py took 0.200 seconds
[2025-04-28T12:13:23.451+0000] {processor.py:161} INFO - Started process (PID=7877) to work on /home/airflow/.local/lib/python3.8/site-packages/airflow/example_dags/example_params_trigger_ui.py
[2025-04-28T12:13:23.453+0000] {processor.py:830} INFO - Processing file /home/airflow/.local/lib/python3.8/site-packages/airflow/example_dags/example_params_trigger_ui.py for tasks to queue
[2025-04-28T12:13:23.455+0000] {logging_mixin.py:188} INFO - [2025-04-28T12:13:23.454+0000] {dagbag.py:538} INFO - Filling up the DagBag from /home/airflow/.local/lib/python3.8/site-packages/airflow/example_dags/example_params_trigger_ui.py
[2025-04-28T12:13:23.490+0000] {processor.py:840} INFO - DAG(s) 'example_params_trigger_ui' retrieved from /home/airflow/.local/lib/python3.8/site-packages/airflow/example_dags/example_params_trigger_ui.py
[2025-04-28T12:13:23.659+0000] {logging_mixin.py:188} INFO - [2025-04-28T12:13:23.658+0000] {dag.py:3033} INFO - Sync 1 DAGs
[2025-04-28T12:13:23.686+0000] {logging_mixin.py:188} INFO - [2025-04-28T12:13:23.686+0000] {dag.py:3820} INFO - Setting next_dagrun for example_params_trigger_ui to None, run_after=None
[2025-04-28T12:13:23.740+0000] {processor.py:183} INFO - Processing /home/airflow/.local/lib/python3.8/site-packages/airflow/example_dags/example_params_trigger_ui.py took 0.295 seconds
[2025-04-28T12:13:56.446+0000] {processor.py:161} INFO - Started process (PID=7934) to work on /home/airflow/.local/lib/python3.8/site-packages/airflow/example_dags/example_params_trigger_ui.py
[2025-04-28T12:13:56.447+0000] {processor.py:830} INFO - Processing file /home/airflow/.local/lib/python3.8/site-packages/airflow/example_dags/example_params_trigger_ui.py for tasks to queue
[2025-04-28T12:13:56.449+0000] {logging_mixin.py:188} INFO - [2025-04-28T12:13:56.449+0000] {dagbag.py:538} INFO - Filling up the DagBag from /home/airflow/.local/lib/python3.8/site-packages/airflow/example_dags/example_params_trigger_ui.py
[2025-04-28T12:13:56.477+0000] {processor.py:840} INFO - DAG(s) 'example_params_trigger_ui' retrieved from /home/airflow/.local/lib/python3.8/site-packages/airflow/example_dags/example_params_trigger_ui.py
[2025-04-28T12:13:56.646+0000] {logging_mixin.py:188} INFO - [2025-04-28T12:13:56.646+0000] {dag.py:3033} INFO - Sync 1 DAGs
[2025-04-28T12:13:56.698+0000] {logging_mixin.py:188} INFO - [2025-04-28T12:13:56.697+0000] {dag.py:3820} INFO - Setting next_dagrun for example_params_trigger_ui to None, run_after=None
[2025-04-28T12:13:56.778+0000] {processor.py:183} INFO - Processing /home/airflow/.local/lib/python3.8/site-packages/airflow/example_dags/example_params_trigger_ui.py took 0.339 seconds
[2025-04-28T12:14:29.479+0000] {processor.py:161} INFO - Started process (PID=7990) to work on /home/airflow/.local/lib/python3.8/site-packages/airflow/example_dags/example_params_trigger_ui.py
[2025-04-28T12:14:29.481+0000] {processor.py:830} INFO - Processing file /home/airflow/.local/lib/python3.8/site-packages/airflow/example_dags/example_params_trigger_ui.py for tasks to queue
[2025-04-28T12:14:29.483+0000] {logging_mixin.py:188} INFO - [2025-04-28T12:14:29.482+0000] {dagbag.py:538} INFO - Filling up the DagBag from /home/airflow/.local/lib/python3.8/site-packages/airflow/example_dags/example_params_trigger_ui.py
[2025-04-28T12:14:29.523+0000] {processor.py:840} INFO - DAG(s) 'example_params_trigger_ui' retrieved from /home/airflow/.local/lib/python3.8/site-packages/airflow/example_dags/example_params_trigger_ui.py
[2025-04-28T12:14:29.651+0000] {logging_mixin.py:188} INFO - [2025-04-28T12:14:29.651+0000] {dag.py:3033} INFO - Sync 1 DAGs
[2025-04-28T12:14:29.683+0000] {logging_mixin.py:188} INFO - [2025-04-28T12:14:29.683+0000] {dag.py:3820} INFO - Setting next_dagrun for example_params_trigger_ui to None, run_after=None
[2025-04-28T12:14:29.729+0000] {processor.py:183} INFO - Processing /home/airflow/.local/lib/python3.8/site-packages/airflow/example_dags/example_params_trigger_ui.py took 0.256 seconds
[2025-04-28T12:15:02.944+0000] {processor.py:161} INFO - Started process (PID=8046) to work on /home/airflow/.local/lib/python3.8/site-packages/airflow/example_dags/example_params_trigger_ui.py
[2025-04-28T12:15:02.945+0000] {processor.py:830} INFO - Processing file /home/airflow/.local/lib/python3.8/site-packages/airflow/example_dags/example_params_trigger_ui.py for tasks to queue
[2025-04-28T12:15:02.947+0000] {logging_mixin.py:188} INFO - [2025-04-28T12:15:02.947+0000] {dagbag.py:538} INFO - Filling up the DagBag from /home/airflow/.local/lib/python3.8/site-packages/airflow/example_dags/example_params_trigger_ui.py
[2025-04-28T12:15:02.987+0000] {processor.py:840} INFO - DAG(s) 'example_params_trigger_ui' retrieved from /home/airflow/.local/lib/python3.8/site-packages/airflow/example_dags/example_params_trigger_ui.py
[2025-04-28T12:15:03.281+0000] {logging_mixin.py:188} INFO - [2025-04-28T12:15:03.280+0000] {dag.py:3033} INFO - Sync 1 DAGs
[2025-04-28T12:15:03.319+0000] {logging_mixin.py:188} INFO - [2025-04-28T12:15:03.319+0000] {dag.py:3820} INFO - Setting next_dagrun for example_params_trigger_ui to None, run_after=None
[2025-04-28T12:15:03.380+0000] {processor.py:183} INFO - Processing /home/airflow/.local/lib/python3.8/site-packages/airflow/example_dags/example_params_trigger_ui.py took 0.444 seconds
[2025-04-28T12:15:34.466+0000] {processor.py:161} INFO - Started process (PID=8102) to work on /home/airflow/.local/lib/python3.8/site-packages/airflow/example_dags/example_params_trigger_ui.py
[2025-04-28T12:15:34.468+0000] {processor.py:830} INFO - Processing file /home/airflow/.local/lib/python3.8/site-packages/airflow/example_dags/example_params_trigger_ui.py for tasks to queue
[2025-04-28T12:15:34.469+0000] {logging_mixin.py:188} INFO - [2025-04-28T12:15:34.469+0000] {dagbag.py:538} INFO - Filling up the DagBag from /home/airflow/.local/lib/python3.8/site-packages/airflow/example_dags/example_params_trigger_ui.py
[2025-04-28T12:15:34.490+0000] {processor.py:840} INFO - DAG(s) 'example_params_trigger_ui' retrieved from /home/airflow/.local/lib/python3.8/site-packages/airflow/example_dags/example_params_trigger_ui.py
[2025-04-28T12:15:34.597+0000] {logging_mixin.py:188} INFO - [2025-04-28T12:15:34.597+0000] {dag.py:3033} INFO - Sync 1 DAGs
[2025-04-28T12:15:34.616+0000] {logging_mixin.py:188} INFO - [2025-04-28T12:15:34.615+0000] {dag.py:3820} INFO - Setting next_dagrun for example_params_trigger_ui to None, run_after=None
[2025-04-28T12:15:34.655+0000] {processor.py:183} INFO - Processing /home/airflow/.local/lib/python3.8/site-packages/airflow/example_dags/example_params_trigger_ui.py took 0.193 seconds
[2025-04-28T12:16:05.679+0000] {processor.py:161} INFO - Started process (PID=8158) to work on /home/airflow/.local/lib/python3.8/site-packages/airflow/example_dags/example_params_trigger_ui.py
[2025-04-28T12:16:05.681+0000] {processor.py:830} INFO - Processing file /home/airflow/.local/lib/python3.8/site-packages/airflow/example_dags/example_params_trigger_ui.py for tasks to queue
[2025-04-28T12:16:05.683+0000] {logging_mixin.py:188} INFO - [2025-04-28T12:16:05.682+0000] {dagbag.py:538} INFO - Filling up the DagBag from /home/airflow/.local/lib/python3.8/site-packages/airflow/example_dags/example_params_trigger_ui.py
[2025-04-28T12:16:05.714+0000] {processor.py:840} INFO - DAG(s) 'example_params_trigger_ui' retrieved from /home/airflow/.local/lib/python3.8/site-packages/airflow/example_dags/example_params_trigger_ui.py
[2025-04-28T12:16:05.855+0000] {logging_mixin.py:188} INFO - [2025-04-28T12:16:05.855+0000] {dag.py:3033} INFO - Sync 1 DAGs
[2025-04-28T12:16:05.876+0000] {logging_mixin.py:188} INFO - [2025-04-28T12:16:05.876+0000] {dag.py:3820} INFO - Setting next_dagrun for example_params_trigger_ui to None, run_after=None
[2025-04-28T12:16:05.914+0000] {processor.py:183} INFO - Processing /home/airflow/.local/lib/python3.8/site-packages/airflow/example_dags/example_params_trigger_ui.py took 0.241 seconds
[2025-04-28T12:16:36.172+0000] {processor.py:161} INFO - Started process (PID=8214) to work on /home/airflow/.local/lib/python3.8/site-packages/airflow/example_dags/example_params_trigger_ui.py
[2025-04-28T12:16:36.174+0000] {processor.py:830} INFO - Processing file /home/airflow/.local/lib/python3.8/site-packages/airflow/example_dags/example_params_trigger_ui.py for tasks to queue
[2025-04-28T12:16:36.176+0000] {logging_mixin.py:188} INFO - [2025-04-28T12:16:36.175+0000] {dagbag.py:538} INFO - Filling up the DagBag from /home/airflow/.local/lib/python3.8/site-packages/airflow/example_dags/example_params_trigger_ui.py
[2025-04-28T12:16:36.202+0000] {processor.py:840} INFO - DAG(s) 'example_params_trigger_ui' retrieved from /home/airflow/.local/lib/python3.8/site-packages/airflow/example_dags/example_params_trigger_ui.py
[2025-04-28T12:16:36.335+0000] {logging_mixin.py:188} INFO - [2025-04-28T12:16:36.335+0000] {dag.py:3033} INFO - Sync 1 DAGs
[2025-04-28T12:16:36.355+0000] {logging_mixin.py:188} INFO - [2025-04-28T12:16:36.355+0000] {dag.py:3820} INFO - Setting next_dagrun for example_params_trigger_ui to None, run_after=None
[2025-04-28T12:16:36.391+0000] {processor.py:183} INFO - Processing /home/airflow/.local/lib/python3.8/site-packages/airflow/example_dags/example_params_trigger_ui.py took 0.226 seconds
[2025-04-28T12:17:06.942+0000] {processor.py:161} INFO - Started process (PID=8264) to work on /home/airflow/.local/lib/python3.8/site-packages/airflow/example_dags/example_params_trigger_ui.py
[2025-04-28T12:17:06.944+0000] {processor.py:830} INFO - Processing file /home/airflow/.local/lib/python3.8/site-packages/airflow/example_dags/example_params_trigger_ui.py for tasks to queue
[2025-04-28T12:17:06.946+0000] {logging_mixin.py:188} INFO - [2025-04-28T12:17:06.945+0000] {dagbag.py:538} INFO - Filling up the DagBag from /home/airflow/.local/lib/python3.8/site-packages/airflow/example_dags/example_params_trigger_ui.py
[2025-04-28T12:17:06.974+0000] {processor.py:840} INFO - DAG(s) 'example_params_trigger_ui' retrieved from /home/airflow/.local/lib/python3.8/site-packages/airflow/example_dags/example_params_trigger_ui.py
[2025-04-28T12:17:07.103+0000] {logging_mixin.py:188} INFO - [2025-04-28T12:17:07.103+0000] {dag.py:3033} INFO - Sync 1 DAGs
[2025-04-28T12:17:07.131+0000] {logging_mixin.py:188} INFO - [2025-04-28T12:17:07.130+0000] {dag.py:3820} INFO - Setting next_dagrun for example_params_trigger_ui to None, run_after=None
[2025-04-28T12:17:07.173+0000] {processor.py:183} INFO - Processing /home/airflow/.local/lib/python3.8/site-packages/airflow/example_dags/example_params_trigger_ui.py took 0.237 seconds
[2025-04-28T12:17:38.918+0000] {processor.py:161} INFO - Started process (PID=8320) to work on /home/airflow/.local/lib/python3.8/site-packages/airflow/example_dags/example_params_trigger_ui.py
[2025-04-28T12:17:38.920+0000] {processor.py:830} INFO - Processing file /home/airflow/.local/lib/python3.8/site-packages/airflow/example_dags/example_params_trigger_ui.py for tasks to queue
[2025-04-28T12:17:38.922+0000] {logging_mixin.py:188} INFO - [2025-04-28T12:17:38.922+0000] {dagbag.py:538} INFO - Filling up the DagBag from /home/airflow/.local/lib/python3.8/site-packages/airflow/example_dags/example_params_trigger_ui.py
[2025-04-28T12:17:38.965+0000] {processor.py:840} INFO - DAG(s) 'example_params_trigger_ui' retrieved from /home/airflow/.local/lib/python3.8/site-packages/airflow/example_dags/example_params_trigger_ui.py
[2025-04-28T12:17:39.114+0000] {logging_mixin.py:188} INFO - [2025-04-28T12:17:39.113+0000] {dag.py:3033} INFO - Sync 1 DAGs
[2025-04-28T12:17:39.149+0000] {logging_mixin.py:188} INFO - [2025-04-28T12:17:39.149+0000] {dag.py:3820} INFO - Setting next_dagrun for example_params_trigger_ui to None, run_after=None
[2025-04-28T12:17:39.210+0000] {processor.py:183} INFO - Processing /home/airflow/.local/lib/python3.8/site-packages/airflow/example_dags/example_params_trigger_ui.py took 0.309 seconds
[2025-04-28T12:18:09.296+0000] {processor.py:161} INFO - Started process (PID=8376) to work on /home/airflow/.local/lib/python3.8/site-packages/airflow/example_dags/example_params_trigger_ui.py
[2025-04-28T12:18:09.298+0000] {processor.py:830} INFO - Processing file /home/airflow/.local/lib/python3.8/site-packages/airflow/example_dags/example_params_trigger_ui.py for tasks to queue
[2025-04-28T12:18:09.300+0000] {logging_mixin.py:188} INFO - [2025-04-28T12:18:09.299+0000] {dagbag.py:538} INFO - Filling up the DagBag from /home/airflow/.local/lib/python3.8/site-packages/airflow/example_dags/example_params_trigger_ui.py
[2025-04-28T12:18:09.319+0000] {processor.py:840} INFO - DAG(s) 'example_params_trigger_ui' retrieved from /home/airflow/.local/lib/python3.8/site-packages/airflow/example_dags/example_params_trigger_ui.py
[2025-04-28T12:18:09.402+0000] {logging_mixin.py:188} INFO - [2025-04-28T12:18:09.401+0000] {dag.py:3033} INFO - Sync 1 DAGs
[2025-04-28T12:18:09.418+0000] {logging_mixin.py:188} INFO - [2025-04-28T12:18:09.418+0000] {dag.py:3820} INFO - Setting next_dagrun for example_params_trigger_ui to None, run_after=None
[2025-04-28T12:18:09.464+0000] {processor.py:183} INFO - Processing /home/airflow/.local/lib/python3.8/site-packages/airflow/example_dags/example_params_trigger_ui.py took 0.173 seconds
[2025-04-28T12:18:40.445+0000] {processor.py:161} INFO - Started process (PID=8433) to work on /home/airflow/.local/lib/python3.8/site-packages/airflow/example_dags/example_params_trigger_ui.py
[2025-04-28T12:18:40.447+0000] {processor.py:830} INFO - Processing file /home/airflow/.local/lib/python3.8/site-packages/airflow/example_dags/example_params_trigger_ui.py for tasks to queue
[2025-04-28T12:18:40.449+0000] {logging_mixin.py:188} INFO - [2025-04-28T12:18:40.448+0000] {dagbag.py:538} INFO - Filling up the DagBag from /home/airflow/.local/lib/python3.8/site-packages/airflow/example_dags/example_params_trigger_ui.py
[2025-04-28T12:18:40.473+0000] {processor.py:840} INFO - DAG(s) 'example_params_trigger_ui' retrieved from /home/airflow/.local/lib/python3.8/site-packages/airflow/example_dags/example_params_trigger_ui.py
[2025-04-28T12:18:40.589+0000] {logging_mixin.py:188} INFO - [2025-04-28T12:18:40.588+0000] {dag.py:3033} INFO - Sync 1 DAGs
[2025-04-28T12:18:40.613+0000] {logging_mixin.py:188} INFO - [2025-04-28T12:18:40.612+0000] {dag.py:3820} INFO - Setting next_dagrun for example_params_trigger_ui to None, run_after=None
[2025-04-28T12:18:40.643+0000] {processor.py:183} INFO - Processing /home/airflow/.local/lib/python3.8/site-packages/airflow/example_dags/example_params_trigger_ui.py took 0.202 seconds
[2025-04-28T12:19:10.923+0000] {processor.py:161} INFO - Started process (PID=8489) to work on /home/airflow/.local/lib/python3.8/site-packages/airflow/example_dags/example_params_trigger_ui.py
[2025-04-28T12:19:10.924+0000] {processor.py:830} INFO - Processing file /home/airflow/.local/lib/python3.8/site-packages/airflow/example_dags/example_params_trigger_ui.py for tasks to queue
[2025-04-28T12:19:10.926+0000] {logging_mixin.py:188} INFO - [2025-04-28T12:19:10.926+0000] {dagbag.py:538} INFO - Filling up the DagBag from /home/airflow/.local/lib/python3.8/site-packages/airflow/example_dags/example_params_trigger_ui.py
[2025-04-28T12:19:10.959+0000] {processor.py:840} INFO - DAG(s) 'example_params_trigger_ui' retrieved from /home/airflow/.local/lib/python3.8/site-packages/airflow/example_dags/example_params_trigger_ui.py
[2025-04-28T12:19:11.083+0000] {logging_mixin.py:188} INFO - [2025-04-28T12:19:11.082+0000] {dag.py:3033} INFO - Sync 1 DAGs
[2025-04-28T12:19:11.105+0000] {logging_mixin.py:188} INFO - [2025-04-28T12:19:11.104+0000] {dag.py:3820} INFO - Setting next_dagrun for example_params_trigger_ui to None, run_after=None
[2025-04-28T12:19:11.161+0000] {processor.py:183} INFO - Processing /home/airflow/.local/lib/python3.8/site-packages/airflow/example_dags/example_params_trigger_ui.py took 0.244 seconds
[2025-04-28T12:19:41.826+0000] {processor.py:161} INFO - Started process (PID=8547) to work on /home/airflow/.local/lib/python3.8/site-packages/airflow/example_dags/example_params_trigger_ui.py
[2025-04-28T12:19:41.828+0000] {processor.py:830} INFO - Processing file /home/airflow/.local/lib/python3.8/site-packages/airflow/example_dags/example_params_trigger_ui.py for tasks to queue
[2025-04-28T12:19:41.838+0000] {logging_mixin.py:188} INFO - [2025-04-28T12:19:41.838+0000] {dagbag.py:538} INFO - Filling up the DagBag from /home/airflow/.local/lib/python3.8/site-packages/airflow/example_dags/example_params_trigger_ui.py
[2025-04-28T12:19:41.872+0000] {processor.py:840} INFO - DAG(s) 'example_params_trigger_ui' retrieved from /home/airflow/.local/lib/python3.8/site-packages/airflow/example_dags/example_params_trigger_ui.py
[2025-04-28T12:19:42.016+0000] {logging_mixin.py:188} INFO - [2025-04-28T12:19:42.015+0000] {dag.py:3033} INFO - Sync 1 DAGs
[2025-04-28T12:19:42.049+0000] {logging_mixin.py:188} INFO - [2025-04-28T12:19:42.048+0000] {dag.py:3820} INFO - Setting next_dagrun for example_params_trigger_ui to None, run_after=None
[2025-04-28T12:19:42.189+0000] {processor.py:183} INFO - Processing /home/airflow/.local/lib/python3.8/site-packages/airflow/example_dags/example_params_trigger_ui.py took 0.370 seconds
[2025-04-28T12:20:12.395+0000] {processor.py:161} INFO - Started process (PID=8603) to work on /home/airflow/.local/lib/python3.8/site-packages/airflow/example_dags/example_params_trigger_ui.py
[2025-04-28T12:20:12.397+0000] {processor.py:830} INFO - Processing file /home/airflow/.local/lib/python3.8/site-packages/airflow/example_dags/example_params_trigger_ui.py for tasks to queue
[2025-04-28T12:20:12.398+0000] {logging_mixin.py:188} INFO - [2025-04-28T12:20:12.398+0000] {dagbag.py:538} INFO - Filling up the DagBag from /home/airflow/.local/lib/python3.8/site-packages/airflow/example_dags/example_params_trigger_ui.py
[2025-04-28T12:20:12.429+0000] {processor.py:840} INFO - DAG(s) 'example_params_trigger_ui' retrieved from /home/airflow/.local/lib/python3.8/site-packages/airflow/example_dags/example_params_trigger_ui.py
[2025-04-28T12:20:12.545+0000] {logging_mixin.py:188} INFO - [2025-04-28T12:20:12.545+0000] {dag.py:3033} INFO - Sync 1 DAGs
[2025-04-28T12:20:12.567+0000] {logging_mixin.py:188} INFO - [2025-04-28T12:20:12.566+0000] {dag.py:3820} INFO - Setting next_dagrun for example_params_trigger_ui to None, run_after=None
[2025-04-28T12:20:12.609+0000] {processor.py:183} INFO - Processing /home/airflow/.local/lib/python3.8/site-packages/airflow/example_dags/example_params_trigger_ui.py took 0.219 seconds
[2025-04-28T12:20:43.013+0000] {processor.py:161} INFO - Started process (PID=8660) to work on /home/airflow/.local/lib/python3.8/site-packages/airflow/example_dags/example_params_trigger_ui.py
[2025-04-28T12:20:43.014+0000] {processor.py:830} INFO - Processing file /home/airflow/.local/lib/python3.8/site-packages/airflow/example_dags/example_params_trigger_ui.py for tasks to queue
[2025-04-28T12:20:43.015+0000] {logging_mixin.py:188} INFO - [2025-04-28T12:20:43.015+0000] {dagbag.py:538} INFO - Filling up the DagBag from /home/airflow/.local/lib/python3.8/site-packages/airflow/example_dags/example_params_trigger_ui.py
[2025-04-28T12:20:43.041+0000] {processor.py:840} INFO - DAG(s) 'example_params_trigger_ui' retrieved from /home/airflow/.local/lib/python3.8/site-packages/airflow/example_dags/example_params_trigger_ui.py
[2025-04-28T12:20:43.176+0000] {logging_mixin.py:188} INFO - [2025-04-28T12:20:43.176+0000] {dag.py:3033} INFO - Sync 1 DAGs
[2025-04-28T12:20:43.197+0000] {logging_mixin.py:188} INFO - [2025-04-28T12:20:43.197+0000] {dag.py:3820} INFO - Setting next_dagrun for example_params_trigger_ui to None, run_after=None
[2025-04-28T12:20:43.236+0000] {processor.py:183} INFO - Processing /home/airflow/.local/lib/python3.8/site-packages/airflow/example_dags/example_params_trigger_ui.py took 0.228 seconds
[2025-04-28T12:21:18.843+0000] {processor.py:161} INFO - Started process (PID=8715) to work on /home/airflow/.local/lib/python3.8/site-packages/airflow/example_dags/example_params_trigger_ui.py
[2025-04-28T12:21:18.845+0000] {processor.py:830} INFO - Processing file /home/airflow/.local/lib/python3.8/site-packages/airflow/example_dags/example_params_trigger_ui.py for tasks to queue
[2025-04-28T12:21:18.847+0000] {logging_mixin.py:188} INFO - [2025-04-28T12:21:18.846+0000] {dagbag.py:538} INFO - Filling up the DagBag from /home/airflow/.local/lib/python3.8/site-packages/airflow/example_dags/example_params_trigger_ui.py
[2025-04-28T12:21:18.875+0000] {processor.py:840} INFO - DAG(s) 'example_params_trigger_ui' retrieved from /home/airflow/.local/lib/python3.8/site-packages/airflow/example_dags/example_params_trigger_ui.py
[2025-04-28T12:21:19.014+0000] {logging_mixin.py:188} INFO - [2025-04-28T12:21:19.013+0000] {dag.py:3033} INFO - Sync 1 DAGs
[2025-04-28T12:21:19.035+0000] {logging_mixin.py:188} INFO - [2025-04-28T12:21:19.035+0000] {dag.py:3820} INFO - Setting next_dagrun for example_params_trigger_ui to None, run_after=None
[2025-04-28T12:21:19.077+0000] {processor.py:183} INFO - Processing /home/airflow/.local/lib/python3.8/site-packages/airflow/example_dags/example_params_trigger_ui.py took 0.238 seconds
[2025-04-28T12:21:49.904+0000] {processor.py:161} INFO - Started process (PID=8770) to work on /home/airflow/.local/lib/python3.8/site-packages/airflow/example_dags/example_params_trigger_ui.py
[2025-04-28T12:21:49.906+0000] {processor.py:830} INFO - Processing file /home/airflow/.local/lib/python3.8/site-packages/airflow/example_dags/example_params_trigger_ui.py for tasks to queue
[2025-04-28T12:21:49.908+0000] {logging_mixin.py:188} INFO - [2025-04-28T12:21:49.907+0000] {dagbag.py:538} INFO - Filling up the DagBag from /home/airflow/.local/lib/python3.8/site-packages/airflow/example_dags/example_params_trigger_ui.py
[2025-04-28T12:21:49.937+0000] {processor.py:840} INFO - DAG(s) 'example_params_trigger_ui' retrieved from /home/airflow/.local/lib/python3.8/site-packages/airflow/example_dags/example_params_trigger_ui.py
[2025-04-28T12:21:50.075+0000] {logging_mixin.py:188} INFO - [2025-04-28T12:21:50.075+0000] {dag.py:3033} INFO - Sync 1 DAGs
[2025-04-28T12:21:50.104+0000] {logging_mixin.py:188} INFO - [2025-04-28T12:21:50.103+0000] {dag.py:3820} INFO - Setting next_dagrun for example_params_trigger_ui to None, run_after=None
[2025-04-28T12:21:50.153+0000] {processor.py:183} INFO - Processing /home/airflow/.local/lib/python3.8/site-packages/airflow/example_dags/example_params_trigger_ui.py took 0.256 seconds
[2025-04-28T12:22:20.366+0000] {processor.py:161} INFO - Started process (PID=8826) to work on /home/airflow/.local/lib/python3.8/site-packages/airflow/example_dags/example_params_trigger_ui.py
[2025-04-28T12:22:20.369+0000] {processor.py:830} INFO - Processing file /home/airflow/.local/lib/python3.8/site-packages/airflow/example_dags/example_params_trigger_ui.py for tasks to queue
[2025-04-28T12:22:20.372+0000] {logging_mixin.py:188} INFO - [2025-04-28T12:22:20.371+0000] {dagbag.py:538} INFO - Filling up the DagBag from /home/airflow/.local/lib/python3.8/site-packages/airflow/example_dags/example_params_trigger_ui.py
[2025-04-28T12:22:20.400+0000] {processor.py:840} INFO - DAG(s) 'example_params_trigger_ui' retrieved from /home/airflow/.local/lib/python3.8/site-packages/airflow/example_dags/example_params_trigger_ui.py
[2025-04-28T12:22:20.500+0000] {logging_mixin.py:188} INFO - [2025-04-28T12:22:20.500+0000] {dag.py:3033} INFO - Sync 1 DAGs
[2025-04-28T12:22:20.525+0000] {logging_mixin.py:188} INFO - [2025-04-28T12:22:20.525+0000] {dag.py:3820} INFO - Setting next_dagrun for example_params_trigger_ui to None, run_after=None
[2025-04-28T12:22:20.561+0000] {processor.py:183} INFO - Processing /home/airflow/.local/lib/python3.8/site-packages/airflow/example_dags/example_params_trigger_ui.py took 0.206 seconds
[2025-04-28T12:22:51.046+0000] {processor.py:161} INFO - Started process (PID=8882) to work on /home/airflow/.local/lib/python3.8/site-packages/airflow/example_dags/example_params_trigger_ui.py
[2025-04-28T12:22:51.048+0000] {processor.py:830} INFO - Processing file /home/airflow/.local/lib/python3.8/site-packages/airflow/example_dags/example_params_trigger_ui.py for tasks to queue
[2025-04-28T12:22:51.050+0000] {logging_mixin.py:188} INFO - [2025-04-28T12:22:51.050+0000] {dagbag.py:538} INFO - Filling up the DagBag from /home/airflow/.local/lib/python3.8/site-packages/airflow/example_dags/example_params_trigger_ui.py
[2025-04-28T12:22:51.080+0000] {processor.py:840} INFO - DAG(s) 'example_params_trigger_ui' retrieved from /home/airflow/.local/lib/python3.8/site-packages/airflow/example_dags/example_params_trigger_ui.py
[2025-04-28T12:22:51.212+0000] {logging_mixin.py:188} INFO - [2025-04-28T12:22:51.212+0000] {dag.py:3033} INFO - Sync 1 DAGs
[2025-04-28T12:22:51.239+0000] {logging_mixin.py:188} INFO - [2025-04-28T12:22:51.239+0000] {dag.py:3820} INFO - Setting next_dagrun for example_params_trigger_ui to None, run_after=None
[2025-04-28T12:22:51.288+0000] {processor.py:183} INFO - Processing /home/airflow/.local/lib/python3.8/site-packages/airflow/example_dags/example_params_trigger_ui.py took 0.251 seconds
[2025-04-28T12:23:21.530+0000] {processor.py:161} INFO - Started process (PID=8939) to work on /home/airflow/.local/lib/python3.8/site-packages/airflow/example_dags/example_params_trigger_ui.py
[2025-04-28T12:23:21.531+0000] {processor.py:830} INFO - Processing file /home/airflow/.local/lib/python3.8/site-packages/airflow/example_dags/example_params_trigger_ui.py for tasks to queue
[2025-04-28T12:23:21.533+0000] {logging_mixin.py:188} INFO - [2025-04-28T12:23:21.532+0000] {dagbag.py:538} INFO - Filling up the DagBag from /home/airflow/.local/lib/python3.8/site-packages/airflow/example_dags/example_params_trigger_ui.py
[2025-04-28T12:23:21.558+0000] {processor.py:840} INFO - DAG(s) 'example_params_trigger_ui' retrieved from /home/airflow/.local/lib/python3.8/site-packages/airflow/example_dags/example_params_trigger_ui.py
[2025-04-28T12:23:21.689+0000] {logging_mixin.py:188} INFO - [2025-04-28T12:23:21.689+0000] {dag.py:3033} INFO - Sync 1 DAGs
[2025-04-28T12:23:21.719+0000] {logging_mixin.py:188} INFO - [2025-04-28T12:23:21.718+0000] {dag.py:3820} INFO - Setting next_dagrun for example_params_trigger_ui to None, run_after=None
[2025-04-28T12:23:21.760+0000] {processor.py:183} INFO - Processing /home/airflow/.local/lib/python3.8/site-packages/airflow/example_dags/example_params_trigger_ui.py took 0.236 seconds
[2025-04-28T12:23:51.975+0000] {processor.py:161} INFO - Started process (PID=8994) to work on /home/airflow/.local/lib/python3.8/site-packages/airflow/example_dags/example_params_trigger_ui.py
[2025-04-28T12:23:51.977+0000] {processor.py:830} INFO - Processing file /home/airflow/.local/lib/python3.8/site-packages/airflow/example_dags/example_params_trigger_ui.py for tasks to queue
[2025-04-28T12:23:51.978+0000] {logging_mixin.py:188} INFO - [2025-04-28T12:23:51.978+0000] {dagbag.py:538} INFO - Filling up the DagBag from /home/airflow/.local/lib/python3.8/site-packages/airflow/example_dags/example_params_trigger_ui.py
[2025-04-28T12:23:52.000+0000] {processor.py:840} INFO - DAG(s) 'example_params_trigger_ui' retrieved from /home/airflow/.local/lib/python3.8/site-packages/airflow/example_dags/example_params_trigger_ui.py
[2025-04-28T12:23:52.108+0000] {logging_mixin.py:188} INFO - [2025-04-28T12:23:52.108+0000] {dag.py:3033} INFO - Sync 1 DAGs
[2025-04-28T12:23:52.127+0000] {logging_mixin.py:188} INFO - [2025-04-28T12:23:52.127+0000] {dag.py:3820} INFO - Setting next_dagrun for example_params_trigger_ui to None, run_after=None
[2025-04-28T12:23:52.168+0000] {processor.py:183} INFO - Processing /home/airflow/.local/lib/python3.8/site-packages/airflow/example_dags/example_params_trigger_ui.py took 0.197 seconds
[2025-04-28T12:24:26.666+0000] {processor.py:161} INFO - Started process (PID=9050) to work on /home/airflow/.local/lib/python3.8/site-packages/airflow/example_dags/example_params_trigger_ui.py
[2025-04-28T12:24:26.668+0000] {processor.py:830} INFO - Processing file /home/airflow/.local/lib/python3.8/site-packages/airflow/example_dags/example_params_trigger_ui.py for tasks to queue
[2025-04-28T12:24:26.670+0000] {logging_mixin.py:188} INFO - [2025-04-28T12:24:26.669+0000] {dagbag.py:538} INFO - Filling up the DagBag from /home/airflow/.local/lib/python3.8/site-packages/airflow/example_dags/example_params_trigger_ui.py
[2025-04-28T12:24:26.696+0000] {processor.py:840} INFO - DAG(s) 'example_params_trigger_ui' retrieved from /home/airflow/.local/lib/python3.8/site-packages/airflow/example_dags/example_params_trigger_ui.py
[2025-04-28T12:24:26.810+0000] {logging_mixin.py:188} INFO - [2025-04-28T12:24:26.810+0000] {dag.py:3033} INFO - Sync 1 DAGs
[2025-04-28T12:24:26.832+0000] {logging_mixin.py:188} INFO - [2025-04-28T12:24:26.831+0000] {dag.py:3820} INFO - Setting next_dagrun for example_params_trigger_ui to None, run_after=None
[2025-04-28T12:24:26.867+0000] {processor.py:183} INFO - Processing /home/airflow/.local/lib/python3.8/site-packages/airflow/example_dags/example_params_trigger_ui.py took 0.207 seconds
[2025-04-28T12:24:57.529+0000] {processor.py:161} INFO - Started process (PID=9107) to work on /home/airflow/.local/lib/python3.8/site-packages/airflow/example_dags/example_params_trigger_ui.py
[2025-04-28T12:24:57.531+0000] {processor.py:830} INFO - Processing file /home/airflow/.local/lib/python3.8/site-packages/airflow/example_dags/example_params_trigger_ui.py for tasks to queue
[2025-04-28T12:24:57.534+0000] {logging_mixin.py:188} INFO - [2025-04-28T12:24:57.533+0000] {dagbag.py:538} INFO - Filling up the DagBag from /home/airflow/.local/lib/python3.8/site-packages/airflow/example_dags/example_params_trigger_ui.py
[2025-04-28T12:24:57.601+0000] {processor.py:840} INFO - DAG(s) 'example_params_trigger_ui' retrieved from /home/airflow/.local/lib/python3.8/site-packages/airflow/example_dags/example_params_trigger_ui.py
[2025-04-28T12:24:57.799+0000] {logging_mixin.py:188} INFO - [2025-04-28T12:24:57.799+0000] {dag.py:3033} INFO - Sync 1 DAGs
[2025-04-28T12:24:57.818+0000] {logging_mixin.py:188} INFO - [2025-04-28T12:24:57.818+0000] {dag.py:3820} INFO - Setting next_dagrun for example_params_trigger_ui to None, run_after=None
[2025-04-28T12:24:57.862+0000] {processor.py:183} INFO - Processing /home/airflow/.local/lib/python3.8/site-packages/airflow/example_dags/example_params_trigger_ui.py took 0.340 seconds
[2025-04-28T12:25:33.261+0000] {processor.py:161} INFO - Started process (PID=9164) to work on /home/airflow/.local/lib/python3.8/site-packages/airflow/example_dags/example_params_trigger_ui.py
[2025-04-28T12:25:33.262+0000] {processor.py:830} INFO - Processing file /home/airflow/.local/lib/python3.8/site-packages/airflow/example_dags/example_params_trigger_ui.py for tasks to queue
[2025-04-28T12:25:33.264+0000] {logging_mixin.py:188} INFO - [2025-04-28T12:25:33.263+0000] {dagbag.py:538} INFO - Filling up the DagBag from /home/airflow/.local/lib/python3.8/site-packages/airflow/example_dags/example_params_trigger_ui.py
[2025-04-28T12:25:33.288+0000] {processor.py:840} INFO - DAG(s) 'example_params_trigger_ui' retrieved from /home/airflow/.local/lib/python3.8/site-packages/airflow/example_dags/example_params_trigger_ui.py
[2025-04-28T12:25:33.396+0000] {logging_mixin.py:188} INFO - [2025-04-28T12:25:33.396+0000] {dag.py:3033} INFO - Sync 1 DAGs
[2025-04-28T12:25:33.416+0000] {logging_mixin.py:188} INFO - [2025-04-28T12:25:33.416+0000] {dag.py:3820} INFO - Setting next_dagrun for example_params_trigger_ui to None, run_after=None
[2025-04-28T12:25:33.459+0000] {processor.py:183} INFO - Processing /home/airflow/.local/lib/python3.8/site-packages/airflow/example_dags/example_params_trigger_ui.py took 0.204 seconds
[2025-04-28T12:26:03.805+0000] {processor.py:161} INFO - Started process (PID=9220) to work on /home/airflow/.local/lib/python3.8/site-packages/airflow/example_dags/example_params_trigger_ui.py
[2025-04-28T12:26:03.806+0000] {processor.py:830} INFO - Processing file /home/airflow/.local/lib/python3.8/site-packages/airflow/example_dags/example_params_trigger_ui.py for tasks to queue
[2025-04-28T12:26:03.808+0000] {logging_mixin.py:188} INFO - [2025-04-28T12:26:03.807+0000] {dagbag.py:538} INFO - Filling up the DagBag from /home/airflow/.local/lib/python3.8/site-packages/airflow/example_dags/example_params_trigger_ui.py
[2025-04-28T12:26:03.832+0000] {processor.py:840} INFO - DAG(s) 'example_params_trigger_ui' retrieved from /home/airflow/.local/lib/python3.8/site-packages/airflow/example_dags/example_params_trigger_ui.py
[2025-04-28T12:26:03.947+0000] {logging_mixin.py:188} INFO - [2025-04-28T12:26:03.947+0000] {dag.py:3033} INFO - Sync 1 DAGs
[2025-04-28T12:26:03.972+0000] {logging_mixin.py:188} INFO - [2025-04-28T12:26:03.971+0000] {dag.py:3820} INFO - Setting next_dagrun for example_params_trigger_ui to None, run_after=None
[2025-04-28T12:26:04.011+0000] {processor.py:183} INFO - Processing /home/airflow/.local/lib/python3.8/site-packages/airflow/example_dags/example_params_trigger_ui.py took 0.211 seconds
[2025-04-28T12:26:35.941+0000] {processor.py:161} INFO - Started process (PID=9276) to work on /home/airflow/.local/lib/python3.8/site-packages/airflow/example_dags/example_params_trigger_ui.py
[2025-04-28T12:26:35.945+0000] {processor.py:830} INFO - Processing file /home/airflow/.local/lib/python3.8/site-packages/airflow/example_dags/example_params_trigger_ui.py for tasks to queue
[2025-04-28T12:26:35.947+0000] {logging_mixin.py:188} INFO - [2025-04-28T12:26:35.946+0000] {dagbag.py:538} INFO - Filling up the DagBag from /home/airflow/.local/lib/python3.8/site-packages/airflow/example_dags/example_params_trigger_ui.py
[2025-04-28T12:26:35.995+0000] {processor.py:840} INFO - DAG(s) 'example_params_trigger_ui' retrieved from /home/airflow/.local/lib/python3.8/site-packages/airflow/example_dags/example_params_trigger_ui.py
[2025-04-28T12:26:36.207+0000] {logging_mixin.py:188} INFO - [2025-04-28T12:26:36.207+0000] {dag.py:3033} INFO - Sync 1 DAGs
[2025-04-28T12:26:36.245+0000] {logging_mixin.py:188} INFO - [2025-04-28T12:26:36.245+0000] {dag.py:3820} INFO - Setting next_dagrun for example_params_trigger_ui to None, run_after=None
[2025-04-28T12:26:36.298+0000] {processor.py:183} INFO - Processing /home/airflow/.local/lib/python3.8/site-packages/airflow/example_dags/example_params_trigger_ui.py took 0.368 seconds
[2025-04-28T12:27:07.396+0000] {processor.py:161} INFO - Started process (PID=9333) to work on /home/airflow/.local/lib/python3.8/site-packages/airflow/example_dags/example_params_trigger_ui.py
[2025-04-28T12:27:07.398+0000] {processor.py:830} INFO - Processing file /home/airflow/.local/lib/python3.8/site-packages/airflow/example_dags/example_params_trigger_ui.py for tasks to queue
[2025-04-28T12:27:07.400+0000] {logging_mixin.py:188} INFO - [2025-04-28T12:27:07.400+0000] {dagbag.py:538} INFO - Filling up the DagBag from /home/airflow/.local/lib/python3.8/site-packages/airflow/example_dags/example_params_trigger_ui.py
[2025-04-28T12:27:07.433+0000] {processor.py:840} INFO - DAG(s) 'example_params_trigger_ui' retrieved from /home/airflow/.local/lib/python3.8/site-packages/airflow/example_dags/example_params_trigger_ui.py
[2025-04-28T12:27:07.581+0000] {logging_mixin.py:188} INFO - [2025-04-28T12:27:07.581+0000] {dag.py:3033} INFO - Sync 1 DAGs
[2025-04-28T12:27:07.613+0000] {logging_mixin.py:188} INFO - [2025-04-28T12:27:07.612+0000] {dag.py:3820} INFO - Setting next_dagrun for example_params_trigger_ui to None, run_after=None
[2025-04-28T12:27:07.660+0000] {processor.py:183} INFO - Processing /home/airflow/.local/lib/python3.8/site-packages/airflow/example_dags/example_params_trigger_ui.py took 0.272 seconds
[2025-04-28T12:27:38.074+0000] {processor.py:161} INFO - Started process (PID=9389) to work on /home/airflow/.local/lib/python3.8/site-packages/airflow/example_dags/example_params_trigger_ui.py
[2025-04-28T12:27:38.076+0000] {processor.py:830} INFO - Processing file /home/airflow/.local/lib/python3.8/site-packages/airflow/example_dags/example_params_trigger_ui.py for tasks to queue
[2025-04-28T12:27:38.079+0000] {logging_mixin.py:188} INFO - [2025-04-28T12:27:38.078+0000] {dagbag.py:538} INFO - Filling up the DagBag from /home/airflow/.local/lib/python3.8/site-packages/airflow/example_dags/example_params_trigger_ui.py
[2025-04-28T12:27:38.122+0000] {processor.py:840} INFO - DAG(s) 'example_params_trigger_ui' retrieved from /home/airflow/.local/lib/python3.8/site-packages/airflow/example_dags/example_params_trigger_ui.py
[2025-04-28T12:27:38.341+0000] {logging_mixin.py:188} INFO - [2025-04-28T12:27:38.341+0000] {dag.py:3033} INFO - Sync 1 DAGs
[2025-04-28T12:27:38.368+0000] {logging_mixin.py:188} INFO - [2025-04-28T12:27:38.367+0000] {dag.py:3820} INFO - Setting next_dagrun for example_params_trigger_ui to None, run_after=None
[2025-04-28T12:27:38.415+0000] {processor.py:183} INFO - Processing /home/airflow/.local/lib/python3.8/site-packages/airflow/example_dags/example_params_trigger_ui.py took 0.353 seconds
[2025-04-28T12:28:09.700+0000] {processor.py:161} INFO - Started process (PID=9446) to work on /home/airflow/.local/lib/python3.8/site-packages/airflow/example_dags/example_params_trigger_ui.py
[2025-04-28T12:28:09.706+0000] {processor.py:830} INFO - Processing file /home/airflow/.local/lib/python3.8/site-packages/airflow/example_dags/example_params_trigger_ui.py for tasks to queue
[2025-04-28T12:28:09.708+0000] {logging_mixin.py:188} INFO - [2025-04-28T12:28:09.707+0000] {dagbag.py:538} INFO - Filling up the DagBag from /home/airflow/.local/lib/python3.8/site-packages/airflow/example_dags/example_params_trigger_ui.py
[2025-04-28T12:28:09.765+0000] {processor.py:840} INFO - DAG(s) 'example_params_trigger_ui' retrieved from /home/airflow/.local/lib/python3.8/site-packages/airflow/example_dags/example_params_trigger_ui.py
[2025-04-28T12:28:10.058+0000] {logging_mixin.py:188} INFO - [2025-04-28T12:28:10.058+0000] {dag.py:3033} INFO - Sync 1 DAGs
[2025-04-28T12:28:10.107+0000] {logging_mixin.py:188} INFO - [2025-04-28T12:28:10.107+0000] {dag.py:3820} INFO - Setting next_dagrun for example_params_trigger_ui to None, run_after=None
[2025-04-28T12:28:10.217+0000] {processor.py:183} INFO - Processing /home/airflow/.local/lib/python3.8/site-packages/airflow/example_dags/example_params_trigger_ui.py took 0.535 seconds
[2025-04-28T12:28:40.476+0000] {processor.py:161} INFO - Started process (PID=9501) to work on /home/airflow/.local/lib/python3.8/site-packages/airflow/example_dags/example_params_trigger_ui.py
[2025-04-28T12:28:40.478+0000] {processor.py:830} INFO - Processing file /home/airflow/.local/lib/python3.8/site-packages/airflow/example_dags/example_params_trigger_ui.py for tasks to queue
[2025-04-28T12:28:40.480+0000] {logging_mixin.py:188} INFO - [2025-04-28T12:28:40.480+0000] {dagbag.py:538} INFO - Filling up the DagBag from /home/airflow/.local/lib/python3.8/site-packages/airflow/example_dags/example_params_trigger_ui.py
[2025-04-28T12:28:40.517+0000] {processor.py:840} INFO - DAG(s) 'example_params_trigger_ui' retrieved from /home/airflow/.local/lib/python3.8/site-packages/airflow/example_dags/example_params_trigger_ui.py
[2025-04-28T12:28:40.814+0000] {logging_mixin.py:188} INFO - [2025-04-28T12:28:40.813+0000] {dag.py:3033} INFO - Sync 1 DAGs
[2025-04-28T12:28:40.876+0000] {logging_mixin.py:188} INFO - [2025-04-28T12:28:40.875+0000] {dag.py:3820} INFO - Setting next_dagrun for example_params_trigger_ui to None, run_after=None
[2025-04-28T12:28:41.014+0000] {processor.py:183} INFO - Processing /home/airflow/.local/lib/python3.8/site-packages/airflow/example_dags/example_params_trigger_ui.py took 0.545 seconds
[2025-04-28T12:29:11.183+0000] {processor.py:161} INFO - Started process (PID=9557) to work on /home/airflow/.local/lib/python3.8/site-packages/airflow/example_dags/example_params_trigger_ui.py
[2025-04-28T12:29:11.184+0000] {processor.py:830} INFO - Processing file /home/airflow/.local/lib/python3.8/site-packages/airflow/example_dags/example_params_trigger_ui.py for tasks to queue
[2025-04-28T12:29:11.187+0000] {logging_mixin.py:188} INFO - [2025-04-28T12:29:11.186+0000] {dagbag.py:538} INFO - Filling up the DagBag from /home/airflow/.local/lib/python3.8/site-packages/airflow/example_dags/example_params_trigger_ui.py
[2025-04-28T12:29:11.222+0000] {processor.py:840} INFO - DAG(s) 'example_params_trigger_ui' retrieved from /home/airflow/.local/lib/python3.8/site-packages/airflow/example_dags/example_params_trigger_ui.py
[2025-04-28T12:29:11.404+0000] {logging_mixin.py:188} INFO - [2025-04-28T12:29:11.403+0000] {dag.py:3033} INFO - Sync 1 DAGs
[2025-04-28T12:29:11.430+0000] {logging_mixin.py:188} INFO - [2025-04-28T12:29:11.429+0000] {dag.py:3820} INFO - Setting next_dagrun for example_params_trigger_ui to None, run_after=None
[2025-04-28T12:29:11.473+0000] {processor.py:183} INFO - Processing /home/airflow/.local/lib/python3.8/site-packages/airflow/example_dags/example_params_trigger_ui.py took 0.300 seconds
[2025-04-28T12:29:42.278+0000] {processor.py:161} INFO - Started process (PID=9613) to work on /home/airflow/.local/lib/python3.8/site-packages/airflow/example_dags/example_params_trigger_ui.py
[2025-04-28T12:29:42.281+0000] {processor.py:830} INFO - Processing file /home/airflow/.local/lib/python3.8/site-packages/airflow/example_dags/example_params_trigger_ui.py for tasks to queue
[2025-04-28T12:29:42.283+0000] {logging_mixin.py:188} INFO - [2025-04-28T12:29:42.282+0000] {dagbag.py:538} INFO - Filling up the DagBag from /home/airflow/.local/lib/python3.8/site-packages/airflow/example_dags/example_params_trigger_ui.py
[2025-04-28T12:29:42.314+0000] {processor.py:840} INFO - DAG(s) 'example_params_trigger_ui' retrieved from /home/airflow/.local/lib/python3.8/site-packages/airflow/example_dags/example_params_trigger_ui.py
[2025-04-28T12:29:42.476+0000] {logging_mixin.py:188} INFO - [2025-04-28T12:29:42.476+0000] {dag.py:3033} INFO - Sync 1 DAGs
[2025-04-28T12:29:42.512+0000] {logging_mixin.py:188} INFO - [2025-04-28T12:29:42.512+0000] {dag.py:3820} INFO - Setting next_dagrun for example_params_trigger_ui to None, run_after=None
[2025-04-28T12:29:42.573+0000] {processor.py:183} INFO - Processing /home/airflow/.local/lib/python3.8/site-packages/airflow/example_dags/example_params_trigger_ui.py took 0.303 seconds
[2025-04-28T12:30:13.794+0000] {processor.py:161} INFO - Started process (PID=9676) to work on /home/airflow/.local/lib/python3.8/site-packages/airflow/example_dags/example_params_trigger_ui.py
[2025-04-28T12:30:13.796+0000] {processor.py:830} INFO - Processing file /home/airflow/.local/lib/python3.8/site-packages/airflow/example_dags/example_params_trigger_ui.py for tasks to queue
[2025-04-28T12:30:13.799+0000] {logging_mixin.py:188} INFO - [2025-04-28T12:30:13.798+0000] {dagbag.py:538} INFO - Filling up the DagBag from /home/airflow/.local/lib/python3.8/site-packages/airflow/example_dags/example_params_trigger_ui.py
[2025-04-28T12:30:13.850+0000] {processor.py:840} INFO - DAG(s) 'example_params_trigger_ui' retrieved from /home/airflow/.local/lib/python3.8/site-packages/airflow/example_dags/example_params_trigger_ui.py
[2025-04-28T12:30:14.140+0000] {logging_mixin.py:188} INFO - [2025-04-28T12:30:14.139+0000] {dag.py:3033} INFO - Sync 1 DAGs
[2025-04-28T12:30:14.210+0000] {logging_mixin.py:188} INFO - [2025-04-28T12:30:14.210+0000] {dag.py:3820} INFO - Setting next_dagrun for example_params_trigger_ui to None, run_after=None
[2025-04-28T12:30:14.335+0000] {processor.py:183} INFO - Processing /home/airflow/.local/lib/python3.8/site-packages/airflow/example_dags/example_params_trigger_ui.py took 0.584 seconds
[2025-04-28T12:30:44.859+0000] {processor.py:161} INFO - Started process (PID=9731) to work on /home/airflow/.local/lib/python3.8/site-packages/airflow/example_dags/example_params_trigger_ui.py
[2025-04-28T12:30:44.861+0000] {processor.py:830} INFO - Processing file /home/airflow/.local/lib/python3.8/site-packages/airflow/example_dags/example_params_trigger_ui.py for tasks to queue
[2025-04-28T12:30:44.864+0000] {logging_mixin.py:188} INFO - [2025-04-28T12:30:44.863+0000] {dagbag.py:538} INFO - Filling up the DagBag from /home/airflow/.local/lib/python3.8/site-packages/airflow/example_dags/example_params_trigger_ui.py
[2025-04-28T12:30:44.912+0000] {processor.py:840} INFO - DAG(s) 'example_params_trigger_ui' retrieved from /home/airflow/.local/lib/python3.8/site-packages/airflow/example_dags/example_params_trigger_ui.py
[2025-04-28T12:30:45.085+0000] {logging_mixin.py:188} INFO - [2025-04-28T12:30:45.085+0000] {dag.py:3033} INFO - Sync 1 DAGs
[2025-04-28T12:30:45.125+0000] {logging_mixin.py:188} INFO - [2025-04-28T12:30:45.125+0000] {dag.py:3820} INFO - Setting next_dagrun for example_params_trigger_ui to None, run_after=None
[2025-04-28T12:30:45.198+0000] {processor.py:183} INFO - Processing /home/airflow/.local/lib/python3.8/site-packages/airflow/example_dags/example_params_trigger_ui.py took 0.347 seconds
[2025-04-28T12:31:17.011+0000] {processor.py:161} INFO - Started process (PID=9789) to work on /home/airflow/.local/lib/python3.8/site-packages/airflow/example_dags/example_params_trigger_ui.py
[2025-04-28T12:31:17.013+0000] {processor.py:830} INFO - Processing file /home/airflow/.local/lib/python3.8/site-packages/airflow/example_dags/example_params_trigger_ui.py for tasks to queue
[2025-04-28T12:31:17.016+0000] {logging_mixin.py:188} INFO - [2025-04-28T12:31:17.015+0000] {dagbag.py:538} INFO - Filling up the DagBag from /home/airflow/.local/lib/python3.8/site-packages/airflow/example_dags/example_params_trigger_ui.py
[2025-04-28T12:31:17.077+0000] {processor.py:840} INFO - DAG(s) 'example_params_trigger_ui' retrieved from /home/airflow/.local/lib/python3.8/site-packages/airflow/example_dags/example_params_trigger_ui.py
[2025-04-28T12:31:17.320+0000] {logging_mixin.py:188} INFO - [2025-04-28T12:31:17.319+0000] {dag.py:3033} INFO - Sync 1 DAGs
[2025-04-28T12:31:17.380+0000] {logging_mixin.py:188} INFO - [2025-04-28T12:31:17.379+0000] {dag.py:3820} INFO - Setting next_dagrun for example_params_trigger_ui to None, run_after=None
[2025-04-28T12:31:17.497+0000] {processor.py:183} INFO - Processing /home/airflow/.local/lib/python3.8/site-packages/airflow/example_dags/example_params_trigger_ui.py took 0.496 seconds
[2025-04-28T12:31:48.629+0000] {processor.py:161} INFO - Started process (PID=9845) to work on /home/airflow/.local/lib/python3.8/site-packages/airflow/example_dags/example_params_trigger_ui.py
[2025-04-28T12:31:48.631+0000] {processor.py:830} INFO - Processing file /home/airflow/.local/lib/python3.8/site-packages/airflow/example_dags/example_params_trigger_ui.py for tasks to queue
[2025-04-28T12:31:48.634+0000] {logging_mixin.py:188} INFO - [2025-04-28T12:31:48.633+0000] {dagbag.py:538} INFO - Filling up the DagBag from /home/airflow/.local/lib/python3.8/site-packages/airflow/example_dags/example_params_trigger_ui.py
[2025-04-28T12:31:48.694+0000] {processor.py:840} INFO - DAG(s) 'example_params_trigger_ui' retrieved from /home/airflow/.local/lib/python3.8/site-packages/airflow/example_dags/example_params_trigger_ui.py
[2025-04-28T12:31:48.835+0000] {logging_mixin.py:188} INFO - [2025-04-28T12:31:48.834+0000] {dag.py:3033} INFO - Sync 1 DAGs
[2025-04-28T12:31:48.875+0000] {logging_mixin.py:188} INFO - [2025-04-28T12:31:48.875+0000] {dag.py:3820} INFO - Setting next_dagrun for example_params_trigger_ui to None, run_after=None
[2025-04-28T12:31:48.939+0000] {processor.py:183} INFO - Processing /home/airflow/.local/lib/python3.8/site-packages/airflow/example_dags/example_params_trigger_ui.py took 0.324 seconds
[2025-04-28T12:32:19.392+0000] {processor.py:161} INFO - Started process (PID=9901) to work on /home/airflow/.local/lib/python3.8/site-packages/airflow/example_dags/example_params_trigger_ui.py
[2025-04-28T12:32:19.394+0000] {processor.py:830} INFO - Processing file /home/airflow/.local/lib/python3.8/site-packages/airflow/example_dags/example_params_trigger_ui.py for tasks to queue
[2025-04-28T12:32:19.396+0000] {logging_mixin.py:188} INFO - [2025-04-28T12:32:19.395+0000] {dagbag.py:538} INFO - Filling up the DagBag from /home/airflow/.local/lib/python3.8/site-packages/airflow/example_dags/example_params_trigger_ui.py
[2025-04-28T12:32:19.418+0000] {processor.py:840} INFO - DAG(s) 'example_params_trigger_ui' retrieved from /home/airflow/.local/lib/python3.8/site-packages/airflow/example_dags/example_params_trigger_ui.py
[2025-04-28T12:32:19.522+0000] {logging_mixin.py:188} INFO - [2025-04-28T12:32:19.522+0000] {dag.py:3033} INFO - Sync 1 DAGs
[2025-04-28T12:32:19.543+0000] {logging_mixin.py:188} INFO - [2025-04-28T12:32:19.543+0000] {dag.py:3820} INFO - Setting next_dagrun for example_params_trigger_ui to None, run_after=None
[2025-04-28T12:32:19.585+0000] {processor.py:183} INFO - Processing /home/airflow/.local/lib/python3.8/site-packages/airflow/example_dags/example_params_trigger_ui.py took 0.197 seconds
[2025-04-28T12:32:50.181+0000] {processor.py:161} INFO - Started process (PID=9957) to work on /home/airflow/.local/lib/python3.8/site-packages/airflow/example_dags/example_params_trigger_ui.py
[2025-04-28T12:32:50.183+0000] {processor.py:830} INFO - Processing file /home/airflow/.local/lib/python3.8/site-packages/airflow/example_dags/example_params_trigger_ui.py for tasks to queue
[2025-04-28T12:32:50.185+0000] {logging_mixin.py:188} INFO - [2025-04-28T12:32:50.185+0000] {dagbag.py:538} INFO - Filling up the DagBag from /home/airflow/.local/lib/python3.8/site-packages/airflow/example_dags/example_params_trigger_ui.py
[2025-04-28T12:32:50.222+0000] {processor.py:840} INFO - DAG(s) 'example_params_trigger_ui' retrieved from /home/airflow/.local/lib/python3.8/site-packages/airflow/example_dags/example_params_trigger_ui.py
[2025-04-28T12:32:50.479+0000] {logging_mixin.py:188} INFO - [2025-04-28T12:32:50.479+0000] {dag.py:3033} INFO - Sync 1 DAGs
[2025-04-28T12:32:50.522+0000] {logging_mixin.py:188} INFO - [2025-04-28T12:32:50.522+0000] {dag.py:3820} INFO - Setting next_dagrun for example_params_trigger_ui to None, run_after=None
[2025-04-28T12:32:50.561+0000] {processor.py:183} INFO - Processing /home/airflow/.local/lib/python3.8/site-packages/airflow/example_dags/example_params_trigger_ui.py took 0.390 seconds
[2025-04-28T12:33:22.310+0000] {processor.py:161} INFO - Started process (PID=10016) to work on /home/airflow/.local/lib/python3.8/site-packages/airflow/example_dags/example_params_trigger_ui.py
[2025-04-28T12:33:22.312+0000] {processor.py:830} INFO - Processing file /home/airflow/.local/lib/python3.8/site-packages/airflow/example_dags/example_params_trigger_ui.py for tasks to queue
[2025-04-28T12:33:22.315+0000] {logging_mixin.py:188} INFO - [2025-04-28T12:33:22.314+0000] {dagbag.py:538} INFO - Filling up the DagBag from /home/airflow/.local/lib/python3.8/site-packages/airflow/example_dags/example_params_trigger_ui.py
[2025-04-28T12:33:22.365+0000] {processor.py:840} INFO - DAG(s) 'example_params_trigger_ui' retrieved from /home/airflow/.local/lib/python3.8/site-packages/airflow/example_dags/example_params_trigger_ui.py
[2025-04-28T12:33:22.550+0000] {logging_mixin.py:188} INFO - [2025-04-28T12:33:22.550+0000] {dag.py:3033} INFO - Sync 1 DAGs
[2025-04-28T12:33:22.580+0000] {logging_mixin.py:188} INFO - [2025-04-28T12:33:22.579+0000] {dag.py:3820} INFO - Setting next_dagrun for example_params_trigger_ui to None, run_after=None
[2025-04-28T12:33:22.636+0000] {processor.py:183} INFO - Processing /home/airflow/.local/lib/python3.8/site-packages/airflow/example_dags/example_params_trigger_ui.py took 0.335 seconds
[2025-04-28T12:33:53.399+0000] {processor.py:161} INFO - Started process (PID=10073) to work on /home/airflow/.local/lib/python3.8/site-packages/airflow/example_dags/example_params_trigger_ui.py
[2025-04-28T12:33:53.401+0000] {processor.py:830} INFO - Processing file /home/airflow/.local/lib/python3.8/site-packages/airflow/example_dags/example_params_trigger_ui.py for tasks to queue
[2025-04-28T12:33:53.404+0000] {logging_mixin.py:188} INFO - [2025-04-28T12:33:53.403+0000] {dagbag.py:538} INFO - Filling up the DagBag from /home/airflow/.local/lib/python3.8/site-packages/airflow/example_dags/example_params_trigger_ui.py
[2025-04-28T12:33:53.437+0000] {processor.py:840} INFO - DAG(s) 'example_params_trigger_ui' retrieved from /home/airflow/.local/lib/python3.8/site-packages/airflow/example_dags/example_params_trigger_ui.py
[2025-04-28T12:33:53.668+0000] {logging_mixin.py:188} INFO - [2025-04-28T12:33:53.668+0000] {dag.py:3033} INFO - Sync 1 DAGs
[2025-04-28T12:33:53.737+0000] {logging_mixin.py:188} INFO - [2025-04-28T12:33:53.736+0000] {dag.py:3820} INFO - Setting next_dagrun for example_params_trigger_ui to None, run_after=None
[2025-04-28T12:33:53.789+0000] {processor.py:183} INFO - Processing /home/airflow/.local/lib/python3.8/site-packages/airflow/example_dags/example_params_trigger_ui.py took 0.398 seconds
[2025-04-28T12:34:25.405+0000] {processor.py:161} INFO - Started process (PID=10130) to work on /home/airflow/.local/lib/python3.8/site-packages/airflow/example_dags/example_params_trigger_ui.py
[2025-04-28T12:34:25.409+0000] {processor.py:830} INFO - Processing file /home/airflow/.local/lib/python3.8/site-packages/airflow/example_dags/example_params_trigger_ui.py for tasks to queue
[2025-04-28T12:34:25.412+0000] {logging_mixin.py:188} INFO - [2025-04-28T12:34:25.411+0000] {dagbag.py:538} INFO - Filling up the DagBag from /home/airflow/.local/lib/python3.8/site-packages/airflow/example_dags/example_params_trigger_ui.py
[2025-04-28T12:34:25.471+0000] {processor.py:840} INFO - DAG(s) 'example_params_trigger_ui' retrieved from /home/airflow/.local/lib/python3.8/site-packages/airflow/example_dags/example_params_trigger_ui.py
[2025-04-28T12:34:25.815+0000] {logging_mixin.py:188} INFO - [2025-04-28T12:34:25.815+0000] {dag.py:3033} INFO - Sync 1 DAGs
[2025-04-28T12:34:25.853+0000] {logging_mixin.py:188} INFO - [2025-04-28T12:34:25.853+0000] {dag.py:3820} INFO - Setting next_dagrun for example_params_trigger_ui to None, run_after=None
[2025-04-28T12:34:25.931+0000] {processor.py:183} INFO - Processing /home/airflow/.local/lib/python3.8/site-packages/airflow/example_dags/example_params_trigger_ui.py took 0.534 seconds
[2025-04-28T12:34:56.065+0000] {processor.py:161} INFO - Started process (PID=10186) to work on /home/airflow/.local/lib/python3.8/site-packages/airflow/example_dags/example_params_trigger_ui.py
[2025-04-28T12:34:56.067+0000] {processor.py:830} INFO - Processing file /home/airflow/.local/lib/python3.8/site-packages/airflow/example_dags/example_params_trigger_ui.py for tasks to queue
[2025-04-28T12:34:56.068+0000] {logging_mixin.py:188} INFO - [2025-04-28T12:34:56.068+0000] {dagbag.py:538} INFO - Filling up the DagBag from /home/airflow/.local/lib/python3.8/site-packages/airflow/example_dags/example_params_trigger_ui.py
[2025-04-28T12:34:56.097+0000] {processor.py:840} INFO - DAG(s) 'example_params_trigger_ui' retrieved from /home/airflow/.local/lib/python3.8/site-packages/airflow/example_dags/example_params_trigger_ui.py
[2025-04-28T12:34:56.235+0000] {logging_mixin.py:188} INFO - [2025-04-28T12:34:56.234+0000] {dag.py:3033} INFO - Sync 1 DAGs
[2025-04-28T12:34:56.506+0000] {logging_mixin.py:188} INFO - [2025-04-28T12:34:56.506+0000] {dag.py:3820} INFO - Setting next_dagrun for example_params_trigger_ui to None, run_after=None
[2025-04-28T12:34:56.572+0000] {processor.py:183} INFO - Processing /home/airflow/.local/lib/python3.8/site-packages/airflow/example_dags/example_params_trigger_ui.py took 0.515 seconds
[2025-04-28T12:35:27.061+0000] {processor.py:161} INFO - Started process (PID=10241) to work on /home/airflow/.local/lib/python3.8/site-packages/airflow/example_dags/example_params_trigger_ui.py
[2025-04-28T12:35:27.063+0000] {processor.py:830} INFO - Processing file /home/airflow/.local/lib/python3.8/site-packages/airflow/example_dags/example_params_trigger_ui.py for tasks to queue
[2025-04-28T12:35:27.066+0000] {logging_mixin.py:188} INFO - [2025-04-28T12:35:27.065+0000] {dagbag.py:538} INFO - Filling up the DagBag from /home/airflow/.local/lib/python3.8/site-packages/airflow/example_dags/example_params_trigger_ui.py
[2025-04-28T12:35:27.096+0000] {processor.py:840} INFO - DAG(s) 'example_params_trigger_ui' retrieved from /home/airflow/.local/lib/python3.8/site-packages/airflow/example_dags/example_params_trigger_ui.py
[2025-04-28T12:35:27.373+0000] {logging_mixin.py:188} INFO - [2025-04-28T12:35:27.372+0000] {dag.py:3033} INFO - Sync 1 DAGs
[2025-04-28T12:35:27.471+0000] {logging_mixin.py:188} INFO - [2025-04-28T12:35:27.470+0000] {dag.py:3820} INFO - Setting next_dagrun for example_params_trigger_ui to None, run_after=None
[2025-04-28T12:35:27.729+0000] {processor.py:183} INFO - Processing /home/airflow/.local/lib/python3.8/site-packages/airflow/example_dags/example_params_trigger_ui.py took 0.676 seconds
[2025-04-28T12:35:58.340+0000] {processor.py:161} INFO - Started process (PID=10297) to work on /home/airflow/.local/lib/python3.8/site-packages/airflow/example_dags/example_params_trigger_ui.py
[2025-04-28T12:35:58.342+0000] {processor.py:830} INFO - Processing file /home/airflow/.local/lib/python3.8/site-packages/airflow/example_dags/example_params_trigger_ui.py for tasks to queue
[2025-04-28T12:35:58.345+0000] {logging_mixin.py:188} INFO - [2025-04-28T12:35:58.344+0000] {dagbag.py:538} INFO - Filling up the DagBag from /home/airflow/.local/lib/python3.8/site-packages/airflow/example_dags/example_params_trigger_ui.py
[2025-04-28T12:35:58.380+0000] {processor.py:840} INFO - DAG(s) 'example_params_trigger_ui' retrieved from /home/airflow/.local/lib/python3.8/site-packages/airflow/example_dags/example_params_trigger_ui.py
[2025-04-28T12:35:58.539+0000] {logging_mixin.py:188} INFO - [2025-04-28T12:35:58.539+0000] {dag.py:3033} INFO - Sync 1 DAGs
[2025-04-28T12:35:58.573+0000] {logging_mixin.py:188} INFO - [2025-04-28T12:35:58.572+0000] {dag.py:3820} INFO - Setting next_dagrun for example_params_trigger_ui to None, run_after=None
[2025-04-28T12:35:58.629+0000] {processor.py:183} INFO - Processing /home/airflow/.local/lib/python3.8/site-packages/airflow/example_dags/example_params_trigger_ui.py took 0.298 seconds
[2025-04-28T12:36:29.161+0000] {processor.py:161} INFO - Started process (PID=10353) to work on /home/airflow/.local/lib/python3.8/site-packages/airflow/example_dags/example_params_trigger_ui.py
[2025-04-28T12:36:29.163+0000] {processor.py:830} INFO - Processing file /home/airflow/.local/lib/python3.8/site-packages/airflow/example_dags/example_params_trigger_ui.py for tasks to queue
[2025-04-28T12:36:29.165+0000] {logging_mixin.py:188} INFO - [2025-04-28T12:36:29.165+0000] {dagbag.py:538} INFO - Filling up the DagBag from /home/airflow/.local/lib/python3.8/site-packages/airflow/example_dags/example_params_trigger_ui.py
[2025-04-28T12:36:29.201+0000] {processor.py:840} INFO - DAG(s) 'example_params_trigger_ui' retrieved from /home/airflow/.local/lib/python3.8/site-packages/airflow/example_dags/example_params_trigger_ui.py
[2025-04-28T12:36:29.356+0000] {logging_mixin.py:188} INFO - [2025-04-28T12:36:29.356+0000] {dag.py:3033} INFO - Sync 1 DAGs
[2025-04-28T12:36:29.388+0000] {logging_mixin.py:188} INFO - [2025-04-28T12:36:29.387+0000] {dag.py:3820} INFO - Setting next_dagrun for example_params_trigger_ui to None, run_after=None
[2025-04-28T12:36:29.447+0000] {processor.py:183} INFO - Processing /home/airflow/.local/lib/python3.8/site-packages/airflow/example_dags/example_params_trigger_ui.py took 0.296 seconds
[2025-04-28T12:37:01.702+0000] {processor.py:161} INFO - Started process (PID=10411) to work on /home/airflow/.local/lib/python3.8/site-packages/airflow/example_dags/example_params_trigger_ui.py
[2025-04-28T12:37:01.705+0000] {processor.py:830} INFO - Processing file /home/airflow/.local/lib/python3.8/site-packages/airflow/example_dags/example_params_trigger_ui.py for tasks to queue
[2025-04-28T12:37:01.709+0000] {logging_mixin.py:188} INFO - [2025-04-28T12:37:01.707+0000] {dagbag.py:538} INFO - Filling up the DagBag from /home/airflow/.local/lib/python3.8/site-packages/airflow/example_dags/example_params_trigger_ui.py
[2025-04-28T12:37:01.753+0000] {processor.py:840} INFO - DAG(s) 'example_params_trigger_ui' retrieved from /home/airflow/.local/lib/python3.8/site-packages/airflow/example_dags/example_params_trigger_ui.py
[2025-04-28T12:37:01.908+0000] {logging_mixin.py:188} INFO - [2025-04-28T12:37:01.908+0000] {dag.py:3033} INFO - Sync 1 DAGs
[2025-04-28T12:37:01.949+0000] {logging_mixin.py:188} INFO - [2025-04-28T12:37:01.948+0000] {dag.py:3820} INFO - Setting next_dagrun for example_params_trigger_ui to None, run_after=None
[2025-04-28T12:37:02.012+0000] {processor.py:183} INFO - Processing /home/airflow/.local/lib/python3.8/site-packages/airflow/example_dags/example_params_trigger_ui.py took 0.321 seconds
[2025-04-28T12:37:34.751+0000] {processor.py:161} INFO - Started process (PID=10468) to work on /home/airflow/.local/lib/python3.8/site-packages/airflow/example_dags/example_params_trigger_ui.py
[2025-04-28T12:37:34.753+0000] {processor.py:830} INFO - Processing file /home/airflow/.local/lib/python3.8/site-packages/airflow/example_dags/example_params_trigger_ui.py for tasks to queue
[2025-04-28T12:37:34.756+0000] {logging_mixin.py:188} INFO - [2025-04-28T12:37:34.755+0000] {dagbag.py:538} INFO - Filling up the DagBag from /home/airflow/.local/lib/python3.8/site-packages/airflow/example_dags/example_params_trigger_ui.py
[2025-04-28T12:37:34.805+0000] {processor.py:840} INFO - DAG(s) 'example_params_trigger_ui' retrieved from /home/airflow/.local/lib/python3.8/site-packages/airflow/example_dags/example_params_trigger_ui.py
[2025-04-28T12:37:35.233+0000] {logging_mixin.py:188} INFO - [2025-04-28T12:37:35.232+0000] {dag.py:3033} INFO - Sync 1 DAGs
[2025-04-28T12:37:35.261+0000] {logging_mixin.py:188} INFO - [2025-04-28T12:37:35.261+0000] {dag.py:3820} INFO - Setting next_dagrun for example_params_trigger_ui to None, run_after=None
[2025-04-28T12:37:35.304+0000] {processor.py:183} INFO - Processing /home/airflow/.local/lib/python3.8/site-packages/airflow/example_dags/example_params_trigger_ui.py took 0.564 seconds
[2025-04-28T12:38:05.588+0000] {processor.py:161} INFO - Started process (PID=10524) to work on /home/airflow/.local/lib/python3.8/site-packages/airflow/example_dags/example_params_trigger_ui.py
[2025-04-28T12:38:05.591+0000] {processor.py:830} INFO - Processing file /home/airflow/.local/lib/python3.8/site-packages/airflow/example_dags/example_params_trigger_ui.py for tasks to queue
[2025-04-28T12:38:05.594+0000] {logging_mixin.py:188} INFO - [2025-04-28T12:38:05.593+0000] {dagbag.py:538} INFO - Filling up the DagBag from /home/airflow/.local/lib/python3.8/site-packages/airflow/example_dags/example_params_trigger_ui.py
[2025-04-28T12:38:05.636+0000] {processor.py:840} INFO - DAG(s) 'example_params_trigger_ui' retrieved from /home/airflow/.local/lib/python3.8/site-packages/airflow/example_dags/example_params_trigger_ui.py
[2025-04-28T12:38:05.769+0000] {logging_mixin.py:188} INFO - [2025-04-28T12:38:05.769+0000] {dag.py:3033} INFO - Sync 1 DAGs
[2025-04-28T12:38:05.802+0000] {logging_mixin.py:188} INFO - [2025-04-28T12:38:05.802+0000] {dag.py:3820} INFO - Setting next_dagrun for example_params_trigger_ui to None, run_after=None
[2025-04-28T12:38:05.855+0000] {processor.py:183} INFO - Processing /home/airflow/.local/lib/python3.8/site-packages/airflow/example_dags/example_params_trigger_ui.py took 0.306 seconds
[2025-04-28T12:38:36.568+0000] {processor.py:161} INFO - Started process (PID=10580) to work on /home/airflow/.local/lib/python3.8/site-packages/airflow/example_dags/example_params_trigger_ui.py
[2025-04-28T12:38:36.574+0000] {processor.py:830} INFO - Processing file /home/airflow/.local/lib/python3.8/site-packages/airflow/example_dags/example_params_trigger_ui.py for tasks to queue
[2025-04-28T12:38:36.579+0000] {logging_mixin.py:188} INFO - [2025-04-28T12:38:36.578+0000] {dagbag.py:538} INFO - Filling up the DagBag from /home/airflow/.local/lib/python3.8/site-packages/airflow/example_dags/example_params_trigger_ui.py
[2025-04-28T12:38:36.661+0000] {processor.py:840} INFO - DAG(s) 'example_params_trigger_ui' retrieved from /home/airflow/.local/lib/python3.8/site-packages/airflow/example_dags/example_params_trigger_ui.py
[2025-04-28T12:38:36.954+0000] {logging_mixin.py:188} INFO - [2025-04-28T12:38:36.953+0000] {dag.py:3033} INFO - Sync 1 DAGs
[2025-04-28T12:38:36.998+0000] {logging_mixin.py:188} INFO - [2025-04-28T12:38:36.998+0000] {dag.py:3820} INFO - Setting next_dagrun for example_params_trigger_ui to None, run_after=None
[2025-04-28T12:38:37.066+0000] {processor.py:183} INFO - Processing /home/airflow/.local/lib/python3.8/site-packages/airflow/example_dags/example_params_trigger_ui.py took 0.520 seconds
[2025-04-28T12:39:08.560+0000] {processor.py:161} INFO - Started process (PID=10636) to work on /home/airflow/.local/lib/python3.8/site-packages/airflow/example_dags/example_params_trigger_ui.py
[2025-04-28T12:39:08.562+0000] {processor.py:830} INFO - Processing file /home/airflow/.local/lib/python3.8/site-packages/airflow/example_dags/example_params_trigger_ui.py for tasks to queue
[2025-04-28T12:39:08.576+0000] {logging_mixin.py:188} INFO - [2025-04-28T12:39:08.575+0000] {dagbag.py:538} INFO - Filling up the DagBag from /home/airflow/.local/lib/python3.8/site-packages/airflow/example_dags/example_params_trigger_ui.py
[2025-04-28T12:39:08.627+0000] {processor.py:840} INFO - DAG(s) 'example_params_trigger_ui' retrieved from /home/airflow/.local/lib/python3.8/site-packages/airflow/example_dags/example_params_trigger_ui.py
[2025-04-28T12:39:09.315+0000] {logging_mixin.py:188} INFO - [2025-04-28T12:39:09.314+0000] {dag.py:3033} INFO - Sync 1 DAGs
[2025-04-28T12:39:09.374+0000] {logging_mixin.py:188} INFO - [2025-04-28T12:39:09.373+0000] {dag.py:3820} INFO - Setting next_dagrun for example_params_trigger_ui to None, run_after=None
[2025-04-28T12:39:09.461+0000] {processor.py:183} INFO - Processing /home/airflow/.local/lib/python3.8/site-packages/airflow/example_dags/example_params_trigger_ui.py took 0.917 seconds
[2025-04-28T12:39:40.504+0000] {processor.py:161} INFO - Started process (PID=10693) to work on /home/airflow/.local/lib/python3.8/site-packages/airflow/example_dags/example_params_trigger_ui.py
[2025-04-28T12:39:40.509+0000] {processor.py:830} INFO - Processing file /home/airflow/.local/lib/python3.8/site-packages/airflow/example_dags/example_params_trigger_ui.py for tasks to queue
[2025-04-28T12:39:40.515+0000] {logging_mixin.py:188} INFO - [2025-04-28T12:39:40.513+0000] {dagbag.py:538} INFO - Filling up the DagBag from /home/airflow/.local/lib/python3.8/site-packages/airflow/example_dags/example_params_trigger_ui.py
[2025-04-28T12:39:40.582+0000] {processor.py:840} INFO - DAG(s) 'example_params_trigger_ui' retrieved from /home/airflow/.local/lib/python3.8/site-packages/airflow/example_dags/example_params_trigger_ui.py
[2025-04-28T12:39:40.740+0000] {logging_mixin.py:188} INFO - [2025-04-28T12:39:40.740+0000] {dag.py:3033} INFO - Sync 1 DAGs
[2025-04-28T12:39:40.777+0000] {logging_mixin.py:188} INFO - [2025-04-28T12:39:40.776+0000] {dag.py:3820} INFO - Setting next_dagrun for example_params_trigger_ui to None, run_after=None
[2025-04-28T12:39:40.820+0000] {processor.py:183} INFO - Processing /home/airflow/.local/lib/python3.8/site-packages/airflow/example_dags/example_params_trigger_ui.py took 0.336 seconds
[2025-04-28T12:40:11.629+0000] {processor.py:161} INFO - Started process (PID=10750) to work on /home/airflow/.local/lib/python3.8/site-packages/airflow/example_dags/example_params_trigger_ui.py
[2025-04-28T12:40:11.633+0000] {processor.py:830} INFO - Processing file /home/airflow/.local/lib/python3.8/site-packages/airflow/example_dags/example_params_trigger_ui.py for tasks to queue
[2025-04-28T12:40:11.639+0000] {logging_mixin.py:188} INFO - [2025-04-28T12:40:11.637+0000] {dagbag.py:538} INFO - Filling up the DagBag from /home/airflow/.local/lib/python3.8/site-packages/airflow/example_dags/example_params_trigger_ui.py
[2025-04-28T12:40:11.702+0000] {processor.py:840} INFO - DAG(s) 'example_params_trigger_ui' retrieved from /home/airflow/.local/lib/python3.8/site-packages/airflow/example_dags/example_params_trigger_ui.py
[2025-04-28T12:40:11.904+0000] {logging_mixin.py:188} INFO - [2025-04-28T12:40:11.903+0000] {dag.py:3033} INFO - Sync 1 DAGs
[2025-04-28T12:40:11.968+0000] {logging_mixin.py:188} INFO - [2025-04-28T12:40:11.968+0000] {dag.py:3820} INFO - Setting next_dagrun for example_params_trigger_ui to None, run_after=None
[2025-04-28T12:40:12.054+0000] {processor.py:183} INFO - Processing /home/airflow/.local/lib/python3.8/site-packages/airflow/example_dags/example_params_trigger_ui.py took 0.444 seconds
[2025-04-28T12:40:42.821+0000] {processor.py:161} INFO - Started process (PID=10806) to work on /home/airflow/.local/lib/python3.8/site-packages/airflow/example_dags/example_params_trigger_ui.py
[2025-04-28T12:40:42.825+0000] {processor.py:830} INFO - Processing file /home/airflow/.local/lib/python3.8/site-packages/airflow/example_dags/example_params_trigger_ui.py for tasks to queue
[2025-04-28T12:40:42.828+0000] {logging_mixin.py:188} INFO - [2025-04-28T12:40:42.828+0000] {dagbag.py:538} INFO - Filling up the DagBag from /home/airflow/.local/lib/python3.8/site-packages/airflow/example_dags/example_params_trigger_ui.py
[2025-04-28T12:40:42.886+0000] {processor.py:840} INFO - DAG(s) 'example_params_trigger_ui' retrieved from /home/airflow/.local/lib/python3.8/site-packages/airflow/example_dags/example_params_trigger_ui.py
[2025-04-28T12:40:43.175+0000] {logging_mixin.py:188} INFO - [2025-04-28T12:40:43.175+0000] {dag.py:3033} INFO - Sync 1 DAGs
[2025-04-28T12:40:43.266+0000] {logging_mixin.py:188} INFO - [2025-04-28T12:40:43.266+0000] {dag.py:3820} INFO - Setting next_dagrun for example_params_trigger_ui to None, run_after=None
[2025-04-28T12:40:43.398+0000] {processor.py:183} INFO - Processing /home/airflow/.local/lib/python3.8/site-packages/airflow/example_dags/example_params_trigger_ui.py took 0.586 seconds
[2025-04-28T12:41:13.559+0000] {processor.py:161} INFO - Started process (PID=10862) to work on /home/airflow/.local/lib/python3.8/site-packages/airflow/example_dags/example_params_trigger_ui.py
[2025-04-28T12:41:13.562+0000] {processor.py:830} INFO - Processing file /home/airflow/.local/lib/python3.8/site-packages/airflow/example_dags/example_params_trigger_ui.py for tasks to queue
[2025-04-28T12:41:13.566+0000] {logging_mixin.py:188} INFO - [2025-04-28T12:41:13.565+0000] {dagbag.py:538} INFO - Filling up the DagBag from /home/airflow/.local/lib/python3.8/site-packages/airflow/example_dags/example_params_trigger_ui.py
[2025-04-28T12:41:13.622+0000] {processor.py:840} INFO - DAG(s) 'example_params_trigger_ui' retrieved from /home/airflow/.local/lib/python3.8/site-packages/airflow/example_dags/example_params_trigger_ui.py
[2025-04-28T12:41:13.772+0000] {logging_mixin.py:188} INFO - [2025-04-28T12:41:13.772+0000] {dag.py:3033} INFO - Sync 1 DAGs
[2025-04-28T12:41:13.815+0000] {logging_mixin.py:188} INFO - [2025-04-28T12:41:13.815+0000] {dag.py:3820} INFO - Setting next_dagrun for example_params_trigger_ui to None, run_after=None
[2025-04-28T12:41:13.872+0000] {processor.py:183} INFO - Processing /home/airflow/.local/lib/python3.8/site-packages/airflow/example_dags/example_params_trigger_ui.py took 0.327 seconds
[2025-04-28T12:41:45.674+0000] {processor.py:161} INFO - Started process (PID=10918) to work on /home/airflow/.local/lib/python3.8/site-packages/airflow/example_dags/example_params_trigger_ui.py
[2025-04-28T12:41:45.677+0000] {processor.py:830} INFO - Processing file /home/airflow/.local/lib/python3.8/site-packages/airflow/example_dags/example_params_trigger_ui.py for tasks to queue
[2025-04-28T12:41:45.679+0000] {logging_mixin.py:188} INFO - [2025-04-28T12:41:45.678+0000] {dagbag.py:538} INFO - Filling up the DagBag from /home/airflow/.local/lib/python3.8/site-packages/airflow/example_dags/example_params_trigger_ui.py
[2025-04-28T12:41:45.719+0000] {processor.py:840} INFO - DAG(s) 'example_params_trigger_ui' retrieved from /home/airflow/.local/lib/python3.8/site-packages/airflow/example_dags/example_params_trigger_ui.py
[2025-04-28T12:41:45.869+0000] {logging_mixin.py:188} INFO - [2025-04-28T12:41:45.869+0000] {dag.py:3033} INFO - Sync 1 DAGs
[2025-04-28T12:41:45.904+0000] {logging_mixin.py:188} INFO - [2025-04-28T12:41:45.903+0000] {dag.py:3820} INFO - Setting next_dagrun for example_params_trigger_ui to None, run_after=None
[2025-04-28T12:41:45.962+0000] {processor.py:183} INFO - Processing /home/airflow/.local/lib/python3.8/site-packages/airflow/example_dags/example_params_trigger_ui.py took 0.297 seconds
[2025-04-28T12:42:16.399+0000] {processor.py:161} INFO - Started process (PID=10975) to work on /home/airflow/.local/lib/python3.8/site-packages/airflow/example_dags/example_params_trigger_ui.py
[2025-04-28T12:42:16.401+0000] {processor.py:830} INFO - Processing file /home/airflow/.local/lib/python3.8/site-packages/airflow/example_dags/example_params_trigger_ui.py for tasks to queue
[2025-04-28T12:42:16.404+0000] {logging_mixin.py:188} INFO - [2025-04-28T12:42:16.404+0000] {dagbag.py:538} INFO - Filling up the DagBag from /home/airflow/.local/lib/python3.8/site-packages/airflow/example_dags/example_params_trigger_ui.py
[2025-04-28T12:42:16.433+0000] {processor.py:840} INFO - DAG(s) 'example_params_trigger_ui' retrieved from /home/airflow/.local/lib/python3.8/site-packages/airflow/example_dags/example_params_trigger_ui.py
[2025-04-28T12:42:16.586+0000] {logging_mixin.py:188} INFO - [2025-04-28T12:42:16.586+0000] {dag.py:3033} INFO - Sync 1 DAGs
[2025-04-28T12:42:16.630+0000] {logging_mixin.py:188} INFO - [2025-04-28T12:42:16.629+0000] {dag.py:3820} INFO - Setting next_dagrun for example_params_trigger_ui to None, run_after=None
[2025-04-28T12:42:16.687+0000] {processor.py:183} INFO - Processing /home/airflow/.local/lib/python3.8/site-packages/airflow/example_dags/example_params_trigger_ui.py took 0.297 seconds
[2025-04-28T12:42:47.846+0000] {processor.py:161} INFO - Started process (PID=11030) to work on /home/airflow/.local/lib/python3.8/site-packages/airflow/example_dags/example_params_trigger_ui.py
[2025-04-28T12:42:47.850+0000] {processor.py:830} INFO - Processing file /home/airflow/.local/lib/python3.8/site-packages/airflow/example_dags/example_params_trigger_ui.py for tasks to queue
[2025-04-28T12:42:47.853+0000] {logging_mixin.py:188} INFO - [2025-04-28T12:42:47.853+0000] {dagbag.py:538} INFO - Filling up the DagBag from /home/airflow/.local/lib/python3.8/site-packages/airflow/example_dags/example_params_trigger_ui.py
[2025-04-28T12:42:47.904+0000] {processor.py:840} INFO - DAG(s) 'example_params_trigger_ui' retrieved from /home/airflow/.local/lib/python3.8/site-packages/airflow/example_dags/example_params_trigger_ui.py
[2025-04-28T12:42:48.491+0000] {logging_mixin.py:188} INFO - [2025-04-28T12:42:48.490+0000] {dag.py:3033} INFO - Sync 1 DAGs
[2025-04-28T12:42:48.561+0000] {logging_mixin.py:188} INFO - [2025-04-28T12:42:48.560+0000] {dag.py:3820} INFO - Setting next_dagrun for example_params_trigger_ui to None, run_after=None
[2025-04-28T12:42:48.609+0000] {processor.py:183} INFO - Processing /home/airflow/.local/lib/python3.8/site-packages/airflow/example_dags/example_params_trigger_ui.py took 0.772 seconds
[2025-04-28T12:43:18.904+0000] {processor.py:161} INFO - Started process (PID=11087) to work on /home/airflow/.local/lib/python3.8/site-packages/airflow/example_dags/example_params_trigger_ui.py
[2025-04-28T12:43:18.906+0000] {processor.py:830} INFO - Processing file /home/airflow/.local/lib/python3.8/site-packages/airflow/example_dags/example_params_trigger_ui.py for tasks to queue
[2025-04-28T12:43:18.908+0000] {logging_mixin.py:188} INFO - [2025-04-28T12:43:18.907+0000] {dagbag.py:538} INFO - Filling up the DagBag from /home/airflow/.local/lib/python3.8/site-packages/airflow/example_dags/example_params_trigger_ui.py
[2025-04-28T12:43:18.955+0000] {processor.py:840} INFO - DAG(s) 'example_params_trigger_ui' retrieved from /home/airflow/.local/lib/python3.8/site-packages/airflow/example_dags/example_params_trigger_ui.py
[2025-04-28T12:43:19.110+0000] {logging_mixin.py:188} INFO - [2025-04-28T12:43:19.109+0000] {dag.py:3033} INFO - Sync 1 DAGs
[2025-04-28T12:43:19.152+0000] {logging_mixin.py:188} INFO - [2025-04-28T12:43:19.151+0000] {dag.py:3820} INFO - Setting next_dagrun for example_params_trigger_ui to None, run_after=None
[2025-04-28T12:43:19.230+0000] {processor.py:183} INFO - Processing /home/airflow/.local/lib/python3.8/site-packages/airflow/example_dags/example_params_trigger_ui.py took 0.347 seconds
[2025-04-28T12:43:49.411+0000] {processor.py:161} INFO - Started process (PID=11143) to work on /home/airflow/.local/lib/python3.8/site-packages/airflow/example_dags/example_params_trigger_ui.py
[2025-04-28T12:43:49.413+0000] {processor.py:830} INFO - Processing file /home/airflow/.local/lib/python3.8/site-packages/airflow/example_dags/example_params_trigger_ui.py for tasks to queue
[2025-04-28T12:43:49.415+0000] {logging_mixin.py:188} INFO - [2025-04-28T12:43:49.415+0000] {dagbag.py:538} INFO - Filling up the DagBag from /home/airflow/.local/lib/python3.8/site-packages/airflow/example_dags/example_params_trigger_ui.py
[2025-04-28T12:43:49.449+0000] {processor.py:840} INFO - DAG(s) 'example_params_trigger_ui' retrieved from /home/airflow/.local/lib/python3.8/site-packages/airflow/example_dags/example_params_trigger_ui.py
[2025-04-28T12:43:49.611+0000] {logging_mixin.py:188} INFO - [2025-04-28T12:43:49.610+0000] {dag.py:3033} INFO - Sync 1 DAGs
[2025-04-28T12:43:49.644+0000] {logging_mixin.py:188} INFO - [2025-04-28T12:43:49.644+0000] {dag.py:3820} INFO - Setting next_dagrun for example_params_trigger_ui to None, run_after=None
[2025-04-28T12:43:49.682+0000] {processor.py:183} INFO - Processing /home/airflow/.local/lib/python3.8/site-packages/airflow/example_dags/example_params_trigger_ui.py took 0.279 seconds
[2025-04-28T12:44:20.222+0000] {processor.py:161} INFO - Started process (PID=11199) to work on /home/airflow/.local/lib/python3.8/site-packages/airflow/example_dags/example_params_trigger_ui.py
[2025-04-28T12:44:20.224+0000] {processor.py:830} INFO - Processing file /home/airflow/.local/lib/python3.8/site-packages/airflow/example_dags/example_params_trigger_ui.py for tasks to queue
[2025-04-28T12:44:20.226+0000] {logging_mixin.py:188} INFO - [2025-04-28T12:44:20.226+0000] {dagbag.py:538} INFO - Filling up the DagBag from /home/airflow/.local/lib/python3.8/site-packages/airflow/example_dags/example_params_trigger_ui.py
[2025-04-28T12:44:20.254+0000] {processor.py:840} INFO - DAG(s) 'example_params_trigger_ui' retrieved from /home/airflow/.local/lib/python3.8/site-packages/airflow/example_dags/example_params_trigger_ui.py
[2025-04-28T12:44:20.382+0000] {logging_mixin.py:188} INFO - [2025-04-28T12:44:20.381+0000] {dag.py:3033} INFO - Sync 1 DAGs
[2025-04-28T12:44:20.411+0000] {logging_mixin.py:188} INFO - [2025-04-28T12:44:20.410+0000] {dag.py:3820} INFO - Setting next_dagrun for example_params_trigger_ui to None, run_after=None
[2025-04-28T12:44:20.458+0000] {processor.py:183} INFO - Processing /home/airflow/.local/lib/python3.8/site-packages/airflow/example_dags/example_params_trigger_ui.py took 0.245 seconds
[2025-04-28T12:44:50.568+0000] {processor.py:161} INFO - Started process (PID=11249) to work on /home/airflow/.local/lib/python3.8/site-packages/airflow/example_dags/example_params_trigger_ui.py
[2025-04-28T12:44:50.570+0000] {processor.py:830} INFO - Processing file /home/airflow/.local/lib/python3.8/site-packages/airflow/example_dags/example_params_trigger_ui.py for tasks to queue
[2025-04-28T12:44:50.573+0000] {logging_mixin.py:188} INFO - [2025-04-28T12:44:50.572+0000] {dagbag.py:538} INFO - Filling up the DagBag from /home/airflow/.local/lib/python3.8/site-packages/airflow/example_dags/example_params_trigger_ui.py
[2025-04-28T12:44:50.607+0000] {processor.py:840} INFO - DAG(s) 'example_params_trigger_ui' retrieved from /home/airflow/.local/lib/python3.8/site-packages/airflow/example_dags/example_params_trigger_ui.py
[2025-04-28T12:44:50.744+0000] {logging_mixin.py:188} INFO - [2025-04-28T12:44:50.744+0000] {dag.py:3033} INFO - Sync 1 DAGs
[2025-04-28T12:44:50.775+0000] {logging_mixin.py:188} INFO - [2025-04-28T12:44:50.775+0000] {dag.py:3820} INFO - Setting next_dagrun for example_params_trigger_ui to None, run_after=None
[2025-04-28T12:44:50.820+0000] {processor.py:183} INFO - Processing /home/airflow/.local/lib/python3.8/site-packages/airflow/example_dags/example_params_trigger_ui.py took 0.261 seconds
[2025-04-28T12:45:22.401+0000] {processor.py:161} INFO - Started process (PID=11311) to work on /home/airflow/.local/lib/python3.8/site-packages/airflow/example_dags/example_params_trigger_ui.py
[2025-04-28T12:45:22.405+0000] {processor.py:830} INFO - Processing file /home/airflow/.local/lib/python3.8/site-packages/airflow/example_dags/example_params_trigger_ui.py for tasks to queue
[2025-04-28T12:45:22.408+0000] {logging_mixin.py:188} INFO - [2025-04-28T12:45:22.407+0000] {dagbag.py:538} INFO - Filling up the DagBag from /home/airflow/.local/lib/python3.8/site-packages/airflow/example_dags/example_params_trigger_ui.py
[2025-04-28T12:45:22.457+0000] {processor.py:840} INFO - DAG(s) 'example_params_trigger_ui' retrieved from /home/airflow/.local/lib/python3.8/site-packages/airflow/example_dags/example_params_trigger_ui.py
[2025-04-28T12:45:22.625+0000] {logging_mixin.py:188} INFO - [2025-04-28T12:45:22.624+0000] {dag.py:3033} INFO - Sync 1 DAGs
[2025-04-28T12:45:22.656+0000] {logging_mixin.py:188} INFO - [2025-04-28T12:45:22.656+0000] {dag.py:3820} INFO - Setting next_dagrun for example_params_trigger_ui to None, run_after=None
[2025-04-28T12:45:22.697+0000] {processor.py:183} INFO - Processing /home/airflow/.local/lib/python3.8/site-packages/airflow/example_dags/example_params_trigger_ui.py took 0.302 seconds
[2025-04-28T12:45:52.990+0000] {processor.py:161} INFO - Started process (PID=11369) to work on /home/airflow/.local/lib/python3.8/site-packages/airflow/example_dags/example_params_trigger_ui.py
[2025-04-28T12:45:52.993+0000] {processor.py:830} INFO - Processing file /home/airflow/.local/lib/python3.8/site-packages/airflow/example_dags/example_params_trigger_ui.py for tasks to queue
[2025-04-28T12:45:52.996+0000] {logging_mixin.py:188} INFO - [2025-04-28T12:45:52.995+0000] {dagbag.py:538} INFO - Filling up the DagBag from /home/airflow/.local/lib/python3.8/site-packages/airflow/example_dags/example_params_trigger_ui.py
[2025-04-28T12:45:53.030+0000] {processor.py:840} INFO - DAG(s) 'example_params_trigger_ui' retrieved from /home/airflow/.local/lib/python3.8/site-packages/airflow/example_dags/example_params_trigger_ui.py
[2025-04-28T12:45:53.172+0000] {logging_mixin.py:188} INFO - [2025-04-28T12:45:53.172+0000] {dag.py:3033} INFO - Sync 1 DAGs
[2025-04-28T12:45:53.206+0000] {logging_mixin.py:188} INFO - [2025-04-28T12:45:53.205+0000] {dag.py:3820} INFO - Setting next_dagrun for example_params_trigger_ui to None, run_after=None
[2025-04-28T12:45:53.273+0000] {processor.py:183} INFO - Processing /home/airflow/.local/lib/python3.8/site-packages/airflow/example_dags/example_params_trigger_ui.py took 0.293 seconds
[2025-04-28T12:46:25.221+0000] {processor.py:161} INFO - Started process (PID=11419) to work on /home/airflow/.local/lib/python3.8/site-packages/airflow/example_dags/example_params_trigger_ui.py
[2025-04-28T12:46:25.223+0000] {processor.py:830} INFO - Processing file /home/airflow/.local/lib/python3.8/site-packages/airflow/example_dags/example_params_trigger_ui.py for tasks to queue
[2025-04-28T12:46:25.226+0000] {logging_mixin.py:188} INFO - [2025-04-28T12:46:25.225+0000] {dagbag.py:538} INFO - Filling up the DagBag from /home/airflow/.local/lib/python3.8/site-packages/airflow/example_dags/example_params_trigger_ui.py
[2025-04-28T12:46:25.258+0000] {processor.py:840} INFO - DAG(s) 'example_params_trigger_ui' retrieved from /home/airflow/.local/lib/python3.8/site-packages/airflow/example_dags/example_params_trigger_ui.py
[2025-04-28T12:46:25.467+0000] {logging_mixin.py:188} INFO - [2025-04-28T12:46:25.466+0000] {dag.py:3033} INFO - Sync 1 DAGs
[2025-04-28T12:46:25.499+0000] {logging_mixin.py:188} INFO - [2025-04-28T12:46:25.499+0000] {dag.py:3820} INFO - Setting next_dagrun for example_params_trigger_ui to None, run_after=None
[2025-04-28T12:46:25.567+0000] {processor.py:183} INFO - Processing /home/airflow/.local/lib/python3.8/site-packages/airflow/example_dags/example_params_trigger_ui.py took 0.356 seconds
[2025-04-28T12:46:56.351+0000] {processor.py:161} INFO - Started process (PID=11474) to work on /home/airflow/.local/lib/python3.8/site-packages/airflow/example_dags/example_params_trigger_ui.py
[2025-04-28T12:46:56.353+0000] {processor.py:830} INFO - Processing file /home/airflow/.local/lib/python3.8/site-packages/airflow/example_dags/example_params_trigger_ui.py for tasks to queue
[2025-04-28T12:46:56.358+0000] {logging_mixin.py:188} INFO - [2025-04-28T12:46:56.357+0000] {dagbag.py:538} INFO - Filling up the DagBag from /home/airflow/.local/lib/python3.8/site-packages/airflow/example_dags/example_params_trigger_ui.py
[2025-04-28T12:46:56.408+0000] {processor.py:840} INFO - DAG(s) 'example_params_trigger_ui' retrieved from /home/airflow/.local/lib/python3.8/site-packages/airflow/example_dags/example_params_trigger_ui.py
[2025-04-28T12:46:56.662+0000] {logging_mixin.py:188} INFO - [2025-04-28T12:46:56.661+0000] {dag.py:3033} INFO - Sync 1 DAGs
[2025-04-28T12:46:56.701+0000] {logging_mixin.py:188} INFO - [2025-04-28T12:46:56.701+0000] {dag.py:3820} INFO - Setting next_dagrun for example_params_trigger_ui to None, run_after=None
[2025-04-28T12:46:56.766+0000] {processor.py:183} INFO - Processing /home/airflow/.local/lib/python3.8/site-packages/airflow/example_dags/example_params_trigger_ui.py took 0.424 seconds
[2025-04-28T12:47:27.103+0000] {processor.py:161} INFO - Started process (PID=11535) to work on /home/airflow/.local/lib/python3.8/site-packages/airflow/example_dags/example_params_trigger_ui.py
[2025-04-28T12:47:27.105+0000] {processor.py:830} INFO - Processing file /home/airflow/.local/lib/python3.8/site-packages/airflow/example_dags/example_params_trigger_ui.py for tasks to queue
[2025-04-28T12:47:27.108+0000] {logging_mixin.py:188} INFO - [2025-04-28T12:47:27.106+0000] {dagbag.py:538} INFO - Filling up the DagBag from /home/airflow/.local/lib/python3.8/site-packages/airflow/example_dags/example_params_trigger_ui.py
[2025-04-28T12:47:27.164+0000] {processor.py:840} INFO - DAG(s) 'example_params_trigger_ui' retrieved from /home/airflow/.local/lib/python3.8/site-packages/airflow/example_dags/example_params_trigger_ui.py
[2025-04-28T12:47:27.417+0000] {logging_mixin.py:188} INFO - [2025-04-28T12:47:27.416+0000] {dag.py:3033} INFO - Sync 1 DAGs
[2025-04-28T12:47:27.457+0000] {logging_mixin.py:188} INFO - [2025-04-28T12:47:27.456+0000] {dag.py:3820} INFO - Setting next_dagrun for example_params_trigger_ui to None, run_after=None
[2025-04-28T12:47:27.520+0000] {processor.py:183} INFO - Processing /home/airflow/.local/lib/python3.8/site-packages/airflow/example_dags/example_params_trigger_ui.py took 0.428 seconds
[2025-04-28T12:47:59.120+0000] {processor.py:161} INFO - Started process (PID=11585) to work on /home/airflow/.local/lib/python3.8/site-packages/airflow/example_dags/example_params_trigger_ui.py
[2025-04-28T12:47:59.122+0000] {processor.py:830} INFO - Processing file /home/airflow/.local/lib/python3.8/site-packages/airflow/example_dags/example_params_trigger_ui.py for tasks to queue
[2025-04-28T12:47:59.125+0000] {logging_mixin.py:188} INFO - [2025-04-28T12:47:59.124+0000] {dagbag.py:538} INFO - Filling up the DagBag from /home/airflow/.local/lib/python3.8/site-packages/airflow/example_dags/example_params_trigger_ui.py
[2025-04-28T12:47:59.178+0000] {processor.py:840} INFO - DAG(s) 'example_params_trigger_ui' retrieved from /home/airflow/.local/lib/python3.8/site-packages/airflow/example_dags/example_params_trigger_ui.py
[2025-04-28T12:47:59.390+0000] {logging_mixin.py:188} INFO - [2025-04-28T12:47:59.390+0000] {dag.py:3033} INFO - Sync 1 DAGs
[2025-04-28T12:47:59.430+0000] {logging_mixin.py:188} INFO - [2025-04-28T12:47:59.429+0000] {dag.py:3820} INFO - Setting next_dagrun for example_params_trigger_ui to None, run_after=None
[2025-04-28T12:47:59.489+0000] {processor.py:183} INFO - Processing /home/airflow/.local/lib/python3.8/site-packages/airflow/example_dags/example_params_trigger_ui.py took 0.381 seconds
[2025-04-28T12:48:31.027+0000] {processor.py:161} INFO - Started process (PID=11641) to work on /home/airflow/.local/lib/python3.8/site-packages/airflow/example_dags/example_params_trigger_ui.py
[2025-04-28T12:48:31.030+0000] {processor.py:830} INFO - Processing file /home/airflow/.local/lib/python3.8/site-packages/airflow/example_dags/example_params_trigger_ui.py for tasks to queue
[2025-04-28T12:48:31.043+0000] {logging_mixin.py:188} INFO - [2025-04-28T12:48:31.042+0000] {dagbag.py:538} INFO - Filling up the DagBag from /home/airflow/.local/lib/python3.8/site-packages/airflow/example_dags/example_params_trigger_ui.py
[2025-04-28T12:48:31.102+0000] {processor.py:840} INFO - DAG(s) 'example_params_trigger_ui' retrieved from /home/airflow/.local/lib/python3.8/site-packages/airflow/example_dags/example_params_trigger_ui.py
[2025-04-28T12:48:31.440+0000] {logging_mixin.py:188} INFO - [2025-04-28T12:48:31.440+0000] {dag.py:3033} INFO - Sync 1 DAGs
[2025-04-28T12:48:31.483+0000] {logging_mixin.py:188} INFO - [2025-04-28T12:48:31.483+0000] {dag.py:3820} INFO - Setting next_dagrun for example_params_trigger_ui to None, run_after=None
[2025-04-28T12:48:31.582+0000] {processor.py:183} INFO - Processing /home/airflow/.local/lib/python3.8/site-packages/airflow/example_dags/example_params_trigger_ui.py took 0.576 seconds
[2025-04-28T12:49:03.103+0000] {processor.py:161} INFO - Started process (PID=11697) to work on /home/airflow/.local/lib/python3.8/site-packages/airflow/example_dags/example_params_trigger_ui.py
[2025-04-28T12:49:03.104+0000] {processor.py:830} INFO - Processing file /home/airflow/.local/lib/python3.8/site-packages/airflow/example_dags/example_params_trigger_ui.py for tasks to queue
[2025-04-28T12:49:03.106+0000] {logging_mixin.py:188} INFO - [2025-04-28T12:49:03.106+0000] {dagbag.py:538} INFO - Filling up the DagBag from /home/airflow/.local/lib/python3.8/site-packages/airflow/example_dags/example_params_trigger_ui.py
[2025-04-28T12:49:03.143+0000] {processor.py:840} INFO - DAG(s) 'example_params_trigger_ui' retrieved from /home/airflow/.local/lib/python3.8/site-packages/airflow/example_dags/example_params_trigger_ui.py
[2025-04-28T12:49:03.448+0000] {logging_mixin.py:188} INFO - [2025-04-28T12:49:03.448+0000] {dag.py:3033} INFO - Sync 1 DAGs
[2025-04-28T12:49:03.491+0000] {logging_mixin.py:188} INFO - [2025-04-28T12:49:03.486+0000] {dag.py:3820} INFO - Setting next_dagrun for example_params_trigger_ui to None, run_after=None
[2025-04-28T12:49:03.621+0000] {processor.py:183} INFO - Processing /home/airflow/.local/lib/python3.8/site-packages/airflow/example_dags/example_params_trigger_ui.py took 0.537 seconds
[2025-04-28T12:49:42.032+0000] {processor.py:161} INFO - Started process (PID=11760) to work on /home/airflow/.local/lib/python3.8/site-packages/airflow/example_dags/example_params_trigger_ui.py
[2025-04-28T12:49:42.033+0000] {processor.py:830} INFO - Processing file /home/airflow/.local/lib/python3.8/site-packages/airflow/example_dags/example_params_trigger_ui.py for tasks to queue
[2025-04-28T12:49:42.035+0000] {logging_mixin.py:188} INFO - [2025-04-28T12:49:42.035+0000] {dagbag.py:538} INFO - Filling up the DagBag from /home/airflow/.local/lib/python3.8/site-packages/airflow/example_dags/example_params_trigger_ui.py
[2025-04-28T12:49:42.074+0000] {processor.py:840} INFO - DAG(s) 'example_params_trigger_ui' retrieved from /home/airflow/.local/lib/python3.8/site-packages/airflow/example_dags/example_params_trigger_ui.py
[2025-04-28T12:49:42.280+0000] {logging_mixin.py:188} INFO - [2025-04-28T12:49:42.279+0000] {dag.py:3033} INFO - Sync 1 DAGs
[2025-04-28T12:49:42.356+0000] {logging_mixin.py:188} INFO - [2025-04-28T12:49:42.355+0000] {dag.py:3820} INFO - Setting next_dagrun for example_params_trigger_ui to None, run_after=None
[2025-04-28T12:49:42.489+0000] {processor.py:183} INFO - Processing /home/airflow/.local/lib/python3.8/site-packages/airflow/example_dags/example_params_trigger_ui.py took 0.466 seconds
[2025-04-28T12:50:12.799+0000] {processor.py:161} INFO - Started process (PID=11814) to work on /home/airflow/.local/lib/python3.8/site-packages/airflow/example_dags/example_params_trigger_ui.py
[2025-04-28T12:50:12.802+0000] {processor.py:830} INFO - Processing file /home/airflow/.local/lib/python3.8/site-packages/airflow/example_dags/example_params_trigger_ui.py for tasks to queue
[2025-04-28T12:50:12.804+0000] {logging_mixin.py:188} INFO - [2025-04-28T12:50:12.804+0000] {dagbag.py:538} INFO - Filling up the DagBag from /home/airflow/.local/lib/python3.8/site-packages/airflow/example_dags/example_params_trigger_ui.py
[2025-04-28T12:50:12.850+0000] {processor.py:840} INFO - DAG(s) 'example_params_trigger_ui' retrieved from /home/airflow/.local/lib/python3.8/site-packages/airflow/example_dags/example_params_trigger_ui.py
[2025-04-28T12:50:13.029+0000] {logging_mixin.py:188} INFO - [2025-04-28T12:50:13.029+0000] {dag.py:3033} INFO - Sync 1 DAGs
[2025-04-28T12:50:13.063+0000] {logging_mixin.py:188} INFO - [2025-04-28T12:50:13.063+0000] {dag.py:3820} INFO - Setting next_dagrun for example_params_trigger_ui to None, run_after=None
[2025-04-28T12:50:13.117+0000] {processor.py:183} INFO - Processing /home/airflow/.local/lib/python3.8/site-packages/airflow/example_dags/example_params_trigger_ui.py took 0.329 seconds
[2025-04-28T12:50:44.509+0000] {processor.py:161} INFO - Started process (PID=11870) to work on /home/airflow/.local/lib/python3.8/site-packages/airflow/example_dags/example_params_trigger_ui.py
[2025-04-28T12:50:44.510+0000] {processor.py:830} INFO - Processing file /home/airflow/.local/lib/python3.8/site-packages/airflow/example_dags/example_params_trigger_ui.py for tasks to queue
[2025-04-28T12:50:44.513+0000] {logging_mixin.py:188} INFO - [2025-04-28T12:50:44.512+0000] {dagbag.py:538} INFO - Filling up the DagBag from /home/airflow/.local/lib/python3.8/site-packages/airflow/example_dags/example_params_trigger_ui.py
[2025-04-28T12:50:44.554+0000] {processor.py:840} INFO - DAG(s) 'example_params_trigger_ui' retrieved from /home/airflow/.local/lib/python3.8/site-packages/airflow/example_dags/example_params_trigger_ui.py
[2025-04-28T12:50:44.830+0000] {logging_mixin.py:188} INFO - [2025-04-28T12:50:44.829+0000] {dag.py:3033} INFO - Sync 1 DAGs
[2025-04-28T12:50:44.911+0000] {logging_mixin.py:188} INFO - [2025-04-28T12:50:44.911+0000] {dag.py:3820} INFO - Setting next_dagrun for example_params_trigger_ui to None, run_after=None
[2025-04-28T12:50:44.993+0000] {processor.py:183} INFO - Processing /home/airflow/.local/lib/python3.8/site-packages/airflow/example_dags/example_params_trigger_ui.py took 0.494 seconds
[2025-04-28T12:51:17.634+0000] {processor.py:161} INFO - Started process (PID=11927) to work on /home/airflow/.local/lib/python3.8/site-packages/airflow/example_dags/example_params_trigger_ui.py
[2025-04-28T12:51:17.636+0000] {processor.py:830} INFO - Processing file /home/airflow/.local/lib/python3.8/site-packages/airflow/example_dags/example_params_trigger_ui.py for tasks to queue
[2025-04-28T12:51:17.640+0000] {logging_mixin.py:188} INFO - [2025-04-28T12:51:17.639+0000] {dagbag.py:538} INFO - Filling up the DagBag from /home/airflow/.local/lib/python3.8/site-packages/airflow/example_dags/example_params_trigger_ui.py
[2025-04-28T12:51:17.692+0000] {processor.py:840} INFO - DAG(s) 'example_params_trigger_ui' retrieved from /home/airflow/.local/lib/python3.8/site-packages/airflow/example_dags/example_params_trigger_ui.py
[2025-04-28T12:51:18.009+0000] {logging_mixin.py:188} INFO - [2025-04-28T12:51:18.008+0000] {dag.py:3033} INFO - Sync 1 DAGs
[2025-04-28T12:51:18.063+0000] {logging_mixin.py:188} INFO - [2025-04-28T12:51:18.063+0000] {dag.py:3820} INFO - Setting next_dagrun for example_params_trigger_ui to None, run_after=None
[2025-04-28T12:51:18.131+0000] {processor.py:183} INFO - Processing /home/airflow/.local/lib/python3.8/site-packages/airflow/example_dags/example_params_trigger_ui.py took 0.507 seconds
[2025-04-28T12:51:48.486+0000] {processor.py:161} INFO - Started process (PID=11984) to work on /home/airflow/.local/lib/python3.8/site-packages/airflow/example_dags/example_params_trigger_ui.py
[2025-04-28T12:51:48.489+0000] {processor.py:830} INFO - Processing file /home/airflow/.local/lib/python3.8/site-packages/airflow/example_dags/example_params_trigger_ui.py for tasks to queue
[2025-04-28T12:51:48.491+0000] {logging_mixin.py:188} INFO - [2025-04-28T12:51:48.490+0000] {dagbag.py:538} INFO - Filling up the DagBag from /home/airflow/.local/lib/python3.8/site-packages/airflow/example_dags/example_params_trigger_ui.py
[2025-04-28T12:51:48.533+0000] {processor.py:840} INFO - DAG(s) 'example_params_trigger_ui' retrieved from /home/airflow/.local/lib/python3.8/site-packages/airflow/example_dags/example_params_trigger_ui.py
[2025-04-28T12:51:48.738+0000] {logging_mixin.py:188} INFO - [2025-04-28T12:51:48.731+0000] {dag.py:3033} INFO - Sync 1 DAGs
[2025-04-28T12:51:48.811+0000] {logging_mixin.py:188} INFO - [2025-04-28T12:51:48.811+0000] {dag.py:3820} INFO - Setting next_dagrun for example_params_trigger_ui to None, run_after=None
[2025-04-28T12:51:48.885+0000] {processor.py:183} INFO - Processing /home/airflow/.local/lib/python3.8/site-packages/airflow/example_dags/example_params_trigger_ui.py took 0.407 seconds
[2025-04-28T12:52:19.097+0000] {processor.py:161} INFO - Started process (PID=12035) to work on /home/airflow/.local/lib/python3.8/site-packages/airflow/example_dags/example_params_trigger_ui.py
[2025-04-28T12:52:19.100+0000] {processor.py:830} INFO - Processing file /home/airflow/.local/lib/python3.8/site-packages/airflow/example_dags/example_params_trigger_ui.py for tasks to queue
[2025-04-28T12:52:19.103+0000] {logging_mixin.py:188} INFO - [2025-04-28T12:52:19.102+0000] {dagbag.py:538} INFO - Filling up the DagBag from /home/airflow/.local/lib/python3.8/site-packages/airflow/example_dags/example_params_trigger_ui.py
[2025-04-28T12:52:19.149+0000] {processor.py:840} INFO - DAG(s) 'example_params_trigger_ui' retrieved from /home/airflow/.local/lib/python3.8/site-packages/airflow/example_dags/example_params_trigger_ui.py
[2025-04-28T12:52:19.408+0000] {logging_mixin.py:188} INFO - [2025-04-28T12:52:19.408+0000] {dag.py:3033} INFO - Sync 1 DAGs
[2025-04-28T12:52:19.445+0000] {logging_mixin.py:188} INFO - [2025-04-28T12:52:19.444+0000] {dag.py:3820} INFO - Setting next_dagrun for example_params_trigger_ui to None, run_after=None
[2025-04-28T12:52:19.488+0000] {processor.py:183} INFO - Processing /home/airflow/.local/lib/python3.8/site-packages/airflow/example_dags/example_params_trigger_ui.py took 0.403 seconds
[2025-04-28T12:52:50.257+0000] {processor.py:161} INFO - Started process (PID=12092) to work on /home/airflow/.local/lib/python3.8/site-packages/airflow/example_dags/example_params_trigger_ui.py
[2025-04-28T12:52:50.259+0000] {processor.py:830} INFO - Processing file /home/airflow/.local/lib/python3.8/site-packages/airflow/example_dags/example_params_trigger_ui.py for tasks to queue
[2025-04-28T12:52:50.263+0000] {logging_mixin.py:188} INFO - [2025-04-28T12:52:50.262+0000] {dagbag.py:538} INFO - Filling up the DagBag from /home/airflow/.local/lib/python3.8/site-packages/airflow/example_dags/example_params_trigger_ui.py
[2025-04-28T12:52:50.316+0000] {processor.py:840} INFO - DAG(s) 'example_params_trigger_ui' retrieved from /home/airflow/.local/lib/python3.8/site-packages/airflow/example_dags/example_params_trigger_ui.py
[2025-04-28T12:52:50.511+0000] {logging_mixin.py:188} INFO - [2025-04-28T12:52:50.510+0000] {dag.py:3033} INFO - Sync 1 DAGs
[2025-04-28T12:52:50.548+0000] {logging_mixin.py:188} INFO - [2025-04-28T12:52:50.548+0000] {dag.py:3820} INFO - Setting next_dagrun for example_params_trigger_ui to None, run_after=None
[2025-04-28T12:52:50.593+0000] {processor.py:183} INFO - Processing /home/airflow/.local/lib/python3.8/site-packages/airflow/example_dags/example_params_trigger_ui.py took 0.346 seconds
[2025-04-28T12:53:24.789+0000] {processor.py:161} INFO - Started process (PID=12147) to work on /home/airflow/.local/lib/python3.8/site-packages/airflow/example_dags/example_params_trigger_ui.py
[2025-04-28T12:53:24.791+0000] {processor.py:830} INFO - Processing file /home/airflow/.local/lib/python3.8/site-packages/airflow/example_dags/example_params_trigger_ui.py for tasks to queue
[2025-04-28T12:53:24.794+0000] {logging_mixin.py:188} INFO - [2025-04-28T12:53:24.793+0000] {dagbag.py:538} INFO - Filling up the DagBag from /home/airflow/.local/lib/python3.8/site-packages/airflow/example_dags/example_params_trigger_ui.py
[2025-04-28T12:53:24.855+0000] {processor.py:840} INFO - DAG(s) 'example_params_trigger_ui' retrieved from /home/airflow/.local/lib/python3.8/site-packages/airflow/example_dags/example_params_trigger_ui.py
[2025-04-28T12:53:25.150+0000] {logging_mixin.py:188} INFO - [2025-04-28T12:53:25.150+0000] {dag.py:3033} INFO - Sync 1 DAGs
[2025-04-28T12:53:25.227+0000] {logging_mixin.py:188} INFO - [2025-04-28T12:53:25.227+0000] {dag.py:3820} INFO - Setting next_dagrun for example_params_trigger_ui to None, run_after=None
[2025-04-28T12:53:25.423+0000] {processor.py:183} INFO - Processing /home/airflow/.local/lib/python3.8/site-packages/airflow/example_dags/example_params_trigger_ui.py took 0.646 seconds
[2025-04-28T12:53:56.755+0000] {processor.py:161} INFO - Started process (PID=12203) to work on /home/airflow/.local/lib/python3.8/site-packages/airflow/example_dags/example_params_trigger_ui.py
[2025-04-28T12:53:56.757+0000] {processor.py:830} INFO - Processing file /home/airflow/.local/lib/python3.8/site-packages/airflow/example_dags/example_params_trigger_ui.py for tasks to queue
[2025-04-28T12:53:56.760+0000] {logging_mixin.py:188} INFO - [2025-04-28T12:53:56.759+0000] {dagbag.py:538} INFO - Filling up the DagBag from /home/airflow/.local/lib/python3.8/site-packages/airflow/example_dags/example_params_trigger_ui.py
[2025-04-28T12:53:56.798+0000] {processor.py:840} INFO - DAG(s) 'example_params_trigger_ui' retrieved from /home/airflow/.local/lib/python3.8/site-packages/airflow/example_dags/example_params_trigger_ui.py
[2025-04-28T12:53:57.012+0000] {logging_mixin.py:188} INFO - [2025-04-28T12:53:57.012+0000] {dag.py:3033} INFO - Sync 1 DAGs
[2025-04-28T12:53:57.053+0000] {logging_mixin.py:188} INFO - [2025-04-28T12:53:57.053+0000] {dag.py:3820} INFO - Setting next_dagrun for example_params_trigger_ui to None, run_after=None
[2025-04-28T12:53:57.112+0000] {processor.py:183} INFO - Processing /home/airflow/.local/lib/python3.8/site-packages/airflow/example_dags/example_params_trigger_ui.py took 0.368 seconds
[2025-04-28T12:54:27.505+0000] {processor.py:161} INFO - Started process (PID=12259) to work on /home/airflow/.local/lib/python3.8/site-packages/airflow/example_dags/example_params_trigger_ui.py
[2025-04-28T12:54:27.507+0000] {processor.py:830} INFO - Processing file /home/airflow/.local/lib/python3.8/site-packages/airflow/example_dags/example_params_trigger_ui.py for tasks to queue
[2025-04-28T12:54:27.514+0000] {logging_mixin.py:188} INFO - [2025-04-28T12:54:27.514+0000] {dagbag.py:538} INFO - Filling up the DagBag from /home/airflow/.local/lib/python3.8/site-packages/airflow/example_dags/example_params_trigger_ui.py
[2025-04-28T12:54:27.555+0000] {processor.py:840} INFO - DAG(s) 'example_params_trigger_ui' retrieved from /home/airflow/.local/lib/python3.8/site-packages/airflow/example_dags/example_params_trigger_ui.py
[2025-04-28T12:54:27.703+0000] {logging_mixin.py:188} INFO - [2025-04-28T12:54:27.702+0000] {dag.py:3033} INFO - Sync 1 DAGs
[2025-04-28T12:54:27.730+0000] {logging_mixin.py:188} INFO - [2025-04-28T12:54:27.729+0000] {dag.py:3820} INFO - Setting next_dagrun for example_params_trigger_ui to None, run_after=None
[2025-04-28T12:54:27.782+0000] {processor.py:183} INFO - Processing /home/airflow/.local/lib/python3.8/site-packages/airflow/example_dags/example_params_trigger_ui.py took 0.288 seconds
[2025-04-28T12:55:01.180+0000] {processor.py:161} INFO - Started process (PID=12313) to work on /home/airflow/.local/lib/python3.8/site-packages/airflow/example_dags/example_params_trigger_ui.py
[2025-04-28T12:55:01.183+0000] {processor.py:830} INFO - Processing file /home/airflow/.local/lib/python3.8/site-packages/airflow/example_dags/example_params_trigger_ui.py for tasks to queue
[2025-04-28T12:55:01.187+0000] {logging_mixin.py:188} INFO - [2025-04-28T12:55:01.187+0000] {dagbag.py:538} INFO - Filling up the DagBag from /home/airflow/.local/lib/python3.8/site-packages/airflow/example_dags/example_params_trigger_ui.py
[2025-04-28T12:55:01.266+0000] {processor.py:840} INFO - DAG(s) 'example_params_trigger_ui' retrieved from /home/airflow/.local/lib/python3.8/site-packages/airflow/example_dags/example_params_trigger_ui.py
[2025-04-28T12:55:01.504+0000] {logging_mixin.py:188} INFO - [2025-04-28T12:55:01.504+0000] {dag.py:3033} INFO - Sync 1 DAGs
[2025-04-28T12:55:01.540+0000] {logging_mixin.py:188} INFO - [2025-04-28T12:55:01.540+0000] {dag.py:3820} INFO - Setting next_dagrun for example_params_trigger_ui to None, run_after=None
[2025-04-28T12:55:01.617+0000] {processor.py:183} INFO - Processing /home/airflow/.local/lib/python3.8/site-packages/airflow/example_dags/example_params_trigger_ui.py took 0.451 seconds
[2025-04-28T12:55:33.766+0000] {processor.py:161} INFO - Started process (PID=12370) to work on /home/airflow/.local/lib/python3.8/site-packages/airflow/example_dags/example_params_trigger_ui.py
[2025-04-28T12:55:33.768+0000] {processor.py:830} INFO - Processing file /home/airflow/.local/lib/python3.8/site-packages/airflow/example_dags/example_params_trigger_ui.py for tasks to queue
[2025-04-28T12:55:33.770+0000] {logging_mixin.py:188} INFO - [2025-04-28T12:55:33.769+0000] {dagbag.py:538} INFO - Filling up the DagBag from /home/airflow/.local/lib/python3.8/site-packages/airflow/example_dags/example_params_trigger_ui.py
[2025-04-28T12:55:33.833+0000] {processor.py:840} INFO - DAG(s) 'example_params_trigger_ui' retrieved from /home/airflow/.local/lib/python3.8/site-packages/airflow/example_dags/example_params_trigger_ui.py
[2025-04-28T12:55:34.039+0000] {logging_mixin.py:188} INFO - [2025-04-28T12:55:34.039+0000] {dag.py:3033} INFO - Sync 1 DAGs
[2025-04-28T12:55:34.074+0000] {logging_mixin.py:188} INFO - [2025-04-28T12:55:34.073+0000] {dag.py:3820} INFO - Setting next_dagrun for example_params_trigger_ui to None, run_after=None
[2025-04-28T12:55:34.160+0000] {processor.py:183} INFO - Processing /home/airflow/.local/lib/python3.8/site-packages/airflow/example_dags/example_params_trigger_ui.py took 0.410 seconds
[2025-04-28T12:56:07.783+0000] {processor.py:161} INFO - Started process (PID=12426) to work on /home/airflow/.local/lib/python3.8/site-packages/airflow/example_dags/example_params_trigger_ui.py
[2025-04-28T12:56:07.786+0000] {processor.py:830} INFO - Processing file /home/airflow/.local/lib/python3.8/site-packages/airflow/example_dags/example_params_trigger_ui.py for tasks to queue
[2025-04-28T12:56:07.789+0000] {logging_mixin.py:188} INFO - [2025-04-28T12:56:07.788+0000] {dagbag.py:538} INFO - Filling up the DagBag from /home/airflow/.local/lib/python3.8/site-packages/airflow/example_dags/example_params_trigger_ui.py
[2025-04-28T12:56:07.831+0000] {processor.py:840} INFO - DAG(s) 'example_params_trigger_ui' retrieved from /home/airflow/.local/lib/python3.8/site-packages/airflow/example_dags/example_params_trigger_ui.py
[2025-04-28T12:56:07.979+0000] {logging_mixin.py:188} INFO - [2025-04-28T12:56:07.979+0000] {dag.py:3033} INFO - Sync 1 DAGs
[2025-04-28T12:56:08.008+0000] {logging_mixin.py:188} INFO - [2025-04-28T12:56:08.008+0000] {dag.py:3820} INFO - Setting next_dagrun for example_params_trigger_ui to None, run_after=None
[2025-04-28T12:56:08.075+0000] {processor.py:183} INFO - Processing /home/airflow/.local/lib/python3.8/site-packages/airflow/example_dags/example_params_trigger_ui.py took 0.301 seconds
[2025-04-28T12:56:40.309+0000] {processor.py:161} INFO - Started process (PID=12482) to work on /home/airflow/.local/lib/python3.8/site-packages/airflow/example_dags/example_params_trigger_ui.py
[2025-04-28T12:56:40.318+0000] {processor.py:830} INFO - Processing file /home/airflow/.local/lib/python3.8/site-packages/airflow/example_dags/example_params_trigger_ui.py for tasks to queue
[2025-04-28T12:56:40.332+0000] {logging_mixin.py:188} INFO - [2025-04-28T12:56:40.331+0000] {dagbag.py:538} INFO - Filling up the DagBag from /home/airflow/.local/lib/python3.8/site-packages/airflow/example_dags/example_params_trigger_ui.py
[2025-04-28T12:56:40.406+0000] {processor.py:840} INFO - DAG(s) 'example_params_trigger_ui' retrieved from /home/airflow/.local/lib/python3.8/site-packages/airflow/example_dags/example_params_trigger_ui.py
[2025-04-28T12:56:40.652+0000] {logging_mixin.py:188} INFO - [2025-04-28T12:56:40.652+0000] {dag.py:3033} INFO - Sync 1 DAGs
[2025-04-28T12:56:40.688+0000] {logging_mixin.py:188} INFO - [2025-04-28T12:56:40.688+0000] {dag.py:3820} INFO - Setting next_dagrun for example_params_trigger_ui to None, run_after=None
[2025-04-28T12:56:40.749+0000] {processor.py:183} INFO - Processing /home/airflow/.local/lib/python3.8/site-packages/airflow/example_dags/example_params_trigger_ui.py took 0.474 seconds
[2025-04-28T12:57:11.339+0000] {processor.py:161} INFO - Started process (PID=12538) to work on /home/airflow/.local/lib/python3.8/site-packages/airflow/example_dags/example_params_trigger_ui.py
[2025-04-28T12:57:11.341+0000] {processor.py:830} INFO - Processing file /home/airflow/.local/lib/python3.8/site-packages/airflow/example_dags/example_params_trigger_ui.py for tasks to queue
[2025-04-28T12:57:11.344+0000] {logging_mixin.py:188} INFO - [2025-04-28T12:57:11.343+0000] {dagbag.py:538} INFO - Filling up the DagBag from /home/airflow/.local/lib/python3.8/site-packages/airflow/example_dags/example_params_trigger_ui.py
[2025-04-28T12:57:11.387+0000] {processor.py:840} INFO - DAG(s) 'example_params_trigger_ui' retrieved from /home/airflow/.local/lib/python3.8/site-packages/airflow/example_dags/example_params_trigger_ui.py
[2025-04-28T12:57:11.574+0000] {logging_mixin.py:188} INFO - [2025-04-28T12:57:11.573+0000] {dag.py:3033} INFO - Sync 1 DAGs
[2025-04-28T12:57:11.608+0000] {logging_mixin.py:188} INFO - [2025-04-28T12:57:11.608+0000] {dag.py:3820} INFO - Setting next_dagrun for example_params_trigger_ui to None, run_after=None
[2025-04-28T12:57:11.659+0000] {processor.py:183} INFO - Processing /home/airflow/.local/lib/python3.8/site-packages/airflow/example_dags/example_params_trigger_ui.py took 0.331 seconds
[2025-04-28T12:57:43.682+0000] {processor.py:161} INFO - Started process (PID=12596) to work on /home/airflow/.local/lib/python3.8/site-packages/airflow/example_dags/example_params_trigger_ui.py
[2025-04-28T12:57:43.684+0000] {processor.py:830} INFO - Processing file /home/airflow/.local/lib/python3.8/site-packages/airflow/example_dags/example_params_trigger_ui.py for tasks to queue
[2025-04-28T12:57:43.686+0000] {logging_mixin.py:188} INFO - [2025-04-28T12:57:43.686+0000] {dagbag.py:538} INFO - Filling up the DagBag from /home/airflow/.local/lib/python3.8/site-packages/airflow/example_dags/example_params_trigger_ui.py
[2025-04-28T12:57:43.728+0000] {processor.py:840} INFO - DAG(s) 'example_params_trigger_ui' retrieved from /home/airflow/.local/lib/python3.8/site-packages/airflow/example_dags/example_params_trigger_ui.py
[2025-04-28T12:57:43.876+0000] {logging_mixin.py:188} INFO - [2025-04-28T12:57:43.876+0000] {dag.py:3033} INFO - Sync 1 DAGs
[2025-04-28T12:57:43.901+0000] {logging_mixin.py:188} INFO - [2025-04-28T12:57:43.901+0000] {dag.py:3820} INFO - Setting next_dagrun for example_params_trigger_ui to None, run_after=None
[2025-04-28T12:57:43.950+0000] {processor.py:183} INFO - Processing /home/airflow/.local/lib/python3.8/site-packages/airflow/example_dags/example_params_trigger_ui.py took 0.278 seconds
[2025-04-28T12:58:19.501+0000] {processor.py:161} INFO - Started process (PID=12659) to work on /home/airflow/.local/lib/python3.8/site-packages/airflow/example_dags/example_params_trigger_ui.py
[2025-04-28T12:58:19.503+0000] {processor.py:830} INFO - Processing file /home/airflow/.local/lib/python3.8/site-packages/airflow/example_dags/example_params_trigger_ui.py for tasks to queue
[2025-04-28T12:58:19.505+0000] {logging_mixin.py:188} INFO - [2025-04-28T12:58:19.505+0000] {dagbag.py:538} INFO - Filling up the DagBag from /home/airflow/.local/lib/python3.8/site-packages/airflow/example_dags/example_params_trigger_ui.py
[2025-04-28T12:58:19.534+0000] {processor.py:840} INFO - DAG(s) 'example_params_trigger_ui' retrieved from /home/airflow/.local/lib/python3.8/site-packages/airflow/example_dags/example_params_trigger_ui.py
[2025-04-28T12:58:19.663+0000] {logging_mixin.py:188} INFO - [2025-04-28T12:58:19.662+0000] {dag.py:3033} INFO - Sync 1 DAGs
[2025-04-28T12:58:19.698+0000] {logging_mixin.py:188} INFO - [2025-04-28T12:58:19.698+0000] {dag.py:3820} INFO - Setting next_dagrun for example_params_trigger_ui to None, run_after=None
[2025-04-28T12:58:19.752+0000] {processor.py:183} INFO - Processing /home/airflow/.local/lib/python3.8/site-packages/airflow/example_dags/example_params_trigger_ui.py took 0.260 seconds
[2025-04-28T12:58:59.519+0000] {processor.py:161} INFO - Started process (PID=12721) to work on /home/airflow/.local/lib/python3.8/site-packages/airflow/example_dags/example_params_trigger_ui.py
[2025-04-28T12:58:59.522+0000] {processor.py:830} INFO - Processing file /home/airflow/.local/lib/python3.8/site-packages/airflow/example_dags/example_params_trigger_ui.py for tasks to queue
[2025-04-28T12:58:59.524+0000] {logging_mixin.py:188} INFO - [2025-04-28T12:58:59.523+0000] {dagbag.py:538} INFO - Filling up the DagBag from /home/airflow/.local/lib/python3.8/site-packages/airflow/example_dags/example_params_trigger_ui.py
[2025-04-28T12:58:59.565+0000] {processor.py:840} INFO - DAG(s) 'example_params_trigger_ui' retrieved from /home/airflow/.local/lib/python3.8/site-packages/airflow/example_dags/example_params_trigger_ui.py
[2025-04-28T12:58:59.725+0000] {logging_mixin.py:188} INFO - [2025-04-28T12:58:59.724+0000] {dag.py:3033} INFO - Sync 1 DAGs
[2025-04-28T12:58:59.761+0000] {logging_mixin.py:188} INFO - [2025-04-28T12:58:59.761+0000] {dag.py:3820} INFO - Setting next_dagrun for example_params_trigger_ui to None, run_after=None
[2025-04-28T12:58:59.825+0000] {processor.py:183} INFO - Processing /home/airflow/.local/lib/python3.8/site-packages/airflow/example_dags/example_params_trigger_ui.py took 0.319 seconds
[2025-04-28T12:59:30.255+0000] {processor.py:161} INFO - Started process (PID=12777) to work on /home/airflow/.local/lib/python3.8/site-packages/airflow/example_dags/example_params_trigger_ui.py
[2025-04-28T12:59:30.257+0000] {processor.py:830} INFO - Processing file /home/airflow/.local/lib/python3.8/site-packages/airflow/example_dags/example_params_trigger_ui.py for tasks to queue
[2025-04-28T12:59:30.259+0000] {logging_mixin.py:188} INFO - [2025-04-28T12:59:30.259+0000] {dagbag.py:538} INFO - Filling up the DagBag from /home/airflow/.local/lib/python3.8/site-packages/airflow/example_dags/example_params_trigger_ui.py
[2025-04-28T12:59:30.292+0000] {processor.py:840} INFO - DAG(s) 'example_params_trigger_ui' retrieved from /home/airflow/.local/lib/python3.8/site-packages/airflow/example_dags/example_params_trigger_ui.py
[2025-04-28T12:59:30.445+0000] {logging_mixin.py:188} INFO - [2025-04-28T12:59:30.445+0000] {dag.py:3033} INFO - Sync 1 DAGs
[2025-04-28T12:59:30.477+0000] {logging_mixin.py:188} INFO - [2025-04-28T12:59:30.477+0000] {dag.py:3820} INFO - Setting next_dagrun for example_params_trigger_ui to None, run_after=None
[2025-04-28T12:59:30.538+0000] {processor.py:183} INFO - Processing /home/airflow/.local/lib/python3.8/site-packages/airflow/example_dags/example_params_trigger_ui.py took 0.292 seconds
[2025-04-28T13:00:09.849+0000] {processor.py:161} INFO - Started process (PID=12833) to work on /home/airflow/.local/lib/python3.8/site-packages/airflow/example_dags/example_params_trigger_ui.py
[2025-04-28T13:00:09.851+0000] {processor.py:830} INFO - Processing file /home/airflow/.local/lib/python3.8/site-packages/airflow/example_dags/example_params_trigger_ui.py for tasks to queue
[2025-04-28T13:00:09.853+0000] {logging_mixin.py:188} INFO - [2025-04-28T13:00:09.853+0000] {dagbag.py:538} INFO - Filling up the DagBag from /home/airflow/.local/lib/python3.8/site-packages/airflow/example_dags/example_params_trigger_ui.py
[2025-04-28T13:00:09.904+0000] {processor.py:840} INFO - DAG(s) 'example_params_trigger_ui' retrieved from /home/airflow/.local/lib/python3.8/site-packages/airflow/example_dags/example_params_trigger_ui.py
[2025-04-28T13:00:10.136+0000] {logging_mixin.py:188} INFO - [2025-04-28T13:00:10.136+0000] {dag.py:3033} INFO - Sync 1 DAGs
[2025-04-28T13:00:10.174+0000] {logging_mixin.py:188} INFO - [2025-04-28T13:00:10.173+0000] {dag.py:3820} INFO - Setting next_dagrun for example_params_trigger_ui to None, run_after=None
[2025-04-28T13:00:10.262+0000] {processor.py:183} INFO - Processing /home/airflow/.local/lib/python3.8/site-packages/airflow/example_dags/example_params_trigger_ui.py took 0.424 seconds
[2025-04-28T13:00:40.420+0000] {processor.py:161} INFO - Started process (PID=12889) to work on /home/airflow/.local/lib/python3.8/site-packages/airflow/example_dags/example_params_trigger_ui.py
[2025-04-28T13:00:40.422+0000] {processor.py:830} INFO - Processing file /home/airflow/.local/lib/python3.8/site-packages/airflow/example_dags/example_params_trigger_ui.py for tasks to queue
[2025-04-28T13:00:40.425+0000] {logging_mixin.py:188} INFO - [2025-04-28T13:00:40.424+0000] {dagbag.py:538} INFO - Filling up the DagBag from /home/airflow/.local/lib/python3.8/site-packages/airflow/example_dags/example_params_trigger_ui.py
[2025-04-28T13:00:40.500+0000] {processor.py:840} INFO - DAG(s) 'example_params_trigger_ui' retrieved from /home/airflow/.local/lib/python3.8/site-packages/airflow/example_dags/example_params_trigger_ui.py
[2025-04-28T13:00:40.902+0000] {logging_mixin.py:188} INFO - [2025-04-28T13:00:40.902+0000] {dag.py:3033} INFO - Sync 1 DAGs
[2025-04-28T13:00:40.936+0000] {logging_mixin.py:188} INFO - [2025-04-28T13:00:40.935+0000] {dag.py:3820} INFO - Setting next_dagrun for example_params_trigger_ui to None, run_after=None
[2025-04-28T13:00:40.989+0000] {processor.py:183} INFO - Processing /home/airflow/.local/lib/python3.8/site-packages/airflow/example_dags/example_params_trigger_ui.py took 0.576 seconds
[2025-04-28T13:01:11.227+0000] {processor.py:161} INFO - Started process (PID=12945) to work on /home/airflow/.local/lib/python3.8/site-packages/airflow/example_dags/example_params_trigger_ui.py
[2025-04-28T13:01:11.230+0000] {processor.py:830} INFO - Processing file /home/airflow/.local/lib/python3.8/site-packages/airflow/example_dags/example_params_trigger_ui.py for tasks to queue
[2025-04-28T13:01:11.232+0000] {logging_mixin.py:188} INFO - [2025-04-28T13:01:11.231+0000] {dagbag.py:538} INFO - Filling up the DagBag from /home/airflow/.local/lib/python3.8/site-packages/airflow/example_dags/example_params_trigger_ui.py
[2025-04-28T13:01:11.299+0000] {processor.py:840} INFO - DAG(s) 'example_params_trigger_ui' retrieved from /home/airflow/.local/lib/python3.8/site-packages/airflow/example_dags/example_params_trigger_ui.py
[2025-04-28T13:01:11.991+0000] {logging_mixin.py:188} INFO - [2025-04-28T13:01:11.990+0000] {dag.py:3033} INFO - Sync 1 DAGs
[2025-04-28T13:01:12.054+0000] {logging_mixin.py:188} INFO - [2025-04-28T13:01:12.054+0000] {dag.py:3820} INFO - Setting next_dagrun for example_params_trigger_ui to None, run_after=None
[2025-04-28T13:01:12.161+0000] {processor.py:183} INFO - Processing /home/airflow/.local/lib/python3.8/site-packages/airflow/example_dags/example_params_trigger_ui.py took 0.946 seconds
[2025-04-28T13:01:42.612+0000] {processor.py:161} INFO - Started process (PID=13001) to work on /home/airflow/.local/lib/python3.8/site-packages/airflow/example_dags/example_params_trigger_ui.py
[2025-04-28T13:01:42.615+0000] {processor.py:830} INFO - Processing file /home/airflow/.local/lib/python3.8/site-packages/airflow/example_dags/example_params_trigger_ui.py for tasks to queue
[2025-04-28T13:01:42.617+0000] {logging_mixin.py:188} INFO - [2025-04-28T13:01:42.616+0000] {dagbag.py:538} INFO - Filling up the DagBag from /home/airflow/.local/lib/python3.8/site-packages/airflow/example_dags/example_params_trigger_ui.py
[2025-04-28T13:01:42.657+0000] {processor.py:840} INFO - DAG(s) 'example_params_trigger_ui' retrieved from /home/airflow/.local/lib/python3.8/site-packages/airflow/example_dags/example_params_trigger_ui.py
[2025-04-28T13:01:42.789+0000] {logging_mixin.py:188} INFO - [2025-04-28T13:01:42.788+0000] {dag.py:3033} INFO - Sync 1 DAGs
[2025-04-28T13:01:42.837+0000] {logging_mixin.py:188} INFO - [2025-04-28T13:01:42.837+0000] {dag.py:3820} INFO - Setting next_dagrun for example_params_trigger_ui to None, run_after=None
[2025-04-28T13:01:42.936+0000] {processor.py:183} INFO - Processing /home/airflow/.local/lib/python3.8/site-packages/airflow/example_dags/example_params_trigger_ui.py took 0.333 seconds
[2025-04-28T13:02:13.211+0000] {processor.py:161} INFO - Started process (PID=13052) to work on /home/airflow/.local/lib/python3.8/site-packages/airflow/example_dags/example_params_trigger_ui.py
[2025-04-28T13:02:13.215+0000] {processor.py:830} INFO - Processing file /home/airflow/.local/lib/python3.8/site-packages/airflow/example_dags/example_params_trigger_ui.py for tasks to queue
[2025-04-28T13:02:13.224+0000] {logging_mixin.py:188} INFO - [2025-04-28T13:02:13.224+0000] {dagbag.py:538} INFO - Filling up the DagBag from /home/airflow/.local/lib/python3.8/site-packages/airflow/example_dags/example_params_trigger_ui.py
[2025-04-28T13:02:13.291+0000] {processor.py:840} INFO - DAG(s) 'example_params_trigger_ui' retrieved from /home/airflow/.local/lib/python3.8/site-packages/airflow/example_dags/example_params_trigger_ui.py
[2025-04-28T13:02:13.542+0000] {logging_mixin.py:188} INFO - [2025-04-28T13:02:13.541+0000] {dag.py:3033} INFO - Sync 1 DAGs
[2025-04-28T13:02:13.585+0000] {logging_mixin.py:188} INFO - [2025-04-28T13:02:13.584+0000] {dag.py:3820} INFO - Setting next_dagrun for example_params_trigger_ui to None, run_after=None
[2025-04-28T13:02:13.657+0000] {processor.py:183} INFO - Processing /home/airflow/.local/lib/python3.8/site-packages/airflow/example_dags/example_params_trigger_ui.py took 0.458 seconds
[2025-04-28T13:02:48.595+0000] {processor.py:161} INFO - Started process (PID=13113) to work on /home/airflow/.local/lib/python3.8/site-packages/airflow/example_dags/example_params_trigger_ui.py
[2025-04-28T13:02:48.597+0000] {processor.py:830} INFO - Processing file /home/airflow/.local/lib/python3.8/site-packages/airflow/example_dags/example_params_trigger_ui.py for tasks to queue
[2025-04-28T13:02:48.601+0000] {logging_mixin.py:188} INFO - [2025-04-28T13:02:48.600+0000] {dagbag.py:538} INFO - Filling up the DagBag from /home/airflow/.local/lib/python3.8/site-packages/airflow/example_dags/example_params_trigger_ui.py
[2025-04-28T13:02:48.635+0000] {processor.py:840} INFO - DAG(s) 'example_params_trigger_ui' retrieved from /home/airflow/.local/lib/python3.8/site-packages/airflow/example_dags/example_params_trigger_ui.py
[2025-04-28T13:02:48.761+0000] {logging_mixin.py:188} INFO - [2025-04-28T13:02:48.760+0000] {dag.py:3033} INFO - Sync 1 DAGs
[2025-04-28T13:02:48.784+0000] {logging_mixin.py:188} INFO - [2025-04-28T13:02:48.784+0000] {dag.py:3820} INFO - Setting next_dagrun for example_params_trigger_ui to None, run_after=None
[2025-04-28T13:02:48.829+0000] {processor.py:183} INFO - Processing /home/airflow/.local/lib/python3.8/site-packages/airflow/example_dags/example_params_trigger_ui.py took 0.242 seconds
[2025-04-28T13:03:24.313+0000] {processor.py:161} INFO - Started process (PID=13167) to work on /home/airflow/.local/lib/python3.8/site-packages/airflow/example_dags/example_params_trigger_ui.py
[2025-04-28T13:03:24.315+0000] {processor.py:830} INFO - Processing file /home/airflow/.local/lib/python3.8/site-packages/airflow/example_dags/example_params_trigger_ui.py for tasks to queue
[2025-04-28T13:03:24.321+0000] {logging_mixin.py:188} INFO - [2025-04-28T13:03:24.320+0000] {dagbag.py:538} INFO - Filling up the DagBag from /home/airflow/.local/lib/python3.8/site-packages/airflow/example_dags/example_params_trigger_ui.py
[2025-04-28T13:03:24.386+0000] {processor.py:840} INFO - DAG(s) 'example_params_trigger_ui' retrieved from /home/airflow/.local/lib/python3.8/site-packages/airflow/example_dags/example_params_trigger_ui.py
[2025-04-28T13:03:24.592+0000] {logging_mixin.py:188} INFO - [2025-04-28T13:03:24.591+0000] {dag.py:3033} INFO - Sync 1 DAGs
[2025-04-28T13:03:24.648+0000] {logging_mixin.py:188} INFO - [2025-04-28T13:03:24.648+0000] {dag.py:3820} INFO - Setting next_dagrun for example_params_trigger_ui to None, run_after=None
[2025-04-28T13:03:24.726+0000] {processor.py:183} INFO - Processing /home/airflow/.local/lib/python3.8/site-packages/airflow/example_dags/example_params_trigger_ui.py took 0.427 seconds
[2025-04-28T13:03:55.958+0000] {processor.py:161} INFO - Started process (PID=13223) to work on /home/airflow/.local/lib/python3.8/site-packages/airflow/example_dags/example_params_trigger_ui.py
[2025-04-28T13:03:55.960+0000] {processor.py:830} INFO - Processing file /home/airflow/.local/lib/python3.8/site-packages/airflow/example_dags/example_params_trigger_ui.py for tasks to queue
[2025-04-28T13:03:55.967+0000] {logging_mixin.py:188} INFO - [2025-04-28T13:03:55.962+0000] {dagbag.py:538} INFO - Filling up the DagBag from /home/airflow/.local/lib/python3.8/site-packages/airflow/example_dags/example_params_trigger_ui.py
[2025-04-28T13:03:56.004+0000] {processor.py:840} INFO - DAG(s) 'example_params_trigger_ui' retrieved from /home/airflow/.local/lib/python3.8/site-packages/airflow/example_dags/example_params_trigger_ui.py
[2025-04-28T13:03:56.191+0000] {logging_mixin.py:188} INFO - [2025-04-28T13:03:56.190+0000] {dag.py:3033} INFO - Sync 1 DAGs
[2025-04-28T13:03:56.233+0000] {logging_mixin.py:188} INFO - [2025-04-28T13:03:56.233+0000] {dag.py:3820} INFO - Setting next_dagrun for example_params_trigger_ui to None, run_after=None
[2025-04-28T13:03:56.307+0000] {processor.py:183} INFO - Processing /home/airflow/.local/lib/python3.8/site-packages/airflow/example_dags/example_params_trigger_ui.py took 0.361 seconds
[2025-04-28T13:04:26.781+0000] {processor.py:161} INFO - Started process (PID=13278) to work on /home/airflow/.local/lib/python3.8/site-packages/airflow/example_dags/example_params_trigger_ui.py
[2025-04-28T13:04:26.785+0000] {processor.py:830} INFO - Processing file /home/airflow/.local/lib/python3.8/site-packages/airflow/example_dags/example_params_trigger_ui.py for tasks to queue
[2025-04-28T13:04:26.788+0000] {logging_mixin.py:188} INFO - [2025-04-28T13:04:26.787+0000] {dagbag.py:538} INFO - Filling up the DagBag from /home/airflow/.local/lib/python3.8/site-packages/airflow/example_dags/example_params_trigger_ui.py
[2025-04-28T13:04:26.838+0000] {processor.py:840} INFO - DAG(s) 'example_params_trigger_ui' retrieved from /home/airflow/.local/lib/python3.8/site-packages/airflow/example_dags/example_params_trigger_ui.py
[2025-04-28T13:04:27.093+0000] {logging_mixin.py:188} INFO - [2025-04-28T13:04:27.092+0000] {dag.py:3033} INFO - Sync 1 DAGs
[2025-04-28T13:04:27.264+0000] {logging_mixin.py:188} INFO - [2025-04-28T13:04:27.264+0000] {dag.py:3820} INFO - Setting next_dagrun for example_params_trigger_ui to None, run_after=None
[2025-04-28T13:04:27.401+0000] {processor.py:183} INFO - Processing /home/airflow/.local/lib/python3.8/site-packages/airflow/example_dags/example_params_trigger_ui.py took 0.628 seconds
[2025-04-28T13:04:57.977+0000] {processor.py:161} INFO - Started process (PID=13328) to work on /home/airflow/.local/lib/python3.8/site-packages/airflow/example_dags/example_params_trigger_ui.py
[2025-04-28T13:04:57.982+0000] {processor.py:830} INFO - Processing file /home/airflow/.local/lib/python3.8/site-packages/airflow/example_dags/example_params_trigger_ui.py for tasks to queue
[2025-04-28T13:04:57.990+0000] {logging_mixin.py:188} INFO - [2025-04-28T13:04:57.988+0000] {dagbag.py:538} INFO - Filling up the DagBag from /home/airflow/.local/lib/python3.8/site-packages/airflow/example_dags/example_params_trigger_ui.py
[2025-04-28T13:04:58.154+0000] {processor.py:840} INFO - DAG(s) 'example_params_trigger_ui' retrieved from /home/airflow/.local/lib/python3.8/site-packages/airflow/example_dags/example_params_trigger_ui.py
[2025-04-28T13:04:58.350+0000] {logging_mixin.py:188} INFO - [2025-04-28T13:04:58.349+0000] {dag.py:3033} INFO - Sync 1 DAGs
[2025-04-28T13:04:58.416+0000] {logging_mixin.py:188} INFO - [2025-04-28T13:04:58.415+0000] {dag.py:3820} INFO - Setting next_dagrun for example_params_trigger_ui to None, run_after=None
[2025-04-28T13:04:58.505+0000] {processor.py:183} INFO - Processing /home/airflow/.local/lib/python3.8/site-packages/airflow/example_dags/example_params_trigger_ui.py took 0.591 seconds
[2025-04-28T13:05:29.301+0000] {processor.py:161} INFO - Started process (PID=13386) to work on /home/airflow/.local/lib/python3.8/site-packages/airflow/example_dags/example_params_trigger_ui.py
[2025-04-28T13:05:29.306+0000] {processor.py:830} INFO - Processing file /home/airflow/.local/lib/python3.8/site-packages/airflow/example_dags/example_params_trigger_ui.py for tasks to queue
[2025-04-28T13:05:29.309+0000] {logging_mixin.py:188} INFO - [2025-04-28T13:05:29.308+0000] {dagbag.py:538} INFO - Filling up the DagBag from /home/airflow/.local/lib/python3.8/site-packages/airflow/example_dags/example_params_trigger_ui.py
[2025-04-28T13:05:29.399+0000] {processor.py:840} INFO - DAG(s) 'example_params_trigger_ui' retrieved from /home/airflow/.local/lib/python3.8/site-packages/airflow/example_dags/example_params_trigger_ui.py
[2025-04-28T13:05:29.907+0000] {logging_mixin.py:188} INFO - [2025-04-28T13:05:29.907+0000] {dag.py:3033} INFO - Sync 1 DAGs
[2025-04-28T13:05:29.993+0000] {logging_mixin.py:188} INFO - [2025-04-28T13:05:29.993+0000] {dag.py:3820} INFO - Setting next_dagrun for example_params_trigger_ui to None, run_after=None
[2025-04-28T13:05:30.071+0000] {processor.py:183} INFO - Processing /home/airflow/.local/lib/python3.8/site-packages/airflow/example_dags/example_params_trigger_ui.py took 0.800 seconds
[2025-04-28T13:06:00.454+0000] {processor.py:161} INFO - Started process (PID=13442) to work on /home/airflow/.local/lib/python3.8/site-packages/airflow/example_dags/example_params_trigger_ui.py
[2025-04-28T13:06:00.458+0000] {processor.py:830} INFO - Processing file /home/airflow/.local/lib/python3.8/site-packages/airflow/example_dags/example_params_trigger_ui.py for tasks to queue
[2025-04-28T13:06:00.463+0000] {logging_mixin.py:188} INFO - [2025-04-28T13:06:00.461+0000] {dagbag.py:538} INFO - Filling up the DagBag from /home/airflow/.local/lib/python3.8/site-packages/airflow/example_dags/example_params_trigger_ui.py
[2025-04-28T13:06:00.525+0000] {processor.py:840} INFO - DAG(s) 'example_params_trigger_ui' retrieved from /home/airflow/.local/lib/python3.8/site-packages/airflow/example_dags/example_params_trigger_ui.py
[2025-04-28T13:06:00.705+0000] {logging_mixin.py:188} INFO - [2025-04-28T13:06:00.705+0000] {dag.py:3033} INFO - Sync 1 DAGs
[2025-04-28T13:06:00.763+0000] {logging_mixin.py:188} INFO - [2025-04-28T13:06:00.763+0000] {dag.py:3820} INFO - Setting next_dagrun for example_params_trigger_ui to None, run_after=None
[2025-04-28T13:06:00.837+0000] {processor.py:183} INFO - Processing /home/airflow/.local/lib/python3.8/site-packages/airflow/example_dags/example_params_trigger_ui.py took 0.400 seconds
[2025-04-28T13:06:31.189+0000] {processor.py:161} INFO - Started process (PID=13498) to work on /home/airflow/.local/lib/python3.8/site-packages/airflow/example_dags/example_params_trigger_ui.py
[2025-04-28T13:06:31.192+0000] {processor.py:830} INFO - Processing file /home/airflow/.local/lib/python3.8/site-packages/airflow/example_dags/example_params_trigger_ui.py for tasks to queue
[2025-04-28T13:06:31.195+0000] {logging_mixin.py:188} INFO - [2025-04-28T13:06:31.194+0000] {dagbag.py:538} INFO - Filling up the DagBag from /home/airflow/.local/lib/python3.8/site-packages/airflow/example_dags/example_params_trigger_ui.py
[2025-04-28T13:06:31.231+0000] {processor.py:840} INFO - DAG(s) 'example_params_trigger_ui' retrieved from /home/airflow/.local/lib/python3.8/site-packages/airflow/example_dags/example_params_trigger_ui.py
[2025-04-28T13:06:31.496+0000] {logging_mixin.py:188} INFO - [2025-04-28T13:06:31.496+0000] {dag.py:3033} INFO - Sync 1 DAGs
[2025-04-28T13:06:31.538+0000] {logging_mixin.py:188} INFO - [2025-04-28T13:06:31.538+0000] {dag.py:3820} INFO - Setting next_dagrun for example_params_trigger_ui to None, run_after=None
[2025-04-28T13:06:31.606+0000] {processor.py:183} INFO - Processing /home/airflow/.local/lib/python3.8/site-packages/airflow/example_dags/example_params_trigger_ui.py took 0.429 seconds
[2025-04-28T13:07:02.013+0000] {processor.py:161} INFO - Started process (PID=13554) to work on /home/airflow/.local/lib/python3.8/site-packages/airflow/example_dags/example_params_trigger_ui.py
[2025-04-28T13:07:02.015+0000] {processor.py:830} INFO - Processing file /home/airflow/.local/lib/python3.8/site-packages/airflow/example_dags/example_params_trigger_ui.py for tasks to queue
[2025-04-28T13:07:02.018+0000] {logging_mixin.py:188} INFO - [2025-04-28T13:07:02.018+0000] {dagbag.py:538} INFO - Filling up the DagBag from /home/airflow/.local/lib/python3.8/site-packages/airflow/example_dags/example_params_trigger_ui.py
[2025-04-28T13:07:02.067+0000] {processor.py:840} INFO - DAG(s) 'example_params_trigger_ui' retrieved from /home/airflow/.local/lib/python3.8/site-packages/airflow/example_dags/example_params_trigger_ui.py
[2025-04-28T13:07:02.221+0000] {logging_mixin.py:188} INFO - [2025-04-28T13:07:02.221+0000] {dag.py:3033} INFO - Sync 1 DAGs
[2025-04-28T13:07:02.245+0000] {logging_mixin.py:188} INFO - [2025-04-28T13:07:02.244+0000] {dag.py:3820} INFO - Setting next_dagrun for example_params_trigger_ui to None, run_after=None
[2025-04-28T13:07:02.293+0000] {processor.py:183} INFO - Processing /home/airflow/.local/lib/python3.8/site-packages/airflow/example_dags/example_params_trigger_ui.py took 0.291 seconds
[2025-04-28T13:07:33.055+0000] {processor.py:161} INFO - Started process (PID=13609) to work on /home/airflow/.local/lib/python3.8/site-packages/airflow/example_dags/example_params_trigger_ui.py
[2025-04-28T13:07:33.059+0000] {processor.py:830} INFO - Processing file /home/airflow/.local/lib/python3.8/site-packages/airflow/example_dags/example_params_trigger_ui.py for tasks to queue
[2025-04-28T13:07:33.061+0000] {logging_mixin.py:188} INFO - [2025-04-28T13:07:33.061+0000] {dagbag.py:538} INFO - Filling up the DagBag from /home/airflow/.local/lib/python3.8/site-packages/airflow/example_dags/example_params_trigger_ui.py
[2025-04-28T13:07:33.105+0000] {processor.py:840} INFO - DAG(s) 'example_params_trigger_ui' retrieved from /home/airflow/.local/lib/python3.8/site-packages/airflow/example_dags/example_params_trigger_ui.py
[2025-04-28T13:07:33.297+0000] {logging_mixin.py:188} INFO - [2025-04-28T13:07:33.297+0000] {dag.py:3033} INFO - Sync 1 DAGs
[2025-04-28T13:07:33.346+0000] {logging_mixin.py:188} INFO - [2025-04-28T13:07:33.345+0000] {dag.py:3820} INFO - Setting next_dagrun for example_params_trigger_ui to None, run_after=None
[2025-04-28T13:07:33.403+0000] {processor.py:183} INFO - Processing /home/airflow/.local/lib/python3.8/site-packages/airflow/example_dags/example_params_trigger_ui.py took 0.360 seconds
[2025-04-28T13:08:05.102+0000] {processor.py:161} INFO - Started process (PID=13665) to work on /home/airflow/.local/lib/python3.8/site-packages/airflow/example_dags/example_params_trigger_ui.py
[2025-04-28T13:08:05.105+0000] {processor.py:830} INFO - Processing file /home/airflow/.local/lib/python3.8/site-packages/airflow/example_dags/example_params_trigger_ui.py for tasks to queue
[2025-04-28T13:08:05.108+0000] {logging_mixin.py:188} INFO - [2025-04-28T13:08:05.107+0000] {dagbag.py:538} INFO - Filling up the DagBag from /home/airflow/.local/lib/python3.8/site-packages/airflow/example_dags/example_params_trigger_ui.py
[2025-04-28T13:08:05.159+0000] {processor.py:840} INFO - DAG(s) 'example_params_trigger_ui' retrieved from /home/airflow/.local/lib/python3.8/site-packages/airflow/example_dags/example_params_trigger_ui.py
[2025-04-28T13:08:05.499+0000] {logging_mixin.py:188} INFO - [2025-04-28T13:08:05.498+0000] {dag.py:3033} INFO - Sync 1 DAGs
[2025-04-28T13:08:05.560+0000] {logging_mixin.py:188} INFO - [2025-04-28T13:08:05.560+0000] {dag.py:3820} INFO - Setting next_dagrun for example_params_trigger_ui to None, run_after=None
[2025-04-28T13:08:05.658+0000] {processor.py:183} INFO - Processing /home/airflow/.local/lib/python3.8/site-packages/airflow/example_dags/example_params_trigger_ui.py took 0.572 seconds
[2025-04-28T13:08:36.024+0000] {processor.py:161} INFO - Started process (PID=13721) to work on /home/airflow/.local/lib/python3.8/site-packages/airflow/example_dags/example_params_trigger_ui.py
[2025-04-28T13:08:36.026+0000] {processor.py:830} INFO - Processing file /home/airflow/.local/lib/python3.8/site-packages/airflow/example_dags/example_params_trigger_ui.py for tasks to queue
[2025-04-28T13:08:36.029+0000] {logging_mixin.py:188} INFO - [2025-04-28T13:08:36.028+0000] {dagbag.py:538} INFO - Filling up the DagBag from /home/airflow/.local/lib/python3.8/site-packages/airflow/example_dags/example_params_trigger_ui.py
[2025-04-28T13:08:36.071+0000] {processor.py:840} INFO - DAG(s) 'example_params_trigger_ui' retrieved from /home/airflow/.local/lib/python3.8/site-packages/airflow/example_dags/example_params_trigger_ui.py
[2025-04-28T13:08:36.218+0000] {logging_mixin.py:188} INFO - [2025-04-28T13:08:36.218+0000] {dag.py:3033} INFO - Sync 1 DAGs
[2025-04-28T13:08:36.245+0000] {logging_mixin.py:188} INFO - [2025-04-28T13:08:36.245+0000] {dag.py:3820} INFO - Setting next_dagrun for example_params_trigger_ui to None, run_after=None
[2025-04-28T13:08:36.299+0000] {processor.py:183} INFO - Processing /home/airflow/.local/lib/python3.8/site-packages/airflow/example_dags/example_params_trigger_ui.py took 0.286 seconds
[2025-04-28T13:09:09.235+0000] {processor.py:161} INFO - Started process (PID=13778) to work on /home/airflow/.local/lib/python3.8/site-packages/airflow/example_dags/example_params_trigger_ui.py
[2025-04-28T13:09:09.237+0000] {processor.py:830} INFO - Processing file /home/airflow/.local/lib/python3.8/site-packages/airflow/example_dags/example_params_trigger_ui.py for tasks to queue
[2025-04-28T13:09:09.239+0000] {logging_mixin.py:188} INFO - [2025-04-28T13:09:09.238+0000] {dagbag.py:538} INFO - Filling up the DagBag from /home/airflow/.local/lib/python3.8/site-packages/airflow/example_dags/example_params_trigger_ui.py
[2025-04-28T13:09:09.273+0000] {processor.py:840} INFO - DAG(s) 'example_params_trigger_ui' retrieved from /home/airflow/.local/lib/python3.8/site-packages/airflow/example_dags/example_params_trigger_ui.py
[2025-04-28T13:09:09.418+0000] {logging_mixin.py:188} INFO - [2025-04-28T13:09:09.417+0000] {dag.py:3033} INFO - Sync 1 DAGs
[2025-04-28T13:09:09.453+0000] {logging_mixin.py:188} INFO - [2025-04-28T13:09:09.453+0000] {dag.py:3820} INFO - Setting next_dagrun for example_params_trigger_ui to None, run_after=None
[2025-04-28T13:09:09.517+0000] {processor.py:183} INFO - Processing /home/airflow/.local/lib/python3.8/site-packages/airflow/example_dags/example_params_trigger_ui.py took 0.291 seconds
[2025-04-28T13:09:41.936+0000] {processor.py:161} INFO - Started process (PID=13835) to work on /home/airflow/.local/lib/python3.8/site-packages/airflow/example_dags/example_params_trigger_ui.py
[2025-04-28T13:09:41.939+0000] {processor.py:830} INFO - Processing file /home/airflow/.local/lib/python3.8/site-packages/airflow/example_dags/example_params_trigger_ui.py for tasks to queue
[2025-04-28T13:09:41.940+0000] {logging_mixin.py:188} INFO - [2025-04-28T13:09:41.940+0000] {dagbag.py:538} INFO - Filling up the DagBag from /home/airflow/.local/lib/python3.8/site-packages/airflow/example_dags/example_params_trigger_ui.py
[2025-04-28T13:09:41.968+0000] {processor.py:840} INFO - DAG(s) 'example_params_trigger_ui' retrieved from /home/airflow/.local/lib/python3.8/site-packages/airflow/example_dags/example_params_trigger_ui.py
[2025-04-28T13:09:42.101+0000] {logging_mixin.py:188} INFO - [2025-04-28T13:09:42.101+0000] {dag.py:3033} INFO - Sync 1 DAGs
[2025-04-28T13:09:42.127+0000] {logging_mixin.py:188} INFO - [2025-04-28T13:09:42.127+0000] {dag.py:3820} INFO - Setting next_dagrun for example_params_trigger_ui to None, run_after=None
[2025-04-28T13:09:42.174+0000] {processor.py:183} INFO - Processing /home/airflow/.local/lib/python3.8/site-packages/airflow/example_dags/example_params_trigger_ui.py took 0.245 seconds
[2025-04-28T13:10:14.740+0000] {processor.py:161} INFO - Started process (PID=13891) to work on /home/airflow/.local/lib/python3.8/site-packages/airflow/example_dags/example_params_trigger_ui.py
[2025-04-28T13:10:14.743+0000] {processor.py:830} INFO - Processing file /home/airflow/.local/lib/python3.8/site-packages/airflow/example_dags/example_params_trigger_ui.py for tasks to queue
[2025-04-28T13:10:14.745+0000] {logging_mixin.py:188} INFO - [2025-04-28T13:10:14.744+0000] {dagbag.py:538} INFO - Filling up the DagBag from /home/airflow/.local/lib/python3.8/site-packages/airflow/example_dags/example_params_trigger_ui.py
[2025-04-28T13:10:14.788+0000] {processor.py:840} INFO - DAG(s) 'example_params_trigger_ui' retrieved from /home/airflow/.local/lib/python3.8/site-packages/airflow/example_dags/example_params_trigger_ui.py
[2025-04-28T13:10:14.993+0000] {logging_mixin.py:188} INFO - [2025-04-28T13:10:14.992+0000] {dag.py:3033} INFO - Sync 1 DAGs
[2025-04-28T13:10:15.031+0000] {logging_mixin.py:188} INFO - [2025-04-28T13:10:15.030+0000] {dag.py:3820} INFO - Setting next_dagrun for example_params_trigger_ui to None, run_after=None
[2025-04-28T13:10:15.098+0000] {processor.py:183} INFO - Processing /home/airflow/.local/lib/python3.8/site-packages/airflow/example_dags/example_params_trigger_ui.py took 0.366 seconds
[2025-04-28T13:10:46.621+0000] {processor.py:161} INFO - Started process (PID=13946) to work on /home/airflow/.local/lib/python3.8/site-packages/airflow/example_dags/example_params_trigger_ui.py
[2025-04-28T13:10:46.623+0000] {processor.py:830} INFO - Processing file /home/airflow/.local/lib/python3.8/site-packages/airflow/example_dags/example_params_trigger_ui.py for tasks to queue
[2025-04-28T13:10:46.625+0000] {logging_mixin.py:188} INFO - [2025-04-28T13:10:46.625+0000] {dagbag.py:538} INFO - Filling up the DagBag from /home/airflow/.local/lib/python3.8/site-packages/airflow/example_dags/example_params_trigger_ui.py
[2025-04-28T13:10:46.660+0000] {processor.py:840} INFO - DAG(s) 'example_params_trigger_ui' retrieved from /home/airflow/.local/lib/python3.8/site-packages/airflow/example_dags/example_params_trigger_ui.py
[2025-04-28T13:10:46.817+0000] {logging_mixin.py:188} INFO - [2025-04-28T13:10:46.817+0000] {dag.py:3033} INFO - Sync 1 DAGs
[2025-04-28T13:10:46.849+0000] {logging_mixin.py:188} INFO - [2025-04-28T13:10:46.848+0000] {dag.py:3820} INFO - Setting next_dagrun for example_params_trigger_ui to None, run_after=None
[2025-04-28T13:10:46.899+0000] {processor.py:183} INFO - Processing /home/airflow/.local/lib/python3.8/site-packages/airflow/example_dags/example_params_trigger_ui.py took 0.288 seconds
[2025-04-28T13:11:17.830+0000] {processor.py:161} INFO - Started process (PID=14002) to work on /home/airflow/.local/lib/python3.8/site-packages/airflow/example_dags/example_params_trigger_ui.py
[2025-04-28T13:11:17.831+0000] {processor.py:830} INFO - Processing file /home/airflow/.local/lib/python3.8/site-packages/airflow/example_dags/example_params_trigger_ui.py for tasks to queue
[2025-04-28T13:11:17.834+0000] {logging_mixin.py:188} INFO - [2025-04-28T13:11:17.833+0000] {dagbag.py:538} INFO - Filling up the DagBag from /home/airflow/.local/lib/python3.8/site-packages/airflow/example_dags/example_params_trigger_ui.py
[2025-04-28T13:11:17.869+0000] {processor.py:840} INFO - DAG(s) 'example_params_trigger_ui' retrieved from /home/airflow/.local/lib/python3.8/site-packages/airflow/example_dags/example_params_trigger_ui.py
[2025-04-28T13:11:18.034+0000] {logging_mixin.py:188} INFO - [2025-04-28T13:11:18.034+0000] {dag.py:3033} INFO - Sync 1 DAGs
[2025-04-28T13:11:18.070+0000] {logging_mixin.py:188} INFO - [2025-04-28T13:11:18.070+0000] {dag.py:3820} INFO - Setting next_dagrun for example_params_trigger_ui to None, run_after=None
[2025-04-28T13:11:18.114+0000] {processor.py:183} INFO - Processing /home/airflow/.local/lib/python3.8/site-packages/airflow/example_dags/example_params_trigger_ui.py took 0.292 seconds
[2025-04-28T13:11:48.613+0000] {processor.py:161} INFO - Started process (PID=14058) to work on /home/airflow/.local/lib/python3.8/site-packages/airflow/example_dags/example_params_trigger_ui.py
[2025-04-28T13:11:48.615+0000] {processor.py:830} INFO - Processing file /home/airflow/.local/lib/python3.8/site-packages/airflow/example_dags/example_params_trigger_ui.py for tasks to queue
[2025-04-28T13:11:48.618+0000] {logging_mixin.py:188} INFO - [2025-04-28T13:11:48.617+0000] {dagbag.py:538} INFO - Filling up the DagBag from /home/airflow/.local/lib/python3.8/site-packages/airflow/example_dags/example_params_trigger_ui.py
[2025-04-28T13:11:48.658+0000] {processor.py:840} INFO - DAG(s) 'example_params_trigger_ui' retrieved from /home/airflow/.local/lib/python3.8/site-packages/airflow/example_dags/example_params_trigger_ui.py
[2025-04-28T13:11:50.207+0000] {logging_mixin.py:188} INFO - [2025-04-28T13:11:50.207+0000] {dag.py:3033} INFO - Sync 1 DAGs
[2025-04-28T13:11:50.240+0000] {logging_mixin.py:188} INFO - [2025-04-28T13:11:50.239+0000] {dag.py:3820} INFO - Setting next_dagrun for example_params_trigger_ui to None, run_after=None
[2025-04-28T13:11:50.286+0000] {processor.py:183} INFO - Processing /home/airflow/.local/lib/python3.8/site-packages/airflow/example_dags/example_params_trigger_ui.py took 0.350 seconds
[2025-04-28T13:12:23.291+0000] {processor.py:161} INFO - Started process (PID=14114) to work on /home/airflow/.local/lib/python3.8/site-packages/airflow/example_dags/example_params_trigger_ui.py
[2025-04-28T13:12:23.293+0000] {processor.py:830} INFO - Processing file /home/airflow/.local/lib/python3.8/site-packages/airflow/example_dags/example_params_trigger_ui.py for tasks to queue
[2025-04-28T13:12:23.297+0000] {logging_mixin.py:188} INFO - [2025-04-28T13:12:23.297+0000] {dagbag.py:538} INFO - Filling up the DagBag from /home/airflow/.local/lib/python3.8/site-packages/airflow/example_dags/example_params_trigger_ui.py
[2025-04-28T13:12:23.346+0000] {processor.py:840} INFO - DAG(s) 'example_params_trigger_ui' retrieved from /home/airflow/.local/lib/python3.8/site-packages/airflow/example_dags/example_params_trigger_ui.py
[2025-04-28T13:12:23.588+0000] {logging_mixin.py:188} INFO - [2025-04-28T13:12:23.588+0000] {dag.py:3033} INFO - Sync 1 DAGs
[2025-04-28T13:12:23.635+0000] {logging_mixin.py:188} INFO - [2025-04-28T13:12:23.635+0000] {dag.py:3820} INFO - Setting next_dagrun for example_params_trigger_ui to None, run_after=None
[2025-04-28T13:12:23.700+0000] {processor.py:183} INFO - Processing /home/airflow/.local/lib/python3.8/site-packages/airflow/example_dags/example_params_trigger_ui.py took 0.420 seconds
[2025-04-28T13:12:56.130+0000] {processor.py:161} INFO - Started process (PID=14170) to work on /home/airflow/.local/lib/python3.8/site-packages/airflow/example_dags/example_params_trigger_ui.py
[2025-04-28T13:12:56.132+0000] {processor.py:830} INFO - Processing file /home/airflow/.local/lib/python3.8/site-packages/airflow/example_dags/example_params_trigger_ui.py for tasks to queue
[2025-04-28T13:12:56.137+0000] {logging_mixin.py:188} INFO - [2025-04-28T13:12:56.136+0000] {dagbag.py:538} INFO - Filling up the DagBag from /home/airflow/.local/lib/python3.8/site-packages/airflow/example_dags/example_params_trigger_ui.py
[2025-04-28T13:12:56.185+0000] {processor.py:840} INFO - DAG(s) 'example_params_trigger_ui' retrieved from /home/airflow/.local/lib/python3.8/site-packages/airflow/example_dags/example_params_trigger_ui.py
[2025-04-28T13:12:56.466+0000] {logging_mixin.py:188} INFO - [2025-04-28T13:12:56.465+0000] {dag.py:3033} INFO - Sync 1 DAGs
[2025-04-28T13:12:56.544+0000] {logging_mixin.py:188} INFO - [2025-04-28T13:12:56.543+0000] {dag.py:3820} INFO - Setting next_dagrun for example_params_trigger_ui to None, run_after=None
[2025-04-28T13:12:56.612+0000] {processor.py:183} INFO - Processing /home/airflow/.local/lib/python3.8/site-packages/airflow/example_dags/example_params_trigger_ui.py took 0.490 seconds
[2025-04-28T13:13:28.359+0000] {processor.py:161} INFO - Started process (PID=14226) to work on /home/airflow/.local/lib/python3.8/site-packages/airflow/example_dags/example_params_trigger_ui.py
[2025-04-28T13:13:28.362+0000] {processor.py:830} INFO - Processing file /home/airflow/.local/lib/python3.8/site-packages/airflow/example_dags/example_params_trigger_ui.py for tasks to queue
[2025-04-28T13:13:28.365+0000] {logging_mixin.py:188} INFO - [2025-04-28T13:13:28.364+0000] {dagbag.py:538} INFO - Filling up the DagBag from /home/airflow/.local/lib/python3.8/site-packages/airflow/example_dags/example_params_trigger_ui.py
[2025-04-28T13:13:28.409+0000] {processor.py:840} INFO - DAG(s) 'example_params_trigger_ui' retrieved from /home/airflow/.local/lib/python3.8/site-packages/airflow/example_dags/example_params_trigger_ui.py
[2025-04-28T13:13:28.645+0000] {logging_mixin.py:188} INFO - [2025-04-28T13:13:28.644+0000] {dag.py:3033} INFO - Sync 1 DAGs
[2025-04-28T13:13:28.693+0000] {logging_mixin.py:188} INFO - [2025-04-28T13:13:28.693+0000] {dag.py:3820} INFO - Setting next_dagrun for example_params_trigger_ui to None, run_after=None
[2025-04-28T13:13:28.744+0000] {processor.py:183} INFO - Processing /home/airflow/.local/lib/python3.8/site-packages/airflow/example_dags/example_params_trigger_ui.py took 0.398 seconds
[2025-04-28T13:13:59.654+0000] {processor.py:161} INFO - Started process (PID=14281) to work on /home/airflow/.local/lib/python3.8/site-packages/airflow/example_dags/example_params_trigger_ui.py
[2025-04-28T13:13:59.658+0000] {processor.py:830} INFO - Processing file /home/airflow/.local/lib/python3.8/site-packages/airflow/example_dags/example_params_trigger_ui.py for tasks to queue
[2025-04-28T13:13:59.661+0000] {logging_mixin.py:188} INFO - [2025-04-28T13:13:59.660+0000] {dagbag.py:538} INFO - Filling up the DagBag from /home/airflow/.local/lib/python3.8/site-packages/airflow/example_dags/example_params_trigger_ui.py
[2025-04-28T13:13:59.708+0000] {processor.py:840} INFO - DAG(s) 'example_params_trigger_ui' retrieved from /home/airflow/.local/lib/python3.8/site-packages/airflow/example_dags/example_params_trigger_ui.py
[2025-04-28T13:14:00.003+0000] {logging_mixin.py:188} INFO - [2025-04-28T13:14:00.003+0000] {dag.py:3033} INFO - Sync 1 DAGs
[2025-04-28T13:14:00.061+0000] {logging_mixin.py:188} INFO - [2025-04-28T13:14:00.061+0000] {dag.py:3820} INFO - Setting next_dagrun for example_params_trigger_ui to None, run_after=None
[2025-04-28T13:14:00.128+0000] {processor.py:183} INFO - Processing /home/airflow/.local/lib/python3.8/site-packages/airflow/example_dags/example_params_trigger_ui.py took 0.505 seconds
[2025-04-28T13:14:32.316+0000] {processor.py:161} INFO - Started process (PID=14338) to work on /home/airflow/.local/lib/python3.8/site-packages/airflow/example_dags/example_params_trigger_ui.py
[2025-04-28T13:14:32.332+0000] {processor.py:830} INFO - Processing file /home/airflow/.local/lib/python3.8/site-packages/airflow/example_dags/example_params_trigger_ui.py for tasks to queue
[2025-04-28T13:14:32.335+0000] {logging_mixin.py:188} INFO - [2025-04-28T13:14:32.334+0000] {dagbag.py:538} INFO - Filling up the DagBag from /home/airflow/.local/lib/python3.8/site-packages/airflow/example_dags/example_params_trigger_ui.py
[2025-04-28T13:14:32.496+0000] {processor.py:840} INFO - DAG(s) 'example_params_trigger_ui' retrieved from /home/airflow/.local/lib/python3.8/site-packages/airflow/example_dags/example_params_trigger_ui.py
[2025-04-28T13:14:33.137+0000] {logging_mixin.py:188} INFO - [2025-04-28T13:14:33.136+0000] {dag.py:3033} INFO - Sync 1 DAGs
[2025-04-28T13:14:33.267+0000] {logging_mixin.py:188} INFO - [2025-04-28T13:14:33.266+0000] {dag.py:3820} INFO - Setting next_dagrun for example_params_trigger_ui to None, run_after=None
[2025-04-28T13:14:33.552+0000] {processor.py:183} INFO - Processing /home/airflow/.local/lib/python3.8/site-packages/airflow/example_dags/example_params_trigger_ui.py took 1.266 seconds
[2025-04-28T13:15:05.479+0000] {processor.py:161} INFO - Started process (PID=14393) to work on /home/airflow/.local/lib/python3.8/site-packages/airflow/example_dags/example_params_trigger_ui.py
[2025-04-28T13:15:05.482+0000] {processor.py:830} INFO - Processing file /home/airflow/.local/lib/python3.8/site-packages/airflow/example_dags/example_params_trigger_ui.py for tasks to queue
[2025-04-28T13:15:05.485+0000] {logging_mixin.py:188} INFO - [2025-04-28T13:15:05.485+0000] {dagbag.py:538} INFO - Filling up the DagBag from /home/airflow/.local/lib/python3.8/site-packages/airflow/example_dags/example_params_trigger_ui.py
[2025-04-28T13:15:05.540+0000] {processor.py:840} INFO - DAG(s) 'example_params_trigger_ui' retrieved from /home/airflow/.local/lib/python3.8/site-packages/airflow/example_dags/example_params_trigger_ui.py
[2025-04-28T13:15:05.768+0000] {logging_mixin.py:188} INFO - [2025-04-28T13:15:05.767+0000] {dag.py:3033} INFO - Sync 1 DAGs
[2025-04-28T13:15:05.829+0000] {logging_mixin.py:188} INFO - [2025-04-28T13:15:05.828+0000] {dag.py:3820} INFO - Setting next_dagrun for example_params_trigger_ui to None, run_after=None
[2025-04-28T13:15:05.917+0000] {processor.py:183} INFO - Processing /home/airflow/.local/lib/python3.8/site-packages/airflow/example_dags/example_params_trigger_ui.py took 0.452 seconds
[2025-04-28T13:15:37.429+0000] {processor.py:161} INFO - Started process (PID=14449) to work on /home/airflow/.local/lib/python3.8/site-packages/airflow/example_dags/example_params_trigger_ui.py
[2025-04-28T13:15:37.431+0000] {processor.py:830} INFO - Processing file /home/airflow/.local/lib/python3.8/site-packages/airflow/example_dags/example_params_trigger_ui.py for tasks to queue
[2025-04-28T13:15:37.434+0000] {logging_mixin.py:188} INFO - [2025-04-28T13:15:37.433+0000] {dagbag.py:538} INFO - Filling up the DagBag from /home/airflow/.local/lib/python3.8/site-packages/airflow/example_dags/example_params_trigger_ui.py
[2025-04-28T13:15:37.483+0000] {processor.py:840} INFO - DAG(s) 'example_params_trigger_ui' retrieved from /home/airflow/.local/lib/python3.8/site-packages/airflow/example_dags/example_params_trigger_ui.py
[2025-04-28T13:15:37.677+0000] {logging_mixin.py:188} INFO - [2025-04-28T13:15:37.676+0000] {dag.py:3033} INFO - Sync 1 DAGs
[2025-04-28T13:15:37.703+0000] {logging_mixin.py:188} INFO - [2025-04-28T13:15:37.703+0000] {dag.py:3820} INFO - Setting next_dagrun for example_params_trigger_ui to None, run_after=None
[2025-04-28T13:15:37.754+0000] {processor.py:183} INFO - Processing /home/airflow/.local/lib/python3.8/site-packages/airflow/example_dags/example_params_trigger_ui.py took 0.345 seconds
[2025-04-28T13:16:10.637+0000] {processor.py:161} INFO - Started process (PID=14504) to work on /home/airflow/.local/lib/python3.8/site-packages/airflow/example_dags/example_params_trigger_ui.py
[2025-04-28T13:16:10.639+0000] {processor.py:830} INFO - Processing file /home/airflow/.local/lib/python3.8/site-packages/airflow/example_dags/example_params_trigger_ui.py for tasks to queue
[2025-04-28T13:16:10.641+0000] {logging_mixin.py:188} INFO - [2025-04-28T13:16:10.641+0000] {dagbag.py:538} INFO - Filling up the DagBag from /home/airflow/.local/lib/python3.8/site-packages/airflow/example_dags/example_params_trigger_ui.py
[2025-04-28T13:16:10.719+0000] {processor.py:840} INFO - DAG(s) 'example_params_trigger_ui' retrieved from /home/airflow/.local/lib/python3.8/site-packages/airflow/example_dags/example_params_trigger_ui.py
[2025-04-28T13:16:10.898+0000] {logging_mixin.py:188} INFO - [2025-04-28T13:16:10.898+0000] {dag.py:3033} INFO - Sync 1 DAGs
[2025-04-28T13:16:10.934+0000] {logging_mixin.py:188} INFO - [2025-04-28T13:16:10.933+0000] {dag.py:3820} INFO - Setting next_dagrun for example_params_trigger_ui to None, run_after=None
[2025-04-28T13:16:10.987+0000] {processor.py:183} INFO - Processing /home/airflow/.local/lib/python3.8/site-packages/airflow/example_dags/example_params_trigger_ui.py took 0.362 seconds
[2025-04-28T13:16:41.841+0000] {processor.py:161} INFO - Started process (PID=14560) to work on /home/airflow/.local/lib/python3.8/site-packages/airflow/example_dags/example_params_trigger_ui.py
[2025-04-28T13:16:41.843+0000] {processor.py:830} INFO - Processing file /home/airflow/.local/lib/python3.8/site-packages/airflow/example_dags/example_params_trigger_ui.py for tasks to queue
[2025-04-28T13:16:41.846+0000] {logging_mixin.py:188} INFO - [2025-04-28T13:16:41.845+0000] {dagbag.py:538} INFO - Filling up the DagBag from /home/airflow/.local/lib/python3.8/site-packages/airflow/example_dags/example_params_trigger_ui.py
[2025-04-28T13:16:41.892+0000] {processor.py:840} INFO - DAG(s) 'example_params_trigger_ui' retrieved from /home/airflow/.local/lib/python3.8/site-packages/airflow/example_dags/example_params_trigger_ui.py
[2025-04-28T13:16:42.109+0000] {logging_mixin.py:188} INFO - [2025-04-28T13:16:42.109+0000] {dag.py:3033} INFO - Sync 1 DAGs
[2025-04-28T13:16:42.144+0000] {logging_mixin.py:188} INFO - [2025-04-28T13:16:42.144+0000] {dag.py:3820} INFO - Setting next_dagrun for example_params_trigger_ui to None, run_after=None
[2025-04-28T13:16:42.208+0000] {processor.py:183} INFO - Processing /home/airflow/.local/lib/python3.8/site-packages/airflow/example_dags/example_params_trigger_ui.py took 0.379 seconds
[2025-04-28T13:17:12.503+0000] {processor.py:161} INFO - Started process (PID=14617) to work on /home/airflow/.local/lib/python3.8/site-packages/airflow/example_dags/example_params_trigger_ui.py
[2025-04-28T13:17:12.507+0000] {processor.py:830} INFO - Processing file /home/airflow/.local/lib/python3.8/site-packages/airflow/example_dags/example_params_trigger_ui.py for tasks to queue
[2025-04-28T13:17:12.510+0000] {logging_mixin.py:188} INFO - [2025-04-28T13:17:12.509+0000] {dagbag.py:538} INFO - Filling up the DagBag from /home/airflow/.local/lib/python3.8/site-packages/airflow/example_dags/example_params_trigger_ui.py
[2025-04-28T13:17:12.564+0000] {processor.py:840} INFO - DAG(s) 'example_params_trigger_ui' retrieved from /home/airflow/.local/lib/python3.8/site-packages/airflow/example_dags/example_params_trigger_ui.py
[2025-04-28T13:17:12.718+0000] {logging_mixin.py:188} INFO - [2025-04-28T13:17:12.718+0000] {dag.py:3033} INFO - Sync 1 DAGs
[2025-04-28T13:17:12.768+0000] {logging_mixin.py:188} INFO - [2025-04-28T13:17:12.767+0000] {dag.py:3820} INFO - Setting next_dagrun for example_params_trigger_ui to None, run_after=None
[2025-04-28T13:17:12.842+0000] {processor.py:183} INFO - Processing /home/airflow/.local/lib/python3.8/site-packages/airflow/example_dags/example_params_trigger_ui.py took 0.351 seconds
[2025-04-28T13:17:43.043+0000] {processor.py:161} INFO - Started process (PID=14673) to work on /home/airflow/.local/lib/python3.8/site-packages/airflow/example_dags/example_params_trigger_ui.py
[2025-04-28T13:17:43.046+0000] {processor.py:830} INFO - Processing file /home/airflow/.local/lib/python3.8/site-packages/airflow/example_dags/example_params_trigger_ui.py for tasks to queue
[2025-04-28T13:17:43.049+0000] {logging_mixin.py:188} INFO - [2025-04-28T13:17:43.048+0000] {dagbag.py:538} INFO - Filling up the DagBag from /home/airflow/.local/lib/python3.8/site-packages/airflow/example_dags/example_params_trigger_ui.py
[2025-04-28T13:17:43.089+0000] {processor.py:840} INFO - DAG(s) 'example_params_trigger_ui' retrieved from /home/airflow/.local/lib/python3.8/site-packages/airflow/example_dags/example_params_trigger_ui.py
[2025-04-28T13:17:43.287+0000] {logging_mixin.py:188} INFO - [2025-04-28T13:17:43.287+0000] {dag.py:3033} INFO - Sync 1 DAGs
[2025-04-28T13:17:43.355+0000] {logging_mixin.py:188} INFO - [2025-04-28T13:17:43.354+0000] {dag.py:3820} INFO - Setting next_dagrun for example_params_trigger_ui to None, run_after=None
[2025-04-28T13:17:43.429+0000] {processor.py:183} INFO - Processing /home/airflow/.local/lib/python3.8/site-packages/airflow/example_dags/example_params_trigger_ui.py took 0.396 seconds
[2025-04-28T13:18:13.772+0000] {processor.py:161} INFO - Started process (PID=14730) to work on /home/airflow/.local/lib/python3.8/site-packages/airflow/example_dags/example_params_trigger_ui.py
[2025-04-28T13:18:13.774+0000] {processor.py:830} INFO - Processing file /home/airflow/.local/lib/python3.8/site-packages/airflow/example_dags/example_params_trigger_ui.py for tasks to queue
[2025-04-28T13:18:13.777+0000] {logging_mixin.py:188} INFO - [2025-04-28T13:18:13.776+0000] {dagbag.py:538} INFO - Filling up the DagBag from /home/airflow/.local/lib/python3.8/site-packages/airflow/example_dags/example_params_trigger_ui.py
[2025-04-28T13:18:13.821+0000] {processor.py:840} INFO - DAG(s) 'example_params_trigger_ui' retrieved from /home/airflow/.local/lib/python3.8/site-packages/airflow/example_dags/example_params_trigger_ui.py
[2025-04-28T13:18:14.089+0000] {logging_mixin.py:188} INFO - [2025-04-28T13:18:14.089+0000] {dag.py:3033} INFO - Sync 1 DAGs
[2025-04-28T13:18:14.160+0000] {logging_mixin.py:188} INFO - [2025-04-28T13:18:14.159+0000] {dag.py:3820} INFO - Setting next_dagrun for example_params_trigger_ui to None, run_after=None
[2025-04-28T13:18:14.281+0000] {processor.py:183} INFO - Processing /home/airflow/.local/lib/python3.8/site-packages/airflow/example_dags/example_params_trigger_ui.py took 0.523 seconds
[2025-04-28T13:18:45.307+0000] {processor.py:161} INFO - Started process (PID=14787) to work on /home/airflow/.local/lib/python3.8/site-packages/airflow/example_dags/example_params_trigger_ui.py
[2025-04-28T13:18:45.311+0000] {processor.py:830} INFO - Processing file /home/airflow/.local/lib/python3.8/site-packages/airflow/example_dags/example_params_trigger_ui.py for tasks to queue
[2025-04-28T13:18:45.319+0000] {logging_mixin.py:188} INFO - [2025-04-28T13:18:45.318+0000] {dagbag.py:538} INFO - Filling up the DagBag from /home/airflow/.local/lib/python3.8/site-packages/airflow/example_dags/example_params_trigger_ui.py
[2025-04-28T13:18:45.370+0000] {processor.py:840} INFO - DAG(s) 'example_params_trigger_ui' retrieved from /home/airflow/.local/lib/python3.8/site-packages/airflow/example_dags/example_params_trigger_ui.py
[2025-04-28T13:18:45.546+0000] {logging_mixin.py:188} INFO - [2025-04-28T13:18:45.545+0000] {dag.py:3033} INFO - Sync 1 DAGs
[2025-04-28T13:18:45.580+0000] {logging_mixin.py:188} INFO - [2025-04-28T13:18:45.580+0000] {dag.py:3820} INFO - Setting next_dagrun for example_params_trigger_ui to None, run_after=None
[2025-04-28T13:18:45.629+0000] {processor.py:183} INFO - Processing /home/airflow/.local/lib/python3.8/site-packages/airflow/example_dags/example_params_trigger_ui.py took 0.344 seconds
[2025-04-28T13:19:15.847+0000] {processor.py:161} INFO - Started process (PID=14844) to work on /home/airflow/.local/lib/python3.8/site-packages/airflow/example_dags/example_params_trigger_ui.py
[2025-04-28T13:19:15.849+0000] {processor.py:830} INFO - Processing file /home/airflow/.local/lib/python3.8/site-packages/airflow/example_dags/example_params_trigger_ui.py for tasks to queue
[2025-04-28T13:19:15.851+0000] {logging_mixin.py:188} INFO - [2025-04-28T13:19:15.850+0000] {dagbag.py:538} INFO - Filling up the DagBag from /home/airflow/.local/lib/python3.8/site-packages/airflow/example_dags/example_params_trigger_ui.py
[2025-04-28T13:19:15.888+0000] {processor.py:840} INFO - DAG(s) 'example_params_trigger_ui' retrieved from /home/airflow/.local/lib/python3.8/site-packages/airflow/example_dags/example_params_trigger_ui.py
[2025-04-28T13:19:16.076+0000] {logging_mixin.py:188} INFO - [2025-04-28T13:19:16.075+0000] {dag.py:3033} INFO - Sync 1 DAGs
[2025-04-28T13:19:16.106+0000] {logging_mixin.py:188} INFO - [2025-04-28T13:19:16.105+0000] {dag.py:3820} INFO - Setting next_dagrun for example_params_trigger_ui to None, run_after=None
[2025-04-28T13:19:16.153+0000] {processor.py:183} INFO - Processing /home/airflow/.local/lib/python3.8/site-packages/airflow/example_dags/example_params_trigger_ui.py took 0.318 seconds
[2025-04-28T13:19:47.711+0000] {processor.py:161} INFO - Started process (PID=14900) to work on /home/airflow/.local/lib/python3.8/site-packages/airflow/example_dags/example_params_trigger_ui.py
[2025-04-28T13:19:47.713+0000] {processor.py:830} INFO - Processing file /home/airflow/.local/lib/python3.8/site-packages/airflow/example_dags/example_params_trigger_ui.py for tasks to queue
[2025-04-28T13:19:47.716+0000] {logging_mixin.py:188} INFO - [2025-04-28T13:19:47.715+0000] {dagbag.py:538} INFO - Filling up the DagBag from /home/airflow/.local/lib/python3.8/site-packages/airflow/example_dags/example_params_trigger_ui.py
[2025-04-28T13:19:47.755+0000] {processor.py:840} INFO - DAG(s) 'example_params_trigger_ui' retrieved from /home/airflow/.local/lib/python3.8/site-packages/airflow/example_dags/example_params_trigger_ui.py
[2025-04-28T13:19:47.941+0000] {logging_mixin.py:188} INFO - [2025-04-28T13:19:47.940+0000] {dag.py:3033} INFO - Sync 1 DAGs
[2025-04-28T13:19:47.978+0000] {logging_mixin.py:188} INFO - [2025-04-28T13:19:47.978+0000] {dag.py:3820} INFO - Setting next_dagrun for example_params_trigger_ui to None, run_after=None
[2025-04-28T13:19:48.026+0000] {processor.py:183} INFO - Processing /home/airflow/.local/lib/python3.8/site-packages/airflow/example_dags/example_params_trigger_ui.py took 0.323 seconds
[2025-04-28T13:20:19.212+0000] {processor.py:161} INFO - Started process (PID=14956) to work on /home/airflow/.local/lib/python3.8/site-packages/airflow/example_dags/example_params_trigger_ui.py
[2025-04-28T13:20:19.215+0000] {processor.py:830} INFO - Processing file /home/airflow/.local/lib/python3.8/site-packages/airflow/example_dags/example_params_trigger_ui.py for tasks to queue
[2025-04-28T13:20:19.218+0000] {logging_mixin.py:188} INFO - [2025-04-28T13:20:19.217+0000] {dagbag.py:538} INFO - Filling up the DagBag from /home/airflow/.local/lib/python3.8/site-packages/airflow/example_dags/example_params_trigger_ui.py
[2025-04-28T13:20:19.264+0000] {processor.py:840} INFO - DAG(s) 'example_params_trigger_ui' retrieved from /home/airflow/.local/lib/python3.8/site-packages/airflow/example_dags/example_params_trigger_ui.py
[2025-04-28T13:20:19.485+0000] {logging_mixin.py:188} INFO - [2025-04-28T13:20:19.484+0000] {dag.py:3033} INFO - Sync 1 DAGs
[2025-04-28T13:20:19.551+0000] {logging_mixin.py:188} INFO - [2025-04-28T13:20:19.550+0000] {dag.py:3820} INFO - Setting next_dagrun for example_params_trigger_ui to None, run_after=None
[2025-04-28T13:20:19.622+0000] {processor.py:183} INFO - Processing /home/airflow/.local/lib/python3.8/site-packages/airflow/example_dags/example_params_trigger_ui.py took 0.421 seconds
[2025-04-28T13:20:49.950+0000] {processor.py:161} INFO - Started process (PID=15011) to work on /home/airflow/.local/lib/python3.8/site-packages/airflow/example_dags/example_params_trigger_ui.py
[2025-04-28T13:20:49.952+0000] {processor.py:830} INFO - Processing file /home/airflow/.local/lib/python3.8/site-packages/airflow/example_dags/example_params_trigger_ui.py for tasks to queue
[2025-04-28T13:20:49.954+0000] {logging_mixin.py:188} INFO - [2025-04-28T13:20:49.954+0000] {dagbag.py:538} INFO - Filling up the DagBag from /home/airflow/.local/lib/python3.8/site-packages/airflow/example_dags/example_params_trigger_ui.py
[2025-04-28T13:20:49.998+0000] {processor.py:840} INFO - DAG(s) 'example_params_trigger_ui' retrieved from /home/airflow/.local/lib/python3.8/site-packages/airflow/example_dags/example_params_trigger_ui.py
[2025-04-28T13:20:50.134+0000] {logging_mixin.py:188} INFO - [2025-04-28T13:20:50.134+0000] {dag.py:3033} INFO - Sync 1 DAGs
[2025-04-28T13:20:50.167+0000] {logging_mixin.py:188} INFO - [2025-04-28T13:20:50.166+0000] {dag.py:3820} INFO - Setting next_dagrun for example_params_trigger_ui to None, run_after=None
[2025-04-28T13:20:50.224+0000] {processor.py:183} INFO - Processing /home/airflow/.local/lib/python3.8/site-packages/airflow/example_dags/example_params_trigger_ui.py took 0.284 seconds
[2025-04-28T13:21:20.827+0000] {processor.py:161} INFO - Started process (PID=15067) to work on /home/airflow/.local/lib/python3.8/site-packages/airflow/example_dags/example_params_trigger_ui.py
[2025-04-28T13:21:20.833+0000] {processor.py:830} INFO - Processing file /home/airflow/.local/lib/python3.8/site-packages/airflow/example_dags/example_params_trigger_ui.py for tasks to queue
[2025-04-28T13:21:20.838+0000] {logging_mixin.py:188} INFO - [2025-04-28T13:21:20.836+0000] {dagbag.py:538} INFO - Filling up the DagBag from /home/airflow/.local/lib/python3.8/site-packages/airflow/example_dags/example_params_trigger_ui.py
[2025-04-28T13:21:20.918+0000] {processor.py:840} INFO - DAG(s) 'example_params_trigger_ui' retrieved from /home/airflow/.local/lib/python3.8/site-packages/airflow/example_dags/example_params_trigger_ui.py
[2025-04-28T13:21:21.311+0000] {logging_mixin.py:188} INFO - [2025-04-28T13:21:21.311+0000] {dag.py:3033} INFO - Sync 1 DAGs
[2025-04-28T13:21:21.368+0000] {logging_mixin.py:188} INFO - [2025-04-28T13:21:21.368+0000] {dag.py:3820} INFO - Setting next_dagrun for example_params_trigger_ui to None, run_after=None
[2025-04-28T13:21:21.439+0000] {processor.py:183} INFO - Processing /home/airflow/.local/lib/python3.8/site-packages/airflow/example_dags/example_params_trigger_ui.py took 0.635 seconds
[2025-04-28T13:21:51.633+0000] {processor.py:161} INFO - Started process (PID=15117) to work on /home/airflow/.local/lib/python3.8/site-packages/airflow/example_dags/example_params_trigger_ui.py
[2025-04-28T13:21:51.637+0000] {processor.py:830} INFO - Processing file /home/airflow/.local/lib/python3.8/site-packages/airflow/example_dags/example_params_trigger_ui.py for tasks to queue
[2025-04-28T13:21:51.642+0000] {logging_mixin.py:188} INFO - [2025-04-28T13:21:51.641+0000] {dagbag.py:538} INFO - Filling up the DagBag from /home/airflow/.local/lib/python3.8/site-packages/airflow/example_dags/example_params_trigger_ui.py
[2025-04-28T13:21:51.728+0000] {processor.py:840} INFO - DAG(s) 'example_params_trigger_ui' retrieved from /home/airflow/.local/lib/python3.8/site-packages/airflow/example_dags/example_params_trigger_ui.py
[2025-04-28T13:21:51.937+0000] {logging_mixin.py:188} INFO - [2025-04-28T13:21:51.936+0000] {dag.py:3033} INFO - Sync 1 DAGs
[2025-04-28T13:21:51.963+0000] {logging_mixin.py:188} INFO - [2025-04-28T13:21:51.962+0000] {dag.py:3820} INFO - Setting next_dagrun for example_params_trigger_ui to None, run_after=None
[2025-04-28T13:21:52.019+0000] {processor.py:183} INFO - Processing /home/airflow/.local/lib/python3.8/site-packages/airflow/example_dags/example_params_trigger_ui.py took 0.406 seconds
[2025-04-28T13:22:22.259+0000] {processor.py:161} INFO - Started process (PID=15178) to work on /home/airflow/.local/lib/python3.8/site-packages/airflow/example_dags/example_params_trigger_ui.py
[2025-04-28T13:22:22.262+0000] {processor.py:830} INFO - Processing file /home/airflow/.local/lib/python3.8/site-packages/airflow/example_dags/example_params_trigger_ui.py for tasks to queue
[2025-04-28T13:22:22.265+0000] {logging_mixin.py:188} INFO - [2025-04-28T13:22:22.264+0000] {dagbag.py:538} INFO - Filling up the DagBag from /home/airflow/.local/lib/python3.8/site-packages/airflow/example_dags/example_params_trigger_ui.py
[2025-04-28T13:22:22.335+0000] {processor.py:840} INFO - DAG(s) 'example_params_trigger_ui' retrieved from /home/airflow/.local/lib/python3.8/site-packages/airflow/example_dags/example_params_trigger_ui.py
[2025-04-28T13:22:22.630+0000] {logging_mixin.py:188} INFO - [2025-04-28T13:22:22.630+0000] {dag.py:3033} INFO - Sync 1 DAGs
[2025-04-28T13:22:22.662+0000] {logging_mixin.py:188} INFO - [2025-04-28T13:22:22.661+0000] {dag.py:3820} INFO - Setting next_dagrun for example_params_trigger_ui to None, run_after=None
[2025-04-28T13:22:22.718+0000] {processor.py:183} INFO - Processing /home/airflow/.local/lib/python3.8/site-packages/airflow/example_dags/example_params_trigger_ui.py took 0.473 seconds
[2025-04-28T13:22:53.234+0000] {processor.py:161} INFO - Started process (PID=15234) to work on /home/airflow/.local/lib/python3.8/site-packages/airflow/example_dags/example_params_trigger_ui.py
[2025-04-28T13:22:53.239+0000] {processor.py:830} INFO - Processing file /home/airflow/.local/lib/python3.8/site-packages/airflow/example_dags/example_params_trigger_ui.py for tasks to queue
[2025-04-28T13:22:53.246+0000] {logging_mixin.py:188} INFO - [2025-04-28T13:22:53.243+0000] {dagbag.py:538} INFO - Filling up the DagBag from /home/airflow/.local/lib/python3.8/site-packages/airflow/example_dags/example_params_trigger_ui.py
[2025-04-28T13:22:53.326+0000] {processor.py:840} INFO - DAG(s) 'example_params_trigger_ui' retrieved from /home/airflow/.local/lib/python3.8/site-packages/airflow/example_dags/example_params_trigger_ui.py
[2025-04-28T13:22:53.684+0000] {logging_mixin.py:188} INFO - [2025-04-28T13:22:53.684+0000] {dag.py:3033} INFO - Sync 1 DAGs
[2025-04-28T13:22:53.728+0000] {logging_mixin.py:188} INFO - [2025-04-28T13:22:53.728+0000] {dag.py:3820} INFO - Setting next_dagrun for example_params_trigger_ui to None, run_after=None
[2025-04-28T13:22:53.783+0000] {processor.py:183} INFO - Processing /home/airflow/.local/lib/python3.8/site-packages/airflow/example_dags/example_params_trigger_ui.py took 0.566 seconds
[2025-04-28T13:23:24.388+0000] {processor.py:161} INFO - Started process (PID=15290) to work on /home/airflow/.local/lib/python3.8/site-packages/airflow/example_dags/example_params_trigger_ui.py
[2025-04-28T13:23:24.392+0000] {processor.py:830} INFO - Processing file /home/airflow/.local/lib/python3.8/site-packages/airflow/example_dags/example_params_trigger_ui.py for tasks to queue
[2025-04-28T13:23:24.395+0000] {logging_mixin.py:188} INFO - [2025-04-28T13:23:24.394+0000] {dagbag.py:538} INFO - Filling up the DagBag from /home/airflow/.local/lib/python3.8/site-packages/airflow/example_dags/example_params_trigger_ui.py
[2025-04-28T13:23:24.458+0000] {processor.py:840} INFO - DAG(s) 'example_params_trigger_ui' retrieved from /home/airflow/.local/lib/python3.8/site-packages/airflow/example_dags/example_params_trigger_ui.py
[2025-04-28T13:23:24.763+0000] {logging_mixin.py:188} INFO - [2025-04-28T13:23:24.762+0000] {dag.py:3033} INFO - Sync 1 DAGs
[2025-04-28T13:23:24.892+0000] {logging_mixin.py:188} INFO - [2025-04-28T13:23:24.880+0000] {dag.py:3820} INFO - Setting next_dagrun for example_params_trigger_ui to None, run_after=None
[2025-04-28T13:23:25.024+0000] {processor.py:183} INFO - Processing /home/airflow/.local/lib/python3.8/site-packages/airflow/example_dags/example_params_trigger_ui.py took 0.654 seconds
[2025-04-28T13:23:55.503+0000] {processor.py:161} INFO - Started process (PID=15346) to work on /home/airflow/.local/lib/python3.8/site-packages/airflow/example_dags/example_params_trigger_ui.py
[2025-04-28T13:23:55.507+0000] {processor.py:830} INFO - Processing file /home/airflow/.local/lib/python3.8/site-packages/airflow/example_dags/example_params_trigger_ui.py for tasks to queue
[2025-04-28T13:23:55.510+0000] {logging_mixin.py:188} INFO - [2025-04-28T13:23:55.509+0000] {dagbag.py:538} INFO - Filling up the DagBag from /home/airflow/.local/lib/python3.8/site-packages/airflow/example_dags/example_params_trigger_ui.py
[2025-04-28T13:23:55.593+0000] {processor.py:840} INFO - DAG(s) 'example_params_trigger_ui' retrieved from /home/airflow/.local/lib/python3.8/site-packages/airflow/example_dags/example_params_trigger_ui.py
[2025-04-28T13:23:55.956+0000] {logging_mixin.py:188} INFO - [2025-04-28T13:23:55.955+0000] {dag.py:3033} INFO - Sync 1 DAGs
[2025-04-28T13:23:56.019+0000] {logging_mixin.py:188} INFO - [2025-04-28T13:23:56.018+0000] {dag.py:3820} INFO - Setting next_dagrun for example_params_trigger_ui to None, run_after=None
[2025-04-28T13:23:56.095+0000] {processor.py:183} INFO - Processing /home/airflow/.local/lib/python3.8/site-packages/airflow/example_dags/example_params_trigger_ui.py took 0.610 seconds
[2025-04-28T13:24:26.754+0000] {processor.py:161} INFO - Started process (PID=15402) to work on /home/airflow/.local/lib/python3.8/site-packages/airflow/example_dags/example_params_trigger_ui.py
[2025-04-28T13:24:26.756+0000] {processor.py:830} INFO - Processing file /home/airflow/.local/lib/python3.8/site-packages/airflow/example_dags/example_params_trigger_ui.py for tasks to queue
[2025-04-28T13:24:26.759+0000] {logging_mixin.py:188} INFO - [2025-04-28T13:24:26.758+0000] {dagbag.py:538} INFO - Filling up the DagBag from /home/airflow/.local/lib/python3.8/site-packages/airflow/example_dags/example_params_trigger_ui.py
[2025-04-28T13:24:26.816+0000] {processor.py:840} INFO - DAG(s) 'example_params_trigger_ui' retrieved from /home/airflow/.local/lib/python3.8/site-packages/airflow/example_dags/example_params_trigger_ui.py
[2025-04-28T13:24:27.537+0000] {logging_mixin.py:188} INFO - [2025-04-28T13:24:27.536+0000] {dag.py:3033} INFO - Sync 1 DAGs
[2025-04-28T13:24:27.606+0000] {logging_mixin.py:188} INFO - [2025-04-28T13:24:27.605+0000] {dag.py:3820} INFO - Setting next_dagrun for example_params_trigger_ui to None, run_after=None
[2025-04-28T13:24:27.819+0000] {processor.py:183} INFO - Processing /home/airflow/.local/lib/python3.8/site-packages/airflow/example_dags/example_params_trigger_ui.py took 1.078 seconds
[2025-04-28T13:24:58.636+0000] {processor.py:161} INFO - Started process (PID=15458) to work on /home/airflow/.local/lib/python3.8/site-packages/airflow/example_dags/example_params_trigger_ui.py
[2025-04-28T13:24:58.638+0000] {processor.py:830} INFO - Processing file /home/airflow/.local/lib/python3.8/site-packages/airflow/example_dags/example_params_trigger_ui.py for tasks to queue
[2025-04-28T13:24:58.640+0000] {logging_mixin.py:188} INFO - [2025-04-28T13:24:58.640+0000] {dagbag.py:538} INFO - Filling up the DagBag from /home/airflow/.local/lib/python3.8/site-packages/airflow/example_dags/example_params_trigger_ui.py
[2025-04-28T13:24:58.684+0000] {processor.py:840} INFO - DAG(s) 'example_params_trigger_ui' retrieved from /home/airflow/.local/lib/python3.8/site-packages/airflow/example_dags/example_params_trigger_ui.py
[2025-04-28T13:24:58.907+0000] {logging_mixin.py:188} INFO - [2025-04-28T13:24:58.907+0000] {dag.py:3033} INFO - Sync 1 DAGs
[2025-04-28T13:24:58.992+0000] {logging_mixin.py:188} INFO - [2025-04-28T13:24:58.991+0000] {dag.py:3820} INFO - Setting next_dagrun for example_params_trigger_ui to None, run_after=None
[2025-04-28T13:24:59.102+0000] {processor.py:183} INFO - Processing /home/airflow/.local/lib/python3.8/site-packages/airflow/example_dags/example_params_trigger_ui.py took 0.474 seconds
[2025-04-28T13:25:29.412+0000] {processor.py:161} INFO - Started process (PID=15514) to work on /home/airflow/.local/lib/python3.8/site-packages/airflow/example_dags/example_params_trigger_ui.py
[2025-04-28T13:25:29.414+0000] {processor.py:830} INFO - Processing file /home/airflow/.local/lib/python3.8/site-packages/airflow/example_dags/example_params_trigger_ui.py for tasks to queue
[2025-04-28T13:25:29.417+0000] {logging_mixin.py:188} INFO - [2025-04-28T13:25:29.416+0000] {dagbag.py:538} INFO - Filling up the DagBag from /home/airflow/.local/lib/python3.8/site-packages/airflow/example_dags/example_params_trigger_ui.py
[2025-04-28T13:25:29.454+0000] {processor.py:840} INFO - DAG(s) 'example_params_trigger_ui' retrieved from /home/airflow/.local/lib/python3.8/site-packages/airflow/example_dags/example_params_trigger_ui.py
[2025-04-28T13:25:29.643+0000] {logging_mixin.py:188} INFO - [2025-04-28T13:25:29.643+0000] {dag.py:3033} INFO - Sync 1 DAGs
[2025-04-28T13:25:29.692+0000] {logging_mixin.py:188} INFO - [2025-04-28T13:25:29.691+0000] {dag.py:3820} INFO - Setting next_dagrun for example_params_trigger_ui to None, run_after=None
[2025-04-28T13:25:29.746+0000] {processor.py:183} INFO - Processing /home/airflow/.local/lib/python3.8/site-packages/airflow/example_dags/example_params_trigger_ui.py took 0.347 seconds
[2025-04-28T13:26:00.303+0000] {processor.py:161} INFO - Started process (PID=15570) to work on /home/airflow/.local/lib/python3.8/site-packages/airflow/example_dags/example_params_trigger_ui.py
[2025-04-28T13:26:00.328+0000] {processor.py:830} INFO - Processing file /home/airflow/.local/lib/python3.8/site-packages/airflow/example_dags/example_params_trigger_ui.py for tasks to queue
[2025-04-28T13:26:00.347+0000] {logging_mixin.py:188} INFO - [2025-04-28T13:26:00.346+0000] {dagbag.py:538} INFO - Filling up the DagBag from /home/airflow/.local/lib/python3.8/site-packages/airflow/example_dags/example_params_trigger_ui.py
[2025-04-28T13:26:00.565+0000] {processor.py:840} INFO - DAG(s) 'example_params_trigger_ui' retrieved from /home/airflow/.local/lib/python3.8/site-packages/airflow/example_dags/example_params_trigger_ui.py
[2025-04-28T13:26:01.285+0000] {logging_mixin.py:188} INFO - [2025-04-28T13:26:01.284+0000] {dag.py:3033} INFO - Sync 1 DAGs
[2025-04-28T13:26:01.452+0000] {logging_mixin.py:188} INFO - [2025-04-28T13:26:01.442+0000] {dag.py:3820} INFO - Setting next_dagrun for example_params_trigger_ui to None, run_after=None
[2025-04-28T13:26:01.575+0000] {processor.py:183} INFO - Processing /home/airflow/.local/lib/python3.8/site-packages/airflow/example_dags/example_params_trigger_ui.py took 1.292 seconds
[2025-04-28T13:26:31.966+0000] {processor.py:161} INFO - Started process (PID=15627) to work on /home/airflow/.local/lib/python3.8/site-packages/airflow/example_dags/example_params_trigger_ui.py
[2025-04-28T13:26:31.968+0000] {processor.py:830} INFO - Processing file /home/airflow/.local/lib/python3.8/site-packages/airflow/example_dags/example_params_trigger_ui.py for tasks to queue
[2025-04-28T13:26:31.970+0000] {logging_mixin.py:188} INFO - [2025-04-28T13:26:31.969+0000] {dagbag.py:538} INFO - Filling up the DagBag from /home/airflow/.local/lib/python3.8/site-packages/airflow/example_dags/example_params_trigger_ui.py
[2025-04-28T13:26:32.007+0000] {processor.py:840} INFO - DAG(s) 'example_params_trigger_ui' retrieved from /home/airflow/.local/lib/python3.8/site-packages/airflow/example_dags/example_params_trigger_ui.py
[2025-04-28T13:26:32.157+0000] {logging_mixin.py:188} INFO - [2025-04-28T13:26:32.157+0000] {dag.py:3033} INFO - Sync 1 DAGs
[2025-04-28T13:26:32.184+0000] {logging_mixin.py:188} INFO - [2025-04-28T13:26:32.183+0000] {dag.py:3820} INFO - Setting next_dagrun for example_params_trigger_ui to None, run_after=None
[2025-04-28T13:26:32.232+0000] {processor.py:183} INFO - Processing /home/airflow/.local/lib/python3.8/site-packages/airflow/example_dags/example_params_trigger_ui.py took 0.274 seconds
[2025-04-28T13:27:02.414+0000] {processor.py:161} INFO - Started process (PID=15683) to work on /home/airflow/.local/lib/python3.8/site-packages/airflow/example_dags/example_params_trigger_ui.py
[2025-04-28T13:27:02.418+0000] {processor.py:830} INFO - Processing file /home/airflow/.local/lib/python3.8/site-packages/airflow/example_dags/example_params_trigger_ui.py for tasks to queue
[2025-04-28T13:27:02.422+0000] {logging_mixin.py:188} INFO - [2025-04-28T13:27:02.420+0000] {dagbag.py:538} INFO - Filling up the DagBag from /home/airflow/.local/lib/python3.8/site-packages/airflow/example_dags/example_params_trigger_ui.py
[2025-04-28T13:27:02.481+0000] {processor.py:840} INFO - DAG(s) 'example_params_trigger_ui' retrieved from /home/airflow/.local/lib/python3.8/site-packages/airflow/example_dags/example_params_trigger_ui.py
[2025-04-28T13:27:02.687+0000] {logging_mixin.py:188} INFO - [2025-04-28T13:27:02.687+0000] {dag.py:3033} INFO - Sync 1 DAGs
[2025-04-28T13:27:02.712+0000] {logging_mixin.py:188} INFO - [2025-04-28T13:27:02.712+0000] {dag.py:3820} INFO - Setting next_dagrun for example_params_trigger_ui to None, run_after=None
[2025-04-28T13:27:02.759+0000] {processor.py:183} INFO - Processing /home/airflow/.local/lib/python3.8/site-packages/airflow/example_dags/example_params_trigger_ui.py took 0.359 seconds
[2025-04-28T13:27:33.353+0000] {processor.py:161} INFO - Started process (PID=15739) to work on /home/airflow/.local/lib/python3.8/site-packages/airflow/example_dags/example_params_trigger_ui.py
[2025-04-28T13:27:33.367+0000] {processor.py:830} INFO - Processing file /home/airflow/.local/lib/python3.8/site-packages/airflow/example_dags/example_params_trigger_ui.py for tasks to queue
[2025-04-28T13:27:33.370+0000] {logging_mixin.py:188} INFO - [2025-04-28T13:27:33.370+0000] {dagbag.py:538} INFO - Filling up the DagBag from /home/airflow/.local/lib/python3.8/site-packages/airflow/example_dags/example_params_trigger_ui.py
[2025-04-28T13:27:33.466+0000] {processor.py:840} INFO - DAG(s) 'example_params_trigger_ui' retrieved from /home/airflow/.local/lib/python3.8/site-packages/airflow/example_dags/example_params_trigger_ui.py
[2025-04-28T13:27:33.904+0000] {logging_mixin.py:188} INFO - [2025-04-28T13:27:33.903+0000] {dag.py:3033} INFO - Sync 1 DAGs
[2025-04-28T13:27:33.987+0000] {logging_mixin.py:188} INFO - [2025-04-28T13:27:33.986+0000] {dag.py:3820} INFO - Setting next_dagrun for example_params_trigger_ui to None, run_after=None
[2025-04-28T13:27:34.191+0000] {processor.py:183} INFO - Processing /home/airflow/.local/lib/python3.8/site-packages/airflow/example_dags/example_params_trigger_ui.py took 0.846 seconds
[2025-04-28T13:28:04.542+0000] {processor.py:161} INFO - Started process (PID=15795) to work on /home/airflow/.local/lib/python3.8/site-packages/airflow/example_dags/example_params_trigger_ui.py
[2025-04-28T13:28:04.543+0000] {processor.py:830} INFO - Processing file /home/airflow/.local/lib/python3.8/site-packages/airflow/example_dags/example_params_trigger_ui.py for tasks to queue
[2025-04-28T13:28:04.545+0000] {logging_mixin.py:188} INFO - [2025-04-28T13:28:04.545+0000] {dagbag.py:538} INFO - Filling up the DagBag from /home/airflow/.local/lib/python3.8/site-packages/airflow/example_dags/example_params_trigger_ui.py
[2025-04-28T13:28:04.563+0000] {processor.py:840} INFO - DAG(s) 'example_params_trigger_ui' retrieved from /home/airflow/.local/lib/python3.8/site-packages/airflow/example_dags/example_params_trigger_ui.py
[2025-04-28T13:28:04.644+0000] {logging_mixin.py:188} INFO - [2025-04-28T13:28:04.643+0000] {dag.py:3033} INFO - Sync 1 DAGs
[2025-04-28T13:28:04.662+0000] {logging_mixin.py:188} INFO - [2025-04-28T13:28:04.662+0000] {dag.py:3820} INFO - Setting next_dagrun for example_params_trigger_ui to None, run_after=None
[2025-04-28T13:28:04.691+0000] {processor.py:183} INFO - Processing /home/airflow/.local/lib/python3.8/site-packages/airflow/example_dags/example_params_trigger_ui.py took 0.153 seconds
[2025-04-28T13:28:34.793+0000] {processor.py:161} INFO - Started process (PID=15852) to work on /home/airflow/.local/lib/python3.8/site-packages/airflow/example_dags/example_params_trigger_ui.py
[2025-04-28T13:28:34.794+0000] {processor.py:830} INFO - Processing file /home/airflow/.local/lib/python3.8/site-packages/airflow/example_dags/example_params_trigger_ui.py for tasks to queue
[2025-04-28T13:28:34.795+0000] {logging_mixin.py:188} INFO - [2025-04-28T13:28:34.795+0000] {dagbag.py:538} INFO - Filling up the DagBag from /home/airflow/.local/lib/python3.8/site-packages/airflow/example_dags/example_params_trigger_ui.py
[2025-04-28T13:28:34.817+0000] {processor.py:840} INFO - DAG(s) 'example_params_trigger_ui' retrieved from /home/airflow/.local/lib/python3.8/site-packages/airflow/example_dags/example_params_trigger_ui.py
[2025-04-28T13:28:34.923+0000] {logging_mixin.py:188} INFO - [2025-04-28T13:28:34.923+0000] {dag.py:3033} INFO - Sync 1 DAGs
[2025-04-28T13:28:34.943+0000] {logging_mixin.py:188} INFO - [2025-04-28T13:28:34.943+0000] {dag.py:3820} INFO - Setting next_dagrun for example_params_trigger_ui to None, run_after=None
[2025-04-28T13:28:34.973+0000] {processor.py:183} INFO - Processing /home/airflow/.local/lib/python3.8/site-packages/airflow/example_dags/example_params_trigger_ui.py took 0.184 seconds
[2025-04-28T13:29:05.181+0000] {processor.py:161} INFO - Started process (PID=15908) to work on /home/airflow/.local/lib/python3.8/site-packages/airflow/example_dags/example_params_trigger_ui.py
[2025-04-28T13:29:05.184+0000] {processor.py:830} INFO - Processing file /home/airflow/.local/lib/python3.8/site-packages/airflow/example_dags/example_params_trigger_ui.py for tasks to queue
[2025-04-28T13:29:05.186+0000] {logging_mixin.py:188} INFO - [2025-04-28T13:29:05.186+0000] {dagbag.py:538} INFO - Filling up the DagBag from /home/airflow/.local/lib/python3.8/site-packages/airflow/example_dags/example_params_trigger_ui.py
[2025-04-28T13:29:05.212+0000] {processor.py:840} INFO - DAG(s) 'example_params_trigger_ui' retrieved from /home/airflow/.local/lib/python3.8/site-packages/airflow/example_dags/example_params_trigger_ui.py
[2025-04-28T13:29:05.327+0000] {logging_mixin.py:188} INFO - [2025-04-28T13:29:05.327+0000] {dag.py:3033} INFO - Sync 1 DAGs
[2025-04-28T13:29:05.350+0000] {logging_mixin.py:188} INFO - [2025-04-28T13:29:05.350+0000] {dag.py:3820} INFO - Setting next_dagrun for example_params_trigger_ui to None, run_after=None
[2025-04-28T13:29:05.386+0000] {processor.py:183} INFO - Processing /home/airflow/.local/lib/python3.8/site-packages/airflow/example_dags/example_params_trigger_ui.py took 0.211 seconds
[2025-04-28T13:29:35.581+0000] {processor.py:161} INFO - Started process (PID=15964) to work on /home/airflow/.local/lib/python3.8/site-packages/airflow/example_dags/example_params_trigger_ui.py
[2025-04-28T13:29:35.582+0000] {processor.py:830} INFO - Processing file /home/airflow/.local/lib/python3.8/site-packages/airflow/example_dags/example_params_trigger_ui.py for tasks to queue
[2025-04-28T13:29:35.584+0000] {logging_mixin.py:188} INFO - [2025-04-28T13:29:35.584+0000] {dagbag.py:538} INFO - Filling up the DagBag from /home/airflow/.local/lib/python3.8/site-packages/airflow/example_dags/example_params_trigger_ui.py
[2025-04-28T13:29:35.612+0000] {processor.py:840} INFO - DAG(s) 'example_params_trigger_ui' retrieved from /home/airflow/.local/lib/python3.8/site-packages/airflow/example_dags/example_params_trigger_ui.py
[2025-04-28T13:29:35.695+0000] {logging_mixin.py:188} INFO - [2025-04-28T13:29:35.695+0000] {dag.py:3033} INFO - Sync 1 DAGs
[2025-04-28T13:29:35.712+0000] {logging_mixin.py:188} INFO - [2025-04-28T13:29:35.711+0000] {dag.py:3820} INFO - Setting next_dagrun for example_params_trigger_ui to None, run_after=None
[2025-04-28T13:29:35.742+0000] {processor.py:183} INFO - Processing /home/airflow/.local/lib/python3.8/site-packages/airflow/example_dags/example_params_trigger_ui.py took 0.169 seconds
[2025-04-28T13:30:05.849+0000] {processor.py:161} INFO - Started process (PID=16021) to work on /home/airflow/.local/lib/python3.8/site-packages/airflow/example_dags/example_params_trigger_ui.py
[2025-04-28T13:30:05.851+0000] {processor.py:830} INFO - Processing file /home/airflow/.local/lib/python3.8/site-packages/airflow/example_dags/example_params_trigger_ui.py for tasks to queue
[2025-04-28T13:30:05.852+0000] {logging_mixin.py:188} INFO - [2025-04-28T13:30:05.852+0000] {dagbag.py:538} INFO - Filling up the DagBag from /home/airflow/.local/lib/python3.8/site-packages/airflow/example_dags/example_params_trigger_ui.py
[2025-04-28T13:30:05.870+0000] {processor.py:840} INFO - DAG(s) 'example_params_trigger_ui' retrieved from /home/airflow/.local/lib/python3.8/site-packages/airflow/example_dags/example_params_trigger_ui.py
[2025-04-28T13:30:05.963+0000] {logging_mixin.py:188} INFO - [2025-04-28T13:30:05.963+0000] {dag.py:3033} INFO - Sync 1 DAGs
[2025-04-28T13:30:05.981+0000] {logging_mixin.py:188} INFO - [2025-04-28T13:30:05.980+0000] {dag.py:3820} INFO - Setting next_dagrun for example_params_trigger_ui to None, run_after=None
[2025-04-28T13:30:06.010+0000] {processor.py:183} INFO - Processing /home/airflow/.local/lib/python3.8/site-packages/airflow/example_dags/example_params_trigger_ui.py took 0.165 seconds
[2025-04-28T13:30:36.390+0000] {processor.py:161} INFO - Started process (PID=16077) to work on /home/airflow/.local/lib/python3.8/site-packages/airflow/example_dags/example_params_trigger_ui.py
[2025-04-28T13:30:36.391+0000] {processor.py:830} INFO - Processing file /home/airflow/.local/lib/python3.8/site-packages/airflow/example_dags/example_params_trigger_ui.py for tasks to queue
[2025-04-28T13:30:36.393+0000] {logging_mixin.py:188} INFO - [2025-04-28T13:30:36.392+0000] {dagbag.py:538} INFO - Filling up the DagBag from /home/airflow/.local/lib/python3.8/site-packages/airflow/example_dags/example_params_trigger_ui.py
[2025-04-28T13:30:36.412+0000] {processor.py:840} INFO - DAG(s) 'example_params_trigger_ui' retrieved from /home/airflow/.local/lib/python3.8/site-packages/airflow/example_dags/example_params_trigger_ui.py
[2025-04-28T13:30:36.493+0000] {logging_mixin.py:188} INFO - [2025-04-28T13:30:36.493+0000] {dag.py:3033} INFO - Sync 1 DAGs
[2025-04-28T13:30:36.509+0000] {logging_mixin.py:188} INFO - [2025-04-28T13:30:36.509+0000] {dag.py:3820} INFO - Setting next_dagrun for example_params_trigger_ui to None, run_after=None
[2025-04-28T13:30:36.540+0000] {processor.py:183} INFO - Processing /home/airflow/.local/lib/python3.8/site-packages/airflow/example_dags/example_params_trigger_ui.py took 0.155 seconds
[2025-04-28T13:31:06.688+0000] {processor.py:161} INFO - Started process (PID=16133) to work on /home/airflow/.local/lib/python3.8/site-packages/airflow/example_dags/example_params_trigger_ui.py
[2025-04-28T13:31:06.690+0000] {processor.py:830} INFO - Processing file /home/airflow/.local/lib/python3.8/site-packages/airflow/example_dags/example_params_trigger_ui.py for tasks to queue
[2025-04-28T13:31:06.692+0000] {logging_mixin.py:188} INFO - [2025-04-28T13:31:06.691+0000] {dagbag.py:538} INFO - Filling up the DagBag from /home/airflow/.local/lib/python3.8/site-packages/airflow/example_dags/example_params_trigger_ui.py
[2025-04-28T13:31:06.714+0000] {processor.py:840} INFO - DAG(s) 'example_params_trigger_ui' retrieved from /home/airflow/.local/lib/python3.8/site-packages/airflow/example_dags/example_params_trigger_ui.py
[2025-04-28T13:31:06.806+0000] {logging_mixin.py:188} INFO - [2025-04-28T13:31:06.806+0000] {dag.py:3033} INFO - Sync 1 DAGs
[2025-04-28T13:31:06.824+0000] {logging_mixin.py:188} INFO - [2025-04-28T13:31:06.824+0000] {dag.py:3820} INFO - Setting next_dagrun for example_params_trigger_ui to None, run_after=None
[2025-04-28T13:31:06.855+0000] {processor.py:183} INFO - Processing /home/airflow/.local/lib/python3.8/site-packages/airflow/example_dags/example_params_trigger_ui.py took 0.171 seconds
[2025-04-28T13:31:37.152+0000] {processor.py:161} INFO - Started process (PID=16189) to work on /home/airflow/.local/lib/python3.8/site-packages/airflow/example_dags/example_params_trigger_ui.py
[2025-04-28T13:31:37.153+0000] {processor.py:830} INFO - Processing file /home/airflow/.local/lib/python3.8/site-packages/airflow/example_dags/example_params_trigger_ui.py for tasks to queue
[2025-04-28T13:31:37.155+0000] {logging_mixin.py:188} INFO - [2025-04-28T13:31:37.155+0000] {dagbag.py:538} INFO - Filling up the DagBag from /home/airflow/.local/lib/python3.8/site-packages/airflow/example_dags/example_params_trigger_ui.py
[2025-04-28T13:31:37.174+0000] {processor.py:840} INFO - DAG(s) 'example_params_trigger_ui' retrieved from /home/airflow/.local/lib/python3.8/site-packages/airflow/example_dags/example_params_trigger_ui.py
[2025-04-28T13:31:37.263+0000] {logging_mixin.py:188} INFO - [2025-04-28T13:31:37.262+0000] {dag.py:3033} INFO - Sync 1 DAGs
[2025-04-28T13:31:37.279+0000] {logging_mixin.py:188} INFO - [2025-04-28T13:31:37.279+0000] {dag.py:3820} INFO - Setting next_dagrun for example_params_trigger_ui to None, run_after=None
[2025-04-28T13:31:37.310+0000] {processor.py:183} INFO - Processing /home/airflow/.local/lib/python3.8/site-packages/airflow/example_dags/example_params_trigger_ui.py took 0.162 seconds
[2025-04-28T13:32:07.418+0000] {processor.py:161} INFO - Started process (PID=16245) to work on /home/airflow/.local/lib/python3.8/site-packages/airflow/example_dags/example_params_trigger_ui.py
[2025-04-28T13:32:07.419+0000] {processor.py:830} INFO - Processing file /home/airflow/.local/lib/python3.8/site-packages/airflow/example_dags/example_params_trigger_ui.py for tasks to queue
[2025-04-28T13:32:07.421+0000] {logging_mixin.py:188} INFO - [2025-04-28T13:32:07.421+0000] {dagbag.py:538} INFO - Filling up the DagBag from /home/airflow/.local/lib/python3.8/site-packages/airflow/example_dags/example_params_trigger_ui.py
[2025-04-28T13:32:07.444+0000] {processor.py:840} INFO - DAG(s) 'example_params_trigger_ui' retrieved from /home/airflow/.local/lib/python3.8/site-packages/airflow/example_dags/example_params_trigger_ui.py
[2025-04-28T13:32:07.552+0000] {logging_mixin.py:188} INFO - [2025-04-28T13:32:07.552+0000] {dag.py:3033} INFO - Sync 1 DAGs
[2025-04-28T13:32:07.577+0000] {logging_mixin.py:188} INFO - [2025-04-28T13:32:07.577+0000] {dag.py:3820} INFO - Setting next_dagrun for example_params_trigger_ui to None, run_after=None
[2025-04-28T13:32:07.607+0000] {processor.py:183} INFO - Processing /home/airflow/.local/lib/python3.8/site-packages/airflow/example_dags/example_params_trigger_ui.py took 0.194 seconds
[2025-04-28T13:32:37.898+0000] {processor.py:161} INFO - Started process (PID=16301) to work on /home/airflow/.local/lib/python3.8/site-packages/airflow/example_dags/example_params_trigger_ui.py
[2025-04-28T13:32:37.900+0000] {processor.py:830} INFO - Processing file /home/airflow/.local/lib/python3.8/site-packages/airflow/example_dags/example_params_trigger_ui.py for tasks to queue
[2025-04-28T13:32:37.901+0000] {logging_mixin.py:188} INFO - [2025-04-28T13:32:37.901+0000] {dagbag.py:538} INFO - Filling up the DagBag from /home/airflow/.local/lib/python3.8/site-packages/airflow/example_dags/example_params_trigger_ui.py
[2025-04-28T13:32:37.923+0000] {processor.py:840} INFO - DAG(s) 'example_params_trigger_ui' retrieved from /home/airflow/.local/lib/python3.8/site-packages/airflow/example_dags/example_params_trigger_ui.py
[2025-04-28T13:32:38.005+0000] {logging_mixin.py:188} INFO - [2025-04-28T13:32:38.005+0000] {dag.py:3033} INFO - Sync 1 DAGs
[2025-04-28T13:32:38.024+0000] {logging_mixin.py:188} INFO - [2025-04-28T13:32:38.023+0000] {dag.py:3820} INFO - Setting next_dagrun for example_params_trigger_ui to None, run_after=None
[2025-04-28T13:32:38.056+0000] {processor.py:183} INFO - Processing /home/airflow/.local/lib/python3.8/site-packages/airflow/example_dags/example_params_trigger_ui.py took 0.163 seconds
[2025-04-28T13:33:08.607+0000] {processor.py:161} INFO - Started process (PID=16358) to work on /home/airflow/.local/lib/python3.8/site-packages/airflow/example_dags/example_params_trigger_ui.py
[2025-04-28T13:33:08.609+0000] {processor.py:830} INFO - Processing file /home/airflow/.local/lib/python3.8/site-packages/airflow/example_dags/example_params_trigger_ui.py for tasks to queue
[2025-04-28T13:33:08.611+0000] {logging_mixin.py:188} INFO - [2025-04-28T13:33:08.610+0000] {dagbag.py:538} INFO - Filling up the DagBag from /home/airflow/.local/lib/python3.8/site-packages/airflow/example_dags/example_params_trigger_ui.py
[2025-04-28T13:33:08.635+0000] {processor.py:840} INFO - DAG(s) 'example_params_trigger_ui' retrieved from /home/airflow/.local/lib/python3.8/site-packages/airflow/example_dags/example_params_trigger_ui.py
[2025-04-28T13:33:08.759+0000] {logging_mixin.py:188} INFO - [2025-04-28T13:33:08.759+0000] {dag.py:3033} INFO - Sync 1 DAGs
[2025-04-28T13:33:08.777+0000] {logging_mixin.py:188} INFO - [2025-04-28T13:33:08.777+0000] {dag.py:3820} INFO - Setting next_dagrun for example_params_trigger_ui to None, run_after=None
[2025-04-28T13:33:08.830+0000] {processor.py:183} INFO - Processing /home/airflow/.local/lib/python3.8/site-packages/airflow/example_dags/example_params_trigger_ui.py took 0.228 seconds
[2025-04-28T13:33:38.927+0000] {processor.py:161} INFO - Started process (PID=16415) to work on /home/airflow/.local/lib/python3.8/site-packages/airflow/example_dags/example_params_trigger_ui.py
[2025-04-28T13:33:38.930+0000] {processor.py:830} INFO - Processing file /home/airflow/.local/lib/python3.8/site-packages/airflow/example_dags/example_params_trigger_ui.py for tasks to queue
[2025-04-28T13:33:38.932+0000] {logging_mixin.py:188} INFO - [2025-04-28T13:33:38.931+0000] {dagbag.py:538} INFO - Filling up the DagBag from /home/airflow/.local/lib/python3.8/site-packages/airflow/example_dags/example_params_trigger_ui.py
[2025-04-28T13:33:38.960+0000] {processor.py:840} INFO - DAG(s) 'example_params_trigger_ui' retrieved from /home/airflow/.local/lib/python3.8/site-packages/airflow/example_dags/example_params_trigger_ui.py
[2025-04-28T13:33:39.296+0000] {logging_mixin.py:188} INFO - [2025-04-28T13:33:39.296+0000] {dag.py:3033} INFO - Sync 1 DAGs
[2025-04-28T13:33:39.437+0000] {logging_mixin.py:188} INFO - [2025-04-28T13:33:39.436+0000] {dag.py:3820} INFO - Setting next_dagrun for example_params_trigger_ui to None, run_after=None
[2025-04-28T13:33:39.596+0000] {processor.py:183} INFO - Processing /home/airflow/.local/lib/python3.8/site-packages/airflow/example_dags/example_params_trigger_ui.py took 0.674 seconds
[2025-04-28T13:34:13.035+0000] {processor.py:161} INFO - Started process (PID=16471) to work on /home/airflow/.local/lib/python3.8/site-packages/airflow/example_dags/example_params_trigger_ui.py
[2025-04-28T13:34:13.037+0000] {processor.py:830} INFO - Processing file /home/airflow/.local/lib/python3.8/site-packages/airflow/example_dags/example_params_trigger_ui.py for tasks to queue
[2025-04-28T13:34:13.039+0000] {logging_mixin.py:188} INFO - [2025-04-28T13:34:13.038+0000] {dagbag.py:538} INFO - Filling up the DagBag from /home/airflow/.local/lib/python3.8/site-packages/airflow/example_dags/example_params_trigger_ui.py
[2025-04-28T13:34:13.065+0000] {processor.py:840} INFO - DAG(s) 'example_params_trigger_ui' retrieved from /home/airflow/.local/lib/python3.8/site-packages/airflow/example_dags/example_params_trigger_ui.py
[2025-04-28T13:34:13.160+0000] {logging_mixin.py:188} INFO - [2025-04-28T13:34:13.160+0000] {dag.py:3033} INFO - Sync 1 DAGs
[2025-04-28T13:34:13.188+0000] {logging_mixin.py:188} INFO - [2025-04-28T13:34:13.187+0000] {dag.py:3820} INFO - Setting next_dagrun for example_params_trigger_ui to None, run_after=None
[2025-04-28T13:34:13.225+0000] {processor.py:183} INFO - Processing /home/airflow/.local/lib/python3.8/site-packages/airflow/example_dags/example_params_trigger_ui.py took 0.197 seconds
[2025-04-28T13:34:43.658+0000] {processor.py:161} INFO - Started process (PID=16527) to work on /home/airflow/.local/lib/python3.8/site-packages/airflow/example_dags/example_params_trigger_ui.py
[2025-04-28T13:34:43.660+0000] {processor.py:830} INFO - Processing file /home/airflow/.local/lib/python3.8/site-packages/airflow/example_dags/example_params_trigger_ui.py for tasks to queue
[2025-04-28T13:34:43.662+0000] {logging_mixin.py:188} INFO - [2025-04-28T13:34:43.662+0000] {dagbag.py:538} INFO - Filling up the DagBag from /home/airflow/.local/lib/python3.8/site-packages/airflow/example_dags/example_params_trigger_ui.py
[2025-04-28T13:34:43.696+0000] {processor.py:840} INFO - DAG(s) 'example_params_trigger_ui' retrieved from /home/airflow/.local/lib/python3.8/site-packages/airflow/example_dags/example_params_trigger_ui.py
[2025-04-28T13:34:43.882+0000] {logging_mixin.py:188} INFO - [2025-04-28T13:34:43.882+0000] {dag.py:3033} INFO - Sync 1 DAGs
[2025-04-28T13:34:43.917+0000] {logging_mixin.py:188} INFO - [2025-04-28T13:34:43.917+0000] {dag.py:3820} INFO - Setting next_dagrun for example_params_trigger_ui to None, run_after=None
[2025-04-28T13:34:43.963+0000] {processor.py:183} INFO - Processing /home/airflow/.local/lib/python3.8/site-packages/airflow/example_dags/example_params_trigger_ui.py took 0.315 seconds
[2025-04-28T13:35:14.091+0000] {processor.py:161} INFO - Started process (PID=16583) to work on /home/airflow/.local/lib/python3.8/site-packages/airflow/example_dags/example_params_trigger_ui.py
[2025-04-28T13:35:14.092+0000] {processor.py:830} INFO - Processing file /home/airflow/.local/lib/python3.8/site-packages/airflow/example_dags/example_params_trigger_ui.py for tasks to queue
[2025-04-28T13:35:14.094+0000] {logging_mixin.py:188} INFO - [2025-04-28T13:35:14.093+0000] {dagbag.py:538} INFO - Filling up the DagBag from /home/airflow/.local/lib/python3.8/site-packages/airflow/example_dags/example_params_trigger_ui.py
[2025-04-28T13:35:14.123+0000] {processor.py:840} INFO - DAG(s) 'example_params_trigger_ui' retrieved from /home/airflow/.local/lib/python3.8/site-packages/airflow/example_dags/example_params_trigger_ui.py
[2025-04-28T13:35:14.230+0000] {logging_mixin.py:188} INFO - [2025-04-28T13:35:14.230+0000] {dag.py:3033} INFO - Sync 1 DAGs
[2025-04-28T13:35:14.259+0000] {logging_mixin.py:188} INFO - [2025-04-28T13:35:14.259+0000] {dag.py:3820} INFO - Setting next_dagrun for example_params_trigger_ui to None, run_after=None
[2025-04-28T13:35:14.309+0000] {processor.py:183} INFO - Processing /home/airflow/.local/lib/python3.8/site-packages/airflow/example_dags/example_params_trigger_ui.py took 0.225 seconds
[2025-04-28T13:35:44.374+0000] {processor.py:161} INFO - Started process (PID=16640) to work on /home/airflow/.local/lib/python3.8/site-packages/airflow/example_dags/example_params_trigger_ui.py
[2025-04-28T13:35:44.376+0000] {processor.py:830} INFO - Processing file /home/airflow/.local/lib/python3.8/site-packages/airflow/example_dags/example_params_trigger_ui.py for tasks to queue
[2025-04-28T13:35:44.378+0000] {logging_mixin.py:188} INFO - [2025-04-28T13:35:44.377+0000] {dagbag.py:538} INFO - Filling up the DagBag from /home/airflow/.local/lib/python3.8/site-packages/airflow/example_dags/example_params_trigger_ui.py
[2025-04-28T13:35:44.440+0000] {processor.py:840} INFO - DAG(s) 'example_params_trigger_ui' retrieved from /home/airflow/.local/lib/python3.8/site-packages/airflow/example_dags/example_params_trigger_ui.py
[2025-04-28T13:35:44.670+0000] {logging_mixin.py:188} INFO - [2025-04-28T13:35:44.669+0000] {dag.py:3033} INFO - Sync 1 DAGs
[2025-04-28T13:35:44.712+0000] {logging_mixin.py:188} INFO - [2025-04-28T13:35:44.712+0000] {dag.py:3820} INFO - Setting next_dagrun for example_params_trigger_ui to None, run_after=None
[2025-04-28T13:35:44.768+0000] {processor.py:183} INFO - Processing /home/airflow/.local/lib/python3.8/site-packages/airflow/example_dags/example_params_trigger_ui.py took 0.401 seconds
[2025-04-28T13:36:14.835+0000] {processor.py:161} INFO - Started process (PID=16695) to work on /home/airflow/.local/lib/python3.8/site-packages/airflow/example_dags/example_params_trigger_ui.py
[2025-04-28T13:36:14.837+0000] {processor.py:830} INFO - Processing file /home/airflow/.local/lib/python3.8/site-packages/airflow/example_dags/example_params_trigger_ui.py for tasks to queue
[2025-04-28T13:36:14.838+0000] {logging_mixin.py:188} INFO - [2025-04-28T13:36:14.837+0000] {dagbag.py:538} INFO - Filling up the DagBag from /home/airflow/.local/lib/python3.8/site-packages/airflow/example_dags/example_params_trigger_ui.py
[2025-04-28T13:36:14.857+0000] {processor.py:840} INFO - DAG(s) 'example_params_trigger_ui' retrieved from /home/airflow/.local/lib/python3.8/site-packages/airflow/example_dags/example_params_trigger_ui.py
[2025-04-28T13:36:14.973+0000] {logging_mixin.py:188} INFO - [2025-04-28T13:36:14.972+0000] {dag.py:3033} INFO - Sync 1 DAGs
[2025-04-28T13:36:14.989+0000] {logging_mixin.py:188} INFO - [2025-04-28T13:36:14.989+0000] {dag.py:3820} INFO - Setting next_dagrun for example_params_trigger_ui to None, run_after=None
[2025-04-28T13:36:15.015+0000] {processor.py:183} INFO - Processing /home/airflow/.local/lib/python3.8/site-packages/airflow/example_dags/example_params_trigger_ui.py took 0.185 seconds
[2025-04-28T13:36:45.094+0000] {processor.py:161} INFO - Started process (PID=16751) to work on /home/airflow/.local/lib/python3.8/site-packages/airflow/example_dags/example_params_trigger_ui.py
[2025-04-28T13:36:45.095+0000] {processor.py:830} INFO - Processing file /home/airflow/.local/lib/python3.8/site-packages/airflow/example_dags/example_params_trigger_ui.py for tasks to queue
[2025-04-28T13:36:45.096+0000] {logging_mixin.py:188} INFO - [2025-04-28T13:36:45.096+0000] {dagbag.py:538} INFO - Filling up the DagBag from /home/airflow/.local/lib/python3.8/site-packages/airflow/example_dags/example_params_trigger_ui.py
[2025-04-28T13:36:45.114+0000] {processor.py:840} INFO - DAG(s) 'example_params_trigger_ui' retrieved from /home/airflow/.local/lib/python3.8/site-packages/airflow/example_dags/example_params_trigger_ui.py
[2025-04-28T13:36:45.197+0000] {logging_mixin.py:188} INFO - [2025-04-28T13:36:45.196+0000] {dag.py:3033} INFO - Sync 1 DAGs
[2025-04-28T13:36:45.215+0000] {logging_mixin.py:188} INFO - [2025-04-28T13:36:45.215+0000] {dag.py:3820} INFO - Setting next_dagrun for example_params_trigger_ui to None, run_after=None
[2025-04-28T13:36:45.247+0000] {processor.py:183} INFO - Processing /home/airflow/.local/lib/python3.8/site-packages/airflow/example_dags/example_params_trigger_ui.py took 0.157 seconds
[2025-04-28T13:37:15.767+0000] {processor.py:161} INFO - Started process (PID=16807) to work on /home/airflow/.local/lib/python3.8/site-packages/airflow/example_dags/example_params_trigger_ui.py
[2025-04-28T13:37:15.769+0000] {processor.py:830} INFO - Processing file /home/airflow/.local/lib/python3.8/site-packages/airflow/example_dags/example_params_trigger_ui.py for tasks to queue
[2025-04-28T13:37:15.771+0000] {logging_mixin.py:188} INFO - [2025-04-28T13:37:15.771+0000] {dagbag.py:538} INFO - Filling up the DagBag from /home/airflow/.local/lib/python3.8/site-packages/airflow/example_dags/example_params_trigger_ui.py
[2025-04-28T13:37:15.864+0000] {processor.py:840} INFO - DAG(s) 'example_params_trigger_ui' retrieved from /home/airflow/.local/lib/python3.8/site-packages/airflow/example_dags/example_params_trigger_ui.py
[2025-04-28T13:37:16.161+0000] {logging_mixin.py:188} INFO - [2025-04-28T13:37:16.161+0000] {dag.py:3033} INFO - Sync 1 DAGs
[2025-04-28T13:37:16.222+0000] {logging_mixin.py:188} INFO - [2025-04-28T13:37:16.222+0000] {dag.py:3820} INFO - Setting next_dagrun for example_params_trigger_ui to None, run_after=None
[2025-04-28T13:37:16.336+0000] {processor.py:183} INFO - Processing /home/airflow/.local/lib/python3.8/site-packages/airflow/example_dags/example_params_trigger_ui.py took 0.580 seconds
[2025-04-28T13:37:46.671+0000] {processor.py:161} INFO - Started process (PID=16861) to work on /home/airflow/.local/lib/python3.8/site-packages/airflow/example_dags/example_params_trigger_ui.py
[2025-04-28T13:37:46.672+0000] {processor.py:830} INFO - Processing file /home/airflow/.local/lib/python3.8/site-packages/airflow/example_dags/example_params_trigger_ui.py for tasks to queue
[2025-04-28T13:37:46.674+0000] {logging_mixin.py:188} INFO - [2025-04-28T13:37:46.673+0000] {dagbag.py:538} INFO - Filling up the DagBag from /home/airflow/.local/lib/python3.8/site-packages/airflow/example_dags/example_params_trigger_ui.py
[2025-04-28T13:37:46.692+0000] {processor.py:840} INFO - DAG(s) 'example_params_trigger_ui' retrieved from /home/airflow/.local/lib/python3.8/site-packages/airflow/example_dags/example_params_trigger_ui.py
[2025-04-28T13:37:46.788+0000] {logging_mixin.py:188} INFO - [2025-04-28T13:37:46.788+0000] {dag.py:3033} INFO - Sync 1 DAGs
[2025-04-28T13:37:46.806+0000] {logging_mixin.py:188} INFO - [2025-04-28T13:37:46.805+0000] {dag.py:3820} INFO - Setting next_dagrun for example_params_trigger_ui to None, run_after=None
[2025-04-28T13:37:46.847+0000] {processor.py:183} INFO - Processing /home/airflow/.local/lib/python3.8/site-packages/airflow/example_dags/example_params_trigger_ui.py took 0.181 seconds
[2025-04-28T13:38:18.076+0000] {processor.py:161} INFO - Started process (PID=16914) to work on /home/airflow/.local/lib/python3.8/site-packages/airflow/example_dags/example_params_trigger_ui.py
[2025-04-28T13:38:18.078+0000] {processor.py:830} INFO - Processing file /home/airflow/.local/lib/python3.8/site-packages/airflow/example_dags/example_params_trigger_ui.py for tasks to queue
[2025-04-28T13:38:18.079+0000] {logging_mixin.py:188} INFO - [2025-04-28T13:38:18.079+0000] {dagbag.py:538} INFO - Filling up the DagBag from /home/airflow/.local/lib/python3.8/site-packages/airflow/example_dags/example_params_trigger_ui.py
[2025-04-28T13:38:18.099+0000] {processor.py:840} INFO - DAG(s) 'example_params_trigger_ui' retrieved from /home/airflow/.local/lib/python3.8/site-packages/airflow/example_dags/example_params_trigger_ui.py
[2025-04-28T13:38:18.232+0000] {logging_mixin.py:188} INFO - [2025-04-28T13:38:18.231+0000] {dag.py:3033} INFO - Sync 1 DAGs
[2025-04-28T13:38:18.252+0000] {logging_mixin.py:188} INFO - [2025-04-28T13:38:18.251+0000] {dag.py:3820} INFO - Setting next_dagrun for example_params_trigger_ui to None, run_after=None
[2025-04-28T13:38:18.277+0000] {processor.py:183} INFO - Processing /home/airflow/.local/lib/python3.8/site-packages/airflow/example_dags/example_params_trigger_ui.py took 0.205 seconds
[2025-04-28T13:38:51.119+0000] {processor.py:161} INFO - Started process (PID=16970) to work on /home/airflow/.local/lib/python3.8/site-packages/airflow/example_dags/example_params_trigger_ui.py
[2025-04-28T13:38:51.120+0000] {processor.py:830} INFO - Processing file /home/airflow/.local/lib/python3.8/site-packages/airflow/example_dags/example_params_trigger_ui.py for tasks to queue
[2025-04-28T13:38:51.121+0000] {logging_mixin.py:188} INFO - [2025-04-28T13:38:51.121+0000] {dagbag.py:538} INFO - Filling up the DagBag from /home/airflow/.local/lib/python3.8/site-packages/airflow/example_dags/example_params_trigger_ui.py
[2025-04-28T13:38:51.141+0000] {processor.py:840} INFO - DAG(s) 'example_params_trigger_ui' retrieved from /home/airflow/.local/lib/python3.8/site-packages/airflow/example_dags/example_params_trigger_ui.py
[2025-04-28T13:38:51.264+0000] {logging_mixin.py:188} INFO - [2025-04-28T13:38:51.263+0000] {dag.py:3033} INFO - Sync 1 DAGs
[2025-04-28T13:38:51.285+0000] {logging_mixin.py:188} INFO - [2025-04-28T13:38:51.284+0000] {dag.py:3820} INFO - Setting next_dagrun for example_params_trigger_ui to None, run_after=None
[2025-04-28T13:38:51.318+0000] {processor.py:183} INFO - Processing /home/airflow/.local/lib/python3.8/site-packages/airflow/example_dags/example_params_trigger_ui.py took 0.224 seconds
[2025-04-28T13:39:23.761+0000] {processor.py:161} INFO - Started process (PID=17026) to work on /home/airflow/.local/lib/python3.8/site-packages/airflow/example_dags/example_params_trigger_ui.py
[2025-04-28T13:39:23.762+0000] {processor.py:830} INFO - Processing file /home/airflow/.local/lib/python3.8/site-packages/airflow/example_dags/example_params_trigger_ui.py for tasks to queue
[2025-04-28T13:39:23.764+0000] {logging_mixin.py:188} INFO - [2025-04-28T13:39:23.763+0000] {dagbag.py:538} INFO - Filling up the DagBag from /home/airflow/.local/lib/python3.8/site-packages/airflow/example_dags/example_params_trigger_ui.py
[2025-04-28T13:39:23.794+0000] {processor.py:840} INFO - DAG(s) 'example_params_trigger_ui' retrieved from /home/airflow/.local/lib/python3.8/site-packages/airflow/example_dags/example_params_trigger_ui.py
[2025-04-28T13:39:23.906+0000] {logging_mixin.py:188} INFO - [2025-04-28T13:39:23.906+0000] {dag.py:3033} INFO - Sync 1 DAGs
[2025-04-28T13:39:23.928+0000] {logging_mixin.py:188} INFO - [2025-04-28T13:39:23.928+0000] {dag.py:3820} INFO - Setting next_dagrun for example_params_trigger_ui to None, run_after=None
[2025-04-28T13:39:23.957+0000] {processor.py:183} INFO - Processing /home/airflow/.local/lib/python3.8/site-packages/airflow/example_dags/example_params_trigger_ui.py took 0.201 seconds
[2025-04-28T13:39:55.809+0000] {processor.py:161} INFO - Started process (PID=17082) to work on /home/airflow/.local/lib/python3.8/site-packages/airflow/example_dags/example_params_trigger_ui.py
[2025-04-28T13:39:55.810+0000] {processor.py:830} INFO - Processing file /home/airflow/.local/lib/python3.8/site-packages/airflow/example_dags/example_params_trigger_ui.py for tasks to queue
[2025-04-28T13:39:55.812+0000] {logging_mixin.py:188} INFO - [2025-04-28T13:39:55.811+0000] {dagbag.py:538} INFO - Filling up the DagBag from /home/airflow/.local/lib/python3.8/site-packages/airflow/example_dags/example_params_trigger_ui.py
[2025-04-28T13:39:55.831+0000] {processor.py:840} INFO - DAG(s) 'example_params_trigger_ui' retrieved from /home/airflow/.local/lib/python3.8/site-packages/airflow/example_dags/example_params_trigger_ui.py
[2025-04-28T13:39:55.927+0000] {logging_mixin.py:188} INFO - [2025-04-28T13:39:55.926+0000] {dag.py:3033} INFO - Sync 1 DAGs
[2025-04-28T13:39:55.946+0000] {logging_mixin.py:188} INFO - [2025-04-28T13:39:55.946+0000] {dag.py:3820} INFO - Setting next_dagrun for example_params_trigger_ui to None, run_after=None
[2025-04-28T13:39:55.976+0000] {processor.py:183} INFO - Processing /home/airflow/.local/lib/python3.8/site-packages/airflow/example_dags/example_params_trigger_ui.py took 0.172 seconds
[2025-04-28T13:40:28.658+0000] {processor.py:161} INFO - Started process (PID=17140) to work on /home/airflow/.local/lib/python3.8/site-packages/airflow/example_dags/example_params_trigger_ui.py
[2025-04-28T13:40:28.660+0000] {processor.py:830} INFO - Processing file /home/airflow/.local/lib/python3.8/site-packages/airflow/example_dags/example_params_trigger_ui.py for tasks to queue
[2025-04-28T13:40:28.661+0000] {logging_mixin.py:188} INFO - [2025-04-28T13:40:28.661+0000] {dagbag.py:538} INFO - Filling up the DagBag from /home/airflow/.local/lib/python3.8/site-packages/airflow/example_dags/example_params_trigger_ui.py
[2025-04-28T13:40:28.686+0000] {processor.py:840} INFO - DAG(s) 'example_params_trigger_ui' retrieved from /home/airflow/.local/lib/python3.8/site-packages/airflow/example_dags/example_params_trigger_ui.py
[2025-04-28T13:40:28.792+0000] {logging_mixin.py:188} INFO - [2025-04-28T13:40:28.791+0000] {dag.py:3033} INFO - Sync 1 DAGs
[2025-04-28T13:40:28.812+0000] {logging_mixin.py:188} INFO - [2025-04-28T13:40:28.811+0000] {dag.py:3820} INFO - Setting next_dagrun for example_params_trigger_ui to None, run_after=None
[2025-04-28T13:40:28.841+0000] {processor.py:183} INFO - Processing /home/airflow/.local/lib/python3.8/site-packages/airflow/example_dags/example_params_trigger_ui.py took 0.188 seconds
[2025-04-28T13:41:02.088+0000] {processor.py:161} INFO - Started process (PID=17198) to work on /home/airflow/.local/lib/python3.8/site-packages/airflow/example_dags/example_params_trigger_ui.py
[2025-04-28T13:41:02.090+0000] {processor.py:830} INFO - Processing file /home/airflow/.local/lib/python3.8/site-packages/airflow/example_dags/example_params_trigger_ui.py for tasks to queue
[2025-04-28T13:41:02.091+0000] {logging_mixin.py:188} INFO - [2025-04-28T13:41:02.091+0000] {dagbag.py:538} INFO - Filling up the DagBag from /home/airflow/.local/lib/python3.8/site-packages/airflow/example_dags/example_params_trigger_ui.py
[2025-04-28T13:41:02.114+0000] {processor.py:840} INFO - DAG(s) 'example_params_trigger_ui' retrieved from /home/airflow/.local/lib/python3.8/site-packages/airflow/example_dags/example_params_trigger_ui.py
[2025-04-28T13:41:02.217+0000] {logging_mixin.py:188} INFO - [2025-04-28T13:41:02.217+0000] {dag.py:3033} INFO - Sync 1 DAGs
[2025-04-28T13:41:02.238+0000] {logging_mixin.py:188} INFO - [2025-04-28T13:41:02.238+0000] {dag.py:3820} INFO - Setting next_dagrun for example_params_trigger_ui to None, run_after=None
[2025-04-28T13:41:02.267+0000] {processor.py:183} INFO - Processing /home/airflow/.local/lib/python3.8/site-packages/airflow/example_dags/example_params_trigger_ui.py took 0.185 seconds
[2025-04-28T13:41:35.419+0000] {processor.py:161} INFO - Started process (PID=17254) to work on /home/airflow/.local/lib/python3.8/site-packages/airflow/example_dags/example_params_trigger_ui.py
[2025-04-28T13:41:35.420+0000] {processor.py:830} INFO - Processing file /home/airflow/.local/lib/python3.8/site-packages/airflow/example_dags/example_params_trigger_ui.py for tasks to queue
[2025-04-28T13:41:35.422+0000] {logging_mixin.py:188} INFO - [2025-04-28T13:41:35.421+0000] {dagbag.py:538} INFO - Filling up the DagBag from /home/airflow/.local/lib/python3.8/site-packages/airflow/example_dags/example_params_trigger_ui.py
[2025-04-28T13:41:35.440+0000] {processor.py:840} INFO - DAG(s) 'example_params_trigger_ui' retrieved from /home/airflow/.local/lib/python3.8/site-packages/airflow/example_dags/example_params_trigger_ui.py
[2025-04-28T13:41:35.558+0000] {logging_mixin.py:188} INFO - [2025-04-28T13:41:35.558+0000] {dag.py:3033} INFO - Sync 1 DAGs
[2025-04-28T13:41:35.580+0000] {logging_mixin.py:188} INFO - [2025-04-28T13:41:35.580+0000] {dag.py:3820} INFO - Setting next_dagrun for example_params_trigger_ui to None, run_after=None
[2025-04-28T13:41:35.613+0000] {processor.py:183} INFO - Processing /home/airflow/.local/lib/python3.8/site-packages/airflow/example_dags/example_params_trigger_ui.py took 0.199 seconds
[2025-04-28T13:42:08.027+0000] {processor.py:161} INFO - Started process (PID=17310) to work on /home/airflow/.local/lib/python3.8/site-packages/airflow/example_dags/example_params_trigger_ui.py
[2025-04-28T13:42:08.029+0000] {processor.py:830} INFO - Processing file /home/airflow/.local/lib/python3.8/site-packages/airflow/example_dags/example_params_trigger_ui.py for tasks to queue
[2025-04-28T13:42:08.030+0000] {logging_mixin.py:188} INFO - [2025-04-28T13:42:08.029+0000] {dagbag.py:538} INFO - Filling up the DagBag from /home/airflow/.local/lib/python3.8/site-packages/airflow/example_dags/example_params_trigger_ui.py
[2025-04-28T13:42:08.047+0000] {processor.py:840} INFO - DAG(s) 'example_params_trigger_ui' retrieved from /home/airflow/.local/lib/python3.8/site-packages/airflow/example_dags/example_params_trigger_ui.py
[2025-04-28T13:42:08.122+0000] {logging_mixin.py:188} INFO - [2025-04-28T13:42:08.121+0000] {dag.py:3033} INFO - Sync 1 DAGs
[2025-04-28T13:42:08.137+0000] {logging_mixin.py:188} INFO - [2025-04-28T13:42:08.137+0000] {dag.py:3820} INFO - Setting next_dagrun for example_params_trigger_ui to None, run_after=None
[2025-04-28T13:42:08.165+0000] {processor.py:183} INFO - Processing /home/airflow/.local/lib/python3.8/site-packages/airflow/example_dags/example_params_trigger_ui.py took 0.142 seconds
[2025-04-28T13:42:40.766+0000] {processor.py:161} INFO - Started process (PID=17366) to work on /home/airflow/.local/lib/python3.8/site-packages/airflow/example_dags/example_params_trigger_ui.py
[2025-04-28T13:42:40.768+0000] {processor.py:830} INFO - Processing file /home/airflow/.local/lib/python3.8/site-packages/airflow/example_dags/example_params_trigger_ui.py for tasks to queue
[2025-04-28T13:42:40.770+0000] {logging_mixin.py:188} INFO - [2025-04-28T13:42:40.769+0000] {dagbag.py:538} INFO - Filling up the DagBag from /home/airflow/.local/lib/python3.8/site-packages/airflow/example_dags/example_params_trigger_ui.py
[2025-04-28T13:42:40.803+0000] {processor.py:840} INFO - DAG(s) 'example_params_trigger_ui' retrieved from /home/airflow/.local/lib/python3.8/site-packages/airflow/example_dags/example_params_trigger_ui.py
[2025-04-28T13:42:40.954+0000] {logging_mixin.py:188} INFO - [2025-04-28T13:42:40.954+0000] {dag.py:3033} INFO - Sync 1 DAGs
[2025-04-28T13:42:40.981+0000] {logging_mixin.py:188} INFO - [2025-04-28T13:42:40.981+0000] {dag.py:3820} INFO - Setting next_dagrun for example_params_trigger_ui to None, run_after=None
[2025-04-28T13:42:41.034+0000] {processor.py:183} INFO - Processing /home/airflow/.local/lib/python3.8/site-packages/airflow/example_dags/example_params_trigger_ui.py took 0.274 seconds
[2025-04-28T13:43:15.005+0000] {processor.py:161} INFO - Started process (PID=17422) to work on /home/airflow/.local/lib/python3.8/site-packages/airflow/example_dags/example_params_trigger_ui.py
[2025-04-28T13:43:15.006+0000] {processor.py:830} INFO - Processing file /home/airflow/.local/lib/python3.8/site-packages/airflow/example_dags/example_params_trigger_ui.py for tasks to queue
[2025-04-28T13:43:15.008+0000] {logging_mixin.py:188} INFO - [2025-04-28T13:43:15.007+0000] {dagbag.py:538} INFO - Filling up the DagBag from /home/airflow/.local/lib/python3.8/site-packages/airflow/example_dags/example_params_trigger_ui.py
[2025-04-28T13:43:15.035+0000] {processor.py:840} INFO - DAG(s) 'example_params_trigger_ui' retrieved from /home/airflow/.local/lib/python3.8/site-packages/airflow/example_dags/example_params_trigger_ui.py
[2025-04-28T13:43:15.142+0000] {logging_mixin.py:188} INFO - [2025-04-28T13:43:15.141+0000] {dag.py:3033} INFO - Sync 1 DAGs
[2025-04-28T13:43:15.165+0000] {logging_mixin.py:188} INFO - [2025-04-28T13:43:15.165+0000] {dag.py:3820} INFO - Setting next_dagrun for example_params_trigger_ui to None, run_after=None
[2025-04-28T13:43:15.206+0000] {processor.py:183} INFO - Processing /home/airflow/.local/lib/python3.8/site-packages/airflow/example_dags/example_params_trigger_ui.py took 0.206 seconds
[2025-04-28T13:43:45.501+0000] {processor.py:161} INFO - Started process (PID=17479) to work on /home/airflow/.local/lib/python3.8/site-packages/airflow/example_dags/example_params_trigger_ui.py
[2025-04-28T13:43:45.503+0000] {processor.py:830} INFO - Processing file /home/airflow/.local/lib/python3.8/site-packages/airflow/example_dags/example_params_trigger_ui.py for tasks to queue
[2025-04-28T13:43:45.504+0000] {logging_mixin.py:188} INFO - [2025-04-28T13:43:45.504+0000] {dagbag.py:538} INFO - Filling up the DagBag from /home/airflow/.local/lib/python3.8/site-packages/airflow/example_dags/example_params_trigger_ui.py
[2025-04-28T13:43:45.529+0000] {processor.py:840} INFO - DAG(s) 'example_params_trigger_ui' retrieved from /home/airflow/.local/lib/python3.8/site-packages/airflow/example_dags/example_params_trigger_ui.py
[2025-04-28T13:43:45.624+0000] {logging_mixin.py:188} INFO - [2025-04-28T13:43:45.623+0000] {dag.py:3033} INFO - Sync 1 DAGs
[2025-04-28T13:43:45.643+0000] {logging_mixin.py:188} INFO - [2025-04-28T13:43:45.643+0000] {dag.py:3820} INFO - Setting next_dagrun for example_params_trigger_ui to None, run_after=None
[2025-04-28T13:43:45.675+0000] {processor.py:183} INFO - Processing /home/airflow/.local/lib/python3.8/site-packages/airflow/example_dags/example_params_trigger_ui.py took 0.179 seconds
[2025-04-28T13:44:21.742+0000] {processor.py:161} INFO - Started process (PID=17543) to work on /home/airflow/.local/lib/python3.8/site-packages/airflow/example_dags/example_params_trigger_ui.py
[2025-04-28T13:44:21.744+0000] {processor.py:830} INFO - Processing file /home/airflow/.local/lib/python3.8/site-packages/airflow/example_dags/example_params_trigger_ui.py for tasks to queue
[2025-04-28T13:44:21.745+0000] {logging_mixin.py:188} INFO - [2025-04-28T13:44:21.745+0000] {dagbag.py:538} INFO - Filling up the DagBag from /home/airflow/.local/lib/python3.8/site-packages/airflow/example_dags/example_params_trigger_ui.py
[2025-04-28T13:44:21.771+0000] {processor.py:840} INFO - DAG(s) 'example_params_trigger_ui' retrieved from /home/airflow/.local/lib/python3.8/site-packages/airflow/example_dags/example_params_trigger_ui.py
[2025-04-28T13:44:21.920+0000] {logging_mixin.py:188} INFO - [2025-04-28T13:44:21.920+0000] {dag.py:3033} INFO - Sync 1 DAGs
[2025-04-28T13:44:21.941+0000] {logging_mixin.py:188} INFO - [2025-04-28T13:44:21.941+0000] {dag.py:3820} INFO - Setting next_dagrun for example_params_trigger_ui to None, run_after=None
[2025-04-28T13:44:21.993+0000] {processor.py:183} INFO - Processing /home/airflow/.local/lib/python3.8/site-packages/airflow/example_dags/example_params_trigger_ui.py took 0.257 seconds
[2025-04-28T13:44:53.554+0000] {processor.py:161} INFO - Started process (PID=17599) to work on /home/airflow/.local/lib/python3.8/site-packages/airflow/example_dags/example_params_trigger_ui.py
[2025-04-28T13:44:53.556+0000] {processor.py:830} INFO - Processing file /home/airflow/.local/lib/python3.8/site-packages/airflow/example_dags/example_params_trigger_ui.py for tasks to queue
[2025-04-28T13:44:53.557+0000] {logging_mixin.py:188} INFO - [2025-04-28T13:44:53.557+0000] {dagbag.py:538} INFO - Filling up the DagBag from /home/airflow/.local/lib/python3.8/site-packages/airflow/example_dags/example_params_trigger_ui.py
[2025-04-28T13:44:53.599+0000] {processor.py:840} INFO - DAG(s) 'example_params_trigger_ui' retrieved from /home/airflow/.local/lib/python3.8/site-packages/airflow/example_dags/example_params_trigger_ui.py
[2025-04-28T13:44:53.761+0000] {logging_mixin.py:188} INFO - [2025-04-28T13:44:53.761+0000] {dag.py:3033} INFO - Sync 1 DAGs
[2025-04-28T13:44:53.783+0000] {logging_mixin.py:188} INFO - [2025-04-28T13:44:53.782+0000] {dag.py:3820} INFO - Setting next_dagrun for example_params_trigger_ui to None, run_after=None
[2025-04-28T13:44:53.831+0000] {processor.py:183} INFO - Processing /home/airflow/.local/lib/python3.8/site-packages/airflow/example_dags/example_params_trigger_ui.py took 0.281 seconds
[2025-04-28T13:45:29.450+0000] {processor.py:161} INFO - Started process (PID=17664) to work on /home/airflow/.local/lib/python3.8/site-packages/airflow/example_dags/example_params_trigger_ui.py
[2025-04-28T13:45:29.451+0000] {processor.py:830} INFO - Processing file /home/airflow/.local/lib/python3.8/site-packages/airflow/example_dags/example_params_trigger_ui.py for tasks to queue
[2025-04-28T13:45:29.453+0000] {logging_mixin.py:188} INFO - [2025-04-28T13:45:29.452+0000] {dagbag.py:538} INFO - Filling up the DagBag from /home/airflow/.local/lib/python3.8/site-packages/airflow/example_dags/example_params_trigger_ui.py
[2025-04-28T13:45:29.474+0000] {processor.py:840} INFO - DAG(s) 'example_params_trigger_ui' retrieved from /home/airflow/.local/lib/python3.8/site-packages/airflow/example_dags/example_params_trigger_ui.py
[2025-04-28T13:45:29.579+0000] {logging_mixin.py:188} INFO - [2025-04-28T13:45:29.579+0000] {dag.py:3033} INFO - Sync 1 DAGs
[2025-04-28T13:45:29.744+0000] {logging_mixin.py:188} INFO - [2025-04-28T13:45:29.744+0000] {dag.py:3820} INFO - Setting next_dagrun for example_params_trigger_ui to None, run_after=None
[2025-04-28T13:45:29.770+0000] {processor.py:183} INFO - Processing /home/airflow/.local/lib/python3.8/site-packages/airflow/example_dags/example_params_trigger_ui.py took 0.325 seconds
[2025-04-28T13:46:00.236+0000] {processor.py:161} INFO - Started process (PID=17721) to work on /home/airflow/.local/lib/python3.8/site-packages/airflow/example_dags/example_params_trigger_ui.py
[2025-04-28T13:46:00.237+0000] {processor.py:830} INFO - Processing file /home/airflow/.local/lib/python3.8/site-packages/airflow/example_dags/example_params_trigger_ui.py for tasks to queue
[2025-04-28T13:46:00.239+0000] {logging_mixin.py:188} INFO - [2025-04-28T13:46:00.238+0000] {dagbag.py:538} INFO - Filling up the DagBag from /home/airflow/.local/lib/python3.8/site-packages/airflow/example_dags/example_params_trigger_ui.py
[2025-04-28T13:46:00.266+0000] {processor.py:840} INFO - DAG(s) 'example_params_trigger_ui' retrieved from /home/airflow/.local/lib/python3.8/site-packages/airflow/example_dags/example_params_trigger_ui.py
[2025-04-28T13:46:00.370+0000] {logging_mixin.py:188} INFO - [2025-04-28T13:46:00.370+0000] {dag.py:3033} INFO - Sync 1 DAGs
[2025-04-28T13:46:00.389+0000] {logging_mixin.py:188} INFO - [2025-04-28T13:46:00.389+0000] {dag.py:3820} INFO - Setting next_dagrun for example_params_trigger_ui to None, run_after=None
[2025-04-28T13:46:00.568+0000] {processor.py:183} INFO - Processing /home/airflow/.local/lib/python3.8/site-packages/airflow/example_dags/example_params_trigger_ui.py took 0.336 seconds
[2025-04-28T13:46:32.104+0000] {processor.py:161} INFO - Started process (PID=17778) to work on /home/airflow/.local/lib/python3.8/site-packages/airflow/example_dags/example_params_trigger_ui.py
[2025-04-28T13:46:32.106+0000] {processor.py:830} INFO - Processing file /home/airflow/.local/lib/python3.8/site-packages/airflow/example_dags/example_params_trigger_ui.py for tasks to queue
[2025-04-28T13:46:32.109+0000] {logging_mixin.py:188} INFO - [2025-04-28T13:46:32.108+0000] {dagbag.py:538} INFO - Filling up the DagBag from /home/airflow/.local/lib/python3.8/site-packages/airflow/example_dags/example_params_trigger_ui.py
[2025-04-28T13:46:32.142+0000] {processor.py:840} INFO - DAG(s) 'example_params_trigger_ui' retrieved from /home/airflow/.local/lib/python3.8/site-packages/airflow/example_dags/example_params_trigger_ui.py
[2025-04-28T13:46:32.307+0000] {logging_mixin.py:188} INFO - [2025-04-28T13:46:32.306+0000] {dag.py:3033} INFO - Sync 1 DAGs
[2025-04-28T13:46:32.336+0000] {logging_mixin.py:188} INFO - [2025-04-28T13:46:32.336+0000] {dag.py:3820} INFO - Setting next_dagrun for example_params_trigger_ui to None, run_after=None
[2025-04-28T13:46:32.378+0000] {processor.py:183} INFO - Processing /home/airflow/.local/lib/python3.8/site-packages/airflow/example_dags/example_params_trigger_ui.py took 0.281 seconds
[2025-04-28T13:47:08.299+0000] {processor.py:161} INFO - Started process (PID=17835) to work on /home/airflow/.local/lib/python3.8/site-packages/airflow/example_dags/example_params_trigger_ui.py
[2025-04-28T13:47:08.300+0000] {processor.py:830} INFO - Processing file /home/airflow/.local/lib/python3.8/site-packages/airflow/example_dags/example_params_trigger_ui.py for tasks to queue
[2025-04-28T13:47:08.302+0000] {logging_mixin.py:188} INFO - [2025-04-28T13:47:08.301+0000] {dagbag.py:538} INFO - Filling up the DagBag from /home/airflow/.local/lib/python3.8/site-packages/airflow/example_dags/example_params_trigger_ui.py
[2025-04-28T13:47:08.320+0000] {processor.py:840} INFO - DAG(s) 'example_params_trigger_ui' retrieved from /home/airflow/.local/lib/python3.8/site-packages/airflow/example_dags/example_params_trigger_ui.py
[2025-04-28T13:47:08.528+0000] {logging_mixin.py:188} INFO - [2025-04-28T13:47:08.527+0000] {dag.py:3033} INFO - Sync 1 DAGs
[2025-04-28T13:47:08.542+0000] {logging_mixin.py:188} INFO - [2025-04-28T13:47:08.541+0000] {dag.py:3820} INFO - Setting next_dagrun for example_params_trigger_ui to None, run_after=None
[2025-04-28T13:47:08.578+0000] {processor.py:183} INFO - Processing /home/airflow/.local/lib/python3.8/site-packages/airflow/example_dags/example_params_trigger_ui.py took 0.284 seconds
[2025-04-28T13:47:39.715+0000] {processor.py:161} INFO - Started process (PID=17892) to work on /home/airflow/.local/lib/python3.8/site-packages/airflow/example_dags/example_params_trigger_ui.py
[2025-04-28T13:47:39.717+0000] {processor.py:830} INFO - Processing file /home/airflow/.local/lib/python3.8/site-packages/airflow/example_dags/example_params_trigger_ui.py for tasks to queue
[2025-04-28T13:47:39.722+0000] {logging_mixin.py:188} INFO - [2025-04-28T13:47:39.721+0000] {dagbag.py:538} INFO - Filling up the DagBag from /home/airflow/.local/lib/python3.8/site-packages/airflow/example_dags/example_params_trigger_ui.py
[2025-04-28T13:47:39.775+0000] {processor.py:840} INFO - DAG(s) 'example_params_trigger_ui' retrieved from /home/airflow/.local/lib/python3.8/site-packages/airflow/example_dags/example_params_trigger_ui.py
[2025-04-28T13:47:40.015+0000] {logging_mixin.py:188} INFO - [2025-04-28T13:47:40.015+0000] {dag.py:3033} INFO - Sync 1 DAGs
[2025-04-28T13:47:40.333+0000] {logging_mixin.py:188} INFO - [2025-04-28T13:47:40.332+0000] {dag.py:3820} INFO - Setting next_dagrun for example_params_trigger_ui to None, run_after=None
[2025-04-28T13:47:40.370+0000] {processor.py:183} INFO - Processing /home/airflow/.local/lib/python3.8/site-packages/airflow/example_dags/example_params_trigger_ui.py took 0.662 seconds
[2025-04-28T13:48:13.564+0000] {processor.py:161} INFO - Started process (PID=17948) to work on /home/airflow/.local/lib/python3.8/site-packages/airflow/example_dags/example_params_trigger_ui.py
[2025-04-28T13:48:13.565+0000] {processor.py:830} INFO - Processing file /home/airflow/.local/lib/python3.8/site-packages/airflow/example_dags/example_params_trigger_ui.py for tasks to queue
[2025-04-28T13:48:13.567+0000] {logging_mixin.py:188} INFO - [2025-04-28T13:48:13.567+0000] {dagbag.py:538} INFO - Filling up the DagBag from /home/airflow/.local/lib/python3.8/site-packages/airflow/example_dags/example_params_trigger_ui.py
[2025-04-28T13:48:13.594+0000] {processor.py:840} INFO - DAG(s) 'example_params_trigger_ui' retrieved from /home/airflow/.local/lib/python3.8/site-packages/airflow/example_dags/example_params_trigger_ui.py
[2025-04-28T13:48:13.721+0000] {logging_mixin.py:188} INFO - [2025-04-28T13:48:13.720+0000] {dag.py:3033} INFO - Sync 1 DAGs
[2025-04-28T13:48:13.746+0000] {logging_mixin.py:188} INFO - [2025-04-28T13:48:13.745+0000] {dag.py:3820} INFO - Setting next_dagrun for example_params_trigger_ui to None, run_after=None
[2025-04-28T13:48:13.778+0000] {processor.py:183} INFO - Processing /home/airflow/.local/lib/python3.8/site-packages/airflow/example_dags/example_params_trigger_ui.py took 0.220 seconds
[2025-04-28T13:48:44.959+0000] {processor.py:161} INFO - Started process (PID=18004) to work on /home/airflow/.local/lib/python3.8/site-packages/airflow/example_dags/example_params_trigger_ui.py
[2025-04-28T13:48:44.960+0000] {processor.py:830} INFO - Processing file /home/airflow/.local/lib/python3.8/site-packages/airflow/example_dags/example_params_trigger_ui.py for tasks to queue
[2025-04-28T13:48:44.962+0000] {logging_mixin.py:188} INFO - [2025-04-28T13:48:44.962+0000] {dagbag.py:538} INFO - Filling up the DagBag from /home/airflow/.local/lib/python3.8/site-packages/airflow/example_dags/example_params_trigger_ui.py
[2025-04-28T13:48:44.998+0000] {processor.py:840} INFO - DAG(s) 'example_params_trigger_ui' retrieved from /home/airflow/.local/lib/python3.8/site-packages/airflow/example_dags/example_params_trigger_ui.py
[2025-04-28T13:48:45.117+0000] {logging_mixin.py:188} INFO - [2025-04-28T13:48:45.116+0000] {dag.py:3033} INFO - Sync 1 DAGs
[2025-04-28T13:48:45.141+0000] {logging_mixin.py:188} INFO - [2025-04-28T13:48:45.141+0000] {dag.py:3820} INFO - Setting next_dagrun for example_params_trigger_ui to None, run_after=None
[2025-04-28T13:48:45.212+0000] {processor.py:183} INFO - Processing /home/airflow/.local/lib/python3.8/site-packages/airflow/example_dags/example_params_trigger_ui.py took 0.258 seconds
[2025-04-28T13:49:15.543+0000] {processor.py:161} INFO - Started process (PID=18061) to work on /home/airflow/.local/lib/python3.8/site-packages/airflow/example_dags/example_params_trigger_ui.py
[2025-04-28T13:49:15.544+0000] {processor.py:830} INFO - Processing file /home/airflow/.local/lib/python3.8/site-packages/airflow/example_dags/example_params_trigger_ui.py for tasks to queue
[2025-04-28T13:49:15.546+0000] {logging_mixin.py:188} INFO - [2025-04-28T13:49:15.545+0000] {dagbag.py:538} INFO - Filling up the DagBag from /home/airflow/.local/lib/python3.8/site-packages/airflow/example_dags/example_params_trigger_ui.py
[2025-04-28T13:49:15.570+0000] {processor.py:840} INFO - DAG(s) 'example_params_trigger_ui' retrieved from /home/airflow/.local/lib/python3.8/site-packages/airflow/example_dags/example_params_trigger_ui.py
[2025-04-28T13:49:15.694+0000] {logging_mixin.py:188} INFO - [2025-04-28T13:49:15.694+0000] {dag.py:3033} INFO - Sync 1 DAGs
[2025-04-28T13:49:15.715+0000] {logging_mixin.py:188} INFO - [2025-04-28T13:49:15.715+0000] {dag.py:3820} INFO - Setting next_dagrun for example_params_trigger_ui to None, run_after=None
[2025-04-28T13:49:15.746+0000] {processor.py:183} INFO - Processing /home/airflow/.local/lib/python3.8/site-packages/airflow/example_dags/example_params_trigger_ui.py took 0.208 seconds
[2025-04-28T13:49:48.438+0000] {processor.py:161} INFO - Started process (PID=18117) to work on /home/airflow/.local/lib/python3.8/site-packages/airflow/example_dags/example_params_trigger_ui.py
[2025-04-28T13:49:48.439+0000] {processor.py:830} INFO - Processing file /home/airflow/.local/lib/python3.8/site-packages/airflow/example_dags/example_params_trigger_ui.py for tasks to queue
[2025-04-28T13:49:48.441+0000] {logging_mixin.py:188} INFO - [2025-04-28T13:49:48.440+0000] {dagbag.py:538} INFO - Filling up the DagBag from /home/airflow/.local/lib/python3.8/site-packages/airflow/example_dags/example_params_trigger_ui.py
[2025-04-28T13:49:48.468+0000] {processor.py:840} INFO - DAG(s) 'example_params_trigger_ui' retrieved from /home/airflow/.local/lib/python3.8/site-packages/airflow/example_dags/example_params_trigger_ui.py
[2025-04-28T13:49:48.599+0000] {logging_mixin.py:188} INFO - [2025-04-28T13:49:48.598+0000] {dag.py:3033} INFO - Sync 1 DAGs
[2025-04-28T13:49:48.616+0000] {logging_mixin.py:188} INFO - [2025-04-28T13:49:48.616+0000] {dag.py:3820} INFO - Setting next_dagrun for example_params_trigger_ui to None, run_after=None
[2025-04-28T13:49:48.648+0000] {processor.py:183} INFO - Processing /home/airflow/.local/lib/python3.8/site-packages/airflow/example_dags/example_params_trigger_ui.py took 0.215 seconds
[2025-04-28T13:50:21.769+0000] {processor.py:161} INFO - Started process (PID=18173) to work on /home/airflow/.local/lib/python3.8/site-packages/airflow/example_dags/example_params_trigger_ui.py
[2025-04-28T13:50:21.771+0000] {processor.py:830} INFO - Processing file /home/airflow/.local/lib/python3.8/site-packages/airflow/example_dags/example_params_trigger_ui.py for tasks to queue
[2025-04-28T13:50:21.772+0000] {logging_mixin.py:188} INFO - [2025-04-28T13:50:21.772+0000] {dagbag.py:538} INFO - Filling up the DagBag from /home/airflow/.local/lib/python3.8/site-packages/airflow/example_dags/example_params_trigger_ui.py
[2025-04-28T13:50:21.796+0000] {processor.py:840} INFO - DAG(s) 'example_params_trigger_ui' retrieved from /home/airflow/.local/lib/python3.8/site-packages/airflow/example_dags/example_params_trigger_ui.py
[2025-04-28T13:50:21.907+0000] {logging_mixin.py:188} INFO - [2025-04-28T13:50:21.907+0000] {dag.py:3033} INFO - Sync 1 DAGs
[2025-04-28T13:50:21.937+0000] {logging_mixin.py:188} INFO - [2025-04-28T13:50:21.936+0000] {dag.py:3820} INFO - Setting next_dagrun for example_params_trigger_ui to None, run_after=None
[2025-04-28T13:50:21.972+0000] {processor.py:183} INFO - Processing /home/airflow/.local/lib/python3.8/site-packages/airflow/example_dags/example_params_trigger_ui.py took 0.208 seconds
[2025-04-28T13:50:54.206+0000] {processor.py:161} INFO - Started process (PID=18229) to work on /home/airflow/.local/lib/python3.8/site-packages/airflow/example_dags/example_params_trigger_ui.py
[2025-04-28T13:50:54.207+0000] {processor.py:830} INFO - Processing file /home/airflow/.local/lib/python3.8/site-packages/airflow/example_dags/example_params_trigger_ui.py for tasks to queue
[2025-04-28T13:50:54.209+0000] {logging_mixin.py:188} INFO - [2025-04-28T13:50:54.209+0000] {dagbag.py:538} INFO - Filling up the DagBag from /home/airflow/.local/lib/python3.8/site-packages/airflow/example_dags/example_params_trigger_ui.py
[2025-04-28T13:50:54.244+0000] {processor.py:840} INFO - DAG(s) 'example_params_trigger_ui' retrieved from /home/airflow/.local/lib/python3.8/site-packages/airflow/example_dags/example_params_trigger_ui.py
[2025-04-28T13:50:54.406+0000] {logging_mixin.py:188} INFO - [2025-04-28T13:50:54.406+0000] {dag.py:3033} INFO - Sync 1 DAGs
[2025-04-28T13:50:54.431+0000] {logging_mixin.py:188} INFO - [2025-04-28T13:50:54.431+0000] {dag.py:3820} INFO - Setting next_dagrun for example_params_trigger_ui to None, run_after=None
[2025-04-28T13:50:54.493+0000] {processor.py:183} INFO - Processing /home/airflow/.local/lib/python3.8/site-packages/airflow/example_dags/example_params_trigger_ui.py took 0.293 seconds
[2025-04-28T13:51:27.839+0000] {processor.py:161} INFO - Started process (PID=18285) to work on /home/airflow/.local/lib/python3.8/site-packages/airflow/example_dags/example_params_trigger_ui.py
[2025-04-28T13:51:27.841+0000] {processor.py:830} INFO - Processing file /home/airflow/.local/lib/python3.8/site-packages/airflow/example_dags/example_params_trigger_ui.py for tasks to queue
[2025-04-28T13:51:27.846+0000] {logging_mixin.py:188} INFO - [2025-04-28T13:51:27.846+0000] {dagbag.py:538} INFO - Filling up the DagBag from /home/airflow/.local/lib/python3.8/site-packages/airflow/example_dags/example_params_trigger_ui.py
[2025-04-28T13:51:27.889+0000] {processor.py:840} INFO - DAG(s) 'example_params_trigger_ui' retrieved from /home/airflow/.local/lib/python3.8/site-packages/airflow/example_dags/example_params_trigger_ui.py
[2025-04-28T13:51:28.001+0000] {logging_mixin.py:188} INFO - [2025-04-28T13:51:28.001+0000] {dag.py:3033} INFO - Sync 1 DAGs
[2025-04-28T13:51:28.020+0000] {logging_mixin.py:188} INFO - [2025-04-28T13:51:28.020+0000] {dag.py:3820} INFO - Setting next_dagrun for example_params_trigger_ui to None, run_after=None
[2025-04-28T13:51:28.076+0000] {processor.py:183} INFO - Processing /home/airflow/.local/lib/python3.8/site-packages/airflow/example_dags/example_params_trigger_ui.py took 0.244 seconds
[2025-04-28T13:51:59.429+0000] {processor.py:161} INFO - Started process (PID=18341) to work on /home/airflow/.local/lib/python3.8/site-packages/airflow/example_dags/example_params_trigger_ui.py
[2025-04-28T13:51:59.430+0000] {processor.py:830} INFO - Processing file /home/airflow/.local/lib/python3.8/site-packages/airflow/example_dags/example_params_trigger_ui.py for tasks to queue
[2025-04-28T13:51:59.432+0000] {logging_mixin.py:188} INFO - [2025-04-28T13:51:59.431+0000] {dagbag.py:538} INFO - Filling up the DagBag from /home/airflow/.local/lib/python3.8/site-packages/airflow/example_dags/example_params_trigger_ui.py
[2025-04-28T13:51:59.452+0000] {processor.py:840} INFO - DAG(s) 'example_params_trigger_ui' retrieved from /home/airflow/.local/lib/python3.8/site-packages/airflow/example_dags/example_params_trigger_ui.py
[2025-04-28T13:51:59.552+0000] {logging_mixin.py:188} INFO - [2025-04-28T13:51:59.552+0000] {dag.py:3033} INFO - Sync 1 DAGs
[2025-04-28T13:51:59.573+0000] {logging_mixin.py:188} INFO - [2025-04-28T13:51:59.573+0000] {dag.py:3820} INFO - Setting next_dagrun for example_params_trigger_ui to None, run_after=None
[2025-04-28T13:51:59.599+0000] {processor.py:183} INFO - Processing /home/airflow/.local/lib/python3.8/site-packages/airflow/example_dags/example_params_trigger_ui.py took 0.174 seconds
[2025-04-28T13:52:32.447+0000] {processor.py:161} INFO - Started process (PID=18397) to work on /home/airflow/.local/lib/python3.8/site-packages/airflow/example_dags/example_params_trigger_ui.py
[2025-04-28T13:52:32.448+0000] {processor.py:830} INFO - Processing file /home/airflow/.local/lib/python3.8/site-packages/airflow/example_dags/example_params_trigger_ui.py for tasks to queue
[2025-04-28T13:52:32.450+0000] {logging_mixin.py:188} INFO - [2025-04-28T13:52:32.449+0000] {dagbag.py:538} INFO - Filling up the DagBag from /home/airflow/.local/lib/python3.8/site-packages/airflow/example_dags/example_params_trigger_ui.py
[2025-04-28T13:52:32.484+0000] {processor.py:840} INFO - DAG(s) 'example_params_trigger_ui' retrieved from /home/airflow/.local/lib/python3.8/site-packages/airflow/example_dags/example_params_trigger_ui.py
[2025-04-28T13:52:32.628+0000] {logging_mixin.py:188} INFO - [2025-04-28T13:52:32.628+0000] {dag.py:3033} INFO - Sync 1 DAGs
[2025-04-28T13:52:32.654+0000] {logging_mixin.py:188} INFO - [2025-04-28T13:52:32.654+0000] {dag.py:3820} INFO - Setting next_dagrun for example_params_trigger_ui to None, run_after=None
[2025-04-28T13:52:32.697+0000] {processor.py:183} INFO - Processing /home/airflow/.local/lib/python3.8/site-packages/airflow/example_dags/example_params_trigger_ui.py took 0.257 seconds
[2025-04-28T13:54:55.107+0000] {processor.py:161} INFO - Started process (PID=97) to work on /home/airflow/.local/lib/python3.8/site-packages/airflow/example_dags/example_params_trigger_ui.py
[2025-04-28T13:54:55.109+0000] {processor.py:830} INFO - Processing file /home/airflow/.local/lib/python3.8/site-packages/airflow/example_dags/example_params_trigger_ui.py for tasks to queue
[2025-04-28T13:54:55.120+0000] {logging_mixin.py:188} INFO - [2025-04-28T13:54:55.113+0000] {dagbag.py:538} INFO - Filling up the DagBag from /home/airflow/.local/lib/python3.8/site-packages/airflow/example_dags/example_params_trigger_ui.py
[2025-04-28T13:54:55.156+0000] {processor.py:840} INFO - DAG(s) 'example_params_trigger_ui' retrieved from /home/airflow/.local/lib/python3.8/site-packages/airflow/example_dags/example_params_trigger_ui.py
[2025-04-28T13:54:55.459+0000] {logging_mixin.py:188} INFO - [2025-04-28T13:54:55.458+0000] {dag.py:3033} INFO - Sync 1 DAGs
[2025-04-28T13:54:55.483+0000] {logging_mixin.py:188} INFO - [2025-04-28T13:54:55.482+0000] {dag.py:3820} INFO - Setting next_dagrun for example_params_trigger_ui to None, run_after=None
[2025-04-28T13:54:55.519+0000] {processor.py:183} INFO - Processing /home/airflow/.local/lib/python3.8/site-packages/airflow/example_dags/example_params_trigger_ui.py took 0.423 seconds
[2025-04-28T13:55:25.670+0000] {processor.py:161} INFO - Started process (PID=153) to work on /home/airflow/.local/lib/python3.8/site-packages/airflow/example_dags/example_params_trigger_ui.py
[2025-04-28T13:55:25.672+0000] {processor.py:830} INFO - Processing file /home/airflow/.local/lib/python3.8/site-packages/airflow/example_dags/example_params_trigger_ui.py for tasks to queue
[2025-04-28T13:55:25.675+0000] {logging_mixin.py:188} INFO - [2025-04-28T13:55:25.675+0000] {dagbag.py:538} INFO - Filling up the DagBag from /home/airflow/.local/lib/python3.8/site-packages/airflow/example_dags/example_params_trigger_ui.py
[2025-04-28T13:55:25.699+0000] {processor.py:840} INFO - DAG(s) 'example_params_trigger_ui' retrieved from /home/airflow/.local/lib/python3.8/site-packages/airflow/example_dags/example_params_trigger_ui.py
[2025-04-28T13:55:25.787+0000] {logging_mixin.py:188} INFO - [2025-04-28T13:55:25.787+0000] {dag.py:3033} INFO - Sync 1 DAGs
[2025-04-28T13:55:25.802+0000] {logging_mixin.py:188} INFO - [2025-04-28T13:55:25.802+0000] {dag.py:3820} INFO - Setting next_dagrun for example_params_trigger_ui to None, run_after=None
[2025-04-28T13:55:25.827+0000] {processor.py:183} INFO - Processing /home/airflow/.local/lib/python3.8/site-packages/airflow/example_dags/example_params_trigger_ui.py took 0.162 seconds
[2025-04-28T13:55:56.417+0000] {processor.py:161} INFO - Started process (PID=209) to work on /home/airflow/.local/lib/python3.8/site-packages/airflow/example_dags/example_params_trigger_ui.py
[2025-04-28T13:55:56.419+0000] {processor.py:830} INFO - Processing file /home/airflow/.local/lib/python3.8/site-packages/airflow/example_dags/example_params_trigger_ui.py for tasks to queue
[2025-04-28T13:55:56.422+0000] {logging_mixin.py:188} INFO - [2025-04-28T13:55:56.422+0000] {dagbag.py:538} INFO - Filling up the DagBag from /home/airflow/.local/lib/python3.8/site-packages/airflow/example_dags/example_params_trigger_ui.py
[2025-04-28T13:55:56.442+0000] {processor.py:840} INFO - DAG(s) 'example_params_trigger_ui' retrieved from /home/airflow/.local/lib/python3.8/site-packages/airflow/example_dags/example_params_trigger_ui.py
[2025-04-28T13:55:56.563+0000] {logging_mixin.py:188} INFO - [2025-04-28T13:55:56.563+0000] {dag.py:3033} INFO - Sync 1 DAGs
[2025-04-28T13:55:56.592+0000] {logging_mixin.py:188} INFO - [2025-04-28T13:55:56.592+0000] {dag.py:3820} INFO - Setting next_dagrun for example_params_trigger_ui to None, run_after=None
[2025-04-28T13:55:56.629+0000] {processor.py:183} INFO - Processing /home/airflow/.local/lib/python3.8/site-packages/airflow/example_dags/example_params_trigger_ui.py took 0.216 seconds
[2025-04-28T13:56:26.720+0000] {processor.py:161} INFO - Started process (PID=264) to work on /home/airflow/.local/lib/python3.8/site-packages/airflow/example_dags/example_params_trigger_ui.py
[2025-04-28T13:56:26.721+0000] {processor.py:830} INFO - Processing file /home/airflow/.local/lib/python3.8/site-packages/airflow/example_dags/example_params_trigger_ui.py for tasks to queue
[2025-04-28T13:56:26.725+0000] {logging_mixin.py:188} INFO - [2025-04-28T13:56:26.724+0000] {dagbag.py:538} INFO - Filling up the DagBag from /home/airflow/.local/lib/python3.8/site-packages/airflow/example_dags/example_params_trigger_ui.py
[2025-04-28T13:56:26.746+0000] {processor.py:840} INFO - DAG(s) 'example_params_trigger_ui' retrieved from /home/airflow/.local/lib/python3.8/site-packages/airflow/example_dags/example_params_trigger_ui.py
[2025-04-28T13:56:26.845+0000] {logging_mixin.py:188} INFO - [2025-04-28T13:56:26.845+0000] {dag.py:3033} INFO - Sync 1 DAGs
[2025-04-28T13:56:26.865+0000] {logging_mixin.py:188} INFO - [2025-04-28T13:56:26.865+0000] {dag.py:3820} INFO - Setting next_dagrun for example_params_trigger_ui to None, run_after=None
[2025-04-28T13:56:26.897+0000] {processor.py:183} INFO - Processing /home/airflow/.local/lib/python3.8/site-packages/airflow/example_dags/example_params_trigger_ui.py took 0.183 seconds
[2025-04-28T13:56:57.604+0000] {processor.py:161} INFO - Started process (PID=320) to work on /home/airflow/.local/lib/python3.8/site-packages/airflow/example_dags/example_params_trigger_ui.py
[2025-04-28T13:56:57.605+0000] {processor.py:830} INFO - Processing file /home/airflow/.local/lib/python3.8/site-packages/airflow/example_dags/example_params_trigger_ui.py for tasks to queue
[2025-04-28T13:56:57.611+0000] {logging_mixin.py:188} INFO - [2025-04-28T13:56:57.610+0000] {dagbag.py:538} INFO - Filling up the DagBag from /home/airflow/.local/lib/python3.8/site-packages/airflow/example_dags/example_params_trigger_ui.py
[2025-04-28T13:56:57.652+0000] {processor.py:840} INFO - DAG(s) 'example_params_trigger_ui' retrieved from /home/airflow/.local/lib/python3.8/site-packages/airflow/example_dags/example_params_trigger_ui.py
[2025-04-28T13:56:57.802+0000] {logging_mixin.py:188} INFO - [2025-04-28T13:56:57.802+0000] {dag.py:3033} INFO - Sync 1 DAGs
[2025-04-28T13:56:57.835+0000] {logging_mixin.py:188} INFO - [2025-04-28T13:56:57.835+0000] {dag.py:3820} INFO - Setting next_dagrun for example_params_trigger_ui to None, run_after=None
[2025-04-28T13:56:57.875+0000] {processor.py:183} INFO - Processing /home/airflow/.local/lib/python3.8/site-packages/airflow/example_dags/example_params_trigger_ui.py took 0.278 seconds
[2025-04-28T13:57:28.484+0000] {processor.py:161} INFO - Started process (PID=376) to work on /home/airflow/.local/lib/python3.8/site-packages/airflow/example_dags/example_params_trigger_ui.py
[2025-04-28T13:57:28.486+0000] {processor.py:830} INFO - Processing file /home/airflow/.local/lib/python3.8/site-packages/airflow/example_dags/example_params_trigger_ui.py for tasks to queue
[2025-04-28T13:57:28.490+0000] {logging_mixin.py:188} INFO - [2025-04-28T13:57:28.489+0000] {dagbag.py:538} INFO - Filling up the DagBag from /home/airflow/.local/lib/python3.8/site-packages/airflow/example_dags/example_params_trigger_ui.py
[2025-04-28T13:57:28.513+0000] {processor.py:840} INFO - DAG(s) 'example_params_trigger_ui' retrieved from /home/airflow/.local/lib/python3.8/site-packages/airflow/example_dags/example_params_trigger_ui.py
[2025-04-28T13:57:28.624+0000] {logging_mixin.py:188} INFO - [2025-04-28T13:57:28.624+0000] {dag.py:3033} INFO - Sync 1 DAGs
[2025-04-28T13:57:28.647+0000] {logging_mixin.py:188} INFO - [2025-04-28T13:57:28.647+0000] {dag.py:3820} INFO - Setting next_dagrun for example_params_trigger_ui to None, run_after=None
[2025-04-28T13:57:28.681+0000] {processor.py:183} INFO - Processing /home/airflow/.local/lib/python3.8/site-packages/airflow/example_dags/example_params_trigger_ui.py took 0.202 seconds
[2025-04-28T13:58:00.260+0000] {processor.py:161} INFO - Started process (PID=431) to work on /home/airflow/.local/lib/python3.8/site-packages/airflow/example_dags/example_params_trigger_ui.py
[2025-04-28T13:58:00.262+0000] {processor.py:830} INFO - Processing file /home/airflow/.local/lib/python3.8/site-packages/airflow/example_dags/example_params_trigger_ui.py for tasks to queue
[2025-04-28T13:58:00.265+0000] {logging_mixin.py:188} INFO - [2025-04-28T13:58:00.265+0000] {dagbag.py:538} INFO - Filling up the DagBag from /home/airflow/.local/lib/python3.8/site-packages/airflow/example_dags/example_params_trigger_ui.py
[2025-04-28T13:58:00.292+0000] {processor.py:840} INFO - DAG(s) 'example_params_trigger_ui' retrieved from /home/airflow/.local/lib/python3.8/site-packages/airflow/example_dags/example_params_trigger_ui.py
[2025-04-28T13:58:00.411+0000] {logging_mixin.py:188} INFO - [2025-04-28T13:58:00.411+0000] {dag.py:3033} INFO - Sync 1 DAGs
[2025-04-28T13:58:00.436+0000] {logging_mixin.py:188} INFO - [2025-04-28T13:58:00.436+0000] {dag.py:3820} INFO - Setting next_dagrun for example_params_trigger_ui to None, run_after=None
[2025-04-28T13:58:00.476+0000] {processor.py:183} INFO - Processing /home/airflow/.local/lib/python3.8/site-packages/airflow/example_dags/example_params_trigger_ui.py took 0.221 seconds
[2025-04-28T13:58:34.151+0000] {processor.py:161} INFO - Started process (PID=487) to work on /home/airflow/.local/lib/python3.8/site-packages/airflow/example_dags/example_params_trigger_ui.py
[2025-04-28T13:58:34.152+0000] {processor.py:830} INFO - Processing file /home/airflow/.local/lib/python3.8/site-packages/airflow/example_dags/example_params_trigger_ui.py for tasks to queue
[2025-04-28T13:58:34.157+0000] {logging_mixin.py:188} INFO - [2025-04-28T13:58:34.156+0000] {dagbag.py:538} INFO - Filling up the DagBag from /home/airflow/.local/lib/python3.8/site-packages/airflow/example_dags/example_params_trigger_ui.py
[2025-04-28T13:58:34.190+0000] {processor.py:840} INFO - DAG(s) 'example_params_trigger_ui' retrieved from /home/airflow/.local/lib/python3.8/site-packages/airflow/example_dags/example_params_trigger_ui.py
[2025-04-28T13:58:34.334+0000] {logging_mixin.py:188} INFO - [2025-04-28T13:58:34.333+0000] {dag.py:3033} INFO - Sync 1 DAGs
[2025-04-28T13:58:34.360+0000] {logging_mixin.py:188} INFO - [2025-04-28T13:58:34.359+0000] {dag.py:3820} INFO - Setting next_dagrun for example_params_trigger_ui to None, run_after=None
[2025-04-28T13:58:34.415+0000] {processor.py:183} INFO - Processing /home/airflow/.local/lib/python3.8/site-packages/airflow/example_dags/example_params_trigger_ui.py took 0.268 seconds
[2025-04-28T13:59:05.193+0000] {processor.py:161} INFO - Started process (PID=544) to work on /home/airflow/.local/lib/python3.8/site-packages/airflow/example_dags/example_params_trigger_ui.py
[2025-04-28T13:59:05.194+0000] {processor.py:830} INFO - Processing file /home/airflow/.local/lib/python3.8/site-packages/airflow/example_dags/example_params_trigger_ui.py for tasks to queue
[2025-04-28T13:59:05.198+0000] {logging_mixin.py:188} INFO - [2025-04-28T13:59:05.197+0000] {dagbag.py:538} INFO - Filling up the DagBag from /home/airflow/.local/lib/python3.8/site-packages/airflow/example_dags/example_params_trigger_ui.py
[2025-04-28T13:59:05.223+0000] {processor.py:840} INFO - DAG(s) 'example_params_trigger_ui' retrieved from /home/airflow/.local/lib/python3.8/site-packages/airflow/example_dags/example_params_trigger_ui.py
[2025-04-28T13:59:05.337+0000] {logging_mixin.py:188} INFO - [2025-04-28T13:59:05.337+0000] {dag.py:3033} INFO - Sync 1 DAGs
[2025-04-28T13:59:05.356+0000] {logging_mixin.py:188} INFO - [2025-04-28T13:59:05.356+0000] {dag.py:3820} INFO - Setting next_dagrun for example_params_trigger_ui to None, run_after=None
[2025-04-28T13:59:05.386+0000] {processor.py:183} INFO - Processing /home/airflow/.local/lib/python3.8/site-packages/airflow/example_dags/example_params_trigger_ui.py took 0.198 seconds
[2025-04-28T13:59:45.170+0000] {processor.py:161} INFO - Started process (PID=600) to work on /home/airflow/.local/lib/python3.8/site-packages/airflow/example_dags/example_params_trigger_ui.py
[2025-04-28T13:59:45.172+0000] {processor.py:830} INFO - Processing file /home/airflow/.local/lib/python3.8/site-packages/airflow/example_dags/example_params_trigger_ui.py for tasks to queue
[2025-04-28T13:59:45.176+0000] {logging_mixin.py:188} INFO - [2025-04-28T13:59:45.176+0000] {dagbag.py:538} INFO - Filling up the DagBag from /home/airflow/.local/lib/python3.8/site-packages/airflow/example_dags/example_params_trigger_ui.py
[2025-04-28T13:59:45.209+0000] {processor.py:840} INFO - DAG(s) 'example_params_trigger_ui' retrieved from /home/airflow/.local/lib/python3.8/site-packages/airflow/example_dags/example_params_trigger_ui.py
[2025-04-28T13:59:45.332+0000] {logging_mixin.py:188} INFO - [2025-04-28T13:59:45.331+0000] {dag.py:3033} INFO - Sync 1 DAGs
[2025-04-28T13:59:45.359+0000] {logging_mixin.py:188} INFO - [2025-04-28T13:59:45.357+0000] {dag.py:3820} INFO - Setting next_dagrun for example_params_trigger_ui to None, run_after=None
[2025-04-28T13:59:45.391+0000] {processor.py:183} INFO - Processing /home/airflow/.local/lib/python3.8/site-packages/airflow/example_dags/example_params_trigger_ui.py took 0.226 seconds
[2025-04-28T14:00:15.609+0000] {processor.py:161} INFO - Started process (PID=656) to work on /home/airflow/.local/lib/python3.8/site-packages/airflow/example_dags/example_params_trigger_ui.py
[2025-04-28T14:00:15.611+0000] {processor.py:830} INFO - Processing file /home/airflow/.local/lib/python3.8/site-packages/airflow/example_dags/example_params_trigger_ui.py for tasks to queue
[2025-04-28T14:00:15.645+0000] {logging_mixin.py:188} INFO - [2025-04-28T14:00:15.645+0000] {dagbag.py:538} INFO - Filling up the DagBag from /home/airflow/.local/lib/python3.8/site-packages/airflow/example_dags/example_params_trigger_ui.py
[2025-04-28T14:00:15.704+0000] {processor.py:840} INFO - DAG(s) 'example_params_trigger_ui' retrieved from /home/airflow/.local/lib/python3.8/site-packages/airflow/example_dags/example_params_trigger_ui.py
[2025-04-28T14:00:15.931+0000] {logging_mixin.py:188} INFO - [2025-04-28T14:00:15.930+0000] {dag.py:3033} INFO - Sync 1 DAGs
[2025-04-28T14:00:15.974+0000] {logging_mixin.py:188} INFO - [2025-04-28T14:00:15.974+0000] {dag.py:3820} INFO - Setting next_dagrun for example_params_trigger_ui to None, run_after=None
[2025-04-28T14:00:16.025+0000] {processor.py:183} INFO - Processing /home/airflow/.local/lib/python3.8/site-packages/airflow/example_dags/example_params_trigger_ui.py took 0.423 seconds
[2025-04-28T14:00:46.857+0000] {processor.py:161} INFO - Started process (PID=711) to work on /home/airflow/.local/lib/python3.8/site-packages/airflow/example_dags/example_params_trigger_ui.py
[2025-04-28T14:00:46.858+0000] {processor.py:830} INFO - Processing file /home/airflow/.local/lib/python3.8/site-packages/airflow/example_dags/example_params_trigger_ui.py for tasks to queue
[2025-04-28T14:00:46.862+0000] {logging_mixin.py:188} INFO - [2025-04-28T14:00:46.862+0000] {dagbag.py:538} INFO - Filling up the DagBag from /home/airflow/.local/lib/python3.8/site-packages/airflow/example_dags/example_params_trigger_ui.py
[2025-04-28T14:00:46.887+0000] {processor.py:840} INFO - DAG(s) 'example_params_trigger_ui' retrieved from /home/airflow/.local/lib/python3.8/site-packages/airflow/example_dags/example_params_trigger_ui.py
[2025-04-28T14:00:47.075+0000] {logging_mixin.py:188} INFO - [2025-04-28T14:00:47.074+0000] {dag.py:3033} INFO - Sync 1 DAGs
[2025-04-28T14:00:47.115+0000] {logging_mixin.py:188} INFO - [2025-04-28T14:00:47.115+0000] {dag.py:3820} INFO - Setting next_dagrun for example_params_trigger_ui to None, run_after=None
[2025-04-28T14:00:47.263+0000] {processor.py:183} INFO - Processing /home/airflow/.local/lib/python3.8/site-packages/airflow/example_dags/example_params_trigger_ui.py took 0.411 seconds
[2025-04-28T14:01:17.367+0000] {processor.py:161} INFO - Started process (PID=767) to work on /home/airflow/.local/lib/python3.8/site-packages/airflow/example_dags/example_params_trigger_ui.py
[2025-04-28T14:01:17.370+0000] {processor.py:830} INFO - Processing file /home/airflow/.local/lib/python3.8/site-packages/airflow/example_dags/example_params_trigger_ui.py for tasks to queue
[2025-04-28T14:01:17.373+0000] {logging_mixin.py:188} INFO - [2025-04-28T14:01:17.373+0000] {dagbag.py:538} INFO - Filling up the DagBag from /home/airflow/.local/lib/python3.8/site-packages/airflow/example_dags/example_params_trigger_ui.py
[2025-04-28T14:01:17.394+0000] {processor.py:840} INFO - DAG(s) 'example_params_trigger_ui' retrieved from /home/airflow/.local/lib/python3.8/site-packages/airflow/example_dags/example_params_trigger_ui.py
[2025-04-28T14:01:17.531+0000] {logging_mixin.py:188} INFO - [2025-04-28T14:01:17.531+0000] {dag.py:3033} INFO - Sync 1 DAGs
[2025-04-28T14:01:17.563+0000] {logging_mixin.py:188} INFO - [2025-04-28T14:01:17.563+0000] {dag.py:3820} INFO - Setting next_dagrun for example_params_trigger_ui to None, run_after=None
[2025-04-28T14:01:17.619+0000] {processor.py:183} INFO - Processing /home/airflow/.local/lib/python3.8/site-packages/airflow/example_dags/example_params_trigger_ui.py took 0.257 seconds
[2025-04-28T14:01:47.705+0000] {processor.py:161} INFO - Started process (PID=823) to work on /home/airflow/.local/lib/python3.8/site-packages/airflow/example_dags/example_params_trigger_ui.py
[2025-04-28T14:01:47.706+0000] {processor.py:830} INFO - Processing file /home/airflow/.local/lib/python3.8/site-packages/airflow/example_dags/example_params_trigger_ui.py for tasks to queue
[2025-04-28T14:01:47.710+0000] {logging_mixin.py:188} INFO - [2025-04-28T14:01:47.710+0000] {dagbag.py:538} INFO - Filling up the DagBag from /home/airflow/.local/lib/python3.8/site-packages/airflow/example_dags/example_params_trigger_ui.py
[2025-04-28T14:01:47.729+0000] {processor.py:840} INFO - DAG(s) 'example_params_trigger_ui' retrieved from /home/airflow/.local/lib/python3.8/site-packages/airflow/example_dags/example_params_trigger_ui.py
[2025-04-28T14:01:47.818+0000] {logging_mixin.py:188} INFO - [2025-04-28T14:01:47.818+0000] {dag.py:3033} INFO - Sync 1 DAGs
[2025-04-28T14:01:47.835+0000] {logging_mixin.py:188} INFO - [2025-04-28T14:01:47.835+0000] {dag.py:3820} INFO - Setting next_dagrun for example_params_trigger_ui to None, run_after=None
[2025-04-28T14:01:47.898+0000] {processor.py:183} INFO - Processing /home/airflow/.local/lib/python3.8/site-packages/airflow/example_dags/example_params_trigger_ui.py took 0.198 seconds
[2025-04-28T14:02:18.385+0000] {processor.py:161} INFO - Started process (PID=879) to work on /home/airflow/.local/lib/python3.8/site-packages/airflow/example_dags/example_params_trigger_ui.py
[2025-04-28T14:02:18.386+0000] {processor.py:830} INFO - Processing file /home/airflow/.local/lib/python3.8/site-packages/airflow/example_dags/example_params_trigger_ui.py for tasks to queue
[2025-04-28T14:02:18.390+0000] {logging_mixin.py:188} INFO - [2025-04-28T14:02:18.389+0000] {dagbag.py:538} INFO - Filling up the DagBag from /home/airflow/.local/lib/python3.8/site-packages/airflow/example_dags/example_params_trigger_ui.py
[2025-04-28T14:02:18.416+0000] {processor.py:840} INFO - DAG(s) 'example_params_trigger_ui' retrieved from /home/airflow/.local/lib/python3.8/site-packages/airflow/example_dags/example_params_trigger_ui.py
[2025-04-28T14:02:18.575+0000] {logging_mixin.py:188} INFO - [2025-04-28T14:02:18.575+0000] {dag.py:3033} INFO - Sync 1 DAGs
[2025-04-28T14:02:18.602+0000] {logging_mixin.py:188} INFO - [2025-04-28T14:02:18.602+0000] {dag.py:3820} INFO - Setting next_dagrun for example_params_trigger_ui to None, run_after=None
[2025-04-28T14:02:18.630+0000] {processor.py:183} INFO - Processing /home/airflow/.local/lib/python3.8/site-packages/airflow/example_dags/example_params_trigger_ui.py took 0.253 seconds
[2025-04-28T14:02:50.633+0000] {processor.py:161} INFO - Started process (PID=935) to work on /home/airflow/.local/lib/python3.8/site-packages/airflow/example_dags/example_params_trigger_ui.py
[2025-04-28T14:02:50.638+0000] {processor.py:830} INFO - Processing file /home/airflow/.local/lib/python3.8/site-packages/airflow/example_dags/example_params_trigger_ui.py for tasks to queue
[2025-04-28T14:02:50.642+0000] {logging_mixin.py:188} INFO - [2025-04-28T14:02:50.641+0000] {dagbag.py:538} INFO - Filling up the DagBag from /home/airflow/.local/lib/python3.8/site-packages/airflow/example_dags/example_params_trigger_ui.py
[2025-04-28T14:02:50.662+0000] {processor.py:840} INFO - DAG(s) 'example_params_trigger_ui' retrieved from /home/airflow/.local/lib/python3.8/site-packages/airflow/example_dags/example_params_trigger_ui.py
[2025-04-28T14:02:50.779+0000] {logging_mixin.py:188} INFO - [2025-04-28T14:02:50.779+0000] {dag.py:3033} INFO - Sync 1 DAGs
[2025-04-28T14:02:50.800+0000] {logging_mixin.py:188} INFO - [2025-04-28T14:02:50.799+0000] {dag.py:3820} INFO - Setting next_dagrun for example_params_trigger_ui to None, run_after=None
[2025-04-28T14:02:50.831+0000] {processor.py:183} INFO - Processing /home/airflow/.local/lib/python3.8/site-packages/airflow/example_dags/example_params_trigger_ui.py took 0.204 seconds
[2025-04-28T14:03:23.107+0000] {processor.py:161} INFO - Started process (PID=991) to work on /home/airflow/.local/lib/python3.8/site-packages/airflow/example_dags/example_params_trigger_ui.py
[2025-04-28T14:03:23.109+0000] {processor.py:830} INFO - Processing file /home/airflow/.local/lib/python3.8/site-packages/airflow/example_dags/example_params_trigger_ui.py for tasks to queue
[2025-04-28T14:03:23.113+0000] {logging_mixin.py:188} INFO - [2025-04-28T14:03:23.112+0000] {dagbag.py:538} INFO - Filling up the DagBag from /home/airflow/.local/lib/python3.8/site-packages/airflow/example_dags/example_params_trigger_ui.py
[2025-04-28T14:03:23.135+0000] {processor.py:840} INFO - DAG(s) 'example_params_trigger_ui' retrieved from /home/airflow/.local/lib/python3.8/site-packages/airflow/example_dags/example_params_trigger_ui.py
[2025-04-28T14:03:23.265+0000] {logging_mixin.py:188} INFO - [2025-04-28T14:03:23.265+0000] {dag.py:3033} INFO - Sync 1 DAGs
[2025-04-28T14:03:23.298+0000] {logging_mixin.py:188} INFO - [2025-04-28T14:03:23.297+0000] {dag.py:3820} INFO - Setting next_dagrun for example_params_trigger_ui to None, run_after=None
[2025-04-28T14:03:23.345+0000] {processor.py:183} INFO - Processing /home/airflow/.local/lib/python3.8/site-packages/airflow/example_dags/example_params_trigger_ui.py took 0.243 seconds
[2025-04-28T14:03:56.237+0000] {processor.py:161} INFO - Started process (PID=1047) to work on /home/airflow/.local/lib/python3.8/site-packages/airflow/example_dags/example_params_trigger_ui.py
[2025-04-28T14:03:56.238+0000] {processor.py:830} INFO - Processing file /home/airflow/.local/lib/python3.8/site-packages/airflow/example_dags/example_params_trigger_ui.py for tasks to queue
[2025-04-28T14:03:56.245+0000] {logging_mixin.py:188} INFO - [2025-04-28T14:03:56.245+0000] {dagbag.py:538} INFO - Filling up the DagBag from /home/airflow/.local/lib/python3.8/site-packages/airflow/example_dags/example_params_trigger_ui.py
[2025-04-28T14:03:56.284+0000] {processor.py:840} INFO - DAG(s) 'example_params_trigger_ui' retrieved from /home/airflow/.local/lib/python3.8/site-packages/airflow/example_dags/example_params_trigger_ui.py
[2025-04-28T14:03:56.479+0000] {logging_mixin.py:188} INFO - [2025-04-28T14:03:56.479+0000] {dag.py:3033} INFO - Sync 1 DAGs
[2025-04-28T14:03:56.517+0000] {logging_mixin.py:188} INFO - [2025-04-28T14:03:56.516+0000] {dag.py:3820} INFO - Setting next_dagrun for example_params_trigger_ui to None, run_after=None
[2025-04-28T14:03:56.570+0000] {processor.py:183} INFO - Processing /home/airflow/.local/lib/python3.8/site-packages/airflow/example_dags/example_params_trigger_ui.py took 0.339 seconds
[2025-04-28T14:04:29.181+0000] {processor.py:161} INFO - Started process (PID=1103) to work on /home/airflow/.local/lib/python3.8/site-packages/airflow/example_dags/example_params_trigger_ui.py
[2025-04-28T14:04:29.183+0000] {processor.py:830} INFO - Processing file /home/airflow/.local/lib/python3.8/site-packages/airflow/example_dags/example_params_trigger_ui.py for tasks to queue
[2025-04-28T14:04:29.193+0000] {logging_mixin.py:188} INFO - [2025-04-28T14:04:29.191+0000] {dagbag.py:538} INFO - Filling up the DagBag from /home/airflow/.local/lib/python3.8/site-packages/airflow/example_dags/example_params_trigger_ui.py
[2025-04-28T14:04:29.229+0000] {processor.py:840} INFO - DAG(s) 'example_params_trigger_ui' retrieved from /home/airflow/.local/lib/python3.8/site-packages/airflow/example_dags/example_params_trigger_ui.py
[2025-04-28T14:04:29.392+0000] {logging_mixin.py:188} INFO - [2025-04-28T14:04:29.392+0000] {dag.py:3033} INFO - Sync 1 DAGs
[2025-04-28T14:04:29.423+0000] {logging_mixin.py:188} INFO - [2025-04-28T14:04:29.423+0000] {dag.py:3820} INFO - Setting next_dagrun for example_params_trigger_ui to None, run_after=None
[2025-04-28T14:04:29.466+0000] {processor.py:183} INFO - Processing /home/airflow/.local/lib/python3.8/site-packages/airflow/example_dags/example_params_trigger_ui.py took 0.290 seconds
[2025-04-28T14:05:02.439+0000] {processor.py:161} INFO - Started process (PID=1158) to work on /home/airflow/.local/lib/python3.8/site-packages/airflow/example_dags/example_params_trigger_ui.py
[2025-04-28T14:05:02.440+0000] {processor.py:830} INFO - Processing file /home/airflow/.local/lib/python3.8/site-packages/airflow/example_dags/example_params_trigger_ui.py for tasks to queue
[2025-04-28T14:05:02.445+0000] {logging_mixin.py:188} INFO - [2025-04-28T14:05:02.444+0000] {dagbag.py:538} INFO - Filling up the DagBag from /home/airflow/.local/lib/python3.8/site-packages/airflow/example_dags/example_params_trigger_ui.py
[2025-04-28T14:05:02.472+0000] {processor.py:840} INFO - DAG(s) 'example_params_trigger_ui' retrieved from /home/airflow/.local/lib/python3.8/site-packages/airflow/example_dags/example_params_trigger_ui.py
[2025-04-28T14:05:02.689+0000] {logging_mixin.py:188} INFO - [2025-04-28T14:05:02.689+0000] {dag.py:3033} INFO - Sync 1 DAGs
[2025-04-28T14:05:02.719+0000] {logging_mixin.py:188} INFO - [2025-04-28T14:05:02.719+0000] {dag.py:3820} INFO - Setting next_dagrun for example_params_trigger_ui to None, run_after=None
[2025-04-28T14:05:02.772+0000] {processor.py:183} INFO - Processing /home/airflow/.local/lib/python3.8/site-packages/airflow/example_dags/example_params_trigger_ui.py took 0.338 seconds
[2025-04-28T14:05:34.959+0000] {processor.py:161} INFO - Started process (PID=1213) to work on /home/airflow/.local/lib/python3.8/site-packages/airflow/example_dags/example_params_trigger_ui.py
[2025-04-28T14:05:34.960+0000] {processor.py:830} INFO - Processing file /home/airflow/.local/lib/python3.8/site-packages/airflow/example_dags/example_params_trigger_ui.py for tasks to queue
[2025-04-28T14:05:34.963+0000] {logging_mixin.py:188} INFO - [2025-04-28T14:05:34.963+0000] {dagbag.py:538} INFO - Filling up the DagBag from /home/airflow/.local/lib/python3.8/site-packages/airflow/example_dags/example_params_trigger_ui.py
[2025-04-28T14:05:34.990+0000] {processor.py:840} INFO - DAG(s) 'example_params_trigger_ui' retrieved from /home/airflow/.local/lib/python3.8/site-packages/airflow/example_dags/example_params_trigger_ui.py
[2025-04-28T14:05:35.189+0000] {logging_mixin.py:188} INFO - [2025-04-28T14:05:35.189+0000] {dag.py:3033} INFO - Sync 1 DAGs
[2025-04-28T14:05:35.216+0000] {logging_mixin.py:188} INFO - [2025-04-28T14:05:35.215+0000] {dag.py:3820} INFO - Setting next_dagrun for example_params_trigger_ui to None, run_after=None
[2025-04-28T14:05:35.250+0000] {processor.py:183} INFO - Processing /home/airflow/.local/lib/python3.8/site-packages/airflow/example_dags/example_params_trigger_ui.py took 0.297 seconds
[2025-04-28T14:06:06.733+0000] {processor.py:161} INFO - Started process (PID=1269) to work on /home/airflow/.local/lib/python3.8/site-packages/airflow/example_dags/example_params_trigger_ui.py
[2025-04-28T14:06:06.735+0000] {processor.py:830} INFO - Processing file /home/airflow/.local/lib/python3.8/site-packages/airflow/example_dags/example_params_trigger_ui.py for tasks to queue
[2025-04-28T14:06:06.739+0000] {logging_mixin.py:188} INFO - [2025-04-28T14:06:06.739+0000] {dagbag.py:538} INFO - Filling up the DagBag from /home/airflow/.local/lib/python3.8/site-packages/airflow/example_dags/example_params_trigger_ui.py
[2025-04-28T14:06:06.760+0000] {processor.py:840} INFO - DAG(s) 'example_params_trigger_ui' retrieved from /home/airflow/.local/lib/python3.8/site-packages/airflow/example_dags/example_params_trigger_ui.py
[2025-04-28T14:06:06.868+0000] {logging_mixin.py:188} INFO - [2025-04-28T14:06:06.868+0000] {dag.py:3033} INFO - Sync 1 DAGs
[2025-04-28T14:06:06.893+0000] {logging_mixin.py:188} INFO - [2025-04-28T14:06:06.893+0000] {dag.py:3820} INFO - Setting next_dagrun for example_params_trigger_ui to None, run_after=None
[2025-04-28T14:06:06.934+0000] {processor.py:183} INFO - Processing /home/airflow/.local/lib/python3.8/site-packages/airflow/example_dags/example_params_trigger_ui.py took 0.206 seconds
[2025-04-28T14:06:40.839+0000] {processor.py:161} INFO - Started process (PID=1331) to work on /home/airflow/.local/lib/python3.8/site-packages/airflow/example_dags/example_params_trigger_ui.py
[2025-04-28T14:06:40.843+0000] {processor.py:830} INFO - Processing file /home/airflow/.local/lib/python3.8/site-packages/airflow/example_dags/example_params_trigger_ui.py for tasks to queue
[2025-04-28T14:06:40.847+0000] {logging_mixin.py:188} INFO - [2025-04-28T14:06:40.847+0000] {dagbag.py:538} INFO - Filling up the DagBag from /home/airflow/.local/lib/python3.8/site-packages/airflow/example_dags/example_params_trigger_ui.py
[2025-04-28T14:06:40.877+0000] {processor.py:840} INFO - DAG(s) 'example_params_trigger_ui' retrieved from /home/airflow/.local/lib/python3.8/site-packages/airflow/example_dags/example_params_trigger_ui.py
[2025-04-28T14:06:41.016+0000] {logging_mixin.py:188} INFO - [2025-04-28T14:06:41.016+0000] {dag.py:3033} INFO - Sync 1 DAGs
[2025-04-28T14:06:41.048+0000] {logging_mixin.py:188} INFO - [2025-04-28T14:06:41.048+0000] {dag.py:3820} INFO - Setting next_dagrun for example_params_trigger_ui to None, run_after=None
[2025-04-28T14:06:41.087+0000] {processor.py:183} INFO - Processing /home/airflow/.local/lib/python3.8/site-packages/airflow/example_dags/example_params_trigger_ui.py took 0.255 seconds
[2025-04-28T14:07:13.423+0000] {processor.py:161} INFO - Started process (PID=1387) to work on /home/airflow/.local/lib/python3.8/site-packages/airflow/example_dags/example_params_trigger_ui.py
[2025-04-28T14:07:13.425+0000] {processor.py:830} INFO - Processing file /home/airflow/.local/lib/python3.8/site-packages/airflow/example_dags/example_params_trigger_ui.py for tasks to queue
[2025-04-28T14:07:13.436+0000] {logging_mixin.py:188} INFO - [2025-04-28T14:07:13.435+0000] {dagbag.py:538} INFO - Filling up the DagBag from /home/airflow/.local/lib/python3.8/site-packages/airflow/example_dags/example_params_trigger_ui.py
[2025-04-28T14:07:13.480+0000] {processor.py:840} INFO - DAG(s) 'example_params_trigger_ui' retrieved from /home/airflow/.local/lib/python3.8/site-packages/airflow/example_dags/example_params_trigger_ui.py
[2025-04-28T14:07:13.628+0000] {logging_mixin.py:188} INFO - [2025-04-28T14:07:13.628+0000] {dag.py:3033} INFO - Sync 1 DAGs
[2025-04-28T14:07:13.650+0000] {logging_mixin.py:188} INFO - [2025-04-28T14:07:13.650+0000] {dag.py:3820} INFO - Setting next_dagrun for example_params_trigger_ui to None, run_after=None
[2025-04-28T14:07:13.705+0000] {processor.py:183} INFO - Processing /home/airflow/.local/lib/python3.8/site-packages/airflow/example_dags/example_params_trigger_ui.py took 0.293 seconds
[2025-04-28T14:07:44.187+0000] {processor.py:161} INFO - Started process (PID=1443) to work on /home/airflow/.local/lib/python3.8/site-packages/airflow/example_dags/example_params_trigger_ui.py
[2025-04-28T14:07:44.190+0000] {processor.py:830} INFO - Processing file /home/airflow/.local/lib/python3.8/site-packages/airflow/example_dags/example_params_trigger_ui.py for tasks to queue
[2025-04-28T14:07:44.203+0000] {logging_mixin.py:188} INFO - [2025-04-28T14:07:44.202+0000] {dagbag.py:538} INFO - Filling up the DagBag from /home/airflow/.local/lib/python3.8/site-packages/airflow/example_dags/example_params_trigger_ui.py
[2025-04-28T14:07:44.242+0000] {processor.py:840} INFO - DAG(s) 'example_params_trigger_ui' retrieved from /home/airflow/.local/lib/python3.8/site-packages/airflow/example_dags/example_params_trigger_ui.py
[2025-04-28T14:07:44.347+0000] {logging_mixin.py:188} INFO - [2025-04-28T14:07:44.346+0000] {dag.py:3033} INFO - Sync 1 DAGs
[2025-04-28T14:07:44.369+0000] {logging_mixin.py:188} INFO - [2025-04-28T14:07:44.369+0000] {dag.py:3820} INFO - Setting next_dagrun for example_params_trigger_ui to None, run_after=None
[2025-04-28T14:07:44.417+0000] {processor.py:183} INFO - Processing /home/airflow/.local/lib/python3.8/site-packages/airflow/example_dags/example_params_trigger_ui.py took 0.246 seconds
[2025-04-28T14:08:15.140+0000] {processor.py:161} INFO - Started process (PID=1499) to work on /home/airflow/.local/lib/python3.8/site-packages/airflow/example_dags/example_params_trigger_ui.py
[2025-04-28T14:08:15.142+0000] {processor.py:830} INFO - Processing file /home/airflow/.local/lib/python3.8/site-packages/airflow/example_dags/example_params_trigger_ui.py for tasks to queue
[2025-04-28T14:08:15.145+0000] {logging_mixin.py:188} INFO - [2025-04-28T14:08:15.145+0000] {dagbag.py:538} INFO - Filling up the DagBag from /home/airflow/.local/lib/python3.8/site-packages/airflow/example_dags/example_params_trigger_ui.py
[2025-04-28T14:08:15.165+0000] {processor.py:840} INFO - DAG(s) 'example_params_trigger_ui' retrieved from /home/airflow/.local/lib/python3.8/site-packages/airflow/example_dags/example_params_trigger_ui.py
[2025-04-28T14:08:15.282+0000] {logging_mixin.py:188} INFO - [2025-04-28T14:08:15.282+0000] {dag.py:3033} INFO - Sync 1 DAGs
[2025-04-28T14:08:15.302+0000] {logging_mixin.py:188} INFO - [2025-04-28T14:08:15.302+0000] {dag.py:3820} INFO - Setting next_dagrun for example_params_trigger_ui to None, run_after=None
[2025-04-28T14:08:11.181+0000] {processor.py:183} INFO - Processing /home/airflow/.local/lib/python3.8/site-packages/airflow/example_dags/example_params_trigger_ui.py took 0.205 seconds
[2025-04-28T14:08:41.860+0000] {processor.py:161} INFO - Started process (PID=1539) to work on /home/airflow/.local/lib/python3.8/site-packages/airflow/example_dags/example_params_trigger_ui.py
[2025-04-28T14:08:41.861+0000] {processor.py:830} INFO - Processing file /home/airflow/.local/lib/python3.8/site-packages/airflow/example_dags/example_params_trigger_ui.py for tasks to queue
[2025-04-28T14:08:41.865+0000] {logging_mixin.py:188} INFO - [2025-04-28T14:08:41.865+0000] {dagbag.py:538} INFO - Filling up the DagBag from /home/airflow/.local/lib/python3.8/site-packages/airflow/example_dags/example_params_trigger_ui.py
[2025-04-28T14:08:41.888+0000] {processor.py:840} INFO - DAG(s) 'example_params_trigger_ui' retrieved from /home/airflow/.local/lib/python3.8/site-packages/airflow/example_dags/example_params_trigger_ui.py
[2025-04-28T14:08:41.990+0000] {logging_mixin.py:188} INFO - [2025-04-28T14:08:41.990+0000] {dag.py:3033} INFO - Sync 1 DAGs
[2025-04-28T14:08:42.011+0000] {logging_mixin.py:188} INFO - [2025-04-28T14:08:42.011+0000] {dag.py:3820} INFO - Setting next_dagrun for example_params_trigger_ui to None, run_after=None
[2025-04-28T14:08:42.042+0000] {processor.py:183} INFO - Processing /home/airflow/.local/lib/python3.8/site-packages/airflow/example_dags/example_params_trigger_ui.py took 0.188 seconds
[2025-04-28T14:09:12.098+0000] {processor.py:161} INFO - Started process (PID=1595) to work on /home/airflow/.local/lib/python3.8/site-packages/airflow/example_dags/example_params_trigger_ui.py
[2025-04-28T14:09:12.099+0000] {processor.py:830} INFO - Processing file /home/airflow/.local/lib/python3.8/site-packages/airflow/example_dags/example_params_trigger_ui.py for tasks to queue
[2025-04-28T14:09:12.102+0000] {logging_mixin.py:188} INFO - [2025-04-28T14:09:12.102+0000] {dagbag.py:538} INFO - Filling up the DagBag from /home/airflow/.local/lib/python3.8/site-packages/airflow/example_dags/example_params_trigger_ui.py
[2025-04-28T14:09:12.128+0000] {processor.py:840} INFO - DAG(s) 'example_params_trigger_ui' retrieved from /home/airflow/.local/lib/python3.8/site-packages/airflow/example_dags/example_params_trigger_ui.py
[2025-04-28T14:09:12.239+0000] {logging_mixin.py:188} INFO - [2025-04-28T14:09:12.238+0000] {dag.py:3033} INFO - Sync 1 DAGs
[2025-04-28T14:09:12.265+0000] {logging_mixin.py:188} INFO - [2025-04-28T14:09:12.265+0000] {dag.py:3820} INFO - Setting next_dagrun for example_params_trigger_ui to None, run_after=None
[2025-04-28T14:09:12.293+0000] {processor.py:183} INFO - Processing /home/airflow/.local/lib/python3.8/site-packages/airflow/example_dags/example_params_trigger_ui.py took 0.199 seconds
[2025-04-28T14:09:42.354+0000] {processor.py:161} INFO - Started process (PID=1645) to work on /home/airflow/.local/lib/python3.8/site-packages/airflow/example_dags/example_params_trigger_ui.py
[2025-04-28T14:09:42.355+0000] {processor.py:830} INFO - Processing file /home/airflow/.local/lib/python3.8/site-packages/airflow/example_dags/example_params_trigger_ui.py for tasks to queue
[2025-04-28T14:09:42.358+0000] {logging_mixin.py:188} INFO - [2025-04-28T14:09:42.358+0000] {dagbag.py:538} INFO - Filling up the DagBag from /home/airflow/.local/lib/python3.8/site-packages/airflow/example_dags/example_params_trigger_ui.py
[2025-04-28T14:09:42.381+0000] {processor.py:840} INFO - DAG(s) 'example_params_trigger_ui' retrieved from /home/airflow/.local/lib/python3.8/site-packages/airflow/example_dags/example_params_trigger_ui.py
[2025-04-28T14:09:42.483+0000] {logging_mixin.py:188} INFO - [2025-04-28T14:09:42.483+0000] {dag.py:3033} INFO - Sync 1 DAGs
[2025-04-28T14:09:42.512+0000] {logging_mixin.py:188} INFO - [2025-04-28T14:09:42.511+0000] {dag.py:3820} INFO - Setting next_dagrun for example_params_trigger_ui to None, run_after=None
[2025-04-28T14:09:42.545+0000] {processor.py:183} INFO - Processing /home/airflow/.local/lib/python3.8/site-packages/airflow/example_dags/example_params_trigger_ui.py took 0.197 seconds
[2025-04-28T14:12:15.564+0000] {processor.py:161} INFO - Started process (PID=102) to work on /home/airflow/.local/lib/python3.8/site-packages/airflow/example_dags/example_params_trigger_ui.py
[2025-04-28T14:12:15.566+0000] {processor.py:830} INFO - Processing file /home/airflow/.local/lib/python3.8/site-packages/airflow/example_dags/example_params_trigger_ui.py for tasks to queue
[2025-04-28T14:12:15.570+0000] {logging_mixin.py:188} INFO - [2025-04-28T14:12:15.569+0000] {dagbag.py:538} INFO - Filling up the DagBag from /home/airflow/.local/lib/python3.8/site-packages/airflow/example_dags/example_params_trigger_ui.py
[2025-04-28T14:12:15.595+0000] {processor.py:840} INFO - DAG(s) 'example_params_trigger_ui' retrieved from /home/airflow/.local/lib/python3.8/site-packages/airflow/example_dags/example_params_trigger_ui.py
[2025-04-28T14:12:15.858+0000] {logging_mixin.py:188} INFO - [2025-04-28T14:12:15.857+0000] {dag.py:3033} INFO - Sync 1 DAGs
[2025-04-28T14:12:15.877+0000] {logging_mixin.py:188} INFO - [2025-04-28T14:12:15.877+0000] {dag.py:3820} INFO - Setting next_dagrun for example_params_trigger_ui to None, run_after=None
[2025-04-28T14:12:15.912+0000] {processor.py:183} INFO - Processing /home/airflow/.local/lib/python3.8/site-packages/airflow/example_dags/example_params_trigger_ui.py took 0.353 seconds
[2025-04-28T14:12:46.424+0000] {processor.py:161} INFO - Started process (PID=159) to work on /home/airflow/.local/lib/python3.8/site-packages/airflow/example_dags/example_params_trigger_ui.py
[2025-04-28T14:12:46.425+0000] {processor.py:830} INFO - Processing file /home/airflow/.local/lib/python3.8/site-packages/airflow/example_dags/example_params_trigger_ui.py for tasks to queue
[2025-04-28T14:12:46.428+0000] {logging_mixin.py:188} INFO - [2025-04-28T14:12:46.428+0000] {dagbag.py:538} INFO - Filling up the DagBag from /home/airflow/.local/lib/python3.8/site-packages/airflow/example_dags/example_params_trigger_ui.py
[2025-04-28T14:12:46.456+0000] {processor.py:840} INFO - DAG(s) 'example_params_trigger_ui' retrieved from /home/airflow/.local/lib/python3.8/site-packages/airflow/example_dags/example_params_trigger_ui.py
[2025-04-28T14:12:46.682+0000] {logging_mixin.py:188} INFO - [2025-04-28T14:12:46.682+0000] {dag.py:3033} INFO - Sync 1 DAGs
[2025-04-28T14:12:46.767+0000] {logging_mixin.py:188} INFO - [2025-04-28T14:12:46.767+0000] {dag.py:3820} INFO - Setting next_dagrun for example_params_trigger_ui to None, run_after=None
[2025-04-28T14:12:46.949+0000] {processor.py:183} INFO - Processing /home/airflow/.local/lib/python3.8/site-packages/airflow/example_dags/example_params_trigger_ui.py took 0.531 seconds
[2025-04-28T14:13:17.405+0000] {processor.py:161} INFO - Started process (PID=215) to work on /home/airflow/.local/lib/python3.8/site-packages/airflow/example_dags/example_params_trigger_ui.py
[2025-04-28T14:13:17.407+0000] {processor.py:830} INFO - Processing file /home/airflow/.local/lib/python3.8/site-packages/airflow/example_dags/example_params_trigger_ui.py for tasks to queue
[2025-04-28T14:13:17.411+0000] {logging_mixin.py:188} INFO - [2025-04-28T14:13:17.410+0000] {dagbag.py:538} INFO - Filling up the DagBag from /home/airflow/.local/lib/python3.8/site-packages/airflow/example_dags/example_params_trigger_ui.py
[2025-04-28T14:13:17.440+0000] {processor.py:840} INFO - DAG(s) 'example_params_trigger_ui' retrieved from /home/airflow/.local/lib/python3.8/site-packages/airflow/example_dags/example_params_trigger_ui.py
[2025-04-28T14:13:17.674+0000] {logging_mixin.py:188} INFO - [2025-04-28T14:13:17.673+0000] {dag.py:3033} INFO - Sync 1 DAGs
[2025-04-28T14:13:17.747+0000] {logging_mixin.py:188} INFO - [2025-04-28T14:13:17.747+0000] {dag.py:3820} INFO - Setting next_dagrun for example_params_trigger_ui to None, run_after=None
[2025-04-28T14:13:17.818+0000] {processor.py:183} INFO - Processing /home/airflow/.local/lib/python3.8/site-packages/airflow/example_dags/example_params_trigger_ui.py took 0.420 seconds
[2025-04-28T14:13:49.589+0000] {processor.py:161} INFO - Started process (PID=272) to work on /home/airflow/.local/lib/python3.8/site-packages/airflow/example_dags/example_params_trigger_ui.py
[2025-04-28T14:13:49.591+0000] {processor.py:830} INFO - Processing file /home/airflow/.local/lib/python3.8/site-packages/airflow/example_dags/example_params_trigger_ui.py for tasks to queue
[2025-04-28T14:13:49.595+0000] {logging_mixin.py:188} INFO - [2025-04-28T14:13:49.594+0000] {dagbag.py:538} INFO - Filling up the DagBag from /home/airflow/.local/lib/python3.8/site-packages/airflow/example_dags/example_params_trigger_ui.py
[2025-04-28T14:13:49.628+0000] {processor.py:840} INFO - DAG(s) 'example_params_trigger_ui' retrieved from /home/airflow/.local/lib/python3.8/site-packages/airflow/example_dags/example_params_trigger_ui.py
[2025-04-28T14:13:49.807+0000] {logging_mixin.py:188} INFO - [2025-04-28T14:13:49.807+0000] {dag.py:3033} INFO - Sync 1 DAGs
[2025-04-28T14:13:49.833+0000] {logging_mixin.py:188} INFO - [2025-04-28T14:13:49.833+0000] {dag.py:3820} INFO - Setting next_dagrun for example_params_trigger_ui to None, run_after=None
[2025-04-28T14:13:49.877+0000] {processor.py:183} INFO - Processing /home/airflow/.local/lib/python3.8/site-packages/airflow/example_dags/example_params_trigger_ui.py took 0.295 seconds
[2025-04-28T14:14:20.021+0000] {processor.py:161} INFO - Started process (PID=328) to work on /home/airflow/.local/lib/python3.8/site-packages/airflow/example_dags/example_params_trigger_ui.py
[2025-04-28T14:14:20.022+0000] {processor.py:830} INFO - Processing file /home/airflow/.local/lib/python3.8/site-packages/airflow/example_dags/example_params_trigger_ui.py for tasks to queue
[2025-04-28T14:14:20.026+0000] {logging_mixin.py:188} INFO - [2025-04-28T14:14:20.026+0000] {dagbag.py:538} INFO - Filling up the DagBag from /home/airflow/.local/lib/python3.8/site-packages/airflow/example_dags/example_params_trigger_ui.py
[2025-04-28T14:14:20.051+0000] {processor.py:840} INFO - DAG(s) 'example_params_trigger_ui' retrieved from /home/airflow/.local/lib/python3.8/site-packages/airflow/example_dags/example_params_trigger_ui.py
[2025-04-28T14:14:20.180+0000] {logging_mixin.py:188} INFO - [2025-04-28T14:14:20.180+0000] {dag.py:3033} INFO - Sync 1 DAGs
[2025-04-28T14:14:20.202+0000] {logging_mixin.py:188} INFO - [2025-04-28T14:14:20.202+0000] {dag.py:3820} INFO - Setting next_dagrun for example_params_trigger_ui to None, run_after=None
[2025-04-28T14:14:20.234+0000] {processor.py:183} INFO - Processing /home/airflow/.local/lib/python3.8/site-packages/airflow/example_dags/example_params_trigger_ui.py took 0.219 seconds
[2025-04-28T14:14:54.025+0000] {processor.py:161} INFO - Started process (PID=385) to work on /home/airflow/.local/lib/python3.8/site-packages/airflow/example_dags/example_params_trigger_ui.py
[2025-04-28T14:14:54.027+0000] {processor.py:830} INFO - Processing file /home/airflow/.local/lib/python3.8/site-packages/airflow/example_dags/example_params_trigger_ui.py for tasks to queue
[2025-04-28T14:14:54.031+0000] {logging_mixin.py:188} INFO - [2025-04-28T14:14:54.030+0000] {dagbag.py:538} INFO - Filling up the DagBag from /home/airflow/.local/lib/python3.8/site-packages/airflow/example_dags/example_params_trigger_ui.py
[2025-04-28T14:14:54.054+0000] {processor.py:840} INFO - DAG(s) 'example_params_trigger_ui' retrieved from /home/airflow/.local/lib/python3.8/site-packages/airflow/example_dags/example_params_trigger_ui.py
[2025-04-28T14:14:54.160+0000] {logging_mixin.py:188} INFO - [2025-04-28T14:14:54.160+0000] {dag.py:3033} INFO - Sync 1 DAGs
[2025-04-28T14:14:54.181+0000] {logging_mixin.py:188} INFO - [2025-04-28T14:14:54.181+0000] {dag.py:3820} INFO - Setting next_dagrun for example_params_trigger_ui to None, run_after=None
[2025-04-28T14:14:54.216+0000] {processor.py:183} INFO - Processing /home/airflow/.local/lib/python3.8/site-packages/airflow/example_dags/example_params_trigger_ui.py took 0.196 seconds
[2025-04-28T14:15:25.446+0000] {processor.py:161} INFO - Started process (PID=440) to work on /home/airflow/.local/lib/python3.8/site-packages/airflow/example_dags/example_params_trigger_ui.py
[2025-04-28T14:15:25.448+0000] {processor.py:830} INFO - Processing file /home/airflow/.local/lib/python3.8/site-packages/airflow/example_dags/example_params_trigger_ui.py for tasks to queue
[2025-04-28T14:15:25.452+0000] {logging_mixin.py:188} INFO - [2025-04-28T14:15:25.451+0000] {dagbag.py:538} INFO - Filling up the DagBag from /home/airflow/.local/lib/python3.8/site-packages/airflow/example_dags/example_params_trigger_ui.py
[2025-04-28T14:15:25.475+0000] {processor.py:840} INFO - DAG(s) 'example_params_trigger_ui' retrieved from /home/airflow/.local/lib/python3.8/site-packages/airflow/example_dags/example_params_trigger_ui.py
[2025-04-28T14:15:25.570+0000] {logging_mixin.py:188} INFO - [2025-04-28T14:15:25.570+0000] {dag.py:3033} INFO - Sync 1 DAGs
[2025-04-28T14:15:25.592+0000] {logging_mixin.py:188} INFO - [2025-04-28T14:15:25.592+0000] {dag.py:3820} INFO - Setting next_dagrun for example_params_trigger_ui to None, run_after=None
[2025-04-28T14:15:25.623+0000] {processor.py:183} INFO - Processing /home/airflow/.local/lib/python3.8/site-packages/airflow/example_dags/example_params_trigger_ui.py took 0.184 seconds
[2025-04-28T14:15:58.571+0000] {processor.py:161} INFO - Started process (PID=495) to work on /home/airflow/.local/lib/python3.8/site-packages/airflow/example_dags/example_params_trigger_ui.py
[2025-04-28T14:15:58.573+0000] {processor.py:830} INFO - Processing file /home/airflow/.local/lib/python3.8/site-packages/airflow/example_dags/example_params_trigger_ui.py for tasks to queue
[2025-04-28T14:15:58.576+0000] {logging_mixin.py:188} INFO - [2025-04-28T14:15:58.576+0000] {dagbag.py:538} INFO - Filling up the DagBag from /home/airflow/.local/lib/python3.8/site-packages/airflow/example_dags/example_params_trigger_ui.py
[2025-04-28T14:15:58.598+0000] {processor.py:840} INFO - DAG(s) 'example_params_trigger_ui' retrieved from /home/airflow/.local/lib/python3.8/site-packages/airflow/example_dags/example_params_trigger_ui.py
[2025-04-28T14:15:58.705+0000] {logging_mixin.py:188} INFO - [2025-04-28T14:15:58.704+0000] {dag.py:3033} INFO - Sync 1 DAGs
[2025-04-28T14:15:58.729+0000] {logging_mixin.py:188} INFO - [2025-04-28T14:15:58.728+0000] {dag.py:3820} INFO - Setting next_dagrun for example_params_trigger_ui to None, run_after=None
[2025-04-28T14:15:58.775+0000] {processor.py:183} INFO - Processing /home/airflow/.local/lib/python3.8/site-packages/airflow/example_dags/example_params_trigger_ui.py took 0.209 seconds
[2025-04-28T14:16:31.410+0000] {processor.py:161} INFO - Started process (PID=551) to work on /home/airflow/.local/lib/python3.8/site-packages/airflow/example_dags/example_params_trigger_ui.py
[2025-04-28T14:16:31.413+0000] {processor.py:830} INFO - Processing file /home/airflow/.local/lib/python3.8/site-packages/airflow/example_dags/example_params_trigger_ui.py for tasks to queue
[2025-04-28T14:16:31.416+0000] {logging_mixin.py:188} INFO - [2025-04-28T14:16:31.416+0000] {dagbag.py:538} INFO - Filling up the DagBag from /home/airflow/.local/lib/python3.8/site-packages/airflow/example_dags/example_params_trigger_ui.py
[2025-04-28T14:16:31.436+0000] {processor.py:840} INFO - DAG(s) 'example_params_trigger_ui' retrieved from /home/airflow/.local/lib/python3.8/site-packages/airflow/example_dags/example_params_trigger_ui.py
[2025-04-28T14:16:31.528+0000] {logging_mixin.py:188} INFO - [2025-04-28T14:16:31.527+0000] {dag.py:3033} INFO - Sync 1 DAGs
[2025-04-28T14:16:31.549+0000] {logging_mixin.py:188} INFO - [2025-04-28T14:16:31.549+0000] {dag.py:3820} INFO - Setting next_dagrun for example_params_trigger_ui to None, run_after=None
[2025-04-28T14:16:31.590+0000] {processor.py:183} INFO - Processing /home/airflow/.local/lib/python3.8/site-packages/airflow/example_dags/example_params_trigger_ui.py took 0.185 seconds
[2025-04-28T14:17:04.404+0000] {processor.py:161} INFO - Started process (PID=606) to work on /home/airflow/.local/lib/python3.8/site-packages/airflow/example_dags/example_params_trigger_ui.py
[2025-04-28T14:17:04.405+0000] {processor.py:830} INFO - Processing file /home/airflow/.local/lib/python3.8/site-packages/airflow/example_dags/example_params_trigger_ui.py for tasks to queue
[2025-04-28T14:17:04.409+0000] {logging_mixin.py:188} INFO - [2025-04-28T14:17:04.409+0000] {dagbag.py:538} INFO - Filling up the DagBag from /home/airflow/.local/lib/python3.8/site-packages/airflow/example_dags/example_params_trigger_ui.py
[2025-04-28T14:17:04.434+0000] {processor.py:840} INFO - DAG(s) 'example_params_trigger_ui' retrieved from /home/airflow/.local/lib/python3.8/site-packages/airflow/example_dags/example_params_trigger_ui.py
[2025-04-28T14:17:04.565+0000] {logging_mixin.py:188} INFO - [2025-04-28T14:17:04.565+0000] {dag.py:3033} INFO - Sync 1 DAGs
[2025-04-28T14:17:04.587+0000] {logging_mixin.py:188} INFO - [2025-04-28T14:17:04.586+0000] {dag.py:3820} INFO - Setting next_dagrun for example_params_trigger_ui to None, run_after=None
[2025-04-28T14:17:04.623+0000] {processor.py:183} INFO - Processing /home/airflow/.local/lib/python3.8/site-packages/airflow/example_dags/example_params_trigger_ui.py took 0.224 seconds
[2025-04-28T14:17:37.284+0000] {processor.py:161} INFO - Started process (PID=662) to work on /home/airflow/.local/lib/python3.8/site-packages/airflow/example_dags/example_params_trigger_ui.py
[2025-04-28T14:17:37.286+0000] {processor.py:830} INFO - Processing file /home/airflow/.local/lib/python3.8/site-packages/airflow/example_dags/example_params_trigger_ui.py for tasks to queue
[2025-04-28T14:17:37.297+0000] {logging_mixin.py:188} INFO - [2025-04-28T14:17:37.297+0000] {dagbag.py:538} INFO - Filling up the DagBag from /home/airflow/.local/lib/python3.8/site-packages/airflow/example_dags/example_params_trigger_ui.py
[2025-04-28T14:17:37.352+0000] {processor.py:840} INFO - DAG(s) 'example_params_trigger_ui' retrieved from /home/airflow/.local/lib/python3.8/site-packages/airflow/example_dags/example_params_trigger_ui.py
[2025-04-28T14:17:37.469+0000] {logging_mixin.py:188} INFO - [2025-04-28T14:17:37.469+0000] {dag.py:3033} INFO - Sync 1 DAGs
[2025-04-28T14:17:37.493+0000] {logging_mixin.py:188} INFO - [2025-04-28T14:17:37.493+0000] {dag.py:3820} INFO - Setting next_dagrun for example_params_trigger_ui to None, run_after=None
[2025-04-28T14:17:37.545+0000] {processor.py:183} INFO - Processing /home/airflow/.local/lib/python3.8/site-packages/airflow/example_dags/example_params_trigger_ui.py took 0.267 seconds
[2025-04-28T14:18:11.737+0000] {processor.py:161} INFO - Started process (PID=724) to work on /home/airflow/.local/lib/python3.8/site-packages/airflow/example_dags/example_params_trigger_ui.py
[2025-04-28T14:18:11.738+0000] {processor.py:830} INFO - Processing file /home/airflow/.local/lib/python3.8/site-packages/airflow/example_dags/example_params_trigger_ui.py for tasks to queue
[2025-04-28T14:18:11.742+0000] {logging_mixin.py:188} INFO - [2025-04-28T14:18:11.742+0000] {dagbag.py:538} INFO - Filling up the DagBag from /home/airflow/.local/lib/python3.8/site-packages/airflow/example_dags/example_params_trigger_ui.py
[2025-04-28T14:18:11.770+0000] {processor.py:840} INFO - DAG(s) 'example_params_trigger_ui' retrieved from /home/airflow/.local/lib/python3.8/site-packages/airflow/example_dags/example_params_trigger_ui.py
[2025-04-28T14:18:11.896+0000] {logging_mixin.py:188} INFO - [2025-04-28T14:18:11.896+0000] {dag.py:3033} INFO - Sync 1 DAGs
[2025-04-28T14:18:11.917+0000] {logging_mixin.py:188} INFO - [2025-04-28T14:18:11.916+0000] {dag.py:3820} INFO - Setting next_dagrun for example_params_trigger_ui to None, run_after=None
[2025-04-28T14:18:11.948+0000] {processor.py:183} INFO - Processing /home/airflow/.local/lib/python3.8/site-packages/airflow/example_dags/example_params_trigger_ui.py took 0.217 seconds
[2025-04-28T14:18:42.665+0000] {processor.py:161} INFO - Started process (PID=781) to work on /home/airflow/.local/lib/python3.8/site-packages/airflow/example_dags/example_params_trigger_ui.py
[2025-04-28T14:18:42.666+0000] {processor.py:830} INFO - Processing file /home/airflow/.local/lib/python3.8/site-packages/airflow/example_dags/example_params_trigger_ui.py for tasks to queue
[2025-04-28T14:18:42.670+0000] {logging_mixin.py:188} INFO - [2025-04-28T14:18:42.669+0000] {dagbag.py:538} INFO - Filling up the DagBag from /home/airflow/.local/lib/python3.8/site-packages/airflow/example_dags/example_params_trigger_ui.py
[2025-04-28T14:18:42.695+0000] {processor.py:840} INFO - DAG(s) 'example_params_trigger_ui' retrieved from /home/airflow/.local/lib/python3.8/site-packages/airflow/example_dags/example_params_trigger_ui.py
[2025-04-28T14:18:42.837+0000] {logging_mixin.py:188} INFO - [2025-04-28T14:18:42.836+0000] {dag.py:3033} INFO - Sync 1 DAGs
[2025-04-28T14:18:42.859+0000] {logging_mixin.py:188} INFO - [2025-04-28T14:18:42.858+0000] {dag.py:3820} INFO - Setting next_dagrun for example_params_trigger_ui to None, run_after=None
[2025-04-28T14:18:42.886+0000] {processor.py:183} INFO - Processing /home/airflow/.local/lib/python3.8/site-packages/airflow/example_dags/example_params_trigger_ui.py took 0.225 seconds
[2025-04-28T14:19:14.961+0000] {processor.py:161} INFO - Started process (PID=837) to work on /home/airflow/.local/lib/python3.8/site-packages/airflow/example_dags/example_params_trigger_ui.py
[2025-04-28T14:19:14.963+0000] {processor.py:830} INFO - Processing file /home/airflow/.local/lib/python3.8/site-packages/airflow/example_dags/example_params_trigger_ui.py for tasks to queue
[2025-04-28T14:19:14.966+0000] {logging_mixin.py:188} INFO - [2025-04-28T14:19:14.966+0000] {dagbag.py:538} INFO - Filling up the DagBag from /home/airflow/.local/lib/python3.8/site-packages/airflow/example_dags/example_params_trigger_ui.py
[2025-04-28T14:19:14.984+0000] {processor.py:840} INFO - DAG(s) 'example_params_trigger_ui' retrieved from /home/airflow/.local/lib/python3.8/site-packages/airflow/example_dags/example_params_trigger_ui.py
[2025-04-28T14:19:15.086+0000] {logging_mixin.py:188} INFO - [2025-04-28T14:19:15.086+0000] {dag.py:3033} INFO - Sync 1 DAGs
[2025-04-28T14:19:15.111+0000] {logging_mixin.py:188} INFO - [2025-04-28T14:19:15.111+0000] {dag.py:3820} INFO - Setting next_dagrun for example_params_trigger_ui to None, run_after=None
[2025-04-28T14:19:15.142+0000] {processor.py:183} INFO - Processing /home/airflow/.local/lib/python3.8/site-packages/airflow/example_dags/example_params_trigger_ui.py took 0.184 seconds
[2025-04-28T14:19:47.969+0000] {processor.py:161} INFO - Started process (PID=893) to work on /home/airflow/.local/lib/python3.8/site-packages/airflow/example_dags/example_params_trigger_ui.py
[2025-04-28T14:19:47.970+0000] {processor.py:830} INFO - Processing file /home/airflow/.local/lib/python3.8/site-packages/airflow/example_dags/example_params_trigger_ui.py for tasks to queue
[2025-04-28T14:19:47.975+0000] {logging_mixin.py:188} INFO - [2025-04-28T14:19:47.974+0000] {dagbag.py:538} INFO - Filling up the DagBag from /home/airflow/.local/lib/python3.8/site-packages/airflow/example_dags/example_params_trigger_ui.py
[2025-04-28T14:19:47.998+0000] {processor.py:840} INFO - DAG(s) 'example_params_trigger_ui' retrieved from /home/airflow/.local/lib/python3.8/site-packages/airflow/example_dags/example_params_trigger_ui.py
[2025-04-28T14:19:48.113+0000] {logging_mixin.py:188} INFO - [2025-04-28T14:19:48.113+0000] {dag.py:3033} INFO - Sync 1 DAGs
[2025-04-28T14:19:48.137+0000] {logging_mixin.py:188} INFO - [2025-04-28T14:19:48.136+0000] {dag.py:3820} INFO - Setting next_dagrun for example_params_trigger_ui to None, run_after=None
[2025-04-28T14:19:48.179+0000] {processor.py:183} INFO - Processing /home/airflow/.local/lib/python3.8/site-packages/airflow/example_dags/example_params_trigger_ui.py took 0.214 seconds
[2025-04-28T14:20:21.967+0000] {processor.py:161} INFO - Started process (PID=949) to work on /home/airflow/.local/lib/python3.8/site-packages/airflow/example_dags/example_params_trigger_ui.py
[2025-04-28T14:20:21.968+0000] {processor.py:830} INFO - Processing file /home/airflow/.local/lib/python3.8/site-packages/airflow/example_dags/example_params_trigger_ui.py for tasks to queue
[2025-04-28T14:20:21.972+0000] {logging_mixin.py:188} INFO - [2025-04-28T14:20:21.971+0000] {dagbag.py:538} INFO - Filling up the DagBag from /home/airflow/.local/lib/python3.8/site-packages/airflow/example_dags/example_params_trigger_ui.py
[2025-04-28T14:20:21.999+0000] {processor.py:840} INFO - DAG(s) 'example_params_trigger_ui' retrieved from /home/airflow/.local/lib/python3.8/site-packages/airflow/example_dags/example_params_trigger_ui.py
[2025-04-28T14:20:22.184+0000] {logging_mixin.py:188} INFO - [2025-04-28T14:20:22.184+0000] {dag.py:3033} INFO - Sync 1 DAGs
[2025-04-28T14:20:22.231+0000] {logging_mixin.py:188} INFO - [2025-04-28T14:20:22.231+0000] {dag.py:3820} INFO - Setting next_dagrun for example_params_trigger_ui to None, run_after=None
[2025-04-28T14:20:22.276+0000] {processor.py:183} INFO - Processing /home/airflow/.local/lib/python3.8/site-packages/airflow/example_dags/example_params_trigger_ui.py took 0.314 seconds
[2025-04-28T14:20:53.283+0000] {processor.py:161} INFO - Started process (PID=1005) to work on /home/airflow/.local/lib/python3.8/site-packages/airflow/example_dags/example_params_trigger_ui.py
[2025-04-28T14:20:53.284+0000] {processor.py:830} INFO - Processing file /home/airflow/.local/lib/python3.8/site-packages/airflow/example_dags/example_params_trigger_ui.py for tasks to queue
[2025-04-28T14:20:53.288+0000] {logging_mixin.py:188} INFO - [2025-04-28T14:20:53.288+0000] {dagbag.py:538} INFO - Filling up the DagBag from /home/airflow/.local/lib/python3.8/site-packages/airflow/example_dags/example_params_trigger_ui.py
[2025-04-28T14:20:53.310+0000] {processor.py:840} INFO - DAG(s) 'example_params_trigger_ui' retrieved from /home/airflow/.local/lib/python3.8/site-packages/airflow/example_dags/example_params_trigger_ui.py
[2025-04-28T14:20:53.496+0000] {logging_mixin.py:188} INFO - [2025-04-28T14:20:53.496+0000] {dag.py:3033} INFO - Sync 1 DAGs
[2025-04-28T14:20:53.515+0000] {logging_mixin.py:188} INFO - [2025-04-28T14:20:53.515+0000] {dag.py:3820} INFO - Setting next_dagrun for example_params_trigger_ui to None, run_after=None
[2025-04-28T14:20:53.548+0000] {processor.py:183} INFO - Processing /home/airflow/.local/lib/python3.8/site-packages/airflow/example_dags/example_params_trigger_ui.py took 0.271 seconds
[2025-04-28T14:21:26.913+0000] {processor.py:161} INFO - Started process (PID=1060) to work on /home/airflow/.local/lib/python3.8/site-packages/airflow/example_dags/example_params_trigger_ui.py
[2025-04-28T14:21:26.915+0000] {processor.py:830} INFO - Processing file /home/airflow/.local/lib/python3.8/site-packages/airflow/example_dags/example_params_trigger_ui.py for tasks to queue
[2025-04-28T14:21:26.919+0000] {logging_mixin.py:188} INFO - [2025-04-28T14:21:26.919+0000] {dagbag.py:538} INFO - Filling up the DagBag from /home/airflow/.local/lib/python3.8/site-packages/airflow/example_dags/example_params_trigger_ui.py
[2025-04-28T14:21:26.945+0000] {processor.py:840} INFO - DAG(s) 'example_params_trigger_ui' retrieved from /home/airflow/.local/lib/python3.8/site-packages/airflow/example_dags/example_params_trigger_ui.py
[2025-04-28T14:21:27.102+0000] {logging_mixin.py:188} INFO - [2025-04-28T14:21:27.101+0000] {dag.py:3033} INFO - Sync 1 DAGs
[2025-04-28T14:21:27.131+0000] {logging_mixin.py:188} INFO - [2025-04-28T14:21:27.131+0000] {dag.py:3820} INFO - Setting next_dagrun for example_params_trigger_ui to None, run_after=None
[2025-04-28T14:21:27.213+0000] {processor.py:183} INFO - Processing /home/airflow/.local/lib/python3.8/site-packages/airflow/example_dags/example_params_trigger_ui.py took 0.305 seconds
[2025-04-28T14:22:00.193+0000] {processor.py:161} INFO - Started process (PID=1116) to work on /home/airflow/.local/lib/python3.8/site-packages/airflow/example_dags/example_params_trigger_ui.py
[2025-04-28T14:22:00.195+0000] {processor.py:830} INFO - Processing file /home/airflow/.local/lib/python3.8/site-packages/airflow/example_dags/example_params_trigger_ui.py for tasks to queue
[2025-04-28T14:22:00.198+0000] {logging_mixin.py:188} INFO - [2025-04-28T14:22:00.198+0000] {dagbag.py:538} INFO - Filling up the DagBag from /home/airflow/.local/lib/python3.8/site-packages/airflow/example_dags/example_params_trigger_ui.py
[2025-04-28T14:22:00.224+0000] {processor.py:840} INFO - DAG(s) 'example_params_trigger_ui' retrieved from /home/airflow/.local/lib/python3.8/site-packages/airflow/example_dags/example_params_trigger_ui.py
[2025-04-28T14:22:00.355+0000] {logging_mixin.py:188} INFO - [2025-04-28T14:22:00.355+0000] {dag.py:3033} INFO - Sync 1 DAGs
[2025-04-28T14:22:00.372+0000] {logging_mixin.py:188} INFO - [2025-04-28T14:22:00.372+0000] {dag.py:3820} INFO - Setting next_dagrun for example_params_trigger_ui to None, run_after=None
[2025-04-28T14:22:00.407+0000] {processor.py:183} INFO - Processing /home/airflow/.local/lib/python3.8/site-packages/airflow/example_dags/example_params_trigger_ui.py took 0.220 seconds
[2025-04-28T14:22:32.108+0000] {processor.py:161} INFO - Started process (PID=1171) to work on /home/airflow/.local/lib/python3.8/site-packages/airflow/example_dags/example_params_trigger_ui.py
[2025-04-28T14:22:32.110+0000] {processor.py:830} INFO - Processing file /home/airflow/.local/lib/python3.8/site-packages/airflow/example_dags/example_params_trigger_ui.py for tasks to queue
[2025-04-28T14:22:32.114+0000] {logging_mixin.py:188} INFO - [2025-04-28T14:22:32.113+0000] {dagbag.py:538} INFO - Filling up the DagBag from /home/airflow/.local/lib/python3.8/site-packages/airflow/example_dags/example_params_trigger_ui.py
[2025-04-28T14:22:32.132+0000] {processor.py:840} INFO - DAG(s) 'example_params_trigger_ui' retrieved from /home/airflow/.local/lib/python3.8/site-packages/airflow/example_dags/example_params_trigger_ui.py
[2025-04-28T14:22:32.227+0000] {logging_mixin.py:188} INFO - [2025-04-28T14:22:32.227+0000] {dag.py:3033} INFO - Sync 1 DAGs
[2025-04-28T14:22:32.245+0000] {logging_mixin.py:188} INFO - [2025-04-28T14:22:32.244+0000] {dag.py:3820} INFO - Setting next_dagrun for example_params_trigger_ui to None, run_after=None
[2025-04-28T14:22:32.281+0000] {processor.py:183} INFO - Processing /home/airflow/.local/lib/python3.8/site-packages/airflow/example_dags/example_params_trigger_ui.py took 0.177 seconds
[2025-04-28T14:23:04.824+0000] {processor.py:161} INFO - Started process (PID=1227) to work on /home/airflow/.local/lib/python3.8/site-packages/airflow/example_dags/example_params_trigger_ui.py
[2025-04-28T14:23:04.825+0000] {processor.py:830} INFO - Processing file /home/airflow/.local/lib/python3.8/site-packages/airflow/example_dags/example_params_trigger_ui.py for tasks to queue
[2025-04-28T14:23:04.829+0000] {logging_mixin.py:188} INFO - [2025-04-28T14:23:04.828+0000] {dagbag.py:538} INFO - Filling up the DagBag from /home/airflow/.local/lib/python3.8/site-packages/airflow/example_dags/example_params_trigger_ui.py
[2025-04-28T14:23:04.864+0000] {processor.py:840} INFO - DAG(s) 'example_params_trigger_ui' retrieved from /home/airflow/.local/lib/python3.8/site-packages/airflow/example_dags/example_params_trigger_ui.py
[2025-04-28T14:23:05.029+0000] {logging_mixin.py:188} INFO - [2025-04-28T14:23:05.028+0000] {dag.py:3033} INFO - Sync 1 DAGs
[2025-04-28T14:23:05.051+0000] {logging_mixin.py:188} INFO - [2025-04-28T14:23:05.051+0000] {dag.py:3820} INFO - Setting next_dagrun for example_params_trigger_ui to None, run_after=None
[2025-04-28T14:23:05.109+0000] {processor.py:183} INFO - Processing /home/airflow/.local/lib/python3.8/site-packages/airflow/example_dags/example_params_trigger_ui.py took 0.291 seconds
[2025-04-28T14:23:37.168+0000] {processor.py:161} INFO - Started process (PID=1282) to work on /home/airflow/.local/lib/python3.8/site-packages/airflow/example_dags/example_params_trigger_ui.py
[2025-04-28T14:23:37.170+0000] {processor.py:830} INFO - Processing file /home/airflow/.local/lib/python3.8/site-packages/airflow/example_dags/example_params_trigger_ui.py for tasks to queue
[2025-04-28T14:23:37.172+0000] {logging_mixin.py:188} INFO - [2025-04-28T14:23:37.172+0000] {dagbag.py:538} INFO - Filling up the DagBag from /home/airflow/.local/lib/python3.8/site-packages/airflow/example_dags/example_params_trigger_ui.py
[2025-04-28T14:23:37.191+0000] {processor.py:840} INFO - DAG(s) 'example_params_trigger_ui' retrieved from /home/airflow/.local/lib/python3.8/site-packages/airflow/example_dags/example_params_trigger_ui.py
[2025-04-28T14:23:37.293+0000] {logging_mixin.py:188} INFO - [2025-04-28T14:23:37.293+0000] {dag.py:3033} INFO - Sync 1 DAGs
[2025-04-28T14:23:37.312+0000] {logging_mixin.py:188} INFO - [2025-04-28T14:23:37.312+0000] {dag.py:3820} INFO - Setting next_dagrun for example_params_trigger_ui to None, run_after=None
[2025-04-28T14:23:37.341+0000] {processor.py:183} INFO - Processing /home/airflow/.local/lib/python3.8/site-packages/airflow/example_dags/example_params_trigger_ui.py took 0.178 seconds
[2025-04-28T14:24:10.053+0000] {processor.py:161} INFO - Started process (PID=1338) to work on /home/airflow/.local/lib/python3.8/site-packages/airflow/example_dags/example_params_trigger_ui.py
[2025-04-28T14:24:10.055+0000] {processor.py:830} INFO - Processing file /home/airflow/.local/lib/python3.8/site-packages/airflow/example_dags/example_params_trigger_ui.py for tasks to queue
[2025-04-28T14:24:10.058+0000] {logging_mixin.py:188} INFO - [2025-04-28T14:24:10.058+0000] {dagbag.py:538} INFO - Filling up the DagBag from /home/airflow/.local/lib/python3.8/site-packages/airflow/example_dags/example_params_trigger_ui.py
[2025-04-28T14:24:10.084+0000] {processor.py:840} INFO - DAG(s) 'example_params_trigger_ui' retrieved from /home/airflow/.local/lib/python3.8/site-packages/airflow/example_dags/example_params_trigger_ui.py
[2025-04-28T14:24:10.173+0000] {logging_mixin.py:188} INFO - [2025-04-28T14:24:10.173+0000] {dag.py:3033} INFO - Sync 1 DAGs
[2025-04-28T14:24:10.189+0000] {logging_mixin.py:188} INFO - [2025-04-28T14:24:10.189+0000] {dag.py:3820} INFO - Setting next_dagrun for example_params_trigger_ui to None, run_after=None
[2025-04-28T14:24:10.220+0000] {processor.py:183} INFO - Processing /home/airflow/.local/lib/python3.8/site-packages/airflow/example_dags/example_params_trigger_ui.py took 0.172 seconds
[2025-04-28T14:24:42.300+0000] {processor.py:161} INFO - Started process (PID=1394) to work on /home/airflow/.local/lib/python3.8/site-packages/airflow/example_dags/example_params_trigger_ui.py
[2025-04-28T14:24:42.301+0000] {processor.py:830} INFO - Processing file /home/airflow/.local/lib/python3.8/site-packages/airflow/example_dags/example_params_trigger_ui.py for tasks to queue
[2025-04-28T14:24:42.304+0000] {logging_mixin.py:188} INFO - [2025-04-28T14:24:42.304+0000] {dagbag.py:538} INFO - Filling up the DagBag from /home/airflow/.local/lib/python3.8/site-packages/airflow/example_dags/example_params_trigger_ui.py
[2025-04-28T14:24:42.324+0000] {processor.py:840} INFO - DAG(s) 'example_params_trigger_ui' retrieved from /home/airflow/.local/lib/python3.8/site-packages/airflow/example_dags/example_params_trigger_ui.py
[2025-04-28T14:24:42.441+0000] {logging_mixin.py:188} INFO - [2025-04-28T14:24:42.440+0000] {dag.py:3033} INFO - Sync 1 DAGs
[2025-04-28T14:24:42.464+0000] {logging_mixin.py:188} INFO - [2025-04-28T14:24:42.464+0000] {dag.py:3820} INFO - Setting next_dagrun for example_params_trigger_ui to None, run_after=None
[2025-04-28T14:24:42.499+0000] {processor.py:183} INFO - Processing /home/airflow/.local/lib/python3.8/site-packages/airflow/example_dags/example_params_trigger_ui.py took 0.203 seconds
[2025-04-28T14:25:16.408+0000] {processor.py:161} INFO - Started process (PID=1450) to work on /home/airflow/.local/lib/python3.8/site-packages/airflow/example_dags/example_params_trigger_ui.py
[2025-04-28T14:25:16.410+0000] {processor.py:830} INFO - Processing file /home/airflow/.local/lib/python3.8/site-packages/airflow/example_dags/example_params_trigger_ui.py for tasks to queue
[2025-04-28T14:25:16.414+0000] {logging_mixin.py:188} INFO - [2025-04-28T14:25:16.413+0000] {dagbag.py:538} INFO - Filling up the DagBag from /home/airflow/.local/lib/python3.8/site-packages/airflow/example_dags/example_params_trigger_ui.py
[2025-04-28T14:25:16.459+0000] {processor.py:840} INFO - DAG(s) 'example_params_trigger_ui' retrieved from /home/airflow/.local/lib/python3.8/site-packages/airflow/example_dags/example_params_trigger_ui.py
[2025-04-28T14:25:16.791+0000] {logging_mixin.py:188} INFO - [2025-04-28T14:25:16.781+0000] {dag.py:3033} INFO - Sync 1 DAGs
[2025-04-28T14:25:16.909+0000] {logging_mixin.py:188} INFO - [2025-04-28T14:25:16.909+0000] {dag.py:3820} INFO - Setting next_dagrun for example_params_trigger_ui to None, run_after=None
[2025-04-28T14:25:17.062+0000] {processor.py:183} INFO - Processing /home/airflow/.local/lib/python3.8/site-packages/airflow/example_dags/example_params_trigger_ui.py took 0.659 seconds
[2025-04-28T14:25:50.708+0000] {processor.py:161} INFO - Started process (PID=1507) to work on /home/airflow/.local/lib/python3.8/site-packages/airflow/example_dags/example_params_trigger_ui.py
[2025-04-28T14:25:50.710+0000] {processor.py:830} INFO - Processing file /home/airflow/.local/lib/python3.8/site-packages/airflow/example_dags/example_params_trigger_ui.py for tasks to queue
[2025-04-28T14:25:50.714+0000] {logging_mixin.py:188} INFO - [2025-04-28T14:25:50.713+0000] {dagbag.py:538} INFO - Filling up the DagBag from /home/airflow/.local/lib/python3.8/site-packages/airflow/example_dags/example_params_trigger_ui.py
[2025-04-28T14:25:50.747+0000] {processor.py:840} INFO - DAG(s) 'example_params_trigger_ui' retrieved from /home/airflow/.local/lib/python3.8/site-packages/airflow/example_dags/example_params_trigger_ui.py
[2025-04-28T14:25:50.865+0000] {logging_mixin.py:188} INFO - [2025-04-28T14:25:50.864+0000] {dag.py:3033} INFO - Sync 1 DAGs
[2025-04-28T14:25:50.889+0000] {logging_mixin.py:188} INFO - [2025-04-28T14:25:50.888+0000] {dag.py:3820} INFO - Setting next_dagrun for example_params_trigger_ui to None, run_after=None
[2025-04-28T14:25:50.931+0000] {processor.py:183} INFO - Processing /home/airflow/.local/lib/python3.8/site-packages/airflow/example_dags/example_params_trigger_ui.py took 0.228 seconds
[2025-04-28T14:26:25.131+0000] {processor.py:161} INFO - Started process (PID=1563) to work on /home/airflow/.local/lib/python3.8/site-packages/airflow/example_dags/example_params_trigger_ui.py
[2025-04-28T14:26:25.133+0000] {processor.py:830} INFO - Processing file /home/airflow/.local/lib/python3.8/site-packages/airflow/example_dags/example_params_trigger_ui.py for tasks to queue
[2025-04-28T14:26:25.136+0000] {logging_mixin.py:188} INFO - [2025-04-28T14:26:25.136+0000] {dagbag.py:538} INFO - Filling up the DagBag from /home/airflow/.local/lib/python3.8/site-packages/airflow/example_dags/example_params_trigger_ui.py
[2025-04-28T14:26:25.160+0000] {processor.py:840} INFO - DAG(s) 'example_params_trigger_ui' retrieved from /home/airflow/.local/lib/python3.8/site-packages/airflow/example_dags/example_params_trigger_ui.py
[2025-04-28T14:26:25.259+0000] {logging_mixin.py:188} INFO - [2025-04-28T14:26:25.259+0000] {dag.py:3033} INFO - Sync 1 DAGs
[2025-04-28T14:26:25.281+0000] {logging_mixin.py:188} INFO - [2025-04-28T14:26:25.280+0000] {dag.py:3820} INFO - Setting next_dagrun for example_params_trigger_ui to None, run_after=None
[2025-04-28T14:26:25.323+0000] {processor.py:183} INFO - Processing /home/airflow/.local/lib/python3.8/site-packages/airflow/example_dags/example_params_trigger_ui.py took 0.197 seconds
[2025-04-28T14:26:56.017+0000] {processor.py:161} INFO - Started process (PID=1619) to work on /home/airflow/.local/lib/python3.8/site-packages/airflow/example_dags/example_params_trigger_ui.py
[2025-04-28T14:26:56.019+0000] {processor.py:830} INFO - Processing file /home/airflow/.local/lib/python3.8/site-packages/airflow/example_dags/example_params_trigger_ui.py for tasks to queue
[2025-04-28T14:26:56.022+0000] {logging_mixin.py:188} INFO - [2025-04-28T14:26:56.022+0000] {dagbag.py:538} INFO - Filling up the DagBag from /home/airflow/.local/lib/python3.8/site-packages/airflow/example_dags/example_params_trigger_ui.py
[2025-04-28T14:26:56.051+0000] {processor.py:840} INFO - DAG(s) 'example_params_trigger_ui' retrieved from /home/airflow/.local/lib/python3.8/site-packages/airflow/example_dags/example_params_trigger_ui.py
[2025-04-28T14:26:56.259+0000] {logging_mixin.py:188} INFO - [2025-04-28T14:26:56.259+0000] {dag.py:3033} INFO - Sync 1 DAGs
[2025-04-28T14:26:56.329+0000] {logging_mixin.py:188} INFO - [2025-04-28T14:26:56.329+0000] {dag.py:3820} INFO - Setting next_dagrun for example_params_trigger_ui to None, run_after=None
[2025-04-28T14:26:56.392+0000] {processor.py:183} INFO - Processing /home/airflow/.local/lib/python3.8/site-packages/airflow/example_dags/example_params_trigger_ui.py took 0.380 seconds
[2025-04-28T14:27:26.755+0000] {processor.py:161} INFO - Started process (PID=1675) to work on /home/airflow/.local/lib/python3.8/site-packages/airflow/example_dags/example_params_trigger_ui.py
[2025-04-28T14:27:26.758+0000] {processor.py:830} INFO - Processing file /home/airflow/.local/lib/python3.8/site-packages/airflow/example_dags/example_params_trigger_ui.py for tasks to queue
[2025-04-28T14:27:26.762+0000] {logging_mixin.py:188} INFO - [2025-04-28T14:27:26.761+0000] {dagbag.py:538} INFO - Filling up the DagBag from /home/airflow/.local/lib/python3.8/site-packages/airflow/example_dags/example_params_trigger_ui.py
[2025-04-28T14:27:26.788+0000] {processor.py:840} INFO - DAG(s) 'example_params_trigger_ui' retrieved from /home/airflow/.local/lib/python3.8/site-packages/airflow/example_dags/example_params_trigger_ui.py
[2025-04-28T14:27:26.887+0000] {logging_mixin.py:188} INFO - [2025-04-28T14:27:26.886+0000] {dag.py:3033} INFO - Sync 1 DAGs
[2025-04-28T14:27:26.908+0000] {logging_mixin.py:188} INFO - [2025-04-28T14:27:26.907+0000] {dag.py:3820} INFO - Setting next_dagrun for example_params_trigger_ui to None, run_after=None
[2025-04-28T14:27:26.936+0000] {processor.py:183} INFO - Processing /home/airflow/.local/lib/python3.8/site-packages/airflow/example_dags/example_params_trigger_ui.py took 0.186 seconds
[2025-04-28T14:28:00.243+0000] {processor.py:161} INFO - Started process (PID=1731) to work on /home/airflow/.local/lib/python3.8/site-packages/airflow/example_dags/example_params_trigger_ui.py
[2025-04-28T14:28:00.245+0000] {processor.py:830} INFO - Processing file /home/airflow/.local/lib/python3.8/site-packages/airflow/example_dags/example_params_trigger_ui.py for tasks to queue
[2025-04-28T14:28:00.249+0000] {logging_mixin.py:188} INFO - [2025-04-28T14:28:00.248+0000] {dagbag.py:538} INFO - Filling up the DagBag from /home/airflow/.local/lib/python3.8/site-packages/airflow/example_dags/example_params_trigger_ui.py
[2025-04-28T14:28:00.291+0000] {processor.py:840} INFO - DAG(s) 'example_params_trigger_ui' retrieved from /home/airflow/.local/lib/python3.8/site-packages/airflow/example_dags/example_params_trigger_ui.py
[2025-04-28T14:28:00.484+0000] {logging_mixin.py:188} INFO - [2025-04-28T14:28:00.484+0000] {dag.py:3033} INFO - Sync 1 DAGs
[2025-04-28T14:28:00.522+0000] {logging_mixin.py:188} INFO - [2025-04-28T14:28:00.521+0000] {dag.py:3820} INFO - Setting next_dagrun for example_params_trigger_ui to None, run_after=None
[2025-04-28T14:28:00.584+0000] {processor.py:183} INFO - Processing /home/airflow/.local/lib/python3.8/site-packages/airflow/example_dags/example_params_trigger_ui.py took 0.350 seconds
[2025-04-28T14:28:31.618+0000] {processor.py:161} INFO - Started process (PID=1787) to work on /home/airflow/.local/lib/python3.8/site-packages/airflow/example_dags/example_params_trigger_ui.py
[2025-04-28T14:28:31.620+0000] {processor.py:830} INFO - Processing file /home/airflow/.local/lib/python3.8/site-packages/airflow/example_dags/example_params_trigger_ui.py for tasks to queue
[2025-04-28T14:28:31.623+0000] {logging_mixin.py:188} INFO - [2025-04-28T14:28:31.622+0000] {dagbag.py:538} INFO - Filling up the DagBag from /home/airflow/.local/lib/python3.8/site-packages/airflow/example_dags/example_params_trigger_ui.py
[2025-04-28T14:28:31.645+0000] {processor.py:840} INFO - DAG(s) 'example_params_trigger_ui' retrieved from /home/airflow/.local/lib/python3.8/site-packages/airflow/example_dags/example_params_trigger_ui.py
[2025-04-28T14:28:31.747+0000] {logging_mixin.py:188} INFO - [2025-04-28T14:28:31.747+0000] {dag.py:3033} INFO - Sync 1 DAGs
[2025-04-28T14:28:31.767+0000] {logging_mixin.py:188} INFO - [2025-04-28T14:28:31.767+0000] {dag.py:3820} INFO - Setting next_dagrun for example_params_trigger_ui to None, run_after=None
[2025-04-28T14:28:31.803+0000] {processor.py:183} INFO - Processing /home/airflow/.local/lib/python3.8/site-packages/airflow/example_dags/example_params_trigger_ui.py took 0.191 seconds
[2025-04-28T14:29:06.406+0000] {processor.py:161} INFO - Started process (PID=1845) to work on /home/airflow/.local/lib/python3.8/site-packages/airflow/example_dags/example_params_trigger_ui.py
[2025-04-28T14:29:06.407+0000] {processor.py:830} INFO - Processing file /home/airflow/.local/lib/python3.8/site-packages/airflow/example_dags/example_params_trigger_ui.py for tasks to queue
[2025-04-28T14:29:06.413+0000] {logging_mixin.py:188} INFO - [2025-04-28T14:29:06.412+0000] {dagbag.py:538} INFO - Filling up the DagBag from /home/airflow/.local/lib/python3.8/site-packages/airflow/example_dags/example_params_trigger_ui.py
[2025-04-28T14:29:06.440+0000] {processor.py:840} INFO - DAG(s) 'example_params_trigger_ui' retrieved from /home/airflow/.local/lib/python3.8/site-packages/airflow/example_dags/example_params_trigger_ui.py
[2025-04-28T14:29:06.585+0000] {logging_mixin.py:188} INFO - [2025-04-28T14:29:06.585+0000] {dag.py:3033} INFO - Sync 1 DAGs
[2025-04-28T14:29:06.613+0000] {logging_mixin.py:188} INFO - [2025-04-28T14:29:06.613+0000] {dag.py:3820} INFO - Setting next_dagrun for example_params_trigger_ui to None, run_after=None
[2025-04-28T14:29:06.671+0000] {processor.py:183} INFO - Processing /home/airflow/.local/lib/python3.8/site-packages/airflow/example_dags/example_params_trigger_ui.py took 0.271 seconds
[2025-04-28T14:29:38.322+0000] {processor.py:161} INFO - Started process (PID=1902) to work on /home/airflow/.local/lib/python3.8/site-packages/airflow/example_dags/example_params_trigger_ui.py
[2025-04-28T14:29:38.324+0000] {processor.py:830} INFO - Processing file /home/airflow/.local/lib/python3.8/site-packages/airflow/example_dags/example_params_trigger_ui.py for tasks to queue
[2025-04-28T14:29:38.327+0000] {logging_mixin.py:188} INFO - [2025-04-28T14:29:38.326+0000] {dagbag.py:538} INFO - Filling up the DagBag from /home/airflow/.local/lib/python3.8/site-packages/airflow/example_dags/example_params_trigger_ui.py
[2025-04-28T14:29:38.359+0000] {processor.py:840} INFO - DAG(s) 'example_params_trigger_ui' retrieved from /home/airflow/.local/lib/python3.8/site-packages/airflow/example_dags/example_params_trigger_ui.py
[2025-04-28T14:29:38.538+0000] {logging_mixin.py:188} INFO - [2025-04-28T14:29:38.538+0000] {dag.py:3033} INFO - Sync 1 DAGs
[2025-04-28T14:29:38.567+0000] {logging_mixin.py:188} INFO - [2025-04-28T14:29:38.567+0000] {dag.py:3820} INFO - Setting next_dagrun for example_params_trigger_ui to None, run_after=None
[2025-04-28T14:29:38.611+0000] {processor.py:183} INFO - Processing /home/airflow/.local/lib/python3.8/site-packages/airflow/example_dags/example_params_trigger_ui.py took 0.293 seconds
[2025-04-28T14:30:10.419+0000] {processor.py:161} INFO - Started process (PID=1958) to work on /home/airflow/.local/lib/python3.8/site-packages/airflow/example_dags/example_params_trigger_ui.py
[2025-04-28T14:30:10.420+0000] {processor.py:830} INFO - Processing file /home/airflow/.local/lib/python3.8/site-packages/airflow/example_dags/example_params_trigger_ui.py for tasks to queue
[2025-04-28T14:30:10.424+0000] {logging_mixin.py:188} INFO - [2025-04-28T14:30:10.424+0000] {dagbag.py:538} INFO - Filling up the DagBag from /home/airflow/.local/lib/python3.8/site-packages/airflow/example_dags/example_params_trigger_ui.py
[2025-04-28T14:30:10.448+0000] {processor.py:840} INFO - DAG(s) 'example_params_trigger_ui' retrieved from /home/airflow/.local/lib/python3.8/site-packages/airflow/example_dags/example_params_trigger_ui.py
[2025-04-28T14:30:10.570+0000] {logging_mixin.py:188} INFO - [2025-04-28T14:30:10.569+0000] {dag.py:3033} INFO - Sync 1 DAGs
[2025-04-28T14:30:10.593+0000] {logging_mixin.py:188} INFO - [2025-04-28T14:30:10.593+0000] {dag.py:3820} INFO - Setting next_dagrun for example_params_trigger_ui to None, run_after=None
[2025-04-28T14:30:10.627+0000] {processor.py:183} INFO - Processing /home/airflow/.local/lib/python3.8/site-packages/airflow/example_dags/example_params_trigger_ui.py took 0.213 seconds
[2025-04-28T14:30:43.604+0000] {processor.py:161} INFO - Started process (PID=2013) to work on /home/airflow/.local/lib/python3.8/site-packages/airflow/example_dags/example_params_trigger_ui.py
[2025-04-28T14:30:43.607+0000] {processor.py:830} INFO - Processing file /home/airflow/.local/lib/python3.8/site-packages/airflow/example_dags/example_params_trigger_ui.py for tasks to queue
[2025-04-28T14:30:43.611+0000] {logging_mixin.py:188} INFO - [2025-04-28T14:30:43.610+0000] {dagbag.py:538} INFO - Filling up the DagBag from /home/airflow/.local/lib/python3.8/site-packages/airflow/example_dags/example_params_trigger_ui.py
[2025-04-28T14:30:43.641+0000] {processor.py:840} INFO - DAG(s) 'example_params_trigger_ui' retrieved from /home/airflow/.local/lib/python3.8/site-packages/airflow/example_dags/example_params_trigger_ui.py
[2025-04-28T14:30:43.756+0000] {logging_mixin.py:188} INFO - [2025-04-28T14:30:43.756+0000] {dag.py:3033} INFO - Sync 1 DAGs
[2025-04-28T14:30:43.777+0000] {logging_mixin.py:188} INFO - [2025-04-28T14:30:43.777+0000] {dag.py:3820} INFO - Setting next_dagrun for example_params_trigger_ui to None, run_after=None
[2025-04-28T14:30:43.818+0000] {processor.py:183} INFO - Processing /home/airflow/.local/lib/python3.8/site-packages/airflow/example_dags/example_params_trigger_ui.py took 0.219 seconds
[2025-04-28T14:31:16.051+0000] {processor.py:161} INFO - Started process (PID=2069) to work on /home/airflow/.local/lib/python3.8/site-packages/airflow/example_dags/example_params_trigger_ui.py
[2025-04-28T14:31:16.053+0000] {processor.py:830} INFO - Processing file /home/airflow/.local/lib/python3.8/site-packages/airflow/example_dags/example_params_trigger_ui.py for tasks to queue
[2025-04-28T14:31:16.056+0000] {logging_mixin.py:188} INFO - [2025-04-28T14:31:16.056+0000] {dagbag.py:538} INFO - Filling up the DagBag from /home/airflow/.local/lib/python3.8/site-packages/airflow/example_dags/example_params_trigger_ui.py
[2025-04-28T14:31:16.081+0000] {processor.py:840} INFO - DAG(s) 'example_params_trigger_ui' retrieved from /home/airflow/.local/lib/python3.8/site-packages/airflow/example_dags/example_params_trigger_ui.py
[2025-04-28T14:31:16.192+0000] {logging_mixin.py:188} INFO - [2025-04-28T14:31:16.192+0000] {dag.py:3033} INFO - Sync 1 DAGs
[2025-04-28T14:31:16.211+0000] {logging_mixin.py:188} INFO - [2025-04-28T14:31:16.211+0000] {dag.py:3820} INFO - Setting next_dagrun for example_params_trigger_ui to None, run_after=None
[2025-04-28T14:31:16.247+0000] {processor.py:183} INFO - Processing /home/airflow/.local/lib/python3.8/site-packages/airflow/example_dags/example_params_trigger_ui.py took 0.202 seconds
[2025-04-28T14:31:47.810+0000] {processor.py:161} INFO - Started process (PID=2125) to work on /home/airflow/.local/lib/python3.8/site-packages/airflow/example_dags/example_params_trigger_ui.py
[2025-04-28T14:31:47.813+0000] {processor.py:830} INFO - Processing file /home/airflow/.local/lib/python3.8/site-packages/airflow/example_dags/example_params_trigger_ui.py for tasks to queue
[2025-04-28T14:31:47.822+0000] {logging_mixin.py:188} INFO - [2025-04-28T14:31:47.821+0000] {dagbag.py:538} INFO - Filling up the DagBag from /home/airflow/.local/lib/python3.8/site-packages/airflow/example_dags/example_params_trigger_ui.py
[2025-04-28T14:31:47.848+0000] {processor.py:840} INFO - DAG(s) 'example_params_trigger_ui' retrieved from /home/airflow/.local/lib/python3.8/site-packages/airflow/example_dags/example_params_trigger_ui.py
[2025-04-28T14:31:48.030+0000] {logging_mixin.py:188} INFO - [2025-04-28T14:31:48.030+0000] {dag.py:3033} INFO - Sync 1 DAGs
[2025-04-28T14:31:48.066+0000] {logging_mixin.py:188} INFO - [2025-04-28T14:31:48.065+0000] {dag.py:3820} INFO - Setting next_dagrun for example_params_trigger_ui to None, run_after=None
[2025-04-28T14:31:48.118+0000] {processor.py:183} INFO - Processing /home/airflow/.local/lib/python3.8/site-packages/airflow/example_dags/example_params_trigger_ui.py took 0.316 seconds
[2025-04-28T14:32:20.879+0000] {processor.py:161} INFO - Started process (PID=2181) to work on /home/airflow/.local/lib/python3.8/site-packages/airflow/example_dags/example_params_trigger_ui.py
[2025-04-28T14:32:20.881+0000] {processor.py:830} INFO - Processing file /home/airflow/.local/lib/python3.8/site-packages/airflow/example_dags/example_params_trigger_ui.py for tasks to queue
[2025-04-28T14:32:20.884+0000] {logging_mixin.py:188} INFO - [2025-04-28T14:32:20.884+0000] {dagbag.py:538} INFO - Filling up the DagBag from /home/airflow/.local/lib/python3.8/site-packages/airflow/example_dags/example_params_trigger_ui.py
[2025-04-28T14:32:20.912+0000] {processor.py:840} INFO - DAG(s) 'example_params_trigger_ui' retrieved from /home/airflow/.local/lib/python3.8/site-packages/airflow/example_dags/example_params_trigger_ui.py
[2025-04-28T14:32:21.009+0000] {logging_mixin.py:188} INFO - [2025-04-28T14:32:21.009+0000] {dag.py:3033} INFO - Sync 1 DAGs
[2025-04-28T14:32:21.029+0000] {logging_mixin.py:188} INFO - [2025-04-28T14:32:21.028+0000] {dag.py:3820} INFO - Setting next_dagrun for example_params_trigger_ui to None, run_after=None
[2025-04-28T14:32:21.071+0000] {processor.py:183} INFO - Processing /home/airflow/.local/lib/python3.8/site-packages/airflow/example_dags/example_params_trigger_ui.py took 0.199 seconds
[2025-04-28T14:32:54.750+0000] {processor.py:161} INFO - Started process (PID=2236) to work on /home/airflow/.local/lib/python3.8/site-packages/airflow/example_dags/example_params_trigger_ui.py
[2025-04-28T14:32:54.752+0000] {processor.py:830} INFO - Processing file /home/airflow/.local/lib/python3.8/site-packages/airflow/example_dags/example_params_trigger_ui.py for tasks to queue
[2025-04-28T14:32:54.756+0000] {logging_mixin.py:188} INFO - [2025-04-28T14:32:54.756+0000] {dagbag.py:538} INFO - Filling up the DagBag from /home/airflow/.local/lib/python3.8/site-packages/airflow/example_dags/example_params_trigger_ui.py
[2025-04-28T14:32:54.790+0000] {processor.py:840} INFO - DAG(s) 'example_params_trigger_ui' retrieved from /home/airflow/.local/lib/python3.8/site-packages/airflow/example_dags/example_params_trigger_ui.py
[2025-04-28T14:32:54.936+0000] {logging_mixin.py:188} INFO - [2025-04-28T14:32:54.936+0000] {dag.py:3033} INFO - Sync 1 DAGs
[2025-04-28T14:32:54.976+0000] {logging_mixin.py:188} INFO - [2025-04-28T14:32:54.976+0000] {dag.py:3820} INFO - Setting next_dagrun for example_params_trigger_ui to None, run_after=None
[2025-04-28T14:32:55.047+0000] {processor.py:183} INFO - Processing /home/airflow/.local/lib/python3.8/site-packages/airflow/example_dags/example_params_trigger_ui.py took 0.302 seconds
[2025-04-28T14:33:26.889+0000] {processor.py:161} INFO - Started process (PID=2293) to work on /home/airflow/.local/lib/python3.8/site-packages/airflow/example_dags/example_params_trigger_ui.py
[2025-04-28T14:33:26.890+0000] {processor.py:830} INFO - Processing file /home/airflow/.local/lib/python3.8/site-packages/airflow/example_dags/example_params_trigger_ui.py for tasks to queue
[2025-04-28T14:33:26.893+0000] {logging_mixin.py:188} INFO - [2025-04-28T14:33:26.893+0000] {dagbag.py:538} INFO - Filling up the DagBag from /home/airflow/.local/lib/python3.8/site-packages/airflow/example_dags/example_params_trigger_ui.py
[2025-04-28T14:33:26.914+0000] {processor.py:840} INFO - DAG(s) 'example_params_trigger_ui' retrieved from /home/airflow/.local/lib/python3.8/site-packages/airflow/example_dags/example_params_trigger_ui.py
[2025-04-28T14:33:27.023+0000] {logging_mixin.py:188} INFO - [2025-04-28T14:33:27.023+0000] {dag.py:3033} INFO - Sync 1 DAGs
[2025-04-28T14:33:27.041+0000] {logging_mixin.py:188} INFO - [2025-04-28T14:33:27.041+0000] {dag.py:3820} INFO - Setting next_dagrun for example_params_trigger_ui to None, run_after=None
[2025-04-28T14:33:27.076+0000] {processor.py:183} INFO - Processing /home/airflow/.local/lib/python3.8/site-packages/airflow/example_dags/example_params_trigger_ui.py took 0.192 seconds
[2025-04-28T14:33:59.391+0000] {processor.py:161} INFO - Started process (PID=2349) to work on /home/airflow/.local/lib/python3.8/site-packages/airflow/example_dags/example_params_trigger_ui.py
[2025-04-28T14:33:59.392+0000] {processor.py:830} INFO - Processing file /home/airflow/.local/lib/python3.8/site-packages/airflow/example_dags/example_params_trigger_ui.py for tasks to queue
[2025-04-28T14:33:59.396+0000] {logging_mixin.py:188} INFO - [2025-04-28T14:33:59.396+0000] {dagbag.py:538} INFO - Filling up the DagBag from /home/airflow/.local/lib/python3.8/site-packages/airflow/example_dags/example_params_trigger_ui.py
[2025-04-28T14:33:59.423+0000] {processor.py:840} INFO - DAG(s) 'example_params_trigger_ui' retrieved from /home/airflow/.local/lib/python3.8/site-packages/airflow/example_dags/example_params_trigger_ui.py
[2025-04-28T14:33:59.552+0000] {logging_mixin.py:188} INFO - [2025-04-28T14:33:59.552+0000] {dag.py:3033} INFO - Sync 1 DAGs
[2025-04-28T14:33:59.576+0000] {logging_mixin.py:188} INFO - [2025-04-28T14:33:59.576+0000] {dag.py:3820} INFO - Setting next_dagrun for example_params_trigger_ui to None, run_after=None
[2025-04-28T14:33:59.613+0000] {processor.py:183} INFO - Processing /home/airflow/.local/lib/python3.8/site-packages/airflow/example_dags/example_params_trigger_ui.py took 0.228 seconds
[2025-04-28T14:34:33.594+0000] {processor.py:161} INFO - Started process (PID=2406) to work on /home/airflow/.local/lib/python3.8/site-packages/airflow/example_dags/example_params_trigger_ui.py
[2025-04-28T14:34:33.640+0000] {processor.py:830} INFO - Processing file /home/airflow/.local/lib/python3.8/site-packages/airflow/example_dags/example_params_trigger_ui.py for tasks to queue
[2025-04-28T14:34:33.686+0000] {logging_mixin.py:188} INFO - [2025-04-28T14:34:33.685+0000] {dagbag.py:538} INFO - Filling up the DagBag from /home/airflow/.local/lib/python3.8/site-packages/airflow/example_dags/example_params_trigger_ui.py
[2025-04-28T14:34:33.733+0000] {processor.py:840} INFO - DAG(s) 'example_params_trigger_ui' retrieved from /home/airflow/.local/lib/python3.8/site-packages/airflow/example_dags/example_params_trigger_ui.py
[2025-04-28T14:34:33.821+0000] {logging_mixin.py:188} INFO - [2025-04-28T14:34:33.821+0000] {dag.py:3033} INFO - Sync 1 DAGs
[2025-04-28T14:34:33.844+0000] {logging_mixin.py:188} INFO - [2025-04-28T14:34:33.841+0000] {dag.py:3820} INFO - Setting next_dagrun for example_params_trigger_ui to None, run_after=None
[2025-04-28T14:34:34.078+0000] {processor.py:183} INFO - Processing /home/airflow/.local/lib/python3.8/site-packages/airflow/example_dags/example_params_trigger_ui.py took 0.500 seconds
[2025-04-28T14:35:04.656+0000] {processor.py:161} INFO - Started process (PID=2464) to work on /home/airflow/.local/lib/python3.8/site-packages/airflow/example_dags/example_params_trigger_ui.py
[2025-04-28T14:35:04.657+0000] {processor.py:830} INFO - Processing file /home/airflow/.local/lib/python3.8/site-packages/airflow/example_dags/example_params_trigger_ui.py for tasks to queue
[2025-04-28T14:35:04.661+0000] {logging_mixin.py:188} INFO - [2025-04-28T14:35:04.661+0000] {dagbag.py:538} INFO - Filling up the DagBag from /home/airflow/.local/lib/python3.8/site-packages/airflow/example_dags/example_params_trigger_ui.py
[2025-04-28T14:35:04.685+0000] {processor.py:840} INFO - DAG(s) 'example_params_trigger_ui' retrieved from /home/airflow/.local/lib/python3.8/site-packages/airflow/example_dags/example_params_trigger_ui.py
[2025-04-28T14:35:04.787+0000] {logging_mixin.py:188} INFO - [2025-04-28T14:35:04.787+0000] {dag.py:3033} INFO - Sync 1 DAGs
[2025-04-28T14:35:04.810+0000] {logging_mixin.py:188} INFO - [2025-04-28T14:35:04.809+0000] {dag.py:3820} INFO - Setting next_dagrun for example_params_trigger_ui to None, run_after=None
[2025-04-28T14:35:04.851+0000] {processor.py:183} INFO - Processing /home/airflow/.local/lib/python3.8/site-packages/airflow/example_dags/example_params_trigger_ui.py took 0.200 seconds
[2025-04-28T14:35:37.869+0000] {processor.py:161} INFO - Started process (PID=2519) to work on /home/airflow/.local/lib/python3.8/site-packages/airflow/example_dags/example_params_trigger_ui.py
[2025-04-28T14:35:37.871+0000] {processor.py:830} INFO - Processing file /home/airflow/.local/lib/python3.8/site-packages/airflow/example_dags/example_params_trigger_ui.py for tasks to queue
[2025-04-28T14:35:37.874+0000] {logging_mixin.py:188} INFO - [2025-04-28T14:35:37.873+0000] {dagbag.py:538} INFO - Filling up the DagBag from /home/airflow/.local/lib/python3.8/site-packages/airflow/example_dags/example_params_trigger_ui.py
[2025-04-28T14:35:37.893+0000] {processor.py:840} INFO - DAG(s) 'example_params_trigger_ui' retrieved from /home/airflow/.local/lib/python3.8/site-packages/airflow/example_dags/example_params_trigger_ui.py
[2025-04-28T14:35:37.995+0000] {logging_mixin.py:188} INFO - [2025-04-28T14:35:37.994+0000] {dag.py:3033} INFO - Sync 1 DAGs
[2025-04-28T14:35:38.013+0000] {logging_mixin.py:188} INFO - [2025-04-28T14:35:38.013+0000] {dag.py:3820} INFO - Setting next_dagrun for example_params_trigger_ui to None, run_after=None
[2025-04-28T14:35:38.042+0000] {processor.py:183} INFO - Processing /home/airflow/.local/lib/python3.8/site-packages/airflow/example_dags/example_params_trigger_ui.py took 0.178 seconds
[2025-04-28T14:36:10.283+0000] {processor.py:161} INFO - Started process (PID=2575) to work on /home/airflow/.local/lib/python3.8/site-packages/airflow/example_dags/example_params_trigger_ui.py
[2025-04-28T14:36:10.285+0000] {processor.py:830} INFO - Processing file /home/airflow/.local/lib/python3.8/site-packages/airflow/example_dags/example_params_trigger_ui.py for tasks to queue
[2025-04-28T14:36:10.289+0000] {logging_mixin.py:188} INFO - [2025-04-28T14:36:10.288+0000] {dagbag.py:538} INFO - Filling up the DagBag from /home/airflow/.local/lib/python3.8/site-packages/airflow/example_dags/example_params_trigger_ui.py
[2025-04-28T14:36:10.315+0000] {processor.py:840} INFO - DAG(s) 'example_params_trigger_ui' retrieved from /home/airflow/.local/lib/python3.8/site-packages/airflow/example_dags/example_params_trigger_ui.py
[2025-04-28T14:36:10.418+0000] {logging_mixin.py:188} INFO - [2025-04-28T14:36:10.417+0000] {dag.py:3033} INFO - Sync 1 DAGs
[2025-04-28T14:36:10.608+0000] {logging_mixin.py:188} INFO - [2025-04-28T14:36:10.607+0000] {dag.py:3820} INFO - Setting next_dagrun for example_params_trigger_ui to None, run_after=None
[2025-04-28T14:36:10.648+0000] {processor.py:183} INFO - Processing /home/airflow/.local/lib/python3.8/site-packages/airflow/example_dags/example_params_trigger_ui.py took 0.369 seconds
[2025-04-28T14:36:41.558+0000] {processor.py:161} INFO - Started process (PID=2632) to work on /home/airflow/.local/lib/python3.8/site-packages/airflow/example_dags/example_params_trigger_ui.py
[2025-04-28T14:36:41.559+0000] {processor.py:830} INFO - Processing file /home/airflow/.local/lib/python3.8/site-packages/airflow/example_dags/example_params_trigger_ui.py for tasks to queue
[2025-04-28T14:36:41.562+0000] {logging_mixin.py:188} INFO - [2025-04-28T14:36:41.562+0000] {dagbag.py:538} INFO - Filling up the DagBag from /home/airflow/.local/lib/python3.8/site-packages/airflow/example_dags/example_params_trigger_ui.py
[2025-04-28T14:36:41.581+0000] {processor.py:840} INFO - DAG(s) 'example_params_trigger_ui' retrieved from /home/airflow/.local/lib/python3.8/site-packages/airflow/example_dags/example_params_trigger_ui.py
[2025-04-28T14:36:41.675+0000] {logging_mixin.py:188} INFO - [2025-04-28T14:36:41.675+0000] {dag.py:3033} INFO - Sync 1 DAGs
[2025-04-28T14:36:41.702+0000] {logging_mixin.py:188} INFO - [2025-04-28T14:36:41.702+0000] {dag.py:3820} INFO - Setting next_dagrun for example_params_trigger_ui to None, run_after=None
[2025-04-28T14:36:41.745+0000] {processor.py:183} INFO - Processing /home/airflow/.local/lib/python3.8/site-packages/airflow/example_dags/example_params_trigger_ui.py took 0.193 seconds
[2025-04-28T14:37:14.016+0000] {processor.py:161} INFO - Started process (PID=2688) to work on /home/airflow/.local/lib/python3.8/site-packages/airflow/example_dags/example_params_trigger_ui.py
[2025-04-28T14:37:14.017+0000] {processor.py:830} INFO - Processing file /home/airflow/.local/lib/python3.8/site-packages/airflow/example_dags/example_params_trigger_ui.py for tasks to queue
[2025-04-28T14:37:14.020+0000] {logging_mixin.py:188} INFO - [2025-04-28T14:37:14.019+0000] {dagbag.py:538} INFO - Filling up the DagBag from /home/airflow/.local/lib/python3.8/site-packages/airflow/example_dags/example_params_trigger_ui.py
[2025-04-28T14:37:14.046+0000] {processor.py:840} INFO - DAG(s) 'example_params_trigger_ui' retrieved from /home/airflow/.local/lib/python3.8/site-packages/airflow/example_dags/example_params_trigger_ui.py
[2025-04-28T14:37:14.159+0000] {logging_mixin.py:188} INFO - [2025-04-28T14:37:14.158+0000] {dag.py:3033} INFO - Sync 1 DAGs
[2025-04-28T14:37:14.179+0000] {logging_mixin.py:188} INFO - [2025-04-28T14:37:14.179+0000] {dag.py:3820} INFO - Setting next_dagrun for example_params_trigger_ui to None, run_after=None
[2025-04-28T14:37:14.216+0000] {processor.py:183} INFO - Processing /home/airflow/.local/lib/python3.8/site-packages/airflow/example_dags/example_params_trigger_ui.py took 0.205 seconds
[2025-04-28T14:37:48.706+0000] {processor.py:161} INFO - Started process (PID=2744) to work on /home/airflow/.local/lib/python3.8/site-packages/airflow/example_dags/example_params_trigger_ui.py
[2025-04-28T14:37:48.709+0000] {processor.py:830} INFO - Processing file /home/airflow/.local/lib/python3.8/site-packages/airflow/example_dags/example_params_trigger_ui.py for tasks to queue
[2025-04-28T14:37:48.712+0000] {logging_mixin.py:188} INFO - [2025-04-28T14:37:48.712+0000] {dagbag.py:538} INFO - Filling up the DagBag from /home/airflow/.local/lib/python3.8/site-packages/airflow/example_dags/example_params_trigger_ui.py
[2025-04-28T14:37:48.743+0000] {processor.py:840} INFO - DAG(s) 'example_params_trigger_ui' retrieved from /home/airflow/.local/lib/python3.8/site-packages/airflow/example_dags/example_params_trigger_ui.py
[2025-04-28T14:37:48.942+0000] {logging_mixin.py:188} INFO - [2025-04-28T14:37:48.942+0000] {dag.py:3033} INFO - Sync 1 DAGs
[2025-04-28T14:37:49.228+0000] {logging_mixin.py:188} INFO - [2025-04-28T14:37:49.227+0000] {dag.py:3820} INFO - Setting next_dagrun for example_params_trigger_ui to None, run_after=None
[2025-04-28T14:37:49.292+0000] {processor.py:183} INFO - Processing /home/airflow/.local/lib/python3.8/site-packages/airflow/example_dags/example_params_trigger_ui.py took 0.594 seconds
[2025-04-28T14:38:20.281+0000] {processor.py:161} INFO - Started process (PID=2800) to work on /home/airflow/.local/lib/python3.8/site-packages/airflow/example_dags/example_params_trigger_ui.py
[2025-04-28T14:38:20.283+0000] {processor.py:830} INFO - Processing file /home/airflow/.local/lib/python3.8/site-packages/airflow/example_dags/example_params_trigger_ui.py for tasks to queue
[2025-04-28T14:38:20.286+0000] {logging_mixin.py:188} INFO - [2025-04-28T14:38:20.286+0000] {dagbag.py:538} INFO - Filling up the DagBag from /home/airflow/.local/lib/python3.8/site-packages/airflow/example_dags/example_params_trigger_ui.py
[2025-04-28T14:38:20.335+0000] {processor.py:840} INFO - DAG(s) 'example_params_trigger_ui' retrieved from /home/airflow/.local/lib/python3.8/site-packages/airflow/example_dags/example_params_trigger_ui.py
[2025-04-28T14:38:20.509+0000] {logging_mixin.py:188} INFO - [2025-04-28T14:38:20.508+0000] {dag.py:3033} INFO - Sync 1 DAGs
[2025-04-28T14:38:20.530+0000] {logging_mixin.py:188} INFO - [2025-04-28T14:38:20.529+0000] {dag.py:3820} INFO - Setting next_dagrun for example_params_trigger_ui to None, run_after=None
[2025-04-28T14:38:20.562+0000] {processor.py:183} INFO - Processing /home/airflow/.local/lib/python3.8/site-packages/airflow/example_dags/example_params_trigger_ui.py took 0.287 seconds
[2025-04-28T14:38:52.570+0000] {processor.py:161} INFO - Started process (PID=2857) to work on /home/airflow/.local/lib/python3.8/site-packages/airflow/example_dags/example_params_trigger_ui.py
[2025-04-28T14:38:52.571+0000] {processor.py:830} INFO - Processing file /home/airflow/.local/lib/python3.8/site-packages/airflow/example_dags/example_params_trigger_ui.py for tasks to queue
[2025-04-28T14:38:52.575+0000] {logging_mixin.py:188} INFO - [2025-04-28T14:38:52.575+0000] {dagbag.py:538} INFO - Filling up the DagBag from /home/airflow/.local/lib/python3.8/site-packages/airflow/example_dags/example_params_trigger_ui.py
[2025-04-28T14:38:52.604+0000] {processor.py:840} INFO - DAG(s) 'example_params_trigger_ui' retrieved from /home/airflow/.local/lib/python3.8/site-packages/airflow/example_dags/example_params_trigger_ui.py
[2025-04-28T14:38:52.758+0000] {logging_mixin.py:188} INFO - [2025-04-28T14:38:52.758+0000] {dag.py:3033} INFO - Sync 1 DAGs
[2025-04-28T14:38:52.778+0000] {logging_mixin.py:188} INFO - [2025-04-28T14:38:52.778+0000] {dag.py:3820} INFO - Setting next_dagrun for example_params_trigger_ui to None, run_after=None
[2025-04-28T14:38:52.829+0000] {processor.py:183} INFO - Processing /home/airflow/.local/lib/python3.8/site-packages/airflow/example_dags/example_params_trigger_ui.py took 0.265 seconds
[2025-04-28T14:39:23.603+0000] {processor.py:161} INFO - Started process (PID=2914) to work on /home/airflow/.local/lib/python3.8/site-packages/airflow/example_dags/example_params_trigger_ui.py
[2025-04-28T14:39:23.605+0000] {processor.py:830} INFO - Processing file /home/airflow/.local/lib/python3.8/site-packages/airflow/example_dags/example_params_trigger_ui.py for tasks to queue
[2025-04-28T14:39:23.608+0000] {logging_mixin.py:188} INFO - [2025-04-28T14:39:23.608+0000] {dagbag.py:538} INFO - Filling up the DagBag from /home/airflow/.local/lib/python3.8/site-packages/airflow/example_dags/example_params_trigger_ui.py
[2025-04-28T14:39:23.638+0000] {processor.py:840} INFO - DAG(s) 'example_params_trigger_ui' retrieved from /home/airflow/.local/lib/python3.8/site-packages/airflow/example_dags/example_params_trigger_ui.py
[2025-04-28T14:39:23.759+0000] {logging_mixin.py:188} INFO - [2025-04-28T14:39:23.758+0000] {dag.py:3033} INFO - Sync 1 DAGs
[2025-04-28T14:39:23.778+0000] {logging_mixin.py:188} INFO - [2025-04-28T14:39:23.778+0000] {dag.py:3820} INFO - Setting next_dagrun for example_params_trigger_ui to None, run_after=None
[2025-04-28T14:39:23.809+0000] {processor.py:183} INFO - Processing /home/airflow/.local/lib/python3.8/site-packages/airflow/example_dags/example_params_trigger_ui.py took 0.214 seconds
[2025-04-28T14:39:56.932+0000] {processor.py:161} INFO - Started process (PID=2970) to work on /home/airflow/.local/lib/python3.8/site-packages/airflow/example_dags/example_params_trigger_ui.py
[2025-04-28T14:39:56.933+0000] {processor.py:830} INFO - Processing file /home/airflow/.local/lib/python3.8/site-packages/airflow/example_dags/example_params_trigger_ui.py for tasks to queue
[2025-04-28T14:39:56.936+0000] {logging_mixin.py:188} INFO - [2025-04-28T14:39:56.936+0000] {dagbag.py:538} INFO - Filling up the DagBag from /home/airflow/.local/lib/python3.8/site-packages/airflow/example_dags/example_params_trigger_ui.py
[2025-04-28T14:39:56.957+0000] {processor.py:840} INFO - DAG(s) 'example_params_trigger_ui' retrieved from /home/airflow/.local/lib/python3.8/site-packages/airflow/example_dags/example_params_trigger_ui.py
[2025-04-28T14:39:57.069+0000] {logging_mixin.py:188} INFO - [2025-04-28T14:39:57.069+0000] {dag.py:3033} INFO - Sync 1 DAGs
[2025-04-28T14:39:57.088+0000] {logging_mixin.py:188} INFO - [2025-04-28T14:39:57.088+0000] {dag.py:3820} INFO - Setting next_dagrun for example_params_trigger_ui to None, run_after=None
[2025-04-28T14:39:57.144+0000] {processor.py:183} INFO - Processing /home/airflow/.local/lib/python3.8/site-packages/airflow/example_dags/example_params_trigger_ui.py took 0.216 seconds
[2025-04-28T14:40:31.560+0000] {processor.py:161} INFO - Started process (PID=3025) to work on /home/airflow/.local/lib/python3.8/site-packages/airflow/example_dags/example_params_trigger_ui.py
[2025-04-28T14:40:31.562+0000] {processor.py:830} INFO - Processing file /home/airflow/.local/lib/python3.8/site-packages/airflow/example_dags/example_params_trigger_ui.py for tasks to queue
[2025-04-28T14:40:31.566+0000] {logging_mixin.py:188} INFO - [2025-04-28T14:40:31.565+0000] {dagbag.py:538} INFO - Filling up the DagBag from /home/airflow/.local/lib/python3.8/site-packages/airflow/example_dags/example_params_trigger_ui.py
[2025-04-28T14:40:31.608+0000] {processor.py:840} INFO - DAG(s) 'example_params_trigger_ui' retrieved from /home/airflow/.local/lib/python3.8/site-packages/airflow/example_dags/example_params_trigger_ui.py
[2025-04-28T14:40:31.769+0000] {logging_mixin.py:188} INFO - [2025-04-28T14:40:31.768+0000] {dag.py:3033} INFO - Sync 1 DAGs
[2025-04-28T14:40:31.800+0000] {logging_mixin.py:188} INFO - [2025-04-28T14:40:31.800+0000] {dag.py:3820} INFO - Setting next_dagrun for example_params_trigger_ui to None, run_after=None
[2025-04-28T14:40:31.838+0000] {processor.py:183} INFO - Processing /home/airflow/.local/lib/python3.8/site-packages/airflow/example_dags/example_params_trigger_ui.py took 0.283 seconds
[2025-04-28T14:41:03.139+0000] {processor.py:161} INFO - Started process (PID=3081) to work on /home/airflow/.local/lib/python3.8/site-packages/airflow/example_dags/example_params_trigger_ui.py
[2025-04-28T14:41:03.141+0000] {processor.py:830} INFO - Processing file /home/airflow/.local/lib/python3.8/site-packages/airflow/example_dags/example_params_trigger_ui.py for tasks to queue
[2025-04-28T14:41:03.144+0000] {logging_mixin.py:188} INFO - [2025-04-28T14:41:03.144+0000] {dagbag.py:538} INFO - Filling up the DagBag from /home/airflow/.local/lib/python3.8/site-packages/airflow/example_dags/example_params_trigger_ui.py
[2025-04-28T14:41:03.165+0000] {processor.py:840} INFO - DAG(s) 'example_params_trigger_ui' retrieved from /home/airflow/.local/lib/python3.8/site-packages/airflow/example_dags/example_params_trigger_ui.py
[2025-04-28T14:41:03.261+0000] {logging_mixin.py:188} INFO - [2025-04-28T14:41:03.261+0000] {dag.py:3033} INFO - Sync 1 DAGs
[2025-04-28T14:41:03.281+0000] {logging_mixin.py:188} INFO - [2025-04-28T14:41:03.281+0000] {dag.py:3820} INFO - Setting next_dagrun for example_params_trigger_ui to None, run_after=None
[2025-04-28T14:41:03.311+0000] {processor.py:183} INFO - Processing /home/airflow/.local/lib/python3.8/site-packages/airflow/example_dags/example_params_trigger_ui.py took 0.176 seconds
[2025-04-28T14:41:34.979+0000] {processor.py:161} INFO - Started process (PID=3136) to work on /home/airflow/.local/lib/python3.8/site-packages/airflow/example_dags/example_params_trigger_ui.py
[2025-04-28T14:41:34.980+0000] {processor.py:830} INFO - Processing file /home/airflow/.local/lib/python3.8/site-packages/airflow/example_dags/example_params_trigger_ui.py for tasks to queue
[2025-04-28T14:41:34.983+0000] {logging_mixin.py:188} INFO - [2025-04-28T14:41:34.983+0000] {dagbag.py:538} INFO - Filling up the DagBag from /home/airflow/.local/lib/python3.8/site-packages/airflow/example_dags/example_params_trigger_ui.py
[2025-04-28T14:41:35.003+0000] {processor.py:840} INFO - DAG(s) 'example_params_trigger_ui' retrieved from /home/airflow/.local/lib/python3.8/site-packages/airflow/example_dags/example_params_trigger_ui.py
[2025-04-28T14:41:35.082+0000] {logging_mixin.py:188} INFO - [2025-04-28T14:41:35.081+0000] {dag.py:3033} INFO - Sync 1 DAGs
[2025-04-28T14:41:35.097+0000] {logging_mixin.py:188} INFO - [2025-04-28T14:41:35.097+0000] {dag.py:3820} INFO - Setting next_dagrun for example_params_trigger_ui to None, run_after=None
[2025-04-28T14:41:35.126+0000] {processor.py:183} INFO - Processing /home/airflow/.local/lib/python3.8/site-packages/airflow/example_dags/example_params_trigger_ui.py took 0.151 seconds
[2025-04-28T14:42:07.419+0000] {processor.py:161} INFO - Started process (PID=3192) to work on /home/airflow/.local/lib/python3.8/site-packages/airflow/example_dags/example_params_trigger_ui.py
[2025-04-28T14:42:07.421+0000] {processor.py:830} INFO - Processing file /home/airflow/.local/lib/python3.8/site-packages/airflow/example_dags/example_params_trigger_ui.py for tasks to queue
[2025-04-28T14:42:07.423+0000] {logging_mixin.py:188} INFO - [2025-04-28T14:42:07.423+0000] {dagbag.py:538} INFO - Filling up the DagBag from /home/airflow/.local/lib/python3.8/site-packages/airflow/example_dags/example_params_trigger_ui.py
[2025-04-28T14:42:07.441+0000] {processor.py:840} INFO - DAG(s) 'example_params_trigger_ui' retrieved from /home/airflow/.local/lib/python3.8/site-packages/airflow/example_dags/example_params_trigger_ui.py
[2025-04-28T14:42:07.520+0000] {logging_mixin.py:188} INFO - [2025-04-28T14:42:07.519+0000] {dag.py:3033} INFO - Sync 1 DAGs
[2025-04-28T14:42:07.536+0000] {logging_mixin.py:188} INFO - [2025-04-28T14:42:07.535+0000] {dag.py:3820} INFO - Setting next_dagrun for example_params_trigger_ui to None, run_after=None
[2025-04-28T14:42:07.564+0000] {processor.py:183} INFO - Processing /home/airflow/.local/lib/python3.8/site-packages/airflow/example_dags/example_params_trigger_ui.py took 0.149 seconds
[2025-04-28T14:42:40.966+0000] {processor.py:161} INFO - Started process (PID=3248) to work on /home/airflow/.local/lib/python3.8/site-packages/airflow/example_dags/example_params_trigger_ui.py
[2025-04-28T14:42:40.967+0000] {processor.py:830} INFO - Processing file /home/airflow/.local/lib/python3.8/site-packages/airflow/example_dags/example_params_trigger_ui.py for tasks to queue
[2025-04-28T14:42:40.970+0000] {logging_mixin.py:188} INFO - [2025-04-28T14:42:40.970+0000] {dagbag.py:538} INFO - Filling up the DagBag from /home/airflow/.local/lib/python3.8/site-packages/airflow/example_dags/example_params_trigger_ui.py
[2025-04-28T14:42:40.994+0000] {processor.py:840} INFO - DAG(s) 'example_params_trigger_ui' retrieved from /home/airflow/.local/lib/python3.8/site-packages/airflow/example_dags/example_params_trigger_ui.py
[2025-04-28T14:42:41.108+0000] {logging_mixin.py:188} INFO - [2025-04-28T14:42:41.108+0000] {dag.py:3033} INFO - Sync 1 DAGs
[2025-04-28T14:42:41.145+0000] {logging_mixin.py:188} INFO - [2025-04-28T14:42:41.145+0000] {dag.py:3820} INFO - Setting next_dagrun for example_params_trigger_ui to None, run_after=None
[2025-04-28T14:42:41.186+0000] {processor.py:183} INFO - Processing /home/airflow/.local/lib/python3.8/site-packages/airflow/example_dags/example_params_trigger_ui.py took 0.226 seconds
[2025-04-28T14:43:13.725+0000] {processor.py:161} INFO - Started process (PID=3304) to work on /home/airflow/.local/lib/python3.8/site-packages/airflow/example_dags/example_params_trigger_ui.py
[2025-04-28T14:43:13.727+0000] {processor.py:830} INFO - Processing file /home/airflow/.local/lib/python3.8/site-packages/airflow/example_dags/example_params_trigger_ui.py for tasks to queue
[2025-04-28T14:43:13.729+0000] {logging_mixin.py:188} INFO - [2025-04-28T14:43:13.729+0000] {dagbag.py:538} INFO - Filling up the DagBag from /home/airflow/.local/lib/python3.8/site-packages/airflow/example_dags/example_params_trigger_ui.py
[2025-04-28T14:43:13.749+0000] {processor.py:840} INFO - DAG(s) 'example_params_trigger_ui' retrieved from /home/airflow/.local/lib/python3.8/site-packages/airflow/example_dags/example_params_trigger_ui.py
[2025-04-28T14:43:13.866+0000] {logging_mixin.py:188} INFO - [2025-04-28T14:43:13.866+0000] {dag.py:3033} INFO - Sync 1 DAGs
[2025-04-28T14:43:13.888+0000] {logging_mixin.py:188} INFO - [2025-04-28T14:43:13.888+0000] {dag.py:3820} INFO - Setting next_dagrun for example_params_trigger_ui to None, run_after=None
[2025-04-28T14:43:14.207+0000] {processor.py:183} INFO - Processing /home/airflow/.local/lib/python3.8/site-packages/airflow/example_dags/example_params_trigger_ui.py took 0.487 seconds
[2025-04-28T14:43:45.711+0000] {processor.py:161} INFO - Started process (PID=3360) to work on /home/airflow/.local/lib/python3.8/site-packages/airflow/example_dags/example_params_trigger_ui.py
[2025-04-28T14:43:45.713+0000] {processor.py:830} INFO - Processing file /home/airflow/.local/lib/python3.8/site-packages/airflow/example_dags/example_params_trigger_ui.py for tasks to queue
[2025-04-28T14:43:45.717+0000] {logging_mixin.py:188} INFO - [2025-04-28T14:43:45.716+0000] {dagbag.py:538} INFO - Filling up the DagBag from /home/airflow/.local/lib/python3.8/site-packages/airflow/example_dags/example_params_trigger_ui.py
[2025-04-28T14:43:45.747+0000] {processor.py:840} INFO - DAG(s) 'example_params_trigger_ui' retrieved from /home/airflow/.local/lib/python3.8/site-packages/airflow/example_dags/example_params_trigger_ui.py
[2025-04-28T14:43:45.899+0000] {logging_mixin.py:188} INFO - [2025-04-28T14:43:45.899+0000] {dag.py:3033} INFO - Sync 1 DAGs
[2025-04-28T14:43:45.923+0000] {logging_mixin.py:188} INFO - [2025-04-28T14:43:45.923+0000] {dag.py:3820} INFO - Setting next_dagrun for example_params_trigger_ui to None, run_after=None
[2025-04-28T14:43:45.960+0000] {processor.py:183} INFO - Processing /home/airflow/.local/lib/python3.8/site-packages/airflow/example_dags/example_params_trigger_ui.py took 0.254 seconds
[2025-04-28T14:44:20.068+0000] {processor.py:161} INFO - Started process (PID=3420) to work on /home/airflow/.local/lib/python3.8/site-packages/airflow/example_dags/example_params_trigger_ui.py
[2025-04-28T14:44:20.070+0000] {processor.py:830} INFO - Processing file /home/airflow/.local/lib/python3.8/site-packages/airflow/example_dags/example_params_trigger_ui.py for tasks to queue
[2025-04-28T14:44:20.074+0000] {logging_mixin.py:188} INFO - [2025-04-28T14:44:20.074+0000] {dagbag.py:538} INFO - Filling up the DagBag from /home/airflow/.local/lib/python3.8/site-packages/airflow/example_dags/example_params_trigger_ui.py
[2025-04-28T14:44:20.111+0000] {processor.py:840} INFO - DAG(s) 'example_params_trigger_ui' retrieved from /home/airflow/.local/lib/python3.8/site-packages/airflow/example_dags/example_params_trigger_ui.py
[2025-04-28T14:44:20.266+0000] {logging_mixin.py:188} INFO - [2025-04-28T14:44:20.266+0000] {dag.py:3033} INFO - Sync 1 DAGs
[2025-04-28T14:44:20.310+0000] {logging_mixin.py:188} INFO - [2025-04-28T14:44:20.309+0000] {dag.py:3820} INFO - Setting next_dagrun for example_params_trigger_ui to None, run_after=None
[2025-04-28T14:44:20.379+0000] {processor.py:183} INFO - Processing /home/airflow/.local/lib/python3.8/site-packages/airflow/example_dags/example_params_trigger_ui.py took 0.318 seconds
[2025-04-28T14:44:53.509+0000] {processor.py:161} INFO - Started process (PID=3480) to work on /home/airflow/.local/lib/python3.8/site-packages/airflow/example_dags/example_params_trigger_ui.py
[2025-04-28T14:44:53.510+0000] {processor.py:830} INFO - Processing file /home/airflow/.local/lib/python3.8/site-packages/airflow/example_dags/example_params_trigger_ui.py for tasks to queue
[2025-04-28T14:44:53.516+0000] {logging_mixin.py:188} INFO - [2025-04-28T14:44:53.516+0000] {dagbag.py:538} INFO - Filling up the DagBag from /home/airflow/.local/lib/python3.8/site-packages/airflow/example_dags/example_params_trigger_ui.py
[2025-04-28T14:44:53.558+0000] {processor.py:840} INFO - DAG(s) 'example_params_trigger_ui' retrieved from /home/airflow/.local/lib/python3.8/site-packages/airflow/example_dags/example_params_trigger_ui.py
[2025-04-28T14:44:53.784+0000] {logging_mixin.py:188} INFO - [2025-04-28T14:44:53.784+0000] {dag.py:3033} INFO - Sync 1 DAGs
[2025-04-28T14:44:53.910+0000] {logging_mixin.py:188} INFO - [2025-04-28T14:44:53.910+0000] {dag.py:3820} INFO - Setting next_dagrun for example_params_trigger_ui to None, run_after=None
[2025-04-28T14:44:54.153+0000] {processor.py:183} INFO - Processing /home/airflow/.local/lib/python3.8/site-packages/airflow/example_dags/example_params_trigger_ui.py took 0.651 seconds
[2025-04-28T14:45:25.710+0000] {processor.py:161} INFO - Started process (PID=3536) to work on /home/airflow/.local/lib/python3.8/site-packages/airflow/example_dags/example_params_trigger_ui.py
[2025-04-28T14:45:25.711+0000] {processor.py:830} INFO - Processing file /home/airflow/.local/lib/python3.8/site-packages/airflow/example_dags/example_params_trigger_ui.py for tasks to queue
[2025-04-28T14:45:25.715+0000] {logging_mixin.py:188} INFO - [2025-04-28T14:45:25.714+0000] {dagbag.py:538} INFO - Filling up the DagBag from /home/airflow/.local/lib/python3.8/site-packages/airflow/example_dags/example_params_trigger_ui.py
[2025-04-28T14:45:25.740+0000] {processor.py:840} INFO - DAG(s) 'example_params_trigger_ui' retrieved from /home/airflow/.local/lib/python3.8/site-packages/airflow/example_dags/example_params_trigger_ui.py
[2025-04-28T14:45:25.873+0000] {logging_mixin.py:188} INFO - [2025-04-28T14:45:25.872+0000] {dag.py:3033} INFO - Sync 1 DAGs
[2025-04-28T14:45:25.900+0000] {logging_mixin.py:188} INFO - [2025-04-28T14:45:25.899+0000] {dag.py:3820} INFO - Setting next_dagrun for example_params_trigger_ui to None, run_after=None
[2025-04-28T14:45:25.945+0000] {processor.py:183} INFO - Processing /home/airflow/.local/lib/python3.8/site-packages/airflow/example_dags/example_params_trigger_ui.py took 0.239 seconds
[2025-04-28T14:49:05.794+0000] {processor.py:161} INFO - Started process (PID=100) to work on /home/airflow/.local/lib/python3.8/site-packages/airflow/example_dags/example_params_trigger_ui.py
[2025-04-28T14:49:05.796+0000] {processor.py:830} INFO - Processing file /home/airflow/.local/lib/python3.8/site-packages/airflow/example_dags/example_params_trigger_ui.py for tasks to queue
[2025-04-28T14:49:05.799+0000] {logging_mixin.py:188} INFO - [2025-04-28T14:49:05.798+0000] {dagbag.py:538} INFO - Filling up the DagBag from /home/airflow/.local/lib/python3.8/site-packages/airflow/example_dags/example_params_trigger_ui.py
[2025-04-28T14:49:05.830+0000] {processor.py:840} INFO - DAG(s) 'example_params_trigger_ui' retrieved from /home/airflow/.local/lib/python3.8/site-packages/airflow/example_dags/example_params_trigger_ui.py
[2025-04-28T14:49:06.160+0000] {logging_mixin.py:188} INFO - [2025-04-28T14:49:06.159+0000] {dag.py:3033} INFO - Sync 1 DAGs
[2025-04-28T14:49:06.201+0000] {logging_mixin.py:188} INFO - [2025-04-28T14:49:06.201+0000] {dag.py:3820} INFO - Setting next_dagrun for example_params_trigger_ui to None, run_after=None
[2025-04-28T14:49:06.270+0000] {processor.py:183} INFO - Processing /home/airflow/.local/lib/python3.8/site-packages/airflow/example_dags/example_params_trigger_ui.py took 0.482 seconds
[2025-04-28T14:49:37.198+0000] {processor.py:161} INFO - Started process (PID=156) to work on /home/airflow/.local/lib/python3.8/site-packages/airflow/example_dags/example_params_trigger_ui.py
[2025-04-28T14:49:37.200+0000] {processor.py:830} INFO - Processing file /home/airflow/.local/lib/python3.8/site-packages/airflow/example_dags/example_params_trigger_ui.py for tasks to queue
[2025-04-28T14:49:37.204+0000] {logging_mixin.py:188} INFO - [2025-04-28T14:49:37.204+0000] {dagbag.py:538} INFO - Filling up the DagBag from /home/airflow/.local/lib/python3.8/site-packages/airflow/example_dags/example_params_trigger_ui.py
[2025-04-28T14:49:37.226+0000] {processor.py:840} INFO - DAG(s) 'example_params_trigger_ui' retrieved from /home/airflow/.local/lib/python3.8/site-packages/airflow/example_dags/example_params_trigger_ui.py
[2025-04-28T14:49:37.326+0000] {logging_mixin.py:188} INFO - [2025-04-28T14:49:37.326+0000] {dag.py:3033} INFO - Sync 1 DAGs
[2025-04-28T14:49:37.347+0000] {logging_mixin.py:188} INFO - [2025-04-28T14:49:37.346+0000] {dag.py:3820} INFO - Setting next_dagrun for example_params_trigger_ui to None, run_after=None
[2025-04-28T14:49:37.385+0000] {processor.py:183} INFO - Processing /home/airflow/.local/lib/python3.8/site-packages/airflow/example_dags/example_params_trigger_ui.py took 0.192 seconds
[2025-04-28T14:50:07.983+0000] {processor.py:161} INFO - Started process (PID=213) to work on /home/airflow/.local/lib/python3.8/site-packages/airflow/example_dags/example_params_trigger_ui.py
[2025-04-28T14:50:07.985+0000] {processor.py:830} INFO - Processing file /home/airflow/.local/lib/python3.8/site-packages/airflow/example_dags/example_params_trigger_ui.py for tasks to queue
[2025-04-28T14:50:07.991+0000] {logging_mixin.py:188} INFO - [2025-04-28T14:50:07.990+0000] {dagbag.py:538} INFO - Filling up the DagBag from /home/airflow/.local/lib/python3.8/site-packages/airflow/example_dags/example_params_trigger_ui.py
[2025-04-28T14:50:08.023+0000] {processor.py:840} INFO - DAG(s) 'example_params_trigger_ui' retrieved from /home/airflow/.local/lib/python3.8/site-packages/airflow/example_dags/example_params_trigger_ui.py
[2025-04-28T14:50:08.168+0000] {logging_mixin.py:188} INFO - [2025-04-28T14:50:08.168+0000] {dag.py:3033} INFO - Sync 1 DAGs
[2025-04-28T14:50:08.220+0000] {logging_mixin.py:188} INFO - [2025-04-28T14:50:08.220+0000] {dag.py:3820} INFO - Setting next_dagrun for example_params_trigger_ui to None, run_after=None
[2025-04-28T14:50:08.279+0000] {processor.py:183} INFO - Processing /home/airflow/.local/lib/python3.8/site-packages/airflow/example_dags/example_params_trigger_ui.py took 0.303 seconds
[2025-04-28T14:50:38.853+0000] {processor.py:161} INFO - Started process (PID=268) to work on /home/airflow/.local/lib/python3.8/site-packages/airflow/example_dags/example_params_trigger_ui.py
[2025-04-28T14:50:38.855+0000] {processor.py:830} INFO - Processing file /home/airflow/.local/lib/python3.8/site-packages/airflow/example_dags/example_params_trigger_ui.py for tasks to queue
[2025-04-28T14:50:38.868+0000] {logging_mixin.py:188} INFO - [2025-04-28T14:50:38.868+0000] {dagbag.py:538} INFO - Filling up the DagBag from /home/airflow/.local/lib/python3.8/site-packages/airflow/example_dags/example_params_trigger_ui.py
[2025-04-28T14:50:38.901+0000] {processor.py:840} INFO - DAG(s) 'example_params_trigger_ui' retrieved from /home/airflow/.local/lib/python3.8/site-packages/airflow/example_dags/example_params_trigger_ui.py
[2025-04-28T14:50:38.994+0000] {logging_mixin.py:188} INFO - [2025-04-28T14:50:38.994+0000] {dag.py:3033} INFO - Sync 1 DAGs
[2025-04-28T14:50:39.017+0000] {logging_mixin.py:188} INFO - [2025-04-28T14:50:39.017+0000] {dag.py:3820} INFO - Setting next_dagrun for example_params_trigger_ui to None, run_after=None
[2025-04-28T14:50:39.054+0000] {processor.py:183} INFO - Processing /home/airflow/.local/lib/python3.8/site-packages/airflow/example_dags/example_params_trigger_ui.py took 0.222 seconds
[2025-04-28T14:51:09.881+0000] {processor.py:161} INFO - Started process (PID=325) to work on /home/airflow/.local/lib/python3.8/site-packages/airflow/example_dags/example_params_trigger_ui.py
[2025-04-28T14:51:09.883+0000] {processor.py:830} INFO - Processing file /home/airflow/.local/lib/python3.8/site-packages/airflow/example_dags/example_params_trigger_ui.py for tasks to queue
[2025-04-28T14:51:09.889+0000] {logging_mixin.py:188} INFO - [2025-04-28T14:51:09.888+0000] {dagbag.py:538} INFO - Filling up the DagBag from /home/airflow/.local/lib/python3.8/site-packages/airflow/example_dags/example_params_trigger_ui.py
[2025-04-28T14:51:09.922+0000] {processor.py:840} INFO - DAG(s) 'example_params_trigger_ui' retrieved from /home/airflow/.local/lib/python3.8/site-packages/airflow/example_dags/example_params_trigger_ui.py
[2025-04-28T14:51:10.074+0000] {logging_mixin.py:188} INFO - [2025-04-28T14:51:10.073+0000] {dag.py:3033} INFO - Sync 1 DAGs
[2025-04-28T14:51:10.099+0000] {logging_mixin.py:188} INFO - [2025-04-28T14:51:10.099+0000] {dag.py:3820} INFO - Setting next_dagrun for example_params_trigger_ui to None, run_after=None
[2025-04-28T14:51:10.191+0000] {processor.py:183} INFO - Processing /home/airflow/.local/lib/python3.8/site-packages/airflow/example_dags/example_params_trigger_ui.py took 0.317 seconds
[2025-04-28T14:51:40.782+0000] {processor.py:161} INFO - Started process (PID=381) to work on /home/airflow/.local/lib/python3.8/site-packages/airflow/example_dags/example_params_trigger_ui.py
[2025-04-28T14:51:40.785+0000] {processor.py:830} INFO - Processing file /home/airflow/.local/lib/python3.8/site-packages/airflow/example_dags/example_params_trigger_ui.py for tasks to queue
[2025-04-28T14:51:40.790+0000] {logging_mixin.py:188} INFO - [2025-04-28T14:51:40.790+0000] {dagbag.py:538} INFO - Filling up the DagBag from /home/airflow/.local/lib/python3.8/site-packages/airflow/example_dags/example_params_trigger_ui.py
[2025-04-28T14:51:40.829+0000] {processor.py:840} INFO - DAG(s) 'example_params_trigger_ui' retrieved from /home/airflow/.local/lib/python3.8/site-packages/airflow/example_dags/example_params_trigger_ui.py
[2025-04-28T14:51:41.072+0000] {logging_mixin.py:188} INFO - [2025-04-28T14:51:41.071+0000] {dag.py:3033} INFO - Sync 1 DAGs
[2025-04-28T14:51:41.107+0000] {logging_mixin.py:188} INFO - [2025-04-28T14:51:41.106+0000] {dag.py:3820} INFO - Setting next_dagrun for example_params_trigger_ui to None, run_after=None
[2025-04-28T14:51:41.151+0000] {processor.py:183} INFO - Processing /home/airflow/.local/lib/python3.8/site-packages/airflow/example_dags/example_params_trigger_ui.py took 0.375 seconds
[2025-04-28T14:52:14.052+0000] {processor.py:161} INFO - Started process (PID=435) to work on /home/airflow/.local/lib/python3.8/site-packages/airflow/example_dags/example_params_trigger_ui.py
[2025-04-28T14:52:14.054+0000] {processor.py:830} INFO - Processing file /home/airflow/.local/lib/python3.8/site-packages/airflow/example_dags/example_params_trigger_ui.py for tasks to queue
[2025-04-28T14:52:14.057+0000] {logging_mixin.py:188} INFO - [2025-04-28T14:52:14.057+0000] {dagbag.py:538} INFO - Filling up the DagBag from /home/airflow/.local/lib/python3.8/site-packages/airflow/example_dags/example_params_trigger_ui.py
[2025-04-28T14:52:14.078+0000] {processor.py:840} INFO - DAG(s) 'example_params_trigger_ui' retrieved from /home/airflow/.local/lib/python3.8/site-packages/airflow/example_dags/example_params_trigger_ui.py
[2025-04-28T14:52:14.187+0000] {logging_mixin.py:188} INFO - [2025-04-28T14:52:14.187+0000] {dag.py:3033} INFO - Sync 1 DAGs
[2025-04-28T14:52:14.206+0000] {logging_mixin.py:188} INFO - [2025-04-28T14:52:14.206+0000] {dag.py:3820} INFO - Setting next_dagrun for example_params_trigger_ui to None, run_after=None
[2025-04-28T14:52:14.238+0000] {processor.py:183} INFO - Processing /home/airflow/.local/lib/python3.8/site-packages/airflow/example_dags/example_params_trigger_ui.py took 0.191 seconds
[2025-04-28T14:52:45.136+0000] {processor.py:161} INFO - Started process (PID=491) to work on /home/airflow/.local/lib/python3.8/site-packages/airflow/example_dags/example_params_trigger_ui.py
[2025-04-28T14:52:45.138+0000] {processor.py:830} INFO - Processing file /home/airflow/.local/lib/python3.8/site-packages/airflow/example_dags/example_params_trigger_ui.py for tasks to queue
[2025-04-28T14:52:45.142+0000] {logging_mixin.py:188} INFO - [2025-04-28T14:52:45.142+0000] {dagbag.py:538} INFO - Filling up the DagBag from /home/airflow/.local/lib/python3.8/site-packages/airflow/example_dags/example_params_trigger_ui.py
[2025-04-28T14:52:45.163+0000] {processor.py:840} INFO - DAG(s) 'example_params_trigger_ui' retrieved from /home/airflow/.local/lib/python3.8/site-packages/airflow/example_dags/example_params_trigger_ui.py
[2025-04-28T14:52:45.299+0000] {logging_mixin.py:188} INFO - [2025-04-28T14:52:45.299+0000] {dag.py:3033} INFO - Sync 1 DAGs
[2025-04-28T14:52:45.326+0000] {logging_mixin.py:188} INFO - [2025-04-28T14:52:45.326+0000] {dag.py:3820} INFO - Setting next_dagrun for example_params_trigger_ui to None, run_after=None
[2025-04-28T14:52:45.362+0000] {processor.py:183} INFO - Processing /home/airflow/.local/lib/python3.8/site-packages/airflow/example_dags/example_params_trigger_ui.py took 0.230 seconds
[2025-04-28T14:53:16.541+0000] {processor.py:161} INFO - Started process (PID=548) to work on /home/airflow/.local/lib/python3.8/site-packages/airflow/example_dags/example_params_trigger_ui.py
[2025-04-28T14:53:16.543+0000] {processor.py:830} INFO - Processing file /home/airflow/.local/lib/python3.8/site-packages/airflow/example_dags/example_params_trigger_ui.py for tasks to queue
[2025-04-28T14:53:16.547+0000] {logging_mixin.py:188} INFO - [2025-04-28T14:53:16.546+0000] {dagbag.py:538} INFO - Filling up the DagBag from /home/airflow/.local/lib/python3.8/site-packages/airflow/example_dags/example_params_trigger_ui.py
[2025-04-28T14:53:16.572+0000] {processor.py:840} INFO - DAG(s) 'example_params_trigger_ui' retrieved from /home/airflow/.local/lib/python3.8/site-packages/airflow/example_dags/example_params_trigger_ui.py
[2025-04-28T14:53:16.692+0000] {logging_mixin.py:188} INFO - [2025-04-28T14:53:16.691+0000] {dag.py:3033} INFO - Sync 1 DAGs
[2025-04-28T14:53:16.727+0000] {logging_mixin.py:188} INFO - [2025-04-28T14:53:16.727+0000] {dag.py:3820} INFO - Setting next_dagrun for example_params_trigger_ui to None, run_after=None
[2025-04-28T14:53:16.787+0000] {processor.py:183} INFO - Processing /home/airflow/.local/lib/python3.8/site-packages/airflow/example_dags/example_params_trigger_ui.py took 0.250 seconds
[2025-04-28T14:53:47.302+0000] {processor.py:161} INFO - Started process (PID=604) to work on /home/airflow/.local/lib/python3.8/site-packages/airflow/example_dags/example_params_trigger_ui.py
[2025-04-28T14:53:47.304+0000] {processor.py:830} INFO - Processing file /home/airflow/.local/lib/python3.8/site-packages/airflow/example_dags/example_params_trigger_ui.py for tasks to queue
[2025-04-28T14:53:47.306+0000] {logging_mixin.py:188} INFO - [2025-04-28T14:53:47.306+0000] {dagbag.py:538} INFO - Filling up the DagBag from /home/airflow/.local/lib/python3.8/site-packages/airflow/example_dags/example_params_trigger_ui.py
[2025-04-28T14:53:47.328+0000] {processor.py:840} INFO - DAG(s) 'example_params_trigger_ui' retrieved from /home/airflow/.local/lib/python3.8/site-packages/airflow/example_dags/example_params_trigger_ui.py
[2025-04-28T14:53:47.427+0000] {logging_mixin.py:188} INFO - [2025-04-28T14:53:47.426+0000] {dag.py:3033} INFO - Sync 1 DAGs
[2025-04-28T14:53:47.456+0000] {logging_mixin.py:188} INFO - [2025-04-28T14:53:47.456+0000] {dag.py:3820} INFO - Setting next_dagrun for example_params_trigger_ui to None, run_after=None
[2025-04-28T14:53:47.498+0000] {processor.py:183} INFO - Processing /home/airflow/.local/lib/python3.8/site-packages/airflow/example_dags/example_params_trigger_ui.py took 0.200 seconds
[2025-04-28T14:54:17.893+0000] {processor.py:161} INFO - Started process (PID=661) to work on /home/airflow/.local/lib/python3.8/site-packages/airflow/example_dags/example_params_trigger_ui.py
[2025-04-28T14:54:17.894+0000] {processor.py:830} INFO - Processing file /home/airflow/.local/lib/python3.8/site-packages/airflow/example_dags/example_params_trigger_ui.py for tasks to queue
[2025-04-28T14:54:17.897+0000] {logging_mixin.py:188} INFO - [2025-04-28T14:54:17.896+0000] {dagbag.py:538} INFO - Filling up the DagBag from /home/airflow/.local/lib/python3.8/site-packages/airflow/example_dags/example_params_trigger_ui.py
[2025-04-28T14:54:17.915+0000] {processor.py:840} INFO - DAG(s) 'example_params_trigger_ui' retrieved from /home/airflow/.local/lib/python3.8/site-packages/airflow/example_dags/example_params_trigger_ui.py
[2025-04-28T14:54:18.002+0000] {logging_mixin.py:188} INFO - [2025-04-28T14:54:18.002+0000] {dag.py:3033} INFO - Sync 1 DAGs
[2025-04-28T14:54:18.020+0000] {logging_mixin.py:188} INFO - [2025-04-28T14:54:18.020+0000] {dag.py:3820} INFO - Setting next_dagrun for example_params_trigger_ui to None, run_after=None
[2025-04-28T14:54:18.059+0000] {processor.py:183} INFO - Processing /home/airflow/.local/lib/python3.8/site-packages/airflow/example_dags/example_params_trigger_ui.py took 0.170 seconds
[2025-04-28T14:54:48.460+0000] {processor.py:161} INFO - Started process (PID=718) to work on /home/airflow/.local/lib/python3.8/site-packages/airflow/example_dags/example_params_trigger_ui.py
[2025-04-28T14:54:48.462+0000] {processor.py:830} INFO - Processing file /home/airflow/.local/lib/python3.8/site-packages/airflow/example_dags/example_params_trigger_ui.py for tasks to queue
[2025-04-28T14:54:48.465+0000] {logging_mixin.py:188} INFO - [2025-04-28T14:54:48.465+0000] {dagbag.py:538} INFO - Filling up the DagBag from /home/airflow/.local/lib/python3.8/site-packages/airflow/example_dags/example_params_trigger_ui.py
[2025-04-28T14:54:48.484+0000] {processor.py:840} INFO - DAG(s) 'example_params_trigger_ui' retrieved from /home/airflow/.local/lib/python3.8/site-packages/airflow/example_dags/example_params_trigger_ui.py
[2025-04-28T14:54:48.574+0000] {logging_mixin.py:188} INFO - [2025-04-28T14:54:48.574+0000] {dag.py:3033} INFO - Sync 1 DAGs
[2025-04-28T14:54:48.593+0000] {logging_mixin.py:188} INFO - [2025-04-28T14:54:48.593+0000] {dag.py:3820} INFO - Setting next_dagrun for example_params_trigger_ui to None, run_after=None
[2025-04-28T14:54:48.635+0000] {processor.py:183} INFO - Processing /home/airflow/.local/lib/python3.8/site-packages/airflow/example_dags/example_params_trigger_ui.py took 0.180 seconds
[2025-04-28T14:55:21.741+0000] {processor.py:161} INFO - Started process (PID=775) to work on /home/airflow/.local/lib/python3.8/site-packages/airflow/example_dags/example_params_trigger_ui.py
[2025-04-28T14:55:21.743+0000] {processor.py:830} INFO - Processing file /home/airflow/.local/lib/python3.8/site-packages/airflow/example_dags/example_params_trigger_ui.py for tasks to queue
[2025-04-28T14:55:21.748+0000] {logging_mixin.py:188} INFO - [2025-04-28T14:55:21.747+0000] {dagbag.py:538} INFO - Filling up the DagBag from /home/airflow/.local/lib/python3.8/site-packages/airflow/example_dags/example_params_trigger_ui.py
[2025-04-28T14:55:21.774+0000] {processor.py:840} INFO - DAG(s) 'example_params_trigger_ui' retrieved from /home/airflow/.local/lib/python3.8/site-packages/airflow/example_dags/example_params_trigger_ui.py
[2025-04-28T14:55:21.925+0000] {logging_mixin.py:188} INFO - [2025-04-28T14:55:21.924+0000] {dag.py:3033} INFO - Sync 1 DAGs
[2025-04-28T14:55:21.952+0000] {logging_mixin.py:188} INFO - [2025-04-28T14:55:21.952+0000] {dag.py:3820} INFO - Setting next_dagrun for example_params_trigger_ui to None, run_after=None
[2025-04-28T14:55:21.993+0000] {processor.py:183} INFO - Processing /home/airflow/.local/lib/python3.8/site-packages/airflow/example_dags/example_params_trigger_ui.py took 0.258 seconds
[2025-04-28T14:55:52.720+0000] {processor.py:161} INFO - Started process (PID=831) to work on /home/airflow/.local/lib/python3.8/site-packages/airflow/example_dags/example_params_trigger_ui.py
[2025-04-28T14:55:52.722+0000] {processor.py:830} INFO - Processing file /home/airflow/.local/lib/python3.8/site-packages/airflow/example_dags/example_params_trigger_ui.py for tasks to queue
[2025-04-28T14:55:52.725+0000] {logging_mixin.py:188} INFO - [2025-04-28T14:55:52.725+0000] {dagbag.py:538} INFO - Filling up the DagBag from /home/airflow/.local/lib/python3.8/site-packages/airflow/example_dags/example_params_trigger_ui.py
[2025-04-28T14:55:52.745+0000] {processor.py:840} INFO - DAG(s) 'example_params_trigger_ui' retrieved from /home/airflow/.local/lib/python3.8/site-packages/airflow/example_dags/example_params_trigger_ui.py
[2025-04-28T14:55:52.838+0000] {logging_mixin.py:188} INFO - [2025-04-28T14:55:52.838+0000] {dag.py:3033} INFO - Sync 1 DAGs
[2025-04-28T14:55:52.856+0000] {logging_mixin.py:188} INFO - [2025-04-28T14:55:52.856+0000] {dag.py:3820} INFO - Setting next_dagrun for example_params_trigger_ui to None, run_after=None
[2025-04-28T14:55:52.883+0000] {processor.py:183} INFO - Processing /home/airflow/.local/lib/python3.8/site-packages/airflow/example_dags/example_params_trigger_ui.py took 0.167 seconds
[2025-04-28T14:56:24.033+0000] {processor.py:161} INFO - Started process (PID=887) to work on /home/airflow/.local/lib/python3.8/site-packages/airflow/example_dags/example_params_trigger_ui.py
[2025-04-28T14:56:24.035+0000] {processor.py:830} INFO - Processing file /home/airflow/.local/lib/python3.8/site-packages/airflow/example_dags/example_params_trigger_ui.py for tasks to queue
[2025-04-28T14:56:24.038+0000] {logging_mixin.py:188} INFO - [2025-04-28T14:56:24.038+0000] {dagbag.py:538} INFO - Filling up the DagBag from /home/airflow/.local/lib/python3.8/site-packages/airflow/example_dags/example_params_trigger_ui.py
[2025-04-28T14:56:24.062+0000] {processor.py:840} INFO - DAG(s) 'example_params_trigger_ui' retrieved from /home/airflow/.local/lib/python3.8/site-packages/airflow/example_dags/example_params_trigger_ui.py
[2025-04-28T14:56:24.162+0000] {logging_mixin.py:188} INFO - [2025-04-28T14:56:24.162+0000] {dag.py:3033} INFO - Sync 1 DAGs
[2025-04-28T14:56:24.183+0000] {logging_mixin.py:188} INFO - [2025-04-28T14:56:24.183+0000] {dag.py:3820} INFO - Setting next_dagrun for example_params_trigger_ui to None, run_after=None
[2025-04-28T14:56:24.226+0000] {processor.py:183} INFO - Processing /home/airflow/.local/lib/python3.8/site-packages/airflow/example_dags/example_params_trigger_ui.py took 0.197 seconds
[2025-04-28T14:56:56.150+0000] {processor.py:161} INFO - Started process (PID=943) to work on /home/airflow/.local/lib/python3.8/site-packages/airflow/example_dags/example_params_trigger_ui.py
[2025-04-28T14:56:56.151+0000] {processor.py:830} INFO - Processing file /home/airflow/.local/lib/python3.8/site-packages/airflow/example_dags/example_params_trigger_ui.py for tasks to queue
[2025-04-28T14:56:56.154+0000] {logging_mixin.py:188} INFO - [2025-04-28T14:56:56.154+0000] {dagbag.py:538} INFO - Filling up the DagBag from /home/airflow/.local/lib/python3.8/site-packages/airflow/example_dags/example_params_trigger_ui.py
[2025-04-28T14:56:56.176+0000] {processor.py:840} INFO - DAG(s) 'example_params_trigger_ui' retrieved from /home/airflow/.local/lib/python3.8/site-packages/airflow/example_dags/example_params_trigger_ui.py
[2025-04-28T14:56:56.272+0000] {logging_mixin.py:188} INFO - [2025-04-28T14:56:56.272+0000] {dag.py:3033} INFO - Sync 1 DAGs
[2025-04-28T14:56:56.290+0000] {logging_mixin.py:188} INFO - [2025-04-28T14:56:56.290+0000] {dag.py:3820} INFO - Setting next_dagrun for example_params_trigger_ui to None, run_after=None
[2025-04-28T14:56:56.319+0000] {processor.py:183} INFO - Processing /home/airflow/.local/lib/python3.8/site-packages/airflow/example_dags/example_params_trigger_ui.py took 0.173 seconds
[2025-04-28T14:57:27.523+0000] {processor.py:161} INFO - Started process (PID=993) to work on /home/airflow/.local/lib/python3.8/site-packages/airflow/example_dags/example_params_trigger_ui.py
[2025-04-28T14:57:27.525+0000] {processor.py:830} INFO - Processing file /home/airflow/.local/lib/python3.8/site-packages/airflow/example_dags/example_params_trigger_ui.py for tasks to queue
[2025-04-28T14:57:27.528+0000] {logging_mixin.py:188} INFO - [2025-04-28T14:57:27.528+0000] {dagbag.py:538} INFO - Filling up the DagBag from /home/airflow/.local/lib/python3.8/site-packages/airflow/example_dags/example_params_trigger_ui.py
[2025-04-28T14:57:27.549+0000] {processor.py:840} INFO - DAG(s) 'example_params_trigger_ui' retrieved from /home/airflow/.local/lib/python3.8/site-packages/airflow/example_dags/example_params_trigger_ui.py
[2025-04-28T14:57:27.644+0000] {logging_mixin.py:188} INFO - [2025-04-28T14:57:27.644+0000] {dag.py:3033} INFO - Sync 1 DAGs
[2025-04-28T14:57:27.673+0000] {logging_mixin.py:188} INFO - [2025-04-28T14:57:27.672+0000] {dag.py:3820} INFO - Setting next_dagrun for example_params_trigger_ui to None, run_after=None
[2025-04-28T14:57:27.708+0000] {processor.py:183} INFO - Processing /home/airflow/.local/lib/python3.8/site-packages/airflow/example_dags/example_params_trigger_ui.py took 0.191 seconds
[2025-04-28T14:58:02.189+0000] {processor.py:161} INFO - Started process (PID=1053) to work on /home/airflow/.local/lib/python3.8/site-packages/airflow/example_dags/example_params_trigger_ui.py
[2025-04-28T14:58:02.192+0000] {processor.py:830} INFO - Processing file /home/airflow/.local/lib/python3.8/site-packages/airflow/example_dags/example_params_trigger_ui.py for tasks to queue
[2025-04-28T14:58:02.195+0000] {logging_mixin.py:188} INFO - [2025-04-28T14:58:02.194+0000] {dagbag.py:538} INFO - Filling up the DagBag from /home/airflow/.local/lib/python3.8/site-packages/airflow/example_dags/example_params_trigger_ui.py
[2025-04-28T14:58:02.232+0000] {processor.py:840} INFO - DAG(s) 'example_params_trigger_ui' retrieved from /home/airflow/.local/lib/python3.8/site-packages/airflow/example_dags/example_params_trigger_ui.py
[2025-04-28T14:58:02.444+0000] {logging_mixin.py:188} INFO - [2025-04-28T14:58:02.443+0000] {dag.py:3033} INFO - Sync 1 DAGs
[2025-04-28T14:58:02.478+0000] {logging_mixin.py:188} INFO - [2025-04-28T14:58:02.478+0000] {dag.py:3820} INFO - Setting next_dagrun for example_params_trigger_ui to None, run_after=None
[2025-04-28T14:58:02.529+0000] {processor.py:183} INFO - Processing /home/airflow/.local/lib/python3.8/site-packages/airflow/example_dags/example_params_trigger_ui.py took 0.348 seconds
[2025-04-28T14:58:33.227+0000] {processor.py:161} INFO - Started process (PID=1104) to work on /home/airflow/.local/lib/python3.8/site-packages/airflow/example_dags/example_params_trigger_ui.py
[2025-04-28T14:58:33.231+0000] {processor.py:830} INFO - Processing file /home/airflow/.local/lib/python3.8/site-packages/airflow/example_dags/example_params_trigger_ui.py for tasks to queue
[2025-04-28T14:58:33.234+0000] {logging_mixin.py:188} INFO - [2025-04-28T14:58:33.234+0000] {dagbag.py:538} INFO - Filling up the DagBag from /home/airflow/.local/lib/python3.8/site-packages/airflow/example_dags/example_params_trigger_ui.py
[2025-04-28T14:58:33.253+0000] {processor.py:840} INFO - DAG(s) 'example_params_trigger_ui' retrieved from /home/airflow/.local/lib/python3.8/site-packages/airflow/example_dags/example_params_trigger_ui.py
[2025-04-28T14:58:33.361+0000] {logging_mixin.py:188} INFO - [2025-04-28T14:58:33.361+0000] {dag.py:3033} INFO - Sync 1 DAGs
[2025-04-28T14:58:33.394+0000] {logging_mixin.py:188} INFO - [2025-04-28T14:58:33.394+0000] {dag.py:3820} INFO - Setting next_dagrun for example_params_trigger_ui to None, run_after=None
[2025-04-28T14:58:33.435+0000] {processor.py:183} INFO - Processing /home/airflow/.local/lib/python3.8/site-packages/airflow/example_dags/example_params_trigger_ui.py took 0.212 seconds
[2025-04-28T14:59:10.281+0000] {processor.py:161} INFO - Started process (PID=1168) to work on /home/airflow/.local/lib/python3.8/site-packages/airflow/example_dags/example_params_trigger_ui.py
[2025-04-28T14:59:10.283+0000] {processor.py:830} INFO - Processing file /home/airflow/.local/lib/python3.8/site-packages/airflow/example_dags/example_params_trigger_ui.py for tasks to queue
[2025-04-28T14:59:10.287+0000] {logging_mixin.py:188} INFO - [2025-04-28T14:59:10.287+0000] {dagbag.py:538} INFO - Filling up the DagBag from /home/airflow/.local/lib/python3.8/site-packages/airflow/example_dags/example_params_trigger_ui.py
[2025-04-28T14:59:10.323+0000] {processor.py:840} INFO - DAG(s) 'example_params_trigger_ui' retrieved from /home/airflow/.local/lib/python3.8/site-packages/airflow/example_dags/example_params_trigger_ui.py
[2025-04-28T14:59:10.558+0000] {logging_mixin.py:188} INFO - [2025-04-28T14:59:10.557+0000] {dag.py:3033} INFO - Sync 1 DAGs
[2025-04-28T14:59:10.623+0000] {logging_mixin.py:188} INFO - [2025-04-28T14:59:10.623+0000] {dag.py:3820} INFO - Setting next_dagrun for example_params_trigger_ui to None, run_after=None
[2025-04-28T14:59:10.748+0000] {processor.py:183} INFO - Processing /home/airflow/.local/lib/python3.8/site-packages/airflow/example_dags/example_params_trigger_ui.py took 0.472 seconds
[2025-04-28T14:59:41.193+0000] {processor.py:161} INFO - Started process (PID=1224) to work on /home/airflow/.local/lib/python3.8/site-packages/airflow/example_dags/example_params_trigger_ui.py
[2025-04-28T14:59:41.195+0000] {processor.py:830} INFO - Processing file /home/airflow/.local/lib/python3.8/site-packages/airflow/example_dags/example_params_trigger_ui.py for tasks to queue
[2025-04-28T14:59:41.199+0000] {logging_mixin.py:188} INFO - [2025-04-28T14:59:41.198+0000] {dagbag.py:538} INFO - Filling up the DagBag from /home/airflow/.local/lib/python3.8/site-packages/airflow/example_dags/example_params_trigger_ui.py
[2025-04-28T14:59:41.234+0000] {processor.py:840} INFO - DAG(s) 'example_params_trigger_ui' retrieved from /home/airflow/.local/lib/python3.8/site-packages/airflow/example_dags/example_params_trigger_ui.py
[2025-04-28T14:59:41.406+0000] {logging_mixin.py:188} INFO - [2025-04-28T14:59:41.406+0000] {dag.py:3033} INFO - Sync 1 DAGs
[2025-04-28T14:59:41.431+0000] {logging_mixin.py:188} INFO - [2025-04-28T14:59:41.431+0000] {dag.py:3820} INFO - Setting next_dagrun for example_params_trigger_ui to None, run_after=None
[2025-04-28T14:59:41.489+0000] {processor.py:183} INFO - Processing /home/airflow/.local/lib/python3.8/site-packages/airflow/example_dags/example_params_trigger_ui.py took 0.304 seconds
[2025-04-28T15:00:12.011+0000] {processor.py:161} INFO - Started process (PID=1275) to work on /home/airflow/.local/lib/python3.8/site-packages/airflow/example_dags/example_params_trigger_ui.py
[2025-04-28T15:00:12.012+0000] {processor.py:830} INFO - Processing file /home/airflow/.local/lib/python3.8/site-packages/airflow/example_dags/example_params_trigger_ui.py for tasks to queue
[2025-04-28T15:00:12.016+0000] {logging_mixin.py:188} INFO - [2025-04-28T15:00:12.015+0000] {dagbag.py:538} INFO - Filling up the DagBag from /home/airflow/.local/lib/python3.8/site-packages/airflow/example_dags/example_params_trigger_ui.py
[2025-04-28T15:00:12.040+0000] {processor.py:840} INFO - DAG(s) 'example_params_trigger_ui' retrieved from /home/airflow/.local/lib/python3.8/site-packages/airflow/example_dags/example_params_trigger_ui.py
[2025-04-28T15:00:12.139+0000] {logging_mixin.py:188} INFO - [2025-04-28T15:00:12.139+0000] {dag.py:3033} INFO - Sync 1 DAGs
[2025-04-28T15:00:12.167+0000] {logging_mixin.py:188} INFO - [2025-04-28T15:00:12.167+0000] {dag.py:3820} INFO - Setting next_dagrun for example_params_trigger_ui to None, run_after=None
[2025-04-28T15:00:12.230+0000] {processor.py:183} INFO - Processing /home/airflow/.local/lib/python3.8/site-packages/airflow/example_dags/example_params_trigger_ui.py took 0.223 seconds
[2025-04-28T15:00:44.912+0000] {processor.py:161} INFO - Started process (PID=1331) to work on /home/airflow/.local/lib/python3.8/site-packages/airflow/example_dags/example_params_trigger_ui.py
[2025-04-28T15:00:44.924+0000] {processor.py:830} INFO - Processing file /home/airflow/.local/lib/python3.8/site-packages/airflow/example_dags/example_params_trigger_ui.py for tasks to queue
[2025-04-28T15:00:44.939+0000] {logging_mixin.py:188} INFO - [2025-04-28T15:00:44.938+0000] {dagbag.py:538} INFO - Filling up the DagBag from /home/airflow/.local/lib/python3.8/site-packages/airflow/example_dags/example_params_trigger_ui.py
[2025-04-28T15:00:45.006+0000] {processor.py:840} INFO - DAG(s) 'example_params_trigger_ui' retrieved from /home/airflow/.local/lib/python3.8/site-packages/airflow/example_dags/example_params_trigger_ui.py
[2025-04-28T15:00:45.244+0000] {logging_mixin.py:188} INFO - [2025-04-28T15:00:45.244+0000] {dag.py:3033} INFO - Sync 1 DAGs
[2025-04-28T15:00:45.295+0000] {logging_mixin.py:188} INFO - [2025-04-28T15:00:45.295+0000] {dag.py:3820} INFO - Setting next_dagrun for example_params_trigger_ui to None, run_after=None
[2025-04-28T15:00:45.368+0000] {processor.py:183} INFO - Processing /home/airflow/.local/lib/python3.8/site-packages/airflow/example_dags/example_params_trigger_ui.py took 0.472 seconds
[2025-04-28T15:01:18.535+0000] {processor.py:161} INFO - Started process (PID=1396) to work on /home/airflow/.local/lib/python3.8/site-packages/airflow/example_dags/example_params_trigger_ui.py
[2025-04-28T15:01:18.537+0000] {processor.py:830} INFO - Processing file /home/airflow/.local/lib/python3.8/site-packages/airflow/example_dags/example_params_trigger_ui.py for tasks to queue
[2025-04-28T15:01:18.546+0000] {logging_mixin.py:188} INFO - [2025-04-28T15:01:18.545+0000] {dagbag.py:538} INFO - Filling up the DagBag from /home/airflow/.local/lib/python3.8/site-packages/airflow/example_dags/example_params_trigger_ui.py
[2025-04-28T15:01:18.595+0000] {processor.py:840} INFO - DAG(s) 'example_params_trigger_ui' retrieved from /home/airflow/.local/lib/python3.8/site-packages/airflow/example_dags/example_params_trigger_ui.py
[2025-04-28T15:01:18.837+0000] {logging_mixin.py:188} INFO - [2025-04-28T15:01:18.837+0000] {dag.py:3033} INFO - Sync 1 DAGs
[2025-04-28T15:01:18.878+0000] {logging_mixin.py:188} INFO - [2025-04-28T15:01:18.878+0000] {dag.py:3820} INFO - Setting next_dagrun for example_params_trigger_ui to None, run_after=None
[2025-04-28T15:01:18.943+0000] {processor.py:183} INFO - Processing /home/airflow/.local/lib/python3.8/site-packages/airflow/example_dags/example_params_trigger_ui.py took 0.423 seconds
[2025-04-28T15:01:52.883+0000] {processor.py:161} INFO - Started process (PID=1455) to work on /home/airflow/.local/lib/python3.8/site-packages/airflow/example_dags/example_params_trigger_ui.py
[2025-04-28T15:01:52.885+0000] {processor.py:830} INFO - Processing file /home/airflow/.local/lib/python3.8/site-packages/airflow/example_dags/example_params_trigger_ui.py for tasks to queue
[2025-04-28T15:01:52.897+0000] {logging_mixin.py:188} INFO - [2025-04-28T15:01:52.896+0000] {dagbag.py:538} INFO - Filling up the DagBag from /home/airflow/.local/lib/python3.8/site-packages/airflow/example_dags/example_params_trigger_ui.py
[2025-04-28T15:01:52.946+0000] {processor.py:840} INFO - DAG(s) 'example_params_trigger_ui' retrieved from /home/airflow/.local/lib/python3.8/site-packages/airflow/example_dags/example_params_trigger_ui.py
[2025-04-28T15:01:53.275+0000] {logging_mixin.py:188} INFO - [2025-04-28T15:01:53.254+0000] {dag.py:3033} INFO - Sync 1 DAGs
[2025-04-28T15:01:53.338+0000] {logging_mixin.py:188} INFO - [2025-04-28T15:01:53.338+0000] {dag.py:3820} INFO - Setting next_dagrun for example_params_trigger_ui to None, run_after=None
[2025-04-28T15:01:53.444+0000] {processor.py:183} INFO - Processing /home/airflow/.local/lib/python3.8/site-packages/airflow/example_dags/example_params_trigger_ui.py took 0.566 seconds
[2025-04-28T15:02:24.879+0000] {processor.py:161} INFO - Started process (PID=1511) to work on /home/airflow/.local/lib/python3.8/site-packages/airflow/example_dags/example_params_trigger_ui.py
[2025-04-28T15:02:24.881+0000] {processor.py:830} INFO - Processing file /home/airflow/.local/lib/python3.8/site-packages/airflow/example_dags/example_params_trigger_ui.py for tasks to queue
[2025-04-28T15:02:24.884+0000] {logging_mixin.py:188} INFO - [2025-04-28T15:02:24.884+0000] {dagbag.py:538} INFO - Filling up the DagBag from /home/airflow/.local/lib/python3.8/site-packages/airflow/example_dags/example_params_trigger_ui.py
[2025-04-28T15:02:24.906+0000] {processor.py:840} INFO - DAG(s) 'example_params_trigger_ui' retrieved from /home/airflow/.local/lib/python3.8/site-packages/airflow/example_dags/example_params_trigger_ui.py
[2025-04-28T15:02:25.021+0000] {logging_mixin.py:188} INFO - [2025-04-28T15:02:25.021+0000] {dag.py:3033} INFO - Sync 1 DAGs
[2025-04-28T15:02:25.039+0000] {logging_mixin.py:188} INFO - [2025-04-28T15:02:25.039+0000] {dag.py:3820} INFO - Setting next_dagrun for example_params_trigger_ui to None, run_after=None
[2025-04-28T15:02:25.065+0000] {processor.py:183} INFO - Processing /home/airflow/.local/lib/python3.8/site-packages/airflow/example_dags/example_params_trigger_ui.py took 0.191 seconds
[2025-04-28T15:02:55.340+0000] {processor.py:161} INFO - Started process (PID=1562) to work on /home/airflow/.local/lib/python3.8/site-packages/airflow/example_dags/example_params_trigger_ui.py
[2025-04-28T15:02:55.341+0000] {processor.py:830} INFO - Processing file /home/airflow/.local/lib/python3.8/site-packages/airflow/example_dags/example_params_trigger_ui.py for tasks to queue
[2025-04-28T15:02:55.346+0000] {logging_mixin.py:188} INFO - [2025-04-28T15:02:55.345+0000] {dagbag.py:538} INFO - Filling up the DagBag from /home/airflow/.local/lib/python3.8/site-packages/airflow/example_dags/example_params_trigger_ui.py
[2025-04-28T15:02:55.369+0000] {processor.py:840} INFO - DAG(s) 'example_params_trigger_ui' retrieved from /home/airflow/.local/lib/python3.8/site-packages/airflow/example_dags/example_params_trigger_ui.py
[2025-04-28T15:02:55.471+0000] {logging_mixin.py:188} INFO - [2025-04-28T15:02:55.470+0000] {dag.py:3033} INFO - Sync 1 DAGs
[2025-04-28T15:02:55.496+0000] {logging_mixin.py:188} INFO - [2025-04-28T15:02:55.495+0000] {dag.py:3820} INFO - Setting next_dagrun for example_params_trigger_ui to None, run_after=None
[2025-04-28T15:02:55.567+0000] {processor.py:183} INFO - Processing /home/airflow/.local/lib/python3.8/site-packages/airflow/example_dags/example_params_trigger_ui.py took 0.233 seconds
[2025-04-28T15:03:28.488+0000] {processor.py:161} INFO - Started process (PID=1621) to work on /home/airflow/.local/lib/python3.8/site-packages/airflow/example_dags/example_params_trigger_ui.py
[2025-04-28T15:03:28.489+0000] {processor.py:830} INFO - Processing file /home/airflow/.local/lib/python3.8/site-packages/airflow/example_dags/example_params_trigger_ui.py for tasks to queue
[2025-04-28T15:03:28.493+0000] {logging_mixin.py:188} INFO - [2025-04-28T15:03:28.493+0000] {dagbag.py:538} INFO - Filling up the DagBag from /home/airflow/.local/lib/python3.8/site-packages/airflow/example_dags/example_params_trigger_ui.py
[2025-04-28T15:03:28.528+0000] {processor.py:840} INFO - DAG(s) 'example_params_trigger_ui' retrieved from /home/airflow/.local/lib/python3.8/site-packages/airflow/example_dags/example_params_trigger_ui.py
[2025-04-28T15:03:28.689+0000] {logging_mixin.py:188} INFO - [2025-04-28T15:03:28.689+0000] {dag.py:3033} INFO - Sync 1 DAGs
[2025-04-28T15:03:28.716+0000] {logging_mixin.py:188} INFO - [2025-04-28T15:03:28.715+0000] {dag.py:3820} INFO - Setting next_dagrun for example_params_trigger_ui to None, run_after=None
[2025-04-28T15:03:28.758+0000] {processor.py:183} INFO - Processing /home/airflow/.local/lib/python3.8/site-packages/airflow/example_dags/example_params_trigger_ui.py took 0.278 seconds
[2025-04-28T15:04:01.140+0000] {processor.py:161} INFO - Started process (PID=1678) to work on /home/airflow/.local/lib/python3.8/site-packages/airflow/example_dags/example_params_trigger_ui.py
[2025-04-28T15:04:01.142+0000] {processor.py:830} INFO - Processing file /home/airflow/.local/lib/python3.8/site-packages/airflow/example_dags/example_params_trigger_ui.py for tasks to queue
[2025-04-28T15:04:01.147+0000] {logging_mixin.py:188} INFO - [2025-04-28T15:04:01.146+0000] {dagbag.py:538} INFO - Filling up the DagBag from /home/airflow/.local/lib/python3.8/site-packages/airflow/example_dags/example_params_trigger_ui.py
[2025-04-28T15:04:01.189+0000] {processor.py:840} INFO - DAG(s) 'example_params_trigger_ui' retrieved from /home/airflow/.local/lib/python3.8/site-packages/airflow/example_dags/example_params_trigger_ui.py
[2025-04-28T15:04:01.310+0000] {logging_mixin.py:188} INFO - [2025-04-28T15:04:01.310+0000] {dag.py:3033} INFO - Sync 1 DAGs
[2025-04-28T15:04:01.334+0000] {logging_mixin.py:188} INFO - [2025-04-28T15:04:01.334+0000] {dag.py:3820} INFO - Setting next_dagrun for example_params_trigger_ui to None, run_after=None
[2025-04-28T15:04:01.380+0000] {processor.py:183} INFO - Processing /home/airflow/.local/lib/python3.8/site-packages/airflow/example_dags/example_params_trigger_ui.py took 0.246 seconds
[2025-04-28T15:04:31.640+0000] {processor.py:161} INFO - Started process (PID=1734) to work on /home/airflow/.local/lib/python3.8/site-packages/airflow/example_dags/example_params_trigger_ui.py
[2025-04-28T15:04:31.642+0000] {processor.py:830} INFO - Processing file /home/airflow/.local/lib/python3.8/site-packages/airflow/example_dags/example_params_trigger_ui.py for tasks to queue
[2025-04-28T15:04:31.646+0000] {logging_mixin.py:188} INFO - [2025-04-28T15:04:31.645+0000] {dagbag.py:538} INFO - Filling up the DagBag from /home/airflow/.local/lib/python3.8/site-packages/airflow/example_dags/example_params_trigger_ui.py
[2025-04-28T15:04:31.672+0000] {processor.py:840} INFO - DAG(s) 'example_params_trigger_ui' retrieved from /home/airflow/.local/lib/python3.8/site-packages/airflow/example_dags/example_params_trigger_ui.py
[2025-04-28T15:04:31.772+0000] {logging_mixin.py:188} INFO - [2025-04-28T15:04:31.772+0000] {dag.py:3033} INFO - Sync 1 DAGs
[2025-04-28T15:04:31.789+0000] {logging_mixin.py:188} INFO - [2025-04-28T15:04:31.788+0000] {dag.py:3820} INFO - Setting next_dagrun for example_params_trigger_ui to None, run_after=None
[2025-04-28T15:04:31.816+0000] {processor.py:183} INFO - Processing /home/airflow/.local/lib/python3.8/site-packages/airflow/example_dags/example_params_trigger_ui.py took 0.181 seconds
[2025-04-28T15:05:04.362+0000] {processor.py:161} INFO - Started process (PID=1791) to work on /home/airflow/.local/lib/python3.8/site-packages/airflow/example_dags/example_params_trigger_ui.py
[2025-04-28T15:05:04.364+0000] {processor.py:830} INFO - Processing file /home/airflow/.local/lib/python3.8/site-packages/airflow/example_dags/example_params_trigger_ui.py for tasks to queue
[2025-04-28T15:05:04.365+0000] {logging_mixin.py:188} INFO - [2025-04-28T15:05:04.365+0000] {dagbag.py:538} INFO - Filling up the DagBag from /home/airflow/.local/lib/python3.8/site-packages/airflow/example_dags/example_params_trigger_ui.py
[2025-04-28T15:05:04.384+0000] {processor.py:840} INFO - DAG(s) 'example_params_trigger_ui' retrieved from /home/airflow/.local/lib/python3.8/site-packages/airflow/example_dags/example_params_trigger_ui.py
[2025-04-28T15:05:04.493+0000] {logging_mixin.py:188} INFO - [2025-04-28T15:05:04.493+0000] {dag.py:3033} INFO - Sync 1 DAGs
[2025-04-28T15:05:04.509+0000] {logging_mixin.py:188} INFO - [2025-04-28T15:05:04.509+0000] {dag.py:3820} INFO - Setting next_dagrun for example_params_trigger_ui to None, run_after=None
[2025-04-28T15:05:04.545+0000] {processor.py:183} INFO - Processing /home/airflow/.local/lib/python3.8/site-packages/airflow/example_dags/example_params_trigger_ui.py took 0.188 seconds
[2025-04-28T15:05:40.275+0000] {processor.py:161} INFO - Started process (PID=1847) to work on /home/airflow/.local/lib/python3.8/site-packages/airflow/example_dags/example_params_trigger_ui.py
[2025-04-28T15:05:40.277+0000] {processor.py:830} INFO - Processing file /home/airflow/.local/lib/python3.8/site-packages/airflow/example_dags/example_params_trigger_ui.py for tasks to queue
[2025-04-28T15:05:40.279+0000] {logging_mixin.py:188} INFO - [2025-04-28T15:05:40.279+0000] {dagbag.py:538} INFO - Filling up the DagBag from /home/airflow/.local/lib/python3.8/site-packages/airflow/example_dags/example_params_trigger_ui.py
[2025-04-28T15:05:40.306+0000] {processor.py:840} INFO - DAG(s) 'example_params_trigger_ui' retrieved from /home/airflow/.local/lib/python3.8/site-packages/airflow/example_dags/example_params_trigger_ui.py
[2025-04-28T15:05:40.420+0000] {logging_mixin.py:188} INFO - [2025-04-28T15:05:40.420+0000] {dag.py:3033} INFO - Sync 1 DAGs
[2025-04-28T15:05:40.447+0000] {logging_mixin.py:188} INFO - [2025-04-28T15:05:40.447+0000] {dag.py:3820} INFO - Setting next_dagrun for example_params_trigger_ui to None, run_after=None
[2025-04-28T15:05:40.490+0000] {processor.py:183} INFO - Processing /home/airflow/.local/lib/python3.8/site-packages/airflow/example_dags/example_params_trigger_ui.py took 0.221 seconds
[2025-04-28T15:06:10.550+0000] {processor.py:161} INFO - Started process (PID=1904) to work on /home/airflow/.local/lib/python3.8/site-packages/airflow/example_dags/example_params_trigger_ui.py
[2025-04-28T15:06:10.552+0000] {processor.py:830} INFO - Processing file /home/airflow/.local/lib/python3.8/site-packages/airflow/example_dags/example_params_trigger_ui.py for tasks to queue
[2025-04-28T15:06:10.553+0000] {logging_mixin.py:188} INFO - [2025-04-28T15:06:10.553+0000] {dagbag.py:538} INFO - Filling up the DagBag from /home/airflow/.local/lib/python3.8/site-packages/airflow/example_dags/example_params_trigger_ui.py
[2025-04-28T15:06:10.574+0000] {processor.py:840} INFO - DAG(s) 'example_params_trigger_ui' retrieved from /home/airflow/.local/lib/python3.8/site-packages/airflow/example_dags/example_params_trigger_ui.py
[2025-04-28T15:06:10.699+0000] {logging_mixin.py:188} INFO - [2025-04-28T15:06:10.699+0000] {dag.py:3033} INFO - Sync 1 DAGs
[2025-04-28T15:06:10.721+0000] {logging_mixin.py:188} INFO - [2025-04-28T15:06:10.720+0000] {dag.py:3820} INFO - Setting next_dagrun for example_params_trigger_ui to None, run_after=None
[2025-04-28T15:06:10.754+0000] {processor.py:183} INFO - Processing /home/airflow/.local/lib/python3.8/site-packages/airflow/example_dags/example_params_trigger_ui.py took 0.210 seconds
[2025-04-28T15:06:42.382+0000] {processor.py:161} INFO - Started process (PID=1960) to work on /home/airflow/.local/lib/python3.8/site-packages/airflow/example_dags/example_params_trigger_ui.py
[2025-04-28T15:06:42.383+0000] {processor.py:830} INFO - Processing file /home/airflow/.local/lib/python3.8/site-packages/airflow/example_dags/example_params_trigger_ui.py for tasks to queue
[2025-04-28T15:06:42.385+0000] {logging_mixin.py:188} INFO - [2025-04-28T15:06:42.384+0000] {dagbag.py:538} INFO - Filling up the DagBag from /home/airflow/.local/lib/python3.8/site-packages/airflow/example_dags/example_params_trigger_ui.py
[2025-04-28T15:06:42.408+0000] {processor.py:840} INFO - DAG(s) 'example_params_trigger_ui' retrieved from /home/airflow/.local/lib/python3.8/site-packages/airflow/example_dags/example_params_trigger_ui.py
[2025-04-28T15:06:42.541+0000] {logging_mixin.py:188} INFO - [2025-04-28T15:06:42.541+0000] {dag.py:3033} INFO - Sync 1 DAGs
[2025-04-28T15:06:42.559+0000] {logging_mixin.py:188} INFO - [2025-04-28T15:06:42.559+0000] {dag.py:3820} INFO - Setting next_dagrun for example_params_trigger_ui to None, run_after=None
[2025-04-28T15:06:42.590+0000] {processor.py:183} INFO - Processing /home/airflow/.local/lib/python3.8/site-packages/airflow/example_dags/example_params_trigger_ui.py took 0.212 seconds
[2025-04-28T15:07:17.254+0000] {processor.py:161} INFO - Started process (PID=2016) to work on /home/airflow/.local/lib/python3.8/site-packages/airflow/example_dags/example_params_trigger_ui.py
[2025-04-28T15:07:17.256+0000] {processor.py:830} INFO - Processing file /home/airflow/.local/lib/python3.8/site-packages/airflow/example_dags/example_params_trigger_ui.py for tasks to queue
[2025-04-28T15:07:17.257+0000] {logging_mixin.py:188} INFO - [2025-04-28T15:07:17.257+0000] {dagbag.py:538} INFO - Filling up the DagBag from /home/airflow/.local/lib/python3.8/site-packages/airflow/example_dags/example_params_trigger_ui.py
[2025-04-28T15:07:17.280+0000] {processor.py:840} INFO - DAG(s) 'example_params_trigger_ui' retrieved from /home/airflow/.local/lib/python3.8/site-packages/airflow/example_dags/example_params_trigger_ui.py
[2025-04-28T15:07:17.365+0000] {logging_mixin.py:188} INFO - [2025-04-28T15:07:17.365+0000] {dag.py:3033} INFO - Sync 1 DAGs
[2025-04-28T15:07:17.387+0000] {logging_mixin.py:188} INFO - [2025-04-28T15:07:17.387+0000] {dag.py:3820} INFO - Setting next_dagrun for example_params_trigger_ui to None, run_after=None
[2025-04-28T15:07:17.428+0000] {processor.py:183} INFO - Processing /home/airflow/.local/lib/python3.8/site-packages/airflow/example_dags/example_params_trigger_ui.py took 0.179 seconds
[2025-04-28T15:07:47.984+0000] {processor.py:161} INFO - Started process (PID=2072) to work on /home/airflow/.local/lib/python3.8/site-packages/airflow/example_dags/example_params_trigger_ui.py
[2025-04-28T15:07:47.986+0000] {processor.py:830} INFO - Processing file /home/airflow/.local/lib/python3.8/site-packages/airflow/example_dags/example_params_trigger_ui.py for tasks to queue
[2025-04-28T15:07:47.988+0000] {logging_mixin.py:188} INFO - [2025-04-28T15:07:47.987+0000] {dagbag.py:538} INFO - Filling up the DagBag from /home/airflow/.local/lib/python3.8/site-packages/airflow/example_dags/example_params_trigger_ui.py
[2025-04-28T15:07:48.008+0000] {processor.py:840} INFO - DAG(s) 'example_params_trigger_ui' retrieved from /home/airflow/.local/lib/python3.8/site-packages/airflow/example_dags/example_params_trigger_ui.py
[2025-04-28T15:07:48.114+0000] {logging_mixin.py:188} INFO - [2025-04-28T15:07:48.113+0000] {dag.py:3033} INFO - Sync 1 DAGs
[2025-04-28T15:07:48.133+0000] {logging_mixin.py:188} INFO - [2025-04-28T15:07:48.133+0000] {dag.py:3820} INFO - Setting next_dagrun for example_params_trigger_ui to None, run_after=None
[2025-04-28T15:07:48.166+0000] {processor.py:183} INFO - Processing /home/airflow/.local/lib/python3.8/site-packages/airflow/example_dags/example_params_trigger_ui.py took 0.187 seconds
[2025-04-28T15:08:21.886+0000] {processor.py:161} INFO - Started process (PID=2128) to work on /home/airflow/.local/lib/python3.8/site-packages/airflow/example_dags/example_params_trigger_ui.py
[2025-04-28T15:08:21.888+0000] {processor.py:830} INFO - Processing file /home/airflow/.local/lib/python3.8/site-packages/airflow/example_dags/example_params_trigger_ui.py for tasks to queue
[2025-04-28T15:08:21.890+0000] {logging_mixin.py:188} INFO - [2025-04-28T15:08:21.890+0000] {dagbag.py:538} INFO - Filling up the DagBag from /home/airflow/.local/lib/python3.8/site-packages/airflow/example_dags/example_params_trigger_ui.py
[2025-04-28T15:08:21.930+0000] {processor.py:840} INFO - DAG(s) 'example_params_trigger_ui' retrieved from /home/airflow/.local/lib/python3.8/site-packages/airflow/example_dags/example_params_trigger_ui.py
[2025-04-28T15:08:22.132+0000] {logging_mixin.py:188} INFO - [2025-04-28T15:08:22.132+0000] {dag.py:3033} INFO - Sync 1 DAGs
[2025-04-28T15:08:22.161+0000] {logging_mixin.py:188} INFO - [2025-04-28T15:08:22.161+0000] {dag.py:3820} INFO - Setting next_dagrun for example_params_trigger_ui to None, run_after=None
[2025-04-28T15:08:22.210+0000] {processor.py:183} INFO - Processing /home/airflow/.local/lib/python3.8/site-packages/airflow/example_dags/example_params_trigger_ui.py took 0.329 seconds
[2025-04-28T15:08:56.043+0000] {processor.py:161} INFO - Started process (PID=2184) to work on /home/airflow/.local/lib/python3.8/site-packages/airflow/example_dags/example_params_trigger_ui.py
[2025-04-28T15:08:56.046+0000] {processor.py:830} INFO - Processing file /home/airflow/.local/lib/python3.8/site-packages/airflow/example_dags/example_params_trigger_ui.py for tasks to queue
[2025-04-28T15:08:56.047+0000] {logging_mixin.py:188} INFO - [2025-04-28T15:08:56.047+0000] {dagbag.py:538} INFO - Filling up the DagBag from /home/airflow/.local/lib/python3.8/site-packages/airflow/example_dags/example_params_trigger_ui.py
[2025-04-28T15:08:56.067+0000] {processor.py:840} INFO - DAG(s) 'example_params_trigger_ui' retrieved from /home/airflow/.local/lib/python3.8/site-packages/airflow/example_dags/example_params_trigger_ui.py
[2025-04-28T15:08:56.171+0000] {logging_mixin.py:188} INFO - [2025-04-28T15:08:56.171+0000] {dag.py:3033} INFO - Sync 1 DAGs
[2025-04-28T15:08:56.375+0000] {logging_mixin.py:188} INFO - [2025-04-28T15:08:56.374+0000] {dag.py:3820} INFO - Setting next_dagrun for example_params_trigger_ui to None, run_after=None
[2025-04-28T15:08:56.403+0000] {processor.py:183} INFO - Processing /home/airflow/.local/lib/python3.8/site-packages/airflow/example_dags/example_params_trigger_ui.py took 0.368 seconds
[2025-04-28T15:09:26.712+0000] {processor.py:161} INFO - Started process (PID=2239) to work on /home/airflow/.local/lib/python3.8/site-packages/airflow/example_dags/example_params_trigger_ui.py
[2025-04-28T15:09:26.713+0000] {processor.py:830} INFO - Processing file /home/airflow/.local/lib/python3.8/site-packages/airflow/example_dags/example_params_trigger_ui.py for tasks to queue
[2025-04-28T15:09:26.715+0000] {logging_mixin.py:188} INFO - [2025-04-28T15:09:26.714+0000] {dagbag.py:538} INFO - Filling up the DagBag from /home/airflow/.local/lib/python3.8/site-packages/airflow/example_dags/example_params_trigger_ui.py
[2025-04-28T15:09:26.737+0000] {processor.py:840} INFO - DAG(s) 'example_params_trigger_ui' retrieved from /home/airflow/.local/lib/python3.8/site-packages/airflow/example_dags/example_params_trigger_ui.py
[2025-04-28T15:09:26.829+0000] {logging_mixin.py:188} INFO - [2025-04-28T15:09:26.829+0000] {dag.py:3033} INFO - Sync 1 DAGs
[2025-04-28T15:09:26.845+0000] {logging_mixin.py:188} INFO - [2025-04-28T15:09:26.845+0000] {dag.py:3820} INFO - Setting next_dagrun for example_params_trigger_ui to None, run_after=None
[2025-04-28T15:09:27.036+0000] {processor.py:183} INFO - Processing /home/airflow/.local/lib/python3.8/site-packages/airflow/example_dags/example_params_trigger_ui.py took 0.328 seconds
[2025-04-28T15:09:59.818+0000] {processor.py:161} INFO - Started process (PID=2295) to work on /home/airflow/.local/lib/python3.8/site-packages/airflow/example_dags/example_params_trigger_ui.py
[2025-04-28T15:09:59.820+0000] {processor.py:830} INFO - Processing file /home/airflow/.local/lib/python3.8/site-packages/airflow/example_dags/example_params_trigger_ui.py for tasks to queue
[2025-04-28T15:09:59.822+0000] {logging_mixin.py:188} INFO - [2025-04-28T15:09:59.821+0000] {dagbag.py:538} INFO - Filling up the DagBag from /home/airflow/.local/lib/python3.8/site-packages/airflow/example_dags/example_params_trigger_ui.py
[2025-04-28T15:09:59.847+0000] {processor.py:840} INFO - DAG(s) 'example_params_trigger_ui' retrieved from /home/airflow/.local/lib/python3.8/site-packages/airflow/example_dags/example_params_trigger_ui.py
[2025-04-28T15:09:59.977+0000] {logging_mixin.py:188} INFO - [2025-04-28T15:09:59.977+0000] {dag.py:3033} INFO - Sync 1 DAGs
[2025-04-28T15:10:00.011+0000] {logging_mixin.py:188} INFO - [2025-04-28T15:10:00.011+0000] {dag.py:3820} INFO - Setting next_dagrun for example_params_trigger_ui to None, run_after=None
[2025-04-28T15:10:00.064+0000] {processor.py:183} INFO - Processing /home/airflow/.local/lib/python3.8/site-packages/airflow/example_dags/example_params_trigger_ui.py took 0.251 seconds
[2025-04-28T15:10:35.328+0000] {processor.py:161} INFO - Started process (PID=2351) to work on /home/airflow/.local/lib/python3.8/site-packages/airflow/example_dags/example_params_trigger_ui.py
[2025-04-28T15:10:35.329+0000] {processor.py:830} INFO - Processing file /home/airflow/.local/lib/python3.8/site-packages/airflow/example_dags/example_params_trigger_ui.py for tasks to queue
[2025-04-28T15:10:35.331+0000] {logging_mixin.py:188} INFO - [2025-04-28T15:10:35.330+0000] {dagbag.py:538} INFO - Filling up the DagBag from /home/airflow/.local/lib/python3.8/site-packages/airflow/example_dags/example_params_trigger_ui.py
[2025-04-28T15:10:35.363+0000] {processor.py:840} INFO - DAG(s) 'example_params_trigger_ui' retrieved from /home/airflow/.local/lib/python3.8/site-packages/airflow/example_dags/example_params_trigger_ui.py
[2025-04-28T15:10:35.832+0000] {logging_mixin.py:188} INFO - [2025-04-28T15:10:35.831+0000] {dag.py:3033} INFO - Sync 1 DAGs
[2025-04-28T15:10:35.854+0000] {logging_mixin.py:188} INFO - [2025-04-28T15:10:35.854+0000] {dag.py:3820} INFO - Setting next_dagrun for example_params_trigger_ui to None, run_after=None
[2025-04-28T15:10:35.923+0000] {processor.py:183} INFO - Processing /home/airflow/.local/lib/python3.8/site-packages/airflow/example_dags/example_params_trigger_ui.py took 0.601 seconds
[2025-04-28T15:11:06.023+0000] {processor.py:161} INFO - Started process (PID=2407) to work on /home/airflow/.local/lib/python3.8/site-packages/airflow/example_dags/example_params_trigger_ui.py
[2025-04-28T15:11:06.025+0000] {processor.py:830} INFO - Processing file /home/airflow/.local/lib/python3.8/site-packages/airflow/example_dags/example_params_trigger_ui.py for tasks to queue
[2025-04-28T15:11:06.027+0000] {logging_mixin.py:188} INFO - [2025-04-28T15:11:06.026+0000] {dagbag.py:538} INFO - Filling up the DagBag from /home/airflow/.local/lib/python3.8/site-packages/airflow/example_dags/example_params_trigger_ui.py
[2025-04-28T15:11:06.051+0000] {processor.py:840} INFO - DAG(s) 'example_params_trigger_ui' retrieved from /home/airflow/.local/lib/python3.8/site-packages/airflow/example_dags/example_params_trigger_ui.py
[2025-04-28T15:11:06.142+0000] {logging_mixin.py:188} INFO - [2025-04-28T15:11:06.142+0000] {dag.py:3033} INFO - Sync 1 DAGs
[2025-04-28T15:11:06.162+0000] {logging_mixin.py:188} INFO - [2025-04-28T15:11:06.161+0000] {dag.py:3820} INFO - Setting next_dagrun for example_params_trigger_ui to None, run_after=None
[2025-04-28T15:11:06.356+0000] {processor.py:183} INFO - Processing /home/airflow/.local/lib/python3.8/site-packages/airflow/example_dags/example_params_trigger_ui.py took 0.339 seconds
[2025-04-28T15:11:39.605+0000] {processor.py:161} INFO - Started process (PID=2463) to work on /home/airflow/.local/lib/python3.8/site-packages/airflow/example_dags/example_params_trigger_ui.py
[2025-04-28T15:11:39.606+0000] {processor.py:830} INFO - Processing file /home/airflow/.local/lib/python3.8/site-packages/airflow/example_dags/example_params_trigger_ui.py for tasks to queue
[2025-04-28T15:11:39.608+0000] {logging_mixin.py:188} INFO - [2025-04-28T15:11:39.607+0000] {dagbag.py:538} INFO - Filling up the DagBag from /home/airflow/.local/lib/python3.8/site-packages/airflow/example_dags/example_params_trigger_ui.py
[2025-04-28T15:11:39.630+0000] {processor.py:840} INFO - DAG(s) 'example_params_trigger_ui' retrieved from /home/airflow/.local/lib/python3.8/site-packages/airflow/example_dags/example_params_trigger_ui.py
[2025-04-28T15:11:39.744+0000] {logging_mixin.py:188} INFO - [2025-04-28T15:11:39.744+0000] {dag.py:3033} INFO - Sync 1 DAGs
[2025-04-28T15:11:39.762+0000] {logging_mixin.py:188} INFO - [2025-04-28T15:11:39.762+0000] {dag.py:3820} INFO - Setting next_dagrun for example_params_trigger_ui to None, run_after=None
[2025-04-28T15:11:39.795+0000] {processor.py:183} INFO - Processing /home/airflow/.local/lib/python3.8/site-packages/airflow/example_dags/example_params_trigger_ui.py took 0.194 seconds
[2025-04-28T15:12:11.284+0000] {processor.py:161} INFO - Started process (PID=2519) to work on /home/airflow/.local/lib/python3.8/site-packages/airflow/example_dags/example_params_trigger_ui.py
[2025-04-28T15:12:11.285+0000] {processor.py:830} INFO - Processing file /home/airflow/.local/lib/python3.8/site-packages/airflow/example_dags/example_params_trigger_ui.py for tasks to queue
[2025-04-28T15:12:11.287+0000] {logging_mixin.py:188} INFO - [2025-04-28T15:12:11.286+0000] {dagbag.py:538} INFO - Filling up the DagBag from /home/airflow/.local/lib/python3.8/site-packages/airflow/example_dags/example_params_trigger_ui.py
[2025-04-28T15:12:11.317+0000] {processor.py:840} INFO - DAG(s) 'example_params_trigger_ui' retrieved from /home/airflow/.local/lib/python3.8/site-packages/airflow/example_dags/example_params_trigger_ui.py
[2025-04-28T15:12:11.426+0000] {logging_mixin.py:188} INFO - [2025-04-28T15:12:11.426+0000] {dag.py:3033} INFO - Sync 1 DAGs
[2025-04-28T15:12:11.447+0000] {logging_mixin.py:188} INFO - [2025-04-28T15:12:11.447+0000] {dag.py:3820} INFO - Setting next_dagrun for example_params_trigger_ui to None, run_after=None
[2025-04-28T15:12:11.494+0000] {processor.py:183} INFO - Processing /home/airflow/.local/lib/python3.8/site-packages/airflow/example_dags/example_params_trigger_ui.py took 0.219 seconds
[2025-04-28T15:12:44.913+0000] {processor.py:161} INFO - Started process (PID=2575) to work on /home/airflow/.local/lib/python3.8/site-packages/airflow/example_dags/example_params_trigger_ui.py
[2025-04-28T15:12:44.920+0000] {processor.py:830} INFO - Processing file /home/airflow/.local/lib/python3.8/site-packages/airflow/example_dags/example_params_trigger_ui.py for tasks to queue
[2025-04-28T15:12:44.922+0000] {logging_mixin.py:188} INFO - [2025-04-28T15:12:44.921+0000] {dagbag.py:538} INFO - Filling up the DagBag from /home/airflow/.local/lib/python3.8/site-packages/airflow/example_dags/example_params_trigger_ui.py
[2025-04-28T15:12:44.963+0000] {processor.py:840} INFO - DAG(s) 'example_params_trigger_ui' retrieved from /home/airflow/.local/lib/python3.8/site-packages/airflow/example_dags/example_params_trigger_ui.py
[2025-04-28T15:12:45.222+0000] {logging_mixin.py:188} INFO - [2025-04-28T15:12:45.222+0000] {dag.py:3033} INFO - Sync 1 DAGs
[2025-04-28T15:12:45.262+0000] {logging_mixin.py:188} INFO - [2025-04-28T15:12:45.262+0000] {dag.py:3820} INFO - Setting next_dagrun for example_params_trigger_ui to None, run_after=None
[2025-04-28T15:12:45.308+0000] {processor.py:183} INFO - Processing /home/airflow/.local/lib/python3.8/site-packages/airflow/example_dags/example_params_trigger_ui.py took 0.401 seconds
[2025-04-28T15:13:16.586+0000] {processor.py:161} INFO - Started process (PID=2637) to work on /home/airflow/.local/lib/python3.8/site-packages/airflow/example_dags/example_params_trigger_ui.py
[2025-04-28T15:13:16.589+0000] {processor.py:830} INFO - Processing file /home/airflow/.local/lib/python3.8/site-packages/airflow/example_dags/example_params_trigger_ui.py for tasks to queue
[2025-04-28T15:13:16.591+0000] {logging_mixin.py:188} INFO - [2025-04-28T15:13:16.591+0000] {dagbag.py:538} INFO - Filling up the DagBag from /home/airflow/.local/lib/python3.8/site-packages/airflow/example_dags/example_params_trigger_ui.py
[2025-04-28T15:13:16.621+0000] {processor.py:840} INFO - DAG(s) 'example_params_trigger_ui' retrieved from /home/airflow/.local/lib/python3.8/site-packages/airflow/example_dags/example_params_trigger_ui.py
[2025-04-28T15:13:16.770+0000] {logging_mixin.py:188} INFO - [2025-04-28T15:13:16.769+0000] {dag.py:3033} INFO - Sync 1 DAGs
[2025-04-28T15:13:16.820+0000] {logging_mixin.py:188} INFO - [2025-04-28T15:13:16.820+0000] {dag.py:3820} INFO - Setting next_dagrun for example_params_trigger_ui to None, run_after=None
[2025-04-28T15:13:16.872+0000] {processor.py:183} INFO - Processing /home/airflow/.local/lib/python3.8/site-packages/airflow/example_dags/example_params_trigger_ui.py took 0.293 seconds
[2025-04-28T15:13:49.108+0000] {processor.py:161} INFO - Started process (PID=2686) to work on /home/airflow/.local/lib/python3.8/site-packages/airflow/example_dags/example_params_trigger_ui.py
[2025-04-28T15:13:49.113+0000] {processor.py:830} INFO - Processing file /home/airflow/.local/lib/python3.8/site-packages/airflow/example_dags/example_params_trigger_ui.py for tasks to queue
[2025-04-28T15:13:49.117+0000] {logging_mixin.py:188} INFO - [2025-04-28T15:13:49.116+0000] {dagbag.py:538} INFO - Filling up the DagBag from /home/airflow/.local/lib/python3.8/site-packages/airflow/example_dags/example_params_trigger_ui.py
[2025-04-28T15:13:49.259+0000] {processor.py:840} INFO - DAG(s) 'example_params_trigger_ui' retrieved from /home/airflow/.local/lib/python3.8/site-packages/airflow/example_dags/example_params_trigger_ui.py
[2025-04-28T15:13:49.557+0000] {logging_mixin.py:188} INFO - [2025-04-28T15:13:49.556+0000] {dag.py:3033} INFO - Sync 1 DAGs
[2025-04-28T15:13:49.606+0000] {logging_mixin.py:188} INFO - [2025-04-28T15:13:49.606+0000] {dag.py:3820} INFO - Setting next_dagrun for example_params_trigger_ui to None, run_after=None
[2025-04-28T15:13:49.664+0000] {processor.py:183} INFO - Processing /home/airflow/.local/lib/python3.8/site-packages/airflow/example_dags/example_params_trigger_ui.py took 0.564 seconds
[2025-04-28T15:14:19.987+0000] {processor.py:161} INFO - Started process (PID=2741) to work on /home/airflow/.local/lib/python3.8/site-packages/airflow/example_dags/example_params_trigger_ui.py
[2025-04-28T15:14:19.989+0000] {processor.py:830} INFO - Processing file /home/airflow/.local/lib/python3.8/site-packages/airflow/example_dags/example_params_trigger_ui.py for tasks to queue
[2025-04-28T15:14:19.990+0000] {logging_mixin.py:188} INFO - [2025-04-28T15:14:19.990+0000] {dagbag.py:538} INFO - Filling up the DagBag from /home/airflow/.local/lib/python3.8/site-packages/airflow/example_dags/example_params_trigger_ui.py
[2025-04-28T15:14:20.014+0000] {processor.py:840} INFO - DAG(s) 'example_params_trigger_ui' retrieved from /home/airflow/.local/lib/python3.8/site-packages/airflow/example_dags/example_params_trigger_ui.py
[2025-04-28T15:14:20.110+0000] {logging_mixin.py:188} INFO - [2025-04-28T15:14:20.110+0000] {dag.py:3033} INFO - Sync 1 DAGs
[2025-04-28T15:14:20.132+0000] {logging_mixin.py:188} INFO - [2025-04-28T15:14:20.132+0000] {dag.py:3820} INFO - Setting next_dagrun for example_params_trigger_ui to None, run_after=None
[2025-04-28T15:14:20.170+0000] {processor.py:183} INFO - Processing /home/airflow/.local/lib/python3.8/site-packages/airflow/example_dags/example_params_trigger_ui.py took 0.187 seconds
[2025-04-28T15:14:52.081+0000] {processor.py:161} INFO - Started process (PID=2797) to work on /home/airflow/.local/lib/python3.8/site-packages/airflow/example_dags/example_params_trigger_ui.py
[2025-04-28T15:14:52.083+0000] {processor.py:830} INFO - Processing file /home/airflow/.local/lib/python3.8/site-packages/airflow/example_dags/example_params_trigger_ui.py for tasks to queue
[2025-04-28T15:14:52.085+0000] {logging_mixin.py:188} INFO - [2025-04-28T15:14:52.084+0000] {dagbag.py:538} INFO - Filling up the DagBag from /home/airflow/.local/lib/python3.8/site-packages/airflow/example_dags/example_params_trigger_ui.py
[2025-04-28T15:14:52.107+0000] {processor.py:840} INFO - DAG(s) 'example_params_trigger_ui' retrieved from /home/airflow/.local/lib/python3.8/site-packages/airflow/example_dags/example_params_trigger_ui.py
[2025-04-28T15:14:52.221+0000] {logging_mixin.py:188} INFO - [2025-04-28T15:14:52.220+0000] {dag.py:3033} INFO - Sync 1 DAGs
[2025-04-28T15:14:52.239+0000] {logging_mixin.py:188} INFO - [2025-04-28T15:14:52.239+0000] {dag.py:3820} INFO - Setting next_dagrun for example_params_trigger_ui to None, run_after=None
[2025-04-28T15:14:52.265+0000] {processor.py:183} INFO - Processing /home/airflow/.local/lib/python3.8/site-packages/airflow/example_dags/example_params_trigger_ui.py took 0.191 seconds
[2025-04-28T15:15:24.784+0000] {processor.py:161} INFO - Started process (PID=2854) to work on /home/airflow/.local/lib/python3.8/site-packages/airflow/example_dags/example_params_trigger_ui.py
[2025-04-28T15:15:24.786+0000] {processor.py:830} INFO - Processing file /home/airflow/.local/lib/python3.8/site-packages/airflow/example_dags/example_params_trigger_ui.py for tasks to queue
[2025-04-28T15:15:24.787+0000] {logging_mixin.py:188} INFO - [2025-04-28T15:15:24.787+0000] {dagbag.py:538} INFO - Filling up the DagBag from /home/airflow/.local/lib/python3.8/site-packages/airflow/example_dags/example_params_trigger_ui.py
[2025-04-28T15:15:24.819+0000] {processor.py:840} INFO - DAG(s) 'example_params_trigger_ui' retrieved from /home/airflow/.local/lib/python3.8/site-packages/airflow/example_dags/example_params_trigger_ui.py
[2025-04-28T15:15:24.970+0000] {logging_mixin.py:188} INFO - [2025-04-28T15:15:24.970+0000] {dag.py:3033} INFO - Sync 1 DAGs
[2025-04-28T15:15:25.015+0000] {logging_mixin.py:188} INFO - [2025-04-28T15:15:25.014+0000] {dag.py:3820} INFO - Setting next_dagrun for example_params_trigger_ui to None, run_after=None
[2025-04-28T15:15:25.073+0000] {processor.py:183} INFO - Processing /home/airflow/.local/lib/python3.8/site-packages/airflow/example_dags/example_params_trigger_ui.py took 0.297 seconds
[2025-04-28T15:15:57.834+0000] {processor.py:161} INFO - Started process (PID=2910) to work on /home/airflow/.local/lib/python3.8/site-packages/airflow/example_dags/example_params_trigger_ui.py
[2025-04-28T15:15:57.835+0000] {processor.py:830} INFO - Processing file /home/airflow/.local/lib/python3.8/site-packages/airflow/example_dags/example_params_trigger_ui.py for tasks to queue
[2025-04-28T15:15:57.837+0000] {logging_mixin.py:188} INFO - [2025-04-28T15:15:57.836+0000] {dagbag.py:538} INFO - Filling up the DagBag from /home/airflow/.local/lib/python3.8/site-packages/airflow/example_dags/example_params_trigger_ui.py
[2025-04-28T15:15:57.864+0000] {processor.py:840} INFO - DAG(s) 'example_params_trigger_ui' retrieved from /home/airflow/.local/lib/python3.8/site-packages/airflow/example_dags/example_params_trigger_ui.py
[2025-04-28T15:15:57.962+0000] {logging_mixin.py:188} INFO - [2025-04-28T15:15:57.962+0000] {dag.py:3033} INFO - Sync 1 DAGs
[2025-04-28T15:15:57.981+0000] {logging_mixin.py:188} INFO - [2025-04-28T15:15:57.981+0000] {dag.py:3820} INFO - Setting next_dagrun for example_params_trigger_ui to None, run_after=None
[2025-04-28T15:15:58.013+0000] {processor.py:183} INFO - Processing /home/airflow/.local/lib/python3.8/site-packages/airflow/example_dags/example_params_trigger_ui.py took 0.183 seconds
[2025-04-28T15:16:30.382+0000] {processor.py:161} INFO - Started process (PID=2966) to work on /home/airflow/.local/lib/python3.8/site-packages/airflow/example_dags/example_params_trigger_ui.py
[2025-04-28T15:16:30.384+0000] {processor.py:830} INFO - Processing file /home/airflow/.local/lib/python3.8/site-packages/airflow/example_dags/example_params_trigger_ui.py for tasks to queue
[2025-04-28T15:16:30.386+0000] {logging_mixin.py:188} INFO - [2025-04-28T15:16:30.386+0000] {dagbag.py:538} INFO - Filling up the DagBag from /home/airflow/.local/lib/python3.8/site-packages/airflow/example_dags/example_params_trigger_ui.py
[2025-04-28T15:16:30.417+0000] {processor.py:840} INFO - DAG(s) 'example_params_trigger_ui' retrieved from /home/airflow/.local/lib/python3.8/site-packages/airflow/example_dags/example_params_trigger_ui.py
[2025-04-28T15:16:30.528+0000] {logging_mixin.py:188} INFO - [2025-04-28T15:16:30.528+0000] {dag.py:3033} INFO - Sync 1 DAGs
[2025-04-28T15:16:30.547+0000] {logging_mixin.py:188} INFO - [2025-04-28T15:16:30.547+0000] {dag.py:3820} INFO - Setting next_dagrun for example_params_trigger_ui to None, run_after=None
[2025-04-28T15:16:30.576+0000] {processor.py:183} INFO - Processing /home/airflow/.local/lib/python3.8/site-packages/airflow/example_dags/example_params_trigger_ui.py took 0.199 seconds
[2025-04-28T15:17:02.766+0000] {processor.py:161} INFO - Started process (PID=3022) to work on /home/airflow/.local/lib/python3.8/site-packages/airflow/example_dags/example_params_trigger_ui.py
[2025-04-28T15:17:02.767+0000] {processor.py:830} INFO - Processing file /home/airflow/.local/lib/python3.8/site-packages/airflow/example_dags/example_params_trigger_ui.py for tasks to queue
[2025-04-28T15:17:02.769+0000] {logging_mixin.py:188} INFO - [2025-04-28T15:17:02.769+0000] {dagbag.py:538} INFO - Filling up the DagBag from /home/airflow/.local/lib/python3.8/site-packages/airflow/example_dags/example_params_trigger_ui.py
[2025-04-28T15:17:02.806+0000] {processor.py:840} INFO - DAG(s) 'example_params_trigger_ui' retrieved from /home/airflow/.local/lib/python3.8/site-packages/airflow/example_dags/example_params_trigger_ui.py
[2025-04-28T15:17:03.004+0000] {logging_mixin.py:188} INFO - [2025-04-28T15:17:03.000+0000] {dag.py:3033} INFO - Sync 1 DAGs
[2025-04-28T15:17:03.030+0000] {logging_mixin.py:188} INFO - [2025-04-28T15:17:03.030+0000] {dag.py:3820} INFO - Setting next_dagrun for example_params_trigger_ui to None, run_after=None
[2025-04-28T15:17:03.069+0000] {processor.py:183} INFO - Processing /home/airflow/.local/lib/python3.8/site-packages/airflow/example_dags/example_params_trigger_ui.py took 0.309 seconds
[2025-04-28T15:17:35.515+0000] {processor.py:161} INFO - Started process (PID=3078) to work on /home/airflow/.local/lib/python3.8/site-packages/airflow/example_dags/example_params_trigger_ui.py
[2025-04-28T15:17:35.517+0000] {processor.py:830} INFO - Processing file /home/airflow/.local/lib/python3.8/site-packages/airflow/example_dags/example_params_trigger_ui.py for tasks to queue
[2025-04-28T15:17:35.518+0000] {logging_mixin.py:188} INFO - [2025-04-28T15:17:35.518+0000] {dagbag.py:538} INFO - Filling up the DagBag from /home/airflow/.local/lib/python3.8/site-packages/airflow/example_dags/example_params_trigger_ui.py
[2025-04-28T15:17:35.540+0000] {processor.py:840} INFO - DAG(s) 'example_params_trigger_ui' retrieved from /home/airflow/.local/lib/python3.8/site-packages/airflow/example_dags/example_params_trigger_ui.py
[2025-04-28T15:17:35.638+0000] {logging_mixin.py:188} INFO - [2025-04-28T15:17:35.638+0000] {dag.py:3033} INFO - Sync 1 DAGs
[2025-04-28T15:17:35.656+0000] {logging_mixin.py:188} INFO - [2025-04-28T15:17:35.655+0000] {dag.py:3820} INFO - Setting next_dagrun for example_params_trigger_ui to None, run_after=None
[2025-04-28T15:17:35.686+0000] {processor.py:183} INFO - Processing /home/airflow/.local/lib/python3.8/site-packages/airflow/example_dags/example_params_trigger_ui.py took 0.177 seconds
[2025-04-28T15:18:09.122+0000] {processor.py:161} INFO - Started process (PID=3133) to work on /home/airflow/.local/lib/python3.8/site-packages/airflow/example_dags/example_params_trigger_ui.py
[2025-04-28T15:18:09.129+0000] {processor.py:830} INFO - Processing file /home/airflow/.local/lib/python3.8/site-packages/airflow/example_dags/example_params_trigger_ui.py for tasks to queue
[2025-04-28T15:18:09.131+0000] {logging_mixin.py:188} INFO - [2025-04-28T15:18:09.130+0000] {dagbag.py:538} INFO - Filling up the DagBag from /home/airflow/.local/lib/python3.8/site-packages/airflow/example_dags/example_params_trigger_ui.py
[2025-04-28T15:18:09.178+0000] {processor.py:840} INFO - DAG(s) 'example_params_trigger_ui' retrieved from /home/airflow/.local/lib/python3.8/site-packages/airflow/example_dags/example_params_trigger_ui.py
[2025-04-28T15:18:09.331+0000] {logging_mixin.py:188} INFO - [2025-04-28T15:18:09.331+0000] {dag.py:3033} INFO - Sync 1 DAGs
[2025-04-28T15:18:09.350+0000] {logging_mixin.py:188} INFO - [2025-04-28T15:18:09.349+0000] {dag.py:3820} INFO - Setting next_dagrun for example_params_trigger_ui to None, run_after=None
[2025-04-28T15:18:09.397+0000] {processor.py:183} INFO - Processing /home/airflow/.local/lib/python3.8/site-packages/airflow/example_dags/example_params_trigger_ui.py took 0.282 seconds
[2025-04-28T15:18:40.878+0000] {processor.py:161} INFO - Started process (PID=3189) to work on /home/airflow/.local/lib/python3.8/site-packages/airflow/example_dags/example_params_trigger_ui.py
[2025-04-28T15:18:40.880+0000] {processor.py:830} INFO - Processing file /home/airflow/.local/lib/python3.8/site-packages/airflow/example_dags/example_params_trigger_ui.py for tasks to queue
[2025-04-28T15:18:40.881+0000] {logging_mixin.py:188} INFO - [2025-04-28T15:18:40.881+0000] {dagbag.py:538} INFO - Filling up the DagBag from /home/airflow/.local/lib/python3.8/site-packages/airflow/example_dags/example_params_trigger_ui.py
[2025-04-28T15:18:40.903+0000] {processor.py:840} INFO - DAG(s) 'example_params_trigger_ui' retrieved from /home/airflow/.local/lib/python3.8/site-packages/airflow/example_dags/example_params_trigger_ui.py
[2025-04-28T15:18:41.010+0000] {logging_mixin.py:188} INFO - [2025-04-28T15:18:41.010+0000] {dag.py:3033} INFO - Sync 1 DAGs
[2025-04-28T15:18:41.033+0000] {logging_mixin.py:188} INFO - [2025-04-28T15:18:41.032+0000] {dag.py:3820} INFO - Setting next_dagrun for example_params_trigger_ui to None, run_after=None
[2025-04-28T15:18:41.066+0000] {processor.py:183} INFO - Processing /home/airflow/.local/lib/python3.8/site-packages/airflow/example_dags/example_params_trigger_ui.py took 0.193 seconds
[2025-04-28T15:19:13.621+0000] {processor.py:161} INFO - Started process (PID=3245) to work on /home/airflow/.local/lib/python3.8/site-packages/airflow/example_dags/example_params_trigger_ui.py
[2025-04-28T15:19:13.623+0000] {processor.py:830} INFO - Processing file /home/airflow/.local/lib/python3.8/site-packages/airflow/example_dags/example_params_trigger_ui.py for tasks to queue
[2025-04-28T15:19:13.625+0000] {logging_mixin.py:188} INFO - [2025-04-28T15:19:13.624+0000] {dagbag.py:538} INFO - Filling up the DagBag from /home/airflow/.local/lib/python3.8/site-packages/airflow/example_dags/example_params_trigger_ui.py
[2025-04-28T15:19:13.642+0000] {processor.py:840} INFO - DAG(s) 'example_params_trigger_ui' retrieved from /home/airflow/.local/lib/python3.8/site-packages/airflow/example_dags/example_params_trigger_ui.py
[2025-04-28T15:19:13.755+0000] {logging_mixin.py:188} INFO - [2025-04-28T15:19:13.755+0000] {dag.py:3033} INFO - Sync 1 DAGs
[2025-04-28T15:19:13.771+0000] {logging_mixin.py:188} INFO - [2025-04-28T15:19:13.771+0000] {dag.py:3820} INFO - Setting next_dagrun for example_params_trigger_ui to None, run_after=None
[2025-04-28T15:19:13.814+0000] {processor.py:183} INFO - Processing /home/airflow/.local/lib/python3.8/site-packages/airflow/example_dags/example_params_trigger_ui.py took 0.197 seconds
[2025-04-28T15:19:47.083+0000] {processor.py:161} INFO - Started process (PID=3302) to work on /home/airflow/.local/lib/python3.8/site-packages/airflow/example_dags/example_params_trigger_ui.py
[2025-04-28T15:19:47.085+0000] {processor.py:830} INFO - Processing file /home/airflow/.local/lib/python3.8/site-packages/airflow/example_dags/example_params_trigger_ui.py for tasks to queue
[2025-04-28T15:19:47.087+0000] {logging_mixin.py:188} INFO - [2025-04-28T15:19:47.086+0000] {dagbag.py:538} INFO - Filling up the DagBag from /home/airflow/.local/lib/python3.8/site-packages/airflow/example_dags/example_params_trigger_ui.py
[2025-04-28T15:19:47.113+0000] {processor.py:840} INFO - DAG(s) 'example_params_trigger_ui' retrieved from /home/airflow/.local/lib/python3.8/site-packages/airflow/example_dags/example_params_trigger_ui.py
[2025-04-28T15:19:47.227+0000] {logging_mixin.py:188} INFO - [2025-04-28T15:19:47.227+0000] {dag.py:3033} INFO - Sync 1 DAGs
[2025-04-28T15:19:47.253+0000] {logging_mixin.py:188} INFO - [2025-04-28T15:19:47.252+0000] {dag.py:3820} INFO - Setting next_dagrun for example_params_trigger_ui to None, run_after=None
[2025-04-28T15:19:47.298+0000] {processor.py:183} INFO - Processing /home/airflow/.local/lib/python3.8/site-packages/airflow/example_dags/example_params_trigger_ui.py took 0.223 seconds
[2025-04-28T15:20:19.567+0000] {processor.py:161} INFO - Started process (PID=3357) to work on /home/airflow/.local/lib/python3.8/site-packages/airflow/example_dags/example_params_trigger_ui.py
[2025-04-28T15:20:19.569+0000] {processor.py:830} INFO - Processing file /home/airflow/.local/lib/python3.8/site-packages/airflow/example_dags/example_params_trigger_ui.py for tasks to queue
[2025-04-28T15:20:19.573+0000] {logging_mixin.py:188} INFO - [2025-04-28T15:20:19.573+0000] {dagbag.py:538} INFO - Filling up the DagBag from /home/airflow/.local/lib/python3.8/site-packages/airflow/example_dags/example_params_trigger_ui.py
[2025-04-28T15:20:19.607+0000] {processor.py:840} INFO - DAG(s) 'example_params_trigger_ui' retrieved from /home/airflow/.local/lib/python3.8/site-packages/airflow/example_dags/example_params_trigger_ui.py
[2025-04-28T15:20:19.795+0000] {logging_mixin.py:188} INFO - [2025-04-28T15:20:19.795+0000] {dag.py:3033} INFO - Sync 1 DAGs
[2025-04-28T15:20:19.834+0000] {logging_mixin.py:188} INFO - [2025-04-28T15:20:19.834+0000] {dag.py:3820} INFO - Setting next_dagrun for example_params_trigger_ui to None, run_after=None
[2025-04-28T15:20:19.879+0000] {processor.py:183} INFO - Processing /home/airflow/.local/lib/python3.8/site-packages/airflow/example_dags/example_params_trigger_ui.py took 0.317 seconds
[2025-04-28T15:20:52.844+0000] {processor.py:161} INFO - Started process (PID=3416) to work on /home/airflow/.local/lib/python3.8/site-packages/airflow/example_dags/example_params_trigger_ui.py
[2025-04-28T15:20:52.846+0000] {processor.py:830} INFO - Processing file /home/airflow/.local/lib/python3.8/site-packages/airflow/example_dags/example_params_trigger_ui.py for tasks to queue
[2025-04-28T15:20:52.849+0000] {logging_mixin.py:188} INFO - [2025-04-28T15:20:52.848+0000] {dagbag.py:538} INFO - Filling up the DagBag from /home/airflow/.local/lib/python3.8/site-packages/airflow/example_dags/example_params_trigger_ui.py
[2025-04-28T15:20:52.881+0000] {processor.py:840} INFO - DAG(s) 'example_params_trigger_ui' retrieved from /home/airflow/.local/lib/python3.8/site-packages/airflow/example_dags/example_params_trigger_ui.py
[2025-04-28T15:20:52.998+0000] {logging_mixin.py:188} INFO - [2025-04-28T15:20:52.998+0000] {dag.py:3033} INFO - Sync 1 DAGs
[2025-04-28T15:20:53.016+0000] {logging_mixin.py:188} INFO - [2025-04-28T15:20:53.016+0000] {dag.py:3820} INFO - Setting next_dagrun for example_params_trigger_ui to None, run_after=None
[2025-04-28T15:20:53.059+0000] {processor.py:183} INFO - Processing /home/airflow/.local/lib/python3.8/site-packages/airflow/example_dags/example_params_trigger_ui.py took 0.225 seconds
[2025-04-28T15:21:27.187+0000] {processor.py:161} INFO - Started process (PID=3472) to work on /home/airflow/.local/lib/python3.8/site-packages/airflow/example_dags/example_params_trigger_ui.py
[2025-04-28T15:21:27.202+0000] {processor.py:830} INFO - Processing file /home/airflow/.local/lib/python3.8/site-packages/airflow/example_dags/example_params_trigger_ui.py for tasks to queue
[2025-04-28T15:21:27.204+0000] {logging_mixin.py:188} INFO - [2025-04-28T15:21:27.204+0000] {dagbag.py:538} INFO - Filling up the DagBag from /home/airflow/.local/lib/python3.8/site-packages/airflow/example_dags/example_params_trigger_ui.py
[2025-04-28T15:21:27.255+0000] {processor.py:840} INFO - DAG(s) 'example_params_trigger_ui' retrieved from /home/airflow/.local/lib/python3.8/site-packages/airflow/example_dags/example_params_trigger_ui.py
[2025-04-28T15:21:27.536+0000] {logging_mixin.py:188} INFO - [2025-04-28T15:21:27.532+0000] {dag.py:3033} INFO - Sync 1 DAGs
[2025-04-28T15:21:27.576+0000] {logging_mixin.py:188} INFO - [2025-04-28T15:21:27.576+0000] {dag.py:3820} INFO - Setting next_dagrun for example_params_trigger_ui to None, run_after=None
[2025-04-28T15:21:27.675+0000] {processor.py:183} INFO - Processing /home/airflow/.local/lib/python3.8/site-packages/airflow/example_dags/example_params_trigger_ui.py took 0.505 seconds
[2025-04-28T15:21:58.250+0000] {processor.py:161} INFO - Started process (PID=3528) to work on /home/airflow/.local/lib/python3.8/site-packages/airflow/example_dags/example_params_trigger_ui.py
[2025-04-28T15:21:58.252+0000] {processor.py:830} INFO - Processing file /home/airflow/.local/lib/python3.8/site-packages/airflow/example_dags/example_params_trigger_ui.py for tasks to queue
[2025-04-28T15:21:58.253+0000] {logging_mixin.py:188} INFO - [2025-04-28T15:21:58.253+0000] {dagbag.py:538} INFO - Filling up the DagBag from /home/airflow/.local/lib/python3.8/site-packages/airflow/example_dags/example_params_trigger_ui.py
[2025-04-28T15:21:58.286+0000] {processor.py:840} INFO - DAG(s) 'example_params_trigger_ui' retrieved from /home/airflow/.local/lib/python3.8/site-packages/airflow/example_dags/example_params_trigger_ui.py
[2025-04-28T15:21:58.405+0000] {logging_mixin.py:188} INFO - [2025-04-28T15:21:58.405+0000] {dag.py:3033} INFO - Sync 1 DAGs
[2025-04-28T15:21:58.428+0000] {logging_mixin.py:188} INFO - [2025-04-28T15:21:58.428+0000] {dag.py:3820} INFO - Setting next_dagrun for example_params_trigger_ui to None, run_after=None
[2025-04-28T15:21:58.468+0000] {processor.py:183} INFO - Processing /home/airflow/.local/lib/python3.8/site-packages/airflow/example_dags/example_params_trigger_ui.py took 0.222 seconds
[2025-04-28T15:22:31.242+0000] {processor.py:161} INFO - Started process (PID=3591) to work on /home/airflow/.local/lib/python3.8/site-packages/airflow/example_dags/example_params_trigger_ui.py
[2025-04-28T15:22:31.243+0000] {processor.py:830} INFO - Processing file /home/airflow/.local/lib/python3.8/site-packages/airflow/example_dags/example_params_trigger_ui.py for tasks to queue
[2025-04-28T15:22:31.245+0000] {logging_mixin.py:188} INFO - [2025-04-28T15:22:31.245+0000] {dagbag.py:538} INFO - Filling up the DagBag from /home/airflow/.local/lib/python3.8/site-packages/airflow/example_dags/example_params_trigger_ui.py
[2025-04-28T15:22:31.268+0000] {processor.py:840} INFO - DAG(s) 'example_params_trigger_ui' retrieved from /home/airflow/.local/lib/python3.8/site-packages/airflow/example_dags/example_params_trigger_ui.py
[2025-04-28T15:22:31.392+0000] {logging_mixin.py:188} INFO - [2025-04-28T15:22:31.391+0000] {dag.py:3033} INFO - Sync 1 DAGs
[2025-04-28T15:22:31.418+0000] {logging_mixin.py:188} INFO - [2025-04-28T15:22:31.418+0000] {dag.py:3820} INFO - Setting next_dagrun for example_params_trigger_ui to None, run_after=None
[2025-04-28T15:22:31.450+0000] {processor.py:183} INFO - Processing /home/airflow/.local/lib/python3.8/site-packages/airflow/example_dags/example_params_trigger_ui.py took 0.214 seconds
[2025-04-28T15:23:05.213+0000] {processor.py:161} INFO - Started process (PID=3655) to work on /home/airflow/.local/lib/python3.8/site-packages/airflow/example_dags/example_params_trigger_ui.py
[2025-04-28T15:23:05.214+0000] {processor.py:830} INFO - Processing file /home/airflow/.local/lib/python3.8/site-packages/airflow/example_dags/example_params_trigger_ui.py for tasks to queue
[2025-04-28T15:23:05.216+0000] {logging_mixin.py:188} INFO - [2025-04-28T15:23:05.216+0000] {dagbag.py:538} INFO - Filling up the DagBag from /home/airflow/.local/lib/python3.8/site-packages/airflow/example_dags/example_params_trigger_ui.py
[2025-04-28T15:23:05.260+0000] {processor.py:840} INFO - DAG(s) 'example_params_trigger_ui' retrieved from /home/airflow/.local/lib/python3.8/site-packages/airflow/example_dags/example_params_trigger_ui.py
[2025-04-28T15:23:05.409+0000] {logging_mixin.py:188} INFO - [2025-04-28T15:23:05.409+0000] {dag.py:3033} INFO - Sync 1 DAGs
[2025-04-28T15:23:05.439+0000] {logging_mixin.py:188} INFO - [2025-04-28T15:23:05.439+0000] {dag.py:3820} INFO - Setting next_dagrun for example_params_trigger_ui to None, run_after=None
[2025-04-28T15:23:05.480+0000] {processor.py:183} INFO - Processing /home/airflow/.local/lib/python3.8/site-packages/airflow/example_dags/example_params_trigger_ui.py took 0.273 seconds
[2025-04-28T15:23:37.735+0000] {processor.py:161} INFO - Started process (PID=3711) to work on /home/airflow/.local/lib/python3.8/site-packages/airflow/example_dags/example_params_trigger_ui.py
[2025-04-28T15:23:37.738+0000] {processor.py:830} INFO - Processing file /home/airflow/.local/lib/python3.8/site-packages/airflow/example_dags/example_params_trigger_ui.py for tasks to queue
[2025-04-28T15:23:37.740+0000] {logging_mixin.py:188} INFO - [2025-04-28T15:23:37.739+0000] {dagbag.py:538} INFO - Filling up the DagBag from /home/airflow/.local/lib/python3.8/site-packages/airflow/example_dags/example_params_trigger_ui.py
[2025-04-28T15:23:37.770+0000] {processor.py:840} INFO - DAG(s) 'example_params_trigger_ui' retrieved from /home/airflow/.local/lib/python3.8/site-packages/airflow/example_dags/example_params_trigger_ui.py
[2025-04-28T15:23:37.910+0000] {logging_mixin.py:188} INFO - [2025-04-28T15:23:37.910+0000] {dag.py:3033} INFO - Sync 1 DAGs
[2025-04-28T15:23:37.933+0000] {logging_mixin.py:188} INFO - [2025-04-28T15:23:37.933+0000] {dag.py:3820} INFO - Setting next_dagrun for example_params_trigger_ui to None, run_after=None
[2025-04-28T15:23:37.981+0000] {processor.py:183} INFO - Processing /home/airflow/.local/lib/python3.8/site-packages/airflow/example_dags/example_params_trigger_ui.py took 0.253 seconds
[2025-04-28T15:24:09.593+0000] {processor.py:161} INFO - Started process (PID=3767) to work on /home/airflow/.local/lib/python3.8/site-packages/airflow/example_dags/example_params_trigger_ui.py
[2025-04-28T15:24:09.595+0000] {processor.py:830} INFO - Processing file /home/airflow/.local/lib/python3.8/site-packages/airflow/example_dags/example_params_trigger_ui.py for tasks to queue
[2025-04-28T15:24:09.597+0000] {logging_mixin.py:188} INFO - [2025-04-28T15:24:09.596+0000] {dagbag.py:538} INFO - Filling up the DagBag from /home/airflow/.local/lib/python3.8/site-packages/airflow/example_dags/example_params_trigger_ui.py
[2025-04-28T15:24:09.624+0000] {processor.py:840} INFO - DAG(s) 'example_params_trigger_ui' retrieved from /home/airflow/.local/lib/python3.8/site-packages/airflow/example_dags/example_params_trigger_ui.py
[2025-04-28T15:24:09.729+0000] {logging_mixin.py:188} INFO - [2025-04-28T15:24:09.728+0000] {dag.py:3033} INFO - Sync 1 DAGs
[2025-04-28T15:24:09.747+0000] {logging_mixin.py:188} INFO - [2025-04-28T15:24:09.747+0000] {dag.py:3820} INFO - Setting next_dagrun for example_params_trigger_ui to None, run_after=None
[2025-04-28T15:24:09.780+0000] {processor.py:183} INFO - Processing /home/airflow/.local/lib/python3.8/site-packages/airflow/example_dags/example_params_trigger_ui.py took 0.193 seconds
[2025-04-28T15:24:42.899+0000] {processor.py:161} INFO - Started process (PID=3824) to work on /home/airflow/.local/lib/python3.8/site-packages/airflow/example_dags/example_params_trigger_ui.py
[2025-04-28T15:24:42.900+0000] {processor.py:830} INFO - Processing file /home/airflow/.local/lib/python3.8/site-packages/airflow/example_dags/example_params_trigger_ui.py for tasks to queue
[2025-04-28T15:24:42.902+0000] {logging_mixin.py:188} INFO - [2025-04-28T15:24:42.902+0000] {dagbag.py:538} INFO - Filling up the DagBag from /home/airflow/.local/lib/python3.8/site-packages/airflow/example_dags/example_params_trigger_ui.py
[2025-04-28T15:24:42.930+0000] {processor.py:840} INFO - DAG(s) 'example_params_trigger_ui' retrieved from /home/airflow/.local/lib/python3.8/site-packages/airflow/example_dags/example_params_trigger_ui.py
[2025-04-28T15:24:43.048+0000] {logging_mixin.py:188} INFO - [2025-04-28T15:24:43.047+0000] {dag.py:3033} INFO - Sync 1 DAGs
[2025-04-28T15:24:43.073+0000] {logging_mixin.py:188} INFO - [2025-04-28T15:24:43.073+0000] {dag.py:3820} INFO - Setting next_dagrun for example_params_trigger_ui to None, run_after=None
[2025-04-28T15:24:43.111+0000] {processor.py:183} INFO - Processing /home/airflow/.local/lib/python3.8/site-packages/airflow/example_dags/example_params_trigger_ui.py took 0.217 seconds
[2025-04-28T15:25:16.063+0000] {processor.py:161} INFO - Started process (PID=3881) to work on /home/airflow/.local/lib/python3.8/site-packages/airflow/example_dags/example_params_trigger_ui.py
[2025-04-28T15:25:16.064+0000] {processor.py:830} INFO - Processing file /home/airflow/.local/lib/python3.8/site-packages/airflow/example_dags/example_params_trigger_ui.py for tasks to queue
[2025-04-28T15:25:16.066+0000] {logging_mixin.py:188} INFO - [2025-04-28T15:25:16.066+0000] {dagbag.py:538} INFO - Filling up the DagBag from /home/airflow/.local/lib/python3.8/site-packages/airflow/example_dags/example_params_trigger_ui.py
[2025-04-28T15:25:16.087+0000] {processor.py:840} INFO - DAG(s) 'example_params_trigger_ui' retrieved from /home/airflow/.local/lib/python3.8/site-packages/airflow/example_dags/example_params_trigger_ui.py
[2025-04-28T15:25:16.245+0000] {logging_mixin.py:188} INFO - [2025-04-28T15:25:16.244+0000] {dag.py:3033} INFO - Sync 1 DAGs
[2025-04-28T15:25:16.272+0000] {logging_mixin.py:188} INFO - [2025-04-28T15:25:16.271+0000] {dag.py:3820} INFO - Setting next_dagrun for example_params_trigger_ui to None, run_after=None
[2025-04-28T15:25:16.305+0000] {processor.py:183} INFO - Processing /home/airflow/.local/lib/python3.8/site-packages/airflow/example_dags/example_params_trigger_ui.py took 0.247 seconds
[2025-04-28T15:25:47.754+0000] {processor.py:161} INFO - Started process (PID=3937) to work on /home/airflow/.local/lib/python3.8/site-packages/airflow/example_dags/example_params_trigger_ui.py
[2025-04-28T15:25:47.756+0000] {processor.py:830} INFO - Processing file /home/airflow/.local/lib/python3.8/site-packages/airflow/example_dags/example_params_trigger_ui.py for tasks to queue
[2025-04-28T15:25:47.759+0000] {logging_mixin.py:188} INFO - [2025-04-28T15:25:47.758+0000] {dagbag.py:538} INFO - Filling up the DagBag from /home/airflow/.local/lib/python3.8/site-packages/airflow/example_dags/example_params_trigger_ui.py
[2025-04-28T15:25:47.808+0000] {processor.py:840} INFO - DAG(s) 'example_params_trigger_ui' retrieved from /home/airflow/.local/lib/python3.8/site-packages/airflow/example_dags/example_params_trigger_ui.py
[2025-04-28T15:25:47.956+0000] {logging_mixin.py:188} INFO - [2025-04-28T15:25:47.955+0000] {dag.py:3033} INFO - Sync 1 DAGs
[2025-04-28T15:25:47.977+0000] {logging_mixin.py:188} INFO - [2025-04-28T15:25:47.976+0000] {dag.py:3820} INFO - Setting next_dagrun for example_params_trigger_ui to None, run_after=None
[2025-04-28T15:25:48.021+0000] {processor.py:183} INFO - Processing /home/airflow/.local/lib/python3.8/site-packages/airflow/example_dags/example_params_trigger_ui.py took 0.279 seconds
[2025-04-28T15:26:21.072+0000] {processor.py:161} INFO - Started process (PID=3992) to work on /home/airflow/.local/lib/python3.8/site-packages/airflow/example_dags/example_params_trigger_ui.py
[2025-04-28T15:26:21.074+0000] {processor.py:830} INFO - Processing file /home/airflow/.local/lib/python3.8/site-packages/airflow/example_dags/example_params_trigger_ui.py for tasks to queue
[2025-04-28T15:26:21.075+0000] {logging_mixin.py:188} INFO - [2025-04-28T15:26:21.075+0000] {dagbag.py:538} INFO - Filling up the DagBag from /home/airflow/.local/lib/python3.8/site-packages/airflow/example_dags/example_params_trigger_ui.py
[2025-04-28T15:26:21.099+0000] {processor.py:840} INFO - DAG(s) 'example_params_trigger_ui' retrieved from /home/airflow/.local/lib/python3.8/site-packages/airflow/example_dags/example_params_trigger_ui.py
[2025-04-28T15:26:21.195+0000] {logging_mixin.py:188} INFO - [2025-04-28T15:26:21.195+0000] {dag.py:3033} INFO - Sync 1 DAGs
[2025-04-28T15:26:21.214+0000] {logging_mixin.py:188} INFO - [2025-04-28T15:26:21.214+0000] {dag.py:3820} INFO - Setting next_dagrun for example_params_trigger_ui to None, run_after=None
[2025-04-28T15:26:21.245+0000] {processor.py:183} INFO - Processing /home/airflow/.local/lib/python3.8/site-packages/airflow/example_dags/example_params_trigger_ui.py took 0.178 seconds
[2025-04-28T15:26:53.592+0000] {processor.py:161} INFO - Started process (PID=4048) to work on /home/airflow/.local/lib/python3.8/site-packages/airflow/example_dags/example_params_trigger_ui.py
[2025-04-28T15:26:53.594+0000] {processor.py:830} INFO - Processing file /home/airflow/.local/lib/python3.8/site-packages/airflow/example_dags/example_params_trigger_ui.py for tasks to queue
[2025-04-28T15:26:53.595+0000] {logging_mixin.py:188} INFO - [2025-04-28T15:26:53.595+0000] {dagbag.py:538} INFO - Filling up the DagBag from /home/airflow/.local/lib/python3.8/site-packages/airflow/example_dags/example_params_trigger_ui.py
[2025-04-28T15:26:53.617+0000] {processor.py:840} INFO - DAG(s) 'example_params_trigger_ui' retrieved from /home/airflow/.local/lib/python3.8/site-packages/airflow/example_dags/example_params_trigger_ui.py
[2025-04-28T15:26:53.727+0000] {logging_mixin.py:188} INFO - [2025-04-28T15:26:53.727+0000] {dag.py:3033} INFO - Sync 1 DAGs
[2025-04-28T15:26:53.744+0000] {logging_mixin.py:188} INFO - [2025-04-28T15:26:53.744+0000] {dag.py:3820} INFO - Setting next_dagrun for example_params_trigger_ui to None, run_after=None
[2025-04-28T15:26:53.773+0000] {processor.py:183} INFO - Processing /home/airflow/.local/lib/python3.8/site-packages/airflow/example_dags/example_params_trigger_ui.py took 0.185 seconds
[2025-04-28T15:27:29.309+0000] {processor.py:161} INFO - Started process (PID=4104) to work on /home/airflow/.local/lib/python3.8/site-packages/airflow/example_dags/example_params_trigger_ui.py
[2025-04-28T15:27:29.311+0000] {processor.py:830} INFO - Processing file /home/airflow/.local/lib/python3.8/site-packages/airflow/example_dags/example_params_trigger_ui.py for tasks to queue
[2025-04-28T15:27:29.312+0000] {logging_mixin.py:188} INFO - [2025-04-28T15:27:29.312+0000] {dagbag.py:538} INFO - Filling up the DagBag from /home/airflow/.local/lib/python3.8/site-packages/airflow/example_dags/example_params_trigger_ui.py
[2025-04-28T15:27:29.343+0000] {processor.py:840} INFO - DAG(s) 'example_params_trigger_ui' retrieved from /home/airflow/.local/lib/python3.8/site-packages/airflow/example_dags/example_params_trigger_ui.py
[2025-04-28T15:27:29.447+0000] {logging_mixin.py:188} INFO - [2025-04-28T15:27:29.447+0000] {dag.py:3033} INFO - Sync 1 DAGs
[2025-04-28T15:27:29.472+0000] {logging_mixin.py:188} INFO - [2025-04-28T15:27:29.472+0000] {dag.py:3820} INFO - Setting next_dagrun for example_params_trigger_ui to None, run_after=None
[2025-04-28T15:27:29.511+0000] {processor.py:183} INFO - Processing /home/airflow/.local/lib/python3.8/site-packages/airflow/example_dags/example_params_trigger_ui.py took 0.207 seconds
[2025-04-28T15:28:00.229+0000] {processor.py:161} INFO - Started process (PID=4159) to work on /home/airflow/.local/lib/python3.8/site-packages/airflow/example_dags/example_params_trigger_ui.py
[2025-04-28T15:28:00.231+0000] {processor.py:830} INFO - Processing file /home/airflow/.local/lib/python3.8/site-packages/airflow/example_dags/example_params_trigger_ui.py for tasks to queue
[2025-04-28T15:28:00.233+0000] {logging_mixin.py:188} INFO - [2025-04-28T15:28:00.233+0000] {dagbag.py:538} INFO - Filling up the DagBag from /home/airflow/.local/lib/python3.8/site-packages/airflow/example_dags/example_params_trigger_ui.py
[2025-04-28T15:28:00.260+0000] {processor.py:840} INFO - DAG(s) 'example_params_trigger_ui' retrieved from /home/airflow/.local/lib/python3.8/site-packages/airflow/example_dags/example_params_trigger_ui.py
[2025-04-28T15:28:00.365+0000] {logging_mixin.py:188} INFO - [2025-04-28T15:28:00.365+0000] {dag.py:3033} INFO - Sync 1 DAGs
[2025-04-28T15:28:00.383+0000] {logging_mixin.py:188} INFO - [2025-04-28T15:28:00.383+0000] {dag.py:3820} INFO - Setting next_dagrun for example_params_trigger_ui to None, run_after=None
[2025-04-28T15:28:00.412+0000] {processor.py:183} INFO - Processing /home/airflow/.local/lib/python3.8/site-packages/airflow/example_dags/example_params_trigger_ui.py took 0.192 seconds
[2025-04-28T15:28:31.671+0000] {processor.py:161} INFO - Started process (PID=4215) to work on /home/airflow/.local/lib/python3.8/site-packages/airflow/example_dags/example_params_trigger_ui.py
[2025-04-28T15:28:31.672+0000] {processor.py:830} INFO - Processing file /home/airflow/.local/lib/python3.8/site-packages/airflow/example_dags/example_params_trigger_ui.py for tasks to queue
[2025-04-28T15:28:31.673+0000] {logging_mixin.py:188} INFO - [2025-04-28T15:28:31.673+0000] {dagbag.py:538} INFO - Filling up the DagBag from /home/airflow/.local/lib/python3.8/site-packages/airflow/example_dags/example_params_trigger_ui.py
[2025-04-28T15:28:31.695+0000] {processor.py:840} INFO - DAG(s) 'example_params_trigger_ui' retrieved from /home/airflow/.local/lib/python3.8/site-packages/airflow/example_dags/example_params_trigger_ui.py
[2025-04-28T15:28:31.811+0000] {logging_mixin.py:188} INFO - [2025-04-28T15:28:31.810+0000] {dag.py:3033} INFO - Sync 1 DAGs
[2025-04-28T15:28:31.833+0000] {logging_mixin.py:188} INFO - [2025-04-28T15:28:31.833+0000] {dag.py:3820} INFO - Setting next_dagrun for example_params_trigger_ui to None, run_after=None
[2025-04-28T15:28:31.869+0000] {processor.py:183} INFO - Processing /home/airflow/.local/lib/python3.8/site-packages/airflow/example_dags/example_params_trigger_ui.py took 0.202 seconds
[2025-04-28T15:29:05.424+0000] {processor.py:161} INFO - Started process (PID=4271) to work on /home/airflow/.local/lib/python3.8/site-packages/airflow/example_dags/example_params_trigger_ui.py
[2025-04-28T15:29:05.426+0000] {processor.py:830} INFO - Processing file /home/airflow/.local/lib/python3.8/site-packages/airflow/example_dags/example_params_trigger_ui.py for tasks to queue
[2025-04-28T15:29:05.427+0000] {logging_mixin.py:188} INFO - [2025-04-28T15:29:05.427+0000] {dagbag.py:538} INFO - Filling up the DagBag from /home/airflow/.local/lib/python3.8/site-packages/airflow/example_dags/example_params_trigger_ui.py
[2025-04-28T15:29:05.455+0000] {processor.py:840} INFO - DAG(s) 'example_params_trigger_ui' retrieved from /home/airflow/.local/lib/python3.8/site-packages/airflow/example_dags/example_params_trigger_ui.py
[2025-04-28T15:29:05.571+0000] {logging_mixin.py:188} INFO - [2025-04-28T15:29:05.571+0000] {dag.py:3033} INFO - Sync 1 DAGs
[2025-04-28T15:29:05.591+0000] {logging_mixin.py:188} INFO - [2025-04-28T15:29:05.590+0000] {dag.py:3820} INFO - Setting next_dagrun for example_params_trigger_ui to None, run_after=None
[2025-04-28T15:29:05.623+0000] {processor.py:183} INFO - Processing /home/airflow/.local/lib/python3.8/site-packages/airflow/example_dags/example_params_trigger_ui.py took 0.207 seconds
[2025-04-28T15:29:39.473+0000] {processor.py:161} INFO - Started process (PID=4327) to work on /home/airflow/.local/lib/python3.8/site-packages/airflow/example_dags/example_params_trigger_ui.py
[2025-04-28T15:29:39.476+0000] {processor.py:830} INFO - Processing file /home/airflow/.local/lib/python3.8/site-packages/airflow/example_dags/example_params_trigger_ui.py for tasks to queue
[2025-04-28T15:29:39.496+0000] {logging_mixin.py:188} INFO - [2025-04-28T15:29:39.490+0000] {dagbag.py:538} INFO - Filling up the DagBag from /home/airflow/.local/lib/python3.8/site-packages/airflow/example_dags/example_params_trigger_ui.py
[2025-04-28T15:29:39.547+0000] {processor.py:840} INFO - DAG(s) 'example_params_trigger_ui' retrieved from /home/airflow/.local/lib/python3.8/site-packages/airflow/example_dags/example_params_trigger_ui.py
[2025-04-28T15:29:39.715+0000] {logging_mixin.py:188} INFO - [2025-04-28T15:29:39.715+0000] {dag.py:3033} INFO - Sync 1 DAGs
[2025-04-28T15:29:39.744+0000] {logging_mixin.py:188} INFO - [2025-04-28T15:29:39.744+0000] {dag.py:3820} INFO - Setting next_dagrun for example_params_trigger_ui to None, run_after=None
[2025-04-28T15:29:39.789+0000] {processor.py:183} INFO - Processing /home/airflow/.local/lib/python3.8/site-packages/airflow/example_dags/example_params_trigger_ui.py took 0.329 seconds
[2025-04-28T15:30:13.331+0000] {processor.py:161} INFO - Started process (PID=4382) to work on /home/airflow/.local/lib/python3.8/site-packages/airflow/example_dags/example_params_trigger_ui.py
[2025-04-28T15:30:13.332+0000] {processor.py:830} INFO - Processing file /home/airflow/.local/lib/python3.8/site-packages/airflow/example_dags/example_params_trigger_ui.py for tasks to queue
[2025-04-28T15:30:13.334+0000] {logging_mixin.py:188} INFO - [2025-04-28T15:30:13.333+0000] {dagbag.py:538} INFO - Filling up the DagBag from /home/airflow/.local/lib/python3.8/site-packages/airflow/example_dags/example_params_trigger_ui.py
[2025-04-28T15:30:13.363+0000] {processor.py:840} INFO - DAG(s) 'example_params_trigger_ui' retrieved from /home/airflow/.local/lib/python3.8/site-packages/airflow/example_dags/example_params_trigger_ui.py
[2025-04-28T15:30:13.500+0000] {logging_mixin.py:188} INFO - [2025-04-28T15:30:13.499+0000] {dag.py:3033} INFO - Sync 1 DAGs
[2025-04-28T15:30:13.540+0000] {logging_mixin.py:188} INFO - [2025-04-28T15:30:13.539+0000] {dag.py:3820} INFO - Setting next_dagrun for example_params_trigger_ui to None, run_after=None
[2025-04-28T15:30:13.604+0000] {processor.py:183} INFO - Processing /home/airflow/.local/lib/python3.8/site-packages/airflow/example_dags/example_params_trigger_ui.py took 0.280 seconds
[2025-04-28T15:30:44.387+0000] {processor.py:161} INFO - Started process (PID=4437) to work on /home/airflow/.local/lib/python3.8/site-packages/airflow/example_dags/example_params_trigger_ui.py
[2025-04-28T15:30:44.388+0000] {processor.py:830} INFO - Processing file /home/airflow/.local/lib/python3.8/site-packages/airflow/example_dags/example_params_trigger_ui.py for tasks to queue
[2025-04-28T15:30:44.390+0000] {logging_mixin.py:188} INFO - [2025-04-28T15:30:44.389+0000] {dagbag.py:538} INFO - Filling up the DagBag from /home/airflow/.local/lib/python3.8/site-packages/airflow/example_dags/example_params_trigger_ui.py
[2025-04-28T15:30:44.412+0000] {processor.py:840} INFO - DAG(s) 'example_params_trigger_ui' retrieved from /home/airflow/.local/lib/python3.8/site-packages/airflow/example_dags/example_params_trigger_ui.py
[2025-04-28T15:30:44.508+0000] {logging_mixin.py:188} INFO - [2025-04-28T15:30:44.508+0000] {dag.py:3033} INFO - Sync 1 DAGs
[2025-04-28T15:30:44.535+0000] {logging_mixin.py:188} INFO - [2025-04-28T15:30:44.535+0000] {dag.py:3820} INFO - Setting next_dagrun for example_params_trigger_ui to None, run_after=None
[2025-04-28T15:30:44.576+0000] {processor.py:183} INFO - Processing /home/airflow/.local/lib/python3.8/site-packages/airflow/example_dags/example_params_trigger_ui.py took 0.196 seconds
