[2025-04-28T10:03:23.688+0000] {processor.py:161} INFO - Started process (PID=108) to work on /home/airflow/.local/lib/python3.8/site-packages/airflow/example_dags/example_branch_operator_decorator.py
[2025-04-28T10:03:23.693+0000] {processor.py:830} INFO - Processing file /home/airflow/.local/lib/python3.8/site-packages/airflow/example_dags/example_branch_operator_decorator.py for tasks to queue
[2025-04-28T10:03:23.706+0000] {logging_mixin.py:188} INFO - [2025-04-28T10:03:23.706+0000] {dagbag.py:538} INFO - Filling up the DagBag from /home/airflow/.local/lib/python3.8/site-packages/airflow/example_dags/example_branch_operator_decorator.py
[2025-04-28T10:03:23.808+0000] {processor.py:840} INFO - DAG(s) 'example_branch_python_operator_decorator' retrieved from /home/airflow/.local/lib/python3.8/site-packages/airflow/example_dags/example_branch_operator_decorator.py
[2025-04-28T10:03:24.404+0000] {logging_mixin.py:188} INFO - [2025-04-28T10:03:24.404+0000] {dag.py:3033} INFO - Sync 1 DAGs
[2025-04-28T10:03:24.500+0000] {logging_mixin.py:188} INFO - [2025-04-28T10:03:24.500+0000] {dag.py:3820} INFO - Setting next_dagrun for example_branch_python_operator_decorator to 2025-04-27T00:00:00+00:00, run_after=2025-04-28T00:00:00+00:00
[2025-04-28T10:03:24.617+0000] {processor.py:183} INFO - Processing /home/airflow/.local/lib/python3.8/site-packages/airflow/example_dags/example_branch_operator_decorator.py took 0.953 seconds
[2025-04-28T10:03:56.189+0000] {processor.py:161} INFO - Started process (PID=164) to work on /home/airflow/.local/lib/python3.8/site-packages/airflow/example_dags/example_branch_operator_decorator.py
[2025-04-28T10:03:56.191+0000] {processor.py:830} INFO - Processing file /home/airflow/.local/lib/python3.8/site-packages/airflow/example_dags/example_branch_operator_decorator.py for tasks to queue
[2025-04-28T10:03:56.196+0000] {logging_mixin.py:188} INFO - [2025-04-28T10:03:56.195+0000] {dagbag.py:538} INFO - Filling up the DagBag from /home/airflow/.local/lib/python3.8/site-packages/airflow/example_dags/example_branch_operator_decorator.py
[2025-04-28T10:03:56.246+0000] {processor.py:840} INFO - DAG(s) 'example_branch_python_operator_decorator' retrieved from /home/airflow/.local/lib/python3.8/site-packages/airflow/example_dags/example_branch_operator_decorator.py
[2025-04-28T10:03:56.313+0000] {logging_mixin.py:188} INFO - [2025-04-28T10:03:56.312+0000] {dag.py:3033} INFO - Sync 1 DAGs
[2025-04-28T10:03:56.382+0000] {logging_mixin.py:188} INFO - [2025-04-28T10:03:56.381+0000] {dag.py:3820} INFO - Setting next_dagrun for example_branch_python_operator_decorator to 2025-04-27T00:00:00+00:00, run_after=2025-04-28T00:00:00+00:00
[2025-04-28T10:03:56.433+0000] {processor.py:183} INFO - Processing /home/airflow/.local/lib/python3.8/site-packages/airflow/example_dags/example_branch_operator_decorator.py took 0.250 seconds
[2025-04-28T10:04:29.375+0000] {processor.py:161} INFO - Started process (PID=219) to work on /home/airflow/.local/lib/python3.8/site-packages/airflow/example_dags/example_branch_operator_decorator.py
[2025-04-28T10:04:29.377+0000] {processor.py:830} INFO - Processing file /home/airflow/.local/lib/python3.8/site-packages/airflow/example_dags/example_branch_operator_decorator.py for tasks to queue
[2025-04-28T10:04:29.380+0000] {logging_mixin.py:188} INFO - [2025-04-28T10:04:29.380+0000] {dagbag.py:538} INFO - Filling up the DagBag from /home/airflow/.local/lib/python3.8/site-packages/airflow/example_dags/example_branch_operator_decorator.py
[2025-04-28T10:04:29.424+0000] {processor.py:840} INFO - DAG(s) 'example_branch_python_operator_decorator' retrieved from /home/airflow/.local/lib/python3.8/site-packages/airflow/example_dags/example_branch_operator_decorator.py
[2025-04-28T10:04:29.484+0000] {logging_mixin.py:188} INFO - [2025-04-28T10:04:29.484+0000] {dag.py:3033} INFO - Sync 1 DAGs
[2025-04-28T10:04:29.523+0000] {logging_mixin.py:188} INFO - [2025-04-28T10:04:29.523+0000] {dag.py:3820} INFO - Setting next_dagrun for example_branch_python_operator_decorator to 2025-04-27T00:00:00+00:00, run_after=2025-04-28T00:00:00+00:00
[2025-04-28T10:04:29.564+0000] {processor.py:183} INFO - Processing /home/airflow/.local/lib/python3.8/site-packages/airflow/example_dags/example_branch_operator_decorator.py took 0.194 seconds
[2025-04-28T10:05:01.537+0000] {processor.py:161} INFO - Started process (PID=275) to work on /home/airflow/.local/lib/python3.8/site-packages/airflow/example_dags/example_branch_operator_decorator.py
[2025-04-28T10:05:01.543+0000] {processor.py:830} INFO - Processing file /home/airflow/.local/lib/python3.8/site-packages/airflow/example_dags/example_branch_operator_decorator.py for tasks to queue
[2025-04-28T10:05:01.546+0000] {logging_mixin.py:188} INFO - [2025-04-28T10:05:01.546+0000] {dagbag.py:538} INFO - Filling up the DagBag from /home/airflow/.local/lib/python3.8/site-packages/airflow/example_dags/example_branch_operator_decorator.py
[2025-04-28T10:05:01.596+0000] {processor.py:840} INFO - DAG(s) 'example_branch_python_operator_decorator' retrieved from /home/airflow/.local/lib/python3.8/site-packages/airflow/example_dags/example_branch_operator_decorator.py
[2025-04-28T10:05:01.695+0000] {logging_mixin.py:188} INFO - [2025-04-28T10:05:01.695+0000] {dag.py:3033} INFO - Sync 1 DAGs
[2025-04-28T10:05:01.790+0000] {logging_mixin.py:188} INFO - [2025-04-28T10:05:01.789+0000] {dag.py:3820} INFO - Setting next_dagrun for example_branch_python_operator_decorator to 2025-04-27T00:00:00+00:00, run_after=2025-04-28T00:00:00+00:00
[2025-04-28T10:05:01.855+0000] {processor.py:183} INFO - Processing /home/airflow/.local/lib/python3.8/site-packages/airflow/example_dags/example_branch_operator_decorator.py took 0.330 seconds
[2025-04-28T10:05:35.563+0000] {processor.py:161} INFO - Started process (PID=337) to work on /home/airflow/.local/lib/python3.8/site-packages/airflow/example_dags/example_branch_operator_decorator.py
[2025-04-28T10:05:35.564+0000] {processor.py:830} INFO - Processing file /home/airflow/.local/lib/python3.8/site-packages/airflow/example_dags/example_branch_operator_decorator.py for tasks to queue
[2025-04-28T10:05:35.568+0000] {logging_mixin.py:188} INFO - [2025-04-28T10:05:35.567+0000] {dagbag.py:538} INFO - Filling up the DagBag from /home/airflow/.local/lib/python3.8/site-packages/airflow/example_dags/example_branch_operator_decorator.py
[2025-04-28T10:05:35.604+0000] {processor.py:840} INFO - DAG(s) 'example_branch_python_operator_decorator' retrieved from /home/airflow/.local/lib/python3.8/site-packages/airflow/example_dags/example_branch_operator_decorator.py
[2025-04-28T10:05:35.687+0000] {logging_mixin.py:188} INFO - [2025-04-28T10:05:35.686+0000] {dag.py:3033} INFO - Sync 1 DAGs
[2025-04-28T10:05:35.729+0000] {logging_mixin.py:188} INFO - [2025-04-28T10:05:35.729+0000] {dag.py:3820} INFO - Setting next_dagrun for example_branch_python_operator_decorator to 2025-04-27T00:00:00+00:00, run_after=2025-04-28T00:00:00+00:00
[2025-04-28T10:05:35.760+0000] {processor.py:183} INFO - Processing /home/airflow/.local/lib/python3.8/site-packages/airflow/example_dags/example_branch_operator_decorator.py took 0.202 seconds
[2025-04-28T10:06:08.562+0000] {processor.py:161} INFO - Started process (PID=396) to work on /home/airflow/.local/lib/python3.8/site-packages/airflow/example_dags/example_branch_operator_decorator.py
[2025-04-28T10:06:08.563+0000] {processor.py:830} INFO - Processing file /home/airflow/.local/lib/python3.8/site-packages/airflow/example_dags/example_branch_operator_decorator.py for tasks to queue
[2025-04-28T10:06:08.567+0000] {logging_mixin.py:188} INFO - [2025-04-28T10:06:08.566+0000] {dagbag.py:538} INFO - Filling up the DagBag from /home/airflow/.local/lib/python3.8/site-packages/airflow/example_dags/example_branch_operator_decorator.py
[2025-04-28T10:06:08.593+0000] {processor.py:840} INFO - DAG(s) 'example_branch_python_operator_decorator' retrieved from /home/airflow/.local/lib/python3.8/site-packages/airflow/example_dags/example_branch_operator_decorator.py
[2025-04-28T10:06:08.634+0000] {logging_mixin.py:188} INFO - [2025-04-28T10:06:08.634+0000] {dag.py:3033} INFO - Sync 1 DAGs
[2025-04-28T10:06:08.671+0000] {logging_mixin.py:188} INFO - [2025-04-28T10:06:08.671+0000] {dag.py:3820} INFO - Setting next_dagrun for example_branch_python_operator_decorator to 2025-04-27T00:00:00+00:00, run_after=2025-04-28T00:00:00+00:00
[2025-04-28T10:06:08.698+0000] {processor.py:183} INFO - Processing /home/airflow/.local/lib/python3.8/site-packages/airflow/example_dags/example_branch_operator_decorator.py took 0.141 seconds
[2025-04-28T10:06:40.573+0000] {processor.py:161} INFO - Started process (PID=452) to work on /home/airflow/.local/lib/python3.8/site-packages/airflow/example_dags/example_branch_operator_decorator.py
[2025-04-28T10:06:40.574+0000] {processor.py:830} INFO - Processing file /home/airflow/.local/lib/python3.8/site-packages/airflow/example_dags/example_branch_operator_decorator.py for tasks to queue
[2025-04-28T10:06:40.580+0000] {logging_mixin.py:188} INFO - [2025-04-28T10:06:40.580+0000] {dagbag.py:538} INFO - Filling up the DagBag from /home/airflow/.local/lib/python3.8/site-packages/airflow/example_dags/example_branch_operator_decorator.py
[2025-04-28T10:06:40.624+0000] {processor.py:840} INFO - DAG(s) 'example_branch_python_operator_decorator' retrieved from /home/airflow/.local/lib/python3.8/site-packages/airflow/example_dags/example_branch_operator_decorator.py
[2025-04-28T10:06:40.735+0000] {logging_mixin.py:188} INFO - [2025-04-28T10:06:40.735+0000] {dag.py:3033} INFO - Sync 1 DAGs
[2025-04-28T10:06:40.790+0000] {logging_mixin.py:188} INFO - [2025-04-28T10:06:40.789+0000] {dag.py:3820} INFO - Setting next_dagrun for example_branch_python_operator_decorator to 2025-04-27T00:00:00+00:00, run_after=2025-04-28T00:00:00+00:00
[2025-04-28T10:06:40.821+0000] {processor.py:183} INFO - Processing /home/airflow/.local/lib/python3.8/site-packages/airflow/example_dags/example_branch_operator_decorator.py took 0.254 seconds
[2025-04-28T10:07:15.374+0000] {processor.py:161} INFO - Started process (PID=520) to work on /home/airflow/.local/lib/python3.8/site-packages/airflow/example_dags/example_branch_operator_decorator.py
[2025-04-28T10:07:15.376+0000] {processor.py:830} INFO - Processing file /home/airflow/.local/lib/python3.8/site-packages/airflow/example_dags/example_branch_operator_decorator.py for tasks to queue
[2025-04-28T10:07:15.379+0000] {logging_mixin.py:188} INFO - [2025-04-28T10:07:15.379+0000] {dagbag.py:538} INFO - Filling up the DagBag from /home/airflow/.local/lib/python3.8/site-packages/airflow/example_dags/example_branch_operator_decorator.py
[2025-04-28T10:07:15.427+0000] {processor.py:840} INFO - DAG(s) 'example_branch_python_operator_decorator' retrieved from /home/airflow/.local/lib/python3.8/site-packages/airflow/example_dags/example_branch_operator_decorator.py
[2025-04-28T10:07:15.510+0000] {logging_mixin.py:188} INFO - [2025-04-28T10:07:15.510+0000] {dag.py:3033} INFO - Sync 1 DAGs
[2025-04-28T10:07:15.558+0000] {logging_mixin.py:188} INFO - [2025-04-28T10:07:15.558+0000] {dag.py:3820} INFO - Setting next_dagrun for example_branch_python_operator_decorator to 2025-04-27T00:00:00+00:00, run_after=2025-04-28T00:00:00+00:00
[2025-04-28T10:07:15.592+0000] {processor.py:183} INFO - Processing /home/airflow/.local/lib/python3.8/site-packages/airflow/example_dags/example_branch_operator_decorator.py took 0.226 seconds
[2025-04-28T10:07:49.102+0000] {processor.py:161} INFO - Started process (PID=582) to work on /home/airflow/.local/lib/python3.8/site-packages/airflow/example_dags/example_branch_operator_decorator.py
[2025-04-28T10:07:49.105+0000] {processor.py:830} INFO - Processing file /home/airflow/.local/lib/python3.8/site-packages/airflow/example_dags/example_branch_operator_decorator.py for tasks to queue
[2025-04-28T10:07:49.108+0000] {logging_mixin.py:188} INFO - [2025-04-28T10:07:49.108+0000] {dagbag.py:538} INFO - Filling up the DagBag from /home/airflow/.local/lib/python3.8/site-packages/airflow/example_dags/example_branch_operator_decorator.py
[2025-04-28T10:07:49.146+0000] {processor.py:840} INFO - DAG(s) 'example_branch_python_operator_decorator' retrieved from /home/airflow/.local/lib/python3.8/site-packages/airflow/example_dags/example_branch_operator_decorator.py
[2025-04-28T10:07:49.238+0000] {logging_mixin.py:188} INFO - [2025-04-28T10:07:49.235+0000] {dag.py:3033} INFO - Sync 1 DAGs
[2025-04-28T10:07:49.294+0000] {logging_mixin.py:188} INFO - [2025-04-28T10:07:49.293+0000] {dag.py:3820} INFO - Setting next_dagrun for example_branch_python_operator_decorator to 2025-04-27T00:00:00+00:00, run_after=2025-04-28T00:00:00+00:00
[2025-04-28T10:07:49.327+0000] {processor.py:183} INFO - Processing /home/airflow/.local/lib/python3.8/site-packages/airflow/example_dags/example_branch_operator_decorator.py took 0.231 seconds
[2025-04-28T10:08:23.192+0000] {processor.py:161} INFO - Started process (PID=644) to work on /home/airflow/.local/lib/python3.8/site-packages/airflow/example_dags/example_branch_operator_decorator.py
[2025-04-28T10:08:23.193+0000] {processor.py:830} INFO - Processing file /home/airflow/.local/lib/python3.8/site-packages/airflow/example_dags/example_branch_operator_decorator.py for tasks to queue
[2025-04-28T10:08:23.197+0000] {logging_mixin.py:188} INFO - [2025-04-28T10:08:23.196+0000] {dagbag.py:538} INFO - Filling up the DagBag from /home/airflow/.local/lib/python3.8/site-packages/airflow/example_dags/example_branch_operator_decorator.py
[2025-04-28T10:08:23.230+0000] {processor.py:840} INFO - DAG(s) 'example_branch_python_operator_decorator' retrieved from /home/airflow/.local/lib/python3.8/site-packages/airflow/example_dags/example_branch_operator_decorator.py
[2025-04-28T10:08:23.295+0000] {logging_mixin.py:188} INFO - [2025-04-28T10:08:23.295+0000] {dag.py:3033} INFO - Sync 1 DAGs
[2025-04-28T10:08:23.344+0000] {logging_mixin.py:188} INFO - [2025-04-28T10:08:23.344+0000] {dag.py:3820} INFO - Setting next_dagrun for example_branch_python_operator_decorator to 2025-04-27T00:00:00+00:00, run_after=2025-04-28T00:00:00+00:00
[2025-04-28T10:08:23.378+0000] {processor.py:183} INFO - Processing /home/airflow/.local/lib/python3.8/site-packages/airflow/example_dags/example_branch_operator_decorator.py took 0.193 seconds
[2025-04-28T10:08:54.764+0000] {processor.py:161} INFO - Started process (PID=700) to work on /home/airflow/.local/lib/python3.8/site-packages/airflow/example_dags/example_branch_operator_decorator.py
[2025-04-28T10:08:54.767+0000] {processor.py:830} INFO - Processing file /home/airflow/.local/lib/python3.8/site-packages/airflow/example_dags/example_branch_operator_decorator.py for tasks to queue
[2025-04-28T10:08:54.771+0000] {logging_mixin.py:188} INFO - [2025-04-28T10:08:54.771+0000] {dagbag.py:538} INFO - Filling up the DagBag from /home/airflow/.local/lib/python3.8/site-packages/airflow/example_dags/example_branch_operator_decorator.py
[2025-04-28T10:08:54.810+0000] {processor.py:840} INFO - DAG(s) 'example_branch_python_operator_decorator' retrieved from /home/airflow/.local/lib/python3.8/site-packages/airflow/example_dags/example_branch_operator_decorator.py
[2025-04-28T10:08:54.878+0000] {logging_mixin.py:188} INFO - [2025-04-28T10:08:54.877+0000] {dag.py:3033} INFO - Sync 1 DAGs
[2025-04-28T10:08:54.924+0000] {logging_mixin.py:188} INFO - [2025-04-28T10:08:54.924+0000] {dag.py:3820} INFO - Setting next_dagrun for example_branch_python_operator_decorator to 2025-04-27T00:00:00+00:00, run_after=2025-04-28T00:00:00+00:00
[2025-04-28T10:08:54.976+0000] {processor.py:183} INFO - Processing /home/airflow/.local/lib/python3.8/site-packages/airflow/example_dags/example_branch_operator_decorator.py took 0.217 seconds
[2025-04-28T10:09:27.515+0000] {processor.py:161} INFO - Started process (PID=760) to work on /home/airflow/.local/lib/python3.8/site-packages/airflow/example_dags/example_branch_operator_decorator.py
[2025-04-28T10:09:27.525+0000] {processor.py:830} INFO - Processing file /home/airflow/.local/lib/python3.8/site-packages/airflow/example_dags/example_branch_operator_decorator.py for tasks to queue
[2025-04-28T10:09:27.529+0000] {logging_mixin.py:188} INFO - [2025-04-28T10:09:27.529+0000] {dagbag.py:538} INFO - Filling up the DagBag from /home/airflow/.local/lib/python3.8/site-packages/airflow/example_dags/example_branch_operator_decorator.py
[2025-04-28T10:09:27.601+0000] {processor.py:840} INFO - DAG(s) 'example_branch_python_operator_decorator' retrieved from /home/airflow/.local/lib/python3.8/site-packages/airflow/example_dags/example_branch_operator_decorator.py
[2025-04-28T10:09:27.764+0000] {logging_mixin.py:188} INFO - [2025-04-28T10:09:27.763+0000] {dag.py:3033} INFO - Sync 1 DAGs
[2025-04-28T10:09:27.843+0000] {logging_mixin.py:188} INFO - [2025-04-28T10:09:27.843+0000] {dag.py:3820} INFO - Setting next_dagrun for example_branch_python_operator_decorator to 2025-04-27T00:00:00+00:00, run_after=2025-04-28T00:00:00+00:00
[2025-04-28T10:09:27.892+0000] {processor.py:183} INFO - Processing /home/airflow/.local/lib/python3.8/site-packages/airflow/example_dags/example_branch_operator_decorator.py took 0.383 seconds
[2025-04-28T10:10:01.066+0000] {processor.py:161} INFO - Started process (PID=818) to work on /home/airflow/.local/lib/python3.8/site-packages/airflow/example_dags/example_branch_operator_decorator.py
[2025-04-28T10:10:01.068+0000] {processor.py:830} INFO - Processing file /home/airflow/.local/lib/python3.8/site-packages/airflow/example_dags/example_branch_operator_decorator.py for tasks to queue
[2025-04-28T10:10:01.073+0000] {logging_mixin.py:188} INFO - [2025-04-28T10:10:01.072+0000] {dagbag.py:538} INFO - Filling up the DagBag from /home/airflow/.local/lib/python3.8/site-packages/airflow/example_dags/example_branch_operator_decorator.py
[2025-04-28T10:10:01.115+0000] {processor.py:840} INFO - DAG(s) 'example_branch_python_operator_decorator' retrieved from /home/airflow/.local/lib/python3.8/site-packages/airflow/example_dags/example_branch_operator_decorator.py
[2025-04-28T10:10:01.172+0000] {logging_mixin.py:188} INFO - [2025-04-28T10:10:01.172+0000] {dag.py:3033} INFO - Sync 1 DAGs
[2025-04-28T10:10:01.218+0000] {logging_mixin.py:188} INFO - [2025-04-28T10:10:01.217+0000] {dag.py:3820} INFO - Setting next_dagrun for example_branch_python_operator_decorator to 2025-04-27T00:00:00+00:00, run_after=2025-04-28T00:00:00+00:00
[2025-04-28T10:10:01.255+0000] {processor.py:183} INFO - Processing /home/airflow/.local/lib/python3.8/site-packages/airflow/example_dags/example_branch_operator_decorator.py took 0.195 seconds
[2025-04-28T10:10:34.203+0000] {processor.py:161} INFO - Started process (PID=874) to work on /home/airflow/.local/lib/python3.8/site-packages/airflow/example_dags/example_branch_operator_decorator.py
[2025-04-28T10:10:34.204+0000] {processor.py:830} INFO - Processing file /home/airflow/.local/lib/python3.8/site-packages/airflow/example_dags/example_branch_operator_decorator.py for tasks to queue
[2025-04-28T10:10:34.211+0000] {logging_mixin.py:188} INFO - [2025-04-28T10:10:34.211+0000] {dagbag.py:538} INFO - Filling up the DagBag from /home/airflow/.local/lib/python3.8/site-packages/airflow/example_dags/example_branch_operator_decorator.py
[2025-04-28T10:10:34.263+0000] {processor.py:840} INFO - DAG(s) 'example_branch_python_operator_decorator' retrieved from /home/airflow/.local/lib/python3.8/site-packages/airflow/example_dags/example_branch_operator_decorator.py
[2025-04-28T10:10:34.352+0000] {logging_mixin.py:188} INFO - [2025-04-28T10:10:34.352+0000] {dag.py:3033} INFO - Sync 1 DAGs
[2025-04-28T10:10:34.473+0000] {logging_mixin.py:188} INFO - [2025-04-28T10:10:34.473+0000] {dag.py:3820} INFO - Setting next_dagrun for example_branch_python_operator_decorator to 2025-04-27T00:00:00+00:00, run_after=2025-04-28T00:00:00+00:00
[2025-04-28T10:10:34.543+0000] {processor.py:183} INFO - Processing /home/airflow/.local/lib/python3.8/site-packages/airflow/example_dags/example_branch_operator_decorator.py took 0.345 seconds
[2025-04-28T10:11:14.018+0000] {processor.py:161} INFO - Started process (PID=930) to work on /home/airflow/.local/lib/python3.8/site-packages/airflow/example_dags/example_branch_operator_decorator.py
[2025-04-28T10:11:14.019+0000] {processor.py:830} INFO - Processing file /home/airflow/.local/lib/python3.8/site-packages/airflow/example_dags/example_branch_operator_decorator.py for tasks to queue
[2025-04-28T10:11:14.022+0000] {logging_mixin.py:188} INFO - [2025-04-28T10:11:14.022+0000] {dagbag.py:538} INFO - Filling up the DagBag from /home/airflow/.local/lib/python3.8/site-packages/airflow/example_dags/example_branch_operator_decorator.py
[2025-04-28T10:11:14.066+0000] {processor.py:840} INFO - DAG(s) 'example_branch_python_operator_decorator' retrieved from /home/airflow/.local/lib/python3.8/site-packages/airflow/example_dags/example_branch_operator_decorator.py
[2025-04-28T10:11:14.112+0000] {logging_mixin.py:188} INFO - [2025-04-28T10:11:14.112+0000] {dag.py:3033} INFO - Sync 1 DAGs
[2025-04-28T10:11:14.170+0000] {logging_mixin.py:188} INFO - [2025-04-28T10:11:14.170+0000] {dag.py:3820} INFO - Setting next_dagrun for example_branch_python_operator_decorator to 2025-04-27T00:00:00+00:00, run_after=2025-04-28T00:00:00+00:00
[2025-04-28T10:11:14.205+0000] {processor.py:183} INFO - Processing /home/airflow/.local/lib/python3.8/site-packages/airflow/example_dags/example_branch_operator_decorator.py took 0.192 seconds
[2025-04-28T10:11:44.257+0000] {processor.py:161} INFO - Started process (PID=986) to work on /home/airflow/.local/lib/python3.8/site-packages/airflow/example_dags/example_branch_operator_decorator.py
[2025-04-28T10:11:44.259+0000] {processor.py:830} INFO - Processing file /home/airflow/.local/lib/python3.8/site-packages/airflow/example_dags/example_branch_operator_decorator.py for tasks to queue
[2025-04-28T10:11:44.263+0000] {logging_mixin.py:188} INFO - [2025-04-28T10:11:44.263+0000] {dagbag.py:538} INFO - Filling up the DagBag from /home/airflow/.local/lib/python3.8/site-packages/airflow/example_dags/example_branch_operator_decorator.py
[2025-04-28T10:11:44.301+0000] {processor.py:840} INFO - DAG(s) 'example_branch_python_operator_decorator' retrieved from /home/airflow/.local/lib/python3.8/site-packages/airflow/example_dags/example_branch_operator_decorator.py
[2025-04-28T10:11:44.348+0000] {logging_mixin.py:188} INFO - [2025-04-28T10:11:44.348+0000] {dag.py:3033} INFO - Sync 1 DAGs
[2025-04-28T10:11:44.384+0000] {logging_mixin.py:188} INFO - [2025-04-28T10:11:44.384+0000] {dag.py:3820} INFO - Setting next_dagrun for example_branch_python_operator_decorator to 2025-04-27T00:00:00+00:00, run_after=2025-04-28T00:00:00+00:00
[2025-04-28T10:11:44.416+0000] {processor.py:183} INFO - Processing /home/airflow/.local/lib/python3.8/site-packages/airflow/example_dags/example_branch_operator_decorator.py took 0.164 seconds
[2025-04-28T10:12:15.377+0000] {processor.py:161} INFO - Started process (PID=1042) to work on /home/airflow/.local/lib/python3.8/site-packages/airflow/example_dags/example_branch_operator_decorator.py
[2025-04-28T10:12:15.388+0000] {processor.py:830} INFO - Processing file /home/airflow/.local/lib/python3.8/site-packages/airflow/example_dags/example_branch_operator_decorator.py for tasks to queue
[2025-04-28T10:12:15.401+0000] {logging_mixin.py:188} INFO - [2025-04-28T10:12:15.401+0000] {dagbag.py:538} INFO - Filling up the DagBag from /home/airflow/.local/lib/python3.8/site-packages/airflow/example_dags/example_branch_operator_decorator.py
[2025-04-28T10:12:15.497+0000] {processor.py:840} INFO - DAG(s) 'example_branch_python_operator_decorator' retrieved from /home/airflow/.local/lib/python3.8/site-packages/airflow/example_dags/example_branch_operator_decorator.py
[2025-04-28T10:12:15.629+0000] {logging_mixin.py:188} INFO - [2025-04-28T10:12:15.628+0000] {dag.py:3033} INFO - Sync 1 DAGs
[2025-04-28T10:12:15.702+0000] {logging_mixin.py:188} INFO - [2025-04-28T10:12:15.702+0000] {dag.py:3820} INFO - Setting next_dagrun for example_branch_python_operator_decorator to 2025-04-27T00:00:00+00:00, run_after=2025-04-28T00:00:00+00:00
[2025-04-28T10:12:15.769+0000] {processor.py:183} INFO - Processing /home/airflow/.local/lib/python3.8/site-packages/airflow/example_dags/example_branch_operator_decorator.py took 0.398 seconds
[2025-04-28T10:12:45.976+0000] {processor.py:161} INFO - Started process (PID=1099) to work on /home/airflow/.local/lib/python3.8/site-packages/airflow/example_dags/example_branch_operator_decorator.py
[2025-04-28T10:12:45.978+0000] {processor.py:830} INFO - Processing file /home/airflow/.local/lib/python3.8/site-packages/airflow/example_dags/example_branch_operator_decorator.py for tasks to queue
[2025-04-28T10:12:45.985+0000] {logging_mixin.py:188} INFO - [2025-04-28T10:12:45.985+0000] {dagbag.py:538} INFO - Filling up the DagBag from /home/airflow/.local/lib/python3.8/site-packages/airflow/example_dags/example_branch_operator_decorator.py
[2025-04-28T10:12:46.030+0000] {processor.py:840} INFO - DAG(s) 'example_branch_python_operator_decorator' retrieved from /home/airflow/.local/lib/python3.8/site-packages/airflow/example_dags/example_branch_operator_decorator.py
[2025-04-28T10:12:46.099+0000] {logging_mixin.py:188} INFO - [2025-04-28T10:12:46.098+0000] {dag.py:3033} INFO - Sync 1 DAGs
[2025-04-28T10:12:46.157+0000] {logging_mixin.py:188} INFO - [2025-04-28T10:12:46.157+0000] {dag.py:3820} INFO - Setting next_dagrun for example_branch_python_operator_decorator to 2025-04-27T00:00:00+00:00, run_after=2025-04-28T00:00:00+00:00
[2025-04-28T10:12:46.194+0000] {processor.py:183} INFO - Processing /home/airflow/.local/lib/python3.8/site-packages/airflow/example_dags/example_branch_operator_decorator.py took 0.224 seconds
[2025-04-28T10:13:16.426+0000] {processor.py:161} INFO - Started process (PID=1156) to work on /home/airflow/.local/lib/python3.8/site-packages/airflow/example_dags/example_branch_operator_decorator.py
[2025-04-28T10:13:16.427+0000] {processor.py:830} INFO - Processing file /home/airflow/.local/lib/python3.8/site-packages/airflow/example_dags/example_branch_operator_decorator.py for tasks to queue
[2025-04-28T10:13:16.432+0000] {logging_mixin.py:188} INFO - [2025-04-28T10:13:16.431+0000] {dagbag.py:538} INFO - Filling up the DagBag from /home/airflow/.local/lib/python3.8/site-packages/airflow/example_dags/example_branch_operator_decorator.py
[2025-04-28T10:13:16.467+0000] {processor.py:840} INFO - DAG(s) 'example_branch_python_operator_decorator' retrieved from /home/airflow/.local/lib/python3.8/site-packages/airflow/example_dags/example_branch_operator_decorator.py
[2025-04-28T10:13:16.531+0000] {logging_mixin.py:188} INFO - [2025-04-28T10:13:16.530+0000] {dag.py:3033} INFO - Sync 1 DAGs
[2025-04-28T10:13:16.592+0000] {logging_mixin.py:188} INFO - [2025-04-28T10:13:16.592+0000] {dag.py:3820} INFO - Setting next_dagrun for example_branch_python_operator_decorator to 2025-04-27T00:00:00+00:00, run_after=2025-04-28T00:00:00+00:00
[2025-04-28T10:13:16.631+0000] {processor.py:183} INFO - Processing /home/airflow/.local/lib/python3.8/site-packages/airflow/example_dags/example_branch_operator_decorator.py took 0.211 seconds
[2025-04-28T10:13:49.503+0000] {processor.py:161} INFO - Started process (PID=1211) to work on /home/airflow/.local/lib/python3.8/site-packages/airflow/example_dags/example_branch_operator_decorator.py
[2025-04-28T10:13:49.504+0000] {processor.py:830} INFO - Processing file /home/airflow/.local/lib/python3.8/site-packages/airflow/example_dags/example_branch_operator_decorator.py for tasks to queue
[2025-04-28T10:13:49.508+0000] {logging_mixin.py:188} INFO - [2025-04-28T10:13:49.507+0000] {dagbag.py:538} INFO - Filling up the DagBag from /home/airflow/.local/lib/python3.8/site-packages/airflow/example_dags/example_branch_operator_decorator.py
[2025-04-28T10:13:49.536+0000] {processor.py:840} INFO - DAG(s) 'example_branch_python_operator_decorator' retrieved from /home/airflow/.local/lib/python3.8/site-packages/airflow/example_dags/example_branch_operator_decorator.py
[2025-04-28T10:13:49.577+0000] {logging_mixin.py:188} INFO - [2025-04-28T10:13:49.577+0000] {dag.py:3033} INFO - Sync 1 DAGs
[2025-04-28T10:13:49.609+0000] {logging_mixin.py:188} INFO - [2025-04-28T10:13:49.609+0000] {dag.py:3820} INFO - Setting next_dagrun for example_branch_python_operator_decorator to 2025-04-27T00:00:00+00:00, run_after=2025-04-28T00:00:00+00:00
[2025-04-28T10:13:49.639+0000] {processor.py:183} INFO - Processing /home/airflow/.local/lib/python3.8/site-packages/airflow/example_dags/example_branch_operator_decorator.py took 0.142 seconds
[2025-04-28T10:14:22.182+0000] {processor.py:161} INFO - Started process (PID=1266) to work on /home/airflow/.local/lib/python3.8/site-packages/airflow/example_dags/example_branch_operator_decorator.py
[2025-04-28T10:14:22.183+0000] {processor.py:830} INFO - Processing file /home/airflow/.local/lib/python3.8/site-packages/airflow/example_dags/example_branch_operator_decorator.py for tasks to queue
[2025-04-28T10:14:22.189+0000] {logging_mixin.py:188} INFO - [2025-04-28T10:14:22.188+0000] {dagbag.py:538} INFO - Filling up the DagBag from /home/airflow/.local/lib/python3.8/site-packages/airflow/example_dags/example_branch_operator_decorator.py
[2025-04-28T10:14:22.226+0000] {processor.py:840} INFO - DAG(s) 'example_branch_python_operator_decorator' retrieved from /home/airflow/.local/lib/python3.8/site-packages/airflow/example_dags/example_branch_operator_decorator.py
[2025-04-28T10:14:22.284+0000] {logging_mixin.py:188} INFO - [2025-04-28T10:14:22.283+0000] {dag.py:3033} INFO - Sync 1 DAGs
[2025-04-28T10:14:22.336+0000] {logging_mixin.py:188} INFO - [2025-04-28T10:14:22.335+0000] {dag.py:3820} INFO - Setting next_dagrun for example_branch_python_operator_decorator to 2025-04-27T00:00:00+00:00, run_after=2025-04-28T00:00:00+00:00
[2025-04-28T10:14:22.375+0000] {processor.py:183} INFO - Processing /home/airflow/.local/lib/python3.8/site-packages/airflow/example_dags/example_branch_operator_decorator.py took 0.198 seconds
[2025-04-28T10:14:54.182+0000] {processor.py:161} INFO - Started process (PID=1322) to work on /home/airflow/.local/lib/python3.8/site-packages/airflow/example_dags/example_branch_operator_decorator.py
[2025-04-28T10:14:54.184+0000] {processor.py:830} INFO - Processing file /home/airflow/.local/lib/python3.8/site-packages/airflow/example_dags/example_branch_operator_decorator.py for tasks to queue
[2025-04-28T10:14:54.188+0000] {logging_mixin.py:188} INFO - [2025-04-28T10:14:54.187+0000] {dagbag.py:538} INFO - Filling up the DagBag from /home/airflow/.local/lib/python3.8/site-packages/airflow/example_dags/example_branch_operator_decorator.py
[2025-04-28T10:14:54.235+0000] {processor.py:840} INFO - DAG(s) 'example_branch_python_operator_decorator' retrieved from /home/airflow/.local/lib/python3.8/site-packages/airflow/example_dags/example_branch_operator_decorator.py
[2025-04-28T10:14:54.323+0000] {logging_mixin.py:188} INFO - [2025-04-28T10:14:54.322+0000] {dag.py:3033} INFO - Sync 1 DAGs
[2025-04-28T10:14:54.395+0000] {logging_mixin.py:188} INFO - [2025-04-28T10:14:54.395+0000] {dag.py:3820} INFO - Setting next_dagrun for example_branch_python_operator_decorator to 2025-04-27T00:00:00+00:00, run_after=2025-04-28T00:00:00+00:00
[2025-04-28T10:14:54.462+0000] {processor.py:183} INFO - Processing /home/airflow/.local/lib/python3.8/site-packages/airflow/example_dags/example_branch_operator_decorator.py took 0.287 seconds
[2025-04-28T10:15:26.884+0000] {processor.py:161} INFO - Started process (PID=1379) to work on /home/airflow/.local/lib/python3.8/site-packages/airflow/example_dags/example_branch_operator_decorator.py
[2025-04-28T10:15:26.886+0000] {processor.py:830} INFO - Processing file /home/airflow/.local/lib/python3.8/site-packages/airflow/example_dags/example_branch_operator_decorator.py for tasks to queue
[2025-04-28T10:15:26.892+0000] {logging_mixin.py:188} INFO - [2025-04-28T10:15:26.891+0000] {dagbag.py:538} INFO - Filling up the DagBag from /home/airflow/.local/lib/python3.8/site-packages/airflow/example_dags/example_branch_operator_decorator.py
[2025-04-28T10:15:26.948+0000] {processor.py:840} INFO - DAG(s) 'example_branch_python_operator_decorator' retrieved from /home/airflow/.local/lib/python3.8/site-packages/airflow/example_dags/example_branch_operator_decorator.py
[2025-04-28T10:15:27.028+0000] {logging_mixin.py:188} INFO - [2025-04-28T10:15:27.026+0000] {dag.py:3033} INFO - Sync 1 DAGs
[2025-04-28T10:15:27.110+0000] {logging_mixin.py:188} INFO - [2025-04-28T10:15:27.110+0000] {dag.py:3820} INFO - Setting next_dagrun for example_branch_python_operator_decorator to 2025-04-27T00:00:00+00:00, run_after=2025-04-28T00:00:00+00:00
[2025-04-28T10:15:27.166+0000] {processor.py:183} INFO - Processing /home/airflow/.local/lib/python3.8/site-packages/airflow/example_dags/example_branch_operator_decorator.py took 0.288 seconds
[2025-04-28T10:15:59.599+0000] {processor.py:161} INFO - Started process (PID=1434) to work on /home/airflow/.local/lib/python3.8/site-packages/airflow/example_dags/example_branch_operator_decorator.py
[2025-04-28T10:15:59.601+0000] {processor.py:830} INFO - Processing file /home/airflow/.local/lib/python3.8/site-packages/airflow/example_dags/example_branch_operator_decorator.py for tasks to queue
[2025-04-28T10:15:59.605+0000] {logging_mixin.py:188} INFO - [2025-04-28T10:15:59.604+0000] {dagbag.py:538} INFO - Filling up the DagBag from /home/airflow/.local/lib/python3.8/site-packages/airflow/example_dags/example_branch_operator_decorator.py
[2025-04-28T10:15:59.641+0000] {processor.py:840} INFO - DAG(s) 'example_branch_python_operator_decorator' retrieved from /home/airflow/.local/lib/python3.8/site-packages/airflow/example_dags/example_branch_operator_decorator.py
[2025-04-28T10:15:59.693+0000] {logging_mixin.py:188} INFO - [2025-04-28T10:15:59.693+0000] {dag.py:3033} INFO - Sync 1 DAGs
[2025-04-28T10:15:59.740+0000] {logging_mixin.py:188} INFO - [2025-04-28T10:15:59.739+0000] {dag.py:3820} INFO - Setting next_dagrun for example_branch_python_operator_decorator to 2025-04-27T00:00:00+00:00, run_after=2025-04-28T00:00:00+00:00
[2025-04-28T10:15:59.779+0000] {processor.py:183} INFO - Processing /home/airflow/.local/lib/python3.8/site-packages/airflow/example_dags/example_branch_operator_decorator.py took 0.185 seconds
[2025-04-28T10:16:31.599+0000] {processor.py:161} INFO - Started process (PID=1489) to work on /home/airflow/.local/lib/python3.8/site-packages/airflow/example_dags/example_branch_operator_decorator.py
[2025-04-28T10:16:31.601+0000] {processor.py:830} INFO - Processing file /home/airflow/.local/lib/python3.8/site-packages/airflow/example_dags/example_branch_operator_decorator.py for tasks to queue
[2025-04-28T10:16:31.605+0000] {logging_mixin.py:188} INFO - [2025-04-28T10:16:31.604+0000] {dagbag.py:538} INFO - Filling up the DagBag from /home/airflow/.local/lib/python3.8/site-packages/airflow/example_dags/example_branch_operator_decorator.py
[2025-04-28T10:16:31.642+0000] {processor.py:840} INFO - DAG(s) 'example_branch_python_operator_decorator' retrieved from /home/airflow/.local/lib/python3.8/site-packages/airflow/example_dags/example_branch_operator_decorator.py
[2025-04-28T10:16:31.701+0000] {logging_mixin.py:188} INFO - [2025-04-28T10:16:31.701+0000] {dag.py:3033} INFO - Sync 1 DAGs
[2025-04-28T10:16:31.749+0000] {logging_mixin.py:188} INFO - [2025-04-28T10:16:31.749+0000] {dag.py:3820} INFO - Setting next_dagrun for example_branch_python_operator_decorator to 2025-04-27T00:00:00+00:00, run_after=2025-04-28T00:00:00+00:00
[2025-04-28T10:16:31.785+0000] {processor.py:183} INFO - Processing /home/airflow/.local/lib/python3.8/site-packages/airflow/example_dags/example_branch_operator_decorator.py took 0.192 seconds
[2025-04-28T10:17:13.373+0000] {processor.py:161} INFO - Started process (PID=1545) to work on /home/airflow/.local/lib/python3.8/site-packages/airflow/example_dags/example_branch_operator_decorator.py
[2025-04-28T10:17:13.387+0000] {processor.py:830} INFO - Processing file /home/airflow/.local/lib/python3.8/site-packages/airflow/example_dags/example_branch_operator_decorator.py for tasks to queue
[2025-04-28T10:17:13.404+0000] {logging_mixin.py:188} INFO - [2025-04-28T10:17:13.404+0000] {dagbag.py:538} INFO - Filling up the DagBag from /home/airflow/.local/lib/python3.8/site-packages/airflow/example_dags/example_branch_operator_decorator.py
[2025-04-28T10:17:13.507+0000] {processor.py:840} INFO - DAG(s) 'example_branch_python_operator_decorator' retrieved from /home/airflow/.local/lib/python3.8/site-packages/airflow/example_dags/example_branch_operator_decorator.py
[2025-04-28T10:17:13.692+0000] {logging_mixin.py:188} INFO - [2025-04-28T10:17:13.681+0000] {dag.py:3033} INFO - Sync 1 DAGs
[2025-04-28T10:17:13.886+0000] {logging_mixin.py:188} INFO - [2025-04-28T10:17:13.880+0000] {dag.py:3820} INFO - Setting next_dagrun for example_branch_python_operator_decorator to 2025-04-27T00:00:00+00:00, run_after=2025-04-28T00:00:00+00:00
[2025-04-28T10:17:13.980+0000] {processor.py:183} INFO - Processing /home/airflow/.local/lib/python3.8/site-packages/airflow/example_dags/example_branch_operator_decorator.py took 0.626 seconds
[2025-04-28T10:17:44.141+0000] {processor.py:161} INFO - Started process (PID=1601) to work on /home/airflow/.local/lib/python3.8/site-packages/airflow/example_dags/example_branch_operator_decorator.py
[2025-04-28T10:17:44.143+0000] {processor.py:830} INFO - Processing file /home/airflow/.local/lib/python3.8/site-packages/airflow/example_dags/example_branch_operator_decorator.py for tasks to queue
[2025-04-28T10:17:44.154+0000] {logging_mixin.py:188} INFO - [2025-04-28T10:17:44.153+0000] {dagbag.py:538} INFO - Filling up the DagBag from /home/airflow/.local/lib/python3.8/site-packages/airflow/example_dags/example_branch_operator_decorator.py
[2025-04-28T10:17:44.226+0000] {processor.py:840} INFO - DAG(s) 'example_branch_python_operator_decorator' retrieved from /home/airflow/.local/lib/python3.8/site-packages/airflow/example_dags/example_branch_operator_decorator.py
[2025-04-28T10:17:44.327+0000] {logging_mixin.py:188} INFO - [2025-04-28T10:17:44.325+0000] {dag.py:3033} INFO - Sync 1 DAGs
[2025-04-28T10:17:44.441+0000] {logging_mixin.py:188} INFO - [2025-04-28T10:17:44.440+0000] {dag.py:3820} INFO - Setting next_dagrun for example_branch_python_operator_decorator to 2025-04-27T00:00:00+00:00, run_after=2025-04-28T00:00:00+00:00
[2025-04-28T10:17:44.513+0000] {processor.py:183} INFO - Processing /home/airflow/.local/lib/python3.8/site-packages/airflow/example_dags/example_branch_operator_decorator.py took 0.379 seconds
[2025-04-28T10:18:16.257+0000] {processor.py:161} INFO - Started process (PID=1660) to work on /home/airflow/.local/lib/python3.8/site-packages/airflow/example_dags/example_branch_operator_decorator.py
[2025-04-28T10:18:16.259+0000] {processor.py:830} INFO - Processing file /home/airflow/.local/lib/python3.8/site-packages/airflow/example_dags/example_branch_operator_decorator.py for tasks to queue
[2025-04-28T10:18:16.276+0000] {logging_mixin.py:188} INFO - [2025-04-28T10:18:16.275+0000] {dagbag.py:538} INFO - Filling up the DagBag from /home/airflow/.local/lib/python3.8/site-packages/airflow/example_dags/example_branch_operator_decorator.py
[2025-04-28T10:18:16.379+0000] {processor.py:840} INFO - DAG(s) 'example_branch_python_operator_decorator' retrieved from /home/airflow/.local/lib/python3.8/site-packages/airflow/example_dags/example_branch_operator_decorator.py
[2025-04-28T10:18:16.516+0000] {logging_mixin.py:188} INFO - [2025-04-28T10:18:16.515+0000] {dag.py:3033} INFO - Sync 1 DAGs
[2025-04-28T10:18:16.626+0000] {logging_mixin.py:188} INFO - [2025-04-28T10:18:16.625+0000] {dag.py:3820} INFO - Setting next_dagrun for example_branch_python_operator_decorator to 2025-04-27T00:00:00+00:00, run_after=2025-04-28T00:00:00+00:00
[2025-04-28T10:18:16.752+0000] {processor.py:183} INFO - Processing /home/airflow/.local/lib/python3.8/site-packages/airflow/example_dags/example_branch_operator_decorator.py took 0.510 seconds
[2025-04-28T10:18:48.230+0000] {processor.py:161} INFO - Started process (PID=1719) to work on /home/airflow/.local/lib/python3.8/site-packages/airflow/example_dags/example_branch_operator_decorator.py
[2025-04-28T10:18:48.237+0000] {processor.py:830} INFO - Processing file /home/airflow/.local/lib/python3.8/site-packages/airflow/example_dags/example_branch_operator_decorator.py for tasks to queue
[2025-04-28T10:18:48.243+0000] {logging_mixin.py:188} INFO - [2025-04-28T10:18:48.243+0000] {dagbag.py:538} INFO - Filling up the DagBag from /home/airflow/.local/lib/python3.8/site-packages/airflow/example_dags/example_branch_operator_decorator.py
[2025-04-28T10:18:48.294+0000] {processor.py:840} INFO - DAG(s) 'example_branch_python_operator_decorator' retrieved from /home/airflow/.local/lib/python3.8/site-packages/airflow/example_dags/example_branch_operator_decorator.py
[2025-04-28T10:18:48.407+0000] {logging_mixin.py:188} INFO - [2025-04-28T10:18:48.407+0000] {dag.py:3033} INFO - Sync 1 DAGs
[2025-04-28T10:18:48.490+0000] {logging_mixin.py:188} INFO - [2025-04-28T10:18:48.490+0000] {dag.py:3820} INFO - Setting next_dagrun for example_branch_python_operator_decorator to 2025-04-27T00:00:00+00:00, run_after=2025-04-28T00:00:00+00:00
[2025-04-28T10:18:48.536+0000] {processor.py:183} INFO - Processing /home/airflow/.local/lib/python3.8/site-packages/airflow/example_dags/example_branch_operator_decorator.py took 0.314 seconds
[2025-04-28T10:19:18.842+0000] {processor.py:161} INFO - Started process (PID=1775) to work on /home/airflow/.local/lib/python3.8/site-packages/airflow/example_dags/example_branch_operator_decorator.py
[2025-04-28T10:19:18.844+0000] {processor.py:830} INFO - Processing file /home/airflow/.local/lib/python3.8/site-packages/airflow/example_dags/example_branch_operator_decorator.py for tasks to queue
[2025-04-28T10:19:18.847+0000] {logging_mixin.py:188} INFO - [2025-04-28T10:19:18.847+0000] {dagbag.py:538} INFO - Filling up the DagBag from /home/airflow/.local/lib/python3.8/site-packages/airflow/example_dags/example_branch_operator_decorator.py
[2025-04-28T10:19:18.880+0000] {processor.py:840} INFO - DAG(s) 'example_branch_python_operator_decorator' retrieved from /home/airflow/.local/lib/python3.8/site-packages/airflow/example_dags/example_branch_operator_decorator.py
[2025-04-28T10:19:18.941+0000] {logging_mixin.py:188} INFO - [2025-04-28T10:19:18.941+0000] {dag.py:3033} INFO - Sync 1 DAGs
[2025-04-28T10:19:18.993+0000] {logging_mixin.py:188} INFO - [2025-04-28T10:19:18.992+0000] {dag.py:3820} INFO - Setting next_dagrun for example_branch_python_operator_decorator to 2025-04-27T00:00:00+00:00, run_after=2025-04-28T00:00:00+00:00
[2025-04-28T10:19:19.028+0000] {processor.py:183} INFO - Processing /home/airflow/.local/lib/python3.8/site-packages/airflow/example_dags/example_branch_operator_decorator.py took 0.192 seconds
[2025-04-28T10:19:49.708+0000] {processor.py:161} INFO - Started process (PID=1832) to work on /home/airflow/.local/lib/python3.8/site-packages/airflow/example_dags/example_branch_operator_decorator.py
[2025-04-28T10:19:49.709+0000] {processor.py:830} INFO - Processing file /home/airflow/.local/lib/python3.8/site-packages/airflow/example_dags/example_branch_operator_decorator.py for tasks to queue
[2025-04-28T10:19:49.712+0000] {logging_mixin.py:188} INFO - [2025-04-28T10:19:49.711+0000] {dagbag.py:538} INFO - Filling up the DagBag from /home/airflow/.local/lib/python3.8/site-packages/airflow/example_dags/example_branch_operator_decorator.py
[2025-04-28T10:19:49.750+0000] {processor.py:840} INFO - DAG(s) 'example_branch_python_operator_decorator' retrieved from /home/airflow/.local/lib/python3.8/site-packages/airflow/example_dags/example_branch_operator_decorator.py
[2025-04-28T10:19:49.798+0000] {logging_mixin.py:188} INFO - [2025-04-28T10:19:49.798+0000] {dag.py:3033} INFO - Sync 1 DAGs
[2025-04-28T10:19:49.840+0000] {logging_mixin.py:188} INFO - [2025-04-28T10:19:49.840+0000] {dag.py:3820} INFO - Setting next_dagrun for example_branch_python_operator_decorator to 2025-04-27T00:00:00+00:00, run_after=2025-04-28T00:00:00+00:00
[2025-04-28T10:19:49.873+0000] {processor.py:183} INFO - Processing /home/airflow/.local/lib/python3.8/site-packages/airflow/example_dags/example_branch_operator_decorator.py took 0.170 seconds
[2025-04-28T10:20:21.774+0000] {processor.py:161} INFO - Started process (PID=1888) to work on /home/airflow/.local/lib/python3.8/site-packages/airflow/example_dags/example_branch_operator_decorator.py
[2025-04-28T10:20:21.776+0000] {processor.py:830} INFO - Processing file /home/airflow/.local/lib/python3.8/site-packages/airflow/example_dags/example_branch_operator_decorator.py for tasks to queue
[2025-04-28T10:20:21.784+0000] {logging_mixin.py:188} INFO - [2025-04-28T10:20:21.784+0000] {dagbag.py:538} INFO - Filling up the DagBag from /home/airflow/.local/lib/python3.8/site-packages/airflow/example_dags/example_branch_operator_decorator.py
[2025-04-28T10:20:21.841+0000] {processor.py:840} INFO - DAG(s) 'example_branch_python_operator_decorator' retrieved from /home/airflow/.local/lib/python3.8/site-packages/airflow/example_dags/example_branch_operator_decorator.py
[2025-04-28T10:20:21.898+0000] {logging_mixin.py:188} INFO - [2025-04-28T10:20:21.898+0000] {dag.py:3033} INFO - Sync 1 DAGs
[2025-04-28T10:20:21.956+0000] {logging_mixin.py:188} INFO - [2025-04-28T10:20:21.956+0000] {dag.py:3820} INFO - Setting next_dagrun for example_branch_python_operator_decorator to 2025-04-27T00:00:00+00:00, run_after=2025-04-28T00:00:00+00:00
[2025-04-28T10:20:22.001+0000] {processor.py:183} INFO - Processing /home/airflow/.local/lib/python3.8/site-packages/airflow/example_dags/example_branch_operator_decorator.py took 0.233 seconds
[2025-04-28T10:20:52.137+0000] {processor.py:161} INFO - Started process (PID=1945) to work on /home/airflow/.local/lib/python3.8/site-packages/airflow/example_dags/example_branch_operator_decorator.py
[2025-04-28T10:20:52.138+0000] {processor.py:830} INFO - Processing file /home/airflow/.local/lib/python3.8/site-packages/airflow/example_dags/example_branch_operator_decorator.py for tasks to queue
[2025-04-28T10:20:52.142+0000] {logging_mixin.py:188} INFO - [2025-04-28T10:20:52.141+0000] {dagbag.py:538} INFO - Filling up the DagBag from /home/airflow/.local/lib/python3.8/site-packages/airflow/example_dags/example_branch_operator_decorator.py
[2025-04-28T10:20:52.175+0000] {processor.py:840} INFO - DAG(s) 'example_branch_python_operator_decorator' retrieved from /home/airflow/.local/lib/python3.8/site-packages/airflow/example_dags/example_branch_operator_decorator.py
[2025-04-28T10:20:52.219+0000] {logging_mixin.py:188} INFO - [2025-04-28T10:20:52.218+0000] {dag.py:3033} INFO - Sync 1 DAGs
[2025-04-28T10:20:52.265+0000] {logging_mixin.py:188} INFO - [2025-04-28T10:20:52.265+0000] {dag.py:3820} INFO - Setting next_dagrun for example_branch_python_operator_decorator to 2025-04-27T00:00:00+00:00, run_after=2025-04-28T00:00:00+00:00
[2025-04-28T10:20:52.299+0000] {processor.py:183} INFO - Processing /home/airflow/.local/lib/python3.8/site-packages/airflow/example_dags/example_branch_operator_decorator.py took 0.168 seconds
[2025-04-28T10:21:30.433+0000] {processor.py:161} INFO - Started process (PID=2010) to work on /home/airflow/.local/lib/python3.8/site-packages/airflow/example_dags/example_branch_operator_decorator.py
[2025-04-28T10:21:30.435+0000] {processor.py:830} INFO - Processing file /home/airflow/.local/lib/python3.8/site-packages/airflow/example_dags/example_branch_operator_decorator.py for tasks to queue
[2025-04-28T10:21:30.440+0000] {logging_mixin.py:188} INFO - [2025-04-28T10:21:30.439+0000] {dagbag.py:538} INFO - Filling up the DagBag from /home/airflow/.local/lib/python3.8/site-packages/airflow/example_dags/example_branch_operator_decorator.py
[2025-04-28T10:21:30.479+0000] {processor.py:840} INFO - DAG(s) 'example_branch_python_operator_decorator' retrieved from /home/airflow/.local/lib/python3.8/site-packages/airflow/example_dags/example_branch_operator_decorator.py
[2025-04-28T10:21:30.541+0000] {logging_mixin.py:188} INFO - [2025-04-28T10:21:30.541+0000] {dag.py:3033} INFO - Sync 1 DAGs
[2025-04-28T10:21:30.624+0000] {logging_mixin.py:188} INFO - [2025-04-28T10:21:30.624+0000] {dag.py:3820} INFO - Setting next_dagrun for example_branch_python_operator_decorator to 2025-04-27T00:00:00+00:00, run_after=2025-04-28T00:00:00+00:00
[2025-04-28T10:21:30.670+0000] {processor.py:183} INFO - Processing /home/airflow/.local/lib/python3.8/site-packages/airflow/example_dags/example_branch_operator_decorator.py took 0.242 seconds
[2025-04-28T10:22:01.967+0000] {processor.py:161} INFO - Started process (PID=2066) to work on /home/airflow/.local/lib/python3.8/site-packages/airflow/example_dags/example_branch_operator_decorator.py
[2025-04-28T10:22:01.969+0000] {processor.py:830} INFO - Processing file /home/airflow/.local/lib/python3.8/site-packages/airflow/example_dags/example_branch_operator_decorator.py for tasks to queue
[2025-04-28T10:22:01.972+0000] {logging_mixin.py:188} INFO - [2025-04-28T10:22:01.971+0000] {dagbag.py:538} INFO - Filling up the DagBag from /home/airflow/.local/lib/python3.8/site-packages/airflow/example_dags/example_branch_operator_decorator.py
[2025-04-28T10:22:02.009+0000] {processor.py:840} INFO - DAG(s) 'example_branch_python_operator_decorator' retrieved from /home/airflow/.local/lib/python3.8/site-packages/airflow/example_dags/example_branch_operator_decorator.py
[2025-04-28T10:22:02.080+0000] {logging_mixin.py:188} INFO - [2025-04-28T10:22:02.079+0000] {dag.py:3033} INFO - Sync 1 DAGs
[2025-04-28T10:22:02.129+0000] {logging_mixin.py:188} INFO - [2025-04-28T10:22:02.129+0000] {dag.py:3820} INFO - Setting next_dagrun for example_branch_python_operator_decorator to 2025-04-27T00:00:00+00:00, run_after=2025-04-28T00:00:00+00:00
[2025-04-28T10:22:02.179+0000] {processor.py:183} INFO - Processing /home/airflow/.local/lib/python3.8/site-packages/airflow/example_dags/example_branch_operator_decorator.py took 0.217 seconds
[2025-04-28T10:22:32.291+0000] {processor.py:161} INFO - Started process (PID=2122) to work on /home/airflow/.local/lib/python3.8/site-packages/airflow/example_dags/example_branch_operator_decorator.py
[2025-04-28T10:22:32.292+0000] {processor.py:830} INFO - Processing file /home/airflow/.local/lib/python3.8/site-packages/airflow/example_dags/example_branch_operator_decorator.py for tasks to queue
[2025-04-28T10:22:32.295+0000] {logging_mixin.py:188} INFO - [2025-04-28T10:22:32.295+0000] {dagbag.py:538} INFO - Filling up the DagBag from /home/airflow/.local/lib/python3.8/site-packages/airflow/example_dags/example_branch_operator_decorator.py
[2025-04-28T10:22:32.332+0000] {processor.py:840} INFO - DAG(s) 'example_branch_python_operator_decorator' retrieved from /home/airflow/.local/lib/python3.8/site-packages/airflow/example_dags/example_branch_operator_decorator.py
[2025-04-28T10:22:32.374+0000] {logging_mixin.py:188} INFO - [2025-04-28T10:22:32.374+0000] {dag.py:3033} INFO - Sync 1 DAGs
[2025-04-28T10:22:32.405+0000] {logging_mixin.py:188} INFO - [2025-04-28T10:22:32.405+0000] {dag.py:3820} INFO - Setting next_dagrun for example_branch_python_operator_decorator to 2025-04-27T00:00:00+00:00, run_after=2025-04-28T00:00:00+00:00
[2025-04-28T10:22:32.455+0000] {processor.py:183} INFO - Processing /home/airflow/.local/lib/python3.8/site-packages/airflow/example_dags/example_branch_operator_decorator.py took 0.173 seconds
[2025-04-28T10:23:03.293+0000] {processor.py:161} INFO - Started process (PID=2179) to work on /home/airflow/.local/lib/python3.8/site-packages/airflow/example_dags/example_branch_operator_decorator.py
[2025-04-28T10:23:03.294+0000] {processor.py:830} INFO - Processing file /home/airflow/.local/lib/python3.8/site-packages/airflow/example_dags/example_branch_operator_decorator.py for tasks to queue
[2025-04-28T10:23:03.297+0000] {logging_mixin.py:188} INFO - [2025-04-28T10:23:03.297+0000] {dagbag.py:538} INFO - Filling up the DagBag from /home/airflow/.local/lib/python3.8/site-packages/airflow/example_dags/example_branch_operator_decorator.py
[2025-04-28T10:23:03.324+0000] {processor.py:840} INFO - DAG(s) 'example_branch_python_operator_decorator' retrieved from /home/airflow/.local/lib/python3.8/site-packages/airflow/example_dags/example_branch_operator_decorator.py
[2025-04-28T10:23:03.368+0000] {logging_mixin.py:188} INFO - [2025-04-28T10:23:03.367+0000] {dag.py:3033} INFO - Sync 1 DAGs
[2025-04-28T10:23:03.405+0000] {logging_mixin.py:188} INFO - [2025-04-28T10:23:03.404+0000] {dag.py:3820} INFO - Setting next_dagrun for example_branch_python_operator_decorator to 2025-04-27T00:00:00+00:00, run_after=2025-04-28T00:00:00+00:00
[2025-04-28T10:23:03.432+0000] {processor.py:183} INFO - Processing /home/airflow/.local/lib/python3.8/site-packages/airflow/example_dags/example_branch_operator_decorator.py took 0.144 seconds
[2025-04-28T10:23:36.793+0000] {processor.py:161} INFO - Started process (PID=2234) to work on /home/airflow/.local/lib/python3.8/site-packages/airflow/example_dags/example_branch_operator_decorator.py
[2025-04-28T10:23:36.795+0000] {processor.py:830} INFO - Processing file /home/airflow/.local/lib/python3.8/site-packages/airflow/example_dags/example_branch_operator_decorator.py for tasks to queue
[2025-04-28T10:23:36.799+0000] {logging_mixin.py:188} INFO - [2025-04-28T10:23:36.798+0000] {dagbag.py:538} INFO - Filling up the DagBag from /home/airflow/.local/lib/python3.8/site-packages/airflow/example_dags/example_branch_operator_decorator.py
[2025-04-28T10:23:36.850+0000] {processor.py:840} INFO - DAG(s) 'example_branch_python_operator_decorator' retrieved from /home/airflow/.local/lib/python3.8/site-packages/airflow/example_dags/example_branch_operator_decorator.py
[2025-04-28T10:23:36.921+0000] {logging_mixin.py:188} INFO - [2025-04-28T10:23:36.920+0000] {dag.py:3033} INFO - Sync 1 DAGs
[2025-04-28T10:23:36.979+0000] {logging_mixin.py:188} INFO - [2025-04-28T10:23:36.979+0000] {dag.py:3820} INFO - Setting next_dagrun for example_branch_python_operator_decorator to 2025-04-27T00:00:00+00:00, run_after=2025-04-28T00:00:00+00:00
[2025-04-28T10:23:37.031+0000] {processor.py:183} INFO - Processing /home/airflow/.local/lib/python3.8/site-packages/airflow/example_dags/example_branch_operator_decorator.py took 0.247 seconds
[2025-04-28T10:24:07.238+0000] {processor.py:161} INFO - Started process (PID=2290) to work on /home/airflow/.local/lib/python3.8/site-packages/airflow/example_dags/example_branch_operator_decorator.py
[2025-04-28T10:24:07.240+0000] {processor.py:830} INFO - Processing file /home/airflow/.local/lib/python3.8/site-packages/airflow/example_dags/example_branch_operator_decorator.py for tasks to queue
[2025-04-28T10:24:07.246+0000] {logging_mixin.py:188} INFO - [2025-04-28T10:24:07.246+0000] {dagbag.py:538} INFO - Filling up the DagBag from /home/airflow/.local/lib/python3.8/site-packages/airflow/example_dags/example_branch_operator_decorator.py
[2025-04-28T10:24:07.295+0000] {processor.py:840} INFO - DAG(s) 'example_branch_python_operator_decorator' retrieved from /home/airflow/.local/lib/python3.8/site-packages/airflow/example_dags/example_branch_operator_decorator.py
[2025-04-28T10:24:07.346+0000] {logging_mixin.py:188} INFO - [2025-04-28T10:24:07.346+0000] {dag.py:3033} INFO - Sync 1 DAGs
[2025-04-28T10:24:07.548+0000] {logging_mixin.py:188} INFO - [2025-04-28T10:24:07.548+0000] {dag.py:3820} INFO - Setting next_dagrun for example_branch_python_operator_decorator to 2025-04-27T00:00:00+00:00, run_after=2025-04-28T00:00:00+00:00
[2025-04-28T10:24:07.601+0000] {processor.py:183} INFO - Processing /home/airflow/.local/lib/python3.8/site-packages/airflow/example_dags/example_branch_operator_decorator.py took 0.370 seconds
[2025-04-28T10:24:41.695+0000] {processor.py:161} INFO - Started process (PID=2346) to work on /home/airflow/.local/lib/python3.8/site-packages/airflow/example_dags/example_branch_operator_decorator.py
[2025-04-28T10:24:41.696+0000] {processor.py:830} INFO - Processing file /home/airflow/.local/lib/python3.8/site-packages/airflow/example_dags/example_branch_operator_decorator.py for tasks to queue
[2025-04-28T10:24:41.700+0000] {logging_mixin.py:188} INFO - [2025-04-28T10:24:41.700+0000] {dagbag.py:538} INFO - Filling up the DagBag from /home/airflow/.local/lib/python3.8/site-packages/airflow/example_dags/example_branch_operator_decorator.py
[2025-04-28T10:24:41.747+0000] {processor.py:840} INFO - DAG(s) 'example_branch_python_operator_decorator' retrieved from /home/airflow/.local/lib/python3.8/site-packages/airflow/example_dags/example_branch_operator_decorator.py
[2025-04-28T10:24:41.795+0000] {logging_mixin.py:188} INFO - [2025-04-28T10:24:41.795+0000] {dag.py:3033} INFO - Sync 1 DAGs
[2025-04-28T10:24:41.841+0000] {logging_mixin.py:188} INFO - [2025-04-28T10:24:41.841+0000] {dag.py:3820} INFO - Setting next_dagrun for example_branch_python_operator_decorator to 2025-04-27T00:00:00+00:00, run_after=2025-04-28T00:00:00+00:00
[2025-04-28T10:24:41.878+0000] {processor.py:183} INFO - Processing /home/airflow/.local/lib/python3.8/site-packages/airflow/example_dags/example_branch_operator_decorator.py took 0.191 seconds
[2025-04-28T10:25:17.190+0000] {processor.py:161} INFO - Started process (PID=2402) to work on /home/airflow/.local/lib/python3.8/site-packages/airflow/example_dags/example_branch_operator_decorator.py
[2025-04-28T10:25:17.192+0000] {processor.py:830} INFO - Processing file /home/airflow/.local/lib/python3.8/site-packages/airflow/example_dags/example_branch_operator_decorator.py for tasks to queue
[2025-04-28T10:25:17.196+0000] {logging_mixin.py:188} INFO - [2025-04-28T10:25:17.196+0000] {dagbag.py:538} INFO - Filling up the DagBag from /home/airflow/.local/lib/python3.8/site-packages/airflow/example_dags/example_branch_operator_decorator.py
[2025-04-28T10:25:17.236+0000] {processor.py:840} INFO - DAG(s) 'example_branch_python_operator_decorator' retrieved from /home/airflow/.local/lib/python3.8/site-packages/airflow/example_dags/example_branch_operator_decorator.py
[2025-04-28T10:25:17.517+0000] {logging_mixin.py:188} INFO - [2025-04-28T10:25:17.516+0000] {dag.py:3033} INFO - Sync 1 DAGs
[2025-04-28T10:25:17.565+0000] {logging_mixin.py:188} INFO - [2025-04-28T10:25:17.565+0000] {dag.py:3820} INFO - Setting next_dagrun for example_branch_python_operator_decorator to 2025-04-27T00:00:00+00:00, run_after=2025-04-28T00:00:00+00:00
[2025-04-28T10:25:17.600+0000] {processor.py:183} INFO - Processing /home/airflow/.local/lib/python3.8/site-packages/airflow/example_dags/example_branch_operator_decorator.py took 0.416 seconds
[2025-04-28T10:25:48.196+0000] {processor.py:161} INFO - Started process (PID=2458) to work on /home/airflow/.local/lib/python3.8/site-packages/airflow/example_dags/example_branch_operator_decorator.py
[2025-04-28T10:25:48.198+0000] {processor.py:830} INFO - Processing file /home/airflow/.local/lib/python3.8/site-packages/airflow/example_dags/example_branch_operator_decorator.py for tasks to queue
[2025-04-28T10:25:48.205+0000] {logging_mixin.py:188} INFO - [2025-04-28T10:25:48.204+0000] {dagbag.py:538} INFO - Filling up the DagBag from /home/airflow/.local/lib/python3.8/site-packages/airflow/example_dags/example_branch_operator_decorator.py
[2025-04-28T10:25:48.252+0000] {processor.py:840} INFO - DAG(s) 'example_branch_python_operator_decorator' retrieved from /home/airflow/.local/lib/python3.8/site-packages/airflow/example_dags/example_branch_operator_decorator.py
[2025-04-28T10:25:48.319+0000] {logging_mixin.py:188} INFO - [2025-04-28T10:25:48.317+0000] {dag.py:3033} INFO - Sync 1 DAGs
[2025-04-28T10:25:48.711+0000] {logging_mixin.py:188} INFO - [2025-04-28T10:25:48.711+0000] {dag.py:3820} INFO - Setting next_dagrun for example_branch_python_operator_decorator to 2025-04-27T00:00:00+00:00, run_after=2025-04-28T00:00:00+00:00
[2025-04-28T10:25:48.755+0000] {processor.py:183} INFO - Processing /home/airflow/.local/lib/python3.8/site-packages/airflow/example_dags/example_branch_operator_decorator.py took 0.566 seconds
[2025-04-28T10:26:20.499+0000] {processor.py:161} INFO - Started process (PID=2514) to work on /home/airflow/.local/lib/python3.8/site-packages/airflow/example_dags/example_branch_operator_decorator.py
[2025-04-28T10:26:20.501+0000] {processor.py:830} INFO - Processing file /home/airflow/.local/lib/python3.8/site-packages/airflow/example_dags/example_branch_operator_decorator.py for tasks to queue
[2025-04-28T10:26:20.504+0000] {logging_mixin.py:188} INFO - [2025-04-28T10:26:20.504+0000] {dagbag.py:538} INFO - Filling up the DagBag from /home/airflow/.local/lib/python3.8/site-packages/airflow/example_dags/example_branch_operator_decorator.py
[2025-04-28T10:26:20.554+0000] {processor.py:840} INFO - DAG(s) 'example_branch_python_operator_decorator' retrieved from /home/airflow/.local/lib/python3.8/site-packages/airflow/example_dags/example_branch_operator_decorator.py
[2025-04-28T10:26:20.606+0000] {logging_mixin.py:188} INFO - [2025-04-28T10:26:20.606+0000] {dag.py:3033} INFO - Sync 1 DAGs
[2025-04-28T10:26:20.649+0000] {logging_mixin.py:188} INFO - [2025-04-28T10:26:20.648+0000] {dag.py:3820} INFO - Setting next_dagrun for example_branch_python_operator_decorator to 2025-04-27T00:00:00+00:00, run_after=2025-04-28T00:00:00+00:00
[2025-04-28T10:26:20.687+0000] {processor.py:183} INFO - Processing /home/airflow/.local/lib/python3.8/site-packages/airflow/example_dags/example_branch_operator_decorator.py took 0.193 seconds
[2025-04-28T10:28:43.278+0000] {processor.py:161} INFO - Started process (PID=106) to work on /home/airflow/.local/lib/python3.8/site-packages/airflow/example_dags/example_branch_operator_decorator.py
[2025-04-28T10:28:43.279+0000] {processor.py:830} INFO - Processing file /home/airflow/.local/lib/python3.8/site-packages/airflow/example_dags/example_branch_operator_decorator.py for tasks to queue
[2025-04-28T10:28:43.284+0000] {logging_mixin.py:188} INFO - [2025-04-28T10:28:43.283+0000] {dagbag.py:538} INFO - Filling up the DagBag from /home/airflow/.local/lib/python3.8/site-packages/airflow/example_dags/example_branch_operator_decorator.py
[2025-04-28T10:28:43.324+0000] {processor.py:840} INFO - DAG(s) 'example_branch_python_operator_decorator' retrieved from /home/airflow/.local/lib/python3.8/site-packages/airflow/example_dags/example_branch_operator_decorator.py
[2025-04-28T10:28:43.589+0000] {logging_mixin.py:188} INFO - [2025-04-28T10:28:43.588+0000] {dag.py:3033} INFO - Sync 1 DAGs
[2025-04-28T10:28:43.644+0000] {logging_mixin.py:188} INFO - [2025-04-28T10:28:43.644+0000] {dag.py:3820} INFO - Setting next_dagrun for example_branch_python_operator_decorator to 2025-04-27T00:00:00+00:00, run_after=2025-04-28T00:00:00+00:00
[2025-04-28T10:28:43.695+0000] {processor.py:183} INFO - Processing /home/airflow/.local/lib/python3.8/site-packages/airflow/example_dags/example_branch_operator_decorator.py took 0.425 seconds
[2025-04-28T10:29:13.796+0000] {processor.py:161} INFO - Started process (PID=161) to work on /home/airflow/.local/lib/python3.8/site-packages/airflow/example_dags/example_branch_operator_decorator.py
[2025-04-28T10:29:13.797+0000] {processor.py:830} INFO - Processing file /home/airflow/.local/lib/python3.8/site-packages/airflow/example_dags/example_branch_operator_decorator.py for tasks to queue
[2025-04-28T10:29:13.803+0000] {logging_mixin.py:188} INFO - [2025-04-28T10:29:13.802+0000] {dagbag.py:538} INFO - Filling up the DagBag from /home/airflow/.local/lib/python3.8/site-packages/airflow/example_dags/example_branch_operator_decorator.py
[2025-04-28T10:29:13.841+0000] {processor.py:840} INFO - DAG(s) 'example_branch_python_operator_decorator' retrieved from /home/airflow/.local/lib/python3.8/site-packages/airflow/example_dags/example_branch_operator_decorator.py
[2025-04-28T10:29:13.905+0000] {logging_mixin.py:188} INFO - [2025-04-28T10:29:13.903+0000] {dag.py:3033} INFO - Sync 1 DAGs
[2025-04-28T10:29:13.938+0000] {logging_mixin.py:188} INFO - [2025-04-28T10:29:13.938+0000] {dag.py:3820} INFO - Setting next_dagrun for example_branch_python_operator_decorator to 2025-04-27T00:00:00+00:00, run_after=2025-04-28T00:00:00+00:00
[2025-04-28T10:29:13.966+0000] {processor.py:183} INFO - Processing /home/airflow/.local/lib/python3.8/site-packages/airflow/example_dags/example_branch_operator_decorator.py took 0.177 seconds
[2025-04-28T10:29:44.033+0000] {processor.py:161} INFO - Started process (PID=217) to work on /home/airflow/.local/lib/python3.8/site-packages/airflow/example_dags/example_branch_operator_decorator.py
[2025-04-28T10:29:44.035+0000] {processor.py:830} INFO - Processing file /home/airflow/.local/lib/python3.8/site-packages/airflow/example_dags/example_branch_operator_decorator.py for tasks to queue
[2025-04-28T10:29:44.037+0000] {logging_mixin.py:188} INFO - [2025-04-28T10:29:44.037+0000] {dagbag.py:538} INFO - Filling up the DagBag from /home/airflow/.local/lib/python3.8/site-packages/airflow/example_dags/example_branch_operator_decorator.py
[2025-04-28T10:29:44.066+0000] {processor.py:840} INFO - DAG(s) 'example_branch_python_operator_decorator' retrieved from /home/airflow/.local/lib/python3.8/site-packages/airflow/example_dags/example_branch_operator_decorator.py
[2025-04-28T10:29:44.111+0000] {logging_mixin.py:188} INFO - [2025-04-28T10:29:44.111+0000] {dag.py:3033} INFO - Sync 1 DAGs
[2025-04-28T10:29:44.155+0000] {logging_mixin.py:188} INFO - [2025-04-28T10:29:44.155+0000] {dag.py:3820} INFO - Setting next_dagrun for example_branch_python_operator_decorator to 2025-04-27T00:00:00+00:00, run_after=2025-04-28T00:00:00+00:00
[2025-04-28T10:29:44.184+0000] {processor.py:183} INFO - Processing /home/airflow/.local/lib/python3.8/site-packages/airflow/example_dags/example_branch_operator_decorator.py took 0.156 seconds
[2025-04-28T10:30:14.735+0000] {processor.py:161} INFO - Started process (PID=273) to work on /home/airflow/.local/lib/python3.8/site-packages/airflow/example_dags/example_branch_operator_decorator.py
[2025-04-28T10:30:14.737+0000] {processor.py:830} INFO - Processing file /home/airflow/.local/lib/python3.8/site-packages/airflow/example_dags/example_branch_operator_decorator.py for tasks to queue
[2025-04-28T10:30:14.740+0000] {logging_mixin.py:188} INFO - [2025-04-28T10:30:14.740+0000] {dagbag.py:538} INFO - Filling up the DagBag from /home/airflow/.local/lib/python3.8/site-packages/airflow/example_dags/example_branch_operator_decorator.py
[2025-04-28T10:30:14.778+0000] {processor.py:840} INFO - DAG(s) 'example_branch_python_operator_decorator' retrieved from /home/airflow/.local/lib/python3.8/site-packages/airflow/example_dags/example_branch_operator_decorator.py
[2025-04-28T10:30:14.835+0000] {logging_mixin.py:188} INFO - [2025-04-28T10:30:14.834+0000] {dag.py:3033} INFO - Sync 1 DAGs
[2025-04-28T10:30:14.890+0000] {logging_mixin.py:188} INFO - [2025-04-28T10:30:14.889+0000] {dag.py:3820} INFO - Setting next_dagrun for example_branch_python_operator_decorator to 2025-04-27T00:00:00+00:00, run_after=2025-04-28T00:00:00+00:00
[2025-04-28T10:30:14.925+0000] {processor.py:183} INFO - Processing /home/airflow/.local/lib/python3.8/site-packages/airflow/example_dags/example_branch_operator_decorator.py took 0.206 seconds
[2025-04-28T10:30:45.487+0000] {processor.py:161} INFO - Started process (PID=329) to work on /home/airflow/.local/lib/python3.8/site-packages/airflow/example_dags/example_branch_operator_decorator.py
[2025-04-28T10:30:45.488+0000] {processor.py:830} INFO - Processing file /home/airflow/.local/lib/python3.8/site-packages/airflow/example_dags/example_branch_operator_decorator.py for tasks to queue
[2025-04-28T10:30:45.492+0000] {logging_mixin.py:188} INFO - [2025-04-28T10:30:45.492+0000] {dagbag.py:538} INFO - Filling up the DagBag from /home/airflow/.local/lib/python3.8/site-packages/airflow/example_dags/example_branch_operator_decorator.py
[2025-04-28T10:30:45.553+0000] {processor.py:840} INFO - DAG(s) 'example_branch_python_operator_decorator' retrieved from /home/airflow/.local/lib/python3.8/site-packages/airflow/example_dags/example_branch_operator_decorator.py
[2025-04-28T10:30:45.604+0000] {logging_mixin.py:188} INFO - [2025-04-28T10:30:45.604+0000] {dag.py:3033} INFO - Sync 1 DAGs
[2025-04-28T10:30:45.667+0000] {logging_mixin.py:188} INFO - [2025-04-28T10:30:45.667+0000] {dag.py:3820} INFO - Setting next_dagrun for example_branch_python_operator_decorator to 2025-04-27T00:00:00+00:00, run_after=2025-04-28T00:00:00+00:00
[2025-04-28T10:30:45.701+0000] {processor.py:183} INFO - Processing /home/airflow/.local/lib/python3.8/site-packages/airflow/example_dags/example_branch_operator_decorator.py took 0.219 seconds
[2025-04-28T10:31:16.602+0000] {processor.py:161} INFO - Started process (PID=385) to work on /home/airflow/.local/lib/python3.8/site-packages/airflow/example_dags/example_branch_operator_decorator.py
[2025-04-28T10:31:16.603+0000] {processor.py:830} INFO - Processing file /home/airflow/.local/lib/python3.8/site-packages/airflow/example_dags/example_branch_operator_decorator.py for tasks to queue
[2025-04-28T10:31:16.607+0000] {logging_mixin.py:188} INFO - [2025-04-28T10:31:16.606+0000] {dagbag.py:538} INFO - Filling up the DagBag from /home/airflow/.local/lib/python3.8/site-packages/airflow/example_dags/example_branch_operator_decorator.py
[2025-04-28T10:31:16.658+0000] {processor.py:840} INFO - DAG(s) 'example_branch_python_operator_decorator' retrieved from /home/airflow/.local/lib/python3.8/site-packages/airflow/example_dags/example_branch_operator_decorator.py
[2025-04-28T10:31:16.792+0000] {logging_mixin.py:188} INFO - [2025-04-28T10:31:16.792+0000] {dag.py:3033} INFO - Sync 1 DAGs
[2025-04-28T10:31:16.875+0000] {logging_mixin.py:188} INFO - [2025-04-28T10:31:16.873+0000] {dag.py:3820} INFO - Setting next_dagrun for example_branch_python_operator_decorator to 2025-04-27T00:00:00+00:00, run_after=2025-04-28T00:00:00+00:00
[2025-04-28T10:31:16.942+0000] {processor.py:183} INFO - Processing /home/airflow/.local/lib/python3.8/site-packages/airflow/example_dags/example_branch_operator_decorator.py took 0.345 seconds
[2025-04-28T10:31:47.552+0000] {processor.py:161} INFO - Started process (PID=441) to work on /home/airflow/.local/lib/python3.8/site-packages/airflow/example_dags/example_branch_operator_decorator.py
[2025-04-28T10:31:47.553+0000] {processor.py:830} INFO - Processing file /home/airflow/.local/lib/python3.8/site-packages/airflow/example_dags/example_branch_operator_decorator.py for tasks to queue
[2025-04-28T10:31:47.557+0000] {logging_mixin.py:188} INFO - [2025-04-28T10:31:47.556+0000] {dagbag.py:538} INFO - Filling up the DagBag from /home/airflow/.local/lib/python3.8/site-packages/airflow/example_dags/example_branch_operator_decorator.py
[2025-04-28T10:31:47.596+0000] {processor.py:840} INFO - DAG(s) 'example_branch_python_operator_decorator' retrieved from /home/airflow/.local/lib/python3.8/site-packages/airflow/example_dags/example_branch_operator_decorator.py
[2025-04-28T10:31:47.656+0000] {logging_mixin.py:188} INFO - [2025-04-28T10:31:47.656+0000] {dag.py:3033} INFO - Sync 1 DAGs
[2025-04-28T10:31:47.708+0000] {logging_mixin.py:188} INFO - [2025-04-28T10:31:47.708+0000] {dag.py:3820} INFO - Setting next_dagrun for example_branch_python_operator_decorator to 2025-04-27T00:00:00+00:00, run_after=2025-04-28T00:00:00+00:00
[2025-04-28T10:31:47.766+0000] {processor.py:183} INFO - Processing /home/airflow/.local/lib/python3.8/site-packages/airflow/example_dags/example_branch_operator_decorator.py took 0.225 seconds
[2025-04-28T10:32:18.051+0000] {processor.py:161} INFO - Started process (PID=497) to work on /home/airflow/.local/lib/python3.8/site-packages/airflow/example_dags/example_branch_operator_decorator.py
[2025-04-28T10:32:18.053+0000] {processor.py:830} INFO - Processing file /home/airflow/.local/lib/python3.8/site-packages/airflow/example_dags/example_branch_operator_decorator.py for tasks to queue
[2025-04-28T10:32:18.056+0000] {logging_mixin.py:188} INFO - [2025-04-28T10:32:18.056+0000] {dagbag.py:538} INFO - Filling up the DagBag from /home/airflow/.local/lib/python3.8/site-packages/airflow/example_dags/example_branch_operator_decorator.py
[2025-04-28T10:32:18.109+0000] {processor.py:840} INFO - DAG(s) 'example_branch_python_operator_decorator' retrieved from /home/airflow/.local/lib/python3.8/site-packages/airflow/example_dags/example_branch_operator_decorator.py
[2025-04-28T10:32:18.187+0000] {logging_mixin.py:188} INFO - [2025-04-28T10:32:18.187+0000] {dag.py:3033} INFO - Sync 1 DAGs
[2025-04-28T10:32:18.253+0000] {logging_mixin.py:188} INFO - [2025-04-28T10:32:18.253+0000] {dag.py:3820} INFO - Setting next_dagrun for example_branch_python_operator_decorator to 2025-04-27T00:00:00+00:00, run_after=2025-04-28T00:00:00+00:00
[2025-04-28T10:32:18.283+0000] {processor.py:183} INFO - Processing /home/airflow/.local/lib/python3.8/site-packages/airflow/example_dags/example_branch_operator_decorator.py took 0.237 seconds
[2025-04-28T10:32:50.551+0000] {processor.py:161} INFO - Started process (PID=553) to work on /home/airflow/.local/lib/python3.8/site-packages/airflow/example_dags/example_branch_operator_decorator.py
[2025-04-28T10:32:50.560+0000] {processor.py:830} INFO - Processing file /home/airflow/.local/lib/python3.8/site-packages/airflow/example_dags/example_branch_operator_decorator.py for tasks to queue
[2025-04-28T10:32:50.563+0000] {logging_mixin.py:188} INFO - [2025-04-28T10:32:50.563+0000] {dagbag.py:538} INFO - Filling up the DagBag from /home/airflow/.local/lib/python3.8/site-packages/airflow/example_dags/example_branch_operator_decorator.py
[2025-04-28T10:32:50.608+0000] {processor.py:840} INFO - DAG(s) 'example_branch_python_operator_decorator' retrieved from /home/airflow/.local/lib/python3.8/site-packages/airflow/example_dags/example_branch_operator_decorator.py
[2025-04-28T10:32:50.692+0000] {logging_mixin.py:188} INFO - [2025-04-28T10:32:50.692+0000] {dag.py:3033} INFO - Sync 1 DAGs
[2025-04-28T10:32:50.775+0000] {logging_mixin.py:188} INFO - [2025-04-28T10:32:50.774+0000] {dag.py:3820} INFO - Setting next_dagrun for example_branch_python_operator_decorator to 2025-04-27T00:00:00+00:00, run_after=2025-04-28T00:00:00+00:00
[2025-04-28T10:32:50.831+0000] {processor.py:183} INFO - Processing /home/airflow/.local/lib/python3.8/site-packages/airflow/example_dags/example_branch_operator_decorator.py took 0.286 seconds
[2025-04-28T10:33:24.240+0000] {processor.py:161} INFO - Started process (PID=609) to work on /home/airflow/.local/lib/python3.8/site-packages/airflow/example_dags/example_branch_operator_decorator.py
[2025-04-28T10:33:24.243+0000] {processor.py:830} INFO - Processing file /home/airflow/.local/lib/python3.8/site-packages/airflow/example_dags/example_branch_operator_decorator.py for tasks to queue
[2025-04-28T10:33:24.247+0000] {logging_mixin.py:188} INFO - [2025-04-28T10:33:24.247+0000] {dagbag.py:538} INFO - Filling up the DagBag from /home/airflow/.local/lib/python3.8/site-packages/airflow/example_dags/example_branch_operator_decorator.py
[2025-04-28T10:33:24.301+0000] {processor.py:840} INFO - DAG(s) 'example_branch_python_operator_decorator' retrieved from /home/airflow/.local/lib/python3.8/site-packages/airflow/example_dags/example_branch_operator_decorator.py
[2025-04-28T10:33:24.394+0000] {logging_mixin.py:188} INFO - [2025-04-28T10:33:24.394+0000] {dag.py:3033} INFO - Sync 1 DAGs
[2025-04-28T10:33:24.446+0000] {logging_mixin.py:188} INFO - [2025-04-28T10:33:24.445+0000] {dag.py:3820} INFO - Setting next_dagrun for example_branch_python_operator_decorator to 2025-04-27T00:00:00+00:00, run_after=2025-04-28T00:00:00+00:00
[2025-04-28T10:33:24.492+0000] {processor.py:183} INFO - Processing /home/airflow/.local/lib/python3.8/site-packages/airflow/example_dags/example_branch_operator_decorator.py took 0.266 seconds
[2025-04-28T10:33:58.951+0000] {processor.py:161} INFO - Started process (PID=665) to work on /home/airflow/.local/lib/python3.8/site-packages/airflow/example_dags/example_branch_operator_decorator.py
[2025-04-28T10:33:58.953+0000] {processor.py:830} INFO - Processing file /home/airflow/.local/lib/python3.8/site-packages/airflow/example_dags/example_branch_operator_decorator.py for tasks to queue
[2025-04-28T10:33:58.958+0000] {logging_mixin.py:188} INFO - [2025-04-28T10:33:58.957+0000] {dagbag.py:538} INFO - Filling up the DagBag from /home/airflow/.local/lib/python3.8/site-packages/airflow/example_dags/example_branch_operator_decorator.py
[2025-04-28T10:33:59.005+0000] {processor.py:840} INFO - DAG(s) 'example_branch_python_operator_decorator' retrieved from /home/airflow/.local/lib/python3.8/site-packages/airflow/example_dags/example_branch_operator_decorator.py
[2025-04-28T10:33:59.061+0000] {logging_mixin.py:188} INFO - [2025-04-28T10:33:59.060+0000] {dag.py:3033} INFO - Sync 1 DAGs
[2025-04-28T10:33:59.108+0000] {logging_mixin.py:188} INFO - [2025-04-28T10:33:59.108+0000] {dag.py:3820} INFO - Setting next_dagrun for example_branch_python_operator_decorator to 2025-04-27T00:00:00+00:00, run_after=2025-04-28T00:00:00+00:00
[2025-04-28T10:33:59.144+0000] {processor.py:183} INFO - Processing /home/airflow/.local/lib/python3.8/site-packages/airflow/example_dags/example_branch_operator_decorator.py took 0.202 seconds
[2025-04-28T10:34:29.500+0000] {processor.py:161} INFO - Started process (PID=721) to work on /home/airflow/.local/lib/python3.8/site-packages/airflow/example_dags/example_branch_operator_decorator.py
[2025-04-28T10:34:29.501+0000] {processor.py:830} INFO - Processing file /home/airflow/.local/lib/python3.8/site-packages/airflow/example_dags/example_branch_operator_decorator.py for tasks to queue
[2025-04-28T10:34:29.505+0000] {logging_mixin.py:188} INFO - [2025-04-28T10:34:29.505+0000] {dagbag.py:538} INFO - Filling up the DagBag from /home/airflow/.local/lib/python3.8/site-packages/airflow/example_dags/example_branch_operator_decorator.py
[2025-04-28T10:34:29.537+0000] {processor.py:840} INFO - DAG(s) 'example_branch_python_operator_decorator' retrieved from /home/airflow/.local/lib/python3.8/site-packages/airflow/example_dags/example_branch_operator_decorator.py
[2025-04-28T10:34:29.600+0000] {logging_mixin.py:188} INFO - [2025-04-28T10:34:29.599+0000] {dag.py:3033} INFO - Sync 1 DAGs
[2025-04-28T10:34:29.682+0000] {logging_mixin.py:188} INFO - [2025-04-28T10:34:29.681+0000] {dag.py:3820} INFO - Setting next_dagrun for example_branch_python_operator_decorator to 2025-04-27T00:00:00+00:00, run_after=2025-04-28T00:00:00+00:00
[2025-04-28T10:34:29.760+0000] {processor.py:183} INFO - Processing /home/airflow/.local/lib/python3.8/site-packages/airflow/example_dags/example_branch_operator_decorator.py took 0.265 seconds
[2025-04-28T10:35:02.321+0000] {processor.py:161} INFO - Started process (PID=777) to work on /home/airflow/.local/lib/python3.8/site-packages/airflow/example_dags/example_branch_operator_decorator.py
[2025-04-28T10:35:02.323+0000] {processor.py:830} INFO - Processing file /home/airflow/.local/lib/python3.8/site-packages/airflow/example_dags/example_branch_operator_decorator.py for tasks to queue
[2025-04-28T10:35:02.326+0000] {logging_mixin.py:188} INFO - [2025-04-28T10:35:02.326+0000] {dagbag.py:538} INFO - Filling up the DagBag from /home/airflow/.local/lib/python3.8/site-packages/airflow/example_dags/example_branch_operator_decorator.py
[2025-04-28T10:35:02.370+0000] {processor.py:840} INFO - DAG(s) 'example_branch_python_operator_decorator' retrieved from /home/airflow/.local/lib/python3.8/site-packages/airflow/example_dags/example_branch_operator_decorator.py
[2025-04-28T10:35:02.447+0000] {logging_mixin.py:188} INFO - [2025-04-28T10:35:02.446+0000] {dag.py:3033} INFO - Sync 1 DAGs
[2025-04-28T10:35:02.502+0000] {logging_mixin.py:188} INFO - [2025-04-28T10:35:02.502+0000] {dag.py:3820} INFO - Setting next_dagrun for example_branch_python_operator_decorator to 2025-04-27T00:00:00+00:00, run_after=2025-04-28T00:00:00+00:00
[2025-04-28T10:35:02.551+0000] {processor.py:183} INFO - Processing /home/airflow/.local/lib/python3.8/site-packages/airflow/example_dags/example_branch_operator_decorator.py took 0.236 seconds
[2025-04-28T10:35:34.620+0000] {processor.py:161} INFO - Started process (PID=833) to work on /home/airflow/.local/lib/python3.8/site-packages/airflow/example_dags/example_branch_operator_decorator.py
[2025-04-28T10:35:34.621+0000] {processor.py:830} INFO - Processing file /home/airflow/.local/lib/python3.8/site-packages/airflow/example_dags/example_branch_operator_decorator.py for tasks to queue
[2025-04-28T10:35:34.624+0000] {logging_mixin.py:188} INFO - [2025-04-28T10:35:34.624+0000] {dagbag.py:538} INFO - Filling up the DagBag from /home/airflow/.local/lib/python3.8/site-packages/airflow/example_dags/example_branch_operator_decorator.py
[2025-04-28T10:35:34.657+0000] {processor.py:840} INFO - DAG(s) 'example_branch_python_operator_decorator' retrieved from /home/airflow/.local/lib/python3.8/site-packages/airflow/example_dags/example_branch_operator_decorator.py
[2025-04-28T10:35:34.715+0000] {logging_mixin.py:188} INFO - [2025-04-28T10:35:34.715+0000] {dag.py:3033} INFO - Sync 1 DAGs
[2025-04-28T10:35:34.758+0000] {logging_mixin.py:188} INFO - [2025-04-28T10:35:34.757+0000] {dag.py:3820} INFO - Setting next_dagrun for example_branch_python_operator_decorator to 2025-04-27T00:00:00+00:00, run_after=2025-04-28T00:00:00+00:00
[2025-04-28T10:35:34.789+0000] {processor.py:183} INFO - Processing /home/airflow/.local/lib/python3.8/site-packages/airflow/example_dags/example_branch_operator_decorator.py took 0.174 seconds
[2025-04-28T10:36:06.615+0000] {processor.py:161} INFO - Started process (PID=890) to work on /home/airflow/.local/lib/python3.8/site-packages/airflow/example_dags/example_branch_operator_decorator.py
[2025-04-28T10:36:06.617+0000] {processor.py:830} INFO - Processing file /home/airflow/.local/lib/python3.8/site-packages/airflow/example_dags/example_branch_operator_decorator.py for tasks to queue
[2025-04-28T10:36:06.620+0000] {logging_mixin.py:188} INFO - [2025-04-28T10:36:06.619+0000] {dagbag.py:538} INFO - Filling up the DagBag from /home/airflow/.local/lib/python3.8/site-packages/airflow/example_dags/example_branch_operator_decorator.py
[2025-04-28T10:36:06.660+0000] {processor.py:840} INFO - DAG(s) 'example_branch_python_operator_decorator' retrieved from /home/airflow/.local/lib/python3.8/site-packages/airflow/example_dags/example_branch_operator_decorator.py
[2025-04-28T10:36:06.738+0000] {logging_mixin.py:188} INFO - [2025-04-28T10:36:06.738+0000] {dag.py:3033} INFO - Sync 1 DAGs
[2025-04-28T10:36:06.783+0000] {logging_mixin.py:188} INFO - [2025-04-28T10:36:06.782+0000] {dag.py:3820} INFO - Setting next_dagrun for example_branch_python_operator_decorator to 2025-04-27T00:00:00+00:00, run_after=2025-04-28T00:00:00+00:00
[2025-04-28T10:36:06.827+0000] {processor.py:183} INFO - Processing /home/airflow/.local/lib/python3.8/site-packages/airflow/example_dags/example_branch_operator_decorator.py took 0.218 seconds
[2025-04-28T10:36:39.288+0000] {processor.py:161} INFO - Started process (PID=946) to work on /home/airflow/.local/lib/python3.8/site-packages/airflow/example_dags/example_branch_operator_decorator.py
[2025-04-28T10:36:39.290+0000] {processor.py:830} INFO - Processing file /home/airflow/.local/lib/python3.8/site-packages/airflow/example_dags/example_branch_operator_decorator.py for tasks to queue
[2025-04-28T10:36:39.293+0000] {logging_mixin.py:188} INFO - [2025-04-28T10:36:39.293+0000] {dagbag.py:538} INFO - Filling up the DagBag from /home/airflow/.local/lib/python3.8/site-packages/airflow/example_dags/example_branch_operator_decorator.py
[2025-04-28T10:36:39.325+0000] {processor.py:840} INFO - DAG(s) 'example_branch_python_operator_decorator' retrieved from /home/airflow/.local/lib/python3.8/site-packages/airflow/example_dags/example_branch_operator_decorator.py
[2025-04-28T10:36:39.385+0000] {logging_mixin.py:188} INFO - [2025-04-28T10:36:39.385+0000] {dag.py:3033} INFO - Sync 1 DAGs
[2025-04-28T10:36:39.431+0000] {logging_mixin.py:188} INFO - [2025-04-28T10:36:39.431+0000] {dag.py:3820} INFO - Setting next_dagrun for example_branch_python_operator_decorator to 2025-04-27T00:00:00+00:00, run_after=2025-04-28T00:00:00+00:00
[2025-04-28T10:36:39.475+0000] {processor.py:183} INFO - Processing /home/airflow/.local/lib/python3.8/site-packages/airflow/example_dags/example_branch_operator_decorator.py took 0.191 seconds
[2025-04-28T10:37:13.026+0000] {processor.py:161} INFO - Started process (PID=1002) to work on /home/airflow/.local/lib/python3.8/site-packages/airflow/example_dags/example_branch_operator_decorator.py
[2025-04-28T10:37:13.045+0000] {processor.py:830} INFO - Processing file /home/airflow/.local/lib/python3.8/site-packages/airflow/example_dags/example_branch_operator_decorator.py for tasks to queue
[2025-04-28T10:37:13.066+0000] {logging_mixin.py:188} INFO - [2025-04-28T10:37:13.055+0000] {dagbag.py:538} INFO - Filling up the DagBag from /home/airflow/.local/lib/python3.8/site-packages/airflow/example_dags/example_branch_operator_decorator.py
[2025-04-28T10:37:13.153+0000] {processor.py:840} INFO - DAG(s) 'example_branch_python_operator_decorator' retrieved from /home/airflow/.local/lib/python3.8/site-packages/airflow/example_dags/example_branch_operator_decorator.py
[2025-04-28T10:37:13.209+0000] {logging_mixin.py:188} INFO - [2025-04-28T10:37:13.209+0000] {dag.py:3033} INFO - Sync 1 DAGs
[2025-04-28T10:37:13.262+0000] {logging_mixin.py:188} INFO - [2025-04-28T10:37:13.262+0000] {dag.py:3820} INFO - Setting next_dagrun for example_branch_python_operator_decorator to 2025-04-27T00:00:00+00:00, run_after=2025-04-28T00:00:00+00:00
[2025-04-28T10:37:13.294+0000] {processor.py:183} INFO - Processing /home/airflow/.local/lib/python3.8/site-packages/airflow/example_dags/example_branch_operator_decorator.py took 0.274 seconds
[2025-04-28T10:37:45.764+0000] {processor.py:161} INFO - Started process (PID=1059) to work on /home/airflow/.local/lib/python3.8/site-packages/airflow/example_dags/example_branch_operator_decorator.py
[2025-04-28T10:37:45.766+0000] {processor.py:830} INFO - Processing file /home/airflow/.local/lib/python3.8/site-packages/airflow/example_dags/example_branch_operator_decorator.py for tasks to queue
[2025-04-28T10:37:45.769+0000] {logging_mixin.py:188} INFO - [2025-04-28T10:37:45.769+0000] {dagbag.py:538} INFO - Filling up the DagBag from /home/airflow/.local/lib/python3.8/site-packages/airflow/example_dags/example_branch_operator_decorator.py
[2025-04-28T10:37:45.805+0000] {processor.py:840} INFO - DAG(s) 'example_branch_python_operator_decorator' retrieved from /home/airflow/.local/lib/python3.8/site-packages/airflow/example_dags/example_branch_operator_decorator.py
[2025-04-28T10:37:45.845+0000] {logging_mixin.py:188} INFO - [2025-04-28T10:37:45.845+0000] {dag.py:3033} INFO - Sync 1 DAGs
[2025-04-28T10:37:45.878+0000] {logging_mixin.py:188} INFO - [2025-04-28T10:37:45.877+0000] {dag.py:3820} INFO - Setting next_dagrun for example_branch_python_operator_decorator to 2025-04-27T00:00:00+00:00, run_after=2025-04-28T00:00:00+00:00
[2025-04-28T10:37:45.932+0000] {processor.py:183} INFO - Processing /home/airflow/.local/lib/python3.8/site-packages/airflow/example_dags/example_branch_operator_decorator.py took 0.173 seconds
[2025-04-28T10:38:18.288+0000] {processor.py:161} INFO - Started process (PID=1115) to work on /home/airflow/.local/lib/python3.8/site-packages/airflow/example_dags/example_branch_operator_decorator.py
[2025-04-28T10:38:18.290+0000] {processor.py:830} INFO - Processing file /home/airflow/.local/lib/python3.8/site-packages/airflow/example_dags/example_branch_operator_decorator.py for tasks to queue
[2025-04-28T10:38:18.294+0000] {logging_mixin.py:188} INFO - [2025-04-28T10:38:18.294+0000] {dagbag.py:538} INFO - Filling up the DagBag from /home/airflow/.local/lib/python3.8/site-packages/airflow/example_dags/example_branch_operator_decorator.py
[2025-04-28T10:38:18.339+0000] {processor.py:840} INFO - DAG(s) 'example_branch_python_operator_decorator' retrieved from /home/airflow/.local/lib/python3.8/site-packages/airflow/example_dags/example_branch_operator_decorator.py
[2025-04-28T10:38:18.415+0000] {logging_mixin.py:188} INFO - [2025-04-28T10:38:18.414+0000] {dag.py:3033} INFO - Sync 1 DAGs
[2025-04-28T10:38:18.471+0000] {logging_mixin.py:188} INFO - [2025-04-28T10:38:18.471+0000] {dag.py:3820} INFO - Setting next_dagrun for example_branch_python_operator_decorator to 2025-04-27T00:00:00+00:00, run_after=2025-04-28T00:00:00+00:00
[2025-04-28T10:38:18.514+0000] {processor.py:183} INFO - Processing /home/airflow/.local/lib/python3.8/site-packages/airflow/example_dags/example_branch_operator_decorator.py took 0.231 seconds
[2025-04-28T10:38:50.332+0000] {processor.py:161} INFO - Started process (PID=1171) to work on /home/airflow/.local/lib/python3.8/site-packages/airflow/example_dags/example_branch_operator_decorator.py
[2025-04-28T10:38:50.333+0000] {processor.py:830} INFO - Processing file /home/airflow/.local/lib/python3.8/site-packages/airflow/example_dags/example_branch_operator_decorator.py for tasks to queue
[2025-04-28T10:38:50.337+0000] {logging_mixin.py:188} INFO - [2025-04-28T10:38:50.337+0000] {dagbag.py:538} INFO - Filling up the DagBag from /home/airflow/.local/lib/python3.8/site-packages/airflow/example_dags/example_branch_operator_decorator.py
[2025-04-28T10:38:50.375+0000] {processor.py:840} INFO - DAG(s) 'example_branch_python_operator_decorator' retrieved from /home/airflow/.local/lib/python3.8/site-packages/airflow/example_dags/example_branch_operator_decorator.py
[2025-04-28T10:38:50.446+0000] {logging_mixin.py:188} INFO - [2025-04-28T10:38:50.446+0000] {dag.py:3033} INFO - Sync 1 DAGs
[2025-04-28T10:38:50.484+0000] {logging_mixin.py:188} INFO - [2025-04-28T10:38:50.484+0000] {dag.py:3820} INFO - Setting next_dagrun for example_branch_python_operator_decorator to 2025-04-27T00:00:00+00:00, run_after=2025-04-28T00:00:00+00:00
[2025-04-28T10:38:50.518+0000] {processor.py:183} INFO - Processing /home/airflow/.local/lib/python3.8/site-packages/airflow/example_dags/example_branch_operator_decorator.py took 0.192 seconds
[2025-04-28T10:39:24.714+0000] {processor.py:161} INFO - Started process (PID=1227) to work on /home/airflow/.local/lib/python3.8/site-packages/airflow/example_dags/example_branch_operator_decorator.py
[2025-04-28T10:39:24.715+0000] {processor.py:830} INFO - Processing file /home/airflow/.local/lib/python3.8/site-packages/airflow/example_dags/example_branch_operator_decorator.py for tasks to queue
[2025-04-28T10:39:24.718+0000] {logging_mixin.py:188} INFO - [2025-04-28T10:39:24.718+0000] {dagbag.py:538} INFO - Filling up the DagBag from /home/airflow/.local/lib/python3.8/site-packages/airflow/example_dags/example_branch_operator_decorator.py
[2025-04-28T10:39:24.745+0000] {processor.py:840} INFO - DAG(s) 'example_branch_python_operator_decorator' retrieved from /home/airflow/.local/lib/python3.8/site-packages/airflow/example_dags/example_branch_operator_decorator.py
[2025-04-28T10:39:24.781+0000] {logging_mixin.py:188} INFO - [2025-04-28T10:39:24.781+0000] {dag.py:3033} INFO - Sync 1 DAGs
[2025-04-28T10:39:24.850+0000] {logging_mixin.py:188} INFO - [2025-04-28T10:39:24.849+0000] {dag.py:3820} INFO - Setting next_dagrun for example_branch_python_operator_decorator to 2025-04-27T00:00:00+00:00, run_after=2025-04-28T00:00:00+00:00
[2025-04-28T10:39:24.877+0000] {processor.py:183} INFO - Processing /home/airflow/.local/lib/python3.8/site-packages/airflow/example_dags/example_branch_operator_decorator.py took 0.166 seconds
[2025-04-28T10:39:55.560+0000] {processor.py:161} INFO - Started process (PID=1285) to work on /home/airflow/.local/lib/python3.8/site-packages/airflow/example_dags/example_branch_operator_decorator.py
[2025-04-28T10:39:55.561+0000] {processor.py:830} INFO - Processing file /home/airflow/.local/lib/python3.8/site-packages/airflow/example_dags/example_branch_operator_decorator.py for tasks to queue
[2025-04-28T10:39:55.564+0000] {logging_mixin.py:188} INFO - [2025-04-28T10:39:55.564+0000] {dagbag.py:538} INFO - Filling up the DagBag from /home/airflow/.local/lib/python3.8/site-packages/airflow/example_dags/example_branch_operator_decorator.py
[2025-04-28T10:39:55.597+0000] {processor.py:840} INFO - DAG(s) 'example_branch_python_operator_decorator' retrieved from /home/airflow/.local/lib/python3.8/site-packages/airflow/example_dags/example_branch_operator_decorator.py
[2025-04-28T10:39:55.649+0000] {logging_mixin.py:188} INFO - [2025-04-28T10:39:55.649+0000] {dag.py:3033} INFO - Sync 1 DAGs
[2025-04-28T10:39:55.701+0000] {logging_mixin.py:188} INFO - [2025-04-28T10:39:55.700+0000] {dag.py:3820} INFO - Setting next_dagrun for example_branch_python_operator_decorator to 2025-04-27T00:00:00+00:00, run_after=2025-04-28T00:00:00+00:00
[2025-04-28T10:39:55.743+0000] {processor.py:183} INFO - Processing /home/airflow/.local/lib/python3.8/site-packages/airflow/example_dags/example_branch_operator_decorator.py took 0.188 seconds
[2025-04-28T10:40:28.033+0000] {processor.py:161} INFO - Started process (PID=1340) to work on /home/airflow/.local/lib/python3.8/site-packages/airflow/example_dags/example_branch_operator_decorator.py
[2025-04-28T10:40:28.035+0000] {processor.py:830} INFO - Processing file /home/airflow/.local/lib/python3.8/site-packages/airflow/example_dags/example_branch_operator_decorator.py for tasks to queue
[2025-04-28T10:40:28.037+0000] {logging_mixin.py:188} INFO - [2025-04-28T10:40:28.037+0000] {dagbag.py:538} INFO - Filling up the DagBag from /home/airflow/.local/lib/python3.8/site-packages/airflow/example_dags/example_branch_operator_decorator.py
[2025-04-28T10:40:28.061+0000] {processor.py:840} INFO - DAG(s) 'example_branch_python_operator_decorator' retrieved from /home/airflow/.local/lib/python3.8/site-packages/airflow/example_dags/example_branch_operator_decorator.py
[2025-04-28T10:40:28.104+0000] {logging_mixin.py:188} INFO - [2025-04-28T10:40:28.104+0000] {dag.py:3033} INFO - Sync 1 DAGs
[2025-04-28T10:40:28.138+0000] {logging_mixin.py:188} INFO - [2025-04-28T10:40:28.137+0000] {dag.py:3820} INFO - Setting next_dagrun for example_branch_python_operator_decorator to 2025-04-27T00:00:00+00:00, run_after=2025-04-28T00:00:00+00:00
[2025-04-28T10:40:28.165+0000] {processor.py:183} INFO - Processing /home/airflow/.local/lib/python3.8/site-packages/airflow/example_dags/example_branch_operator_decorator.py took 0.135 seconds
[2025-04-28T10:41:01.120+0000] {processor.py:161} INFO - Started process (PID=1396) to work on /home/airflow/.local/lib/python3.8/site-packages/airflow/example_dags/example_branch_operator_decorator.py
[2025-04-28T10:41:01.121+0000] {processor.py:830} INFO - Processing file /home/airflow/.local/lib/python3.8/site-packages/airflow/example_dags/example_branch_operator_decorator.py for tasks to queue
[2025-04-28T10:41:01.124+0000] {logging_mixin.py:188} INFO - [2025-04-28T10:41:01.123+0000] {dagbag.py:538} INFO - Filling up the DagBag from /home/airflow/.local/lib/python3.8/site-packages/airflow/example_dags/example_branch_operator_decorator.py
[2025-04-28T10:41:01.152+0000] {processor.py:840} INFO - DAG(s) 'example_branch_python_operator_decorator' retrieved from /home/airflow/.local/lib/python3.8/site-packages/airflow/example_dags/example_branch_operator_decorator.py
[2025-04-28T10:41:01.190+0000] {logging_mixin.py:188} INFO - [2025-04-28T10:41:01.190+0000] {dag.py:3033} INFO - Sync 1 DAGs
[2025-04-28T10:41:01.232+0000] {logging_mixin.py:188} INFO - [2025-04-28T10:41:01.231+0000] {dag.py:3820} INFO - Setting next_dagrun for example_branch_python_operator_decorator to 2025-04-27T00:00:00+00:00, run_after=2025-04-28T00:00:00+00:00
[2025-04-28T10:41:01.265+0000] {processor.py:183} INFO - Processing /home/airflow/.local/lib/python3.8/site-packages/airflow/example_dags/example_branch_operator_decorator.py took 0.150 seconds
[2025-04-28T10:43:36.055+0000] {processor.py:161} INFO - Started process (PID=107) to work on /home/airflow/.local/lib/python3.8/site-packages/airflow/example_dags/example_branch_operator_decorator.py
[2025-04-28T10:43:36.061+0000] {processor.py:830} INFO - Processing file /home/airflow/.local/lib/python3.8/site-packages/airflow/example_dags/example_branch_operator_decorator.py for tasks to queue
[2025-04-28T10:43:36.073+0000] {logging_mixin.py:188} INFO - [2025-04-28T10:43:36.073+0000] {dagbag.py:538} INFO - Filling up the DagBag from /home/airflow/.local/lib/python3.8/site-packages/airflow/example_dags/example_branch_operator_decorator.py
[2025-04-28T10:43:36.140+0000] {processor.py:840} INFO - DAG(s) 'example_branch_python_operator_decorator' retrieved from /home/airflow/.local/lib/python3.8/site-packages/airflow/example_dags/example_branch_operator_decorator.py
[2025-04-28T10:43:36.328+0000] {logging_mixin.py:188} INFO - [2025-04-28T10:43:36.327+0000] {dag.py:3033} INFO - Sync 1 DAGs
[2025-04-28T10:43:36.366+0000] {logging_mixin.py:188} INFO - [2025-04-28T10:43:36.365+0000] {dag.py:3820} INFO - Setting next_dagrun for example_branch_python_operator_decorator to 2025-04-27T00:00:00+00:00, run_after=2025-04-28T00:00:00+00:00
[2025-04-28T10:43:36.398+0000] {processor.py:183} INFO - Processing /home/airflow/.local/lib/python3.8/site-packages/airflow/example_dags/example_branch_operator_decorator.py took 0.349 seconds
[2025-04-28T10:44:06.712+0000] {processor.py:161} INFO - Started process (PID=163) to work on /home/airflow/.local/lib/python3.8/site-packages/airflow/example_dags/example_branch_operator_decorator.py
[2025-04-28T10:44:06.713+0000] {processor.py:830} INFO - Processing file /home/airflow/.local/lib/python3.8/site-packages/airflow/example_dags/example_branch_operator_decorator.py for tasks to queue
[2025-04-28T10:44:06.716+0000] {logging_mixin.py:188} INFO - [2025-04-28T10:44:06.716+0000] {dagbag.py:538} INFO - Filling up the DagBag from /home/airflow/.local/lib/python3.8/site-packages/airflow/example_dags/example_branch_operator_decorator.py
[2025-04-28T10:44:06.742+0000] {processor.py:840} INFO - DAG(s) 'example_branch_python_operator_decorator' retrieved from /home/airflow/.local/lib/python3.8/site-packages/airflow/example_dags/example_branch_operator_decorator.py
[2025-04-28T10:44:06.790+0000] {logging_mixin.py:188} INFO - [2025-04-28T10:44:06.789+0000] {dag.py:3033} INFO - Sync 1 DAGs
[2025-04-28T10:44:06.823+0000] {logging_mixin.py:188} INFO - [2025-04-28T10:44:06.822+0000] {dag.py:3820} INFO - Setting next_dagrun for example_branch_python_operator_decorator to 2025-04-27T00:00:00+00:00, run_after=2025-04-28T00:00:00+00:00
[2025-04-28T10:44:06.898+0000] {processor.py:183} INFO - Processing /home/airflow/.local/lib/python3.8/site-packages/airflow/example_dags/example_branch_operator_decorator.py took 0.191 seconds
[2025-04-28T10:44:37.649+0000] {processor.py:161} INFO - Started process (PID=219) to work on /home/airflow/.local/lib/python3.8/site-packages/airflow/example_dags/example_branch_operator_decorator.py
[2025-04-28T10:44:37.650+0000] {processor.py:830} INFO - Processing file /home/airflow/.local/lib/python3.8/site-packages/airflow/example_dags/example_branch_operator_decorator.py for tasks to queue
[2025-04-28T10:44:37.653+0000] {logging_mixin.py:188} INFO - [2025-04-28T10:44:37.653+0000] {dagbag.py:538} INFO - Filling up the DagBag from /home/airflow/.local/lib/python3.8/site-packages/airflow/example_dags/example_branch_operator_decorator.py
[2025-04-28T10:44:37.679+0000] {processor.py:840} INFO - DAG(s) 'example_branch_python_operator_decorator' retrieved from /home/airflow/.local/lib/python3.8/site-packages/airflow/example_dags/example_branch_operator_decorator.py
[2025-04-28T10:44:37.745+0000] {logging_mixin.py:188} INFO - [2025-04-28T10:44:37.744+0000] {dag.py:3033} INFO - Sync 1 DAGs
[2025-04-28T10:44:37.791+0000] {logging_mixin.py:188} INFO - [2025-04-28T10:44:37.791+0000] {dag.py:3820} INFO - Setting next_dagrun for example_branch_python_operator_decorator to 2025-04-27T00:00:00+00:00, run_after=2025-04-28T00:00:00+00:00
[2025-04-28T10:44:37.829+0000] {processor.py:183} INFO - Processing /home/airflow/.local/lib/python3.8/site-packages/airflow/example_dags/example_branch_operator_decorator.py took 0.184 seconds
[2025-04-28T10:45:08.714+0000] {processor.py:161} INFO - Started process (PID=274) to work on /home/airflow/.local/lib/python3.8/site-packages/airflow/example_dags/example_branch_operator_decorator.py
[2025-04-28T10:45:08.715+0000] {processor.py:830} INFO - Processing file /home/airflow/.local/lib/python3.8/site-packages/airflow/example_dags/example_branch_operator_decorator.py for tasks to queue
[2025-04-28T10:45:08.717+0000] {logging_mixin.py:188} INFO - [2025-04-28T10:45:08.717+0000] {dagbag.py:538} INFO - Filling up the DagBag from /home/airflow/.local/lib/python3.8/site-packages/airflow/example_dags/example_branch_operator_decorator.py
[2025-04-28T10:45:08.740+0000] {processor.py:840} INFO - DAG(s) 'example_branch_python_operator_decorator' retrieved from /home/airflow/.local/lib/python3.8/site-packages/airflow/example_dags/example_branch_operator_decorator.py
[2025-04-28T10:45:08.776+0000] {logging_mixin.py:188} INFO - [2025-04-28T10:45:08.775+0000] {dag.py:3033} INFO - Sync 1 DAGs
[2025-04-28T10:45:08.804+0000] {logging_mixin.py:188} INFO - [2025-04-28T10:45:08.804+0000] {dag.py:3820} INFO - Setting next_dagrun for example_branch_python_operator_decorator to 2025-04-27T00:00:00+00:00, run_after=2025-04-28T00:00:00+00:00
[2025-04-28T10:45:08.832+0000] {processor.py:183} INFO - Processing /home/airflow/.local/lib/python3.8/site-packages/airflow/example_dags/example_branch_operator_decorator.py took 0.123 seconds
[2025-04-28T10:45:38.991+0000] {processor.py:161} INFO - Started process (PID=330) to work on /home/airflow/.local/lib/python3.8/site-packages/airflow/example_dags/example_branch_operator_decorator.py
[2025-04-28T10:45:38.992+0000] {processor.py:830} INFO - Processing file /home/airflow/.local/lib/python3.8/site-packages/airflow/example_dags/example_branch_operator_decorator.py for tasks to queue
[2025-04-28T10:45:38.995+0000] {logging_mixin.py:188} INFO - [2025-04-28T10:45:38.994+0000] {dagbag.py:538} INFO - Filling up the DagBag from /home/airflow/.local/lib/python3.8/site-packages/airflow/example_dags/example_branch_operator_decorator.py
[2025-04-28T10:45:39.018+0000] {processor.py:840} INFO - DAG(s) 'example_branch_python_operator_decorator' retrieved from /home/airflow/.local/lib/python3.8/site-packages/airflow/example_dags/example_branch_operator_decorator.py
[2025-04-28T10:45:39.080+0000] {logging_mixin.py:188} INFO - [2025-04-28T10:45:39.080+0000] {dag.py:3033} INFO - Sync 1 DAGs
[2025-04-28T10:45:39.120+0000] {logging_mixin.py:188} INFO - [2025-04-28T10:45:39.120+0000] {dag.py:3820} INFO - Setting next_dagrun for example_branch_python_operator_decorator to 2025-04-27T00:00:00+00:00, run_after=2025-04-28T00:00:00+00:00
[2025-04-28T10:45:39.155+0000] {processor.py:183} INFO - Processing /home/airflow/.local/lib/python3.8/site-packages/airflow/example_dags/example_branch_operator_decorator.py took 0.169 seconds
[2025-04-28T10:46:09.476+0000] {processor.py:161} INFO - Started process (PID=386) to work on /home/airflow/.local/lib/python3.8/site-packages/airflow/example_dags/example_branch_operator_decorator.py
[2025-04-28T10:46:09.477+0000] {processor.py:830} INFO - Processing file /home/airflow/.local/lib/python3.8/site-packages/airflow/example_dags/example_branch_operator_decorator.py for tasks to queue
[2025-04-28T10:46:09.481+0000] {logging_mixin.py:188} INFO - [2025-04-28T10:46:09.480+0000] {dagbag.py:538} INFO - Filling up the DagBag from /home/airflow/.local/lib/python3.8/site-packages/airflow/example_dags/example_branch_operator_decorator.py
[2025-04-28T10:46:09.540+0000] {processor.py:840} INFO - DAG(s) 'example_branch_python_operator_decorator' retrieved from /home/airflow/.local/lib/python3.8/site-packages/airflow/example_dags/example_branch_operator_decorator.py
[2025-04-28T10:46:09.606+0000] {logging_mixin.py:188} INFO - [2025-04-28T10:46:09.606+0000] {dag.py:3033} INFO - Sync 1 DAGs
[2025-04-28T10:46:09.645+0000] {logging_mixin.py:188} INFO - [2025-04-28T10:46:09.645+0000] {dag.py:3820} INFO - Setting next_dagrun for example_branch_python_operator_decorator to 2025-04-27T00:00:00+00:00, run_after=2025-04-28T00:00:00+00:00
[2025-04-28T10:46:09.676+0000] {processor.py:183} INFO - Processing /home/airflow/.local/lib/python3.8/site-packages/airflow/example_dags/example_branch_operator_decorator.py took 0.205 seconds
[2025-04-28T10:46:42.120+0000] {processor.py:161} INFO - Started process (PID=443) to work on /home/airflow/.local/lib/python3.8/site-packages/airflow/example_dags/example_branch_operator_decorator.py
[2025-04-28T10:46:42.121+0000] {processor.py:830} INFO - Processing file /home/airflow/.local/lib/python3.8/site-packages/airflow/example_dags/example_branch_operator_decorator.py for tasks to queue
[2025-04-28T10:46:42.124+0000] {logging_mixin.py:188} INFO - [2025-04-28T10:46:42.124+0000] {dagbag.py:538} INFO - Filling up the DagBag from /home/airflow/.local/lib/python3.8/site-packages/airflow/example_dags/example_branch_operator_decorator.py
[2025-04-28T10:46:42.148+0000] {processor.py:840} INFO - DAG(s) 'example_branch_python_operator_decorator' retrieved from /home/airflow/.local/lib/python3.8/site-packages/airflow/example_dags/example_branch_operator_decorator.py
[2025-04-28T10:46:42.186+0000] {logging_mixin.py:188} INFO - [2025-04-28T10:46:42.185+0000] {dag.py:3033} INFO - Sync 1 DAGs
[2025-04-28T10:46:42.213+0000] {logging_mixin.py:188} INFO - [2025-04-28T10:46:42.213+0000] {dag.py:3820} INFO - Setting next_dagrun for example_branch_python_operator_decorator to 2025-04-27T00:00:00+00:00, run_after=2025-04-28T00:00:00+00:00
[2025-04-28T10:46:42.238+0000] {processor.py:183} INFO - Processing /home/airflow/.local/lib/python3.8/site-packages/airflow/example_dags/example_branch_operator_decorator.py took 0.122 seconds
[2025-04-28T10:47:12.521+0000] {processor.py:161} INFO - Started process (PID=499) to work on /home/airflow/.local/lib/python3.8/site-packages/airflow/example_dags/example_branch_operator_decorator.py
[2025-04-28T10:47:12.523+0000] {processor.py:830} INFO - Processing file /home/airflow/.local/lib/python3.8/site-packages/airflow/example_dags/example_branch_operator_decorator.py for tasks to queue
[2025-04-28T10:47:12.526+0000] {logging_mixin.py:188} INFO - [2025-04-28T10:47:12.526+0000] {dagbag.py:538} INFO - Filling up the DagBag from /home/airflow/.local/lib/python3.8/site-packages/airflow/example_dags/example_branch_operator_decorator.py
[2025-04-28T10:47:12.556+0000] {processor.py:840} INFO - DAG(s) 'example_branch_python_operator_decorator' retrieved from /home/airflow/.local/lib/python3.8/site-packages/airflow/example_dags/example_branch_operator_decorator.py
[2025-04-28T10:47:12.599+0000] {logging_mixin.py:188} INFO - [2025-04-28T10:47:12.598+0000] {dag.py:3033} INFO - Sync 1 DAGs
[2025-04-28T10:47:12.639+0000] {logging_mixin.py:188} INFO - [2025-04-28T10:47:12.639+0000] {dag.py:3820} INFO - Setting next_dagrun for example_branch_python_operator_decorator to 2025-04-27T00:00:00+00:00, run_after=2025-04-28T00:00:00+00:00
[2025-04-28T10:47:12.673+0000] {processor.py:183} INFO - Processing /home/airflow/.local/lib/python3.8/site-packages/airflow/example_dags/example_branch_operator_decorator.py took 0.158 seconds
[2025-04-28T10:47:43.437+0000] {processor.py:161} INFO - Started process (PID=557) to work on /home/airflow/.local/lib/python3.8/site-packages/airflow/example_dags/example_branch_operator_decorator.py
[2025-04-28T10:47:43.442+0000] {processor.py:830} INFO - Processing file /home/airflow/.local/lib/python3.8/site-packages/airflow/example_dags/example_branch_operator_decorator.py for tasks to queue
[2025-04-28T10:47:43.450+0000] {logging_mixin.py:188} INFO - [2025-04-28T10:47:43.448+0000] {dagbag.py:538} INFO - Filling up the DagBag from /home/airflow/.local/lib/python3.8/site-packages/airflow/example_dags/example_branch_operator_decorator.py
[2025-04-28T10:47:43.509+0000] {processor.py:840} INFO - DAG(s) 'example_branch_python_operator_decorator' retrieved from /home/airflow/.local/lib/python3.8/site-packages/airflow/example_dags/example_branch_operator_decorator.py
[2025-04-28T10:47:43.581+0000] {logging_mixin.py:188} INFO - [2025-04-28T10:47:43.580+0000] {dag.py:3033} INFO - Sync 1 DAGs
[2025-04-28T10:47:43.639+0000] {logging_mixin.py:188} INFO - [2025-04-28T10:47:43.639+0000] {dag.py:3820} INFO - Setting next_dagrun for example_branch_python_operator_decorator to 2025-04-27T00:00:00+00:00, run_after=2025-04-28T00:00:00+00:00
[2025-04-28T10:47:43.679+0000] {processor.py:183} INFO - Processing /home/airflow/.local/lib/python3.8/site-packages/airflow/example_dags/example_branch_operator_decorator.py took 0.248 seconds
[2025-04-28T10:48:14.648+0000] {processor.py:161} INFO - Started process (PID=612) to work on /home/airflow/.local/lib/python3.8/site-packages/airflow/example_dags/example_branch_operator_decorator.py
[2025-04-28T10:48:14.649+0000] {processor.py:830} INFO - Processing file /home/airflow/.local/lib/python3.8/site-packages/airflow/example_dags/example_branch_operator_decorator.py for tasks to queue
[2025-04-28T10:48:14.653+0000] {logging_mixin.py:188} INFO - [2025-04-28T10:48:14.653+0000] {dagbag.py:538} INFO - Filling up the DagBag from /home/airflow/.local/lib/python3.8/site-packages/airflow/example_dags/example_branch_operator_decorator.py
[2025-04-28T10:48:14.688+0000] {processor.py:840} INFO - DAG(s) 'example_branch_python_operator_decorator' retrieved from /home/airflow/.local/lib/python3.8/site-packages/airflow/example_dags/example_branch_operator_decorator.py
[2025-04-28T10:48:14.757+0000] {logging_mixin.py:188} INFO - [2025-04-28T10:48:14.756+0000] {dag.py:3033} INFO - Sync 1 DAGs
[2025-04-28T10:48:14.798+0000] {logging_mixin.py:188} INFO - [2025-04-28T10:48:14.798+0000] {dag.py:3820} INFO - Setting next_dagrun for example_branch_python_operator_decorator to 2025-04-27T00:00:00+00:00, run_after=2025-04-28T00:00:00+00:00
[2025-04-28T10:48:14.837+0000] {processor.py:183} INFO - Processing /home/airflow/.local/lib/python3.8/site-packages/airflow/example_dags/example_branch_operator_decorator.py took 0.195 seconds
[2025-04-28T10:48:45.634+0000] {processor.py:161} INFO - Started process (PID=669) to work on /home/airflow/.local/lib/python3.8/site-packages/airflow/example_dags/example_branch_operator_decorator.py
[2025-04-28T10:48:45.635+0000] {processor.py:830} INFO - Processing file /home/airflow/.local/lib/python3.8/site-packages/airflow/example_dags/example_branch_operator_decorator.py for tasks to queue
[2025-04-28T10:48:45.639+0000] {logging_mixin.py:188} INFO - [2025-04-28T10:48:45.638+0000] {dagbag.py:538} INFO - Filling up the DagBag from /home/airflow/.local/lib/python3.8/site-packages/airflow/example_dags/example_branch_operator_decorator.py
[2025-04-28T10:48:45.675+0000] {processor.py:840} INFO - DAG(s) 'example_branch_python_operator_decorator' retrieved from /home/airflow/.local/lib/python3.8/site-packages/airflow/example_dags/example_branch_operator_decorator.py
[2025-04-28T10:48:45.724+0000] {logging_mixin.py:188} INFO - [2025-04-28T10:48:45.723+0000] {dag.py:3033} INFO - Sync 1 DAGs
[2025-04-28T10:48:45.764+0000] {logging_mixin.py:188} INFO - [2025-04-28T10:48:45.764+0000] {dag.py:3820} INFO - Setting next_dagrun for example_branch_python_operator_decorator to 2025-04-27T00:00:00+00:00, run_after=2025-04-28T00:00:00+00:00
[2025-04-28T10:48:45.799+0000] {processor.py:183} INFO - Processing /home/airflow/.local/lib/python3.8/site-packages/airflow/example_dags/example_branch_operator_decorator.py took 0.170 seconds
[2025-04-28T10:49:16.467+0000] {processor.py:161} INFO - Started process (PID=725) to work on /home/airflow/.local/lib/python3.8/site-packages/airflow/example_dags/example_branch_operator_decorator.py
[2025-04-28T10:49:16.469+0000] {processor.py:830} INFO - Processing file /home/airflow/.local/lib/python3.8/site-packages/airflow/example_dags/example_branch_operator_decorator.py for tasks to queue
[2025-04-28T10:49:16.472+0000] {logging_mixin.py:188} INFO - [2025-04-28T10:49:16.471+0000] {dagbag.py:538} INFO - Filling up the DagBag from /home/airflow/.local/lib/python3.8/site-packages/airflow/example_dags/example_branch_operator_decorator.py
[2025-04-28T10:49:16.506+0000] {processor.py:840} INFO - DAG(s) 'example_branch_python_operator_decorator' retrieved from /home/airflow/.local/lib/python3.8/site-packages/airflow/example_dags/example_branch_operator_decorator.py
[2025-04-28T10:49:16.557+0000] {logging_mixin.py:188} INFO - [2025-04-28T10:49:16.556+0000] {dag.py:3033} INFO - Sync 1 DAGs
[2025-04-28T10:49:16.610+0000] {logging_mixin.py:188} INFO - [2025-04-28T10:49:16.610+0000] {dag.py:3820} INFO - Setting next_dagrun for example_branch_python_operator_decorator to 2025-04-27T00:00:00+00:00, run_after=2025-04-28T00:00:00+00:00
[2025-04-28T10:49:16.640+0000] {processor.py:183} INFO - Processing /home/airflow/.local/lib/python3.8/site-packages/airflow/example_dags/example_branch_operator_decorator.py took 0.177 seconds
[2025-04-28T10:49:48.901+0000] {processor.py:161} INFO - Started process (PID=775) to work on /home/airflow/.local/lib/python3.8/site-packages/airflow/example_dags/example_branch_operator_decorator.py
[2025-04-28T10:49:48.911+0000] {processor.py:830} INFO - Processing file /home/airflow/.local/lib/python3.8/site-packages/airflow/example_dags/example_branch_operator_decorator.py for tasks to queue
[2025-04-28T10:49:48.915+0000] {logging_mixin.py:188} INFO - [2025-04-28T10:49:48.914+0000] {dagbag.py:538} INFO - Filling up the DagBag from /home/airflow/.local/lib/python3.8/site-packages/airflow/example_dags/example_branch_operator_decorator.py
[2025-04-28T10:49:48.982+0000] {processor.py:840} INFO - DAG(s) 'example_branch_python_operator_decorator' retrieved from /home/airflow/.local/lib/python3.8/site-packages/airflow/example_dags/example_branch_operator_decorator.py
[2025-04-28T10:49:49.061+0000] {logging_mixin.py:188} INFO - [2025-04-28T10:49:49.060+0000] {dag.py:3033} INFO - Sync 1 DAGs
[2025-04-28T10:49:49.164+0000] {logging_mixin.py:188} INFO - [2025-04-28T10:49:49.163+0000] {dag.py:3820} INFO - Setting next_dagrun for example_branch_python_operator_decorator to 2025-04-27T00:00:00+00:00, run_after=2025-04-28T00:00:00+00:00
[2025-04-28T10:49:49.209+0000] {processor.py:183} INFO - Processing /home/airflow/.local/lib/python3.8/site-packages/airflow/example_dags/example_branch_operator_decorator.py took 0.317 seconds
[2025-04-28T10:50:19.303+0000] {processor.py:161} INFO - Started process (PID=836) to work on /home/airflow/.local/lib/python3.8/site-packages/airflow/example_dags/example_branch_operator_decorator.py
[2025-04-28T10:50:19.305+0000] {processor.py:830} INFO - Processing file /home/airflow/.local/lib/python3.8/site-packages/airflow/example_dags/example_branch_operator_decorator.py for tasks to queue
[2025-04-28T10:50:19.307+0000] {logging_mixin.py:188} INFO - [2025-04-28T10:50:19.307+0000] {dagbag.py:538} INFO - Filling up the DagBag from /home/airflow/.local/lib/python3.8/site-packages/airflow/example_dags/example_branch_operator_decorator.py
[2025-04-28T10:50:19.335+0000] {processor.py:840} INFO - DAG(s) 'example_branch_python_operator_decorator' retrieved from /home/airflow/.local/lib/python3.8/site-packages/airflow/example_dags/example_branch_operator_decorator.py
[2025-04-28T10:50:19.371+0000] {logging_mixin.py:188} INFO - [2025-04-28T10:50:19.371+0000] {dag.py:3033} INFO - Sync 1 DAGs
[2025-04-28T10:50:19.400+0000] {logging_mixin.py:188} INFO - [2025-04-28T10:50:19.400+0000] {dag.py:3820} INFO - Setting next_dagrun for example_branch_python_operator_decorator to 2025-04-27T00:00:00+00:00, run_after=2025-04-28T00:00:00+00:00
[2025-04-28T10:50:19.426+0000] {processor.py:183} INFO - Processing /home/airflow/.local/lib/python3.8/site-packages/airflow/example_dags/example_branch_operator_decorator.py took 0.126 seconds
[2025-04-28T10:50:49.996+0000] {processor.py:161} INFO - Started process (PID=886) to work on /home/airflow/.local/lib/python3.8/site-packages/airflow/example_dags/example_branch_operator_decorator.py
[2025-04-28T10:50:49.998+0000] {processor.py:830} INFO - Processing file /home/airflow/.local/lib/python3.8/site-packages/airflow/example_dags/example_branch_operator_decorator.py for tasks to queue
[2025-04-28T10:50:50.001+0000] {logging_mixin.py:188} INFO - [2025-04-28T10:50:50.000+0000] {dagbag.py:538} INFO - Filling up the DagBag from /home/airflow/.local/lib/python3.8/site-packages/airflow/example_dags/example_branch_operator_decorator.py
[2025-04-28T10:50:50.027+0000] {processor.py:840} INFO - DAG(s) 'example_branch_python_operator_decorator' retrieved from /home/airflow/.local/lib/python3.8/site-packages/airflow/example_dags/example_branch_operator_decorator.py
[2025-04-28T10:50:50.065+0000] {logging_mixin.py:188} INFO - [2025-04-28T10:50:50.065+0000] {dag.py:3033} INFO - Sync 1 DAGs
[2025-04-28T10:50:50.098+0000] {logging_mixin.py:188} INFO - [2025-04-28T10:50:50.097+0000] {dag.py:3820} INFO - Setting next_dagrun for example_branch_python_operator_decorator to 2025-04-27T00:00:00+00:00, run_after=2025-04-28T00:00:00+00:00
[2025-04-28T10:50:50.127+0000] {processor.py:183} INFO - Processing /home/airflow/.local/lib/python3.8/site-packages/airflow/example_dags/example_branch_operator_decorator.py took 0.134 seconds
[2025-04-28T10:51:21.019+0000] {processor.py:161} INFO - Started process (PID=942) to work on /home/airflow/.local/lib/python3.8/site-packages/airflow/example_dags/example_branch_operator_decorator.py
[2025-04-28T10:51:21.020+0000] {processor.py:830} INFO - Processing file /home/airflow/.local/lib/python3.8/site-packages/airflow/example_dags/example_branch_operator_decorator.py for tasks to queue
[2025-04-28T10:51:21.026+0000] {logging_mixin.py:188} INFO - [2025-04-28T10:51:21.023+0000] {dagbag.py:538} INFO - Filling up the DagBag from /home/airflow/.local/lib/python3.8/site-packages/airflow/example_dags/example_branch_operator_decorator.py
[2025-04-28T10:51:21.059+0000] {processor.py:840} INFO - DAG(s) 'example_branch_python_operator_decorator' retrieved from /home/airflow/.local/lib/python3.8/site-packages/airflow/example_dags/example_branch_operator_decorator.py
[2025-04-28T10:51:21.108+0000] {logging_mixin.py:188} INFO - [2025-04-28T10:51:21.107+0000] {dag.py:3033} INFO - Sync 1 DAGs
[2025-04-28T10:51:21.144+0000] {logging_mixin.py:188} INFO - [2025-04-28T10:51:21.143+0000] {dag.py:3820} INFO - Setting next_dagrun for example_branch_python_operator_decorator to 2025-04-27T00:00:00+00:00, run_after=2025-04-28T00:00:00+00:00
[2025-04-28T10:51:21.171+0000] {processor.py:183} INFO - Processing /home/airflow/.local/lib/python3.8/site-packages/airflow/example_dags/example_branch_operator_decorator.py took 0.157 seconds
[2025-04-28T10:51:55.257+0000] {processor.py:161} INFO - Started process (PID=998) to work on /home/airflow/.local/lib/python3.8/site-packages/airflow/example_dags/example_branch_operator_decorator.py
[2025-04-28T10:51:55.259+0000] {processor.py:830} INFO - Processing file /home/airflow/.local/lib/python3.8/site-packages/airflow/example_dags/example_branch_operator_decorator.py for tasks to queue
[2025-04-28T10:51:55.280+0000] {logging_mixin.py:188} INFO - [2025-04-28T10:51:55.280+0000] {dagbag.py:538} INFO - Filling up the DagBag from /home/airflow/.local/lib/python3.8/site-packages/airflow/example_dags/example_branch_operator_decorator.py
[2025-04-28T10:51:55.323+0000] {processor.py:840} INFO - DAG(s) 'example_branch_python_operator_decorator' retrieved from /home/airflow/.local/lib/python3.8/site-packages/airflow/example_dags/example_branch_operator_decorator.py
[2025-04-28T10:51:55.392+0000] {logging_mixin.py:188} INFO - [2025-04-28T10:51:55.392+0000] {dag.py:3033} INFO - Sync 1 DAGs
[2025-04-28T10:51:55.443+0000] {logging_mixin.py:188} INFO - [2025-04-28T10:51:55.443+0000] {dag.py:3820} INFO - Setting next_dagrun for example_branch_python_operator_decorator to 2025-04-27T00:00:00+00:00, run_after=2025-04-28T00:00:00+00:00
[2025-04-28T10:51:55.507+0000] {processor.py:183} INFO - Processing /home/airflow/.local/lib/python3.8/site-packages/airflow/example_dags/example_branch_operator_decorator.py took 0.257 seconds
[2025-04-28T10:52:27.563+0000] {processor.py:161} INFO - Started process (PID=1054) to work on /home/airflow/.local/lib/python3.8/site-packages/airflow/example_dags/example_branch_operator_decorator.py
[2025-04-28T10:52:27.564+0000] {processor.py:830} INFO - Processing file /home/airflow/.local/lib/python3.8/site-packages/airflow/example_dags/example_branch_operator_decorator.py for tasks to queue
[2025-04-28T10:52:27.569+0000] {logging_mixin.py:188} INFO - [2025-04-28T10:52:27.568+0000] {dagbag.py:538} INFO - Filling up the DagBag from /home/airflow/.local/lib/python3.8/site-packages/airflow/example_dags/example_branch_operator_decorator.py
[2025-04-28T10:52:27.645+0000] {processor.py:840} INFO - DAG(s) 'example_branch_python_operator_decorator' retrieved from /home/airflow/.local/lib/python3.8/site-packages/airflow/example_dags/example_branch_operator_decorator.py
[2025-04-28T10:52:27.737+0000] {logging_mixin.py:188} INFO - [2025-04-28T10:52:27.737+0000] {dag.py:3033} INFO - Sync 1 DAGs
[2025-04-28T10:52:27.788+0000] {logging_mixin.py:188} INFO - [2025-04-28T10:52:27.788+0000] {dag.py:3820} INFO - Setting next_dagrun for example_branch_python_operator_decorator to 2025-04-27T00:00:00+00:00, run_after=2025-04-28T00:00:00+00:00
[2025-04-28T10:52:27.823+0000] {processor.py:183} INFO - Processing /home/airflow/.local/lib/python3.8/site-packages/airflow/example_dags/example_branch_operator_decorator.py took 0.268 seconds
[2025-04-28T10:52:59.809+0000] {processor.py:161} INFO - Started process (PID=1111) to work on /home/airflow/.local/lib/python3.8/site-packages/airflow/example_dags/example_branch_operator_decorator.py
[2025-04-28T10:52:59.810+0000] {processor.py:830} INFO - Processing file /home/airflow/.local/lib/python3.8/site-packages/airflow/example_dags/example_branch_operator_decorator.py for tasks to queue
[2025-04-28T10:52:59.814+0000] {logging_mixin.py:188} INFO - [2025-04-28T10:52:59.813+0000] {dagbag.py:538} INFO - Filling up the DagBag from /home/airflow/.local/lib/python3.8/site-packages/airflow/example_dags/example_branch_operator_decorator.py
[2025-04-28T10:52:59.846+0000] {processor.py:840} INFO - DAG(s) 'example_branch_python_operator_decorator' retrieved from /home/airflow/.local/lib/python3.8/site-packages/airflow/example_dags/example_branch_operator_decorator.py
[2025-04-28T10:52:59.891+0000] {logging_mixin.py:188} INFO - [2025-04-28T10:52:59.891+0000] {dag.py:3033} INFO - Sync 1 DAGs
[2025-04-28T10:52:59.927+0000] {logging_mixin.py:188} INFO - [2025-04-28T10:52:59.927+0000] {dag.py:3820} INFO - Setting next_dagrun for example_branch_python_operator_decorator to 2025-04-27T00:00:00+00:00, run_after=2025-04-28T00:00:00+00:00
[2025-04-28T10:52:59.958+0000] {processor.py:183} INFO - Processing /home/airflow/.local/lib/python3.8/site-packages/airflow/example_dags/example_branch_operator_decorator.py took 0.154 seconds
[2025-04-28T10:53:31.927+0000] {processor.py:161} INFO - Started process (PID=1167) to work on /home/airflow/.local/lib/python3.8/site-packages/airflow/example_dags/example_branch_operator_decorator.py
[2025-04-28T10:53:31.928+0000] {processor.py:830} INFO - Processing file /home/airflow/.local/lib/python3.8/site-packages/airflow/example_dags/example_branch_operator_decorator.py for tasks to queue
[2025-04-28T10:53:31.931+0000] {logging_mixin.py:188} INFO - [2025-04-28T10:53:31.931+0000] {dagbag.py:538} INFO - Filling up the DagBag from /home/airflow/.local/lib/python3.8/site-packages/airflow/example_dags/example_branch_operator_decorator.py
[2025-04-28T10:53:31.956+0000] {processor.py:840} INFO - DAG(s) 'example_branch_python_operator_decorator' retrieved from /home/airflow/.local/lib/python3.8/site-packages/airflow/example_dags/example_branch_operator_decorator.py
[2025-04-28T10:53:32.008+0000] {logging_mixin.py:188} INFO - [2025-04-28T10:53:32.008+0000] {dag.py:3033} INFO - Sync 1 DAGs
[2025-04-28T10:53:32.061+0000] {logging_mixin.py:188} INFO - [2025-04-28T10:53:32.061+0000] {dag.py:3820} INFO - Setting next_dagrun for example_branch_python_operator_decorator to 2025-04-27T00:00:00+00:00, run_after=2025-04-28T00:00:00+00:00
[2025-04-28T10:53:32.096+0000] {processor.py:183} INFO - Processing /home/airflow/.local/lib/python3.8/site-packages/airflow/example_dags/example_branch_operator_decorator.py took 0.173 seconds
[2025-04-28T10:54:05.308+0000] {processor.py:161} INFO - Started process (PID=1224) to work on /home/airflow/.local/lib/python3.8/site-packages/airflow/example_dags/example_branch_operator_decorator.py
[2025-04-28T10:54:05.310+0000] {processor.py:830} INFO - Processing file /home/airflow/.local/lib/python3.8/site-packages/airflow/example_dags/example_branch_operator_decorator.py for tasks to queue
[2025-04-28T10:54:05.313+0000] {logging_mixin.py:188} INFO - [2025-04-28T10:54:05.312+0000] {dagbag.py:538} INFO - Filling up the DagBag from /home/airflow/.local/lib/python3.8/site-packages/airflow/example_dags/example_branch_operator_decorator.py
[2025-04-28T10:54:05.402+0000] {processor.py:840} INFO - DAG(s) 'example_branch_python_operator_decorator' retrieved from /home/airflow/.local/lib/python3.8/site-packages/airflow/example_dags/example_branch_operator_decorator.py
[2025-04-28T10:54:05.487+0000] {logging_mixin.py:188} INFO - [2025-04-28T10:54:05.487+0000] {dag.py:3033} INFO - Sync 1 DAGs
[2025-04-28T10:54:05.526+0000] {logging_mixin.py:188} INFO - [2025-04-28T10:54:05.526+0000] {dag.py:3820} INFO - Setting next_dagrun for example_branch_python_operator_decorator to 2025-04-27T00:00:00+00:00, run_after=2025-04-28T00:00:00+00:00
[2025-04-28T10:54:05.558+0000] {processor.py:183} INFO - Processing /home/airflow/.local/lib/python3.8/site-packages/airflow/example_dags/example_branch_operator_decorator.py took 0.254 seconds
[2025-04-28T10:54:38.214+0000] {processor.py:161} INFO - Started process (PID=1285) to work on /home/airflow/.local/lib/python3.8/site-packages/airflow/example_dags/example_branch_operator_decorator.py
[2025-04-28T10:54:38.216+0000] {processor.py:830} INFO - Processing file /home/airflow/.local/lib/python3.8/site-packages/airflow/example_dags/example_branch_operator_decorator.py for tasks to queue
[2025-04-28T10:54:38.219+0000] {logging_mixin.py:188} INFO - [2025-04-28T10:54:38.218+0000] {dagbag.py:538} INFO - Filling up the DagBag from /home/airflow/.local/lib/python3.8/site-packages/airflow/example_dags/example_branch_operator_decorator.py
[2025-04-28T10:54:38.245+0000] {processor.py:840} INFO - DAG(s) 'example_branch_python_operator_decorator' retrieved from /home/airflow/.local/lib/python3.8/site-packages/airflow/example_dags/example_branch_operator_decorator.py
[2025-04-28T10:54:38.293+0000] {logging_mixin.py:188} INFO - [2025-04-28T10:54:38.293+0000] {dag.py:3033} INFO - Sync 1 DAGs
[2025-04-28T10:54:38.330+0000] {logging_mixin.py:188} INFO - [2025-04-28T10:54:38.329+0000] {dag.py:3820} INFO - Setting next_dagrun for example_branch_python_operator_decorator to 2025-04-27T00:00:00+00:00, run_after=2025-04-28T00:00:00+00:00
[2025-04-28T10:54:38.362+0000] {processor.py:183} INFO - Processing /home/airflow/.local/lib/python3.8/site-packages/airflow/example_dags/example_branch_operator_decorator.py took 0.152 seconds
[2025-04-28T10:55:13.188+0000] {processor.py:161} INFO - Started process (PID=1349) to work on /home/airflow/.local/lib/python3.8/site-packages/airflow/example_dags/example_branch_operator_decorator.py
[2025-04-28T10:55:13.190+0000] {processor.py:830} INFO - Processing file /home/airflow/.local/lib/python3.8/site-packages/airflow/example_dags/example_branch_operator_decorator.py for tasks to queue
[2025-04-28T10:55:13.200+0000] {logging_mixin.py:188} INFO - [2025-04-28T10:55:13.199+0000] {dagbag.py:538} INFO - Filling up the DagBag from /home/airflow/.local/lib/python3.8/site-packages/airflow/example_dags/example_branch_operator_decorator.py
[2025-04-28T10:55:13.310+0000] {processor.py:840} INFO - DAG(s) 'example_branch_python_operator_decorator' retrieved from /home/airflow/.local/lib/python3.8/site-packages/airflow/example_dags/example_branch_operator_decorator.py
[2025-04-28T10:55:13.474+0000] {logging_mixin.py:188} INFO - [2025-04-28T10:55:13.473+0000] {dag.py:3033} INFO - Sync 1 DAGs
[2025-04-28T10:55:13.541+0000] {logging_mixin.py:188} INFO - [2025-04-28T10:55:13.540+0000] {dag.py:3820} INFO - Setting next_dagrun for example_branch_python_operator_decorator to 2025-04-27T00:00:00+00:00, run_after=2025-04-28T00:00:00+00:00
[2025-04-28T10:55:13.585+0000] {processor.py:183} INFO - Processing /home/airflow/.local/lib/python3.8/site-packages/airflow/example_dags/example_branch_operator_decorator.py took 0.404 seconds
[2025-04-28T10:55:45.652+0000] {processor.py:161} INFO - Started process (PID=1404) to work on /home/airflow/.local/lib/python3.8/site-packages/airflow/example_dags/example_branch_operator_decorator.py
[2025-04-28T10:55:45.653+0000] {processor.py:830} INFO - Processing file /home/airflow/.local/lib/python3.8/site-packages/airflow/example_dags/example_branch_operator_decorator.py for tasks to queue
[2025-04-28T10:55:45.657+0000] {logging_mixin.py:188} INFO - [2025-04-28T10:55:45.656+0000] {dagbag.py:538} INFO - Filling up the DagBag from /home/airflow/.local/lib/python3.8/site-packages/airflow/example_dags/example_branch_operator_decorator.py
[2025-04-28T10:55:45.682+0000] {processor.py:840} INFO - DAG(s) 'example_branch_python_operator_decorator' retrieved from /home/airflow/.local/lib/python3.8/site-packages/airflow/example_dags/example_branch_operator_decorator.py
[2025-04-28T10:55:45.738+0000] {logging_mixin.py:188} INFO - [2025-04-28T10:55:45.738+0000] {dag.py:3033} INFO - Sync 1 DAGs
[2025-04-28T10:55:45.780+0000] {logging_mixin.py:188} INFO - [2025-04-28T10:55:45.780+0000] {dag.py:3820} INFO - Setting next_dagrun for example_branch_python_operator_decorator to 2025-04-27T00:00:00+00:00, run_after=2025-04-28T00:00:00+00:00
[2025-04-28T10:55:45.833+0000] {processor.py:183} INFO - Processing /home/airflow/.local/lib/python3.8/site-packages/airflow/example_dags/example_branch_operator_decorator.py took 0.185 seconds
[2025-04-28T10:56:18.682+0000] {processor.py:161} INFO - Started process (PID=1460) to work on /home/airflow/.local/lib/python3.8/site-packages/airflow/example_dags/example_branch_operator_decorator.py
[2025-04-28T10:56:18.683+0000] {processor.py:830} INFO - Processing file /home/airflow/.local/lib/python3.8/site-packages/airflow/example_dags/example_branch_operator_decorator.py for tasks to queue
[2025-04-28T10:56:18.690+0000] {logging_mixin.py:188} INFO - [2025-04-28T10:56:18.689+0000] {dagbag.py:538} INFO - Filling up the DagBag from /home/airflow/.local/lib/python3.8/site-packages/airflow/example_dags/example_branch_operator_decorator.py
[2025-04-28T10:56:18.751+0000] {processor.py:840} INFO - DAG(s) 'example_branch_python_operator_decorator' retrieved from /home/airflow/.local/lib/python3.8/site-packages/airflow/example_dags/example_branch_operator_decorator.py
[2025-04-28T10:56:18.801+0000] {logging_mixin.py:188} INFO - [2025-04-28T10:56:18.801+0000] {dag.py:3033} INFO - Sync 1 DAGs
[2025-04-28T10:56:18.840+0000] {logging_mixin.py:188} INFO - [2025-04-28T10:56:18.840+0000] {dag.py:3820} INFO - Setting next_dagrun for example_branch_python_operator_decorator to 2025-04-27T00:00:00+00:00, run_after=2025-04-28T00:00:00+00:00
[2025-04-28T10:56:18.871+0000] {processor.py:183} INFO - Processing /home/airflow/.local/lib/python3.8/site-packages/airflow/example_dags/example_branch_operator_decorator.py took 0.196 seconds
[2025-04-28T10:56:51.002+0000] {processor.py:161} INFO - Started process (PID=1519) to work on /home/airflow/.local/lib/python3.8/site-packages/airflow/example_dags/example_branch_operator_decorator.py
[2025-04-28T10:56:51.004+0000] {processor.py:830} INFO - Processing file /home/airflow/.local/lib/python3.8/site-packages/airflow/example_dags/example_branch_operator_decorator.py for tasks to queue
[2025-04-28T10:56:51.009+0000] {logging_mixin.py:188} INFO - [2025-04-28T10:56:51.008+0000] {dagbag.py:538} INFO - Filling up the DagBag from /home/airflow/.local/lib/python3.8/site-packages/airflow/example_dags/example_branch_operator_decorator.py
[2025-04-28T10:56:51.051+0000] {processor.py:840} INFO - DAG(s) 'example_branch_python_operator_decorator' retrieved from /home/airflow/.local/lib/python3.8/site-packages/airflow/example_dags/example_branch_operator_decorator.py
[2025-04-28T10:56:51.104+0000] {logging_mixin.py:188} INFO - [2025-04-28T10:56:51.104+0000] {dag.py:3033} INFO - Sync 1 DAGs
[2025-04-28T10:56:51.144+0000] {logging_mixin.py:188} INFO - [2025-04-28T10:56:51.144+0000] {dag.py:3820} INFO - Setting next_dagrun for example_branch_python_operator_decorator to 2025-04-27T00:00:00+00:00, run_after=2025-04-28T00:00:00+00:00
[2025-04-28T10:56:51.176+0000] {processor.py:183} INFO - Processing /home/airflow/.local/lib/python3.8/site-packages/airflow/example_dags/example_branch_operator_decorator.py took 0.181 seconds
[2025-04-28T10:59:51.459+0000] {processor.py:161} INFO - Started process (PID=112) to work on /home/airflow/.local/lib/python3.8/site-packages/airflow/example_dags/example_branch_operator_decorator.py
[2025-04-28T10:59:51.463+0000] {processor.py:830} INFO - Processing file /home/airflow/.local/lib/python3.8/site-packages/airflow/example_dags/example_branch_operator_decorator.py for tasks to queue
[2025-04-28T10:59:51.470+0000] {logging_mixin.py:188} INFO - [2025-04-28T10:59:51.469+0000] {dagbag.py:538} INFO - Filling up the DagBag from /home/airflow/.local/lib/python3.8/site-packages/airflow/example_dags/example_branch_operator_decorator.py
[2025-04-28T10:59:51.522+0000] {processor.py:840} INFO - DAG(s) 'example_branch_python_operator_decorator' retrieved from /home/airflow/.local/lib/python3.8/site-packages/airflow/example_dags/example_branch_operator_decorator.py
[2025-04-28T10:59:51.726+0000] {logging_mixin.py:188} INFO - [2025-04-28T10:59:51.726+0000] {dag.py:3033} INFO - Sync 1 DAGs
[2025-04-28T10:59:51.765+0000] {logging_mixin.py:188} INFO - [2025-04-28T10:59:51.764+0000] {dag.py:3820} INFO - Setting next_dagrun for example_branch_python_operator_decorator to 2025-04-27T00:00:00+00:00, run_after=2025-04-28T00:00:00+00:00
[2025-04-28T10:59:51.816+0000] {processor.py:183} INFO - Processing /home/airflow/.local/lib/python3.8/site-packages/airflow/example_dags/example_branch_operator_decorator.py took 0.364 seconds
[2025-04-28T11:00:21.930+0000] {processor.py:161} INFO - Started process (PID=168) to work on /home/airflow/.local/lib/python3.8/site-packages/airflow/example_dags/example_branch_operator_decorator.py
[2025-04-28T11:00:21.932+0000] {processor.py:830} INFO - Processing file /home/airflow/.local/lib/python3.8/site-packages/airflow/example_dags/example_branch_operator_decorator.py for tasks to queue
[2025-04-28T11:00:21.935+0000] {logging_mixin.py:188} INFO - [2025-04-28T11:00:21.934+0000] {dagbag.py:538} INFO - Filling up the DagBag from /home/airflow/.local/lib/python3.8/site-packages/airflow/example_dags/example_branch_operator_decorator.py
[2025-04-28T11:00:21.972+0000] {processor.py:840} INFO - DAG(s) 'example_branch_python_operator_decorator' retrieved from /home/airflow/.local/lib/python3.8/site-packages/airflow/example_dags/example_branch_operator_decorator.py
[2025-04-28T11:00:22.044+0000] {logging_mixin.py:188} INFO - [2025-04-28T11:00:22.044+0000] {dag.py:3033} INFO - Sync 1 DAGs
[2025-04-28T11:00:22.089+0000] {logging_mixin.py:188} INFO - [2025-04-28T11:00:22.089+0000] {dag.py:3820} INFO - Setting next_dagrun for example_branch_python_operator_decorator to 2025-04-27T00:00:00+00:00, run_after=2025-04-28T00:00:00+00:00
[2025-04-28T11:00:22.123+0000] {processor.py:183} INFO - Processing /home/airflow/.local/lib/python3.8/site-packages/airflow/example_dags/example_branch_operator_decorator.py took 0.199 seconds
[2025-04-28T11:00:52.298+0000] {processor.py:161} INFO - Started process (PID=225) to work on /home/airflow/.local/lib/python3.8/site-packages/airflow/example_dags/example_branch_operator_decorator.py
[2025-04-28T11:00:52.299+0000] {processor.py:830} INFO - Processing file /home/airflow/.local/lib/python3.8/site-packages/airflow/example_dags/example_branch_operator_decorator.py for tasks to queue
[2025-04-28T11:00:52.302+0000] {logging_mixin.py:188} INFO - [2025-04-28T11:00:52.302+0000] {dagbag.py:538} INFO - Filling up the DagBag from /home/airflow/.local/lib/python3.8/site-packages/airflow/example_dags/example_branch_operator_decorator.py
[2025-04-28T11:00:52.334+0000] {processor.py:840} INFO - DAG(s) 'example_branch_python_operator_decorator' retrieved from /home/airflow/.local/lib/python3.8/site-packages/airflow/example_dags/example_branch_operator_decorator.py
[2025-04-28T11:00:52.389+0000] {logging_mixin.py:188} INFO - [2025-04-28T11:00:52.388+0000] {dag.py:3033} INFO - Sync 1 DAGs
[2025-04-28T11:00:52.425+0000] {logging_mixin.py:188} INFO - [2025-04-28T11:00:52.425+0000] {dag.py:3820} INFO - Setting next_dagrun for example_branch_python_operator_decorator to 2025-04-27T00:00:00+00:00, run_after=2025-04-28T00:00:00+00:00
[2025-04-28T11:00:52.461+0000] {processor.py:183} INFO - Processing /home/airflow/.local/lib/python3.8/site-packages/airflow/example_dags/example_branch_operator_decorator.py took 0.169 seconds
[2025-04-28T11:01:22.633+0000] {processor.py:161} INFO - Started process (PID=275) to work on /home/airflow/.local/lib/python3.8/site-packages/airflow/example_dags/example_branch_operator_decorator.py
[2025-04-28T11:01:22.634+0000] {processor.py:830} INFO - Processing file /home/airflow/.local/lib/python3.8/site-packages/airflow/example_dags/example_branch_operator_decorator.py for tasks to queue
[2025-04-28T11:01:22.637+0000] {logging_mixin.py:188} INFO - [2025-04-28T11:01:22.637+0000] {dagbag.py:538} INFO - Filling up the DagBag from /home/airflow/.local/lib/python3.8/site-packages/airflow/example_dags/example_branch_operator_decorator.py
[2025-04-28T11:01:22.663+0000] {processor.py:840} INFO - DAG(s) 'example_branch_python_operator_decorator' retrieved from /home/airflow/.local/lib/python3.8/site-packages/airflow/example_dags/example_branch_operator_decorator.py
[2025-04-28T11:01:22.705+0000] {logging_mixin.py:188} INFO - [2025-04-28T11:01:22.704+0000] {dag.py:3033} INFO - Sync 1 DAGs
[2025-04-28T11:01:22.738+0000] {logging_mixin.py:188} INFO - [2025-04-28T11:01:22.737+0000] {dag.py:3820} INFO - Setting next_dagrun for example_branch_python_operator_decorator to 2025-04-27T00:00:00+00:00, run_after=2025-04-28T00:00:00+00:00
[2025-04-28T11:01:22.764+0000] {processor.py:183} INFO - Processing /home/airflow/.local/lib/python3.8/site-packages/airflow/example_dags/example_branch_operator_decorator.py took 0.135 seconds
[2025-04-28T11:01:52.930+0000] {processor.py:161} INFO - Started process (PID=331) to work on /home/airflow/.local/lib/python3.8/site-packages/airflow/example_dags/example_branch_operator_decorator.py
[2025-04-28T11:01:52.932+0000] {processor.py:830} INFO - Processing file /home/airflow/.local/lib/python3.8/site-packages/airflow/example_dags/example_branch_operator_decorator.py for tasks to queue
[2025-04-28T11:01:52.935+0000] {logging_mixin.py:188} INFO - [2025-04-28T11:01:52.935+0000] {dagbag.py:538} INFO - Filling up the DagBag from /home/airflow/.local/lib/python3.8/site-packages/airflow/example_dags/example_branch_operator_decorator.py
[2025-04-28T11:01:52.962+0000] {processor.py:840} INFO - DAG(s) 'example_branch_python_operator_decorator' retrieved from /home/airflow/.local/lib/python3.8/site-packages/airflow/example_dags/example_branch_operator_decorator.py
[2025-04-28T11:01:53.012+0000] {logging_mixin.py:188} INFO - [2025-04-28T11:01:53.012+0000] {dag.py:3033} INFO - Sync 1 DAGs
[2025-04-28T11:01:53.050+0000] {logging_mixin.py:188} INFO - [2025-04-28T11:01:53.050+0000] {dag.py:3820} INFO - Setting next_dagrun for example_branch_python_operator_decorator to 2025-04-27T00:00:00+00:00, run_after=2025-04-28T00:00:00+00:00
[2025-04-28T11:01:53.091+0000] {processor.py:183} INFO - Processing /home/airflow/.local/lib/python3.8/site-packages/airflow/example_dags/example_branch_operator_decorator.py took 0.166 seconds
[2025-04-28T11:02:23.675+0000] {processor.py:161} INFO - Started process (PID=387) to work on /home/airflow/.local/lib/python3.8/site-packages/airflow/example_dags/example_branch_operator_decorator.py
[2025-04-28T11:02:23.677+0000] {processor.py:830} INFO - Processing file /home/airflow/.local/lib/python3.8/site-packages/airflow/example_dags/example_branch_operator_decorator.py for tasks to queue
[2025-04-28T11:02:23.679+0000] {logging_mixin.py:188} INFO - [2025-04-28T11:02:23.679+0000] {dagbag.py:538} INFO - Filling up the DagBag from /home/airflow/.local/lib/python3.8/site-packages/airflow/example_dags/example_branch_operator_decorator.py
[2025-04-28T11:02:23.708+0000] {processor.py:840} INFO - DAG(s) 'example_branch_python_operator_decorator' retrieved from /home/airflow/.local/lib/python3.8/site-packages/airflow/example_dags/example_branch_operator_decorator.py
[2025-04-28T11:02:23.751+0000] {logging_mixin.py:188} INFO - [2025-04-28T11:02:23.751+0000] {dag.py:3033} INFO - Sync 1 DAGs
[2025-04-28T11:02:23.791+0000] {logging_mixin.py:188} INFO - [2025-04-28T11:02:23.791+0000] {dag.py:3820} INFO - Setting next_dagrun for example_branch_python_operator_decorator to 2025-04-27T00:00:00+00:00, run_after=2025-04-28T00:00:00+00:00
[2025-04-28T11:02:23.840+0000] {processor.py:183} INFO - Processing /home/airflow/.local/lib/python3.8/site-packages/airflow/example_dags/example_branch_operator_decorator.py took 0.170 seconds
[2025-04-28T11:02:54.708+0000] {processor.py:161} INFO - Started process (PID=443) to work on /home/airflow/.local/lib/python3.8/site-packages/airflow/example_dags/example_branch_operator_decorator.py
[2025-04-28T11:02:54.709+0000] {processor.py:830} INFO - Processing file /home/airflow/.local/lib/python3.8/site-packages/airflow/example_dags/example_branch_operator_decorator.py for tasks to queue
[2025-04-28T11:02:54.712+0000] {logging_mixin.py:188} INFO - [2025-04-28T11:02:54.712+0000] {dagbag.py:538} INFO - Filling up the DagBag from /home/airflow/.local/lib/python3.8/site-packages/airflow/example_dags/example_branch_operator_decorator.py
[2025-04-28T11:02:54.738+0000] {processor.py:840} INFO - DAG(s) 'example_branch_python_operator_decorator' retrieved from /home/airflow/.local/lib/python3.8/site-packages/airflow/example_dags/example_branch_operator_decorator.py
[2025-04-28T11:02:54.776+0000] {logging_mixin.py:188} INFO - [2025-04-28T11:02:54.776+0000] {dag.py:3033} INFO - Sync 1 DAGs
[2025-04-28T11:02:54.806+0000] {logging_mixin.py:188} INFO - [2025-04-28T11:02:54.806+0000] {dag.py:3820} INFO - Setting next_dagrun for example_branch_python_operator_decorator to 2025-04-27T00:00:00+00:00, run_after=2025-04-28T00:00:00+00:00
[2025-04-28T11:02:54.834+0000] {processor.py:183} INFO - Processing /home/airflow/.local/lib/python3.8/site-packages/airflow/example_dags/example_branch_operator_decorator.py took 0.130 seconds
[2025-04-28T11:03:24.958+0000] {processor.py:161} INFO - Started process (PID=499) to work on /home/airflow/.local/lib/python3.8/site-packages/airflow/example_dags/example_branch_operator_decorator.py
[2025-04-28T11:03:24.960+0000] {processor.py:830} INFO - Processing file /home/airflow/.local/lib/python3.8/site-packages/airflow/example_dags/example_branch_operator_decorator.py for tasks to queue
[2025-04-28T11:03:24.964+0000] {logging_mixin.py:188} INFO - [2025-04-28T11:03:24.964+0000] {dagbag.py:538} INFO - Filling up the DagBag from /home/airflow/.local/lib/python3.8/site-packages/airflow/example_dags/example_branch_operator_decorator.py
[2025-04-28T11:03:24.992+0000] {processor.py:840} INFO - DAG(s) 'example_branch_python_operator_decorator' retrieved from /home/airflow/.local/lib/python3.8/site-packages/airflow/example_dags/example_branch_operator_decorator.py
[2025-04-28T11:03:25.032+0000] {logging_mixin.py:188} INFO - [2025-04-28T11:03:25.032+0000] {dag.py:3033} INFO - Sync 1 DAGs
[2025-04-28T11:03:25.064+0000] {logging_mixin.py:188} INFO - [2025-04-28T11:03:25.064+0000] {dag.py:3820} INFO - Setting next_dagrun for example_branch_python_operator_decorator to 2025-04-27T00:00:00+00:00, run_after=2025-04-28T00:00:00+00:00
[2025-04-28T11:03:25.100+0000] {processor.py:183} INFO - Processing /home/airflow/.local/lib/python3.8/site-packages/airflow/example_dags/example_branch_operator_decorator.py took 0.146 seconds
[2025-04-28T11:03:56.849+0000] {processor.py:161} INFO - Started process (PID=555) to work on /home/airflow/.local/lib/python3.8/site-packages/airflow/example_dags/example_branch_operator_decorator.py
[2025-04-28T11:03:56.851+0000] {processor.py:830} INFO - Processing file /home/airflow/.local/lib/python3.8/site-packages/airflow/example_dags/example_branch_operator_decorator.py for tasks to queue
[2025-04-28T11:03:56.854+0000] {logging_mixin.py:188} INFO - [2025-04-28T11:03:56.854+0000] {dagbag.py:538} INFO - Filling up the DagBag from /home/airflow/.local/lib/python3.8/site-packages/airflow/example_dags/example_branch_operator_decorator.py
[2025-04-28T11:03:56.891+0000] {processor.py:840} INFO - DAG(s) 'example_branch_python_operator_decorator' retrieved from /home/airflow/.local/lib/python3.8/site-packages/airflow/example_dags/example_branch_operator_decorator.py
[2025-04-28T11:03:56.951+0000] {logging_mixin.py:188} INFO - [2025-04-28T11:03:56.951+0000] {dag.py:3033} INFO - Sync 1 DAGs
[2025-04-28T11:03:56.988+0000] {logging_mixin.py:188} INFO - [2025-04-28T11:03:56.988+0000] {dag.py:3820} INFO - Setting next_dagrun for example_branch_python_operator_decorator to 2025-04-27T00:00:00+00:00, run_after=2025-04-28T00:00:00+00:00
[2025-04-28T11:03:57.031+0000] {processor.py:183} INFO - Processing /home/airflow/.local/lib/python3.8/site-packages/airflow/example_dags/example_branch_operator_decorator.py took 0.189 seconds
[2025-04-28T11:04:30.324+0000] {processor.py:161} INFO - Started process (PID=611) to work on /home/airflow/.local/lib/python3.8/site-packages/airflow/example_dags/example_branch_operator_decorator.py
[2025-04-28T11:04:30.326+0000] {processor.py:830} INFO - Processing file /home/airflow/.local/lib/python3.8/site-packages/airflow/example_dags/example_branch_operator_decorator.py for tasks to queue
[2025-04-28T11:04:30.329+0000] {logging_mixin.py:188} INFO - [2025-04-28T11:04:30.329+0000] {dagbag.py:538} INFO - Filling up the DagBag from /home/airflow/.local/lib/python3.8/site-packages/airflow/example_dags/example_branch_operator_decorator.py
[2025-04-28T11:04:30.361+0000] {processor.py:840} INFO - DAG(s) 'example_branch_python_operator_decorator' retrieved from /home/airflow/.local/lib/python3.8/site-packages/airflow/example_dags/example_branch_operator_decorator.py
[2025-04-28T11:04:30.414+0000] {logging_mixin.py:188} INFO - [2025-04-28T11:04:30.414+0000] {dag.py:3033} INFO - Sync 1 DAGs
[2025-04-28T11:04:30.466+0000] {logging_mixin.py:188} INFO - [2025-04-28T11:04:30.465+0000] {dag.py:3820} INFO - Setting next_dagrun for example_branch_python_operator_decorator to 2025-04-27T00:00:00+00:00, run_after=2025-04-28T00:00:00+00:00
[2025-04-28T11:04:30.503+0000] {processor.py:183} INFO - Processing /home/airflow/.local/lib/python3.8/site-packages/airflow/example_dags/example_branch_operator_decorator.py took 0.185 seconds
[2025-04-28T11:05:01.163+0000] {processor.py:161} INFO - Started process (PID=667) to work on /home/airflow/.local/lib/python3.8/site-packages/airflow/example_dags/example_branch_operator_decorator.py
[2025-04-28T11:05:01.165+0000] {processor.py:830} INFO - Processing file /home/airflow/.local/lib/python3.8/site-packages/airflow/example_dags/example_branch_operator_decorator.py for tasks to queue
[2025-04-28T11:05:01.168+0000] {logging_mixin.py:188} INFO - [2025-04-28T11:05:01.168+0000] {dagbag.py:538} INFO - Filling up the DagBag from /home/airflow/.local/lib/python3.8/site-packages/airflow/example_dags/example_branch_operator_decorator.py
[2025-04-28T11:05:01.207+0000] {processor.py:840} INFO - DAG(s) 'example_branch_python_operator_decorator' retrieved from /home/airflow/.local/lib/python3.8/site-packages/airflow/example_dags/example_branch_operator_decorator.py
[2025-04-28T11:05:01.263+0000] {logging_mixin.py:188} INFO - [2025-04-28T11:05:01.262+0000] {dag.py:3033} INFO - Sync 1 DAGs
[2025-04-28T11:05:01.299+0000] {logging_mixin.py:188} INFO - [2025-04-28T11:05:01.299+0000] {dag.py:3820} INFO - Setting next_dagrun for example_branch_python_operator_decorator to 2025-04-27T00:00:00+00:00, run_after=2025-04-28T00:00:00+00:00
[2025-04-28T11:05:01.330+0000] {processor.py:183} INFO - Processing /home/airflow/.local/lib/python3.8/site-packages/airflow/example_dags/example_branch_operator_decorator.py took 0.171 seconds
[2025-04-28T11:05:32.665+0000] {processor.py:161} INFO - Started process (PID=724) to work on /home/airflow/.local/lib/python3.8/site-packages/airflow/example_dags/example_branch_operator_decorator.py
[2025-04-28T11:05:32.666+0000] {processor.py:830} INFO - Processing file /home/airflow/.local/lib/python3.8/site-packages/airflow/example_dags/example_branch_operator_decorator.py for tasks to queue
[2025-04-28T11:05:32.671+0000] {logging_mixin.py:188} INFO - [2025-04-28T11:05:32.670+0000] {dagbag.py:538} INFO - Filling up the DagBag from /home/airflow/.local/lib/python3.8/site-packages/airflow/example_dags/example_branch_operator_decorator.py
[2025-04-28T11:05:32.730+0000] {processor.py:840} INFO - DAG(s) 'example_branch_python_operator_decorator' retrieved from /home/airflow/.local/lib/python3.8/site-packages/airflow/example_dags/example_branch_operator_decorator.py
[2025-04-28T11:05:32.794+0000] {logging_mixin.py:188} INFO - [2025-04-28T11:05:32.794+0000] {dag.py:3033} INFO - Sync 1 DAGs
[2025-04-28T11:05:32.844+0000] {logging_mixin.py:188} INFO - [2025-04-28T11:05:32.843+0000] {dag.py:3820} INFO - Setting next_dagrun for example_branch_python_operator_decorator to 2025-04-27T00:00:00+00:00, run_after=2025-04-28T00:00:00+00:00
[2025-04-28T11:05:32.877+0000] {processor.py:183} INFO - Processing /home/airflow/.local/lib/python3.8/site-packages/airflow/example_dags/example_branch_operator_decorator.py took 0.218 seconds
[2025-04-28T11:06:06.451+0000] {processor.py:161} INFO - Started process (PID=780) to work on /home/airflow/.local/lib/python3.8/site-packages/airflow/example_dags/example_branch_operator_decorator.py
[2025-04-28T11:06:06.453+0000] {processor.py:830} INFO - Processing file /home/airflow/.local/lib/python3.8/site-packages/airflow/example_dags/example_branch_operator_decorator.py for tasks to queue
[2025-04-28T11:06:06.459+0000] {logging_mixin.py:188} INFO - [2025-04-28T11:06:06.459+0000] {dagbag.py:538} INFO - Filling up the DagBag from /home/airflow/.local/lib/python3.8/site-packages/airflow/example_dags/example_branch_operator_decorator.py
[2025-04-28T11:06:06.504+0000] {processor.py:840} INFO - DAG(s) 'example_branch_python_operator_decorator' retrieved from /home/airflow/.local/lib/python3.8/site-packages/airflow/example_dags/example_branch_operator_decorator.py
[2025-04-28T11:06:06.548+0000] {logging_mixin.py:188} INFO - [2025-04-28T11:06:06.547+0000] {dag.py:3033} INFO - Sync 1 DAGs
[2025-04-28T11:06:06.590+0000] {logging_mixin.py:188} INFO - [2025-04-28T11:06:06.590+0000] {dag.py:3820} INFO - Setting next_dagrun for example_branch_python_operator_decorator to 2025-04-27T00:00:00+00:00, run_after=2025-04-28T00:00:00+00:00
[2025-04-28T11:06:06.634+0000] {processor.py:183} INFO - Processing /home/airflow/.local/lib/python3.8/site-packages/airflow/example_dags/example_branch_operator_decorator.py took 0.187 seconds
[2025-04-28T11:06:38.946+0000] {processor.py:161} INFO - Started process (PID=836) to work on /home/airflow/.local/lib/python3.8/site-packages/airflow/example_dags/example_branch_operator_decorator.py
[2025-04-28T11:06:38.948+0000] {processor.py:830} INFO - Processing file /home/airflow/.local/lib/python3.8/site-packages/airflow/example_dags/example_branch_operator_decorator.py for tasks to queue
[2025-04-28T11:06:38.957+0000] {logging_mixin.py:188} INFO - [2025-04-28T11:06:38.953+0000] {dagbag.py:538} INFO - Filling up the DagBag from /home/airflow/.local/lib/python3.8/site-packages/airflow/example_dags/example_branch_operator_decorator.py
[2025-04-28T11:06:39.044+0000] {processor.py:840} INFO - DAG(s) 'example_branch_python_operator_decorator' retrieved from /home/airflow/.local/lib/python3.8/site-packages/airflow/example_dags/example_branch_operator_decorator.py
[2025-04-28T11:06:39.125+0000] {logging_mixin.py:188} INFO - [2025-04-28T11:06:39.125+0000] {dag.py:3033} INFO - Sync 1 DAGs
[2025-04-28T11:06:39.195+0000] {logging_mixin.py:188} INFO - [2025-04-28T11:06:39.195+0000] {dag.py:3820} INFO - Setting next_dagrun for example_branch_python_operator_decorator to 2025-04-27T00:00:00+00:00, run_after=2025-04-28T00:00:00+00:00
[2025-04-28T11:06:39.275+0000] {processor.py:183} INFO - Processing /home/airflow/.local/lib/python3.8/site-packages/airflow/example_dags/example_branch_operator_decorator.py took 0.337 seconds
[2025-04-28T11:07:13.791+0000] {processor.py:161} INFO - Started process (PID=891) to work on /home/airflow/.local/lib/python3.8/site-packages/airflow/example_dags/example_branch_operator_decorator.py
[2025-04-28T11:07:13.792+0000] {processor.py:830} INFO - Processing file /home/airflow/.local/lib/python3.8/site-packages/airflow/example_dags/example_branch_operator_decorator.py for tasks to queue
[2025-04-28T11:07:13.797+0000] {logging_mixin.py:188} INFO - [2025-04-28T11:07:13.796+0000] {dagbag.py:538} INFO - Filling up the DagBag from /home/airflow/.local/lib/python3.8/site-packages/airflow/example_dags/example_branch_operator_decorator.py
[2025-04-28T11:07:13.853+0000] {processor.py:840} INFO - DAG(s) 'example_branch_python_operator_decorator' retrieved from /home/airflow/.local/lib/python3.8/site-packages/airflow/example_dags/example_branch_operator_decorator.py
[2025-04-28T11:07:13.945+0000] {logging_mixin.py:188} INFO - [2025-04-28T11:07:13.945+0000] {dag.py:3033} INFO - Sync 1 DAGs
[2025-04-28T11:07:14.073+0000] {logging_mixin.py:188} INFO - [2025-04-28T11:07:14.072+0000] {dag.py:3820} INFO - Setting next_dagrun for example_branch_python_operator_decorator to 2025-04-27T00:00:00+00:00, run_after=2025-04-28T00:00:00+00:00
[2025-04-28T11:07:14.172+0000] {processor.py:183} INFO - Processing /home/airflow/.local/lib/python3.8/site-packages/airflow/example_dags/example_branch_operator_decorator.py took 0.390 seconds
[2025-04-28T11:07:44.752+0000] {processor.py:161} INFO - Started process (PID=948) to work on /home/airflow/.local/lib/python3.8/site-packages/airflow/example_dags/example_branch_operator_decorator.py
[2025-04-28T11:07:44.753+0000] {processor.py:830} INFO - Processing file /home/airflow/.local/lib/python3.8/site-packages/airflow/example_dags/example_branch_operator_decorator.py for tasks to queue
[2025-04-28T11:07:44.756+0000] {logging_mixin.py:188} INFO - [2025-04-28T11:07:44.756+0000] {dagbag.py:538} INFO - Filling up the DagBag from /home/airflow/.local/lib/python3.8/site-packages/airflow/example_dags/example_branch_operator_decorator.py
[2025-04-28T11:07:44.785+0000] {processor.py:840} INFO - DAG(s) 'example_branch_python_operator_decorator' retrieved from /home/airflow/.local/lib/python3.8/site-packages/airflow/example_dags/example_branch_operator_decorator.py
[2025-04-28T11:07:44.828+0000] {logging_mixin.py:188} INFO - [2025-04-28T11:07:44.827+0000] {dag.py:3033} INFO - Sync 1 DAGs
[2025-04-28T11:07:44.866+0000] {logging_mixin.py:188} INFO - [2025-04-28T11:07:44.865+0000] {dag.py:3820} INFO - Setting next_dagrun for example_branch_python_operator_decorator to 2025-04-27T00:00:00+00:00, run_after=2025-04-28T00:00:00+00:00
[2025-04-28T11:07:44.895+0000] {processor.py:183} INFO - Processing /home/airflow/.local/lib/python3.8/site-packages/airflow/example_dags/example_branch_operator_decorator.py took 0.148 seconds
[2025-04-28T11:08:17.602+0000] {processor.py:161} INFO - Started process (PID=1006) to work on /home/airflow/.local/lib/python3.8/site-packages/airflow/example_dags/example_branch_operator_decorator.py
[2025-04-28T11:08:17.606+0000] {processor.py:830} INFO - Processing file /home/airflow/.local/lib/python3.8/site-packages/airflow/example_dags/example_branch_operator_decorator.py for tasks to queue
[2025-04-28T11:08:17.610+0000] {logging_mixin.py:188} INFO - [2025-04-28T11:08:17.609+0000] {dagbag.py:538} INFO - Filling up the DagBag from /home/airflow/.local/lib/python3.8/site-packages/airflow/example_dags/example_branch_operator_decorator.py
[2025-04-28T11:08:17.647+0000] {processor.py:840} INFO - DAG(s) 'example_branch_python_operator_decorator' retrieved from /home/airflow/.local/lib/python3.8/site-packages/airflow/example_dags/example_branch_operator_decorator.py
[2025-04-28T11:08:17.702+0000] {logging_mixin.py:188} INFO - [2025-04-28T11:08:17.702+0000] {dag.py:3033} INFO - Sync 1 DAGs
[2025-04-28T11:08:17.745+0000] {logging_mixin.py:188} INFO - [2025-04-28T11:08:17.745+0000] {dag.py:3820} INFO - Setting next_dagrun for example_branch_python_operator_decorator to 2025-04-27T00:00:00+00:00, run_after=2025-04-28T00:00:00+00:00
[2025-04-28T11:08:17.788+0000] {processor.py:183} INFO - Processing /home/airflow/.local/lib/python3.8/site-packages/airflow/example_dags/example_branch_operator_decorator.py took 0.189 seconds
[2025-04-28T11:08:50.572+0000] {processor.py:161} INFO - Started process (PID=1064) to work on /home/airflow/.local/lib/python3.8/site-packages/airflow/example_dags/example_branch_operator_decorator.py
[2025-04-28T11:08:50.573+0000] {processor.py:830} INFO - Processing file /home/airflow/.local/lib/python3.8/site-packages/airflow/example_dags/example_branch_operator_decorator.py for tasks to queue
[2025-04-28T11:08:50.577+0000] {logging_mixin.py:188} INFO - [2025-04-28T11:08:50.577+0000] {dagbag.py:538} INFO - Filling up the DagBag from /home/airflow/.local/lib/python3.8/site-packages/airflow/example_dags/example_branch_operator_decorator.py
[2025-04-28T11:08:50.616+0000] {processor.py:840} INFO - DAG(s) 'example_branch_python_operator_decorator' retrieved from /home/airflow/.local/lib/python3.8/site-packages/airflow/example_dags/example_branch_operator_decorator.py
[2025-04-28T11:08:50.743+0000] {logging_mixin.py:188} INFO - [2025-04-28T11:08:50.733+0000] {dag.py:3033} INFO - Sync 1 DAGs
[2025-04-28T11:08:50.831+0000] {logging_mixin.py:188} INFO - [2025-04-28T11:08:50.831+0000] {dag.py:3820} INFO - Setting next_dagrun for example_branch_python_operator_decorator to 2025-04-27T00:00:00+00:00, run_after=2025-04-28T00:00:00+00:00
[2025-04-28T11:08:51.030+0000] {processor.py:183} INFO - Processing /home/airflow/.local/lib/python3.8/site-packages/airflow/example_dags/example_branch_operator_decorator.py took 0.463 seconds
[2025-04-28T11:09:25.401+0000] {processor.py:161} INFO - Started process (PID=1121) to work on /home/airflow/.local/lib/python3.8/site-packages/airflow/example_dags/example_branch_operator_decorator.py
[2025-04-28T11:09:25.403+0000] {processor.py:830} INFO - Processing file /home/airflow/.local/lib/python3.8/site-packages/airflow/example_dags/example_branch_operator_decorator.py for tasks to queue
[2025-04-28T11:09:25.407+0000] {logging_mixin.py:188} INFO - [2025-04-28T11:09:25.407+0000] {dagbag.py:538} INFO - Filling up the DagBag from /home/airflow/.local/lib/python3.8/site-packages/airflow/example_dags/example_branch_operator_decorator.py
[2025-04-28T11:09:25.522+0000] {processor.py:840} INFO - DAG(s) 'example_branch_python_operator_decorator' retrieved from /home/airflow/.local/lib/python3.8/site-packages/airflow/example_dags/example_branch_operator_decorator.py
[2025-04-28T11:09:25.625+0000] {logging_mixin.py:188} INFO - [2025-04-28T11:09:25.625+0000] {dag.py:3033} INFO - Sync 1 DAGs
[2025-04-28T11:09:25.744+0000] {logging_mixin.py:188} INFO - [2025-04-28T11:09:25.744+0000] {dag.py:3820} INFO - Setting next_dagrun for example_branch_python_operator_decorator to 2025-04-27T00:00:00+00:00, run_after=2025-04-28T00:00:00+00:00
[2025-04-28T11:09:25.931+0000] {processor.py:183} INFO - Processing /home/airflow/.local/lib/python3.8/site-packages/airflow/example_dags/example_branch_operator_decorator.py took 0.544 seconds
[2025-04-28T11:10:03.006+0000] {processor.py:161} INFO - Started process (PID=1192) to work on /home/airflow/.local/lib/python3.8/site-packages/airflow/example_dags/example_branch_operator_decorator.py
[2025-04-28T11:10:03.022+0000] {processor.py:830} INFO - Processing file /home/airflow/.local/lib/python3.8/site-packages/airflow/example_dags/example_branch_operator_decorator.py for tasks to queue
[2025-04-28T11:10:03.026+0000] {logging_mixin.py:188} INFO - [2025-04-28T11:10:03.025+0000] {dagbag.py:538} INFO - Filling up the DagBag from /home/airflow/.local/lib/python3.8/site-packages/airflow/example_dags/example_branch_operator_decorator.py
[2025-04-28T11:10:03.137+0000] {processor.py:840} INFO - DAG(s) 'example_branch_python_operator_decorator' retrieved from /home/airflow/.local/lib/python3.8/site-packages/airflow/example_dags/example_branch_operator_decorator.py
[2025-04-28T11:10:03.464+0000] {logging_mixin.py:188} INFO - [2025-04-28T11:10:03.464+0000] {dag.py:3033} INFO - Sync 1 DAGs
[2025-04-28T11:10:03.604+0000] {logging_mixin.py:188} INFO - [2025-04-28T11:10:03.603+0000] {dag.py:3820} INFO - Setting next_dagrun for example_branch_python_operator_decorator to 2025-04-27T00:00:00+00:00, run_after=2025-04-28T00:00:00+00:00
[2025-04-28T11:10:03.755+0000] {processor.py:183} INFO - Processing /home/airflow/.local/lib/python3.8/site-packages/airflow/example_dags/example_branch_operator_decorator.py took 0.755 seconds
[2025-04-28T11:10:33.956+0000] {processor.py:161} INFO - Started process (PID=1248) to work on /home/airflow/.local/lib/python3.8/site-packages/airflow/example_dags/example_branch_operator_decorator.py
[2025-04-28T11:10:33.957+0000] {processor.py:830} INFO - Processing file /home/airflow/.local/lib/python3.8/site-packages/airflow/example_dags/example_branch_operator_decorator.py for tasks to queue
[2025-04-28T11:10:33.961+0000] {logging_mixin.py:188} INFO - [2025-04-28T11:10:33.960+0000] {dagbag.py:538} INFO - Filling up the DagBag from /home/airflow/.local/lib/python3.8/site-packages/airflow/example_dags/example_branch_operator_decorator.py
[2025-04-28T11:10:34.015+0000] {processor.py:840} INFO - DAG(s) 'example_branch_python_operator_decorator' retrieved from /home/airflow/.local/lib/python3.8/site-packages/airflow/example_dags/example_branch_operator_decorator.py
[2025-04-28T11:10:34.082+0000] {logging_mixin.py:188} INFO - [2025-04-28T11:10:34.082+0000] {dag.py:3033} INFO - Sync 1 DAGs
[2025-04-28T11:10:34.139+0000] {logging_mixin.py:188} INFO - [2025-04-28T11:10:34.139+0000] {dag.py:3820} INFO - Setting next_dagrun for example_branch_python_operator_decorator to 2025-04-27T00:00:00+00:00, run_after=2025-04-28T00:00:00+00:00
[2025-04-28T11:10:34.174+0000] {processor.py:183} INFO - Processing /home/airflow/.local/lib/python3.8/site-packages/airflow/example_dags/example_branch_operator_decorator.py took 0.227 seconds
[2025-04-28T11:11:04.346+0000] {processor.py:161} INFO - Started process (PID=1306) to work on /home/airflow/.local/lib/python3.8/site-packages/airflow/example_dags/example_branch_operator_decorator.py
[2025-04-28T11:11:04.348+0000] {processor.py:830} INFO - Processing file /home/airflow/.local/lib/python3.8/site-packages/airflow/example_dags/example_branch_operator_decorator.py for tasks to queue
[2025-04-28T11:11:04.351+0000] {logging_mixin.py:188} INFO - [2025-04-28T11:11:04.351+0000] {dagbag.py:538} INFO - Filling up the DagBag from /home/airflow/.local/lib/python3.8/site-packages/airflow/example_dags/example_branch_operator_decorator.py
[2025-04-28T11:11:04.378+0000] {processor.py:840} INFO - DAG(s) 'example_branch_python_operator_decorator' retrieved from /home/airflow/.local/lib/python3.8/site-packages/airflow/example_dags/example_branch_operator_decorator.py
[2025-04-28T11:11:04.421+0000] {logging_mixin.py:188} INFO - [2025-04-28T11:11:04.421+0000] {dag.py:3033} INFO - Sync 1 DAGs
[2025-04-28T11:11:04.455+0000] {logging_mixin.py:188} INFO - [2025-04-28T11:11:04.455+0000] {dag.py:3820} INFO - Setting next_dagrun for example_branch_python_operator_decorator to 2025-04-27T00:00:00+00:00, run_after=2025-04-28T00:00:00+00:00
[2025-04-28T11:11:04.490+0000] {processor.py:183} INFO - Processing /home/airflow/.local/lib/python3.8/site-packages/airflow/example_dags/example_branch_operator_decorator.py took 0.148 seconds
[2025-04-28T11:11:34.867+0000] {processor.py:161} INFO - Started process (PID=1363) to work on /home/airflow/.local/lib/python3.8/site-packages/airflow/example_dags/example_branch_operator_decorator.py
[2025-04-28T11:11:34.868+0000] {processor.py:830} INFO - Processing file /home/airflow/.local/lib/python3.8/site-packages/airflow/example_dags/example_branch_operator_decorator.py for tasks to queue
[2025-04-28T11:11:34.871+0000] {logging_mixin.py:188} INFO - [2025-04-28T11:11:34.871+0000] {dagbag.py:538} INFO - Filling up the DagBag from /home/airflow/.local/lib/python3.8/site-packages/airflow/example_dags/example_branch_operator_decorator.py
[2025-04-28T11:11:34.898+0000] {processor.py:840} INFO - DAG(s) 'example_branch_python_operator_decorator' retrieved from /home/airflow/.local/lib/python3.8/site-packages/airflow/example_dags/example_branch_operator_decorator.py
[2025-04-28T11:11:34.937+0000] {logging_mixin.py:188} INFO - [2025-04-28T11:11:34.937+0000] {dag.py:3033} INFO - Sync 1 DAGs
[2025-04-28T11:11:34.969+0000] {logging_mixin.py:188} INFO - [2025-04-28T11:11:34.969+0000] {dag.py:3820} INFO - Setting next_dagrun for example_branch_python_operator_decorator to 2025-04-27T00:00:00+00:00, run_after=2025-04-28T00:00:00+00:00
[2025-04-28T11:11:34.996+0000] {processor.py:183} INFO - Processing /home/airflow/.local/lib/python3.8/site-packages/airflow/example_dags/example_branch_operator_decorator.py took 0.133 seconds
[2025-04-28T11:12:06.824+0000] {processor.py:161} INFO - Started process (PID=1419) to work on /home/airflow/.local/lib/python3.8/site-packages/airflow/example_dags/example_branch_operator_decorator.py
[2025-04-28T11:12:06.825+0000] {processor.py:830} INFO - Processing file /home/airflow/.local/lib/python3.8/site-packages/airflow/example_dags/example_branch_operator_decorator.py for tasks to queue
[2025-04-28T11:12:06.828+0000] {logging_mixin.py:188} INFO - [2025-04-28T11:12:06.828+0000] {dagbag.py:538} INFO - Filling up the DagBag from /home/airflow/.local/lib/python3.8/site-packages/airflow/example_dags/example_branch_operator_decorator.py
[2025-04-28T11:12:06.863+0000] {processor.py:840} INFO - DAG(s) 'example_branch_python_operator_decorator' retrieved from /home/airflow/.local/lib/python3.8/site-packages/airflow/example_dags/example_branch_operator_decorator.py
[2025-04-28T11:12:06.913+0000] {logging_mixin.py:188} INFO - [2025-04-28T11:12:06.913+0000] {dag.py:3033} INFO - Sync 1 DAGs
[2025-04-28T11:12:06.951+0000] {logging_mixin.py:188} INFO - [2025-04-28T11:12:06.951+0000] {dag.py:3820} INFO - Setting next_dagrun for example_branch_python_operator_decorator to 2025-04-27T00:00:00+00:00, run_after=2025-04-28T00:00:00+00:00
[2025-04-28T11:12:06.983+0000] {processor.py:183} INFO - Processing /home/airflow/.local/lib/python3.8/site-packages/airflow/example_dags/example_branch_operator_decorator.py took 0.164 seconds
[2025-04-28T11:12:39.708+0000] {processor.py:161} INFO - Started process (PID=1481) to work on /home/airflow/.local/lib/python3.8/site-packages/airflow/example_dags/example_branch_operator_decorator.py
[2025-04-28T11:12:39.710+0000] {processor.py:830} INFO - Processing file /home/airflow/.local/lib/python3.8/site-packages/airflow/example_dags/example_branch_operator_decorator.py for tasks to queue
[2025-04-28T11:12:39.713+0000] {logging_mixin.py:188} INFO - [2025-04-28T11:12:39.713+0000] {dagbag.py:538} INFO - Filling up the DagBag from /home/airflow/.local/lib/python3.8/site-packages/airflow/example_dags/example_branch_operator_decorator.py
[2025-04-28T11:12:39.753+0000] {processor.py:840} INFO - DAG(s) 'example_branch_python_operator_decorator' retrieved from /home/airflow/.local/lib/python3.8/site-packages/airflow/example_dags/example_branch_operator_decorator.py
[2025-04-28T11:12:39.813+0000] {logging_mixin.py:188} INFO - [2025-04-28T11:12:39.813+0000] {dag.py:3033} INFO - Sync 1 DAGs
[2025-04-28T11:12:39.870+0000] {logging_mixin.py:188} INFO - [2025-04-28T11:12:39.869+0000] {dag.py:3820} INFO - Setting next_dagrun for example_branch_python_operator_decorator to 2025-04-27T00:00:00+00:00, run_after=2025-04-28T00:00:00+00:00
[2025-04-28T11:12:39.918+0000] {processor.py:183} INFO - Processing /home/airflow/.local/lib/python3.8/site-packages/airflow/example_dags/example_branch_operator_decorator.py took 0.215 seconds
[2025-04-28T11:13:13.361+0000] {processor.py:161} INFO - Started process (PID=1543) to work on /home/airflow/.local/lib/python3.8/site-packages/airflow/example_dags/example_branch_operator_decorator.py
[2025-04-28T11:13:13.362+0000] {processor.py:830} INFO - Processing file /home/airflow/.local/lib/python3.8/site-packages/airflow/example_dags/example_branch_operator_decorator.py for tasks to queue
[2025-04-28T11:13:13.366+0000] {logging_mixin.py:188} INFO - [2025-04-28T11:13:13.366+0000] {dagbag.py:538} INFO - Filling up the DagBag from /home/airflow/.local/lib/python3.8/site-packages/airflow/example_dags/example_branch_operator_decorator.py
[2025-04-28T11:13:13.406+0000] {processor.py:840} INFO - DAG(s) 'example_branch_python_operator_decorator' retrieved from /home/airflow/.local/lib/python3.8/site-packages/airflow/example_dags/example_branch_operator_decorator.py
[2025-04-28T11:13:13.454+0000] {logging_mixin.py:188} INFO - [2025-04-28T11:13:13.454+0000] {dag.py:3033} INFO - Sync 1 DAGs
[2025-04-28T11:13:13.493+0000] {logging_mixin.py:188} INFO - [2025-04-28T11:13:13.492+0000] {dag.py:3820} INFO - Setting next_dagrun for example_branch_python_operator_decorator to 2025-04-27T00:00:00+00:00, run_after=2025-04-28T00:00:00+00:00
[2025-04-28T11:13:13.523+0000] {processor.py:183} INFO - Processing /home/airflow/.local/lib/python3.8/site-packages/airflow/example_dags/example_branch_operator_decorator.py took 0.168 seconds
[2025-04-28T11:13:44.741+0000] {processor.py:161} INFO - Started process (PID=1601) to work on /home/airflow/.local/lib/python3.8/site-packages/airflow/example_dags/example_branch_operator_decorator.py
[2025-04-28T11:13:44.742+0000] {processor.py:830} INFO - Processing file /home/airflow/.local/lib/python3.8/site-packages/airflow/example_dags/example_branch_operator_decorator.py for tasks to queue
[2025-04-28T11:13:44.745+0000] {logging_mixin.py:188} INFO - [2025-04-28T11:13:44.745+0000] {dagbag.py:538} INFO - Filling up the DagBag from /home/airflow/.local/lib/python3.8/site-packages/airflow/example_dags/example_branch_operator_decorator.py
[2025-04-28T11:13:44.777+0000] {processor.py:840} INFO - DAG(s) 'example_branch_python_operator_decorator' retrieved from /home/airflow/.local/lib/python3.8/site-packages/airflow/example_dags/example_branch_operator_decorator.py
[2025-04-28T11:13:44.837+0000] {logging_mixin.py:188} INFO - [2025-04-28T11:13:44.837+0000] {dag.py:3033} INFO - Sync 1 DAGs
[2025-04-28T11:13:44.877+0000] {logging_mixin.py:188} INFO - [2025-04-28T11:13:44.876+0000] {dag.py:3820} INFO - Setting next_dagrun for example_branch_python_operator_decorator to 2025-04-27T00:00:00+00:00, run_after=2025-04-28T00:00:00+00:00
[2025-04-28T11:13:44.908+0000] {processor.py:183} INFO - Processing /home/airflow/.local/lib/python3.8/site-packages/airflow/example_dags/example_branch_operator_decorator.py took 0.173 seconds
[2025-04-28T11:14:18.391+0000] {processor.py:161} INFO - Started process (PID=1663) to work on /home/airflow/.local/lib/python3.8/site-packages/airflow/example_dags/example_branch_operator_decorator.py
[2025-04-28T11:14:18.392+0000] {processor.py:830} INFO - Processing file /home/airflow/.local/lib/python3.8/site-packages/airflow/example_dags/example_branch_operator_decorator.py for tasks to queue
[2025-04-28T11:14:18.395+0000] {logging_mixin.py:188} INFO - [2025-04-28T11:14:18.395+0000] {dagbag.py:538} INFO - Filling up the DagBag from /home/airflow/.local/lib/python3.8/site-packages/airflow/example_dags/example_branch_operator_decorator.py
[2025-04-28T11:14:18.427+0000] {processor.py:840} INFO - DAG(s) 'example_branch_python_operator_decorator' retrieved from /home/airflow/.local/lib/python3.8/site-packages/airflow/example_dags/example_branch_operator_decorator.py
[2025-04-28T11:14:18.475+0000] {logging_mixin.py:188} INFO - [2025-04-28T11:14:18.474+0000] {dag.py:3033} INFO - Sync 1 DAGs
[2025-04-28T11:14:18.566+0000] {logging_mixin.py:188} INFO - [2025-04-28T11:14:18.566+0000] {dag.py:3820} INFO - Setting next_dagrun for example_branch_python_operator_decorator to 2025-04-27T00:00:00+00:00, run_after=2025-04-28T00:00:00+00:00
[2025-04-28T11:14:18.642+0000] {processor.py:183} INFO - Processing /home/airflow/.local/lib/python3.8/site-packages/airflow/example_dags/example_branch_operator_decorator.py took 0.256 seconds
[2025-04-28T11:14:50.844+0000] {processor.py:161} INFO - Started process (PID=1720) to work on /home/airflow/.local/lib/python3.8/site-packages/airflow/example_dags/example_branch_operator_decorator.py
[2025-04-28T11:14:50.845+0000] {processor.py:830} INFO - Processing file /home/airflow/.local/lib/python3.8/site-packages/airflow/example_dags/example_branch_operator_decorator.py for tasks to queue
[2025-04-28T11:14:50.848+0000] {logging_mixin.py:188} INFO - [2025-04-28T11:14:50.848+0000] {dagbag.py:538} INFO - Filling up the DagBag from /home/airflow/.local/lib/python3.8/site-packages/airflow/example_dags/example_branch_operator_decorator.py
[2025-04-28T11:14:50.889+0000] {processor.py:840} INFO - DAG(s) 'example_branch_python_operator_decorator' retrieved from /home/airflow/.local/lib/python3.8/site-packages/airflow/example_dags/example_branch_operator_decorator.py
[2025-04-28T11:14:50.943+0000] {logging_mixin.py:188} INFO - [2025-04-28T11:14:50.943+0000] {dag.py:3033} INFO - Sync 1 DAGs
[2025-04-28T11:14:50.980+0000] {logging_mixin.py:188} INFO - [2025-04-28T11:14:50.980+0000] {dag.py:3820} INFO - Setting next_dagrun for example_branch_python_operator_decorator to 2025-04-27T00:00:00+00:00, run_after=2025-04-28T00:00:00+00:00
[2025-04-28T11:14:51.014+0000] {processor.py:183} INFO - Processing /home/airflow/.local/lib/python3.8/site-packages/airflow/example_dags/example_branch_operator_decorator.py took 0.175 seconds
[2025-04-28T11:15:23.792+0000] {processor.py:161} INFO - Started process (PID=1777) to work on /home/airflow/.local/lib/python3.8/site-packages/airflow/example_dags/example_branch_operator_decorator.py
[2025-04-28T11:15:23.795+0000] {processor.py:830} INFO - Processing file /home/airflow/.local/lib/python3.8/site-packages/airflow/example_dags/example_branch_operator_decorator.py for tasks to queue
[2025-04-28T11:15:23.798+0000] {logging_mixin.py:188} INFO - [2025-04-28T11:15:23.798+0000] {dagbag.py:538} INFO - Filling up the DagBag from /home/airflow/.local/lib/python3.8/site-packages/airflow/example_dags/example_branch_operator_decorator.py
[2025-04-28T11:15:23.835+0000] {processor.py:840} INFO - DAG(s) 'example_branch_python_operator_decorator' retrieved from /home/airflow/.local/lib/python3.8/site-packages/airflow/example_dags/example_branch_operator_decorator.py
[2025-04-28T11:15:23.891+0000] {logging_mixin.py:188} INFO - [2025-04-28T11:15:23.891+0000] {dag.py:3033} INFO - Sync 1 DAGs
[2025-04-28T11:15:23.936+0000] {logging_mixin.py:188} INFO - [2025-04-28T11:15:23.936+0000] {dag.py:3820} INFO - Setting next_dagrun for example_branch_python_operator_decorator to 2025-04-27T00:00:00+00:00, run_after=2025-04-28T00:00:00+00:00
[2025-04-28T11:15:23.969+0000] {processor.py:183} INFO - Processing /home/airflow/.local/lib/python3.8/site-packages/airflow/example_dags/example_branch_operator_decorator.py took 0.183 seconds
[2025-04-28T11:15:59.710+0000] {processor.py:161} INFO - Started process (PID=1834) to work on /home/airflow/.local/lib/python3.8/site-packages/airflow/example_dags/example_branch_operator_decorator.py
[2025-04-28T11:15:59.713+0000] {processor.py:830} INFO - Processing file /home/airflow/.local/lib/python3.8/site-packages/airflow/example_dags/example_branch_operator_decorator.py for tasks to queue
[2025-04-28T11:15:59.723+0000] {logging_mixin.py:188} INFO - [2025-04-28T11:15:59.723+0000] {dagbag.py:538} INFO - Filling up the DagBag from /home/airflow/.local/lib/python3.8/site-packages/airflow/example_dags/example_branch_operator_decorator.py
[2025-04-28T11:15:59.774+0000] {processor.py:840} INFO - DAG(s) 'example_branch_python_operator_decorator' retrieved from /home/airflow/.local/lib/python3.8/site-packages/airflow/example_dags/example_branch_operator_decorator.py
[2025-04-28T11:15:59.834+0000] {logging_mixin.py:188} INFO - [2025-04-28T11:15:59.834+0000] {dag.py:3033} INFO - Sync 1 DAGs
[2025-04-28T11:15:59.888+0000] {logging_mixin.py:188} INFO - [2025-04-28T11:15:59.888+0000] {dag.py:3820} INFO - Setting next_dagrun for example_branch_python_operator_decorator to 2025-04-27T00:00:00+00:00, run_after=2025-04-28T00:00:00+00:00
[2025-04-28T11:15:59.920+0000] {processor.py:183} INFO - Processing /home/airflow/.local/lib/python3.8/site-packages/airflow/example_dags/example_branch_operator_decorator.py took 0.215 seconds
[2025-04-28T11:16:30.089+0000] {processor.py:161} INFO - Started process (PID=1891) to work on /home/airflow/.local/lib/python3.8/site-packages/airflow/example_dags/example_branch_operator_decorator.py
[2025-04-28T11:16:30.091+0000] {processor.py:830} INFO - Processing file /home/airflow/.local/lib/python3.8/site-packages/airflow/example_dags/example_branch_operator_decorator.py for tasks to queue
[2025-04-28T11:16:30.094+0000] {logging_mixin.py:188} INFO - [2025-04-28T11:16:30.093+0000] {dagbag.py:538} INFO - Filling up the DagBag from /home/airflow/.local/lib/python3.8/site-packages/airflow/example_dags/example_branch_operator_decorator.py
[2025-04-28T11:16:30.155+0000] {processor.py:840} INFO - DAG(s) 'example_branch_python_operator_decorator' retrieved from /home/airflow/.local/lib/python3.8/site-packages/airflow/example_dags/example_branch_operator_decorator.py
[2025-04-28T11:16:30.218+0000] {logging_mixin.py:188} INFO - [2025-04-28T11:16:30.217+0000] {dag.py:3033} INFO - Sync 1 DAGs
[2025-04-28T11:16:30.258+0000] {logging_mixin.py:188} INFO - [2025-04-28T11:16:30.257+0000] {dag.py:3820} INFO - Setting next_dagrun for example_branch_python_operator_decorator to 2025-04-27T00:00:00+00:00, run_after=2025-04-28T00:00:00+00:00
[2025-04-28T11:16:30.298+0000] {processor.py:183} INFO - Processing /home/airflow/.local/lib/python3.8/site-packages/airflow/example_dags/example_branch_operator_decorator.py took 0.215 seconds
[2025-04-28T11:17:02.203+0000] {processor.py:161} INFO - Started process (PID=1948) to work on /home/airflow/.local/lib/python3.8/site-packages/airflow/example_dags/example_branch_operator_decorator.py
[2025-04-28T11:17:02.204+0000] {processor.py:830} INFO - Processing file /home/airflow/.local/lib/python3.8/site-packages/airflow/example_dags/example_branch_operator_decorator.py for tasks to queue
[2025-04-28T11:17:02.208+0000] {logging_mixin.py:188} INFO - [2025-04-28T11:17:02.207+0000] {dagbag.py:538} INFO - Filling up the DagBag from /home/airflow/.local/lib/python3.8/site-packages/airflow/example_dags/example_branch_operator_decorator.py
[2025-04-28T11:17:02.239+0000] {processor.py:840} INFO - DAG(s) 'example_branch_python_operator_decorator' retrieved from /home/airflow/.local/lib/python3.8/site-packages/airflow/example_dags/example_branch_operator_decorator.py
[2025-04-28T11:17:02.291+0000] {logging_mixin.py:188} INFO - [2025-04-28T11:17:02.291+0000] {dag.py:3033} INFO - Sync 1 DAGs
[2025-04-28T11:17:02.341+0000] {logging_mixin.py:188} INFO - [2025-04-28T11:17:02.341+0000] {dag.py:3820} INFO - Setting next_dagrun for example_branch_python_operator_decorator to 2025-04-27T00:00:00+00:00, run_after=2025-04-28T00:00:00+00:00
[2025-04-28T11:17:02.395+0000] {processor.py:183} INFO - Processing /home/airflow/.local/lib/python3.8/site-packages/airflow/example_dags/example_branch_operator_decorator.py took 0.198 seconds
[2025-04-28T11:17:34.794+0000] {processor.py:161} INFO - Started process (PID=2005) to work on /home/airflow/.local/lib/python3.8/site-packages/airflow/example_dags/example_branch_operator_decorator.py
[2025-04-28T11:17:34.796+0000] {processor.py:830} INFO - Processing file /home/airflow/.local/lib/python3.8/site-packages/airflow/example_dags/example_branch_operator_decorator.py for tasks to queue
[2025-04-28T11:17:34.800+0000] {logging_mixin.py:188} INFO - [2025-04-28T11:17:34.799+0000] {dagbag.py:538} INFO - Filling up the DagBag from /home/airflow/.local/lib/python3.8/site-packages/airflow/example_dags/example_branch_operator_decorator.py
[2025-04-28T11:17:34.831+0000] {processor.py:840} INFO - DAG(s) 'example_branch_python_operator_decorator' retrieved from /home/airflow/.local/lib/python3.8/site-packages/airflow/example_dags/example_branch_operator_decorator.py
[2025-04-28T11:17:34.878+0000] {logging_mixin.py:188} INFO - [2025-04-28T11:17:34.877+0000] {dag.py:3033} INFO - Sync 1 DAGs
[2025-04-28T11:17:34.922+0000] {logging_mixin.py:188} INFO - [2025-04-28T11:17:34.921+0000] {dag.py:3820} INFO - Setting next_dagrun for example_branch_python_operator_decorator to 2025-04-27T00:00:00+00:00, run_after=2025-04-28T00:00:00+00:00
[2025-04-28T11:17:34.956+0000] {processor.py:183} INFO - Processing /home/airflow/.local/lib/python3.8/site-packages/airflow/example_dags/example_branch_operator_decorator.py took 0.166 seconds
[2025-04-28T11:18:07.778+0000] {processor.py:161} INFO - Started process (PID=2062) to work on /home/airflow/.local/lib/python3.8/site-packages/airflow/example_dags/example_branch_operator_decorator.py
[2025-04-28T11:18:07.780+0000] {processor.py:830} INFO - Processing file /home/airflow/.local/lib/python3.8/site-packages/airflow/example_dags/example_branch_operator_decorator.py for tasks to queue
[2025-04-28T11:18:07.789+0000] {logging_mixin.py:188} INFO - [2025-04-28T11:18:07.789+0000] {dagbag.py:538} INFO - Filling up the DagBag from /home/airflow/.local/lib/python3.8/site-packages/airflow/example_dags/example_branch_operator_decorator.py
[2025-04-28T11:18:07.882+0000] {processor.py:840} INFO - DAG(s) 'example_branch_python_operator_decorator' retrieved from /home/airflow/.local/lib/python3.8/site-packages/airflow/example_dags/example_branch_operator_decorator.py
[2025-04-28T11:18:07.983+0000] {logging_mixin.py:188} INFO - [2025-04-28T11:18:07.983+0000] {dag.py:3033} INFO - Sync 1 DAGs
[2025-04-28T11:18:08.023+0000] {logging_mixin.py:188} INFO - [2025-04-28T11:18:08.023+0000] {dag.py:3820} INFO - Setting next_dagrun for example_branch_python_operator_decorator to 2025-04-27T00:00:00+00:00, run_after=2025-04-28T00:00:00+00:00
[2025-04-28T11:18:08.055+0000] {processor.py:183} INFO - Processing /home/airflow/.local/lib/python3.8/site-packages/airflow/example_dags/example_branch_operator_decorator.py took 0.283 seconds
[2025-04-28T11:18:42.706+0000] {processor.py:161} INFO - Started process (PID=2121) to work on /home/airflow/.local/lib/python3.8/site-packages/airflow/example_dags/example_branch_operator_decorator.py
[2025-04-28T11:18:42.708+0000] {processor.py:830} INFO - Processing file /home/airflow/.local/lib/python3.8/site-packages/airflow/example_dags/example_branch_operator_decorator.py for tasks to queue
[2025-04-28T11:18:42.721+0000] {logging_mixin.py:188} INFO - [2025-04-28T11:18:42.721+0000] {dagbag.py:538} INFO - Filling up the DagBag from /home/airflow/.local/lib/python3.8/site-packages/airflow/example_dags/example_branch_operator_decorator.py
[2025-04-28T11:18:42.768+0000] {processor.py:840} INFO - DAG(s) 'example_branch_python_operator_decorator' retrieved from /home/airflow/.local/lib/python3.8/site-packages/airflow/example_dags/example_branch_operator_decorator.py
[2025-04-28T11:18:42.842+0000] {logging_mixin.py:188} INFO - [2025-04-28T11:18:42.841+0000] {dag.py:3033} INFO - Sync 1 DAGs
[2025-04-28T11:18:42.893+0000] {logging_mixin.py:188} INFO - [2025-04-28T11:18:42.892+0000] {dag.py:3820} INFO - Setting next_dagrun for example_branch_python_operator_decorator to 2025-04-27T00:00:00+00:00, run_after=2025-04-28T00:00:00+00:00
[2025-04-28T11:18:42.926+0000] {processor.py:183} INFO - Processing /home/airflow/.local/lib/python3.8/site-packages/airflow/example_dags/example_branch_operator_decorator.py took 0.225 seconds
[2025-04-28T11:19:13.767+0000] {processor.py:161} INFO - Started process (PID=2178) to work on /home/airflow/.local/lib/python3.8/site-packages/airflow/example_dags/example_branch_operator_decorator.py
[2025-04-28T11:19:13.769+0000] {processor.py:830} INFO - Processing file /home/airflow/.local/lib/python3.8/site-packages/airflow/example_dags/example_branch_operator_decorator.py for tasks to queue
[2025-04-28T11:19:13.772+0000] {logging_mixin.py:188} INFO - [2025-04-28T11:19:13.772+0000] {dagbag.py:538} INFO - Filling up the DagBag from /home/airflow/.local/lib/python3.8/site-packages/airflow/example_dags/example_branch_operator_decorator.py
[2025-04-28T11:19:13.801+0000] {processor.py:840} INFO - DAG(s) 'example_branch_python_operator_decorator' retrieved from /home/airflow/.local/lib/python3.8/site-packages/airflow/example_dags/example_branch_operator_decorator.py
[2025-04-28T11:19:13.845+0000] {logging_mixin.py:188} INFO - [2025-04-28T11:19:13.845+0000] {dag.py:3033} INFO - Sync 1 DAGs
[2025-04-28T11:19:14.111+0000] {logging_mixin.py:188} INFO - [2025-04-28T11:19:14.110+0000] {dag.py:3820} INFO - Setting next_dagrun for example_branch_python_operator_decorator to 2025-04-27T00:00:00+00:00, run_after=2025-04-28T00:00:00+00:00
[2025-04-28T11:19:14.159+0000] {processor.py:183} INFO - Processing /home/airflow/.local/lib/python3.8/site-packages/airflow/example_dags/example_branch_operator_decorator.py took 0.396 seconds
[2025-04-28T11:19:48.962+0000] {processor.py:161} INFO - Started process (PID=2235) to work on /home/airflow/.local/lib/python3.8/site-packages/airflow/example_dags/example_branch_operator_decorator.py
[2025-04-28T11:19:48.964+0000] {processor.py:830} INFO - Processing file /home/airflow/.local/lib/python3.8/site-packages/airflow/example_dags/example_branch_operator_decorator.py for tasks to queue
[2025-04-28T11:19:48.969+0000] {logging_mixin.py:188} INFO - [2025-04-28T11:19:48.969+0000] {dagbag.py:538} INFO - Filling up the DagBag from /home/airflow/.local/lib/python3.8/site-packages/airflow/example_dags/example_branch_operator_decorator.py
[2025-04-28T11:19:49.019+0000] {processor.py:840} INFO - DAG(s) 'example_branch_python_operator_decorator' retrieved from /home/airflow/.local/lib/python3.8/site-packages/airflow/example_dags/example_branch_operator_decorator.py
[2025-04-28T11:19:49.158+0000] {logging_mixin.py:188} INFO - [2025-04-28T11:19:49.158+0000] {dag.py:3033} INFO - Sync 1 DAGs
[2025-04-28T11:19:49.263+0000] {logging_mixin.py:188} INFO - [2025-04-28T11:19:49.263+0000] {dag.py:3820} INFO - Setting next_dagrun for example_branch_python_operator_decorator to 2025-04-27T00:00:00+00:00, run_after=2025-04-28T00:00:00+00:00
[2025-04-28T11:19:49.326+0000] {processor.py:183} INFO - Processing /home/airflow/.local/lib/python3.8/site-packages/airflow/example_dags/example_branch_operator_decorator.py took 0.369 seconds
[2025-04-28T11:20:22.988+0000] {processor.py:161} INFO - Started process (PID=2292) to work on /home/airflow/.local/lib/python3.8/site-packages/airflow/example_dags/example_branch_operator_decorator.py
[2025-04-28T11:20:22.990+0000] {processor.py:830} INFO - Processing file /home/airflow/.local/lib/python3.8/site-packages/airflow/example_dags/example_branch_operator_decorator.py for tasks to queue
[2025-04-28T11:20:22.996+0000] {logging_mixin.py:188} INFO - [2025-04-28T11:20:22.995+0000] {dagbag.py:538} INFO - Filling up the DagBag from /home/airflow/.local/lib/python3.8/site-packages/airflow/example_dags/example_branch_operator_decorator.py
[2025-04-28T11:20:23.068+0000] {processor.py:840} INFO - DAG(s) 'example_branch_python_operator_decorator' retrieved from /home/airflow/.local/lib/python3.8/site-packages/airflow/example_dags/example_branch_operator_decorator.py
[2025-04-28T11:20:23.168+0000] {logging_mixin.py:188} INFO - [2025-04-28T11:20:23.168+0000] {dag.py:3033} INFO - Sync 1 DAGs
[2025-04-28T11:20:23.262+0000] {logging_mixin.py:188} INFO - [2025-04-28T11:20:23.262+0000] {dag.py:3820} INFO - Setting next_dagrun for example_branch_python_operator_decorator to 2025-04-27T00:00:00+00:00, run_after=2025-04-28T00:00:00+00:00
[2025-04-28T11:20:23.328+0000] {processor.py:183} INFO - Processing /home/airflow/.local/lib/python3.8/site-packages/airflow/example_dags/example_branch_operator_decorator.py took 0.351 seconds
[2025-04-28T11:20:53.873+0000] {processor.py:161} INFO - Started process (PID=2348) to work on /home/airflow/.local/lib/python3.8/site-packages/airflow/example_dags/example_branch_operator_decorator.py
[2025-04-28T11:20:53.874+0000] {processor.py:830} INFO - Processing file /home/airflow/.local/lib/python3.8/site-packages/airflow/example_dags/example_branch_operator_decorator.py for tasks to queue
[2025-04-28T11:20:53.886+0000] {logging_mixin.py:188} INFO - [2025-04-28T11:20:53.885+0000] {dagbag.py:538} INFO - Filling up the DagBag from /home/airflow/.local/lib/python3.8/site-packages/airflow/example_dags/example_branch_operator_decorator.py
[2025-04-28T11:20:53.962+0000] {processor.py:840} INFO - DAG(s) 'example_branch_python_operator_decorator' retrieved from /home/airflow/.local/lib/python3.8/site-packages/airflow/example_dags/example_branch_operator_decorator.py
[2025-04-28T11:20:54.013+0000] {logging_mixin.py:188} INFO - [2025-04-28T11:20:54.012+0000] {dag.py:3033} INFO - Sync 1 DAGs
[2025-04-28T11:20:54.257+0000] {logging_mixin.py:188} INFO - [2025-04-28T11:20:54.256+0000] {dag.py:3820} INFO - Setting next_dagrun for example_branch_python_operator_decorator to 2025-04-27T00:00:00+00:00, run_after=2025-04-28T00:00:00+00:00
[2025-04-28T11:20:54.311+0000] {processor.py:183} INFO - Processing /home/airflow/.local/lib/python3.8/site-packages/airflow/example_dags/example_branch_operator_decorator.py took 0.453 seconds
[2025-04-28T11:21:25.053+0000] {processor.py:161} INFO - Started process (PID=2406) to work on /home/airflow/.local/lib/python3.8/site-packages/airflow/example_dags/example_branch_operator_decorator.py
[2025-04-28T11:21:25.055+0000] {processor.py:830} INFO - Processing file /home/airflow/.local/lib/python3.8/site-packages/airflow/example_dags/example_branch_operator_decorator.py for tasks to queue
[2025-04-28T11:21:25.058+0000] {logging_mixin.py:188} INFO - [2025-04-28T11:21:25.057+0000] {dagbag.py:538} INFO - Filling up the DagBag from /home/airflow/.local/lib/python3.8/site-packages/airflow/example_dags/example_branch_operator_decorator.py
[2025-04-28T11:21:25.092+0000] {processor.py:840} INFO - DAG(s) 'example_branch_python_operator_decorator' retrieved from /home/airflow/.local/lib/python3.8/site-packages/airflow/example_dags/example_branch_operator_decorator.py
[2025-04-28T11:21:25.138+0000] {logging_mixin.py:188} INFO - [2025-04-28T11:21:25.136+0000] {dag.py:3033} INFO - Sync 1 DAGs
[2025-04-28T11:21:25.194+0000] {logging_mixin.py:188} INFO - [2025-04-28T11:21:25.194+0000] {dag.py:3820} INFO - Setting next_dagrun for example_branch_python_operator_decorator to 2025-04-27T00:00:00+00:00, run_after=2025-04-28T00:00:00+00:00
[2025-04-28T11:21:25.229+0000] {processor.py:183} INFO - Processing /home/airflow/.local/lib/python3.8/site-packages/airflow/example_dags/example_branch_operator_decorator.py took 0.184 seconds
[2025-04-28T11:22:01.083+0000] {processor.py:161} INFO - Started process (PID=2463) to work on /home/airflow/.local/lib/python3.8/site-packages/airflow/example_dags/example_branch_operator_decorator.py
[2025-04-28T11:22:01.085+0000] {processor.py:830} INFO - Processing file /home/airflow/.local/lib/python3.8/site-packages/airflow/example_dags/example_branch_operator_decorator.py for tasks to queue
[2025-04-28T11:22:01.088+0000] {logging_mixin.py:188} INFO - [2025-04-28T11:22:01.088+0000] {dagbag.py:538} INFO - Filling up the DagBag from /home/airflow/.local/lib/python3.8/site-packages/airflow/example_dags/example_branch_operator_decorator.py
[2025-04-28T11:22:01.126+0000] {processor.py:840} INFO - DAG(s) 'example_branch_python_operator_decorator' retrieved from /home/airflow/.local/lib/python3.8/site-packages/airflow/example_dags/example_branch_operator_decorator.py
[2025-04-28T11:22:01.170+0000] {logging_mixin.py:188} INFO - [2025-04-28T11:22:01.170+0000] {dag.py:3033} INFO - Sync 1 DAGs
[2025-04-28T11:22:01.210+0000] {logging_mixin.py:188} INFO - [2025-04-28T11:22:01.210+0000] {dag.py:3820} INFO - Setting next_dagrun for example_branch_python_operator_decorator to 2025-04-27T00:00:00+00:00, run_after=2025-04-28T00:00:00+00:00
[2025-04-28T11:22:01.247+0000] {processor.py:183} INFO - Processing /home/airflow/.local/lib/python3.8/site-packages/airflow/example_dags/example_branch_operator_decorator.py took 0.169 seconds
[2025-04-28T11:22:33.355+0000] {processor.py:161} INFO - Started process (PID=2520) to work on /home/airflow/.local/lib/python3.8/site-packages/airflow/example_dags/example_branch_operator_decorator.py
[2025-04-28T11:22:33.357+0000] {processor.py:830} INFO - Processing file /home/airflow/.local/lib/python3.8/site-packages/airflow/example_dags/example_branch_operator_decorator.py for tasks to queue
[2025-04-28T11:22:33.361+0000] {logging_mixin.py:188} INFO - [2025-04-28T11:22:33.361+0000] {dagbag.py:538} INFO - Filling up the DagBag from /home/airflow/.local/lib/python3.8/site-packages/airflow/example_dags/example_branch_operator_decorator.py
[2025-04-28T11:22:33.407+0000] {processor.py:840} INFO - DAG(s) 'example_branch_python_operator_decorator' retrieved from /home/airflow/.local/lib/python3.8/site-packages/airflow/example_dags/example_branch_operator_decorator.py
[2025-04-28T11:22:33.459+0000] {logging_mixin.py:188} INFO - [2025-04-28T11:22:33.458+0000] {dag.py:3033} INFO - Sync 1 DAGs
[2025-04-28T11:22:33.691+0000] {logging_mixin.py:188} INFO - [2025-04-28T11:22:33.691+0000] {dag.py:3820} INFO - Setting next_dagrun for example_branch_python_operator_decorator to 2025-04-27T00:00:00+00:00, run_after=2025-04-28T00:00:00+00:00
[2025-04-28T11:22:33.737+0000] {processor.py:183} INFO - Processing /home/airflow/.local/lib/python3.8/site-packages/airflow/example_dags/example_branch_operator_decorator.py took 0.387 seconds
[2025-04-28T11:23:04.338+0000] {processor.py:161} INFO - Started process (PID=2577) to work on /home/airflow/.local/lib/python3.8/site-packages/airflow/example_dags/example_branch_operator_decorator.py
[2025-04-28T11:23:04.339+0000] {processor.py:830} INFO - Processing file /home/airflow/.local/lib/python3.8/site-packages/airflow/example_dags/example_branch_operator_decorator.py for tasks to queue
[2025-04-28T11:23:04.342+0000] {logging_mixin.py:188} INFO - [2025-04-28T11:23:04.342+0000] {dagbag.py:538} INFO - Filling up the DagBag from /home/airflow/.local/lib/python3.8/site-packages/airflow/example_dags/example_branch_operator_decorator.py
[2025-04-28T11:23:04.371+0000] {processor.py:840} INFO - DAG(s) 'example_branch_python_operator_decorator' retrieved from /home/airflow/.local/lib/python3.8/site-packages/airflow/example_dags/example_branch_operator_decorator.py
[2025-04-28T11:23:04.414+0000] {logging_mixin.py:188} INFO - [2025-04-28T11:23:04.414+0000] {dag.py:3033} INFO - Sync 1 DAGs
[2025-04-28T11:23:04.448+0000] {logging_mixin.py:188} INFO - [2025-04-28T11:23:04.448+0000] {dag.py:3820} INFO - Setting next_dagrun for example_branch_python_operator_decorator to 2025-04-27T00:00:00+00:00, run_after=2025-04-28T00:00:00+00:00
[2025-04-28T11:23:04.479+0000] {processor.py:183} INFO - Processing /home/airflow/.local/lib/python3.8/site-packages/airflow/example_dags/example_branch_operator_decorator.py took 0.146 seconds
[2025-04-28T11:23:43.446+0000] {processor.py:161} INFO - Started process (PID=2634) to work on /home/airflow/.local/lib/python3.8/site-packages/airflow/example_dags/example_branch_operator_decorator.py
[2025-04-28T11:23:43.448+0000] {processor.py:830} INFO - Processing file /home/airflow/.local/lib/python3.8/site-packages/airflow/example_dags/example_branch_operator_decorator.py for tasks to queue
[2025-04-28T11:23:43.457+0000] {logging_mixin.py:188} INFO - [2025-04-28T11:23:43.457+0000] {dagbag.py:538} INFO - Filling up the DagBag from /home/airflow/.local/lib/python3.8/site-packages/airflow/example_dags/example_branch_operator_decorator.py
[2025-04-28T11:23:43.507+0000] {processor.py:840} INFO - DAG(s) 'example_branch_python_operator_decorator' retrieved from /home/airflow/.local/lib/python3.8/site-packages/airflow/example_dags/example_branch_operator_decorator.py
[2025-04-28T11:23:43.590+0000] {logging_mixin.py:188} INFO - [2025-04-28T11:23:43.590+0000] {dag.py:3033} INFO - Sync 1 DAGs
[2025-04-28T11:23:43.635+0000] {logging_mixin.py:188} INFO - [2025-04-28T11:23:43.635+0000] {dag.py:3820} INFO - Setting next_dagrun for example_branch_python_operator_decorator to 2025-04-27T00:00:00+00:00, run_after=2025-04-28T00:00:00+00:00
[2025-04-28T11:23:43.672+0000] {processor.py:183} INFO - Processing /home/airflow/.local/lib/python3.8/site-packages/airflow/example_dags/example_branch_operator_decorator.py took 0.231 seconds
[2025-04-28T11:24:14.726+0000] {processor.py:161} INFO - Started process (PID=2693) to work on /home/airflow/.local/lib/python3.8/site-packages/airflow/example_dags/example_branch_operator_decorator.py
[2025-04-28T11:24:14.728+0000] {processor.py:830} INFO - Processing file /home/airflow/.local/lib/python3.8/site-packages/airflow/example_dags/example_branch_operator_decorator.py for tasks to queue
[2025-04-28T11:24:14.734+0000] {logging_mixin.py:188} INFO - [2025-04-28T11:24:14.732+0000] {dagbag.py:538} INFO - Filling up the DagBag from /home/airflow/.local/lib/python3.8/site-packages/airflow/example_dags/example_branch_operator_decorator.py
[2025-04-28T11:24:14.776+0000] {processor.py:840} INFO - DAG(s) 'example_branch_python_operator_decorator' retrieved from /home/airflow/.local/lib/python3.8/site-packages/airflow/example_dags/example_branch_operator_decorator.py
[2025-04-28T11:24:15.004+0000] {logging_mixin.py:188} INFO - [2025-04-28T11:24:15.003+0000] {dag.py:3033} INFO - Sync 1 DAGs
[2025-04-28T11:24:15.039+0000] {logging_mixin.py:188} INFO - [2025-04-28T11:24:15.039+0000] {dag.py:3820} INFO - Setting next_dagrun for example_branch_python_operator_decorator to 2025-04-27T00:00:00+00:00, run_after=2025-04-28T00:00:00+00:00
[2025-04-28T11:24:15.094+0000] {processor.py:183} INFO - Processing /home/airflow/.local/lib/python3.8/site-packages/airflow/example_dags/example_branch_operator_decorator.py took 0.374 seconds
[2025-04-28T11:24:45.319+0000] {processor.py:161} INFO - Started process (PID=2749) to work on /home/airflow/.local/lib/python3.8/site-packages/airflow/example_dags/example_branch_operator_decorator.py
[2025-04-28T11:24:45.321+0000] {processor.py:830} INFO - Processing file /home/airflow/.local/lib/python3.8/site-packages/airflow/example_dags/example_branch_operator_decorator.py for tasks to queue
[2025-04-28T11:24:45.325+0000] {logging_mixin.py:188} INFO - [2025-04-28T11:24:45.324+0000] {dagbag.py:538} INFO - Filling up the DagBag from /home/airflow/.local/lib/python3.8/site-packages/airflow/example_dags/example_branch_operator_decorator.py
[2025-04-28T11:24:45.366+0000] {processor.py:840} INFO - DAG(s) 'example_branch_python_operator_decorator' retrieved from /home/airflow/.local/lib/python3.8/site-packages/airflow/example_dags/example_branch_operator_decorator.py
[2025-04-28T11:24:45.415+0000] {logging_mixin.py:188} INFO - [2025-04-28T11:24:45.415+0000] {dag.py:3033} INFO - Sync 1 DAGs
[2025-04-28T11:24:45.453+0000] {logging_mixin.py:188} INFO - [2025-04-28T11:24:45.453+0000] {dag.py:3820} INFO - Setting next_dagrun for example_branch_python_operator_decorator to 2025-04-27T00:00:00+00:00, run_after=2025-04-28T00:00:00+00:00
[2025-04-28T11:24:45.484+0000] {processor.py:183} INFO - Processing /home/airflow/.local/lib/python3.8/site-packages/airflow/example_dags/example_branch_operator_decorator.py took 0.172 seconds
[2025-04-28T11:25:15.848+0000] {processor.py:161} INFO - Started process (PID=2804) to work on /home/airflow/.local/lib/python3.8/site-packages/airflow/example_dags/example_branch_operator_decorator.py
[2025-04-28T11:25:15.849+0000] {processor.py:830} INFO - Processing file /home/airflow/.local/lib/python3.8/site-packages/airflow/example_dags/example_branch_operator_decorator.py for tasks to queue
[2025-04-28T11:25:15.856+0000] {logging_mixin.py:188} INFO - [2025-04-28T11:25:15.856+0000] {dagbag.py:538} INFO - Filling up the DagBag from /home/airflow/.local/lib/python3.8/site-packages/airflow/example_dags/example_branch_operator_decorator.py
[2025-04-28T11:25:15.910+0000] {processor.py:840} INFO - DAG(s) 'example_branch_python_operator_decorator' retrieved from /home/airflow/.local/lib/python3.8/site-packages/airflow/example_dags/example_branch_operator_decorator.py
[2025-04-28T11:25:16.025+0000] {logging_mixin.py:188} INFO - [2025-04-28T11:25:16.025+0000] {dag.py:3033} INFO - Sync 1 DAGs
[2025-04-28T11:25:16.102+0000] {logging_mixin.py:188} INFO - [2025-04-28T11:25:16.102+0000] {dag.py:3820} INFO - Setting next_dagrun for example_branch_python_operator_decorator to 2025-04-27T00:00:00+00:00, run_after=2025-04-28T00:00:00+00:00
[2025-04-28T11:25:16.154+0000] {processor.py:183} INFO - Processing /home/airflow/.local/lib/python3.8/site-packages/airflow/example_dags/example_branch_operator_decorator.py took 0.312 seconds
[2025-04-28T11:25:47.145+0000] {processor.py:161} INFO - Started process (PID=2860) to work on /home/airflow/.local/lib/python3.8/site-packages/airflow/example_dags/example_branch_operator_decorator.py
[2025-04-28T11:25:47.147+0000] {processor.py:830} INFO - Processing file /home/airflow/.local/lib/python3.8/site-packages/airflow/example_dags/example_branch_operator_decorator.py for tasks to queue
[2025-04-28T11:25:47.151+0000] {logging_mixin.py:188} INFO - [2025-04-28T11:25:47.150+0000] {dagbag.py:538} INFO - Filling up the DagBag from /home/airflow/.local/lib/python3.8/site-packages/airflow/example_dags/example_branch_operator_decorator.py
[2025-04-28T11:25:47.195+0000] {processor.py:840} INFO - DAG(s) 'example_branch_python_operator_decorator' retrieved from /home/airflow/.local/lib/python3.8/site-packages/airflow/example_dags/example_branch_operator_decorator.py
[2025-04-28T11:25:47.242+0000] {logging_mixin.py:188} INFO - [2025-04-28T11:25:47.242+0000] {dag.py:3033} INFO - Sync 1 DAGs
[2025-04-28T11:25:47.276+0000] {logging_mixin.py:188} INFO - [2025-04-28T11:25:47.276+0000] {dag.py:3820} INFO - Setting next_dagrun for example_branch_python_operator_decorator to 2025-04-27T00:00:00+00:00, run_after=2025-04-28T00:00:00+00:00
[2025-04-28T11:25:47.312+0000] {processor.py:183} INFO - Processing /home/airflow/.local/lib/python3.8/site-packages/airflow/example_dags/example_branch_operator_decorator.py took 0.174 seconds
[2025-04-28T11:26:18.381+0000] {processor.py:161} INFO - Started process (PID=2916) to work on /home/airflow/.local/lib/python3.8/site-packages/airflow/example_dags/example_branch_operator_decorator.py
[2025-04-28T11:26:18.382+0000] {processor.py:830} INFO - Processing file /home/airflow/.local/lib/python3.8/site-packages/airflow/example_dags/example_branch_operator_decorator.py for tasks to queue
[2025-04-28T11:26:18.384+0000] {logging_mixin.py:188} INFO - [2025-04-28T11:26:18.383+0000] {dagbag.py:538} INFO - Filling up the DagBag from /home/airflow/.local/lib/python3.8/site-packages/airflow/example_dags/example_branch_operator_decorator.py
[2025-04-28T11:26:18.426+0000] {processor.py:840} INFO - DAG(s) 'example_branch_python_operator_decorator' retrieved from /home/airflow/.local/lib/python3.8/site-packages/airflow/example_dags/example_branch_operator_decorator.py
[2025-04-28T11:26:18.514+0000] {logging_mixin.py:188} INFO - [2025-04-28T11:26:18.514+0000] {dag.py:3033} INFO - Sync 1 DAGs
[2025-04-28T11:26:18.565+0000] {logging_mixin.py:188} INFO - [2025-04-28T11:26:18.565+0000] {dag.py:3820} INFO - Setting next_dagrun for example_branch_python_operator_decorator to 2025-04-27T00:00:00+00:00, run_after=2025-04-28T00:00:00+00:00
[2025-04-28T11:26:18.596+0000] {processor.py:183} INFO - Processing /home/airflow/.local/lib/python3.8/site-packages/airflow/example_dags/example_branch_operator_decorator.py took 0.220 seconds
[2025-04-28T11:26:51.947+0000] {processor.py:161} INFO - Started process (PID=2973) to work on /home/airflow/.local/lib/python3.8/site-packages/airflow/example_dags/example_branch_operator_decorator.py
[2025-04-28T11:26:51.949+0000] {processor.py:830} INFO - Processing file /home/airflow/.local/lib/python3.8/site-packages/airflow/example_dags/example_branch_operator_decorator.py for tasks to queue
[2025-04-28T11:26:51.952+0000] {logging_mixin.py:188} INFO - [2025-04-28T11:26:51.951+0000] {dagbag.py:538} INFO - Filling up the DagBag from /home/airflow/.local/lib/python3.8/site-packages/airflow/example_dags/example_branch_operator_decorator.py
[2025-04-28T11:26:52.007+0000] {processor.py:840} INFO - DAG(s) 'example_branch_python_operator_decorator' retrieved from /home/airflow/.local/lib/python3.8/site-packages/airflow/example_dags/example_branch_operator_decorator.py
[2025-04-28T11:26:52.090+0000] {logging_mixin.py:188} INFO - [2025-04-28T11:26:52.089+0000] {dag.py:3033} INFO - Sync 1 DAGs
[2025-04-28T11:26:52.140+0000] {logging_mixin.py:188} INFO - [2025-04-28T11:26:52.140+0000] {dag.py:3820} INFO - Setting next_dagrun for example_branch_python_operator_decorator to 2025-04-27T00:00:00+00:00, run_after=2025-04-28T00:00:00+00:00
[2025-04-28T11:26:52.187+0000] {processor.py:183} INFO - Processing /home/airflow/.local/lib/python3.8/site-packages/airflow/example_dags/example_branch_operator_decorator.py took 0.246 seconds
[2025-04-28T11:27:24.189+0000] {processor.py:161} INFO - Started process (PID=3029) to work on /home/airflow/.local/lib/python3.8/site-packages/airflow/example_dags/example_branch_operator_decorator.py
[2025-04-28T11:27:24.191+0000] {processor.py:830} INFO - Processing file /home/airflow/.local/lib/python3.8/site-packages/airflow/example_dags/example_branch_operator_decorator.py for tasks to queue
[2025-04-28T11:27:24.196+0000] {logging_mixin.py:188} INFO - [2025-04-28T11:27:24.195+0000] {dagbag.py:538} INFO - Filling up the DagBag from /home/airflow/.local/lib/python3.8/site-packages/airflow/example_dags/example_branch_operator_decorator.py
[2025-04-28T11:27:24.258+0000] {processor.py:840} INFO - DAG(s) 'example_branch_python_operator_decorator' retrieved from /home/airflow/.local/lib/python3.8/site-packages/airflow/example_dags/example_branch_operator_decorator.py
[2025-04-28T11:27:24.332+0000] {logging_mixin.py:188} INFO - [2025-04-28T11:27:24.332+0000] {dag.py:3033} INFO - Sync 1 DAGs
[2025-04-28T11:27:24.369+0000] {logging_mixin.py:188} INFO - [2025-04-28T11:27:24.368+0000] {dag.py:3820} INFO - Setting next_dagrun for example_branch_python_operator_decorator to 2025-04-27T00:00:00+00:00, run_after=2025-04-28T00:00:00+00:00
[2025-04-28T11:27:24.425+0000] {processor.py:183} INFO - Processing /home/airflow/.local/lib/python3.8/site-packages/airflow/example_dags/example_branch_operator_decorator.py took 0.241 seconds
[2025-04-28T11:27:58.262+0000] {processor.py:161} INFO - Started process (PID=3085) to work on /home/airflow/.local/lib/python3.8/site-packages/airflow/example_dags/example_branch_operator_decorator.py
[2025-04-28T11:27:58.266+0000] {processor.py:830} INFO - Processing file /home/airflow/.local/lib/python3.8/site-packages/airflow/example_dags/example_branch_operator_decorator.py for tasks to queue
[2025-04-28T11:27:58.269+0000] {logging_mixin.py:188} INFO - [2025-04-28T11:27:58.268+0000] {dagbag.py:538} INFO - Filling up the DagBag from /home/airflow/.local/lib/python3.8/site-packages/airflow/example_dags/example_branch_operator_decorator.py
[2025-04-28T11:27:58.329+0000] {processor.py:840} INFO - DAG(s) 'example_branch_python_operator_decorator' retrieved from /home/airflow/.local/lib/python3.8/site-packages/airflow/example_dags/example_branch_operator_decorator.py
[2025-04-28T11:27:58.405+0000] {logging_mixin.py:188} INFO - [2025-04-28T11:27:58.405+0000] {dag.py:3033} INFO - Sync 1 DAGs
[2025-04-28T11:27:58.466+0000] {logging_mixin.py:188} INFO - [2025-04-28T11:27:58.465+0000] {dag.py:3820} INFO - Setting next_dagrun for example_branch_python_operator_decorator to 2025-04-27T00:00:00+00:00, run_after=2025-04-28T00:00:00+00:00
[2025-04-28T11:27:58.522+0000] {processor.py:183} INFO - Processing /home/airflow/.local/lib/python3.8/site-packages/airflow/example_dags/example_branch_operator_decorator.py took 0.266 seconds
[2025-04-28T11:28:29.830+0000] {processor.py:161} INFO - Started process (PID=3141) to work on /home/airflow/.local/lib/python3.8/site-packages/airflow/example_dags/example_branch_operator_decorator.py
[2025-04-28T11:28:29.832+0000] {processor.py:830} INFO - Processing file /home/airflow/.local/lib/python3.8/site-packages/airflow/example_dags/example_branch_operator_decorator.py for tasks to queue
[2025-04-28T11:28:29.834+0000] {logging_mixin.py:188} INFO - [2025-04-28T11:28:29.833+0000] {dagbag.py:538} INFO - Filling up the DagBag from /home/airflow/.local/lib/python3.8/site-packages/airflow/example_dags/example_branch_operator_decorator.py
[2025-04-28T11:28:29.883+0000] {processor.py:840} INFO - DAG(s) 'example_branch_python_operator_decorator' retrieved from /home/airflow/.local/lib/python3.8/site-packages/airflow/example_dags/example_branch_operator_decorator.py
[2025-04-28T11:28:29.967+0000] {logging_mixin.py:188} INFO - [2025-04-28T11:28:29.966+0000] {dag.py:3033} INFO - Sync 1 DAGs
[2025-04-28T11:28:30.112+0000] {logging_mixin.py:188} INFO - [2025-04-28T11:28:30.111+0000] {dag.py:3820} INFO - Setting next_dagrun for example_branch_python_operator_decorator to 2025-04-27T00:00:00+00:00, run_after=2025-04-28T00:00:00+00:00
[2025-04-28T11:28:30.163+0000] {processor.py:183} INFO - Processing /home/airflow/.local/lib/python3.8/site-packages/airflow/example_dags/example_branch_operator_decorator.py took 0.340 seconds
[2025-04-28T11:29:01.953+0000] {processor.py:161} INFO - Started process (PID=3197) to work on /home/airflow/.local/lib/python3.8/site-packages/airflow/example_dags/example_branch_operator_decorator.py
[2025-04-28T11:29:01.955+0000] {processor.py:830} INFO - Processing file /home/airflow/.local/lib/python3.8/site-packages/airflow/example_dags/example_branch_operator_decorator.py for tasks to queue
[2025-04-28T11:29:01.957+0000] {logging_mixin.py:188} INFO - [2025-04-28T11:29:01.956+0000] {dagbag.py:538} INFO - Filling up the DagBag from /home/airflow/.local/lib/python3.8/site-packages/airflow/example_dags/example_branch_operator_decorator.py
[2025-04-28T11:29:02.002+0000] {processor.py:840} INFO - DAG(s) 'example_branch_python_operator_decorator' retrieved from /home/airflow/.local/lib/python3.8/site-packages/airflow/example_dags/example_branch_operator_decorator.py
[2025-04-28T11:29:02.077+0000] {logging_mixin.py:188} INFO - [2025-04-28T11:29:02.077+0000] {dag.py:3033} INFO - Sync 1 DAGs
[2025-04-28T11:29:02.128+0000] {logging_mixin.py:188} INFO - [2025-04-28T11:29:02.127+0000] {dag.py:3820} INFO - Setting next_dagrun for example_branch_python_operator_decorator to 2025-04-27T00:00:00+00:00, run_after=2025-04-28T00:00:00+00:00
[2025-04-28T11:29:02.178+0000] {processor.py:183} INFO - Processing /home/airflow/.local/lib/python3.8/site-packages/airflow/example_dags/example_branch_operator_decorator.py took 0.230 seconds
[2025-04-28T11:29:34.250+0000] {processor.py:161} INFO - Started process (PID=3254) to work on /home/airflow/.local/lib/python3.8/site-packages/airflow/example_dags/example_branch_operator_decorator.py
[2025-04-28T11:29:34.251+0000] {processor.py:830} INFO - Processing file /home/airflow/.local/lib/python3.8/site-packages/airflow/example_dags/example_branch_operator_decorator.py for tasks to queue
[2025-04-28T11:29:34.252+0000] {logging_mixin.py:188} INFO - [2025-04-28T11:29:34.252+0000] {dagbag.py:538} INFO - Filling up the DagBag from /home/airflow/.local/lib/python3.8/site-packages/airflow/example_dags/example_branch_operator_decorator.py
[2025-04-28T11:29:34.285+0000] {processor.py:840} INFO - DAG(s) 'example_branch_python_operator_decorator' retrieved from /home/airflow/.local/lib/python3.8/site-packages/airflow/example_dags/example_branch_operator_decorator.py
[2025-04-28T11:29:34.357+0000] {logging_mixin.py:188} INFO - [2025-04-28T11:29:34.357+0000] {dag.py:3033} INFO - Sync 1 DAGs
[2025-04-28T11:29:34.409+0000] {logging_mixin.py:188} INFO - [2025-04-28T11:29:34.408+0000] {dag.py:3820} INFO - Setting next_dagrun for example_branch_python_operator_decorator to 2025-04-27T00:00:00+00:00, run_after=2025-04-28T00:00:00+00:00
[2025-04-28T11:29:34.466+0000] {processor.py:183} INFO - Processing /home/airflow/.local/lib/python3.8/site-packages/airflow/example_dags/example_branch_operator_decorator.py took 0.221 seconds
[2025-04-28T11:30:09.621+0000] {processor.py:161} INFO - Started process (PID=3311) to work on /home/airflow/.local/lib/python3.8/site-packages/airflow/example_dags/example_branch_operator_decorator.py
[2025-04-28T11:30:09.622+0000] {processor.py:830} INFO - Processing file /home/airflow/.local/lib/python3.8/site-packages/airflow/example_dags/example_branch_operator_decorator.py for tasks to queue
[2025-04-28T11:30:09.624+0000] {logging_mixin.py:188} INFO - [2025-04-28T11:30:09.624+0000] {dagbag.py:538} INFO - Filling up the DagBag from /home/airflow/.local/lib/python3.8/site-packages/airflow/example_dags/example_branch_operator_decorator.py
[2025-04-28T11:30:09.680+0000] {processor.py:840} INFO - DAG(s) 'example_branch_python_operator_decorator' retrieved from /home/airflow/.local/lib/python3.8/site-packages/airflow/example_dags/example_branch_operator_decorator.py
[2025-04-28T11:30:09.781+0000] {logging_mixin.py:188} INFO - [2025-04-28T11:30:09.781+0000] {dag.py:3033} INFO - Sync 1 DAGs
[2025-04-28T11:30:09.887+0000] {logging_mixin.py:188} INFO - [2025-04-28T11:30:09.886+0000] {dag.py:3820} INFO - Setting next_dagrun for example_branch_python_operator_decorator to 2025-04-27T00:00:00+00:00, run_after=2025-04-28T00:00:00+00:00
[2025-04-28T11:30:09.971+0000] {processor.py:183} INFO - Processing /home/airflow/.local/lib/python3.8/site-packages/airflow/example_dags/example_branch_operator_decorator.py took 0.358 seconds
[2025-04-28T11:30:42.221+0000] {processor.py:161} INFO - Started process (PID=3367) to work on /home/airflow/.local/lib/python3.8/site-packages/airflow/example_dags/example_branch_operator_decorator.py
[2025-04-28T11:30:42.237+0000] {processor.py:830} INFO - Processing file /home/airflow/.local/lib/python3.8/site-packages/airflow/example_dags/example_branch_operator_decorator.py for tasks to queue
[2025-04-28T11:30:42.239+0000] {logging_mixin.py:188} INFO - [2025-04-28T11:30:42.238+0000] {dagbag.py:538} INFO - Filling up the DagBag from /home/airflow/.local/lib/python3.8/site-packages/airflow/example_dags/example_branch_operator_decorator.py
[2025-04-28T11:30:42.284+0000] {processor.py:840} INFO - DAG(s) 'example_branch_python_operator_decorator' retrieved from /home/airflow/.local/lib/python3.8/site-packages/airflow/example_dags/example_branch_operator_decorator.py
[2025-04-28T11:30:42.361+0000] {logging_mixin.py:188} INFO - [2025-04-28T11:30:42.360+0000] {dag.py:3033} INFO - Sync 1 DAGs
[2025-04-28T11:30:42.448+0000] {logging_mixin.py:188} INFO - [2025-04-28T11:30:42.447+0000] {dag.py:3820} INFO - Setting next_dagrun for example_branch_python_operator_decorator to 2025-04-27T00:00:00+00:00, run_after=2025-04-28T00:00:00+00:00
[2025-04-28T11:30:42.507+0000] {processor.py:183} INFO - Processing /home/airflow/.local/lib/python3.8/site-packages/airflow/example_dags/example_branch_operator_decorator.py took 0.293 seconds
[2025-04-28T11:31:13.545+0000] {processor.py:161} INFO - Started process (PID=3423) to work on /home/airflow/.local/lib/python3.8/site-packages/airflow/example_dags/example_branch_operator_decorator.py
[2025-04-28T11:31:13.547+0000] {processor.py:830} INFO - Processing file /home/airflow/.local/lib/python3.8/site-packages/airflow/example_dags/example_branch_operator_decorator.py for tasks to queue
[2025-04-28T11:31:13.549+0000] {logging_mixin.py:188} INFO - [2025-04-28T11:31:13.549+0000] {dagbag.py:538} INFO - Filling up the DagBag from /home/airflow/.local/lib/python3.8/site-packages/airflow/example_dags/example_branch_operator_decorator.py
[2025-04-28T11:31:13.583+0000] {processor.py:840} INFO - DAG(s) 'example_branch_python_operator_decorator' retrieved from /home/airflow/.local/lib/python3.8/site-packages/airflow/example_dags/example_branch_operator_decorator.py
[2025-04-28T11:31:13.635+0000] {logging_mixin.py:188} INFO - [2025-04-28T11:31:13.635+0000] {dag.py:3033} INFO - Sync 1 DAGs
[2025-04-28T11:31:13.677+0000] {logging_mixin.py:188} INFO - [2025-04-28T11:31:13.677+0000] {dag.py:3820} INFO - Setting next_dagrun for example_branch_python_operator_decorator to 2025-04-27T00:00:00+00:00, run_after=2025-04-28T00:00:00+00:00
[2025-04-28T11:31:13.713+0000] {processor.py:183} INFO - Processing /home/airflow/.local/lib/python3.8/site-packages/airflow/example_dags/example_branch_operator_decorator.py took 0.174 seconds
[2025-04-28T11:31:45.432+0000] {processor.py:161} INFO - Started process (PID=3479) to work on /home/airflow/.local/lib/python3.8/site-packages/airflow/example_dags/example_branch_operator_decorator.py
[2025-04-28T11:31:45.433+0000] {processor.py:830} INFO - Processing file /home/airflow/.local/lib/python3.8/site-packages/airflow/example_dags/example_branch_operator_decorator.py for tasks to queue
[2025-04-28T11:31:45.435+0000] {logging_mixin.py:188} INFO - [2025-04-28T11:31:45.435+0000] {dagbag.py:538} INFO - Filling up the DagBag from /home/airflow/.local/lib/python3.8/site-packages/airflow/example_dags/example_branch_operator_decorator.py
[2025-04-28T11:31:45.477+0000] {processor.py:840} INFO - DAG(s) 'example_branch_python_operator_decorator' retrieved from /home/airflow/.local/lib/python3.8/site-packages/airflow/example_dags/example_branch_operator_decorator.py
[2025-04-28T11:31:45.542+0000] {logging_mixin.py:188} INFO - [2025-04-28T11:31:45.541+0000] {dag.py:3033} INFO - Sync 1 DAGs
[2025-04-28T11:31:45.585+0000] {logging_mixin.py:188} INFO - [2025-04-28T11:31:45.585+0000] {dag.py:3820} INFO - Setting next_dagrun for example_branch_python_operator_decorator to 2025-04-27T00:00:00+00:00, run_after=2025-04-28T00:00:00+00:00
[2025-04-28T11:31:45.630+0000] {processor.py:183} INFO - Processing /home/airflow/.local/lib/python3.8/site-packages/airflow/example_dags/example_branch_operator_decorator.py took 0.203 seconds
[2025-04-28T11:32:18.601+0000] {processor.py:161} INFO - Started process (PID=3536) to work on /home/airflow/.local/lib/python3.8/site-packages/airflow/example_dags/example_branch_operator_decorator.py
[2025-04-28T11:32:18.603+0000] {processor.py:830} INFO - Processing file /home/airflow/.local/lib/python3.8/site-packages/airflow/example_dags/example_branch_operator_decorator.py for tasks to queue
[2025-04-28T11:32:18.605+0000] {logging_mixin.py:188} INFO - [2025-04-28T11:32:18.605+0000] {dagbag.py:538} INFO - Filling up the DagBag from /home/airflow/.local/lib/python3.8/site-packages/airflow/example_dags/example_branch_operator_decorator.py
[2025-04-28T11:32:18.638+0000] {processor.py:840} INFO - DAG(s) 'example_branch_python_operator_decorator' retrieved from /home/airflow/.local/lib/python3.8/site-packages/airflow/example_dags/example_branch_operator_decorator.py
[2025-04-28T11:32:18.689+0000] {logging_mixin.py:188} INFO - [2025-04-28T11:32:18.689+0000] {dag.py:3033} INFO - Sync 1 DAGs
[2025-04-28T11:32:18.736+0000] {logging_mixin.py:188} INFO - [2025-04-28T11:32:18.735+0000] {dag.py:3820} INFO - Setting next_dagrun for example_branch_python_operator_decorator to 2025-04-27T00:00:00+00:00, run_after=2025-04-28T00:00:00+00:00
[2025-04-28T11:32:18.767+0000] {processor.py:183} INFO - Processing /home/airflow/.local/lib/python3.8/site-packages/airflow/example_dags/example_branch_operator_decorator.py took 0.172 seconds
[2025-04-28T11:32:56.898+0000] {processor.py:161} INFO - Started process (PID=3599) to work on /home/airflow/.local/lib/python3.8/site-packages/airflow/example_dags/example_branch_operator_decorator.py
[2025-04-28T11:32:56.918+0000] {processor.py:830} INFO - Processing file /home/airflow/.local/lib/python3.8/site-packages/airflow/example_dags/example_branch_operator_decorator.py for tasks to queue
[2025-04-28T11:32:56.929+0000] {logging_mixin.py:188} INFO - [2025-04-28T11:32:56.929+0000] {dagbag.py:538} INFO - Filling up the DagBag from /home/airflow/.local/lib/python3.8/site-packages/airflow/example_dags/example_branch_operator_decorator.py
[2025-04-28T11:32:57.073+0000] {processor.py:840} INFO - DAG(s) 'example_branch_python_operator_decorator' retrieved from /home/airflow/.local/lib/python3.8/site-packages/airflow/example_dags/example_branch_operator_decorator.py
[2025-04-28T11:32:57.288+0000] {logging_mixin.py:188} INFO - [2025-04-28T11:32:57.288+0000] {dag.py:3033} INFO - Sync 1 DAGs
[2025-04-28T11:32:57.403+0000] {logging_mixin.py:188} INFO - [2025-04-28T11:32:57.403+0000] {dag.py:3820} INFO - Setting next_dagrun for example_branch_python_operator_decorator to 2025-04-27T00:00:00+00:00, run_after=2025-04-28T00:00:00+00:00
[2025-04-28T11:32:57.501+0000] {processor.py:183} INFO - Processing /home/airflow/.local/lib/python3.8/site-packages/airflow/example_dags/example_branch_operator_decorator.py took 0.613 seconds
[2025-04-28T11:33:27.841+0000] {processor.py:161} INFO - Started process (PID=3655) to work on /home/airflow/.local/lib/python3.8/site-packages/airflow/example_dags/example_branch_operator_decorator.py
[2025-04-28T11:33:27.842+0000] {processor.py:830} INFO - Processing file /home/airflow/.local/lib/python3.8/site-packages/airflow/example_dags/example_branch_operator_decorator.py for tasks to queue
[2025-04-28T11:33:27.844+0000] {logging_mixin.py:188} INFO - [2025-04-28T11:33:27.844+0000] {dagbag.py:538} INFO - Filling up the DagBag from /home/airflow/.local/lib/python3.8/site-packages/airflow/example_dags/example_branch_operator_decorator.py
[2025-04-28T11:33:27.871+0000] {processor.py:840} INFO - DAG(s) 'example_branch_python_operator_decorator' retrieved from /home/airflow/.local/lib/python3.8/site-packages/airflow/example_dags/example_branch_operator_decorator.py
[2025-04-28T11:33:27.924+0000] {logging_mixin.py:188} INFO - [2025-04-28T11:33:27.924+0000] {dag.py:3033} INFO - Sync 1 DAGs
[2025-04-28T11:33:27.959+0000] {logging_mixin.py:188} INFO - [2025-04-28T11:33:27.958+0000] {dag.py:3820} INFO - Setting next_dagrun for example_branch_python_operator_decorator to 2025-04-27T00:00:00+00:00, run_after=2025-04-28T00:00:00+00:00
[2025-04-28T11:33:27.987+0000] {processor.py:183} INFO - Processing /home/airflow/.local/lib/python3.8/site-packages/airflow/example_dags/example_branch_operator_decorator.py took 0.152 seconds
[2025-04-28T11:33:59.685+0000] {processor.py:161} INFO - Started process (PID=3711) to work on /home/airflow/.local/lib/python3.8/site-packages/airflow/example_dags/example_branch_operator_decorator.py
[2025-04-28T11:33:59.686+0000] {processor.py:830} INFO - Processing file /home/airflow/.local/lib/python3.8/site-packages/airflow/example_dags/example_branch_operator_decorator.py for tasks to queue
[2025-04-28T11:33:59.687+0000] {logging_mixin.py:188} INFO - [2025-04-28T11:33:59.687+0000] {dagbag.py:538} INFO - Filling up the DagBag from /home/airflow/.local/lib/python3.8/site-packages/airflow/example_dags/example_branch_operator_decorator.py
[2025-04-28T11:33:59.729+0000] {processor.py:840} INFO - DAG(s) 'example_branch_python_operator_decorator' retrieved from /home/airflow/.local/lib/python3.8/site-packages/airflow/example_dags/example_branch_operator_decorator.py
[2025-04-28T11:33:59.820+0000] {logging_mixin.py:188} INFO - [2025-04-28T11:33:59.816+0000] {dag.py:3033} INFO - Sync 1 DAGs
[2025-04-28T11:33:59.898+0000] {logging_mixin.py:188} INFO - [2025-04-28T11:33:59.897+0000] {dag.py:3820} INFO - Setting next_dagrun for example_branch_python_operator_decorator to 2025-04-27T00:00:00+00:00, run_after=2025-04-28T00:00:00+00:00
[2025-04-28T11:33:59.938+0000] {processor.py:183} INFO - Processing /home/airflow/.local/lib/python3.8/site-packages/airflow/example_dags/example_branch_operator_decorator.py took 0.258 seconds
[2025-04-28T11:34:30.098+0000] {processor.py:161} INFO - Started process (PID=3767) to work on /home/airflow/.local/lib/python3.8/site-packages/airflow/example_dags/example_branch_operator_decorator.py
[2025-04-28T11:34:30.099+0000] {processor.py:830} INFO - Processing file /home/airflow/.local/lib/python3.8/site-packages/airflow/example_dags/example_branch_operator_decorator.py for tasks to queue
[2025-04-28T11:34:30.101+0000] {logging_mixin.py:188} INFO - [2025-04-28T11:34:30.100+0000] {dagbag.py:538} INFO - Filling up the DagBag from /home/airflow/.local/lib/python3.8/site-packages/airflow/example_dags/example_branch_operator_decorator.py
[2025-04-28T11:34:30.134+0000] {processor.py:840} INFO - DAG(s) 'example_branch_python_operator_decorator' retrieved from /home/airflow/.local/lib/python3.8/site-packages/airflow/example_dags/example_branch_operator_decorator.py
[2025-04-28T11:34:30.174+0000] {logging_mixin.py:188} INFO - [2025-04-28T11:34:30.173+0000] {dag.py:3033} INFO - Sync 1 DAGs
[2025-04-28T11:34:30.211+0000] {logging_mixin.py:188} INFO - [2025-04-28T11:34:30.210+0000] {dag.py:3820} INFO - Setting next_dagrun for example_branch_python_operator_decorator to 2025-04-27T00:00:00+00:00, run_after=2025-04-28T00:00:00+00:00
[2025-04-28T11:34:30.256+0000] {processor.py:183} INFO - Processing /home/airflow/.local/lib/python3.8/site-packages/airflow/example_dags/example_branch_operator_decorator.py took 0.162 seconds
[2025-04-28T11:35:00.485+0000] {processor.py:161} INFO - Started process (PID=3823) to work on /home/airflow/.local/lib/python3.8/site-packages/airflow/example_dags/example_branch_operator_decorator.py
[2025-04-28T11:35:00.487+0000] {processor.py:830} INFO - Processing file /home/airflow/.local/lib/python3.8/site-packages/airflow/example_dags/example_branch_operator_decorator.py for tasks to queue
[2025-04-28T11:35:00.488+0000] {logging_mixin.py:188} INFO - [2025-04-28T11:35:00.488+0000] {dagbag.py:538} INFO - Filling up the DagBag from /home/airflow/.local/lib/python3.8/site-packages/airflow/example_dags/example_branch_operator_decorator.py
[2025-04-28T11:35:00.512+0000] {processor.py:840} INFO - DAG(s) 'example_branch_python_operator_decorator' retrieved from /home/airflow/.local/lib/python3.8/site-packages/airflow/example_dags/example_branch_operator_decorator.py
[2025-04-28T11:35:00.553+0000] {logging_mixin.py:188} INFO - [2025-04-28T11:35:00.553+0000] {dag.py:3033} INFO - Sync 1 DAGs
[2025-04-28T11:35:00.582+0000] {logging_mixin.py:188} INFO - [2025-04-28T11:35:00.581+0000] {dag.py:3820} INFO - Setting next_dagrun for example_branch_python_operator_decorator to 2025-04-27T00:00:00+00:00, run_after=2025-04-28T00:00:00+00:00
[2025-04-28T11:35:00.612+0000] {processor.py:183} INFO - Processing /home/airflow/.local/lib/python3.8/site-packages/airflow/example_dags/example_branch_operator_decorator.py took 0.131 seconds
[2025-04-28T11:35:32.487+0000] {processor.py:161} INFO - Started process (PID=3879) to work on /home/airflow/.local/lib/python3.8/site-packages/airflow/example_dags/example_branch_operator_decorator.py
[2025-04-28T11:35:32.488+0000] {processor.py:830} INFO - Processing file /home/airflow/.local/lib/python3.8/site-packages/airflow/example_dags/example_branch_operator_decorator.py for tasks to queue
[2025-04-28T11:35:32.490+0000] {logging_mixin.py:188} INFO - [2025-04-28T11:35:32.489+0000] {dagbag.py:538} INFO - Filling up the DagBag from /home/airflow/.local/lib/python3.8/site-packages/airflow/example_dags/example_branch_operator_decorator.py
[2025-04-28T11:35:32.523+0000] {processor.py:840} INFO - DAG(s) 'example_branch_python_operator_decorator' retrieved from /home/airflow/.local/lib/python3.8/site-packages/airflow/example_dags/example_branch_operator_decorator.py
[2025-04-28T11:35:32.585+0000] {logging_mixin.py:188} INFO - [2025-04-28T11:35:32.585+0000] {dag.py:3033} INFO - Sync 1 DAGs
[2025-04-28T11:35:32.635+0000] {logging_mixin.py:188} INFO - [2025-04-28T11:35:32.635+0000] {dag.py:3820} INFO - Setting next_dagrun for example_branch_python_operator_decorator to 2025-04-27T00:00:00+00:00, run_after=2025-04-28T00:00:00+00:00
[2025-04-28T11:35:32.683+0000] {processor.py:183} INFO - Processing /home/airflow/.local/lib/python3.8/site-packages/airflow/example_dags/example_branch_operator_decorator.py took 0.202 seconds
[2025-04-28T11:36:06.052+0000] {processor.py:161} INFO - Started process (PID=3936) to work on /home/airflow/.local/lib/python3.8/site-packages/airflow/example_dags/example_branch_operator_decorator.py
[2025-04-28T11:36:06.054+0000] {processor.py:830} INFO - Processing file /home/airflow/.local/lib/python3.8/site-packages/airflow/example_dags/example_branch_operator_decorator.py for tasks to queue
[2025-04-28T11:36:06.078+0000] {logging_mixin.py:188} INFO - [2025-04-28T11:36:06.077+0000] {dagbag.py:538} INFO - Filling up the DagBag from /home/airflow/.local/lib/python3.8/site-packages/airflow/example_dags/example_branch_operator_decorator.py
[2025-04-28T11:36:06.193+0000] {processor.py:840} INFO - DAG(s) 'example_branch_python_operator_decorator' retrieved from /home/airflow/.local/lib/python3.8/site-packages/airflow/example_dags/example_branch_operator_decorator.py
[2025-04-28T11:36:06.349+0000] {logging_mixin.py:188} INFO - [2025-04-28T11:36:06.348+0000] {dag.py:3033} INFO - Sync 1 DAGs
[2025-04-28T11:36:06.481+0000] {logging_mixin.py:188} INFO - [2025-04-28T11:36:06.480+0000] {dag.py:3820} INFO - Setting next_dagrun for example_branch_python_operator_decorator to 2025-04-27T00:00:00+00:00, run_after=2025-04-28T00:00:00+00:00
[2025-04-28T11:36:06.577+0000] {processor.py:183} INFO - Processing /home/airflow/.local/lib/python3.8/site-packages/airflow/example_dags/example_branch_operator_decorator.py took 0.531 seconds
[2025-04-28T11:36:38.046+0000] {processor.py:161} INFO - Started process (PID=3992) to work on /home/airflow/.local/lib/python3.8/site-packages/airflow/example_dags/example_branch_operator_decorator.py
[2025-04-28T11:36:38.047+0000] {processor.py:830} INFO - Processing file /home/airflow/.local/lib/python3.8/site-packages/airflow/example_dags/example_branch_operator_decorator.py for tasks to queue
[2025-04-28T11:36:38.049+0000] {logging_mixin.py:188} INFO - [2025-04-28T11:36:38.048+0000] {dagbag.py:538} INFO - Filling up the DagBag from /home/airflow/.local/lib/python3.8/site-packages/airflow/example_dags/example_branch_operator_decorator.py
[2025-04-28T11:36:38.081+0000] {processor.py:840} INFO - DAG(s) 'example_branch_python_operator_decorator' retrieved from /home/airflow/.local/lib/python3.8/site-packages/airflow/example_dags/example_branch_operator_decorator.py
[2025-04-28T11:36:38.136+0000] {logging_mixin.py:188} INFO - [2025-04-28T11:36:38.136+0000] {dag.py:3033} INFO - Sync 1 DAGs
[2025-04-28T11:36:38.184+0000] {logging_mixin.py:188} INFO - [2025-04-28T11:36:38.183+0000] {dag.py:3820} INFO - Setting next_dagrun for example_branch_python_operator_decorator to 2025-04-27T00:00:00+00:00, run_after=2025-04-28T00:00:00+00:00
[2025-04-28T11:36:38.219+0000] {processor.py:183} INFO - Processing /home/airflow/.local/lib/python3.8/site-packages/airflow/example_dags/example_branch_operator_decorator.py took 0.178 seconds
[2025-04-28T11:37:13.996+0000] {processor.py:161} INFO - Started process (PID=4048) to work on /home/airflow/.local/lib/python3.8/site-packages/airflow/example_dags/example_branch_operator_decorator.py
[2025-04-28T11:37:14.010+0000] {processor.py:830} INFO - Processing file /home/airflow/.local/lib/python3.8/site-packages/airflow/example_dags/example_branch_operator_decorator.py for tasks to queue
[2025-04-28T11:37:14.021+0000] {logging_mixin.py:188} INFO - [2025-04-28T11:37:14.020+0000] {dagbag.py:538} INFO - Filling up the DagBag from /home/airflow/.local/lib/python3.8/site-packages/airflow/example_dags/example_branch_operator_decorator.py
[2025-04-28T11:37:14.081+0000] {processor.py:840} INFO - DAG(s) 'example_branch_python_operator_decorator' retrieved from /home/airflow/.local/lib/python3.8/site-packages/airflow/example_dags/example_branch_operator_decorator.py
[2025-04-28T11:37:14.165+0000] {logging_mixin.py:188} INFO - [2025-04-28T11:37:14.165+0000] {dag.py:3033} INFO - Sync 1 DAGs
[2025-04-28T11:37:14.235+0000] {logging_mixin.py:188} INFO - [2025-04-28T11:37:14.234+0000] {dag.py:3820} INFO - Setting next_dagrun for example_branch_python_operator_decorator to 2025-04-27T00:00:00+00:00, run_after=2025-04-28T00:00:00+00:00
[2025-04-28T11:37:14.296+0000] {processor.py:183} INFO - Processing /home/airflow/.local/lib/python3.8/site-packages/airflow/example_dags/example_branch_operator_decorator.py took 0.317 seconds
[2025-04-28T11:37:44.591+0000] {processor.py:161} INFO - Started process (PID=4104) to work on /home/airflow/.local/lib/python3.8/site-packages/airflow/example_dags/example_branch_operator_decorator.py
[2025-04-28T11:37:44.593+0000] {processor.py:830} INFO - Processing file /home/airflow/.local/lib/python3.8/site-packages/airflow/example_dags/example_branch_operator_decorator.py for tasks to queue
[2025-04-28T11:37:44.595+0000] {logging_mixin.py:188} INFO - [2025-04-28T11:37:44.594+0000] {dagbag.py:538} INFO - Filling up the DagBag from /home/airflow/.local/lib/python3.8/site-packages/airflow/example_dags/example_branch_operator_decorator.py
[2025-04-28T11:37:44.629+0000] {processor.py:840} INFO - DAG(s) 'example_branch_python_operator_decorator' retrieved from /home/airflow/.local/lib/python3.8/site-packages/airflow/example_dags/example_branch_operator_decorator.py
[2025-04-28T11:37:44.693+0000] {logging_mixin.py:188} INFO - [2025-04-28T11:37:44.692+0000] {dag.py:3033} INFO - Sync 1 DAGs
[2025-04-28T11:37:44.751+0000] {logging_mixin.py:188} INFO - [2025-04-28T11:37:44.751+0000] {dag.py:3820} INFO - Setting next_dagrun for example_branch_python_operator_decorator to 2025-04-27T00:00:00+00:00, run_after=2025-04-28T00:00:00+00:00
[2025-04-28T11:37:44.783+0000] {processor.py:183} INFO - Processing /home/airflow/.local/lib/python3.8/site-packages/airflow/example_dags/example_branch_operator_decorator.py took 0.197 seconds
[2025-04-28T11:38:17.964+0000] {processor.py:161} INFO - Started process (PID=4159) to work on /home/airflow/.local/lib/python3.8/site-packages/airflow/example_dags/example_branch_operator_decorator.py
[2025-04-28T11:38:17.965+0000] {processor.py:830} INFO - Processing file /home/airflow/.local/lib/python3.8/site-packages/airflow/example_dags/example_branch_operator_decorator.py for tasks to queue
[2025-04-28T11:38:17.967+0000] {logging_mixin.py:188} INFO - [2025-04-28T11:38:17.967+0000] {dagbag.py:538} INFO - Filling up the DagBag from /home/airflow/.local/lib/python3.8/site-packages/airflow/example_dags/example_branch_operator_decorator.py
[2025-04-28T11:38:18.023+0000] {processor.py:840} INFO - DAG(s) 'example_branch_python_operator_decorator' retrieved from /home/airflow/.local/lib/python3.8/site-packages/airflow/example_dags/example_branch_operator_decorator.py
[2025-04-28T11:38:18.130+0000] {logging_mixin.py:188} INFO - [2025-04-28T11:38:18.130+0000] {dag.py:3033} INFO - Sync 1 DAGs
[2025-04-28T11:38:18.188+0000] {logging_mixin.py:188} INFO - [2025-04-28T11:38:18.188+0000] {dag.py:3820} INFO - Setting next_dagrun for example_branch_python_operator_decorator to 2025-04-27T00:00:00+00:00, run_after=2025-04-28T00:00:00+00:00
[2025-04-28T11:38:18.250+0000] {processor.py:183} INFO - Processing /home/airflow/.local/lib/python3.8/site-packages/airflow/example_dags/example_branch_operator_decorator.py took 0.292 seconds
[2025-04-28T11:38:49.240+0000] {processor.py:161} INFO - Started process (PID=4215) to work on /home/airflow/.local/lib/python3.8/site-packages/airflow/example_dags/example_branch_operator_decorator.py
[2025-04-28T11:38:49.241+0000] {processor.py:830} INFO - Processing file /home/airflow/.local/lib/python3.8/site-packages/airflow/example_dags/example_branch_operator_decorator.py for tasks to queue
[2025-04-28T11:38:49.242+0000] {logging_mixin.py:188} INFO - [2025-04-28T11:38:49.242+0000] {dagbag.py:538} INFO - Filling up the DagBag from /home/airflow/.local/lib/python3.8/site-packages/airflow/example_dags/example_branch_operator_decorator.py
[2025-04-28T11:38:49.269+0000] {processor.py:840} INFO - DAG(s) 'example_branch_python_operator_decorator' retrieved from /home/airflow/.local/lib/python3.8/site-packages/airflow/example_dags/example_branch_operator_decorator.py
[2025-04-28T11:38:49.308+0000] {logging_mixin.py:188} INFO - [2025-04-28T11:38:49.307+0000] {dag.py:3033} INFO - Sync 1 DAGs
[2025-04-28T11:38:49.339+0000] {logging_mixin.py:188} INFO - [2025-04-28T11:38:49.339+0000] {dag.py:3820} INFO - Setting next_dagrun for example_branch_python_operator_decorator to 2025-04-27T00:00:00+00:00, run_after=2025-04-28T00:00:00+00:00
[2025-04-28T11:38:49.373+0000] {processor.py:183} INFO - Processing /home/airflow/.local/lib/python3.8/site-packages/airflow/example_dags/example_branch_operator_decorator.py took 0.139 seconds
[2025-04-28T11:39:22.874+0000] {processor.py:161} INFO - Started process (PID=4272) to work on /home/airflow/.local/lib/python3.8/site-packages/airflow/example_dags/example_branch_operator_decorator.py
[2025-04-28T11:39:22.875+0000] {processor.py:830} INFO - Processing file /home/airflow/.local/lib/python3.8/site-packages/airflow/example_dags/example_branch_operator_decorator.py for tasks to queue
[2025-04-28T11:39:22.877+0000] {logging_mixin.py:188} INFO - [2025-04-28T11:39:22.876+0000] {dagbag.py:538} INFO - Filling up the DagBag from /home/airflow/.local/lib/python3.8/site-packages/airflow/example_dags/example_branch_operator_decorator.py
[2025-04-28T11:39:22.908+0000] {processor.py:840} INFO - DAG(s) 'example_branch_python_operator_decorator' retrieved from /home/airflow/.local/lib/python3.8/site-packages/airflow/example_dags/example_branch_operator_decorator.py
[2025-04-28T11:39:22.979+0000] {logging_mixin.py:188} INFO - [2025-04-28T11:39:22.979+0000] {dag.py:3033} INFO - Sync 1 DAGs
[2025-04-28T11:39:23.075+0000] {logging_mixin.py:188} INFO - [2025-04-28T11:39:23.072+0000] {dag.py:3820} INFO - Setting next_dagrun for example_branch_python_operator_decorator to 2025-04-27T00:00:00+00:00, run_after=2025-04-28T00:00:00+00:00
[2025-04-28T11:39:23.147+0000] {processor.py:183} INFO - Processing /home/airflow/.local/lib/python3.8/site-packages/airflow/example_dags/example_branch_operator_decorator.py took 0.279 seconds
[2025-04-28T11:39:56.846+0000] {processor.py:161} INFO - Started process (PID=4328) to work on /home/airflow/.local/lib/python3.8/site-packages/airflow/example_dags/example_branch_operator_decorator.py
[2025-04-28T11:39:56.855+0000] {processor.py:830} INFO - Processing file /home/airflow/.local/lib/python3.8/site-packages/airflow/example_dags/example_branch_operator_decorator.py for tasks to queue
[2025-04-28T11:39:56.873+0000] {logging_mixin.py:188} INFO - [2025-04-28T11:39:56.873+0000] {dagbag.py:538} INFO - Filling up the DagBag from /home/airflow/.local/lib/python3.8/site-packages/airflow/example_dags/example_branch_operator_decorator.py
[2025-04-28T11:39:56.940+0000] {processor.py:840} INFO - DAG(s) 'example_branch_python_operator_decorator' retrieved from /home/airflow/.local/lib/python3.8/site-packages/airflow/example_dags/example_branch_operator_decorator.py
[2025-04-28T11:39:57.036+0000] {logging_mixin.py:188} INFO - [2025-04-28T11:39:57.036+0000] {dag.py:3033} INFO - Sync 1 DAGs
[2025-04-28T11:39:57.112+0000] {logging_mixin.py:188} INFO - [2025-04-28T11:39:57.112+0000] {dag.py:3820} INFO - Setting next_dagrun for example_branch_python_operator_decorator to 2025-04-27T00:00:00+00:00, run_after=2025-04-28T00:00:00+00:00
[2025-04-28T11:39:57.214+0000] {processor.py:183} INFO - Processing /home/airflow/.local/lib/python3.8/site-packages/airflow/example_dags/example_branch_operator_decorator.py took 0.378 seconds
[2025-04-28T11:40:28.081+0000] {processor.py:161} INFO - Started process (PID=4384) to work on /home/airflow/.local/lib/python3.8/site-packages/airflow/example_dags/example_branch_operator_decorator.py
[2025-04-28T11:40:28.083+0000] {processor.py:830} INFO - Processing file /home/airflow/.local/lib/python3.8/site-packages/airflow/example_dags/example_branch_operator_decorator.py for tasks to queue
[2025-04-28T11:40:28.085+0000] {logging_mixin.py:188} INFO - [2025-04-28T11:40:28.084+0000] {dagbag.py:538} INFO - Filling up the DagBag from /home/airflow/.local/lib/python3.8/site-packages/airflow/example_dags/example_branch_operator_decorator.py
[2025-04-28T11:40:28.148+0000] {processor.py:840} INFO - DAG(s) 'example_branch_python_operator_decorator' retrieved from /home/airflow/.local/lib/python3.8/site-packages/airflow/example_dags/example_branch_operator_decorator.py
[2025-04-28T11:40:28.206+0000] {logging_mixin.py:188} INFO - [2025-04-28T11:40:28.206+0000] {dag.py:3033} INFO - Sync 1 DAGs
[2025-04-28T11:40:28.248+0000] {logging_mixin.py:188} INFO - [2025-04-28T11:40:28.247+0000] {dag.py:3820} INFO - Setting next_dagrun for example_branch_python_operator_decorator to 2025-04-27T00:00:00+00:00, run_after=2025-04-28T00:00:00+00:00
[2025-04-28T11:40:28.285+0000] {processor.py:183} INFO - Processing /home/airflow/.local/lib/python3.8/site-packages/airflow/example_dags/example_branch_operator_decorator.py took 0.211 seconds
[2025-04-28T11:41:00.812+0000] {processor.py:161} INFO - Started process (PID=4439) to work on /home/airflow/.local/lib/python3.8/site-packages/airflow/example_dags/example_branch_operator_decorator.py
[2025-04-28T11:41:00.814+0000] {processor.py:830} INFO - Processing file /home/airflow/.local/lib/python3.8/site-packages/airflow/example_dags/example_branch_operator_decorator.py for tasks to queue
[2025-04-28T11:41:00.816+0000] {logging_mixin.py:188} INFO - [2025-04-28T11:41:00.815+0000] {dagbag.py:538} INFO - Filling up the DagBag from /home/airflow/.local/lib/python3.8/site-packages/airflow/example_dags/example_branch_operator_decorator.py
[2025-04-28T11:41:00.856+0000] {processor.py:840} INFO - DAG(s) 'example_branch_python_operator_decorator' retrieved from /home/airflow/.local/lib/python3.8/site-packages/airflow/example_dags/example_branch_operator_decorator.py
[2025-04-28T11:41:00.916+0000] {logging_mixin.py:188} INFO - [2025-04-28T11:41:00.915+0000] {dag.py:3033} INFO - Sync 1 DAGs
[2025-04-28T11:41:00.961+0000] {logging_mixin.py:188} INFO - [2025-04-28T11:41:00.960+0000] {dag.py:3820} INFO - Setting next_dagrun for example_branch_python_operator_decorator to 2025-04-27T00:00:00+00:00, run_after=2025-04-28T00:00:00+00:00
[2025-04-28T11:41:01.000+0000] {processor.py:183} INFO - Processing /home/airflow/.local/lib/python3.8/site-packages/airflow/example_dags/example_branch_operator_decorator.py took 0.193 seconds
[2025-04-28T11:41:33.208+0000] {processor.py:161} INFO - Started process (PID=4495) to work on /home/airflow/.local/lib/python3.8/site-packages/airflow/example_dags/example_branch_operator_decorator.py
[2025-04-28T11:41:33.210+0000] {processor.py:830} INFO - Processing file /home/airflow/.local/lib/python3.8/site-packages/airflow/example_dags/example_branch_operator_decorator.py for tasks to queue
[2025-04-28T11:41:33.215+0000] {logging_mixin.py:188} INFO - [2025-04-28T11:41:33.214+0000] {dagbag.py:538} INFO - Filling up the DagBag from /home/airflow/.local/lib/python3.8/site-packages/airflow/example_dags/example_branch_operator_decorator.py
[2025-04-28T11:41:33.286+0000] {processor.py:840} INFO - DAG(s) 'example_branch_python_operator_decorator' retrieved from /home/airflow/.local/lib/python3.8/site-packages/airflow/example_dags/example_branch_operator_decorator.py
[2025-04-28T11:41:33.379+0000] {logging_mixin.py:188} INFO - [2025-04-28T11:41:33.379+0000] {dag.py:3033} INFO - Sync 1 DAGs
[2025-04-28T11:41:33.444+0000] {logging_mixin.py:188} INFO - [2025-04-28T11:41:33.444+0000] {dag.py:3820} INFO - Setting next_dagrun for example_branch_python_operator_decorator to 2025-04-27T00:00:00+00:00, run_after=2025-04-28T00:00:00+00:00
[2025-04-28T11:41:33.492+0000] {processor.py:183} INFO - Processing /home/airflow/.local/lib/python3.8/site-packages/airflow/example_dags/example_branch_operator_decorator.py took 0.297 seconds
[2025-04-28T11:42:06.612+0000] {processor.py:161} INFO - Started process (PID=4555) to work on /home/airflow/.local/lib/python3.8/site-packages/airflow/example_dags/example_branch_operator_decorator.py
[2025-04-28T11:42:06.613+0000] {processor.py:830} INFO - Processing file /home/airflow/.local/lib/python3.8/site-packages/airflow/example_dags/example_branch_operator_decorator.py for tasks to queue
[2025-04-28T11:42:06.614+0000] {logging_mixin.py:188} INFO - [2025-04-28T11:42:06.614+0000] {dagbag.py:538} INFO - Filling up the DagBag from /home/airflow/.local/lib/python3.8/site-packages/airflow/example_dags/example_branch_operator_decorator.py
[2025-04-28T11:42:06.648+0000] {processor.py:840} INFO - DAG(s) 'example_branch_python_operator_decorator' retrieved from /home/airflow/.local/lib/python3.8/site-packages/airflow/example_dags/example_branch_operator_decorator.py
[2025-04-28T11:42:06.697+0000] {logging_mixin.py:188} INFO - [2025-04-28T11:42:06.696+0000] {dag.py:3033} INFO - Sync 1 DAGs
[2025-04-28T11:42:06.742+0000] {logging_mixin.py:188} INFO - [2025-04-28T11:42:06.742+0000] {dag.py:3820} INFO - Setting next_dagrun for example_branch_python_operator_decorator to 2025-04-27T00:00:00+00:00, run_after=2025-04-28T00:00:00+00:00
[2025-04-28T11:42:06.771+0000] {processor.py:183} INFO - Processing /home/airflow/.local/lib/python3.8/site-packages/airflow/example_dags/example_branch_operator_decorator.py took 0.164 seconds
[2025-04-28T11:42:40.090+0000] {processor.py:161} INFO - Started process (PID=4615) to work on /home/airflow/.local/lib/python3.8/site-packages/airflow/example_dags/example_branch_operator_decorator.py
[2025-04-28T11:42:40.091+0000] {processor.py:830} INFO - Processing file /home/airflow/.local/lib/python3.8/site-packages/airflow/example_dags/example_branch_operator_decorator.py for tasks to queue
[2025-04-28T11:42:40.093+0000] {logging_mixin.py:188} INFO - [2025-04-28T11:42:40.093+0000] {dagbag.py:538} INFO - Filling up the DagBag from /home/airflow/.local/lib/python3.8/site-packages/airflow/example_dags/example_branch_operator_decorator.py
[2025-04-28T11:42:40.134+0000] {processor.py:840} INFO - DAG(s) 'example_branch_python_operator_decorator' retrieved from /home/airflow/.local/lib/python3.8/site-packages/airflow/example_dags/example_branch_operator_decorator.py
[2025-04-28T11:42:40.213+0000] {logging_mixin.py:188} INFO - [2025-04-28T11:42:40.213+0000] {dag.py:3033} INFO - Sync 1 DAGs
[2025-04-28T11:42:40.258+0000] {logging_mixin.py:188} INFO - [2025-04-28T11:42:40.258+0000] {dag.py:3820} INFO - Setting next_dagrun for example_branch_python_operator_decorator to 2025-04-27T00:00:00+00:00, run_after=2025-04-28T00:00:00+00:00
[2025-04-28T11:42:40.293+0000] {processor.py:183} INFO - Processing /home/airflow/.local/lib/python3.8/site-packages/airflow/example_dags/example_branch_operator_decorator.py took 0.208 seconds
[2025-04-28T11:43:12.886+0000] {processor.py:161} INFO - Started process (PID=4679) to work on /home/airflow/.local/lib/python3.8/site-packages/airflow/example_dags/example_branch_operator_decorator.py
[2025-04-28T11:43:12.887+0000] {processor.py:830} INFO - Processing file /home/airflow/.local/lib/python3.8/site-packages/airflow/example_dags/example_branch_operator_decorator.py for tasks to queue
[2025-04-28T11:43:12.889+0000] {logging_mixin.py:188} INFO - [2025-04-28T11:43:12.888+0000] {dagbag.py:538} INFO - Filling up the DagBag from /home/airflow/.local/lib/python3.8/site-packages/airflow/example_dags/example_branch_operator_decorator.py
[2025-04-28T11:43:12.960+0000] {processor.py:840} INFO - DAG(s) 'example_branch_python_operator_decorator' retrieved from /home/airflow/.local/lib/python3.8/site-packages/airflow/example_dags/example_branch_operator_decorator.py
[2025-04-28T11:43:13.079+0000] {logging_mixin.py:188} INFO - [2025-04-28T11:43:13.079+0000] {dag.py:3033} INFO - Sync 1 DAGs
[2025-04-28T11:43:13.190+0000] {logging_mixin.py:188} INFO - [2025-04-28T11:43:13.189+0000] {dag.py:3820} INFO - Setting next_dagrun for example_branch_python_operator_decorator to 2025-04-27T00:00:00+00:00, run_after=2025-04-28T00:00:00+00:00
[2025-04-28T11:43:13.258+0000] {processor.py:183} INFO - Processing /home/airflow/.local/lib/python3.8/site-packages/airflow/example_dags/example_branch_operator_decorator.py took 0.379 seconds
[2025-04-28T11:43:47.180+0000] {processor.py:161} INFO - Started process (PID=4741) to work on /home/airflow/.local/lib/python3.8/site-packages/airflow/example_dags/example_branch_operator_decorator.py
[2025-04-28T11:43:47.182+0000] {processor.py:830} INFO - Processing file /home/airflow/.local/lib/python3.8/site-packages/airflow/example_dags/example_branch_operator_decorator.py for tasks to queue
[2025-04-28T11:43:47.183+0000] {logging_mixin.py:188} INFO - [2025-04-28T11:43:47.183+0000] {dagbag.py:538} INFO - Filling up the DagBag from /home/airflow/.local/lib/python3.8/site-packages/airflow/example_dags/example_branch_operator_decorator.py
[2025-04-28T11:43:47.216+0000] {processor.py:840} INFO - DAG(s) 'example_branch_python_operator_decorator' retrieved from /home/airflow/.local/lib/python3.8/site-packages/airflow/example_dags/example_branch_operator_decorator.py
[2025-04-28T11:43:47.259+0000] {logging_mixin.py:188} INFO - [2025-04-28T11:43:47.259+0000] {dag.py:3033} INFO - Sync 1 DAGs
[2025-04-28T11:43:47.315+0000] {logging_mixin.py:188} INFO - [2025-04-28T11:43:47.314+0000] {dag.py:3820} INFO - Setting next_dagrun for example_branch_python_operator_decorator to 2025-04-27T00:00:00+00:00, run_after=2025-04-28T00:00:00+00:00
[2025-04-28T11:43:47.352+0000] {processor.py:183} INFO - Processing /home/airflow/.local/lib/python3.8/site-packages/airflow/example_dags/example_branch_operator_decorator.py took 0.178 seconds
[2025-04-28T11:44:18.841+0000] {processor.py:161} INFO - Started process (PID=4797) to work on /home/airflow/.local/lib/python3.8/site-packages/airflow/example_dags/example_branch_operator_decorator.py
[2025-04-28T11:44:18.842+0000] {processor.py:830} INFO - Processing file /home/airflow/.local/lib/python3.8/site-packages/airflow/example_dags/example_branch_operator_decorator.py for tasks to queue
[2025-04-28T11:44:18.843+0000] {logging_mixin.py:188} INFO - [2025-04-28T11:44:18.843+0000] {dagbag.py:538} INFO - Filling up the DagBag from /home/airflow/.local/lib/python3.8/site-packages/airflow/example_dags/example_branch_operator_decorator.py
[2025-04-28T11:44:18.872+0000] {processor.py:840} INFO - DAG(s) 'example_branch_python_operator_decorator' retrieved from /home/airflow/.local/lib/python3.8/site-packages/airflow/example_dags/example_branch_operator_decorator.py
[2025-04-28T11:44:18.915+0000] {logging_mixin.py:188} INFO - [2025-04-28T11:44:18.914+0000] {dag.py:3033} INFO - Sync 1 DAGs
[2025-04-28T11:44:18.956+0000] {logging_mixin.py:188} INFO - [2025-04-28T11:44:18.955+0000] {dag.py:3820} INFO - Setting next_dagrun for example_branch_python_operator_decorator to 2025-04-27T00:00:00+00:00, run_after=2025-04-28T00:00:00+00:00
[2025-04-28T11:44:18.988+0000] {processor.py:183} INFO - Processing /home/airflow/.local/lib/python3.8/site-packages/airflow/example_dags/example_branch_operator_decorator.py took 0.152 seconds
[2025-04-28T11:44:51.711+0000] {processor.py:161} INFO - Started process (PID=4853) to work on /home/airflow/.local/lib/python3.8/site-packages/airflow/example_dags/example_branch_operator_decorator.py
[2025-04-28T11:44:51.712+0000] {processor.py:830} INFO - Processing file /home/airflow/.local/lib/python3.8/site-packages/airflow/example_dags/example_branch_operator_decorator.py for tasks to queue
[2025-04-28T11:44:51.714+0000] {logging_mixin.py:188} INFO - [2025-04-28T11:44:51.713+0000] {dagbag.py:538} INFO - Filling up the DagBag from /home/airflow/.local/lib/python3.8/site-packages/airflow/example_dags/example_branch_operator_decorator.py
[2025-04-28T11:44:51.756+0000] {processor.py:840} INFO - DAG(s) 'example_branch_python_operator_decorator' retrieved from /home/airflow/.local/lib/python3.8/site-packages/airflow/example_dags/example_branch_operator_decorator.py
[2025-04-28T11:44:51.824+0000] {logging_mixin.py:188} INFO - [2025-04-28T11:44:51.824+0000] {dag.py:3033} INFO - Sync 1 DAGs
[2025-04-28T11:44:51.875+0000] {logging_mixin.py:188} INFO - [2025-04-28T11:44:51.875+0000] {dag.py:3820} INFO - Setting next_dagrun for example_branch_python_operator_decorator to 2025-04-27T00:00:00+00:00, run_after=2025-04-28T00:00:00+00:00
[2025-04-28T11:44:51.918+0000] {processor.py:183} INFO - Processing /home/airflow/.local/lib/python3.8/site-packages/airflow/example_dags/example_branch_operator_decorator.py took 0.214 seconds
[2025-04-28T11:45:37.766+0000] {processor.py:161} INFO - Started process (PID=4909) to work on /home/airflow/.local/lib/python3.8/site-packages/airflow/example_dags/example_branch_operator_decorator.py
[2025-04-28T11:45:37.767+0000] {processor.py:830} INFO - Processing file /home/airflow/.local/lib/python3.8/site-packages/airflow/example_dags/example_branch_operator_decorator.py for tasks to queue
[2025-04-28T11:45:37.769+0000] {logging_mixin.py:188} INFO - [2025-04-28T11:45:37.769+0000] {dagbag.py:538} INFO - Filling up the DagBag from /home/airflow/.local/lib/python3.8/site-packages/airflow/example_dags/example_branch_operator_decorator.py
[2025-04-28T11:45:37.806+0000] {processor.py:840} INFO - DAG(s) 'example_branch_python_operator_decorator' retrieved from /home/airflow/.local/lib/python3.8/site-packages/airflow/example_dags/example_branch_operator_decorator.py
[2025-04-28T11:45:37.884+0000] {logging_mixin.py:188} INFO - [2025-04-28T11:45:37.883+0000] {dag.py:3033} INFO - Sync 1 DAGs
[2025-04-28T11:45:37.964+0000] {logging_mixin.py:188} INFO - [2025-04-28T11:45:37.962+0000] {dag.py:3820} INFO - Setting next_dagrun for example_branch_python_operator_decorator to 2025-04-27T00:00:00+00:00, run_after=2025-04-28T00:00:00+00:00
[2025-04-28T11:45:38.006+0000] {processor.py:183} INFO - Processing /home/airflow/.local/lib/python3.8/site-packages/airflow/example_dags/example_branch_operator_decorator.py took 0.246 seconds
[2025-04-28T11:46:11.051+0000] {processor.py:161} INFO - Started process (PID=4965) to work on /home/airflow/.local/lib/python3.8/site-packages/airflow/example_dags/example_branch_operator_decorator.py
[2025-04-28T11:46:11.054+0000] {processor.py:830} INFO - Processing file /home/airflow/.local/lib/python3.8/site-packages/airflow/example_dags/example_branch_operator_decorator.py for tasks to queue
[2025-04-28T11:46:11.057+0000] {logging_mixin.py:188} INFO - [2025-04-28T11:46:11.056+0000] {dagbag.py:538} INFO - Filling up the DagBag from /home/airflow/.local/lib/python3.8/site-packages/airflow/example_dags/example_branch_operator_decorator.py
[2025-04-28T11:46:11.111+0000] {processor.py:840} INFO - DAG(s) 'example_branch_python_operator_decorator' retrieved from /home/airflow/.local/lib/python3.8/site-packages/airflow/example_dags/example_branch_operator_decorator.py
[2025-04-28T11:46:11.171+0000] {logging_mixin.py:188} INFO - [2025-04-28T11:46:11.170+0000] {dag.py:3033} INFO - Sync 1 DAGs
[2025-04-28T11:46:11.215+0000] {logging_mixin.py:188} INFO - [2025-04-28T11:46:11.215+0000] {dag.py:3820} INFO - Setting next_dagrun for example_branch_python_operator_decorator to 2025-04-27T00:00:00+00:00, run_after=2025-04-28T00:00:00+00:00
[2025-04-28T11:46:11.257+0000] {processor.py:183} INFO - Processing /home/airflow/.local/lib/python3.8/site-packages/airflow/example_dags/example_branch_operator_decorator.py took 0.214 seconds
[2025-04-28T11:46:41.903+0000] {processor.py:161} INFO - Started process (PID=5021) to work on /home/airflow/.local/lib/python3.8/site-packages/airflow/example_dags/example_branch_operator_decorator.py
[2025-04-28T11:46:41.914+0000] {processor.py:830} INFO - Processing file /home/airflow/.local/lib/python3.8/site-packages/airflow/example_dags/example_branch_operator_decorator.py for tasks to queue
[2025-04-28T11:46:41.916+0000] {logging_mixin.py:188} INFO - [2025-04-28T11:46:41.915+0000] {dagbag.py:538} INFO - Filling up the DagBag from /home/airflow/.local/lib/python3.8/site-packages/airflow/example_dags/example_branch_operator_decorator.py
[2025-04-28T11:46:42.002+0000] {processor.py:840} INFO - DAG(s) 'example_branch_python_operator_decorator' retrieved from /home/airflow/.local/lib/python3.8/site-packages/airflow/example_dags/example_branch_operator_decorator.py
[2025-04-28T11:46:42.071+0000] {logging_mixin.py:188} INFO - [2025-04-28T11:46:42.071+0000] {dag.py:3033} INFO - Sync 1 DAGs
[2025-04-28T11:46:42.117+0000] {logging_mixin.py:188} INFO - [2025-04-28T11:46:42.117+0000] {dag.py:3820} INFO - Setting next_dagrun for example_branch_python_operator_decorator to 2025-04-27T00:00:00+00:00, run_after=2025-04-28T00:00:00+00:00
[2025-04-28T11:46:42.181+0000] {processor.py:183} INFO - Processing /home/airflow/.local/lib/python3.8/site-packages/airflow/example_dags/example_branch_operator_decorator.py took 0.283 seconds
[2025-04-28T11:47:12.268+0000] {processor.py:161} INFO - Started process (PID=5077) to work on /home/airflow/.local/lib/python3.8/site-packages/airflow/example_dags/example_branch_operator_decorator.py
[2025-04-28T11:47:12.270+0000] {processor.py:830} INFO - Processing file /home/airflow/.local/lib/python3.8/site-packages/airflow/example_dags/example_branch_operator_decorator.py for tasks to queue
[2025-04-28T11:47:12.271+0000] {logging_mixin.py:188} INFO - [2025-04-28T11:47:12.271+0000] {dagbag.py:538} INFO - Filling up the DagBag from /home/airflow/.local/lib/python3.8/site-packages/airflow/example_dags/example_branch_operator_decorator.py
[2025-04-28T11:47:12.305+0000] {processor.py:840} INFO - DAG(s) 'example_branch_python_operator_decorator' retrieved from /home/airflow/.local/lib/python3.8/site-packages/airflow/example_dags/example_branch_operator_decorator.py
[2025-04-28T11:47:12.355+0000] {logging_mixin.py:188} INFO - [2025-04-28T11:47:12.354+0000] {dag.py:3033} INFO - Sync 1 DAGs
[2025-04-28T11:47:12.397+0000] {logging_mixin.py:188} INFO - [2025-04-28T11:47:12.397+0000] {dag.py:3820} INFO - Setting next_dagrun for example_branch_python_operator_decorator to 2025-04-27T00:00:00+00:00, run_after=2025-04-28T00:00:00+00:00
[2025-04-28T11:47:12.428+0000] {processor.py:183} INFO - Processing /home/airflow/.local/lib/python3.8/site-packages/airflow/example_dags/example_branch_operator_decorator.py took 0.164 seconds
[2025-04-28T11:47:42.701+0000] {processor.py:161} INFO - Started process (PID=5133) to work on /home/airflow/.local/lib/python3.8/site-packages/airflow/example_dags/example_branch_operator_decorator.py
[2025-04-28T11:47:42.702+0000] {processor.py:830} INFO - Processing file /home/airflow/.local/lib/python3.8/site-packages/airflow/example_dags/example_branch_operator_decorator.py for tasks to queue
[2025-04-28T11:47:42.704+0000] {logging_mixin.py:188} INFO - [2025-04-28T11:47:42.704+0000] {dagbag.py:538} INFO - Filling up the DagBag from /home/airflow/.local/lib/python3.8/site-packages/airflow/example_dags/example_branch_operator_decorator.py
[2025-04-28T11:47:42.731+0000] {processor.py:840} INFO - DAG(s) 'example_branch_python_operator_decorator' retrieved from /home/airflow/.local/lib/python3.8/site-packages/airflow/example_dags/example_branch_operator_decorator.py
[2025-04-28T11:47:42.811+0000] {logging_mixin.py:188} INFO - [2025-04-28T11:47:42.810+0000] {dag.py:3033} INFO - Sync 1 DAGs
[2025-04-28T11:47:42.901+0000] {logging_mixin.py:188} INFO - [2025-04-28T11:47:42.901+0000] {dag.py:3820} INFO - Setting next_dagrun for example_branch_python_operator_decorator to 2025-04-27T00:00:00+00:00, run_after=2025-04-28T00:00:00+00:00
[2025-04-28T11:47:42.957+0000] {processor.py:183} INFO - Processing /home/airflow/.local/lib/python3.8/site-packages/airflow/example_dags/example_branch_operator_decorator.py took 0.262 seconds
[2025-04-28T11:48:13.375+0000] {processor.py:161} INFO - Started process (PID=5189) to work on /home/airflow/.local/lib/python3.8/site-packages/airflow/example_dags/example_branch_operator_decorator.py
[2025-04-28T11:48:13.377+0000] {processor.py:830} INFO - Processing file /home/airflow/.local/lib/python3.8/site-packages/airflow/example_dags/example_branch_operator_decorator.py for tasks to queue
[2025-04-28T11:48:13.380+0000] {logging_mixin.py:188} INFO - [2025-04-28T11:48:13.380+0000] {dagbag.py:538} INFO - Filling up the DagBag from /home/airflow/.local/lib/python3.8/site-packages/airflow/example_dags/example_branch_operator_decorator.py
[2025-04-28T11:48:13.423+0000] {processor.py:840} INFO - DAG(s) 'example_branch_python_operator_decorator' retrieved from /home/airflow/.local/lib/python3.8/site-packages/airflow/example_dags/example_branch_operator_decorator.py
[2025-04-28T11:48:13.502+0000] {logging_mixin.py:188} INFO - [2025-04-28T11:48:13.501+0000] {dag.py:3033} INFO - Sync 1 DAGs
[2025-04-28T11:48:13.558+0000] {logging_mixin.py:188} INFO - [2025-04-28T11:48:13.557+0000] {dag.py:3820} INFO - Setting next_dagrun for example_branch_python_operator_decorator to 2025-04-27T00:00:00+00:00, run_after=2025-04-28T00:00:00+00:00
[2025-04-28T11:48:13.598+0000] {processor.py:183} INFO - Processing /home/airflow/.local/lib/python3.8/site-packages/airflow/example_dags/example_branch_operator_decorator.py took 0.229 seconds
[2025-04-28T11:48:43.908+0000] {processor.py:161} INFO - Started process (PID=5244) to work on /home/airflow/.local/lib/python3.8/site-packages/airflow/example_dags/example_branch_operator_decorator.py
[2025-04-28T11:48:43.909+0000] {processor.py:830} INFO - Processing file /home/airflow/.local/lib/python3.8/site-packages/airflow/example_dags/example_branch_operator_decorator.py for tasks to queue
[2025-04-28T11:48:43.911+0000] {logging_mixin.py:188} INFO - [2025-04-28T11:48:43.910+0000] {dagbag.py:538} INFO - Filling up the DagBag from /home/airflow/.local/lib/python3.8/site-packages/airflow/example_dags/example_branch_operator_decorator.py
[2025-04-28T11:48:43.949+0000] {processor.py:840} INFO - DAG(s) 'example_branch_python_operator_decorator' retrieved from /home/airflow/.local/lib/python3.8/site-packages/airflow/example_dags/example_branch_operator_decorator.py
[2025-04-28T11:48:43.996+0000] {logging_mixin.py:188} INFO - [2025-04-28T11:48:43.995+0000] {dag.py:3033} INFO - Sync 1 DAGs
[2025-04-28T11:48:44.036+0000] {logging_mixin.py:188} INFO - [2025-04-28T11:48:44.036+0000] {dag.py:3820} INFO - Setting next_dagrun for example_branch_python_operator_decorator to 2025-04-27T00:00:00+00:00, run_after=2025-04-28T00:00:00+00:00
[2025-04-28T11:48:44.074+0000] {processor.py:183} INFO - Processing /home/airflow/.local/lib/python3.8/site-packages/airflow/example_dags/example_branch_operator_decorator.py took 0.175 seconds
[2025-04-28T11:49:14.218+0000] {processor.py:161} INFO - Started process (PID=5300) to work on /home/airflow/.local/lib/python3.8/site-packages/airflow/example_dags/example_branch_operator_decorator.py
[2025-04-28T11:49:14.219+0000] {processor.py:830} INFO - Processing file /home/airflow/.local/lib/python3.8/site-packages/airflow/example_dags/example_branch_operator_decorator.py for tasks to queue
[2025-04-28T11:49:14.221+0000] {logging_mixin.py:188} INFO - [2025-04-28T11:49:14.220+0000] {dagbag.py:538} INFO - Filling up the DagBag from /home/airflow/.local/lib/python3.8/site-packages/airflow/example_dags/example_branch_operator_decorator.py
[2025-04-28T11:49:14.251+0000] {processor.py:840} INFO - DAG(s) 'example_branch_python_operator_decorator' retrieved from /home/airflow/.local/lib/python3.8/site-packages/airflow/example_dags/example_branch_operator_decorator.py
[2025-04-28T11:49:14.296+0000] {logging_mixin.py:188} INFO - [2025-04-28T11:49:14.296+0000] {dag.py:3033} INFO - Sync 1 DAGs
[2025-04-28T11:49:14.331+0000] {logging_mixin.py:188} INFO - [2025-04-28T11:49:14.331+0000] {dag.py:3820} INFO - Setting next_dagrun for example_branch_python_operator_decorator to 2025-04-27T00:00:00+00:00, run_after=2025-04-28T00:00:00+00:00
[2025-04-28T11:49:14.361+0000] {processor.py:183} INFO - Processing /home/airflow/.local/lib/python3.8/site-packages/airflow/example_dags/example_branch_operator_decorator.py took 0.148 seconds
[2025-04-28T11:49:44.677+0000] {processor.py:161} INFO - Started process (PID=5356) to work on /home/airflow/.local/lib/python3.8/site-packages/airflow/example_dags/example_branch_operator_decorator.py
[2025-04-28T11:49:44.678+0000] {processor.py:830} INFO - Processing file /home/airflow/.local/lib/python3.8/site-packages/airflow/example_dags/example_branch_operator_decorator.py for tasks to queue
[2025-04-28T11:49:44.680+0000] {logging_mixin.py:188} INFO - [2025-04-28T11:49:44.680+0000] {dagbag.py:538} INFO - Filling up the DagBag from /home/airflow/.local/lib/python3.8/site-packages/airflow/example_dags/example_branch_operator_decorator.py
[2025-04-28T11:49:44.723+0000] {processor.py:840} INFO - DAG(s) 'example_branch_python_operator_decorator' retrieved from /home/airflow/.local/lib/python3.8/site-packages/airflow/example_dags/example_branch_operator_decorator.py
[2025-04-28T11:49:44.778+0000] {logging_mixin.py:188} INFO - [2025-04-28T11:49:44.778+0000] {dag.py:3033} INFO - Sync 1 DAGs
[2025-04-28T11:49:44.825+0000] {logging_mixin.py:188} INFO - [2025-04-28T11:49:44.824+0000] {dag.py:3820} INFO - Setting next_dagrun for example_branch_python_operator_decorator to 2025-04-27T00:00:00+00:00, run_after=2025-04-28T00:00:00+00:00
[2025-04-28T11:49:44.864+0000] {processor.py:183} INFO - Processing /home/airflow/.local/lib/python3.8/site-packages/airflow/example_dags/example_branch_operator_decorator.py took 0.193 seconds
[2025-04-28T11:50:16.345+0000] {processor.py:161} INFO - Started process (PID=5413) to work on /home/airflow/.local/lib/python3.8/site-packages/airflow/example_dags/example_branch_operator_decorator.py
[2025-04-28T11:50:16.346+0000] {processor.py:830} INFO - Processing file /home/airflow/.local/lib/python3.8/site-packages/airflow/example_dags/example_branch_operator_decorator.py for tasks to queue
[2025-04-28T11:50:16.348+0000] {logging_mixin.py:188} INFO - [2025-04-28T11:50:16.347+0000] {dagbag.py:538} INFO - Filling up the DagBag from /home/airflow/.local/lib/python3.8/site-packages/airflow/example_dags/example_branch_operator_decorator.py
[2025-04-28T11:50:16.374+0000] {processor.py:840} INFO - DAG(s) 'example_branch_python_operator_decorator' retrieved from /home/airflow/.local/lib/python3.8/site-packages/airflow/example_dags/example_branch_operator_decorator.py
[2025-04-28T11:50:16.411+0000] {logging_mixin.py:188} INFO - [2025-04-28T11:50:16.411+0000] {dag.py:3033} INFO - Sync 1 DAGs
[2025-04-28T11:50:16.440+0000] {logging_mixin.py:188} INFO - [2025-04-28T11:50:16.440+0000] {dag.py:3820} INFO - Setting next_dagrun for example_branch_python_operator_decorator to 2025-04-27T00:00:00+00:00, run_after=2025-04-28T00:00:00+00:00
[2025-04-28T11:50:16.468+0000] {processor.py:183} INFO - Processing /home/airflow/.local/lib/python3.8/site-packages/airflow/example_dags/example_branch_operator_decorator.py took 0.127 seconds
[2025-04-28T11:50:46.616+0000] {processor.py:161} INFO - Started process (PID=5468) to work on /home/airflow/.local/lib/python3.8/site-packages/airflow/example_dags/example_branch_operator_decorator.py
[2025-04-28T11:50:46.618+0000] {processor.py:830} INFO - Processing file /home/airflow/.local/lib/python3.8/site-packages/airflow/example_dags/example_branch_operator_decorator.py for tasks to queue
[2025-04-28T11:50:46.619+0000] {logging_mixin.py:188} INFO - [2025-04-28T11:50:46.619+0000] {dagbag.py:538} INFO - Filling up the DagBag from /home/airflow/.local/lib/python3.8/site-packages/airflow/example_dags/example_branch_operator_decorator.py
[2025-04-28T11:50:46.644+0000] {processor.py:840} INFO - DAG(s) 'example_branch_python_operator_decorator' retrieved from /home/airflow/.local/lib/python3.8/site-packages/airflow/example_dags/example_branch_operator_decorator.py
[2025-04-28T11:50:46.686+0000] {logging_mixin.py:188} INFO - [2025-04-28T11:50:46.686+0000] {dag.py:3033} INFO - Sync 1 DAGs
[2025-04-28T11:50:46.714+0000] {logging_mixin.py:188} INFO - [2025-04-28T11:50:46.714+0000] {dag.py:3820} INFO - Setting next_dagrun for example_branch_python_operator_decorator to 2025-04-27T00:00:00+00:00, run_after=2025-04-28T00:00:00+00:00
[2025-04-28T11:50:46.750+0000] {processor.py:183} INFO - Processing /home/airflow/.local/lib/python3.8/site-packages/airflow/example_dags/example_branch_operator_decorator.py took 0.137 seconds
[2025-04-28T11:51:17.454+0000] {processor.py:161} INFO - Started process (PID=5524) to work on /home/airflow/.local/lib/python3.8/site-packages/airflow/example_dags/example_branch_operator_decorator.py
[2025-04-28T11:51:17.456+0000] {processor.py:830} INFO - Processing file /home/airflow/.local/lib/python3.8/site-packages/airflow/example_dags/example_branch_operator_decorator.py for tasks to queue
[2025-04-28T11:51:17.457+0000] {logging_mixin.py:188} INFO - [2025-04-28T11:51:17.456+0000] {dagbag.py:538} INFO - Filling up the DagBag from /home/airflow/.local/lib/python3.8/site-packages/airflow/example_dags/example_branch_operator_decorator.py
[2025-04-28T11:51:17.486+0000] {processor.py:840} INFO - DAG(s) 'example_branch_python_operator_decorator' retrieved from /home/airflow/.local/lib/python3.8/site-packages/airflow/example_dags/example_branch_operator_decorator.py
[2025-04-28T11:51:17.531+0000] {logging_mixin.py:188} INFO - [2025-04-28T11:51:17.531+0000] {dag.py:3033} INFO - Sync 1 DAGs
[2025-04-28T11:51:17.567+0000] {logging_mixin.py:188} INFO - [2025-04-28T11:51:17.567+0000] {dag.py:3820} INFO - Setting next_dagrun for example_branch_python_operator_decorator to 2025-04-27T00:00:00+00:00, run_after=2025-04-28T00:00:00+00:00
[2025-04-28T11:51:17.598+0000] {processor.py:183} INFO - Processing /home/airflow/.local/lib/python3.8/site-packages/airflow/example_dags/example_branch_operator_decorator.py took 0.148 seconds
[2025-04-28T11:51:48.028+0000] {processor.py:161} INFO - Started process (PID=5580) to work on /home/airflow/.local/lib/python3.8/site-packages/airflow/example_dags/example_branch_operator_decorator.py
[2025-04-28T11:51:48.030+0000] {processor.py:830} INFO - Processing file /home/airflow/.local/lib/python3.8/site-packages/airflow/example_dags/example_branch_operator_decorator.py for tasks to queue
[2025-04-28T11:51:48.031+0000] {logging_mixin.py:188} INFO - [2025-04-28T11:51:48.031+0000] {dagbag.py:538} INFO - Filling up the DagBag from /home/airflow/.local/lib/python3.8/site-packages/airflow/example_dags/example_branch_operator_decorator.py
[2025-04-28T11:51:48.055+0000] {processor.py:840} INFO - DAG(s) 'example_branch_python_operator_decorator' retrieved from /home/airflow/.local/lib/python3.8/site-packages/airflow/example_dags/example_branch_operator_decorator.py
[2025-04-28T11:51:48.093+0000] {logging_mixin.py:188} INFO - [2025-04-28T11:51:48.093+0000] {dag.py:3033} INFO - Sync 1 DAGs
[2025-04-28T11:51:48.122+0000] {logging_mixin.py:188} INFO - [2025-04-28T11:51:48.122+0000] {dag.py:3820} INFO - Setting next_dagrun for example_branch_python_operator_decorator to 2025-04-27T00:00:00+00:00, run_after=2025-04-28T00:00:00+00:00
[2025-04-28T11:51:48.157+0000] {processor.py:183} INFO - Processing /home/airflow/.local/lib/python3.8/site-packages/airflow/example_dags/example_branch_operator_decorator.py took 0.132 seconds
[2025-04-28T11:52:19.109+0000] {processor.py:161} INFO - Started process (PID=5636) to work on /home/airflow/.local/lib/python3.8/site-packages/airflow/example_dags/example_branch_operator_decorator.py
[2025-04-28T11:52:19.110+0000] {processor.py:830} INFO - Processing file /home/airflow/.local/lib/python3.8/site-packages/airflow/example_dags/example_branch_operator_decorator.py for tasks to queue
[2025-04-28T11:52:19.112+0000] {logging_mixin.py:188} INFO - [2025-04-28T11:52:19.111+0000] {dagbag.py:538} INFO - Filling up the DagBag from /home/airflow/.local/lib/python3.8/site-packages/airflow/example_dags/example_branch_operator_decorator.py
[2025-04-28T11:52:19.143+0000] {processor.py:840} INFO - DAG(s) 'example_branch_python_operator_decorator' retrieved from /home/airflow/.local/lib/python3.8/site-packages/airflow/example_dags/example_branch_operator_decorator.py
[2025-04-28T11:52:19.190+0000] {logging_mixin.py:188} INFO - [2025-04-28T11:52:19.190+0000] {dag.py:3033} INFO - Sync 1 DAGs
[2025-04-28T11:52:19.228+0000] {logging_mixin.py:188} INFO - [2025-04-28T11:52:19.228+0000] {dag.py:3820} INFO - Setting next_dagrun for example_branch_python_operator_decorator to 2025-04-27T00:00:00+00:00, run_after=2025-04-28T00:00:00+00:00
[2025-04-28T11:52:19.271+0000] {processor.py:183} INFO - Processing /home/airflow/.local/lib/python3.8/site-packages/airflow/example_dags/example_branch_operator_decorator.py took 0.167 seconds
[2025-04-28T11:52:49.658+0000] {processor.py:161} INFO - Started process (PID=5686) to work on /home/airflow/.local/lib/python3.8/site-packages/airflow/example_dags/example_branch_operator_decorator.py
[2025-04-28T11:52:49.660+0000] {processor.py:830} INFO - Processing file /home/airflow/.local/lib/python3.8/site-packages/airflow/example_dags/example_branch_operator_decorator.py for tasks to queue
[2025-04-28T11:52:49.661+0000] {logging_mixin.py:188} INFO - [2025-04-28T11:52:49.661+0000] {dagbag.py:538} INFO - Filling up the DagBag from /home/airflow/.local/lib/python3.8/site-packages/airflow/example_dags/example_branch_operator_decorator.py
[2025-04-28T11:52:49.704+0000] {processor.py:840} INFO - DAG(s) 'example_branch_python_operator_decorator' retrieved from /home/airflow/.local/lib/python3.8/site-packages/airflow/example_dags/example_branch_operator_decorator.py
[2025-04-28T11:52:49.799+0000] {logging_mixin.py:188} INFO - [2025-04-28T11:52:49.797+0000] {dag.py:3033} INFO - Sync 1 DAGs
[2025-04-28T11:52:49.939+0000] {logging_mixin.py:188} INFO - [2025-04-28T11:52:49.938+0000] {dag.py:3820} INFO - Setting next_dagrun for example_branch_python_operator_decorator to 2025-04-27T00:00:00+00:00, run_after=2025-04-28T00:00:00+00:00
[2025-04-28T11:52:50.056+0000] {processor.py:183} INFO - Processing /home/airflow/.local/lib/python3.8/site-packages/airflow/example_dags/example_branch_operator_decorator.py took 0.404 seconds
[2025-04-28T11:53:20.526+0000] {processor.py:161} INFO - Started process (PID=5743) to work on /home/airflow/.local/lib/python3.8/site-packages/airflow/example_dags/example_branch_operator_decorator.py
[2025-04-28T11:53:20.528+0000] {processor.py:830} INFO - Processing file /home/airflow/.local/lib/python3.8/site-packages/airflow/example_dags/example_branch_operator_decorator.py for tasks to queue
[2025-04-28T11:53:20.530+0000] {logging_mixin.py:188} INFO - [2025-04-28T11:53:20.529+0000] {dagbag.py:538} INFO - Filling up the DagBag from /home/airflow/.local/lib/python3.8/site-packages/airflow/example_dags/example_branch_operator_decorator.py
[2025-04-28T11:53:20.560+0000] {processor.py:840} INFO - DAG(s) 'example_branch_python_operator_decorator' retrieved from /home/airflow/.local/lib/python3.8/site-packages/airflow/example_dags/example_branch_operator_decorator.py
[2025-04-28T11:53:20.632+0000] {logging_mixin.py:188} INFO - [2025-04-28T11:53:20.631+0000] {dag.py:3033} INFO - Sync 1 DAGs
[2025-04-28T11:53:20.684+0000] {logging_mixin.py:188} INFO - [2025-04-28T11:53:20.683+0000] {dag.py:3820} INFO - Setting next_dagrun for example_branch_python_operator_decorator to 2025-04-27T00:00:00+00:00, run_after=2025-04-28T00:00:00+00:00
[2025-04-28T11:53:20.733+0000] {processor.py:183} INFO - Processing /home/airflow/.local/lib/python3.8/site-packages/airflow/example_dags/example_branch_operator_decorator.py took 0.213 seconds
[2025-04-28T11:53:51.176+0000] {processor.py:161} INFO - Started process (PID=5799) to work on /home/airflow/.local/lib/python3.8/site-packages/airflow/example_dags/example_branch_operator_decorator.py
[2025-04-28T11:53:51.178+0000] {processor.py:830} INFO - Processing file /home/airflow/.local/lib/python3.8/site-packages/airflow/example_dags/example_branch_operator_decorator.py for tasks to queue
[2025-04-28T11:53:51.179+0000] {logging_mixin.py:188} INFO - [2025-04-28T11:53:51.179+0000] {dagbag.py:538} INFO - Filling up the DagBag from /home/airflow/.local/lib/python3.8/site-packages/airflow/example_dags/example_branch_operator_decorator.py
[2025-04-28T11:53:51.205+0000] {processor.py:840} INFO - DAG(s) 'example_branch_python_operator_decorator' retrieved from /home/airflow/.local/lib/python3.8/site-packages/airflow/example_dags/example_branch_operator_decorator.py
[2025-04-28T11:53:51.249+0000] {logging_mixin.py:188} INFO - [2025-04-28T11:53:51.249+0000] {dag.py:3033} INFO - Sync 1 DAGs
[2025-04-28T11:53:51.292+0000] {logging_mixin.py:188} INFO - [2025-04-28T11:53:51.292+0000] {dag.py:3820} INFO - Setting next_dagrun for example_branch_python_operator_decorator to 2025-04-27T00:00:00+00:00, run_after=2025-04-28T00:00:00+00:00
[2025-04-28T11:53:51.323+0000] {processor.py:183} INFO - Processing /home/airflow/.local/lib/python3.8/site-packages/airflow/example_dags/example_branch_operator_decorator.py took 0.152 seconds
[2025-04-28T11:54:21.477+0000] {processor.py:161} INFO - Started process (PID=5855) to work on /home/airflow/.local/lib/python3.8/site-packages/airflow/example_dags/example_branch_operator_decorator.py
[2025-04-28T11:54:21.479+0000] {processor.py:830} INFO - Processing file /home/airflow/.local/lib/python3.8/site-packages/airflow/example_dags/example_branch_operator_decorator.py for tasks to queue
[2025-04-28T11:54:21.481+0000] {logging_mixin.py:188} INFO - [2025-04-28T11:54:21.480+0000] {dagbag.py:538} INFO - Filling up the DagBag from /home/airflow/.local/lib/python3.8/site-packages/airflow/example_dags/example_branch_operator_decorator.py
[2025-04-28T11:54:21.527+0000] {processor.py:840} INFO - DAG(s) 'example_branch_python_operator_decorator' retrieved from /home/airflow/.local/lib/python3.8/site-packages/airflow/example_dags/example_branch_operator_decorator.py
[2025-04-28T11:54:21.578+0000] {logging_mixin.py:188} INFO - [2025-04-28T11:54:21.578+0000] {dag.py:3033} INFO - Sync 1 DAGs
[2025-04-28T11:54:21.613+0000] {logging_mixin.py:188} INFO - [2025-04-28T11:54:21.613+0000] {dag.py:3820} INFO - Setting next_dagrun for example_branch_python_operator_decorator to 2025-04-27T00:00:00+00:00, run_after=2025-04-28T00:00:00+00:00
[2025-04-28T11:54:21.644+0000] {processor.py:183} INFO - Processing /home/airflow/.local/lib/python3.8/site-packages/airflow/example_dags/example_branch_operator_decorator.py took 0.174 seconds
[2025-04-28T11:54:52.272+0000] {processor.py:161} INFO - Started process (PID=5911) to work on /home/airflow/.local/lib/python3.8/site-packages/airflow/example_dags/example_branch_operator_decorator.py
[2025-04-28T11:54:52.273+0000] {processor.py:830} INFO - Processing file /home/airflow/.local/lib/python3.8/site-packages/airflow/example_dags/example_branch_operator_decorator.py for tasks to queue
[2025-04-28T11:54:52.274+0000] {logging_mixin.py:188} INFO - [2025-04-28T11:54:52.274+0000] {dagbag.py:538} INFO - Filling up the DagBag from /home/airflow/.local/lib/python3.8/site-packages/airflow/example_dags/example_branch_operator_decorator.py
[2025-04-28T11:54:52.309+0000] {processor.py:840} INFO - DAG(s) 'example_branch_python_operator_decorator' retrieved from /home/airflow/.local/lib/python3.8/site-packages/airflow/example_dags/example_branch_operator_decorator.py
[2025-04-28T11:54:52.353+0000] {logging_mixin.py:188} INFO - [2025-04-28T11:54:52.352+0000] {dag.py:3033} INFO - Sync 1 DAGs
[2025-04-28T11:54:52.385+0000] {logging_mixin.py:188} INFO - [2025-04-28T11:54:52.384+0000] {dag.py:3820} INFO - Setting next_dagrun for example_branch_python_operator_decorator to 2025-04-27T00:00:00+00:00, run_after=2025-04-28T00:00:00+00:00
[2025-04-28T11:54:52.421+0000] {processor.py:183} INFO - Processing /home/airflow/.local/lib/python3.8/site-packages/airflow/example_dags/example_branch_operator_decorator.py took 0.153 seconds
[2025-04-28T11:55:23.514+0000] {processor.py:161} INFO - Started process (PID=5967) to work on /home/airflow/.local/lib/python3.8/site-packages/airflow/example_dags/example_branch_operator_decorator.py
[2025-04-28T11:55:23.516+0000] {processor.py:830} INFO - Processing file /home/airflow/.local/lib/python3.8/site-packages/airflow/example_dags/example_branch_operator_decorator.py for tasks to queue
[2025-04-28T11:55:23.518+0000] {logging_mixin.py:188} INFO - [2025-04-28T11:55:23.517+0000] {dagbag.py:538} INFO - Filling up the DagBag from /home/airflow/.local/lib/python3.8/site-packages/airflow/example_dags/example_branch_operator_decorator.py
[2025-04-28T11:55:23.563+0000] {processor.py:840} INFO - DAG(s) 'example_branch_python_operator_decorator' retrieved from /home/airflow/.local/lib/python3.8/site-packages/airflow/example_dags/example_branch_operator_decorator.py
[2025-04-28T11:55:23.635+0000] {logging_mixin.py:188} INFO - [2025-04-28T11:55:23.635+0000] {dag.py:3033} INFO - Sync 1 DAGs
[2025-04-28T11:55:23.736+0000] {logging_mixin.py:188} INFO - [2025-04-28T11:55:23.736+0000] {dag.py:3820} INFO - Setting next_dagrun for example_branch_python_operator_decorator to 2025-04-27T00:00:00+00:00, run_after=2025-04-28T00:00:00+00:00
[2025-04-28T11:55:23.796+0000] {processor.py:183} INFO - Processing /home/airflow/.local/lib/python3.8/site-packages/airflow/example_dags/example_branch_operator_decorator.py took 0.288 seconds
[2025-04-28T11:55:54.322+0000] {processor.py:161} INFO - Started process (PID=6023) to work on /home/airflow/.local/lib/python3.8/site-packages/airflow/example_dags/example_branch_operator_decorator.py
[2025-04-28T11:55:54.324+0000] {processor.py:830} INFO - Processing file /home/airflow/.local/lib/python3.8/site-packages/airflow/example_dags/example_branch_operator_decorator.py for tasks to queue
[2025-04-28T11:55:54.326+0000] {logging_mixin.py:188} INFO - [2025-04-28T11:55:54.325+0000] {dagbag.py:538} INFO - Filling up the DagBag from /home/airflow/.local/lib/python3.8/site-packages/airflow/example_dags/example_branch_operator_decorator.py
[2025-04-28T11:55:54.361+0000] {processor.py:840} INFO - DAG(s) 'example_branch_python_operator_decorator' retrieved from /home/airflow/.local/lib/python3.8/site-packages/airflow/example_dags/example_branch_operator_decorator.py
[2025-04-28T11:55:54.410+0000] {logging_mixin.py:188} INFO - [2025-04-28T11:55:54.410+0000] {dag.py:3033} INFO - Sync 1 DAGs
[2025-04-28T11:55:54.440+0000] {logging_mixin.py:188} INFO - [2025-04-28T11:55:54.440+0000] {dag.py:3820} INFO - Setting next_dagrun for example_branch_python_operator_decorator to 2025-04-27T00:00:00+00:00, run_after=2025-04-28T00:00:00+00:00
[2025-04-28T11:55:54.472+0000] {processor.py:183} INFO - Processing /home/airflow/.local/lib/python3.8/site-packages/airflow/example_dags/example_branch_operator_decorator.py took 0.156 seconds
[2025-04-28T11:56:31.727+0000] {processor.py:161} INFO - Started process (PID=6079) to work on /home/airflow/.local/lib/python3.8/site-packages/airflow/example_dags/example_branch_operator_decorator.py
[2025-04-28T11:56:31.728+0000] {processor.py:830} INFO - Processing file /home/airflow/.local/lib/python3.8/site-packages/airflow/example_dags/example_branch_operator_decorator.py for tasks to queue
[2025-04-28T11:56:31.730+0000] {logging_mixin.py:188} INFO - [2025-04-28T11:56:31.729+0000] {dagbag.py:538} INFO - Filling up the DagBag from /home/airflow/.local/lib/python3.8/site-packages/airflow/example_dags/example_branch_operator_decorator.py
[2025-04-28T11:56:31.771+0000] {processor.py:840} INFO - DAG(s) 'example_branch_python_operator_decorator' retrieved from /home/airflow/.local/lib/python3.8/site-packages/airflow/example_dags/example_branch_operator_decorator.py
[2025-04-28T11:56:31.833+0000] {logging_mixin.py:188} INFO - [2025-04-28T11:56:31.833+0000] {dag.py:3033} INFO - Sync 1 DAGs
[2025-04-28T11:56:31.886+0000] {logging_mixin.py:188} INFO - [2025-04-28T11:56:31.886+0000] {dag.py:3820} INFO - Setting next_dagrun for example_branch_python_operator_decorator to 2025-04-27T00:00:00+00:00, run_after=2025-04-28T00:00:00+00:00
[2025-04-28T11:56:31.957+0000] {processor.py:183} INFO - Processing /home/airflow/.local/lib/python3.8/site-packages/airflow/example_dags/example_branch_operator_decorator.py took 0.236 seconds
[2025-04-28T11:57:02.843+0000] {processor.py:161} INFO - Started process (PID=6135) to work on /home/airflow/.local/lib/python3.8/site-packages/airflow/example_dags/example_branch_operator_decorator.py
[2025-04-28T11:57:02.845+0000] {processor.py:830} INFO - Processing file /home/airflow/.local/lib/python3.8/site-packages/airflow/example_dags/example_branch_operator_decorator.py for tasks to queue
[2025-04-28T11:57:02.847+0000] {logging_mixin.py:188} INFO - [2025-04-28T11:57:02.846+0000] {dagbag.py:538} INFO - Filling up the DagBag from /home/airflow/.local/lib/python3.8/site-packages/airflow/example_dags/example_branch_operator_decorator.py
[2025-04-28T11:57:02.875+0000] {processor.py:840} INFO - DAG(s) 'example_branch_python_operator_decorator' retrieved from /home/airflow/.local/lib/python3.8/site-packages/airflow/example_dags/example_branch_operator_decorator.py
[2025-04-28T11:57:02.943+0000] {logging_mixin.py:188} INFO - [2025-04-28T11:57:02.943+0000] {dag.py:3033} INFO - Sync 1 DAGs
[2025-04-28T11:57:03.024+0000] {logging_mixin.py:188} INFO - [2025-04-28T11:57:03.023+0000] {dag.py:3820} INFO - Setting next_dagrun for example_branch_python_operator_decorator to 2025-04-27T00:00:00+00:00, run_after=2025-04-28T00:00:00+00:00
[2025-04-28T11:57:03.093+0000] {processor.py:183} INFO - Processing /home/airflow/.local/lib/python3.8/site-packages/airflow/example_dags/example_branch_operator_decorator.py took 0.254 seconds
[2025-04-28T11:57:33.588+0000] {processor.py:161} INFO - Started process (PID=6191) to work on /home/airflow/.local/lib/python3.8/site-packages/airflow/example_dags/example_branch_operator_decorator.py
[2025-04-28T11:57:33.590+0000] {processor.py:830} INFO - Processing file /home/airflow/.local/lib/python3.8/site-packages/airflow/example_dags/example_branch_operator_decorator.py for tasks to queue
[2025-04-28T11:57:33.591+0000] {logging_mixin.py:188} INFO - [2025-04-28T11:57:33.591+0000] {dagbag.py:538} INFO - Filling up the DagBag from /home/airflow/.local/lib/python3.8/site-packages/airflow/example_dags/example_branch_operator_decorator.py
[2025-04-28T11:57:33.620+0000] {processor.py:840} INFO - DAG(s) 'example_branch_python_operator_decorator' retrieved from /home/airflow/.local/lib/python3.8/site-packages/airflow/example_dags/example_branch_operator_decorator.py
[2025-04-28T11:57:33.661+0000] {logging_mixin.py:188} INFO - [2025-04-28T11:57:33.660+0000] {dag.py:3033} INFO - Sync 1 DAGs
[2025-04-28T11:57:33.695+0000] {logging_mixin.py:188} INFO - [2025-04-28T11:57:33.695+0000] {dag.py:3820} INFO - Setting next_dagrun for example_branch_python_operator_decorator to 2025-04-27T00:00:00+00:00, run_after=2025-04-28T00:00:00+00:00
[2025-04-28T11:57:33.730+0000] {processor.py:183} INFO - Processing /home/airflow/.local/lib/python3.8/site-packages/airflow/example_dags/example_branch_operator_decorator.py took 0.146 seconds
[2025-04-28T11:58:04.034+0000] {processor.py:161} INFO - Started process (PID=6247) to work on /home/airflow/.local/lib/python3.8/site-packages/airflow/example_dags/example_branch_operator_decorator.py
[2025-04-28T11:58:04.035+0000] {processor.py:830} INFO - Processing file /home/airflow/.local/lib/python3.8/site-packages/airflow/example_dags/example_branch_operator_decorator.py for tasks to queue
[2025-04-28T11:58:04.036+0000] {logging_mixin.py:188} INFO - [2025-04-28T11:58:04.036+0000] {dagbag.py:538} INFO - Filling up the DagBag from /home/airflow/.local/lib/python3.8/site-packages/airflow/example_dags/example_branch_operator_decorator.py
[2025-04-28T11:58:04.062+0000] {processor.py:840} INFO - DAG(s) 'example_branch_python_operator_decorator' retrieved from /home/airflow/.local/lib/python3.8/site-packages/airflow/example_dags/example_branch_operator_decorator.py
[2025-04-28T11:58:04.103+0000] {logging_mixin.py:188} INFO - [2025-04-28T11:58:04.103+0000] {dag.py:3033} INFO - Sync 1 DAGs
[2025-04-28T11:58:04.135+0000] {logging_mixin.py:188} INFO - [2025-04-28T11:58:04.134+0000] {dag.py:3820} INFO - Setting next_dagrun for example_branch_python_operator_decorator to 2025-04-27T00:00:00+00:00, run_after=2025-04-28T00:00:00+00:00
[2025-04-28T11:58:04.161+0000] {processor.py:183} INFO - Processing /home/airflow/.local/lib/python3.8/site-packages/airflow/example_dags/example_branch_operator_decorator.py took 0.132 seconds
[2025-04-28T11:58:35.167+0000] {processor.py:161} INFO - Started process (PID=6303) to work on /home/airflow/.local/lib/python3.8/site-packages/airflow/example_dags/example_branch_operator_decorator.py
[2025-04-28T11:58:35.169+0000] {processor.py:830} INFO - Processing file /home/airflow/.local/lib/python3.8/site-packages/airflow/example_dags/example_branch_operator_decorator.py for tasks to queue
[2025-04-28T11:58:35.174+0000] {logging_mixin.py:188} INFO - [2025-04-28T11:58:35.173+0000] {dagbag.py:538} INFO - Filling up the DagBag from /home/airflow/.local/lib/python3.8/site-packages/airflow/example_dags/example_branch_operator_decorator.py
[2025-04-28T11:58:35.223+0000] {processor.py:840} INFO - DAG(s) 'example_branch_python_operator_decorator' retrieved from /home/airflow/.local/lib/python3.8/site-packages/airflow/example_dags/example_branch_operator_decorator.py
[2025-04-28T11:58:35.298+0000] {logging_mixin.py:188} INFO - [2025-04-28T11:58:35.298+0000] {dag.py:3033} INFO - Sync 1 DAGs
[2025-04-28T11:58:35.357+0000] {logging_mixin.py:188} INFO - [2025-04-28T11:58:35.357+0000] {dag.py:3820} INFO - Setting next_dagrun for example_branch_python_operator_decorator to 2025-04-27T00:00:00+00:00, run_after=2025-04-28T00:00:00+00:00
[2025-04-28T11:58:35.408+0000] {processor.py:183} INFO - Processing /home/airflow/.local/lib/python3.8/site-packages/airflow/example_dags/example_branch_operator_decorator.py took 0.247 seconds
[2025-04-28T11:59:06.179+0000] {processor.py:161} INFO - Started process (PID=6359) to work on /home/airflow/.local/lib/python3.8/site-packages/airflow/example_dags/example_branch_operator_decorator.py
[2025-04-28T11:59:06.181+0000] {processor.py:830} INFO - Processing file /home/airflow/.local/lib/python3.8/site-packages/airflow/example_dags/example_branch_operator_decorator.py for tasks to queue
[2025-04-28T11:59:06.182+0000] {logging_mixin.py:188} INFO - [2025-04-28T11:59:06.182+0000] {dagbag.py:538} INFO - Filling up the DagBag from /home/airflow/.local/lib/python3.8/site-packages/airflow/example_dags/example_branch_operator_decorator.py
[2025-04-28T11:59:06.211+0000] {processor.py:840} INFO - DAG(s) 'example_branch_python_operator_decorator' retrieved from /home/airflow/.local/lib/python3.8/site-packages/airflow/example_dags/example_branch_operator_decorator.py
[2025-04-28T11:59:06.252+0000] {logging_mixin.py:188} INFO - [2025-04-28T11:59:06.252+0000] {dag.py:3033} INFO - Sync 1 DAGs
[2025-04-28T11:59:06.285+0000] {logging_mixin.py:188} INFO - [2025-04-28T11:59:06.285+0000] {dag.py:3820} INFO - Setting next_dagrun for example_branch_python_operator_decorator to 2025-04-27T00:00:00+00:00, run_after=2025-04-28T00:00:00+00:00
[2025-04-28T11:59:06.319+0000] {processor.py:183} INFO - Processing /home/airflow/.local/lib/python3.8/site-packages/airflow/example_dags/example_branch_operator_decorator.py took 0.146 seconds
[2025-04-28T11:59:37.253+0000] {processor.py:161} INFO - Started process (PID=6416) to work on /home/airflow/.local/lib/python3.8/site-packages/airflow/example_dags/example_branch_operator_decorator.py
[2025-04-28T11:59:37.255+0000] {processor.py:830} INFO - Processing file /home/airflow/.local/lib/python3.8/site-packages/airflow/example_dags/example_branch_operator_decorator.py for tasks to queue
[2025-04-28T11:59:37.256+0000] {logging_mixin.py:188} INFO - [2025-04-28T11:59:37.256+0000] {dagbag.py:538} INFO - Filling up the DagBag from /home/airflow/.local/lib/python3.8/site-packages/airflow/example_dags/example_branch_operator_decorator.py
[2025-04-28T11:59:37.285+0000] {processor.py:840} INFO - DAG(s) 'example_branch_python_operator_decorator' retrieved from /home/airflow/.local/lib/python3.8/site-packages/airflow/example_dags/example_branch_operator_decorator.py
[2025-04-28T11:59:37.329+0000] {logging_mixin.py:188} INFO - [2025-04-28T11:59:37.328+0000] {dag.py:3033} INFO - Sync 1 DAGs
[2025-04-28T11:59:37.370+0000] {logging_mixin.py:188} INFO - [2025-04-28T11:59:37.370+0000] {dag.py:3820} INFO - Setting next_dagrun for example_branch_python_operator_decorator to 2025-04-27T00:00:00+00:00, run_after=2025-04-28T00:00:00+00:00
[2025-04-28T11:59:37.398+0000] {processor.py:183} INFO - Processing /home/airflow/.local/lib/python3.8/site-packages/airflow/example_dags/example_branch_operator_decorator.py took 0.150 seconds
[2025-04-28T12:00:08.051+0000] {processor.py:161} INFO - Started process (PID=6472) to work on /home/airflow/.local/lib/python3.8/site-packages/airflow/example_dags/example_branch_operator_decorator.py
[2025-04-28T12:00:08.052+0000] {processor.py:830} INFO - Processing file /home/airflow/.local/lib/python3.8/site-packages/airflow/example_dags/example_branch_operator_decorator.py for tasks to queue
[2025-04-28T12:00:08.054+0000] {logging_mixin.py:188} INFO - [2025-04-28T12:00:08.053+0000] {dagbag.py:538} INFO - Filling up the DagBag from /home/airflow/.local/lib/python3.8/site-packages/airflow/example_dags/example_branch_operator_decorator.py
[2025-04-28T12:00:08.095+0000] {processor.py:840} INFO - DAG(s) 'example_branch_python_operator_decorator' retrieved from /home/airflow/.local/lib/python3.8/site-packages/airflow/example_dags/example_branch_operator_decorator.py
[2025-04-28T12:00:08.148+0000] {logging_mixin.py:188} INFO - [2025-04-28T12:00:08.147+0000] {dag.py:3033} INFO - Sync 1 DAGs
[2025-04-28T12:00:08.189+0000] {logging_mixin.py:188} INFO - [2025-04-28T12:00:08.189+0000] {dag.py:3820} INFO - Setting next_dagrun for example_branch_python_operator_decorator to 2025-04-27T00:00:00+00:00, run_after=2025-04-28T00:00:00+00:00
[2025-04-28T12:00:08.223+0000] {processor.py:183} INFO - Processing /home/airflow/.local/lib/python3.8/site-packages/airflow/example_dags/example_branch_operator_decorator.py took 0.181 seconds
[2025-04-28T12:00:41.110+0000] {processor.py:161} INFO - Started process (PID=6529) to work on /home/airflow/.local/lib/python3.8/site-packages/airflow/example_dags/example_branch_operator_decorator.py
[2025-04-28T12:00:41.113+0000] {processor.py:830} INFO - Processing file /home/airflow/.local/lib/python3.8/site-packages/airflow/example_dags/example_branch_operator_decorator.py for tasks to queue
[2025-04-28T12:00:41.114+0000] {logging_mixin.py:188} INFO - [2025-04-28T12:00:41.114+0000] {dagbag.py:538} INFO - Filling up the DagBag from /home/airflow/.local/lib/python3.8/site-packages/airflow/example_dags/example_branch_operator_decorator.py
[2025-04-28T12:00:41.162+0000] {processor.py:840} INFO - DAG(s) 'example_branch_python_operator_decorator' retrieved from /home/airflow/.local/lib/python3.8/site-packages/airflow/example_dags/example_branch_operator_decorator.py
[2025-04-28T12:00:41.232+0000] {logging_mixin.py:188} INFO - [2025-04-28T12:00:41.232+0000] {dag.py:3033} INFO - Sync 1 DAGs
[2025-04-28T12:00:41.270+0000] {logging_mixin.py:188} INFO - [2025-04-28T12:00:41.269+0000] {dag.py:3820} INFO - Setting next_dagrun for example_branch_python_operator_decorator to 2025-04-27T00:00:00+00:00, run_after=2025-04-28T00:00:00+00:00
[2025-04-28T12:00:41.318+0000] {processor.py:183} INFO - Processing /home/airflow/.local/lib/python3.8/site-packages/airflow/example_dags/example_branch_operator_decorator.py took 0.215 seconds
[2025-04-28T12:01:13.231+0000] {processor.py:161} INFO - Started process (PID=6585) to work on /home/airflow/.local/lib/python3.8/site-packages/airflow/example_dags/example_branch_operator_decorator.py
[2025-04-28T12:01:13.232+0000] {processor.py:830} INFO - Processing file /home/airflow/.local/lib/python3.8/site-packages/airflow/example_dags/example_branch_operator_decorator.py for tasks to queue
[2025-04-28T12:01:13.234+0000] {logging_mixin.py:188} INFO - [2025-04-28T12:01:13.233+0000] {dagbag.py:538} INFO - Filling up the DagBag from /home/airflow/.local/lib/python3.8/site-packages/airflow/example_dags/example_branch_operator_decorator.py
[2025-04-28T12:01:13.266+0000] {processor.py:840} INFO - DAG(s) 'example_branch_python_operator_decorator' retrieved from /home/airflow/.local/lib/python3.8/site-packages/airflow/example_dags/example_branch_operator_decorator.py
[2025-04-28T12:01:13.315+0000] {logging_mixin.py:188} INFO - [2025-04-28T12:01:13.315+0000] {dag.py:3033} INFO - Sync 1 DAGs
[2025-04-28T12:01:13.360+0000] {logging_mixin.py:188} INFO - [2025-04-28T12:01:13.360+0000] {dag.py:3820} INFO - Setting next_dagrun for example_branch_python_operator_decorator to 2025-04-27T00:00:00+00:00, run_after=2025-04-28T00:00:00+00:00
[2025-04-28T12:01:13.411+0000] {processor.py:183} INFO - Processing /home/airflow/.local/lib/python3.8/site-packages/airflow/example_dags/example_branch_operator_decorator.py took 0.186 seconds
[2025-04-28T12:01:48.335+0000] {processor.py:161} INFO - Started process (PID=6641) to work on /home/airflow/.local/lib/python3.8/site-packages/airflow/example_dags/example_branch_operator_decorator.py
[2025-04-28T12:01:48.336+0000] {processor.py:830} INFO - Processing file /home/airflow/.local/lib/python3.8/site-packages/airflow/example_dags/example_branch_operator_decorator.py for tasks to queue
[2025-04-28T12:01:48.338+0000] {logging_mixin.py:188} INFO - [2025-04-28T12:01:48.337+0000] {dagbag.py:538} INFO - Filling up the DagBag from /home/airflow/.local/lib/python3.8/site-packages/airflow/example_dags/example_branch_operator_decorator.py
[2025-04-28T12:01:48.378+0000] {processor.py:840} INFO - DAG(s) 'example_branch_python_operator_decorator' retrieved from /home/airflow/.local/lib/python3.8/site-packages/airflow/example_dags/example_branch_operator_decorator.py
[2025-04-28T12:01:48.438+0000] {logging_mixin.py:188} INFO - [2025-04-28T12:01:48.438+0000] {dag.py:3033} INFO - Sync 1 DAGs
[2025-04-28T12:01:48.492+0000] {logging_mixin.py:188} INFO - [2025-04-28T12:01:48.491+0000] {dag.py:3820} INFO - Setting next_dagrun for example_branch_python_operator_decorator to 2025-04-27T00:00:00+00:00, run_after=2025-04-28T00:00:00+00:00
[2025-04-28T12:01:48.526+0000] {processor.py:183} INFO - Processing /home/airflow/.local/lib/python3.8/site-packages/airflow/example_dags/example_branch_operator_decorator.py took 0.197 seconds
[2025-04-28T12:02:19.703+0000] {processor.py:161} INFO - Started process (PID=6698) to work on /home/airflow/.local/lib/python3.8/site-packages/airflow/example_dags/example_branch_operator_decorator.py
[2025-04-28T12:02:19.706+0000] {processor.py:830} INFO - Processing file /home/airflow/.local/lib/python3.8/site-packages/airflow/example_dags/example_branch_operator_decorator.py for tasks to queue
[2025-04-28T12:02:19.713+0000] {logging_mixin.py:188} INFO - [2025-04-28T12:02:19.713+0000] {dagbag.py:538} INFO - Filling up the DagBag from /home/airflow/.local/lib/python3.8/site-packages/airflow/example_dags/example_branch_operator_decorator.py
[2025-04-28T12:02:19.755+0000] {processor.py:840} INFO - DAG(s) 'example_branch_python_operator_decorator' retrieved from /home/airflow/.local/lib/python3.8/site-packages/airflow/example_dags/example_branch_operator_decorator.py
[2025-04-28T12:02:19.831+0000] {logging_mixin.py:188} INFO - [2025-04-28T12:02:19.831+0000] {dag.py:3033} INFO - Sync 1 DAGs
[2025-04-28T12:02:19.910+0000] {logging_mixin.py:188} INFO - [2025-04-28T12:02:19.910+0000] {dag.py:3820} INFO - Setting next_dagrun for example_branch_python_operator_decorator to 2025-04-27T00:00:00+00:00, run_after=2025-04-28T00:00:00+00:00
[2025-04-28T12:02:19.975+0000] {processor.py:183} INFO - Processing /home/airflow/.local/lib/python3.8/site-packages/airflow/example_dags/example_branch_operator_decorator.py took 0.283 seconds
[2025-04-28T12:02:51.170+0000] {processor.py:161} INFO - Started process (PID=6758) to work on /home/airflow/.local/lib/python3.8/site-packages/airflow/example_dags/example_branch_operator_decorator.py
[2025-04-28T12:02:51.171+0000] {processor.py:830} INFO - Processing file /home/airflow/.local/lib/python3.8/site-packages/airflow/example_dags/example_branch_operator_decorator.py for tasks to queue
[2025-04-28T12:02:51.173+0000] {logging_mixin.py:188} INFO - [2025-04-28T12:02:51.172+0000] {dagbag.py:538} INFO - Filling up the DagBag from /home/airflow/.local/lib/python3.8/site-packages/airflow/example_dags/example_branch_operator_decorator.py
[2025-04-28T12:02:51.208+0000] {processor.py:840} INFO - DAG(s) 'example_branch_python_operator_decorator' retrieved from /home/airflow/.local/lib/python3.8/site-packages/airflow/example_dags/example_branch_operator_decorator.py
[2025-04-28T12:02:51.256+0000] {logging_mixin.py:188} INFO - [2025-04-28T12:02:51.256+0000] {dag.py:3033} INFO - Sync 1 DAGs
[2025-04-28T12:02:51.293+0000] {logging_mixin.py:188} INFO - [2025-04-28T12:02:51.293+0000] {dag.py:3820} INFO - Setting next_dagrun for example_branch_python_operator_decorator to 2025-04-27T00:00:00+00:00, run_after=2025-04-28T00:00:00+00:00
[2025-04-28T12:02:51.323+0000] {processor.py:183} INFO - Processing /home/airflow/.local/lib/python3.8/site-packages/airflow/example_dags/example_branch_operator_decorator.py took 0.157 seconds
[2025-04-28T12:03:24.240+0000] {processor.py:161} INFO - Started process (PID=6818) to work on /home/airflow/.local/lib/python3.8/site-packages/airflow/example_dags/example_branch_operator_decorator.py
[2025-04-28T12:03:24.242+0000] {processor.py:830} INFO - Processing file /home/airflow/.local/lib/python3.8/site-packages/airflow/example_dags/example_branch_operator_decorator.py for tasks to queue
[2025-04-28T12:03:24.243+0000] {logging_mixin.py:188} INFO - [2025-04-28T12:03:24.243+0000] {dagbag.py:538} INFO - Filling up the DagBag from /home/airflow/.local/lib/python3.8/site-packages/airflow/example_dags/example_branch_operator_decorator.py
[2025-04-28T12:03:24.287+0000] {processor.py:840} INFO - DAG(s) 'example_branch_python_operator_decorator' retrieved from /home/airflow/.local/lib/python3.8/site-packages/airflow/example_dags/example_branch_operator_decorator.py
[2025-04-28T12:03:24.353+0000] {logging_mixin.py:188} INFO - [2025-04-28T12:03:24.353+0000] {dag.py:3033} INFO - Sync 1 DAGs
[2025-04-28T12:03:24.399+0000] {logging_mixin.py:188} INFO - [2025-04-28T12:03:24.399+0000] {dag.py:3820} INFO - Setting next_dagrun for example_branch_python_operator_decorator to 2025-04-27T00:00:00+00:00, run_after=2025-04-28T00:00:00+00:00
[2025-04-28T12:03:24.436+0000] {processor.py:183} INFO - Processing /home/airflow/.local/lib/python3.8/site-packages/airflow/example_dags/example_branch_operator_decorator.py took 0.203 seconds
[2025-04-28T12:03:54.681+0000] {processor.py:161} INFO - Started process (PID=6874) to work on /home/airflow/.local/lib/python3.8/site-packages/airflow/example_dags/example_branch_operator_decorator.py
[2025-04-28T12:03:54.682+0000] {processor.py:830} INFO - Processing file /home/airflow/.local/lib/python3.8/site-packages/airflow/example_dags/example_branch_operator_decorator.py for tasks to queue
[2025-04-28T12:03:54.684+0000] {logging_mixin.py:188} INFO - [2025-04-28T12:03:54.684+0000] {dagbag.py:538} INFO - Filling up the DagBag from /home/airflow/.local/lib/python3.8/site-packages/airflow/example_dags/example_branch_operator_decorator.py
[2025-04-28T12:03:54.719+0000] {processor.py:840} INFO - DAG(s) 'example_branch_python_operator_decorator' retrieved from /home/airflow/.local/lib/python3.8/site-packages/airflow/example_dags/example_branch_operator_decorator.py
[2025-04-28T12:03:54.779+0000] {logging_mixin.py:188} INFO - [2025-04-28T12:03:54.779+0000] {dag.py:3033} INFO - Sync 1 DAGs
[2025-04-28T12:03:54.822+0000] {logging_mixin.py:188} INFO - [2025-04-28T12:03:54.821+0000] {dag.py:3820} INFO - Setting next_dagrun for example_branch_python_operator_decorator to 2025-04-27T00:00:00+00:00, run_after=2025-04-28T00:00:00+00:00
[2025-04-28T12:03:54.851+0000] {processor.py:183} INFO - Processing /home/airflow/.local/lib/python3.8/site-packages/airflow/example_dags/example_branch_operator_decorator.py took 0.175 seconds
[2025-04-28T12:04:24.930+0000] {processor.py:161} INFO - Started process (PID=6929) to work on /home/airflow/.local/lib/python3.8/site-packages/airflow/example_dags/example_branch_operator_decorator.py
[2025-04-28T12:04:24.932+0000] {processor.py:830} INFO - Processing file /home/airflow/.local/lib/python3.8/site-packages/airflow/example_dags/example_branch_operator_decorator.py for tasks to queue
[2025-04-28T12:04:24.933+0000] {logging_mixin.py:188} INFO - [2025-04-28T12:04:24.933+0000] {dagbag.py:538} INFO - Filling up the DagBag from /home/airflow/.local/lib/python3.8/site-packages/airflow/example_dags/example_branch_operator_decorator.py
[2025-04-28T12:04:24.961+0000] {processor.py:840} INFO - DAG(s) 'example_branch_python_operator_decorator' retrieved from /home/airflow/.local/lib/python3.8/site-packages/airflow/example_dags/example_branch_operator_decorator.py
[2025-04-28T12:04:25.003+0000] {logging_mixin.py:188} INFO - [2025-04-28T12:04:25.003+0000] {dag.py:3033} INFO - Sync 1 DAGs
[2025-04-28T12:04:25.042+0000] {logging_mixin.py:188} INFO - [2025-04-28T12:04:25.041+0000] {dag.py:3820} INFO - Setting next_dagrun for example_branch_python_operator_decorator to 2025-04-27T00:00:00+00:00, run_after=2025-04-28T00:00:00+00:00
[2025-04-28T12:04:25.075+0000] {processor.py:183} INFO - Processing /home/airflow/.local/lib/python3.8/site-packages/airflow/example_dags/example_branch_operator_decorator.py took 0.150 seconds
[2025-04-28T12:04:55.993+0000] {processor.py:161} INFO - Started process (PID=6985) to work on /home/airflow/.local/lib/python3.8/site-packages/airflow/example_dags/example_branch_operator_decorator.py
[2025-04-28T12:04:55.994+0000] {processor.py:830} INFO - Processing file /home/airflow/.local/lib/python3.8/site-packages/airflow/example_dags/example_branch_operator_decorator.py for tasks to queue
[2025-04-28T12:04:55.996+0000] {logging_mixin.py:188} INFO - [2025-04-28T12:04:55.996+0000] {dagbag.py:538} INFO - Filling up the DagBag from /home/airflow/.local/lib/python3.8/site-packages/airflow/example_dags/example_branch_operator_decorator.py
[2025-04-28T12:04:56.029+0000] {processor.py:840} INFO - DAG(s) 'example_branch_python_operator_decorator' retrieved from /home/airflow/.local/lib/python3.8/site-packages/airflow/example_dags/example_branch_operator_decorator.py
[2025-04-28T12:04:56.079+0000] {logging_mixin.py:188} INFO - [2025-04-28T12:04:56.079+0000] {dag.py:3033} INFO - Sync 1 DAGs
[2025-04-28T12:04:56.134+0000] {logging_mixin.py:188} INFO - [2025-04-28T12:04:56.134+0000] {dag.py:3820} INFO - Setting next_dagrun for example_branch_python_operator_decorator to 2025-04-27T00:00:00+00:00, run_after=2025-04-28T00:00:00+00:00
[2025-04-28T12:04:56.176+0000] {processor.py:183} INFO - Processing /home/airflow/.local/lib/python3.8/site-packages/airflow/example_dags/example_branch_operator_decorator.py took 0.188 seconds
[2025-04-28T12:05:26.995+0000] {processor.py:161} INFO - Started process (PID=7042) to work on /home/airflow/.local/lib/python3.8/site-packages/airflow/example_dags/example_branch_operator_decorator.py
[2025-04-28T12:05:26.996+0000] {processor.py:830} INFO - Processing file /home/airflow/.local/lib/python3.8/site-packages/airflow/example_dags/example_branch_operator_decorator.py for tasks to queue
[2025-04-28T12:05:26.998+0000] {logging_mixin.py:188} INFO - [2025-04-28T12:05:26.997+0000] {dagbag.py:538} INFO - Filling up the DagBag from /home/airflow/.local/lib/python3.8/site-packages/airflow/example_dags/example_branch_operator_decorator.py
[2025-04-28T12:05:27.037+0000] {processor.py:840} INFO - DAG(s) 'example_branch_python_operator_decorator' retrieved from /home/airflow/.local/lib/python3.8/site-packages/airflow/example_dags/example_branch_operator_decorator.py
[2025-04-28T12:05:27.084+0000] {logging_mixin.py:188} INFO - [2025-04-28T12:05:27.084+0000] {dag.py:3033} INFO - Sync 1 DAGs
[2025-04-28T12:05:27.136+0000] {logging_mixin.py:188} INFO - [2025-04-28T12:05:27.135+0000] {dag.py:3820} INFO - Setting next_dagrun for example_branch_python_operator_decorator to 2025-04-27T00:00:00+00:00, run_after=2025-04-28T00:00:00+00:00
[2025-04-28T12:05:27.169+0000] {processor.py:183} INFO - Processing /home/airflow/.local/lib/python3.8/site-packages/airflow/example_dags/example_branch_operator_decorator.py took 0.180 seconds
[2025-04-28T12:05:59.153+0000] {processor.py:161} INFO - Started process (PID=7098) to work on /home/airflow/.local/lib/python3.8/site-packages/airflow/example_dags/example_branch_operator_decorator.py
[2025-04-28T12:05:59.155+0000] {processor.py:830} INFO - Processing file /home/airflow/.local/lib/python3.8/site-packages/airflow/example_dags/example_branch_operator_decorator.py for tasks to queue
[2025-04-28T12:05:59.157+0000] {logging_mixin.py:188} INFO - [2025-04-28T12:05:59.156+0000] {dagbag.py:538} INFO - Filling up the DagBag from /home/airflow/.local/lib/python3.8/site-packages/airflow/example_dags/example_branch_operator_decorator.py
[2025-04-28T12:05:59.194+0000] {processor.py:840} INFO - DAG(s) 'example_branch_python_operator_decorator' retrieved from /home/airflow/.local/lib/python3.8/site-packages/airflow/example_dags/example_branch_operator_decorator.py
[2025-04-28T12:05:59.237+0000] {logging_mixin.py:188} INFO - [2025-04-28T12:05:59.237+0000] {dag.py:3033} INFO - Sync 1 DAGs
[2025-04-28T12:05:59.273+0000] {logging_mixin.py:188} INFO - [2025-04-28T12:05:59.273+0000] {dag.py:3820} INFO - Setting next_dagrun for example_branch_python_operator_decorator to 2025-04-27T00:00:00+00:00, run_after=2025-04-28T00:00:00+00:00
[2025-04-28T12:05:59.302+0000] {processor.py:183} INFO - Processing /home/airflow/.local/lib/python3.8/site-packages/airflow/example_dags/example_branch_operator_decorator.py took 0.158 seconds
[2025-04-28T12:06:29.659+0000] {processor.py:161} INFO - Started process (PID=7154) to work on /home/airflow/.local/lib/python3.8/site-packages/airflow/example_dags/example_branch_operator_decorator.py
[2025-04-28T12:06:29.661+0000] {processor.py:830} INFO - Processing file /home/airflow/.local/lib/python3.8/site-packages/airflow/example_dags/example_branch_operator_decorator.py for tasks to queue
[2025-04-28T12:06:29.662+0000] {logging_mixin.py:188} INFO - [2025-04-28T12:06:29.661+0000] {dagbag.py:538} INFO - Filling up the DagBag from /home/airflow/.local/lib/python3.8/site-packages/airflow/example_dags/example_branch_operator_decorator.py
[2025-04-28T12:06:29.698+0000] {processor.py:840} INFO - DAG(s) 'example_branch_python_operator_decorator' retrieved from /home/airflow/.local/lib/python3.8/site-packages/airflow/example_dags/example_branch_operator_decorator.py
[2025-04-28T12:06:29.759+0000] {logging_mixin.py:188} INFO - [2025-04-28T12:06:29.759+0000] {dag.py:3033} INFO - Sync 1 DAGs
[2025-04-28T12:06:29.797+0000] {logging_mixin.py:188} INFO - [2025-04-28T12:06:29.797+0000] {dag.py:3820} INFO - Setting next_dagrun for example_branch_python_operator_decorator to 2025-04-27T00:00:00+00:00, run_after=2025-04-28T00:00:00+00:00
[2025-04-28T12:06:29.851+0000] {processor.py:183} INFO - Processing /home/airflow/.local/lib/python3.8/site-packages/airflow/example_dags/example_branch_operator_decorator.py took 0.197 seconds
[2025-04-28T12:07:01.184+0000] {processor.py:161} INFO - Started process (PID=7210) to work on /home/airflow/.local/lib/python3.8/site-packages/airflow/example_dags/example_branch_operator_decorator.py
[2025-04-28T12:07:01.186+0000] {processor.py:830} INFO - Processing file /home/airflow/.local/lib/python3.8/site-packages/airflow/example_dags/example_branch_operator_decorator.py for tasks to queue
[2025-04-28T12:07:01.187+0000] {logging_mixin.py:188} INFO - [2025-04-28T12:07:01.187+0000] {dagbag.py:538} INFO - Filling up the DagBag from /home/airflow/.local/lib/python3.8/site-packages/airflow/example_dags/example_branch_operator_decorator.py
[2025-04-28T12:07:01.219+0000] {processor.py:840} INFO - DAG(s) 'example_branch_python_operator_decorator' retrieved from /home/airflow/.local/lib/python3.8/site-packages/airflow/example_dags/example_branch_operator_decorator.py
[2025-04-28T12:07:01.266+0000] {logging_mixin.py:188} INFO - [2025-04-28T12:07:01.266+0000] {dag.py:3033} INFO - Sync 1 DAGs
[2025-04-28T12:07:01.305+0000] {logging_mixin.py:188} INFO - [2025-04-28T12:07:01.305+0000] {dag.py:3820} INFO - Setting next_dagrun for example_branch_python_operator_decorator to 2025-04-27T00:00:00+00:00, run_after=2025-04-28T00:00:00+00:00
[2025-04-28T12:07:01.335+0000] {processor.py:183} INFO - Processing /home/airflow/.local/lib/python3.8/site-packages/airflow/example_dags/example_branch_operator_decorator.py took 0.155 seconds
[2025-04-28T12:07:31.914+0000] {processor.py:161} INFO - Started process (PID=7266) to work on /home/airflow/.local/lib/python3.8/site-packages/airflow/example_dags/example_branch_operator_decorator.py
[2025-04-28T12:07:31.916+0000] {processor.py:830} INFO - Processing file /home/airflow/.local/lib/python3.8/site-packages/airflow/example_dags/example_branch_operator_decorator.py for tasks to queue
[2025-04-28T12:07:31.917+0000] {logging_mixin.py:188} INFO - [2025-04-28T12:07:31.917+0000] {dagbag.py:538} INFO - Filling up the DagBag from /home/airflow/.local/lib/python3.8/site-packages/airflow/example_dags/example_branch_operator_decorator.py
[2025-04-28T12:07:31.949+0000] {processor.py:840} INFO - DAG(s) 'example_branch_python_operator_decorator' retrieved from /home/airflow/.local/lib/python3.8/site-packages/airflow/example_dags/example_branch_operator_decorator.py
[2025-04-28T12:07:31.999+0000] {logging_mixin.py:188} INFO - [2025-04-28T12:07:31.999+0000] {dag.py:3033} INFO - Sync 1 DAGs
[2025-04-28T12:07:32.051+0000] {logging_mixin.py:188} INFO - [2025-04-28T12:07:32.051+0000] {dag.py:3820} INFO - Setting next_dagrun for example_branch_python_operator_decorator to 2025-04-27T00:00:00+00:00, run_after=2025-04-28T00:00:00+00:00
[2025-04-28T12:07:32.089+0000] {processor.py:183} INFO - Processing /home/airflow/.local/lib/python3.8/site-packages/airflow/example_dags/example_branch_operator_decorator.py took 0.179 seconds
[2025-04-28T12:08:03.376+0000] {processor.py:161} INFO - Started process (PID=7322) to work on /home/airflow/.local/lib/python3.8/site-packages/airflow/example_dags/example_branch_operator_decorator.py
[2025-04-28T12:08:03.377+0000] {processor.py:830} INFO - Processing file /home/airflow/.local/lib/python3.8/site-packages/airflow/example_dags/example_branch_operator_decorator.py for tasks to queue
[2025-04-28T12:08:03.378+0000] {logging_mixin.py:188} INFO - [2025-04-28T12:08:03.378+0000] {dagbag.py:538} INFO - Filling up the DagBag from /home/airflow/.local/lib/python3.8/site-packages/airflow/example_dags/example_branch_operator_decorator.py
[2025-04-28T12:08:03.403+0000] {processor.py:840} INFO - DAG(s) 'example_branch_python_operator_decorator' retrieved from /home/airflow/.local/lib/python3.8/site-packages/airflow/example_dags/example_branch_operator_decorator.py
[2025-04-28T12:08:03.440+0000] {logging_mixin.py:188} INFO - [2025-04-28T12:08:03.439+0000] {dag.py:3033} INFO - Sync 1 DAGs
[2025-04-28T12:08:03.469+0000] {logging_mixin.py:188} INFO - [2025-04-28T12:08:03.469+0000] {dag.py:3820} INFO - Setting next_dagrun for example_branch_python_operator_decorator to 2025-04-27T00:00:00+00:00, run_after=2025-04-28T00:00:00+00:00
[2025-04-28T12:08:03.496+0000] {processor.py:183} INFO - Processing /home/airflow/.local/lib/python3.8/site-packages/airflow/example_dags/example_branch_operator_decorator.py took 0.124 seconds
[2025-04-28T12:08:34.409+0000] {processor.py:161} INFO - Started process (PID=7378) to work on /home/airflow/.local/lib/python3.8/site-packages/airflow/example_dags/example_branch_operator_decorator.py
[2025-04-28T12:08:34.411+0000] {processor.py:830} INFO - Processing file /home/airflow/.local/lib/python3.8/site-packages/airflow/example_dags/example_branch_operator_decorator.py for tasks to queue
[2025-04-28T12:08:34.413+0000] {logging_mixin.py:188} INFO - [2025-04-28T12:08:34.412+0000] {dagbag.py:538} INFO - Filling up the DagBag from /home/airflow/.local/lib/python3.8/site-packages/airflow/example_dags/example_branch_operator_decorator.py
[2025-04-28T12:08:34.445+0000] {processor.py:840} INFO - DAG(s) 'example_branch_python_operator_decorator' retrieved from /home/airflow/.local/lib/python3.8/site-packages/airflow/example_dags/example_branch_operator_decorator.py
[2025-04-28T12:08:34.491+0000] {logging_mixin.py:188} INFO - [2025-04-28T12:08:34.490+0000] {dag.py:3033} INFO - Sync 1 DAGs
[2025-04-28T12:08:34.530+0000] {logging_mixin.py:188} INFO - [2025-04-28T12:08:34.530+0000] {dag.py:3820} INFO - Setting next_dagrun for example_branch_python_operator_decorator to 2025-04-27T00:00:00+00:00, run_after=2025-04-28T00:00:00+00:00
[2025-04-28T12:08:34.569+0000] {processor.py:183} INFO - Processing /home/airflow/.local/lib/python3.8/site-packages/airflow/example_dags/example_branch_operator_decorator.py took 0.166 seconds
[2025-04-28T12:09:05.355+0000] {processor.py:161} INFO - Started process (PID=7434) to work on /home/airflow/.local/lib/python3.8/site-packages/airflow/example_dags/example_branch_operator_decorator.py
[2025-04-28T12:09:05.357+0000] {processor.py:830} INFO - Processing file /home/airflow/.local/lib/python3.8/site-packages/airflow/example_dags/example_branch_operator_decorator.py for tasks to queue
[2025-04-28T12:09:05.358+0000] {logging_mixin.py:188} INFO - [2025-04-28T12:09:05.358+0000] {dagbag.py:538} INFO - Filling up the DagBag from /home/airflow/.local/lib/python3.8/site-packages/airflow/example_dags/example_branch_operator_decorator.py
[2025-04-28T12:09:05.391+0000] {processor.py:840} INFO - DAG(s) 'example_branch_python_operator_decorator' retrieved from /home/airflow/.local/lib/python3.8/site-packages/airflow/example_dags/example_branch_operator_decorator.py
[2025-04-28T12:09:05.436+0000] {logging_mixin.py:188} INFO - [2025-04-28T12:09:05.436+0000] {dag.py:3033} INFO - Sync 1 DAGs
[2025-04-28T12:09:05.476+0000] {logging_mixin.py:188} INFO - [2025-04-28T12:09:05.476+0000] {dag.py:3820} INFO - Setting next_dagrun for example_branch_python_operator_decorator to 2025-04-27T00:00:00+00:00, run_after=2025-04-28T00:00:00+00:00
[2025-04-28T12:09:05.529+0000] {processor.py:183} INFO - Processing /home/airflow/.local/lib/python3.8/site-packages/airflow/example_dags/example_branch_operator_decorator.py took 0.178 seconds
[2025-04-28T12:09:35.833+0000] {processor.py:161} INFO - Started process (PID=7490) to work on /home/airflow/.local/lib/python3.8/site-packages/airflow/example_dags/example_branch_operator_decorator.py
[2025-04-28T12:09:35.834+0000] {processor.py:830} INFO - Processing file /home/airflow/.local/lib/python3.8/site-packages/airflow/example_dags/example_branch_operator_decorator.py for tasks to queue
[2025-04-28T12:09:35.836+0000] {logging_mixin.py:188} INFO - [2025-04-28T12:09:35.836+0000] {dagbag.py:538} INFO - Filling up the DagBag from /home/airflow/.local/lib/python3.8/site-packages/airflow/example_dags/example_branch_operator_decorator.py
[2025-04-28T12:09:35.866+0000] {processor.py:840} INFO - DAG(s) 'example_branch_python_operator_decorator' retrieved from /home/airflow/.local/lib/python3.8/site-packages/airflow/example_dags/example_branch_operator_decorator.py
[2025-04-28T12:09:35.927+0000] {logging_mixin.py:188} INFO - [2025-04-28T12:09:35.927+0000] {dag.py:3033} INFO - Sync 1 DAGs
[2025-04-28T12:09:35.965+0000] {logging_mixin.py:188} INFO - [2025-04-28T12:09:35.964+0000] {dag.py:3820} INFO - Setting next_dagrun for example_branch_python_operator_decorator to 2025-04-27T00:00:00+00:00, run_after=2025-04-28T00:00:00+00:00
[2025-04-28T12:09:35.994+0000] {processor.py:183} INFO - Processing /home/airflow/.local/lib/python3.8/site-packages/airflow/example_dags/example_branch_operator_decorator.py took 0.166 seconds
[2025-04-28T12:10:07.117+0000] {processor.py:161} INFO - Started process (PID=7546) to work on /home/airflow/.local/lib/python3.8/site-packages/airflow/example_dags/example_branch_operator_decorator.py
[2025-04-28T12:10:07.119+0000] {processor.py:830} INFO - Processing file /home/airflow/.local/lib/python3.8/site-packages/airflow/example_dags/example_branch_operator_decorator.py for tasks to queue
[2025-04-28T12:10:07.121+0000] {logging_mixin.py:188} INFO - [2025-04-28T12:10:07.121+0000] {dagbag.py:538} INFO - Filling up the DagBag from /home/airflow/.local/lib/python3.8/site-packages/airflow/example_dags/example_branch_operator_decorator.py
[2025-04-28T12:10:07.170+0000] {processor.py:840} INFO - DAG(s) 'example_branch_python_operator_decorator' retrieved from /home/airflow/.local/lib/python3.8/site-packages/airflow/example_dags/example_branch_operator_decorator.py
[2025-04-28T12:10:07.300+0000] {logging_mixin.py:188} INFO - [2025-04-28T12:10:07.296+0000] {dag.py:3033} INFO - Sync 1 DAGs
[2025-04-28T12:10:07.375+0000] {logging_mixin.py:188} INFO - [2025-04-28T12:10:07.375+0000] {dag.py:3820} INFO - Setting next_dagrun for example_branch_python_operator_decorator to 2025-04-27T00:00:00+00:00, run_after=2025-04-28T00:00:00+00:00
[2025-04-28T12:10:07.442+0000] {processor.py:183} INFO - Processing /home/airflow/.local/lib/python3.8/site-packages/airflow/example_dags/example_branch_operator_decorator.py took 0.332 seconds
[2025-04-28T12:10:45.913+0000] {processor.py:161} INFO - Started process (PID=7603) to work on /home/airflow/.local/lib/python3.8/site-packages/airflow/example_dags/example_branch_operator_decorator.py
[2025-04-28T12:10:45.920+0000] {processor.py:830} INFO - Processing file /home/airflow/.local/lib/python3.8/site-packages/airflow/example_dags/example_branch_operator_decorator.py for tasks to queue
[2025-04-28T12:10:45.926+0000] {logging_mixin.py:188} INFO - [2025-04-28T12:10:45.922+0000] {dagbag.py:538} INFO - Filling up the DagBag from /home/airflow/.local/lib/python3.8/site-packages/airflow/example_dags/example_branch_operator_decorator.py
[2025-04-28T12:10:46.080+0000] {processor.py:840} INFO - DAG(s) 'example_branch_python_operator_decorator' retrieved from /home/airflow/.local/lib/python3.8/site-packages/airflow/example_dags/example_branch_operator_decorator.py
[2025-04-28T12:10:46.329+0000] {logging_mixin.py:188} INFO - [2025-04-28T12:10:46.329+0000] {dag.py:3033} INFO - Sync 1 DAGs
[2025-04-28T12:10:46.452+0000] {logging_mixin.py:188} INFO - [2025-04-28T12:10:46.450+0000] {dag.py:3820} INFO - Setting next_dagrun for example_branch_python_operator_decorator to 2025-04-27T00:00:00+00:00, run_after=2025-04-28T00:00:00+00:00
[2025-04-28T12:10:46.559+0000] {processor.py:183} INFO - Processing /home/airflow/.local/lib/python3.8/site-packages/airflow/example_dags/example_branch_operator_decorator.py took 0.670 seconds
[2025-04-28T12:11:16.727+0000] {processor.py:161} INFO - Started process (PID=7659) to work on /home/airflow/.local/lib/python3.8/site-packages/airflow/example_dags/example_branch_operator_decorator.py
[2025-04-28T12:11:16.729+0000] {processor.py:830} INFO - Processing file /home/airflow/.local/lib/python3.8/site-packages/airflow/example_dags/example_branch_operator_decorator.py for tasks to queue
[2025-04-28T12:11:16.731+0000] {logging_mixin.py:188} INFO - [2025-04-28T12:11:16.730+0000] {dagbag.py:538} INFO - Filling up the DagBag from /home/airflow/.local/lib/python3.8/site-packages/airflow/example_dags/example_branch_operator_decorator.py
[2025-04-28T12:11:16.780+0000] {processor.py:840} INFO - DAG(s) 'example_branch_python_operator_decorator' retrieved from /home/airflow/.local/lib/python3.8/site-packages/airflow/example_dags/example_branch_operator_decorator.py
[2025-04-28T12:11:16.866+0000] {logging_mixin.py:188} INFO - [2025-04-28T12:11:16.865+0000] {dag.py:3033} INFO - Sync 1 DAGs
[2025-04-28T12:11:16.947+0000] {logging_mixin.py:188} INFO - [2025-04-28T12:11:16.947+0000] {dag.py:3820} INFO - Setting next_dagrun for example_branch_python_operator_decorator to 2025-04-27T00:00:00+00:00, run_after=2025-04-28T00:00:00+00:00
[2025-04-28T12:11:17.010+0000] {processor.py:183} INFO - Processing /home/airflow/.local/lib/python3.8/site-packages/airflow/example_dags/example_branch_operator_decorator.py took 0.293 seconds
[2025-04-28T12:11:49.657+0000] {processor.py:161} INFO - Started process (PID=7715) to work on /home/airflow/.local/lib/python3.8/site-packages/airflow/example_dags/example_branch_operator_decorator.py
[2025-04-28T12:11:49.659+0000] {processor.py:830} INFO - Processing file /home/airflow/.local/lib/python3.8/site-packages/airflow/example_dags/example_branch_operator_decorator.py for tasks to queue
[2025-04-28T12:11:49.663+0000] {logging_mixin.py:188} INFO - [2025-04-28T12:11:49.662+0000] {dagbag.py:538} INFO - Filling up the DagBag from /home/airflow/.local/lib/python3.8/site-packages/airflow/example_dags/example_branch_operator_decorator.py
[2025-04-28T12:11:49.738+0000] {processor.py:840} INFO - DAG(s) 'example_branch_python_operator_decorator' retrieved from /home/airflow/.local/lib/python3.8/site-packages/airflow/example_dags/example_branch_operator_decorator.py
[2025-04-28T12:11:49.814+0000] {logging_mixin.py:188} INFO - [2025-04-28T12:11:49.814+0000] {dag.py:3033} INFO - Sync 1 DAGs
[2025-04-28T12:11:49.878+0000] {logging_mixin.py:188} INFO - [2025-04-28T12:11:49.878+0000] {dag.py:3820} INFO - Setting next_dagrun for example_branch_python_operator_decorator to 2025-04-27T00:00:00+00:00, run_after=2025-04-28T00:00:00+00:00
[2025-04-28T12:11:49.932+0000] {processor.py:183} INFO - Processing /home/airflow/.local/lib/python3.8/site-packages/airflow/example_dags/example_branch_operator_decorator.py took 0.285 seconds
[2025-04-28T12:12:20.552+0000] {processor.py:161} INFO - Started process (PID=7772) to work on /home/airflow/.local/lib/python3.8/site-packages/airflow/example_dags/example_branch_operator_decorator.py
[2025-04-28T12:12:20.554+0000] {processor.py:830} INFO - Processing file /home/airflow/.local/lib/python3.8/site-packages/airflow/example_dags/example_branch_operator_decorator.py for tasks to queue
[2025-04-28T12:12:20.556+0000] {logging_mixin.py:188} INFO - [2025-04-28T12:12:20.556+0000] {dagbag.py:538} INFO - Filling up the DagBag from /home/airflow/.local/lib/python3.8/site-packages/airflow/example_dags/example_branch_operator_decorator.py
[2025-04-28T12:12:20.624+0000] {processor.py:840} INFO - DAG(s) 'example_branch_python_operator_decorator' retrieved from /home/airflow/.local/lib/python3.8/site-packages/airflow/example_dags/example_branch_operator_decorator.py
[2025-04-28T12:12:20.778+0000] {logging_mixin.py:188} INFO - [2025-04-28T12:12:20.778+0000] {dag.py:3033} INFO - Sync 1 DAGs
[2025-04-28T12:12:20.857+0000] {logging_mixin.py:188} INFO - [2025-04-28T12:12:20.856+0000] {dag.py:3820} INFO - Setting next_dagrun for example_branch_python_operator_decorator to 2025-04-27T00:00:00+00:00, run_after=2025-04-28T00:00:00+00:00
[2025-04-28T12:12:20.924+0000] {processor.py:183} INFO - Processing /home/airflow/.local/lib/python3.8/site-packages/airflow/example_dags/example_branch_operator_decorator.py took 0.385 seconds
[2025-04-28T12:12:51.550+0000] {processor.py:161} INFO - Started process (PID=7828) to work on /home/airflow/.local/lib/python3.8/site-packages/airflow/example_dags/example_branch_operator_decorator.py
[2025-04-28T12:12:51.551+0000] {processor.py:830} INFO - Processing file /home/airflow/.local/lib/python3.8/site-packages/airflow/example_dags/example_branch_operator_decorator.py for tasks to queue
[2025-04-28T12:12:51.553+0000] {logging_mixin.py:188} INFO - [2025-04-28T12:12:51.553+0000] {dagbag.py:538} INFO - Filling up the DagBag from /home/airflow/.local/lib/python3.8/site-packages/airflow/example_dags/example_branch_operator_decorator.py
[2025-04-28T12:12:51.583+0000] {processor.py:840} INFO - DAG(s) 'example_branch_python_operator_decorator' retrieved from /home/airflow/.local/lib/python3.8/site-packages/airflow/example_dags/example_branch_operator_decorator.py
[2025-04-28T12:12:51.654+0000] {logging_mixin.py:188} INFO - [2025-04-28T12:12:51.653+0000] {dag.py:3033} INFO - Sync 1 DAGs
[2025-04-28T12:12:51.722+0000] {logging_mixin.py:188} INFO - [2025-04-28T12:12:51.722+0000] {dag.py:3820} INFO - Setting next_dagrun for example_branch_python_operator_decorator to 2025-04-27T00:00:00+00:00, run_after=2025-04-28T00:00:00+00:00
[2025-04-28T12:12:51.782+0000] {processor.py:183} INFO - Processing /home/airflow/.local/lib/python3.8/site-packages/airflow/example_dags/example_branch_operator_decorator.py took 0.236 seconds
[2025-04-28T12:13:24.318+0000] {processor.py:161} INFO - Started process (PID=7884) to work on /home/airflow/.local/lib/python3.8/site-packages/airflow/example_dags/example_branch_operator_decorator.py
[2025-04-28T12:13:24.319+0000] {processor.py:830} INFO - Processing file /home/airflow/.local/lib/python3.8/site-packages/airflow/example_dags/example_branch_operator_decorator.py for tasks to queue
[2025-04-28T12:13:24.321+0000] {logging_mixin.py:188} INFO - [2025-04-28T12:13:24.321+0000] {dagbag.py:538} INFO - Filling up the DagBag from /home/airflow/.local/lib/python3.8/site-packages/airflow/example_dags/example_branch_operator_decorator.py
[2025-04-28T12:13:24.368+0000] {processor.py:840} INFO - DAG(s) 'example_branch_python_operator_decorator' retrieved from /home/airflow/.local/lib/python3.8/site-packages/airflow/example_dags/example_branch_operator_decorator.py
[2025-04-28T12:13:24.436+0000] {logging_mixin.py:188} INFO - [2025-04-28T12:13:24.436+0000] {dag.py:3033} INFO - Sync 1 DAGs
[2025-04-28T12:13:24.497+0000] {logging_mixin.py:188} INFO - [2025-04-28T12:13:24.496+0000] {dag.py:3820} INFO - Setting next_dagrun for example_branch_python_operator_decorator to 2025-04-27T00:00:00+00:00, run_after=2025-04-28T00:00:00+00:00
[2025-04-28T12:13:24.548+0000] {processor.py:183} INFO - Processing /home/airflow/.local/lib/python3.8/site-packages/airflow/example_dags/example_branch_operator_decorator.py took 0.235 seconds
[2025-04-28T12:13:57.630+0000] {processor.py:161} INFO - Started process (PID=7941) to work on /home/airflow/.local/lib/python3.8/site-packages/airflow/example_dags/example_branch_operator_decorator.py
[2025-04-28T12:13:57.632+0000] {processor.py:830} INFO - Processing file /home/airflow/.local/lib/python3.8/site-packages/airflow/example_dags/example_branch_operator_decorator.py for tasks to queue
[2025-04-28T12:13:57.635+0000] {logging_mixin.py:188} INFO - [2025-04-28T12:13:57.633+0000] {dagbag.py:538} INFO - Filling up the DagBag from /home/airflow/.local/lib/python3.8/site-packages/airflow/example_dags/example_branch_operator_decorator.py
[2025-04-28T12:13:57.691+0000] {processor.py:840} INFO - DAG(s) 'example_branch_python_operator_decorator' retrieved from /home/airflow/.local/lib/python3.8/site-packages/airflow/example_dags/example_branch_operator_decorator.py
[2025-04-28T12:13:57.758+0000] {logging_mixin.py:188} INFO - [2025-04-28T12:13:57.758+0000] {dag.py:3033} INFO - Sync 1 DAGs
[2025-04-28T12:13:57.847+0000] {logging_mixin.py:188} INFO - [2025-04-28T12:13:57.847+0000] {dag.py:3820} INFO - Setting next_dagrun for example_branch_python_operator_decorator to 2025-04-27T00:00:00+00:00, run_after=2025-04-28T00:00:00+00:00
[2025-04-28T12:13:58.007+0000] {processor.py:183} INFO - Processing /home/airflow/.local/lib/python3.8/site-packages/airflow/example_dags/example_branch_operator_decorator.py took 0.390 seconds
[2025-04-28T12:14:30.218+0000] {processor.py:161} INFO - Started process (PID=7997) to work on /home/airflow/.local/lib/python3.8/site-packages/airflow/example_dags/example_branch_operator_decorator.py
[2025-04-28T12:14:30.219+0000] {processor.py:830} INFO - Processing file /home/airflow/.local/lib/python3.8/site-packages/airflow/example_dags/example_branch_operator_decorator.py for tasks to queue
[2025-04-28T12:14:30.222+0000] {logging_mixin.py:188} INFO - [2025-04-28T12:14:30.221+0000] {dagbag.py:538} INFO - Filling up the DagBag from /home/airflow/.local/lib/python3.8/site-packages/airflow/example_dags/example_branch_operator_decorator.py
[2025-04-28T12:14:30.274+0000] {processor.py:840} INFO - DAG(s) 'example_branch_python_operator_decorator' retrieved from /home/airflow/.local/lib/python3.8/site-packages/airflow/example_dags/example_branch_operator_decorator.py
[2025-04-28T12:14:30.356+0000] {logging_mixin.py:188} INFO - [2025-04-28T12:14:30.356+0000] {dag.py:3033} INFO - Sync 1 DAGs
[2025-04-28T12:14:30.431+0000] {logging_mixin.py:188} INFO - [2025-04-28T12:14:30.430+0000] {dag.py:3820} INFO - Setting next_dagrun for example_branch_python_operator_decorator to 2025-04-27T00:00:00+00:00, run_after=2025-04-28T00:00:00+00:00
[2025-04-28T12:14:30.495+0000] {processor.py:183} INFO - Processing /home/airflow/.local/lib/python3.8/site-packages/airflow/example_dags/example_branch_operator_decorator.py took 0.285 seconds
[2025-04-28T12:15:04.246+0000] {processor.py:161} INFO - Started process (PID=8053) to work on /home/airflow/.local/lib/python3.8/site-packages/airflow/example_dags/example_branch_operator_decorator.py
[2025-04-28T12:15:04.250+0000] {processor.py:830} INFO - Processing file /home/airflow/.local/lib/python3.8/site-packages/airflow/example_dags/example_branch_operator_decorator.py for tasks to queue
[2025-04-28T12:15:04.254+0000] {logging_mixin.py:188} INFO - [2025-04-28T12:15:04.253+0000] {dagbag.py:538} INFO - Filling up the DagBag from /home/airflow/.local/lib/python3.8/site-packages/airflow/example_dags/example_branch_operator_decorator.py
[2025-04-28T12:15:04.321+0000] {processor.py:840} INFO - DAG(s) 'example_branch_python_operator_decorator' retrieved from /home/airflow/.local/lib/python3.8/site-packages/airflow/example_dags/example_branch_operator_decorator.py
[2025-04-28T12:15:04.431+0000] {logging_mixin.py:188} INFO - [2025-04-28T12:15:04.430+0000] {dag.py:3033} INFO - Sync 1 DAGs
[2025-04-28T12:15:04.586+0000] {logging_mixin.py:188} INFO - [2025-04-28T12:15:04.586+0000] {dag.py:3820} INFO - Setting next_dagrun for example_branch_python_operator_decorator to 2025-04-27T00:00:00+00:00, run_after=2025-04-28T00:00:00+00:00
[2025-04-28T12:15:04.762+0000] {processor.py:183} INFO - Processing /home/airflow/.local/lib/python3.8/site-packages/airflow/example_dags/example_branch_operator_decorator.py took 0.533 seconds
[2025-04-28T12:15:35.299+0000] {processor.py:161} INFO - Started process (PID=8109) to work on /home/airflow/.local/lib/python3.8/site-packages/airflow/example_dags/example_branch_operator_decorator.py
[2025-04-28T12:15:35.301+0000] {processor.py:830} INFO - Processing file /home/airflow/.local/lib/python3.8/site-packages/airflow/example_dags/example_branch_operator_decorator.py for tasks to queue
[2025-04-28T12:15:35.302+0000] {logging_mixin.py:188} INFO - [2025-04-28T12:15:35.302+0000] {dagbag.py:538} INFO - Filling up the DagBag from /home/airflow/.local/lib/python3.8/site-packages/airflow/example_dags/example_branch_operator_decorator.py
[2025-04-28T12:15:35.336+0000] {processor.py:840} INFO - DAG(s) 'example_branch_python_operator_decorator' retrieved from /home/airflow/.local/lib/python3.8/site-packages/airflow/example_dags/example_branch_operator_decorator.py
[2025-04-28T12:15:35.391+0000] {logging_mixin.py:188} INFO - [2025-04-28T12:15:35.390+0000] {dag.py:3033} INFO - Sync 1 DAGs
[2025-04-28T12:15:35.425+0000] {logging_mixin.py:188} INFO - [2025-04-28T12:15:35.425+0000] {dag.py:3820} INFO - Setting next_dagrun for example_branch_python_operator_decorator to 2025-04-27T00:00:00+00:00, run_after=2025-04-28T00:00:00+00:00
[2025-04-28T12:15:35.457+0000] {processor.py:183} INFO - Processing /home/airflow/.local/lib/python3.8/site-packages/airflow/example_dags/example_branch_operator_decorator.py took 0.164 seconds
[2025-04-28T12:16:06.538+0000] {processor.py:161} INFO - Started process (PID=8165) to work on /home/airflow/.local/lib/python3.8/site-packages/airflow/example_dags/example_branch_operator_decorator.py
[2025-04-28T12:16:06.539+0000] {processor.py:830} INFO - Processing file /home/airflow/.local/lib/python3.8/site-packages/airflow/example_dags/example_branch_operator_decorator.py for tasks to queue
[2025-04-28T12:16:06.540+0000] {logging_mixin.py:188} INFO - [2025-04-28T12:16:06.540+0000] {dagbag.py:538} INFO - Filling up the DagBag from /home/airflow/.local/lib/python3.8/site-packages/airflow/example_dags/example_branch_operator_decorator.py
[2025-04-28T12:16:06.568+0000] {processor.py:840} INFO - DAG(s) 'example_branch_python_operator_decorator' retrieved from /home/airflow/.local/lib/python3.8/site-packages/airflow/example_dags/example_branch_operator_decorator.py
[2025-04-28T12:16:06.611+0000] {logging_mixin.py:188} INFO - [2025-04-28T12:16:06.611+0000] {dag.py:3033} INFO - Sync 1 DAGs
[2025-04-28T12:16:06.644+0000] {logging_mixin.py:188} INFO - [2025-04-28T12:16:06.644+0000] {dag.py:3820} INFO - Setting next_dagrun for example_branch_python_operator_decorator to 2025-04-27T00:00:00+00:00, run_after=2025-04-28T00:00:00+00:00
[2025-04-28T12:16:06.683+0000] {processor.py:183} INFO - Processing /home/airflow/.local/lib/python3.8/site-packages/airflow/example_dags/example_branch_operator_decorator.py took 0.150 seconds
[2025-04-28T12:16:37.036+0000] {processor.py:161} INFO - Started process (PID=8222) to work on /home/airflow/.local/lib/python3.8/site-packages/airflow/example_dags/example_branch_operator_decorator.py
[2025-04-28T12:16:37.037+0000] {processor.py:830} INFO - Processing file /home/airflow/.local/lib/python3.8/site-packages/airflow/example_dags/example_branch_operator_decorator.py for tasks to queue
[2025-04-28T12:16:37.039+0000] {logging_mixin.py:188} INFO - [2025-04-28T12:16:37.039+0000] {dagbag.py:538} INFO - Filling up the DagBag from /home/airflow/.local/lib/python3.8/site-packages/airflow/example_dags/example_branch_operator_decorator.py
[2025-04-28T12:16:37.076+0000] {processor.py:840} INFO - DAG(s) 'example_branch_python_operator_decorator' retrieved from /home/airflow/.local/lib/python3.8/site-packages/airflow/example_dags/example_branch_operator_decorator.py
[2025-04-28T12:16:37.119+0000] {logging_mixin.py:188} INFO - [2025-04-28T12:16:37.119+0000] {dag.py:3033} INFO - Sync 1 DAGs
[2025-04-28T12:16:37.161+0000] {logging_mixin.py:188} INFO - [2025-04-28T12:16:37.161+0000] {dag.py:3820} INFO - Setting next_dagrun for example_branch_python_operator_decorator to 2025-04-27T00:00:00+00:00, run_after=2025-04-28T00:00:00+00:00
[2025-04-28T12:16:37.208+0000] {processor.py:183} INFO - Processing /home/airflow/.local/lib/python3.8/site-packages/airflow/example_dags/example_branch_operator_decorator.py took 0.177 seconds
[2025-04-28T12:17:07.788+0000] {processor.py:161} INFO - Started process (PID=8272) to work on /home/airflow/.local/lib/python3.8/site-packages/airflow/example_dags/example_branch_operator_decorator.py
[2025-04-28T12:17:07.789+0000] {processor.py:830} INFO - Processing file /home/airflow/.local/lib/python3.8/site-packages/airflow/example_dags/example_branch_operator_decorator.py for tasks to queue
[2025-04-28T12:17:07.791+0000] {logging_mixin.py:188} INFO - [2025-04-28T12:17:07.791+0000] {dagbag.py:538} INFO - Filling up the DagBag from /home/airflow/.local/lib/python3.8/site-packages/airflow/example_dags/example_branch_operator_decorator.py
[2025-04-28T12:17:07.829+0000] {processor.py:840} INFO - DAG(s) 'example_branch_python_operator_decorator' retrieved from /home/airflow/.local/lib/python3.8/site-packages/airflow/example_dags/example_branch_operator_decorator.py
[2025-04-28T12:17:07.884+0000] {logging_mixin.py:188} INFO - [2025-04-28T12:17:07.884+0000] {dag.py:3033} INFO - Sync 1 DAGs
[2025-04-28T12:17:07.930+0000] {logging_mixin.py:188} INFO - [2025-04-28T12:17:07.929+0000] {dag.py:3820} INFO - Setting next_dagrun for example_branch_python_operator_decorator to 2025-04-27T00:00:00+00:00, run_after=2025-04-28T00:00:00+00:00
[2025-04-28T12:17:07.969+0000] {processor.py:183} INFO - Processing /home/airflow/.local/lib/python3.8/site-packages/airflow/example_dags/example_branch_operator_decorator.py took 0.186 seconds
[2025-04-28T12:17:40.338+0000] {processor.py:161} INFO - Started process (PID=8334) to work on /home/airflow/.local/lib/python3.8/site-packages/airflow/example_dags/example_branch_operator_decorator.py
[2025-04-28T12:17:40.340+0000] {processor.py:830} INFO - Processing file /home/airflow/.local/lib/python3.8/site-packages/airflow/example_dags/example_branch_operator_decorator.py for tasks to queue
[2025-04-28T12:17:40.342+0000] {logging_mixin.py:188} INFO - [2025-04-28T12:17:40.341+0000] {dagbag.py:538} INFO - Filling up the DagBag from /home/airflow/.local/lib/python3.8/site-packages/airflow/example_dags/example_branch_operator_decorator.py
[2025-04-28T12:17:40.384+0000] {processor.py:840} INFO - DAG(s) 'example_branch_python_operator_decorator' retrieved from /home/airflow/.local/lib/python3.8/site-packages/airflow/example_dags/example_branch_operator_decorator.py
[2025-04-28T12:17:40.443+0000] {logging_mixin.py:188} INFO - [2025-04-28T12:17:40.443+0000] {dag.py:3033} INFO - Sync 1 DAGs
[2025-04-28T12:17:40.501+0000] {logging_mixin.py:188} INFO - [2025-04-28T12:17:40.501+0000] {dag.py:3820} INFO - Setting next_dagrun for example_branch_python_operator_decorator to 2025-04-27T00:00:00+00:00, run_after=2025-04-28T00:00:00+00:00
[2025-04-28T12:17:40.560+0000] {processor.py:183} INFO - Processing /home/airflow/.local/lib/python3.8/site-packages/airflow/example_dags/example_branch_operator_decorator.py took 0.228 seconds
[2025-04-28T12:18:11.411+0000] {processor.py:161} INFO - Started process (PID=8384) to work on /home/airflow/.local/lib/python3.8/site-packages/airflow/example_dags/example_branch_operator_decorator.py
[2025-04-28T12:18:11.416+0000] {processor.py:830} INFO - Processing file /home/airflow/.local/lib/python3.8/site-packages/airflow/example_dags/example_branch_operator_decorator.py for tasks to queue
[2025-04-28T12:18:11.419+0000] {logging_mixin.py:188} INFO - [2025-04-28T12:18:11.418+0000] {dagbag.py:538} INFO - Filling up the DagBag from /home/airflow/.local/lib/python3.8/site-packages/airflow/example_dags/example_branch_operator_decorator.py
[2025-04-28T12:18:11.521+0000] {processor.py:840} INFO - DAG(s) 'example_branch_python_operator_decorator' retrieved from /home/airflow/.local/lib/python3.8/site-packages/airflow/example_dags/example_branch_operator_decorator.py
[2025-04-28T12:18:11.742+0000] {logging_mixin.py:188} INFO - [2025-04-28T12:18:11.741+0000] {dag.py:3033} INFO - Sync 1 DAGs
[2025-04-28T12:18:11.856+0000] {logging_mixin.py:188} INFO - [2025-04-28T12:18:11.856+0000] {dag.py:3820} INFO - Setting next_dagrun for example_branch_python_operator_decorator to 2025-04-27T00:00:00+00:00, run_after=2025-04-28T00:00:00+00:00
[2025-04-28T12:18:11.935+0000] {processor.py:183} INFO - Processing /home/airflow/.local/lib/python3.8/site-packages/airflow/example_dags/example_branch_operator_decorator.py took 0.531 seconds
[2025-04-28T12:18:42.057+0000] {processor.py:161} INFO - Started process (PID=8442) to work on /home/airflow/.local/lib/python3.8/site-packages/airflow/example_dags/example_branch_operator_decorator.py
[2025-04-28T12:18:42.059+0000] {processor.py:830} INFO - Processing file /home/airflow/.local/lib/python3.8/site-packages/airflow/example_dags/example_branch_operator_decorator.py for tasks to queue
[2025-04-28T12:18:42.062+0000] {logging_mixin.py:188} INFO - [2025-04-28T12:18:42.060+0000] {dagbag.py:538} INFO - Filling up the DagBag from /home/airflow/.local/lib/python3.8/site-packages/airflow/example_dags/example_branch_operator_decorator.py
[2025-04-28T12:18:42.103+0000] {processor.py:840} INFO - DAG(s) 'example_branch_python_operator_decorator' retrieved from /home/airflow/.local/lib/python3.8/site-packages/airflow/example_dags/example_branch_operator_decorator.py
[2025-04-28T12:18:42.149+0000] {logging_mixin.py:188} INFO - [2025-04-28T12:18:42.148+0000] {dag.py:3033} INFO - Sync 1 DAGs
[2025-04-28T12:18:42.187+0000] {logging_mixin.py:188} INFO - [2025-04-28T12:18:42.186+0000] {dag.py:3820} INFO - Setting next_dagrun for example_branch_python_operator_decorator to 2025-04-27T00:00:00+00:00, run_after=2025-04-28T00:00:00+00:00
[2025-04-28T12:18:42.246+0000] {processor.py:183} INFO - Processing /home/airflow/.local/lib/python3.8/site-packages/airflow/example_dags/example_branch_operator_decorator.py took 0.196 seconds
[2025-04-28T12:19:12.447+0000] {processor.py:161} INFO - Started process (PID=8498) to work on /home/airflow/.local/lib/python3.8/site-packages/airflow/example_dags/example_branch_operator_decorator.py
[2025-04-28T12:19:12.449+0000] {processor.py:830} INFO - Processing file /home/airflow/.local/lib/python3.8/site-packages/airflow/example_dags/example_branch_operator_decorator.py for tasks to queue
[2025-04-28T12:19:12.451+0000] {logging_mixin.py:188} INFO - [2025-04-28T12:19:12.451+0000] {dagbag.py:538} INFO - Filling up the DagBag from /home/airflow/.local/lib/python3.8/site-packages/airflow/example_dags/example_branch_operator_decorator.py
[2025-04-28T12:19:12.511+0000] {processor.py:840} INFO - DAG(s) 'example_branch_python_operator_decorator' retrieved from /home/airflow/.local/lib/python3.8/site-packages/airflow/example_dags/example_branch_operator_decorator.py
[2025-04-28T12:19:12.681+0000] {logging_mixin.py:188} INFO - [2025-04-28T12:19:12.680+0000] {dag.py:3033} INFO - Sync 1 DAGs
[2025-04-28T12:19:12.758+0000] {logging_mixin.py:188} INFO - [2025-04-28T12:19:12.757+0000] {dag.py:3820} INFO - Setting next_dagrun for example_branch_python_operator_decorator to 2025-04-27T00:00:00+00:00, run_after=2025-04-28T00:00:00+00:00
[2025-04-28T12:19:12.817+0000] {processor.py:183} INFO - Processing /home/airflow/.local/lib/python3.8/site-packages/airflow/example_dags/example_branch_operator_decorator.py took 0.383 seconds
[2025-04-28T12:19:43.185+0000] {processor.py:161} INFO - Started process (PID=8555) to work on /home/airflow/.local/lib/python3.8/site-packages/airflow/example_dags/example_branch_operator_decorator.py
[2025-04-28T12:19:43.187+0000] {processor.py:830} INFO - Processing file /home/airflow/.local/lib/python3.8/site-packages/airflow/example_dags/example_branch_operator_decorator.py for tasks to queue
[2025-04-28T12:19:43.189+0000] {logging_mixin.py:188} INFO - [2025-04-28T12:19:43.188+0000] {dagbag.py:538} INFO - Filling up the DagBag from /home/airflow/.local/lib/python3.8/site-packages/airflow/example_dags/example_branch_operator_decorator.py
[2025-04-28T12:19:43.243+0000] {processor.py:840} INFO - DAG(s) 'example_branch_python_operator_decorator' retrieved from /home/airflow/.local/lib/python3.8/site-packages/airflow/example_dags/example_branch_operator_decorator.py
[2025-04-28T12:19:43.341+0000] {logging_mixin.py:188} INFO - [2025-04-28T12:19:43.340+0000] {dag.py:3033} INFO - Sync 1 DAGs
[2025-04-28T12:19:43.406+0000] {logging_mixin.py:188} INFO - [2025-04-28T12:19:43.406+0000] {dag.py:3820} INFO - Setting next_dagrun for example_branch_python_operator_decorator to 2025-04-27T00:00:00+00:00, run_after=2025-04-28T00:00:00+00:00
[2025-04-28T12:19:43.469+0000] {processor.py:183} INFO - Processing /home/airflow/.local/lib/python3.8/site-packages/airflow/example_dags/example_branch_operator_decorator.py took 0.292 seconds
[2025-04-28T12:20:13.776+0000] {processor.py:161} INFO - Started process (PID=8611) to work on /home/airflow/.local/lib/python3.8/site-packages/airflow/example_dags/example_branch_operator_decorator.py
[2025-04-28T12:20:13.788+0000] {processor.py:830} INFO - Processing file /home/airflow/.local/lib/python3.8/site-packages/airflow/example_dags/example_branch_operator_decorator.py for tasks to queue
[2025-04-28T12:20:13.791+0000] {logging_mixin.py:188} INFO - [2025-04-28T12:20:13.790+0000] {dagbag.py:538} INFO - Filling up the DagBag from /home/airflow/.local/lib/python3.8/site-packages/airflow/example_dags/example_branch_operator_decorator.py
[2025-04-28T12:20:13.871+0000] {processor.py:840} INFO - DAG(s) 'example_branch_python_operator_decorator' retrieved from /home/airflow/.local/lib/python3.8/site-packages/airflow/example_dags/example_branch_operator_decorator.py
[2025-04-28T12:20:13.991+0000] {logging_mixin.py:188} INFO - [2025-04-28T12:20:13.991+0000] {dag.py:3033} INFO - Sync 1 DAGs
[2025-04-28T12:20:14.157+0000] {logging_mixin.py:188} INFO - [2025-04-28T12:20:14.156+0000] {dag.py:3820} INFO - Setting next_dagrun for example_branch_python_operator_decorator to 2025-04-27T00:00:00+00:00, run_after=2025-04-28T00:00:00+00:00
[2025-04-28T12:20:14.343+0000] {processor.py:183} INFO - Processing /home/airflow/.local/lib/python3.8/site-packages/airflow/example_dags/example_branch_operator_decorator.py took 0.574 seconds
[2025-04-28T12:20:45.249+0000] {processor.py:161} INFO - Started process (PID=8668) to work on /home/airflow/.local/lib/python3.8/site-packages/airflow/example_dags/example_branch_operator_decorator.py
[2025-04-28T12:20:45.254+0000] {processor.py:830} INFO - Processing file /home/airflow/.local/lib/python3.8/site-packages/airflow/example_dags/example_branch_operator_decorator.py for tasks to queue
[2025-04-28T12:20:45.256+0000] {logging_mixin.py:188} INFO - [2025-04-28T12:20:45.256+0000] {dagbag.py:538} INFO - Filling up the DagBag from /home/airflow/.local/lib/python3.8/site-packages/airflow/example_dags/example_branch_operator_decorator.py
[2025-04-28T12:20:45.325+0000] {processor.py:840} INFO - DAG(s) 'example_branch_python_operator_decorator' retrieved from /home/airflow/.local/lib/python3.8/site-packages/airflow/example_dags/example_branch_operator_decorator.py
[2025-04-28T12:20:45.402+0000] {logging_mixin.py:188} INFO - [2025-04-28T12:20:45.401+0000] {dag.py:3033} INFO - Sync 1 DAGs
[2025-04-28T12:20:45.462+0000] {logging_mixin.py:188} INFO - [2025-04-28T12:20:45.462+0000] {dag.py:3820} INFO - Setting next_dagrun for example_branch_python_operator_decorator to 2025-04-27T00:00:00+00:00, run_after=2025-04-28T00:00:00+00:00
[2025-04-28T12:20:45.525+0000] {processor.py:183} INFO - Processing /home/airflow/.local/lib/python3.8/site-packages/airflow/example_dags/example_branch_operator_decorator.py took 0.284 seconds
[2025-04-28T12:21:19.711+0000] {processor.py:161} INFO - Started process (PID=8722) to work on /home/airflow/.local/lib/python3.8/site-packages/airflow/example_dags/example_branch_operator_decorator.py
[2025-04-28T12:21:19.713+0000] {processor.py:830} INFO - Processing file /home/airflow/.local/lib/python3.8/site-packages/airflow/example_dags/example_branch_operator_decorator.py for tasks to queue
[2025-04-28T12:21:19.715+0000] {logging_mixin.py:188} INFO - [2025-04-28T12:21:19.715+0000] {dagbag.py:538} INFO - Filling up the DagBag from /home/airflow/.local/lib/python3.8/site-packages/airflow/example_dags/example_branch_operator_decorator.py
[2025-04-28T12:21:19.757+0000] {processor.py:840} INFO - DAG(s) 'example_branch_python_operator_decorator' retrieved from /home/airflow/.local/lib/python3.8/site-packages/airflow/example_dags/example_branch_operator_decorator.py
[2025-04-28T12:21:19.812+0000] {logging_mixin.py:188} INFO - [2025-04-28T12:21:19.811+0000] {dag.py:3033} INFO - Sync 1 DAGs
[2025-04-28T12:21:19.850+0000] {logging_mixin.py:188} INFO - [2025-04-28T12:21:19.850+0000] {dag.py:3820} INFO - Setting next_dagrun for example_branch_python_operator_decorator to 2025-04-27T00:00:00+00:00, run_after=2025-04-28T00:00:00+00:00
[2025-04-28T12:21:19.899+0000] {processor.py:183} INFO - Processing /home/airflow/.local/lib/python3.8/site-packages/airflow/example_dags/example_branch_operator_decorator.py took 0.195 seconds
[2025-04-28T12:21:50.847+0000] {processor.py:161} INFO - Started process (PID=8777) to work on /home/airflow/.local/lib/python3.8/site-packages/airflow/example_dags/example_branch_operator_decorator.py
[2025-04-28T12:21:50.849+0000] {processor.py:830} INFO - Processing file /home/airflow/.local/lib/python3.8/site-packages/airflow/example_dags/example_branch_operator_decorator.py for tasks to queue
[2025-04-28T12:21:50.851+0000] {logging_mixin.py:188} INFO - [2025-04-28T12:21:50.850+0000] {dagbag.py:538} INFO - Filling up the DagBag from /home/airflow/.local/lib/python3.8/site-packages/airflow/example_dags/example_branch_operator_decorator.py
[2025-04-28T12:21:50.913+0000] {processor.py:840} INFO - DAG(s) 'example_branch_python_operator_decorator' retrieved from /home/airflow/.local/lib/python3.8/site-packages/airflow/example_dags/example_branch_operator_decorator.py
[2025-04-28T12:21:50.991+0000] {logging_mixin.py:188} INFO - [2025-04-28T12:21:50.990+0000] {dag.py:3033} INFO - Sync 1 DAGs
[2025-04-28T12:21:51.056+0000] {logging_mixin.py:188} INFO - [2025-04-28T12:21:51.055+0000] {dag.py:3820} INFO - Setting next_dagrun for example_branch_python_operator_decorator to 2025-04-27T00:00:00+00:00, run_after=2025-04-28T00:00:00+00:00
[2025-04-28T12:21:51.108+0000] {processor.py:183} INFO - Processing /home/airflow/.local/lib/python3.8/site-packages/airflow/example_dags/example_branch_operator_decorator.py took 0.269 seconds
[2025-04-28T12:22:21.299+0000] {processor.py:161} INFO - Started process (PID=8833) to work on /home/airflow/.local/lib/python3.8/site-packages/airflow/example_dags/example_branch_operator_decorator.py
[2025-04-28T12:22:21.300+0000] {processor.py:830} INFO - Processing file /home/airflow/.local/lib/python3.8/site-packages/airflow/example_dags/example_branch_operator_decorator.py for tasks to queue
[2025-04-28T12:22:21.302+0000] {logging_mixin.py:188} INFO - [2025-04-28T12:22:21.302+0000] {dagbag.py:538} INFO - Filling up the DagBag from /home/airflow/.local/lib/python3.8/site-packages/airflow/example_dags/example_branch_operator_decorator.py
[2025-04-28T12:22:21.336+0000] {processor.py:840} INFO - DAG(s) 'example_branch_python_operator_decorator' retrieved from /home/airflow/.local/lib/python3.8/site-packages/airflow/example_dags/example_branch_operator_decorator.py
[2025-04-28T12:22:21.391+0000] {logging_mixin.py:188} INFO - [2025-04-28T12:22:21.390+0000] {dag.py:3033} INFO - Sync 1 DAGs
[2025-04-28T12:22:21.430+0000] {logging_mixin.py:188} INFO - [2025-04-28T12:22:21.430+0000] {dag.py:3820} INFO - Setting next_dagrun for example_branch_python_operator_decorator to 2025-04-27T00:00:00+00:00, run_after=2025-04-28T00:00:00+00:00
[2025-04-28T12:22:21.470+0000] {processor.py:183} INFO - Processing /home/airflow/.local/lib/python3.8/site-packages/airflow/example_dags/example_branch_operator_decorator.py took 0.176 seconds
[2025-04-28T12:22:51.852+0000] {processor.py:161} INFO - Started process (PID=8889) to work on /home/airflow/.local/lib/python3.8/site-packages/airflow/example_dags/example_branch_operator_decorator.py
[2025-04-28T12:22:51.854+0000] {processor.py:830} INFO - Processing file /home/airflow/.local/lib/python3.8/site-packages/airflow/example_dags/example_branch_operator_decorator.py for tasks to queue
[2025-04-28T12:22:51.856+0000] {logging_mixin.py:188} INFO - [2025-04-28T12:22:51.856+0000] {dagbag.py:538} INFO - Filling up the DagBag from /home/airflow/.local/lib/python3.8/site-packages/airflow/example_dags/example_branch_operator_decorator.py
[2025-04-28T12:22:51.901+0000] {processor.py:840} INFO - DAG(s) 'example_branch_python_operator_decorator' retrieved from /home/airflow/.local/lib/python3.8/site-packages/airflow/example_dags/example_branch_operator_decorator.py
[2025-04-28T12:22:51.969+0000] {logging_mixin.py:188} INFO - [2025-04-28T12:22:51.969+0000] {dag.py:3033} INFO - Sync 1 DAGs
[2025-04-28T12:22:52.020+0000] {logging_mixin.py:188} INFO - [2025-04-28T12:22:52.020+0000] {dag.py:3820} INFO - Setting next_dagrun for example_branch_python_operator_decorator to 2025-04-27T00:00:00+00:00, run_after=2025-04-28T00:00:00+00:00
[2025-04-28T12:22:52.072+0000] {processor.py:183} INFO - Processing /home/airflow/.local/lib/python3.8/site-packages/airflow/example_dags/example_branch_operator_decorator.py took 0.227 seconds
[2025-04-28T12:23:22.222+0000] {processor.py:161} INFO - Started process (PID=8946) to work on /home/airflow/.local/lib/python3.8/site-packages/airflow/example_dags/example_branch_operator_decorator.py
[2025-04-28T12:23:22.224+0000] {processor.py:830} INFO - Processing file /home/airflow/.local/lib/python3.8/site-packages/airflow/example_dags/example_branch_operator_decorator.py for tasks to queue
[2025-04-28T12:23:22.225+0000] {logging_mixin.py:188} INFO - [2025-04-28T12:23:22.225+0000] {dagbag.py:538} INFO - Filling up the DagBag from /home/airflow/.local/lib/python3.8/site-packages/airflow/example_dags/example_branch_operator_decorator.py
[2025-04-28T12:23:22.259+0000] {processor.py:840} INFO - DAG(s) 'example_branch_python_operator_decorator' retrieved from /home/airflow/.local/lib/python3.8/site-packages/airflow/example_dags/example_branch_operator_decorator.py
[2025-04-28T12:23:22.311+0000] {logging_mixin.py:188} INFO - [2025-04-28T12:23:22.311+0000] {dag.py:3033} INFO - Sync 1 DAGs
[2025-04-28T12:23:22.356+0000] {logging_mixin.py:188} INFO - [2025-04-28T12:23:22.355+0000] {dag.py:3820} INFO - Setting next_dagrun for example_branch_python_operator_decorator to 2025-04-27T00:00:00+00:00, run_after=2025-04-28T00:00:00+00:00
[2025-04-28T12:23:22.389+0000] {processor.py:183} INFO - Processing /home/airflow/.local/lib/python3.8/site-packages/airflow/example_dags/example_branch_operator_decorator.py took 0.172 seconds
[2025-04-28T12:23:52.877+0000] {processor.py:161} INFO - Started process (PID=9001) to work on /home/airflow/.local/lib/python3.8/site-packages/airflow/example_dags/example_branch_operator_decorator.py
[2025-04-28T12:23:52.879+0000] {processor.py:830} INFO - Processing file /home/airflow/.local/lib/python3.8/site-packages/airflow/example_dags/example_branch_operator_decorator.py for tasks to queue
[2025-04-28T12:23:52.881+0000] {logging_mixin.py:188} INFO - [2025-04-28T12:23:52.880+0000] {dagbag.py:538} INFO - Filling up the DagBag from /home/airflow/.local/lib/python3.8/site-packages/airflow/example_dags/example_branch_operator_decorator.py
[2025-04-28T12:23:52.916+0000] {processor.py:840} INFO - DAG(s) 'example_branch_python_operator_decorator' retrieved from /home/airflow/.local/lib/python3.8/site-packages/airflow/example_dags/example_branch_operator_decorator.py
[2025-04-28T12:23:52.972+0000] {logging_mixin.py:188} INFO - [2025-04-28T12:23:52.972+0000] {dag.py:3033} INFO - Sync 1 DAGs
[2025-04-28T12:23:53.013+0000] {logging_mixin.py:188} INFO - [2025-04-28T12:23:53.013+0000] {dag.py:3820} INFO - Setting next_dagrun for example_branch_python_operator_decorator to 2025-04-27T00:00:00+00:00, run_after=2025-04-28T00:00:00+00:00
[2025-04-28T12:23:53.052+0000] {processor.py:183} INFO - Processing /home/airflow/.local/lib/python3.8/site-packages/airflow/example_dags/example_branch_operator_decorator.py took 0.179 seconds
[2025-04-28T12:24:27.405+0000] {processor.py:161} INFO - Started process (PID=9057) to work on /home/airflow/.local/lib/python3.8/site-packages/airflow/example_dags/example_branch_operator_decorator.py
[2025-04-28T12:24:27.407+0000] {processor.py:830} INFO - Processing file /home/airflow/.local/lib/python3.8/site-packages/airflow/example_dags/example_branch_operator_decorator.py for tasks to queue
[2025-04-28T12:24:27.408+0000] {logging_mixin.py:188} INFO - [2025-04-28T12:24:27.408+0000] {dagbag.py:538} INFO - Filling up the DagBag from /home/airflow/.local/lib/python3.8/site-packages/airflow/example_dags/example_branch_operator_decorator.py
[2025-04-28T12:24:27.446+0000] {processor.py:840} INFO - DAG(s) 'example_branch_python_operator_decorator' retrieved from /home/airflow/.local/lib/python3.8/site-packages/airflow/example_dags/example_branch_operator_decorator.py
[2025-04-28T12:24:27.498+0000] {logging_mixin.py:188} INFO - [2025-04-28T12:24:27.497+0000] {dag.py:3033} INFO - Sync 1 DAGs
[2025-04-28T12:24:27.537+0000] {logging_mixin.py:188} INFO - [2025-04-28T12:24:27.537+0000] {dag.py:3820} INFO - Setting next_dagrun for example_branch_python_operator_decorator to 2025-04-27T00:00:00+00:00, run_after=2025-04-28T00:00:00+00:00
[2025-04-28T12:24:27.578+0000] {processor.py:183} INFO - Processing /home/airflow/.local/lib/python3.8/site-packages/airflow/example_dags/example_branch_operator_decorator.py took 0.180 seconds
[2025-04-28T12:24:58.533+0000] {processor.py:161} INFO - Started process (PID=9115) to work on /home/airflow/.local/lib/python3.8/site-packages/airflow/example_dags/example_branch_operator_decorator.py
[2025-04-28T12:24:58.534+0000] {processor.py:830} INFO - Processing file /home/airflow/.local/lib/python3.8/site-packages/airflow/example_dags/example_branch_operator_decorator.py for tasks to queue
[2025-04-28T12:24:58.536+0000] {logging_mixin.py:188} INFO - [2025-04-28T12:24:58.535+0000] {dagbag.py:538} INFO - Filling up the DagBag from /home/airflow/.local/lib/python3.8/site-packages/airflow/example_dags/example_branch_operator_decorator.py
[2025-04-28T12:24:58.579+0000] {processor.py:840} INFO - DAG(s) 'example_branch_python_operator_decorator' retrieved from /home/airflow/.local/lib/python3.8/site-packages/airflow/example_dags/example_branch_operator_decorator.py
[2025-04-28T12:24:58.661+0000] {logging_mixin.py:188} INFO - [2025-04-28T12:24:58.660+0000] {dag.py:3033} INFO - Sync 1 DAGs
[2025-04-28T12:24:58.708+0000] {logging_mixin.py:188} INFO - [2025-04-28T12:24:58.708+0000] {dag.py:3820} INFO - Setting next_dagrun for example_branch_python_operator_decorator to 2025-04-27T00:00:00+00:00, run_after=2025-04-28T00:00:00+00:00
[2025-04-28T12:24:58.755+0000] {processor.py:183} INFO - Processing /home/airflow/.local/lib/python3.8/site-packages/airflow/example_dags/example_branch_operator_decorator.py took 0.228 seconds
[2025-04-28T12:25:34.079+0000] {processor.py:161} INFO - Started process (PID=9171) to work on /home/airflow/.local/lib/python3.8/site-packages/airflow/example_dags/example_branch_operator_decorator.py
[2025-04-28T12:25:34.081+0000] {processor.py:830} INFO - Processing file /home/airflow/.local/lib/python3.8/site-packages/airflow/example_dags/example_branch_operator_decorator.py for tasks to queue
[2025-04-28T12:25:34.083+0000] {logging_mixin.py:188} INFO - [2025-04-28T12:25:34.082+0000] {dagbag.py:538} INFO - Filling up the DagBag from /home/airflow/.local/lib/python3.8/site-packages/airflow/example_dags/example_branch_operator_decorator.py
[2025-04-28T12:25:34.124+0000] {processor.py:840} INFO - DAG(s) 'example_branch_python_operator_decorator' retrieved from /home/airflow/.local/lib/python3.8/site-packages/airflow/example_dags/example_branch_operator_decorator.py
[2025-04-28T12:25:34.177+0000] {logging_mixin.py:188} INFO - [2025-04-28T12:25:34.176+0000] {dag.py:3033} INFO - Sync 1 DAGs
[2025-04-28T12:25:34.214+0000] {logging_mixin.py:188} INFO - [2025-04-28T12:25:34.214+0000] {dag.py:3820} INFO - Setting next_dagrun for example_branch_python_operator_decorator to 2025-04-27T00:00:00+00:00, run_after=2025-04-28T00:00:00+00:00
[2025-04-28T12:25:34.257+0000] {processor.py:183} INFO - Processing /home/airflow/.local/lib/python3.8/site-packages/airflow/example_dags/example_branch_operator_decorator.py took 0.183 seconds
[2025-04-28T12:26:04.682+0000] {processor.py:161} INFO - Started process (PID=9227) to work on /home/airflow/.local/lib/python3.8/site-packages/airflow/example_dags/example_branch_operator_decorator.py
[2025-04-28T12:26:04.684+0000] {processor.py:830} INFO - Processing file /home/airflow/.local/lib/python3.8/site-packages/airflow/example_dags/example_branch_operator_decorator.py for tasks to queue
[2025-04-28T12:26:04.686+0000] {logging_mixin.py:188} INFO - [2025-04-28T12:26:04.686+0000] {dagbag.py:538} INFO - Filling up the DagBag from /home/airflow/.local/lib/python3.8/site-packages/airflow/example_dags/example_branch_operator_decorator.py
[2025-04-28T12:26:04.748+0000] {processor.py:840} INFO - DAG(s) 'example_branch_python_operator_decorator' retrieved from /home/airflow/.local/lib/python3.8/site-packages/airflow/example_dags/example_branch_operator_decorator.py
[2025-04-28T12:26:04.861+0000] {logging_mixin.py:188} INFO - [2025-04-28T12:26:04.860+0000] {dag.py:3033} INFO - Sync 1 DAGs
[2025-04-28T12:26:04.924+0000] {logging_mixin.py:188} INFO - [2025-04-28T12:26:04.923+0000] {dag.py:3820} INFO - Setting next_dagrun for example_branch_python_operator_decorator to 2025-04-27T00:00:00+00:00, run_after=2025-04-28T00:00:00+00:00
[2025-04-28T12:26:04.998+0000] {processor.py:183} INFO - Processing /home/airflow/.local/lib/python3.8/site-packages/airflow/example_dags/example_branch_operator_decorator.py took 0.325 seconds
[2025-04-28T12:26:37.797+0000] {processor.py:161} INFO - Started process (PID=9287) to work on /home/airflow/.local/lib/python3.8/site-packages/airflow/example_dags/example_branch_operator_decorator.py
[2025-04-28T12:26:37.799+0000] {processor.py:830} INFO - Processing file /home/airflow/.local/lib/python3.8/site-packages/airflow/example_dags/example_branch_operator_decorator.py for tasks to queue
[2025-04-28T12:26:37.802+0000] {logging_mixin.py:188} INFO - [2025-04-28T12:26:37.801+0000] {dagbag.py:538} INFO - Filling up the DagBag from /home/airflow/.local/lib/python3.8/site-packages/airflow/example_dags/example_branch_operator_decorator.py
[2025-04-28T12:26:37.867+0000] {processor.py:840} INFO - DAG(s) 'example_branch_python_operator_decorator' retrieved from /home/airflow/.local/lib/python3.8/site-packages/airflow/example_dags/example_branch_operator_decorator.py
[2025-04-28T12:26:37.985+0000] {logging_mixin.py:188} INFO - [2025-04-28T12:26:37.984+0000] {dag.py:3033} INFO - Sync 1 DAGs
[2025-04-28T12:26:38.058+0000] {logging_mixin.py:188} INFO - [2025-04-28T12:26:38.057+0000] {dag.py:3820} INFO - Setting next_dagrun for example_branch_python_operator_decorator to 2025-04-27T00:00:00+00:00, run_after=2025-04-28T00:00:00+00:00
[2025-04-28T12:26:38.125+0000] {processor.py:183} INFO - Processing /home/airflow/.local/lib/python3.8/site-packages/airflow/example_dags/example_branch_operator_decorator.py took 0.338 seconds
[2025-04-28T12:27:09.627+0000] {processor.py:161} INFO - Started process (PID=9344) to work on /home/airflow/.local/lib/python3.8/site-packages/airflow/example_dags/example_branch_operator_decorator.py
[2025-04-28T12:27:09.629+0000] {processor.py:830} INFO - Processing file /home/airflow/.local/lib/python3.8/site-packages/airflow/example_dags/example_branch_operator_decorator.py for tasks to queue
[2025-04-28T12:27:09.633+0000] {logging_mixin.py:188} INFO - [2025-04-28T12:27:09.632+0000] {dagbag.py:538} INFO - Filling up the DagBag from /home/airflow/.local/lib/python3.8/site-packages/airflow/example_dags/example_branch_operator_decorator.py
[2025-04-28T12:27:09.713+0000] {processor.py:840} INFO - DAG(s) 'example_branch_python_operator_decorator' retrieved from /home/airflow/.local/lib/python3.8/site-packages/airflow/example_dags/example_branch_operator_decorator.py
[2025-04-28T12:27:09.794+0000] {logging_mixin.py:188} INFO - [2025-04-28T12:27:09.793+0000] {dag.py:3033} INFO - Sync 1 DAGs
[2025-04-28T12:27:09.867+0000] {logging_mixin.py:188} INFO - [2025-04-28T12:27:09.867+0000] {dag.py:3820} INFO - Setting next_dagrun for example_branch_python_operator_decorator to 2025-04-27T00:00:00+00:00, run_after=2025-04-28T00:00:00+00:00
[2025-04-28T12:27:09.927+0000] {processor.py:183} INFO - Processing /home/airflow/.local/lib/python3.8/site-packages/airflow/example_dags/example_branch_operator_decorator.py took 0.310 seconds
[2025-04-28T12:27:41.135+0000] {processor.py:161} INFO - Started process (PID=9401) to work on /home/airflow/.local/lib/python3.8/site-packages/airflow/example_dags/example_branch_operator_decorator.py
[2025-04-28T12:27:41.138+0000] {processor.py:830} INFO - Processing file /home/airflow/.local/lib/python3.8/site-packages/airflow/example_dags/example_branch_operator_decorator.py for tasks to queue
[2025-04-28T12:27:41.140+0000] {logging_mixin.py:188} INFO - [2025-04-28T12:27:41.139+0000] {dagbag.py:538} INFO - Filling up the DagBag from /home/airflow/.local/lib/python3.8/site-packages/airflow/example_dags/example_branch_operator_decorator.py
[2025-04-28T12:27:41.193+0000] {processor.py:840} INFO - DAG(s) 'example_branch_python_operator_decorator' retrieved from /home/airflow/.local/lib/python3.8/site-packages/airflow/example_dags/example_branch_operator_decorator.py
[2025-04-28T12:27:41.270+0000] {logging_mixin.py:188} INFO - [2025-04-28T12:27:41.270+0000] {dag.py:3033} INFO - Sync 1 DAGs
[2025-04-28T12:27:41.321+0000] {logging_mixin.py:188} INFO - [2025-04-28T12:27:41.321+0000] {dag.py:3820} INFO - Setting next_dagrun for example_branch_python_operator_decorator to 2025-04-27T00:00:00+00:00, run_after=2025-04-28T00:00:00+00:00
[2025-04-28T12:27:41.380+0000] {processor.py:183} INFO - Processing /home/airflow/.local/lib/python3.8/site-packages/airflow/example_dags/example_branch_operator_decorator.py took 0.254 seconds
[2025-04-28T12:28:14.991+0000] {processor.py:161} INFO - Started process (PID=9468) to work on /home/airflow/.local/lib/python3.8/site-packages/airflow/example_dags/example_branch_operator_decorator.py
[2025-04-28T12:28:14.993+0000] {processor.py:830} INFO - Processing file /home/airflow/.local/lib/python3.8/site-packages/airflow/example_dags/example_branch_operator_decorator.py for tasks to queue
[2025-04-28T12:28:14.995+0000] {logging_mixin.py:188} INFO - [2025-04-28T12:28:14.994+0000] {dagbag.py:538} INFO - Filling up the DagBag from /home/airflow/.local/lib/python3.8/site-packages/airflow/example_dags/example_branch_operator_decorator.py
[2025-04-28T12:28:15.042+0000] {processor.py:840} INFO - DAG(s) 'example_branch_python_operator_decorator' retrieved from /home/airflow/.local/lib/python3.8/site-packages/airflow/example_dags/example_branch_operator_decorator.py
[2025-04-28T12:28:15.125+0000] {logging_mixin.py:188} INFO - [2025-04-28T12:28:15.124+0000] {dag.py:3033} INFO - Sync 1 DAGs
[2025-04-28T12:28:15.186+0000] {logging_mixin.py:188} INFO - [2025-04-28T12:28:15.185+0000] {dag.py:3820} INFO - Setting next_dagrun for example_branch_python_operator_decorator to 2025-04-27T00:00:00+00:00, run_after=2025-04-28T00:00:00+00:00
[2025-04-28T12:28:15.246+0000] {processor.py:183} INFO - Processing /home/airflow/.local/lib/python3.8/site-packages/airflow/example_dags/example_branch_operator_decorator.py took 0.263 seconds
[2025-04-28T12:28:45.571+0000] {processor.py:161} INFO - Started process (PID=9524) to work on /home/airflow/.local/lib/python3.8/site-packages/airflow/example_dags/example_branch_operator_decorator.py
[2025-04-28T12:28:45.573+0000] {processor.py:830} INFO - Processing file /home/airflow/.local/lib/python3.8/site-packages/airflow/example_dags/example_branch_operator_decorator.py for tasks to queue
[2025-04-28T12:28:45.575+0000] {logging_mixin.py:188} INFO - [2025-04-28T12:28:45.575+0000] {dagbag.py:538} INFO - Filling up the DagBag from /home/airflow/.local/lib/python3.8/site-packages/airflow/example_dags/example_branch_operator_decorator.py
[2025-04-28T12:28:45.622+0000] {processor.py:840} INFO - DAG(s) 'example_branch_python_operator_decorator' retrieved from /home/airflow/.local/lib/python3.8/site-packages/airflow/example_dags/example_branch_operator_decorator.py
[2025-04-28T12:28:45.682+0000] {logging_mixin.py:188} INFO - [2025-04-28T12:28:45.682+0000] {dag.py:3033} INFO - Sync 1 DAGs
[2025-04-28T12:28:45.729+0000] {logging_mixin.py:188} INFO - [2025-04-28T12:28:45.729+0000] {dag.py:3820} INFO - Setting next_dagrun for example_branch_python_operator_decorator to 2025-04-27T00:00:00+00:00, run_after=2025-04-28T00:00:00+00:00
[2025-04-28T12:28:45.778+0000] {processor.py:183} INFO - Processing /home/airflow/.local/lib/python3.8/site-packages/airflow/example_dags/example_branch_operator_decorator.py took 0.215 seconds
[2025-04-28T12:29:15.960+0000] {processor.py:161} INFO - Started process (PID=9580) to work on /home/airflow/.local/lib/python3.8/site-packages/airflow/example_dags/example_branch_operator_decorator.py
[2025-04-28T12:29:15.962+0000] {processor.py:830} INFO - Processing file /home/airflow/.local/lib/python3.8/site-packages/airflow/example_dags/example_branch_operator_decorator.py for tasks to queue
[2025-04-28T12:29:15.966+0000] {logging_mixin.py:188} INFO - [2025-04-28T12:29:15.964+0000] {dagbag.py:538} INFO - Filling up the DagBag from /home/airflow/.local/lib/python3.8/site-packages/airflow/example_dags/example_branch_operator_decorator.py
[2025-04-28T12:29:16.022+0000] {processor.py:840} INFO - DAG(s) 'example_branch_python_operator_decorator' retrieved from /home/airflow/.local/lib/python3.8/site-packages/airflow/example_dags/example_branch_operator_decorator.py
[2025-04-28T12:29:16.102+0000] {logging_mixin.py:188} INFO - [2025-04-28T12:29:16.102+0000] {dag.py:3033} INFO - Sync 1 DAGs
[2025-04-28T12:29:16.173+0000] {logging_mixin.py:188} INFO - [2025-04-28T12:29:16.172+0000] {dag.py:3820} INFO - Setting next_dagrun for example_branch_python_operator_decorator to 2025-04-27T00:00:00+00:00, run_after=2025-04-28T00:00:00+00:00
[2025-04-28T12:29:16.222+0000] {processor.py:183} INFO - Processing /home/airflow/.local/lib/python3.8/site-packages/airflow/example_dags/example_branch_operator_decorator.py took 0.271 seconds
[2025-04-28T12:29:46.601+0000] {processor.py:161} INFO - Started process (PID=9636) to work on /home/airflow/.local/lib/python3.8/site-packages/airflow/example_dags/example_branch_operator_decorator.py
[2025-04-28T12:29:46.618+0000] {processor.py:830} INFO - Processing file /home/airflow/.local/lib/python3.8/site-packages/airflow/example_dags/example_branch_operator_decorator.py for tasks to queue
[2025-04-28T12:29:46.624+0000] {logging_mixin.py:188} INFO - [2025-04-28T12:29:46.623+0000] {dagbag.py:538} INFO - Filling up the DagBag from /home/airflow/.local/lib/python3.8/site-packages/airflow/example_dags/example_branch_operator_decorator.py
[2025-04-28T12:29:46.752+0000] {processor.py:840} INFO - DAG(s) 'example_branch_python_operator_decorator' retrieved from /home/airflow/.local/lib/python3.8/site-packages/airflow/example_dags/example_branch_operator_decorator.py
[2025-04-28T12:29:46.895+0000] {logging_mixin.py:188} INFO - [2025-04-28T12:29:46.894+0000] {dag.py:3033} INFO - Sync 1 DAGs
[2025-04-28T12:29:46.963+0000] {logging_mixin.py:188} INFO - [2025-04-28T12:29:46.963+0000] {dag.py:3820} INFO - Setting next_dagrun for example_branch_python_operator_decorator to 2025-04-27T00:00:00+00:00, run_after=2025-04-28T00:00:00+00:00
[2025-04-28T12:29:47.025+0000] {processor.py:183} INFO - Processing /home/airflow/.local/lib/python3.8/site-packages/airflow/example_dags/example_branch_operator_decorator.py took 0.440 seconds
[2025-04-28T12:30:17.672+0000] {processor.py:161} INFO - Started process (PID=9692) to work on /home/airflow/.local/lib/python3.8/site-packages/airflow/example_dags/example_branch_operator_decorator.py
[2025-04-28T12:30:17.675+0000] {processor.py:830} INFO - Processing file /home/airflow/.local/lib/python3.8/site-packages/airflow/example_dags/example_branch_operator_decorator.py for tasks to queue
[2025-04-28T12:30:17.677+0000] {logging_mixin.py:188} INFO - [2025-04-28T12:30:17.676+0000] {dagbag.py:538} INFO - Filling up the DagBag from /home/airflow/.local/lib/python3.8/site-packages/airflow/example_dags/example_branch_operator_decorator.py
[2025-04-28T12:30:17.722+0000] {processor.py:840} INFO - DAG(s) 'example_branch_python_operator_decorator' retrieved from /home/airflow/.local/lib/python3.8/site-packages/airflow/example_dags/example_branch_operator_decorator.py
[2025-04-28T12:30:17.800+0000] {logging_mixin.py:188} INFO - [2025-04-28T12:30:17.800+0000] {dag.py:3033} INFO - Sync 1 DAGs
[2025-04-28T12:30:17.858+0000] {logging_mixin.py:188} INFO - [2025-04-28T12:30:17.858+0000] {dag.py:3820} INFO - Setting next_dagrun for example_branch_python_operator_decorator to 2025-04-27T00:00:00+00:00, run_after=2025-04-28T00:00:00+00:00
[2025-04-28T12:30:17.940+0000] {processor.py:183} INFO - Processing /home/airflow/.local/lib/python3.8/site-packages/airflow/example_dags/example_branch_operator_decorator.py took 0.274 seconds
[2025-04-28T12:30:48.524+0000] {processor.py:161} INFO - Started process (PID=9747) to work on /home/airflow/.local/lib/python3.8/site-packages/airflow/example_dags/example_branch_operator_decorator.py
[2025-04-28T12:30:48.526+0000] {processor.py:830} INFO - Processing file /home/airflow/.local/lib/python3.8/site-packages/airflow/example_dags/example_branch_operator_decorator.py for tasks to queue
[2025-04-28T12:30:48.528+0000] {logging_mixin.py:188} INFO - [2025-04-28T12:30:48.528+0000] {dagbag.py:538} INFO - Filling up the DagBag from /home/airflow/.local/lib/python3.8/site-packages/airflow/example_dags/example_branch_operator_decorator.py
[2025-04-28T12:30:48.575+0000] {processor.py:840} INFO - DAG(s) 'example_branch_python_operator_decorator' retrieved from /home/airflow/.local/lib/python3.8/site-packages/airflow/example_dags/example_branch_operator_decorator.py
[2025-04-28T12:30:48.662+0000] {logging_mixin.py:188} INFO - [2025-04-28T12:30:48.662+0000] {dag.py:3033} INFO - Sync 1 DAGs
[2025-04-28T12:30:48.747+0000] {logging_mixin.py:188} INFO - [2025-04-28T12:30:48.746+0000] {dag.py:3820} INFO - Setting next_dagrun for example_branch_python_operator_decorator to 2025-04-27T00:00:00+00:00, run_after=2025-04-28T00:00:00+00:00
[2025-04-28T12:30:48.803+0000] {processor.py:183} INFO - Processing /home/airflow/.local/lib/python3.8/site-packages/airflow/example_dags/example_branch_operator_decorator.py took 0.289 seconds
[2025-04-28T12:31:19.454+0000] {processor.py:161} INFO - Started process (PID=9803) to work on /home/airflow/.local/lib/python3.8/site-packages/airflow/example_dags/example_branch_operator_decorator.py
[2025-04-28T12:31:19.456+0000] {processor.py:830} INFO - Processing file /home/airflow/.local/lib/python3.8/site-packages/airflow/example_dags/example_branch_operator_decorator.py for tasks to queue
[2025-04-28T12:31:19.459+0000] {logging_mixin.py:188} INFO - [2025-04-28T12:31:19.458+0000] {dagbag.py:538} INFO - Filling up the DagBag from /home/airflow/.local/lib/python3.8/site-packages/airflow/example_dags/example_branch_operator_decorator.py
[2025-04-28T12:31:19.541+0000] {processor.py:840} INFO - DAG(s) 'example_branch_python_operator_decorator' retrieved from /home/airflow/.local/lib/python3.8/site-packages/airflow/example_dags/example_branch_operator_decorator.py
[2025-04-28T12:31:19.623+0000] {logging_mixin.py:188} INFO - [2025-04-28T12:31:19.623+0000] {dag.py:3033} INFO - Sync 1 DAGs
[2025-04-28T12:31:19.683+0000] {logging_mixin.py:188} INFO - [2025-04-28T12:31:19.682+0000] {dag.py:3820} INFO - Setting next_dagrun for example_branch_python_operator_decorator to 2025-04-27T00:00:00+00:00, run_after=2025-04-28T00:00:00+00:00
[2025-04-28T12:31:19.744+0000] {processor.py:183} INFO - Processing /home/airflow/.local/lib/python3.8/site-packages/airflow/example_dags/example_branch_operator_decorator.py took 0.300 seconds
[2025-04-28T12:31:50.604+0000] {processor.py:161} INFO - Started process (PID=9858) to work on /home/airflow/.local/lib/python3.8/site-packages/airflow/example_dags/example_branch_operator_decorator.py
[2025-04-28T12:31:50.606+0000] {processor.py:830} INFO - Processing file /home/airflow/.local/lib/python3.8/site-packages/airflow/example_dags/example_branch_operator_decorator.py for tasks to queue
[2025-04-28T12:31:50.608+0000] {logging_mixin.py:188} INFO - [2025-04-28T12:31:50.608+0000] {dagbag.py:538} INFO - Filling up the DagBag from /home/airflow/.local/lib/python3.8/site-packages/airflow/example_dags/example_branch_operator_decorator.py
[2025-04-28T12:31:50.671+0000] {processor.py:840} INFO - DAG(s) 'example_branch_python_operator_decorator' retrieved from /home/airflow/.local/lib/python3.8/site-packages/airflow/example_dags/example_branch_operator_decorator.py
[2025-04-28T12:31:50.791+0000] {logging_mixin.py:188} INFO - [2025-04-28T12:31:50.791+0000] {dag.py:3033} INFO - Sync 1 DAGs
[2025-04-28T12:31:50.910+0000] {logging_mixin.py:188} INFO - [2025-04-28T12:31:50.909+0000] {dag.py:3820} INFO - Setting next_dagrun for example_branch_python_operator_decorator to 2025-04-27T00:00:00+00:00, run_after=2025-04-28T00:00:00+00:00
[2025-04-28T12:31:50.996+0000] {processor.py:183} INFO - Processing /home/airflow/.local/lib/python3.8/site-packages/airflow/example_dags/example_branch_operator_decorator.py took 0.399 seconds
[2025-04-28T12:32:21.872+0000] {processor.py:161} INFO - Started process (PID=9914) to work on /home/airflow/.local/lib/python3.8/site-packages/airflow/example_dags/example_branch_operator_decorator.py
[2025-04-28T12:32:21.877+0000] {processor.py:830} INFO - Processing file /home/airflow/.local/lib/python3.8/site-packages/airflow/example_dags/example_branch_operator_decorator.py for tasks to queue
[2025-04-28T12:32:21.882+0000] {logging_mixin.py:188} INFO - [2025-04-28T12:32:21.881+0000] {dagbag.py:538} INFO - Filling up the DagBag from /home/airflow/.local/lib/python3.8/site-packages/airflow/example_dags/example_branch_operator_decorator.py
[2025-04-28T12:32:21.958+0000] {processor.py:840} INFO - DAG(s) 'example_branch_python_operator_decorator' retrieved from /home/airflow/.local/lib/python3.8/site-packages/airflow/example_dags/example_branch_operator_decorator.py
[2025-04-28T12:32:22.027+0000] {logging_mixin.py:188} INFO - [2025-04-28T12:32:22.027+0000] {dag.py:3033} INFO - Sync 1 DAGs
[2025-04-28T12:32:22.081+0000] {logging_mixin.py:188} INFO - [2025-04-28T12:32:22.081+0000] {dag.py:3820} INFO - Setting next_dagrun for example_branch_python_operator_decorator to 2025-04-27T00:00:00+00:00, run_after=2025-04-28T00:00:00+00:00
[2025-04-28T12:32:22.129+0000] {processor.py:183} INFO - Processing /home/airflow/.local/lib/python3.8/site-packages/airflow/example_dags/example_branch_operator_decorator.py took 0.273 seconds
[2025-04-28T12:32:53.033+0000] {processor.py:161} INFO - Started process (PID=9970) to work on /home/airflow/.local/lib/python3.8/site-packages/airflow/example_dags/example_branch_operator_decorator.py
[2025-04-28T12:32:53.036+0000] {processor.py:830} INFO - Processing file /home/airflow/.local/lib/python3.8/site-packages/airflow/example_dags/example_branch_operator_decorator.py for tasks to queue
[2025-04-28T12:32:53.039+0000] {logging_mixin.py:188} INFO - [2025-04-28T12:32:53.039+0000] {dagbag.py:538} INFO - Filling up the DagBag from /home/airflow/.local/lib/python3.8/site-packages/airflow/example_dags/example_branch_operator_decorator.py
[2025-04-28T12:32:53.120+0000] {processor.py:840} INFO - DAG(s) 'example_branch_python_operator_decorator' retrieved from /home/airflow/.local/lib/python3.8/site-packages/airflow/example_dags/example_branch_operator_decorator.py
[2025-04-28T12:32:53.244+0000] {logging_mixin.py:188} INFO - [2025-04-28T12:32:53.243+0000] {dag.py:3033} INFO - Sync 1 DAGs
[2025-04-28T12:32:53.302+0000] {logging_mixin.py:188} INFO - [2025-04-28T12:32:53.301+0000] {dag.py:3820} INFO - Setting next_dagrun for example_branch_python_operator_decorator to 2025-04-27T00:00:00+00:00, run_after=2025-04-28T00:00:00+00:00
[2025-04-28T12:32:53.371+0000] {processor.py:183} INFO - Processing /home/airflow/.local/lib/python3.8/site-packages/airflow/example_dags/example_branch_operator_decorator.py took 0.346 seconds
[2025-04-28T12:33:24.090+0000] {processor.py:161} INFO - Started process (PID=10026) to work on /home/airflow/.local/lib/python3.8/site-packages/airflow/example_dags/example_branch_operator_decorator.py
[2025-04-28T12:33:24.092+0000] {processor.py:830} INFO - Processing file /home/airflow/.local/lib/python3.8/site-packages/airflow/example_dags/example_branch_operator_decorator.py for tasks to queue
[2025-04-28T12:33:24.095+0000] {logging_mixin.py:188} INFO - [2025-04-28T12:33:24.094+0000] {dagbag.py:538} INFO - Filling up the DagBag from /home/airflow/.local/lib/python3.8/site-packages/airflow/example_dags/example_branch_operator_decorator.py
[2025-04-28T12:33:24.218+0000] {processor.py:840} INFO - DAG(s) 'example_branch_python_operator_decorator' retrieved from /home/airflow/.local/lib/python3.8/site-packages/airflow/example_dags/example_branch_operator_decorator.py
[2025-04-28T12:33:24.345+0000] {logging_mixin.py:188} INFO - [2025-04-28T12:33:24.344+0000] {dag.py:3033} INFO - Sync 1 DAGs
[2025-04-28T12:33:24.411+0000] {logging_mixin.py:188} INFO - [2025-04-28T12:33:24.411+0000] {dag.py:3820} INFO - Setting next_dagrun for example_branch_python_operator_decorator to 2025-04-27T00:00:00+00:00, run_after=2025-04-28T00:00:00+00:00
[2025-04-28T12:33:24.512+0000] {processor.py:183} INFO - Processing /home/airflow/.local/lib/python3.8/site-packages/airflow/example_dags/example_branch_operator_decorator.py took 0.430 seconds
[2025-04-28T12:33:55.235+0000] {processor.py:161} INFO - Started process (PID=10082) to work on /home/airflow/.local/lib/python3.8/site-packages/airflow/example_dags/example_branch_operator_decorator.py
[2025-04-28T12:33:55.237+0000] {processor.py:830} INFO - Processing file /home/airflow/.local/lib/python3.8/site-packages/airflow/example_dags/example_branch_operator_decorator.py for tasks to queue
[2025-04-28T12:33:55.239+0000] {logging_mixin.py:188} INFO - [2025-04-28T12:33:55.239+0000] {dagbag.py:538} INFO - Filling up the DagBag from /home/airflow/.local/lib/python3.8/site-packages/airflow/example_dags/example_branch_operator_decorator.py
[2025-04-28T12:33:55.291+0000] {processor.py:840} INFO - DAG(s) 'example_branch_python_operator_decorator' retrieved from /home/airflow/.local/lib/python3.8/site-packages/airflow/example_dags/example_branch_operator_decorator.py
[2025-04-28T12:33:55.368+0000] {logging_mixin.py:188} INFO - [2025-04-28T12:33:55.368+0000] {dag.py:3033} INFO - Sync 1 DAGs
[2025-04-28T12:33:55.432+0000] {logging_mixin.py:188} INFO - [2025-04-28T12:33:55.432+0000] {dag.py:3820} INFO - Setting next_dagrun for example_branch_python_operator_decorator to 2025-04-27T00:00:00+00:00, run_after=2025-04-28T00:00:00+00:00
[2025-04-28T12:33:55.490+0000] {processor.py:183} INFO - Processing /home/airflow/.local/lib/python3.8/site-packages/airflow/example_dags/example_branch_operator_decorator.py took 0.262 seconds
[2025-04-28T12:34:27.068+0000] {processor.py:161} INFO - Started process (PID=10139) to work on /home/airflow/.local/lib/python3.8/site-packages/airflow/example_dags/example_branch_operator_decorator.py
[2025-04-28T12:34:27.070+0000] {processor.py:830} INFO - Processing file /home/airflow/.local/lib/python3.8/site-packages/airflow/example_dags/example_branch_operator_decorator.py for tasks to queue
[2025-04-28T12:34:27.075+0000] {logging_mixin.py:188} INFO - [2025-04-28T12:34:27.074+0000] {dagbag.py:538} INFO - Filling up the DagBag from /home/airflow/.local/lib/python3.8/site-packages/airflow/example_dags/example_branch_operator_decorator.py
[2025-04-28T12:34:27.137+0000] {processor.py:840} INFO - DAG(s) 'example_branch_python_operator_decorator' retrieved from /home/airflow/.local/lib/python3.8/site-packages/airflow/example_dags/example_branch_operator_decorator.py
[2025-04-28T12:34:27.233+0000] {logging_mixin.py:188} INFO - [2025-04-28T12:34:27.233+0000] {dag.py:3033} INFO - Sync 1 DAGs
[2025-04-28T12:34:27.345+0000] {logging_mixin.py:188} INFO - [2025-04-28T12:34:27.344+0000] {dag.py:3820} INFO - Setting next_dagrun for example_branch_python_operator_decorator to 2025-04-27T00:00:00+00:00, run_after=2025-04-28T00:00:00+00:00
[2025-04-28T12:34:27.409+0000] {processor.py:183} INFO - Processing /home/airflow/.local/lib/python3.8/site-packages/airflow/example_dags/example_branch_operator_decorator.py took 0.350 seconds
[2025-04-28T12:34:58.994+0000] {processor.py:161} INFO - Started process (PID=10195) to work on /home/airflow/.local/lib/python3.8/site-packages/airflow/example_dags/example_branch_operator_decorator.py
[2025-04-28T12:34:58.996+0000] {processor.py:830} INFO - Processing file /home/airflow/.local/lib/python3.8/site-packages/airflow/example_dags/example_branch_operator_decorator.py for tasks to queue
[2025-04-28T12:34:58.999+0000] {logging_mixin.py:188} INFO - [2025-04-28T12:34:58.998+0000] {dagbag.py:538} INFO - Filling up the DagBag from /home/airflow/.local/lib/python3.8/site-packages/airflow/example_dags/example_branch_operator_decorator.py
[2025-04-28T12:34:59.084+0000] {processor.py:840} INFO - DAG(s) 'example_branch_python_operator_decorator' retrieved from /home/airflow/.local/lib/python3.8/site-packages/airflow/example_dags/example_branch_operator_decorator.py
[2025-04-28T12:34:59.180+0000] {logging_mixin.py:188} INFO - [2025-04-28T12:34:59.179+0000] {dag.py:3033} INFO - Sync 1 DAGs
[2025-04-28T12:34:59.246+0000] {logging_mixin.py:188} INFO - [2025-04-28T12:34:59.246+0000] {dag.py:3820} INFO - Setting next_dagrun for example_branch_python_operator_decorator to 2025-04-27T00:00:00+00:00, run_after=2025-04-28T00:00:00+00:00
[2025-04-28T12:34:59.302+0000] {processor.py:183} INFO - Processing /home/airflow/.local/lib/python3.8/site-packages/airflow/example_dags/example_branch_operator_decorator.py took 0.323 seconds
[2025-04-28T12:35:30.445+0000] {processor.py:161} INFO - Started process (PID=10251) to work on /home/airflow/.local/lib/python3.8/site-packages/airflow/example_dags/example_branch_operator_decorator.py
[2025-04-28T12:35:30.447+0000] {processor.py:830} INFO - Processing file /home/airflow/.local/lib/python3.8/site-packages/airflow/example_dags/example_branch_operator_decorator.py for tasks to queue
[2025-04-28T12:35:30.449+0000] {logging_mixin.py:188} INFO - [2025-04-28T12:35:30.448+0000] {dagbag.py:538} INFO - Filling up the DagBag from /home/airflow/.local/lib/python3.8/site-packages/airflow/example_dags/example_branch_operator_decorator.py
[2025-04-28T12:35:30.501+0000] {processor.py:840} INFO - DAG(s) 'example_branch_python_operator_decorator' retrieved from /home/airflow/.local/lib/python3.8/site-packages/airflow/example_dags/example_branch_operator_decorator.py
[2025-04-28T12:35:30.579+0000] {logging_mixin.py:188} INFO - [2025-04-28T12:35:30.578+0000] {dag.py:3033} INFO - Sync 1 DAGs
[2025-04-28T12:35:30.925+0000] {logging_mixin.py:188} INFO - [2025-04-28T12:35:30.925+0000] {dag.py:3820} INFO - Setting next_dagrun for example_branch_python_operator_decorator to 2025-04-27T00:00:00+00:00, run_after=2025-04-28T00:00:00+00:00
[2025-04-28T12:35:31.052+0000] {processor.py:183} INFO - Processing /home/airflow/.local/lib/python3.8/site-packages/airflow/example_dags/example_branch_operator_decorator.py took 0.615 seconds
[2025-04-28T12:36:02.000+0000] {processor.py:161} INFO - Started process (PID=10307) to work on /home/airflow/.local/lib/python3.8/site-packages/airflow/example_dags/example_branch_operator_decorator.py
[2025-04-28T12:36:02.002+0000] {processor.py:830} INFO - Processing file /home/airflow/.local/lib/python3.8/site-packages/airflow/example_dags/example_branch_operator_decorator.py for tasks to queue
[2025-04-28T12:36:02.005+0000] {logging_mixin.py:188} INFO - [2025-04-28T12:36:02.004+0000] {dagbag.py:538} INFO - Filling up the DagBag from /home/airflow/.local/lib/python3.8/site-packages/airflow/example_dags/example_branch_operator_decorator.py
[2025-04-28T12:36:02.064+0000] {processor.py:840} INFO - DAG(s) 'example_branch_python_operator_decorator' retrieved from /home/airflow/.local/lib/python3.8/site-packages/airflow/example_dags/example_branch_operator_decorator.py
[2025-04-28T12:36:02.143+0000] {logging_mixin.py:188} INFO - [2025-04-28T12:36:02.142+0000] {dag.py:3033} INFO - Sync 1 DAGs
[2025-04-28T12:36:02.465+0000] {logging_mixin.py:188} INFO - [2025-04-28T12:36:02.464+0000] {dag.py:3820} INFO - Setting next_dagrun for example_branch_python_operator_decorator to 2025-04-27T00:00:00+00:00, run_after=2025-04-28T00:00:00+00:00
[2025-04-28T12:36:02.515+0000] {processor.py:183} INFO - Processing /home/airflow/.local/lib/python3.8/site-packages/airflow/example_dags/example_branch_operator_decorator.py took 0.524 seconds
[2025-04-28T12:36:33.090+0000] {processor.py:161} INFO - Started process (PID=10364) to work on /home/airflow/.local/lib/python3.8/site-packages/airflow/example_dags/example_branch_operator_decorator.py
[2025-04-28T12:36:33.093+0000] {processor.py:830} INFO - Processing file /home/airflow/.local/lib/python3.8/site-packages/airflow/example_dags/example_branch_operator_decorator.py for tasks to queue
[2025-04-28T12:36:33.095+0000] {logging_mixin.py:188} INFO - [2025-04-28T12:36:33.095+0000] {dagbag.py:538} INFO - Filling up the DagBag from /home/airflow/.local/lib/python3.8/site-packages/airflow/example_dags/example_branch_operator_decorator.py
[2025-04-28T12:36:33.158+0000] {processor.py:840} INFO - DAG(s) 'example_branch_python_operator_decorator' retrieved from /home/airflow/.local/lib/python3.8/site-packages/airflow/example_dags/example_branch_operator_decorator.py
[2025-04-28T12:36:33.261+0000] {logging_mixin.py:188} INFO - [2025-04-28T12:36:33.261+0000] {dag.py:3033} INFO - Sync 1 DAGs
[2025-04-28T12:36:33.670+0000] {logging_mixin.py:188} INFO - [2025-04-28T12:36:33.670+0000] {dag.py:3820} INFO - Setting next_dagrun for example_branch_python_operator_decorator to 2025-04-27T00:00:00+00:00, run_after=2025-04-28T00:00:00+00:00
[2025-04-28T12:36:33.740+0000] {processor.py:183} INFO - Processing /home/airflow/.local/lib/python3.8/site-packages/airflow/example_dags/example_branch_operator_decorator.py took 0.660 seconds
[2025-04-28T12:37:04.297+0000] {processor.py:161} INFO - Started process (PID=10420) to work on /home/airflow/.local/lib/python3.8/site-packages/airflow/example_dags/example_branch_operator_decorator.py
[2025-04-28T12:37:04.299+0000] {processor.py:830} INFO - Processing file /home/airflow/.local/lib/python3.8/site-packages/airflow/example_dags/example_branch_operator_decorator.py for tasks to queue
[2025-04-28T12:37:04.303+0000] {logging_mixin.py:188} INFO - [2025-04-28T12:37:04.302+0000] {dagbag.py:538} INFO - Filling up the DagBag from /home/airflow/.local/lib/python3.8/site-packages/airflow/example_dags/example_branch_operator_decorator.py
[2025-04-28T12:37:04.377+0000] {processor.py:840} INFO - DAG(s) 'example_branch_python_operator_decorator' retrieved from /home/airflow/.local/lib/python3.8/site-packages/airflow/example_dags/example_branch_operator_decorator.py
[2025-04-28T12:37:04.457+0000] {logging_mixin.py:188} INFO - [2025-04-28T12:37:04.456+0000] {dag.py:3033} INFO - Sync 1 DAGs
[2025-04-28T12:37:04.539+0000] {logging_mixin.py:188} INFO - [2025-04-28T12:37:04.539+0000] {dag.py:3820} INFO - Setting next_dagrun for example_branch_python_operator_decorator to 2025-04-27T00:00:00+00:00, run_after=2025-04-28T00:00:00+00:00
[2025-04-28T12:37:04.623+0000] {processor.py:183} INFO - Processing /home/airflow/.local/lib/python3.8/site-packages/airflow/example_dags/example_branch_operator_decorator.py took 0.341 seconds
[2025-04-28T12:37:37.699+0000] {processor.py:161} INFO - Started process (PID=10477) to work on /home/airflow/.local/lib/python3.8/site-packages/airflow/example_dags/example_branch_operator_decorator.py
[2025-04-28T12:37:37.701+0000] {processor.py:830} INFO - Processing file /home/airflow/.local/lib/python3.8/site-packages/airflow/example_dags/example_branch_operator_decorator.py for tasks to queue
[2025-04-28T12:37:37.704+0000] {logging_mixin.py:188} INFO - [2025-04-28T12:37:37.704+0000] {dagbag.py:538} INFO - Filling up the DagBag from /home/airflow/.local/lib/python3.8/site-packages/airflow/example_dags/example_branch_operator_decorator.py
[2025-04-28T12:37:38.026+0000] {processor.py:840} INFO - DAG(s) 'example_branch_python_operator_decorator' retrieved from /home/airflow/.local/lib/python3.8/site-packages/airflow/example_dags/example_branch_operator_decorator.py
[2025-04-28T12:37:38.093+0000] {logging_mixin.py:188} INFO - [2025-04-28T12:37:38.092+0000] {dag.py:3033} INFO - Sync 1 DAGs
[2025-04-28T12:37:38.150+0000] {logging_mixin.py:188} INFO - [2025-04-28T12:37:38.150+0000] {dag.py:3820} INFO - Setting next_dagrun for example_branch_python_operator_decorator to 2025-04-27T00:00:00+00:00, run_after=2025-04-28T00:00:00+00:00
[2025-04-28T12:37:38.215+0000] {processor.py:183} INFO - Processing /home/airflow/.local/lib/python3.8/site-packages/airflow/example_dags/example_branch_operator_decorator.py took 0.528 seconds
[2025-04-28T12:38:09.213+0000] {processor.py:161} INFO - Started process (PID=10533) to work on /home/airflow/.local/lib/python3.8/site-packages/airflow/example_dags/example_branch_operator_decorator.py
[2025-04-28T12:38:09.216+0000] {processor.py:830} INFO - Processing file /home/airflow/.local/lib/python3.8/site-packages/airflow/example_dags/example_branch_operator_decorator.py for tasks to queue
[2025-04-28T12:38:09.218+0000] {logging_mixin.py:188} INFO - [2025-04-28T12:38:09.217+0000] {dagbag.py:538} INFO - Filling up the DagBag from /home/airflow/.local/lib/python3.8/site-packages/airflow/example_dags/example_branch_operator_decorator.py
[2025-04-28T12:38:09.268+0000] {processor.py:840} INFO - DAG(s) 'example_branch_python_operator_decorator' retrieved from /home/airflow/.local/lib/python3.8/site-packages/airflow/example_dags/example_branch_operator_decorator.py
[2025-04-28T12:38:09.343+0000] {logging_mixin.py:188} INFO - [2025-04-28T12:38:09.342+0000] {dag.py:3033} INFO - Sync 1 DAGs
[2025-04-28T12:38:09.413+0000] {logging_mixin.py:188} INFO - [2025-04-28T12:38:09.412+0000] {dag.py:3820} INFO - Setting next_dagrun for example_branch_python_operator_decorator to 2025-04-27T00:00:00+00:00, run_after=2025-04-28T00:00:00+00:00
[2025-04-28T12:38:09.456+0000] {processor.py:183} INFO - Processing /home/airflow/.local/lib/python3.8/site-packages/airflow/example_dags/example_branch_operator_decorator.py took 0.251 seconds
[2025-04-28T12:38:39.790+0000] {processor.py:161} INFO - Started process (PID=10589) to work on /home/airflow/.local/lib/python3.8/site-packages/airflow/example_dags/example_branch_operator_decorator.py
[2025-04-28T12:38:39.792+0000] {processor.py:830} INFO - Processing file /home/airflow/.local/lib/python3.8/site-packages/airflow/example_dags/example_branch_operator_decorator.py for tasks to queue
[2025-04-28T12:38:39.794+0000] {logging_mixin.py:188} INFO - [2025-04-28T12:38:39.793+0000] {dagbag.py:538} INFO - Filling up the DagBag from /home/airflow/.local/lib/python3.8/site-packages/airflow/example_dags/example_branch_operator_decorator.py
[2025-04-28T12:38:39.837+0000] {processor.py:840} INFO - DAG(s) 'example_branch_python_operator_decorator' retrieved from /home/airflow/.local/lib/python3.8/site-packages/airflow/example_dags/example_branch_operator_decorator.py
[2025-04-28T12:38:39.899+0000] {logging_mixin.py:188} INFO - [2025-04-28T12:38:39.899+0000] {dag.py:3033} INFO - Sync 1 DAGs
[2025-04-28T12:38:39.962+0000] {logging_mixin.py:188} INFO - [2025-04-28T12:38:39.961+0000] {dag.py:3820} INFO - Setting next_dagrun for example_branch_python_operator_decorator to 2025-04-27T00:00:00+00:00, run_after=2025-04-28T00:00:00+00:00
[2025-04-28T12:38:40.010+0000] {processor.py:183} INFO - Processing /home/airflow/.local/lib/python3.8/site-packages/airflow/example_dags/example_branch_operator_decorator.py took 0.226 seconds
[2025-04-28T12:39:11.149+0000] {processor.py:161} INFO - Started process (PID=10645) to work on /home/airflow/.local/lib/python3.8/site-packages/airflow/example_dags/example_branch_operator_decorator.py
[2025-04-28T12:39:11.151+0000] {processor.py:830} INFO - Processing file /home/airflow/.local/lib/python3.8/site-packages/airflow/example_dags/example_branch_operator_decorator.py for tasks to queue
[2025-04-28T12:39:11.154+0000] {logging_mixin.py:188} INFO - [2025-04-28T12:39:11.153+0000] {dagbag.py:538} INFO - Filling up the DagBag from /home/airflow/.local/lib/python3.8/site-packages/airflow/example_dags/example_branch_operator_decorator.py
[2025-04-28T12:39:11.215+0000] {processor.py:840} INFO - DAG(s) 'example_branch_python_operator_decorator' retrieved from /home/airflow/.local/lib/python3.8/site-packages/airflow/example_dags/example_branch_operator_decorator.py
[2025-04-28T12:39:11.315+0000] {logging_mixin.py:188} INFO - [2025-04-28T12:39:11.314+0000] {dag.py:3033} INFO - Sync 1 DAGs
[2025-04-28T12:39:11.381+0000] {logging_mixin.py:188} INFO - [2025-04-28T12:39:11.380+0000] {dag.py:3820} INFO - Setting next_dagrun for example_branch_python_operator_decorator to 2025-04-27T00:00:00+00:00, run_after=2025-04-28T00:00:00+00:00
[2025-04-28T12:39:11.450+0000] {processor.py:183} INFO - Processing /home/airflow/.local/lib/python3.8/site-packages/airflow/example_dags/example_branch_operator_decorator.py took 0.311 seconds
[2025-04-28T12:39:41.617+0000] {processor.py:161} INFO - Started process (PID=10701) to work on /home/airflow/.local/lib/python3.8/site-packages/airflow/example_dags/example_branch_operator_decorator.py
[2025-04-28T12:39:41.619+0000] {processor.py:830} INFO - Processing file /home/airflow/.local/lib/python3.8/site-packages/airflow/example_dags/example_branch_operator_decorator.py for tasks to queue
[2025-04-28T12:39:41.621+0000] {logging_mixin.py:188} INFO - [2025-04-28T12:39:41.620+0000] {dagbag.py:538} INFO - Filling up the DagBag from /home/airflow/.local/lib/python3.8/site-packages/airflow/example_dags/example_branch_operator_decorator.py
[2025-04-28T12:39:41.664+0000] {processor.py:840} INFO - DAG(s) 'example_branch_python_operator_decorator' retrieved from /home/airflow/.local/lib/python3.8/site-packages/airflow/example_dags/example_branch_operator_decorator.py
[2025-04-28T12:39:41.726+0000] {logging_mixin.py:188} INFO - [2025-04-28T12:39:41.726+0000] {dag.py:3033} INFO - Sync 1 DAGs
[2025-04-28T12:39:41.780+0000] {logging_mixin.py:188} INFO - [2025-04-28T12:39:41.780+0000] {dag.py:3820} INFO - Setting next_dagrun for example_branch_python_operator_decorator to 2025-04-27T00:00:00+00:00, run_after=2025-04-28T00:00:00+00:00
[2025-04-28T12:39:41.830+0000] {processor.py:183} INFO - Processing /home/airflow/.local/lib/python3.8/site-packages/airflow/example_dags/example_branch_operator_decorator.py took 0.220 seconds
[2025-04-28T12:40:13.088+0000] {processor.py:161} INFO - Started process (PID=10758) to work on /home/airflow/.local/lib/python3.8/site-packages/airflow/example_dags/example_branch_operator_decorator.py
[2025-04-28T12:40:13.090+0000] {processor.py:830} INFO - Processing file /home/airflow/.local/lib/python3.8/site-packages/airflow/example_dags/example_branch_operator_decorator.py for tasks to queue
[2025-04-28T12:40:13.093+0000] {logging_mixin.py:188} INFO - [2025-04-28T12:40:13.092+0000] {dagbag.py:538} INFO - Filling up the DagBag from /home/airflow/.local/lib/python3.8/site-packages/airflow/example_dags/example_branch_operator_decorator.py
[2025-04-28T12:40:13.139+0000] {processor.py:840} INFO - DAG(s) 'example_branch_python_operator_decorator' retrieved from /home/airflow/.local/lib/python3.8/site-packages/airflow/example_dags/example_branch_operator_decorator.py
[2025-04-28T12:40:13.228+0000] {logging_mixin.py:188} INFO - [2025-04-28T12:40:13.228+0000] {dag.py:3033} INFO - Sync 1 DAGs
[2025-04-28T12:40:13.290+0000] {logging_mixin.py:188} INFO - [2025-04-28T12:40:13.290+0000] {dag.py:3820} INFO - Setting next_dagrun for example_branch_python_operator_decorator to 2025-04-27T00:00:00+00:00, run_after=2025-04-28T00:00:00+00:00
[2025-04-28T12:40:13.340+0000] {processor.py:183} INFO - Processing /home/airflow/.local/lib/python3.8/site-packages/airflow/example_dags/example_branch_operator_decorator.py took 0.260 seconds
[2025-04-28T12:40:44.725+0000] {processor.py:161} INFO - Started process (PID=10814) to work on /home/airflow/.local/lib/python3.8/site-packages/airflow/example_dags/example_branch_operator_decorator.py
[2025-04-28T12:40:44.727+0000] {processor.py:830} INFO - Processing file /home/airflow/.local/lib/python3.8/site-packages/airflow/example_dags/example_branch_operator_decorator.py for tasks to queue
[2025-04-28T12:40:44.731+0000] {logging_mixin.py:188} INFO - [2025-04-28T12:40:44.730+0000] {dagbag.py:538} INFO - Filling up the DagBag from /home/airflow/.local/lib/python3.8/site-packages/airflow/example_dags/example_branch_operator_decorator.py
[2025-04-28T12:40:44.798+0000] {processor.py:840} INFO - DAG(s) 'example_branch_python_operator_decorator' retrieved from /home/airflow/.local/lib/python3.8/site-packages/airflow/example_dags/example_branch_operator_decorator.py
[2025-04-28T12:40:44.905+0000] {logging_mixin.py:188} INFO - [2025-04-28T12:40:44.904+0000] {dag.py:3033} INFO - Sync 1 DAGs
[2025-04-28T12:40:44.971+0000] {logging_mixin.py:188} INFO - [2025-04-28T12:40:44.971+0000] {dag.py:3820} INFO - Setting next_dagrun for example_branch_python_operator_decorator to 2025-04-27T00:00:00+00:00, run_after=2025-04-28T00:00:00+00:00
[2025-04-28T12:40:45.030+0000] {processor.py:183} INFO - Processing /home/airflow/.local/lib/python3.8/site-packages/airflow/example_dags/example_branch_operator_decorator.py took 0.313 seconds
[2025-04-28T12:41:15.716+0000] {processor.py:161} INFO - Started process (PID=10870) to work on /home/airflow/.local/lib/python3.8/site-packages/airflow/example_dags/example_branch_operator_decorator.py
[2025-04-28T12:41:15.718+0000] {processor.py:830} INFO - Processing file /home/airflow/.local/lib/python3.8/site-packages/airflow/example_dags/example_branch_operator_decorator.py for tasks to queue
[2025-04-28T12:41:15.720+0000] {logging_mixin.py:188} INFO - [2025-04-28T12:41:15.720+0000] {dagbag.py:538} INFO - Filling up the DagBag from /home/airflow/.local/lib/python3.8/site-packages/airflow/example_dags/example_branch_operator_decorator.py
[2025-04-28T12:41:15.772+0000] {processor.py:840} INFO - DAG(s) 'example_branch_python_operator_decorator' retrieved from /home/airflow/.local/lib/python3.8/site-packages/airflow/example_dags/example_branch_operator_decorator.py
[2025-04-28T12:41:15.856+0000] {logging_mixin.py:188} INFO - [2025-04-28T12:41:15.855+0000] {dag.py:3033} INFO - Sync 1 DAGs
[2025-04-28T12:41:15.921+0000] {logging_mixin.py:188} INFO - [2025-04-28T12:41:15.920+0000] {dag.py:3820} INFO - Setting next_dagrun for example_branch_python_operator_decorator to 2025-04-27T00:00:00+00:00, run_after=2025-04-28T00:00:00+00:00
[2025-04-28T12:41:15.989+0000] {processor.py:183} INFO - Processing /home/airflow/.local/lib/python3.8/site-packages/airflow/example_dags/example_branch_operator_decorator.py took 0.281 seconds
[2025-04-28T12:41:47.028+0000] {processor.py:161} INFO - Started process (PID=10926) to work on /home/airflow/.local/lib/python3.8/site-packages/airflow/example_dags/example_branch_operator_decorator.py
[2025-04-28T12:41:47.030+0000] {processor.py:830} INFO - Processing file /home/airflow/.local/lib/python3.8/site-packages/airflow/example_dags/example_branch_operator_decorator.py for tasks to queue
[2025-04-28T12:41:47.033+0000] {logging_mixin.py:188} INFO - [2025-04-28T12:41:47.032+0000] {dagbag.py:538} INFO - Filling up the DagBag from /home/airflow/.local/lib/python3.8/site-packages/airflow/example_dags/example_branch_operator_decorator.py
[2025-04-28T12:41:47.097+0000] {processor.py:840} INFO - DAG(s) 'example_branch_python_operator_decorator' retrieved from /home/airflow/.local/lib/python3.8/site-packages/airflow/example_dags/example_branch_operator_decorator.py
[2025-04-28T12:41:47.185+0000] {logging_mixin.py:188} INFO - [2025-04-28T12:41:47.185+0000] {dag.py:3033} INFO - Sync 1 DAGs
[2025-04-28T12:41:47.259+0000] {logging_mixin.py:188} INFO - [2025-04-28T12:41:47.258+0000] {dag.py:3820} INFO - Setting next_dagrun for example_branch_python_operator_decorator to 2025-04-27T00:00:00+00:00, run_after=2025-04-28T00:00:00+00:00
[2025-04-28T12:41:47.319+0000] {processor.py:183} INFO - Processing /home/airflow/.local/lib/python3.8/site-packages/airflow/example_dags/example_branch_operator_decorator.py took 0.302 seconds
[2025-04-28T12:42:17.745+0000] {processor.py:161} INFO - Started process (PID=10983) to work on /home/airflow/.local/lib/python3.8/site-packages/airflow/example_dags/example_branch_operator_decorator.py
[2025-04-28T12:42:17.747+0000] {processor.py:830} INFO - Processing file /home/airflow/.local/lib/python3.8/site-packages/airflow/example_dags/example_branch_operator_decorator.py for tasks to queue
[2025-04-28T12:42:17.749+0000] {logging_mixin.py:188} INFO - [2025-04-28T12:42:17.748+0000] {dagbag.py:538} INFO - Filling up the DagBag from /home/airflow/.local/lib/python3.8/site-packages/airflow/example_dags/example_branch_operator_decorator.py
[2025-04-28T12:42:17.802+0000] {processor.py:840} INFO - DAG(s) 'example_branch_python_operator_decorator' retrieved from /home/airflow/.local/lib/python3.8/site-packages/airflow/example_dags/example_branch_operator_decorator.py
[2025-04-28T12:42:17.879+0000] {logging_mixin.py:188} INFO - [2025-04-28T12:42:17.879+0000] {dag.py:3033} INFO - Sync 1 DAGs
[2025-04-28T12:42:17.943+0000] {logging_mixin.py:188} INFO - [2025-04-28T12:42:17.943+0000] {dag.py:3820} INFO - Setting next_dagrun for example_branch_python_operator_decorator to 2025-04-27T00:00:00+00:00, run_after=2025-04-28T00:00:00+00:00
[2025-04-28T12:42:17.990+0000] {processor.py:183} INFO - Processing /home/airflow/.local/lib/python3.8/site-packages/airflow/example_dags/example_branch_operator_decorator.py took 0.253 seconds
[2025-04-28T12:42:50.194+0000] {processor.py:161} INFO - Started process (PID=11039) to work on /home/airflow/.local/lib/python3.8/site-packages/airflow/example_dags/example_branch_operator_decorator.py
[2025-04-28T12:42:50.196+0000] {processor.py:830} INFO - Processing file /home/airflow/.local/lib/python3.8/site-packages/airflow/example_dags/example_branch_operator_decorator.py for tasks to queue
[2025-04-28T12:42:50.207+0000] {logging_mixin.py:188} INFO - [2025-04-28T12:42:50.203+0000] {dagbag.py:538} INFO - Filling up the DagBag from /home/airflow/.local/lib/python3.8/site-packages/airflow/example_dags/example_branch_operator_decorator.py
[2025-04-28T12:42:50.277+0000] {processor.py:840} INFO - DAG(s) 'example_branch_python_operator_decorator' retrieved from /home/airflow/.local/lib/python3.8/site-packages/airflow/example_dags/example_branch_operator_decorator.py
[2025-04-28T12:42:50.427+0000] {logging_mixin.py:188} INFO - [2025-04-28T12:42:50.426+0000] {dag.py:3033} INFO - Sync 1 DAGs
[2025-04-28T12:42:50.525+0000] {logging_mixin.py:188} INFO - [2025-04-28T12:42:50.524+0000] {dag.py:3820} INFO - Setting next_dagrun for example_branch_python_operator_decorator to 2025-04-27T00:00:00+00:00, run_after=2025-04-28T00:00:00+00:00
[2025-04-28T12:42:50.570+0000] {processor.py:183} INFO - Processing /home/airflow/.local/lib/python3.8/site-packages/airflow/example_dags/example_branch_operator_decorator.py took 0.390 seconds
[2025-04-28T12:43:20.679+0000] {processor.py:161} INFO - Started process (PID=11095) to work on /home/airflow/.local/lib/python3.8/site-packages/airflow/example_dags/example_branch_operator_decorator.py
[2025-04-28T12:43:20.680+0000] {processor.py:830} INFO - Processing file /home/airflow/.local/lib/python3.8/site-packages/airflow/example_dags/example_branch_operator_decorator.py for tasks to queue
[2025-04-28T12:43:20.682+0000] {logging_mixin.py:188} INFO - [2025-04-28T12:43:20.682+0000] {dagbag.py:538} INFO - Filling up the DagBag from /home/airflow/.local/lib/python3.8/site-packages/airflow/example_dags/example_branch_operator_decorator.py
[2025-04-28T12:43:20.721+0000] {processor.py:840} INFO - DAG(s) 'example_branch_python_operator_decorator' retrieved from /home/airflow/.local/lib/python3.8/site-packages/airflow/example_dags/example_branch_operator_decorator.py
[2025-04-28T12:43:20.790+0000] {logging_mixin.py:188} INFO - [2025-04-28T12:43:20.790+0000] {dag.py:3033} INFO - Sync 1 DAGs
[2025-04-28T12:43:20.843+0000] {logging_mixin.py:188} INFO - [2025-04-28T12:43:20.843+0000] {dag.py:3820} INFO - Setting next_dagrun for example_branch_python_operator_decorator to 2025-04-27T00:00:00+00:00, run_after=2025-04-28T00:00:00+00:00
[2025-04-28T12:43:20.899+0000] {processor.py:183} INFO - Processing /home/airflow/.local/lib/python3.8/site-packages/airflow/example_dags/example_branch_operator_decorator.py took 0.231 seconds
[2025-04-28T12:43:51.100+0000] {processor.py:161} INFO - Started process (PID=11151) to work on /home/airflow/.local/lib/python3.8/site-packages/airflow/example_dags/example_branch_operator_decorator.py
[2025-04-28T12:43:51.104+0000] {processor.py:830} INFO - Processing file /home/airflow/.local/lib/python3.8/site-packages/airflow/example_dags/example_branch_operator_decorator.py for tasks to queue
[2025-04-28T12:43:51.107+0000] {logging_mixin.py:188} INFO - [2025-04-28T12:43:51.106+0000] {dagbag.py:538} INFO - Filling up the DagBag from /home/airflow/.local/lib/python3.8/site-packages/airflow/example_dags/example_branch_operator_decorator.py
[2025-04-28T12:43:51.205+0000] {processor.py:840} INFO - DAG(s) 'example_branch_python_operator_decorator' retrieved from /home/airflow/.local/lib/python3.8/site-packages/airflow/example_dags/example_branch_operator_decorator.py
[2025-04-28T12:43:51.267+0000] {logging_mixin.py:188} INFO - [2025-04-28T12:43:51.266+0000] {dag.py:3033} INFO - Sync 1 DAGs
[2025-04-28T12:43:51.318+0000] {logging_mixin.py:188} INFO - [2025-04-28T12:43:51.317+0000] {dag.py:3820} INFO - Setting next_dagrun for example_branch_python_operator_decorator to 2025-04-27T00:00:00+00:00, run_after=2025-04-28T00:00:00+00:00
[2025-04-28T12:43:51.369+0000] {processor.py:183} INFO - Processing /home/airflow/.local/lib/python3.8/site-packages/airflow/example_dags/example_branch_operator_decorator.py took 0.302 seconds
[2025-04-28T12:44:21.832+0000] {processor.py:161} INFO - Started process (PID=11207) to work on /home/airflow/.local/lib/python3.8/site-packages/airflow/example_dags/example_branch_operator_decorator.py
[2025-04-28T12:44:21.834+0000] {processor.py:830} INFO - Processing file /home/airflow/.local/lib/python3.8/site-packages/airflow/example_dags/example_branch_operator_decorator.py for tasks to queue
[2025-04-28T12:44:21.836+0000] {logging_mixin.py:188} INFO - [2025-04-28T12:44:21.835+0000] {dagbag.py:538} INFO - Filling up the DagBag from /home/airflow/.local/lib/python3.8/site-packages/airflow/example_dags/example_branch_operator_decorator.py
[2025-04-28T12:44:21.877+0000] {processor.py:840} INFO - DAG(s) 'example_branch_python_operator_decorator' retrieved from /home/airflow/.local/lib/python3.8/site-packages/airflow/example_dags/example_branch_operator_decorator.py
[2025-04-28T12:44:21.942+0000] {logging_mixin.py:188} INFO - [2025-04-28T12:44:21.941+0000] {dag.py:3033} INFO - Sync 1 DAGs
[2025-04-28T12:44:21.989+0000] {logging_mixin.py:188} INFO - [2025-04-28T12:44:21.989+0000] {dag.py:3820} INFO - Setting next_dagrun for example_branch_python_operator_decorator to 2025-04-27T00:00:00+00:00, run_after=2025-04-28T00:00:00+00:00
[2025-04-28T12:44:22.051+0000] {processor.py:183} INFO - Processing /home/airflow/.local/lib/python3.8/site-packages/airflow/example_dags/example_branch_operator_decorator.py took 0.225 seconds
[2025-04-28T12:44:52.812+0000] {processor.py:161} INFO - Started process (PID=11263) to work on /home/airflow/.local/lib/python3.8/site-packages/airflow/example_dags/example_branch_operator_decorator.py
[2025-04-28T12:44:52.814+0000] {processor.py:830} INFO - Processing file /home/airflow/.local/lib/python3.8/site-packages/airflow/example_dags/example_branch_operator_decorator.py for tasks to queue
[2025-04-28T12:44:52.817+0000] {logging_mixin.py:188} INFO - [2025-04-28T12:44:52.816+0000] {dagbag.py:538} INFO - Filling up the DagBag from /home/airflow/.local/lib/python3.8/site-packages/airflow/example_dags/example_branch_operator_decorator.py
[2025-04-28T12:44:52.877+0000] {processor.py:840} INFO - DAG(s) 'example_branch_python_operator_decorator' retrieved from /home/airflow/.local/lib/python3.8/site-packages/airflow/example_dags/example_branch_operator_decorator.py
[2025-04-28T12:44:52.946+0000] {logging_mixin.py:188} INFO - [2025-04-28T12:44:52.945+0000] {dag.py:3033} INFO - Sync 1 DAGs
[2025-04-28T12:44:53.007+0000] {logging_mixin.py:188} INFO - [2025-04-28T12:44:53.006+0000] {dag.py:3820} INFO - Setting next_dagrun for example_branch_python_operator_decorator to 2025-04-27T00:00:00+00:00, run_after=2025-04-28T00:00:00+00:00
[2025-04-28T12:44:53.089+0000] {processor.py:183} INFO - Processing /home/airflow/.local/lib/python3.8/site-packages/airflow/example_dags/example_branch_operator_decorator.py took 0.286 seconds
[2025-04-28T12:45:23.548+0000] {processor.py:161} INFO - Started process (PID=11319) to work on /home/airflow/.local/lib/python3.8/site-packages/airflow/example_dags/example_branch_operator_decorator.py
[2025-04-28T12:45:23.550+0000] {processor.py:830} INFO - Processing file /home/airflow/.local/lib/python3.8/site-packages/airflow/example_dags/example_branch_operator_decorator.py for tasks to queue
[2025-04-28T12:45:23.553+0000] {logging_mixin.py:188} INFO - [2025-04-28T12:45:23.552+0000] {dagbag.py:538} INFO - Filling up the DagBag from /home/airflow/.local/lib/python3.8/site-packages/airflow/example_dags/example_branch_operator_decorator.py
[2025-04-28T12:45:23.613+0000] {processor.py:840} INFO - DAG(s) 'example_branch_python_operator_decorator' retrieved from /home/airflow/.local/lib/python3.8/site-packages/airflow/example_dags/example_branch_operator_decorator.py
[2025-04-28T12:45:23.690+0000] {logging_mixin.py:188} INFO - [2025-04-28T12:45:23.689+0000] {dag.py:3033} INFO - Sync 1 DAGs
[2025-04-28T12:45:23.745+0000] {logging_mixin.py:188} INFO - [2025-04-28T12:45:23.745+0000] {dag.py:3820} INFO - Setting next_dagrun for example_branch_python_operator_decorator to 2025-04-27T00:00:00+00:00, run_after=2025-04-28T00:00:00+00:00
[2025-04-28T12:45:23.790+0000] {processor.py:183} INFO - Processing /home/airflow/.local/lib/python3.8/site-packages/airflow/example_dags/example_branch_operator_decorator.py took 0.252 seconds
[2025-04-28T12:45:53.960+0000] {processor.py:161} INFO - Started process (PID=11376) to work on /home/airflow/.local/lib/python3.8/site-packages/airflow/example_dags/example_branch_operator_decorator.py
[2025-04-28T12:45:53.964+0000] {processor.py:830} INFO - Processing file /home/airflow/.local/lib/python3.8/site-packages/airflow/example_dags/example_branch_operator_decorator.py for tasks to queue
[2025-04-28T12:45:53.966+0000] {logging_mixin.py:188} INFO - [2025-04-28T12:45:53.965+0000] {dagbag.py:538} INFO - Filling up the DagBag from /home/airflow/.local/lib/python3.8/site-packages/airflow/example_dags/example_branch_operator_decorator.py
[2025-04-28T12:45:54.020+0000] {processor.py:840} INFO - DAG(s) 'example_branch_python_operator_decorator' retrieved from /home/airflow/.local/lib/python3.8/site-packages/airflow/example_dags/example_branch_operator_decorator.py
[2025-04-28T12:45:54.153+0000] {logging_mixin.py:188} INFO - [2025-04-28T12:45:54.152+0000] {dag.py:3033} INFO - Sync 1 DAGs
[2025-04-28T12:45:54.261+0000] {logging_mixin.py:188} INFO - [2025-04-28T12:45:54.261+0000] {dag.py:3820} INFO - Setting next_dagrun for example_branch_python_operator_decorator to 2025-04-27T00:00:00+00:00, run_after=2025-04-28T00:00:00+00:00
[2025-04-28T12:45:54.302+0000] {processor.py:183} INFO - Processing /home/airflow/.local/lib/python3.8/site-packages/airflow/example_dags/example_branch_operator_decorator.py took 0.350 seconds
[2025-04-28T12:46:26.293+0000] {processor.py:161} INFO - Started process (PID=11426) to work on /home/airflow/.local/lib/python3.8/site-packages/airflow/example_dags/example_branch_operator_decorator.py
[2025-04-28T12:46:26.295+0000] {processor.py:830} INFO - Processing file /home/airflow/.local/lib/python3.8/site-packages/airflow/example_dags/example_branch_operator_decorator.py for tasks to queue
[2025-04-28T12:46:26.298+0000] {logging_mixin.py:188} INFO - [2025-04-28T12:46:26.297+0000] {dagbag.py:538} INFO - Filling up the DagBag from /home/airflow/.local/lib/python3.8/site-packages/airflow/example_dags/example_branch_operator_decorator.py
[2025-04-28T12:46:26.344+0000] {processor.py:840} INFO - DAG(s) 'example_branch_python_operator_decorator' retrieved from /home/airflow/.local/lib/python3.8/site-packages/airflow/example_dags/example_branch_operator_decorator.py
[2025-04-28T12:46:26.427+0000] {logging_mixin.py:188} INFO - [2025-04-28T12:46:26.427+0000] {dag.py:3033} INFO - Sync 1 DAGs
[2025-04-28T12:46:26.736+0000] {logging_mixin.py:188} INFO - [2025-04-28T12:46:26.736+0000] {dag.py:3820} INFO - Setting next_dagrun for example_branch_python_operator_decorator to 2025-04-27T00:00:00+00:00, run_after=2025-04-28T00:00:00+00:00
[2025-04-28T12:46:26.960+0000] {processor.py:183} INFO - Processing /home/airflow/.local/lib/python3.8/site-packages/airflow/example_dags/example_branch_operator_decorator.py took 0.674 seconds
[2025-04-28T12:46:58.018+0000] {processor.py:161} INFO - Started process (PID=11481) to work on /home/airflow/.local/lib/python3.8/site-packages/airflow/example_dags/example_branch_operator_decorator.py
[2025-04-28T12:46:58.021+0000] {processor.py:830} INFO - Processing file /home/airflow/.local/lib/python3.8/site-packages/airflow/example_dags/example_branch_operator_decorator.py for tasks to queue
[2025-04-28T12:46:58.023+0000] {logging_mixin.py:188} INFO - [2025-04-28T12:46:58.022+0000] {dagbag.py:538} INFO - Filling up the DagBag from /home/airflow/.local/lib/python3.8/site-packages/airflow/example_dags/example_branch_operator_decorator.py
[2025-04-28T12:46:58.080+0000] {processor.py:840} INFO - DAG(s) 'example_branch_python_operator_decorator' retrieved from /home/airflow/.local/lib/python3.8/site-packages/airflow/example_dags/example_branch_operator_decorator.py
[2025-04-28T12:46:58.176+0000] {logging_mixin.py:188} INFO - [2025-04-28T12:46:58.175+0000] {dag.py:3033} INFO - Sync 1 DAGs
[2025-04-28T12:46:58.268+0000] {logging_mixin.py:188} INFO - [2025-04-28T12:46:58.267+0000] {dag.py:3820} INFO - Setting next_dagrun for example_branch_python_operator_decorator to 2025-04-27T00:00:00+00:00, run_after=2025-04-28T00:00:00+00:00
[2025-04-28T12:46:58.331+0000] {processor.py:183} INFO - Processing /home/airflow/.local/lib/python3.8/site-packages/airflow/example_dags/example_branch_operator_decorator.py took 0.322 seconds
[2025-04-28T12:47:28.467+0000] {processor.py:161} INFO - Started process (PID=11542) to work on /home/airflow/.local/lib/python3.8/site-packages/airflow/example_dags/example_branch_operator_decorator.py
[2025-04-28T12:47:28.469+0000] {processor.py:830} INFO - Processing file /home/airflow/.local/lib/python3.8/site-packages/airflow/example_dags/example_branch_operator_decorator.py for tasks to queue
[2025-04-28T12:47:28.472+0000] {logging_mixin.py:188} INFO - [2025-04-28T12:47:28.471+0000] {dagbag.py:538} INFO - Filling up the DagBag from /home/airflow/.local/lib/python3.8/site-packages/airflow/example_dags/example_branch_operator_decorator.py
[2025-04-28T12:47:28.534+0000] {processor.py:840} INFO - DAG(s) 'example_branch_python_operator_decorator' retrieved from /home/airflow/.local/lib/python3.8/site-packages/airflow/example_dags/example_branch_operator_decorator.py
[2025-04-28T12:47:28.645+0000] {logging_mixin.py:188} INFO - [2025-04-28T12:47:28.644+0000] {dag.py:3033} INFO - Sync 1 DAGs
[2025-04-28T12:47:28.711+0000] {logging_mixin.py:188} INFO - [2025-04-28T12:47:28.711+0000] {dag.py:3820} INFO - Setting next_dagrun for example_branch_python_operator_decorator to 2025-04-27T00:00:00+00:00, run_after=2025-04-28T00:00:00+00:00
[2025-04-28T12:47:28.773+0000] {processor.py:183} INFO - Processing /home/airflow/.local/lib/python3.8/site-packages/airflow/example_dags/example_branch_operator_decorator.py took 0.318 seconds
[2025-04-28T12:48:00.623+0000] {processor.py:161} INFO - Started process (PID=11592) to work on /home/airflow/.local/lib/python3.8/site-packages/airflow/example_dags/example_branch_operator_decorator.py
[2025-04-28T12:48:00.625+0000] {processor.py:830} INFO - Processing file /home/airflow/.local/lib/python3.8/site-packages/airflow/example_dags/example_branch_operator_decorator.py for tasks to queue
[2025-04-28T12:48:00.630+0000] {logging_mixin.py:188} INFO - [2025-04-28T12:48:00.629+0000] {dagbag.py:538} INFO - Filling up the DagBag from /home/airflow/.local/lib/python3.8/site-packages/airflow/example_dags/example_branch_operator_decorator.py
[2025-04-28T12:48:00.716+0000] {processor.py:840} INFO - DAG(s) 'example_branch_python_operator_decorator' retrieved from /home/airflow/.local/lib/python3.8/site-packages/airflow/example_dags/example_branch_operator_decorator.py
[2025-04-28T12:48:00.956+0000] {logging_mixin.py:188} INFO - [2025-04-28T12:48:00.956+0000] {dag.py:3033} INFO - Sync 1 DAGs
[2025-04-28T12:48:01.116+0000] {logging_mixin.py:188} INFO - [2025-04-28T12:48:01.115+0000] {dag.py:3820} INFO - Setting next_dagrun for example_branch_python_operator_decorator to 2025-04-27T00:00:00+00:00, run_after=2025-04-28T00:00:00+00:00
[2025-04-28T12:48:01.196+0000] {processor.py:183} INFO - Processing /home/airflow/.local/lib/python3.8/site-packages/airflow/example_dags/example_branch_operator_decorator.py took 0.585 seconds
[2025-04-28T12:48:32.477+0000] {processor.py:161} INFO - Started process (PID=11654) to work on /home/airflow/.local/lib/python3.8/site-packages/airflow/example_dags/example_branch_operator_decorator.py
[2025-04-28T12:48:32.479+0000] {processor.py:830} INFO - Processing file /home/airflow/.local/lib/python3.8/site-packages/airflow/example_dags/example_branch_operator_decorator.py for tasks to queue
[2025-04-28T12:48:32.481+0000] {logging_mixin.py:188} INFO - [2025-04-28T12:48:32.480+0000] {dagbag.py:538} INFO - Filling up the DagBag from /home/airflow/.local/lib/python3.8/site-packages/airflow/example_dags/example_branch_operator_decorator.py
[2025-04-28T12:48:32.536+0000] {processor.py:840} INFO - DAG(s) 'example_branch_python_operator_decorator' retrieved from /home/airflow/.local/lib/python3.8/site-packages/airflow/example_dags/example_branch_operator_decorator.py
[2025-04-28T12:48:32.615+0000] {logging_mixin.py:188} INFO - [2025-04-28T12:48:32.615+0000] {dag.py:3033} INFO - Sync 1 DAGs
[2025-04-28T12:48:32.697+0000] {logging_mixin.py:188} INFO - [2025-04-28T12:48:32.696+0000] {dag.py:3820} INFO - Setting next_dagrun for example_branch_python_operator_decorator to 2025-04-27T00:00:00+00:00, run_after=2025-04-28T00:00:00+00:00
[2025-04-28T12:48:32.761+0000] {processor.py:183} INFO - Processing /home/airflow/.local/lib/python3.8/site-packages/airflow/example_dags/example_branch_operator_decorator.py took 0.292 seconds
[2025-04-28T12:49:05.153+0000] {processor.py:161} INFO - Started process (PID=11710) to work on /home/airflow/.local/lib/python3.8/site-packages/airflow/example_dags/example_branch_operator_decorator.py
[2025-04-28T12:49:05.172+0000] {processor.py:830} INFO - Processing file /home/airflow/.local/lib/python3.8/site-packages/airflow/example_dags/example_branch_operator_decorator.py for tasks to queue
[2025-04-28T12:49:05.174+0000] {logging_mixin.py:188} INFO - [2025-04-28T12:49:05.174+0000] {dagbag.py:538} INFO - Filling up the DagBag from /home/airflow/.local/lib/python3.8/site-packages/airflow/example_dags/example_branch_operator_decorator.py
[2025-04-28T12:49:05.390+0000] {processor.py:840} INFO - DAG(s) 'example_branch_python_operator_decorator' retrieved from /home/airflow/.local/lib/python3.8/site-packages/airflow/example_dags/example_branch_operator_decorator.py
[2025-04-28T12:49:05.604+0000] {logging_mixin.py:188} INFO - [2025-04-28T12:49:05.596+0000] {dag.py:3033} INFO - Sync 1 DAGs
[2025-04-28T12:49:05.792+0000] {logging_mixin.py:188} INFO - [2025-04-28T12:49:05.792+0000] {dag.py:3820} INFO - Setting next_dagrun for example_branch_python_operator_decorator to 2025-04-27T00:00:00+00:00, run_after=2025-04-28T00:00:00+00:00
[2025-04-28T12:49:06.091+0000] {processor.py:183} INFO - Processing /home/airflow/.local/lib/python3.8/site-packages/airflow/example_dags/example_branch_operator_decorator.py took 0.957 seconds
[2025-04-28T12:49:46.998+0000] {processor.py:161} INFO - Started process (PID=11767) to work on /home/airflow/.local/lib/python3.8/site-packages/airflow/example_dags/example_branch_operator_decorator.py
[2025-04-28T12:49:47.033+0000] {processor.py:830} INFO - Processing file /home/airflow/.local/lib/python3.8/site-packages/airflow/example_dags/example_branch_operator_decorator.py for tasks to queue
[2025-04-28T12:49:47.111+0000] {logging_mixin.py:188} INFO - [2025-04-28T12:49:47.110+0000] {dagbag.py:538} INFO - Filling up the DagBag from /home/airflow/.local/lib/python3.8/site-packages/airflow/example_dags/example_branch_operator_decorator.py
[2025-04-28T12:49:47.557+0000] {processor.py:840} INFO - DAG(s) 'example_branch_python_operator_decorator' retrieved from /home/airflow/.local/lib/python3.8/site-packages/airflow/example_dags/example_branch_operator_decorator.py
[2025-04-28T12:49:48.147+0000] {logging_mixin.py:188} INFO - [2025-04-28T12:49:48.146+0000] {dag.py:3033} INFO - Sync 1 DAGs
[2025-04-28T12:49:48.625+0000] {logging_mixin.py:188} INFO - [2025-04-28T12:49:48.624+0000] {dag.py:3820} INFO - Setting next_dagrun for example_branch_python_operator_decorator to 2025-04-27T00:00:00+00:00, run_after=2025-04-28T00:00:00+00:00
[2025-04-28T12:49:48.895+0000] {processor.py:183} INFO - Processing /home/airflow/.local/lib/python3.8/site-packages/airflow/example_dags/example_branch_operator_decorator.py took 1.926 seconds
[2025-04-28T12:50:19.804+0000] {processor.py:161} INFO - Started process (PID=11823) to work on /home/airflow/.local/lib/python3.8/site-packages/airflow/example_dags/example_branch_operator_decorator.py
[2025-04-28T12:50:19.808+0000] {processor.py:830} INFO - Processing file /home/airflow/.local/lib/python3.8/site-packages/airflow/example_dags/example_branch_operator_decorator.py for tasks to queue
[2025-04-28T12:50:19.810+0000] {logging_mixin.py:188} INFO - [2025-04-28T12:50:19.809+0000] {dagbag.py:538} INFO - Filling up the DagBag from /home/airflow/.local/lib/python3.8/site-packages/airflow/example_dags/example_branch_operator_decorator.py
[2025-04-28T12:50:19.861+0000] {processor.py:840} INFO - DAG(s) 'example_branch_python_operator_decorator' retrieved from /home/airflow/.local/lib/python3.8/site-packages/airflow/example_dags/example_branch_operator_decorator.py
[2025-04-28T12:50:19.941+0000] {logging_mixin.py:188} INFO - [2025-04-28T12:50:19.941+0000] {dag.py:3033} INFO - Sync 1 DAGs
[2025-04-28T12:50:20.013+0000] {logging_mixin.py:188} INFO - [2025-04-28T12:50:20.009+0000] {dag.py:3820} INFO - Setting next_dagrun for example_branch_python_operator_decorator to 2025-04-27T00:00:00+00:00, run_after=2025-04-28T00:00:00+00:00
[2025-04-28T12:50:20.071+0000] {processor.py:183} INFO - Processing /home/airflow/.local/lib/python3.8/site-packages/airflow/example_dags/example_branch_operator_decorator.py took 0.275 seconds
[2025-04-28T12:50:50.294+0000] {processor.py:161} INFO - Started process (PID=11879) to work on /home/airflow/.local/lib/python3.8/site-packages/airflow/example_dags/example_branch_operator_decorator.py
[2025-04-28T12:50:50.298+0000] {processor.py:830} INFO - Processing file /home/airflow/.local/lib/python3.8/site-packages/airflow/example_dags/example_branch_operator_decorator.py for tasks to queue
[2025-04-28T12:50:50.302+0000] {logging_mixin.py:188} INFO - [2025-04-28T12:50:50.301+0000] {dagbag.py:538} INFO - Filling up the DagBag from /home/airflow/.local/lib/python3.8/site-packages/airflow/example_dags/example_branch_operator_decorator.py
[2025-04-28T12:50:50.376+0000] {processor.py:840} INFO - DAG(s) 'example_branch_python_operator_decorator' retrieved from /home/airflow/.local/lib/python3.8/site-packages/airflow/example_dags/example_branch_operator_decorator.py
[2025-04-28T12:50:50.498+0000] {logging_mixin.py:188} INFO - [2025-04-28T12:50:50.497+0000] {dag.py:3033} INFO - Sync 1 DAGs
[2025-04-28T12:50:50.602+0000] {logging_mixin.py:188} INFO - [2025-04-28T12:50:50.601+0000] {dag.py:3820} INFO - Setting next_dagrun for example_branch_python_operator_decorator to 2025-04-27T00:00:00+00:00, run_after=2025-04-28T00:00:00+00:00
[2025-04-28T12:50:50.778+0000] {processor.py:183} INFO - Processing /home/airflow/.local/lib/python3.8/site-packages/airflow/example_dags/example_branch_operator_decorator.py took 0.520 seconds
[2025-04-28T12:51:20.973+0000] {processor.py:161} INFO - Started process (PID=11935) to work on /home/airflow/.local/lib/python3.8/site-packages/airflow/example_dags/example_branch_operator_decorator.py
[2025-04-28T12:51:20.984+0000] {processor.py:830} INFO - Processing file /home/airflow/.local/lib/python3.8/site-packages/airflow/example_dags/example_branch_operator_decorator.py for tasks to queue
[2025-04-28T12:51:21.000+0000] {logging_mixin.py:188} INFO - [2025-04-28T12:51:20.999+0000] {dagbag.py:538} INFO - Filling up the DagBag from /home/airflow/.local/lib/python3.8/site-packages/airflow/example_dags/example_branch_operator_decorator.py
[2025-04-28T12:51:21.218+0000] {processor.py:840} INFO - DAG(s) 'example_branch_python_operator_decorator' retrieved from /home/airflow/.local/lib/python3.8/site-packages/airflow/example_dags/example_branch_operator_decorator.py
[2025-04-28T12:51:21.511+0000] {logging_mixin.py:188} INFO - [2025-04-28T12:51:21.510+0000] {dag.py:3033} INFO - Sync 1 DAGs
[2025-04-28T12:51:21.629+0000] {logging_mixin.py:188} INFO - [2025-04-28T12:51:21.629+0000] {dag.py:3820} INFO - Setting next_dagrun for example_branch_python_operator_decorator to 2025-04-27T00:00:00+00:00, run_after=2025-04-28T00:00:00+00:00
[2025-04-28T12:51:21.700+0000] {processor.py:183} INFO - Processing /home/airflow/.local/lib/python3.8/site-packages/airflow/example_dags/example_branch_operator_decorator.py took 0.743 seconds
[2025-04-28T12:51:52.144+0000] {processor.py:161} INFO - Started process (PID=11991) to work on /home/airflow/.local/lib/python3.8/site-packages/airflow/example_dags/example_branch_operator_decorator.py
[2025-04-28T12:51:52.147+0000] {processor.py:830} INFO - Processing file /home/airflow/.local/lib/python3.8/site-packages/airflow/example_dags/example_branch_operator_decorator.py for tasks to queue
[2025-04-28T12:51:52.151+0000] {logging_mixin.py:188} INFO - [2025-04-28T12:51:52.150+0000] {dagbag.py:538} INFO - Filling up the DagBag from /home/airflow/.local/lib/python3.8/site-packages/airflow/example_dags/example_branch_operator_decorator.py
[2025-04-28T12:51:52.250+0000] {processor.py:840} INFO - DAG(s) 'example_branch_python_operator_decorator' retrieved from /home/airflow/.local/lib/python3.8/site-packages/airflow/example_dags/example_branch_operator_decorator.py
[2025-04-28T12:51:52.309+0000] {logging_mixin.py:188} INFO - [2025-04-28T12:51:52.309+0000] {dag.py:3033} INFO - Sync 1 DAGs
[2025-04-28T12:51:52.423+0000] {logging_mixin.py:188} INFO - [2025-04-28T12:51:52.422+0000] {dag.py:3820} INFO - Setting next_dagrun for example_branch_python_operator_decorator to 2025-04-27T00:00:00+00:00, run_after=2025-04-28T00:00:00+00:00
[2025-04-28T12:51:52.480+0000] {processor.py:183} INFO - Processing /home/airflow/.local/lib/python3.8/site-packages/airflow/example_dags/example_branch_operator_decorator.py took 0.354 seconds
[2025-04-28T12:52:22.962+0000] {processor.py:161} INFO - Started process (PID=12048) to work on /home/airflow/.local/lib/python3.8/site-packages/airflow/example_dags/example_branch_operator_decorator.py
[2025-04-28T12:52:22.964+0000] {processor.py:830} INFO - Processing file /home/airflow/.local/lib/python3.8/site-packages/airflow/example_dags/example_branch_operator_decorator.py for tasks to queue
[2025-04-28T12:52:22.966+0000] {logging_mixin.py:188} INFO - [2025-04-28T12:52:22.965+0000] {dagbag.py:538} INFO - Filling up the DagBag from /home/airflow/.local/lib/python3.8/site-packages/airflow/example_dags/example_branch_operator_decorator.py
[2025-04-28T12:52:23.039+0000] {processor.py:840} INFO - DAG(s) 'example_branch_python_operator_decorator' retrieved from /home/airflow/.local/lib/python3.8/site-packages/airflow/example_dags/example_branch_operator_decorator.py
[2025-04-28T12:52:23.299+0000] {logging_mixin.py:188} INFO - [2025-04-28T12:52:23.298+0000] {dag.py:3033} INFO - Sync 1 DAGs
[2025-04-28T12:52:23.385+0000] {logging_mixin.py:188} INFO - [2025-04-28T12:52:23.384+0000] {dag.py:3820} INFO - Setting next_dagrun for example_branch_python_operator_decorator to 2025-04-27T00:00:00+00:00, run_after=2025-04-28T00:00:00+00:00
[2025-04-28T12:52:23.428+0000] {processor.py:183} INFO - Processing /home/airflow/.local/lib/python3.8/site-packages/airflow/example_dags/example_branch_operator_decorator.py took 0.474 seconds
[2025-04-28T12:52:53.903+0000] {processor.py:161} INFO - Started process (PID=12098) to work on /home/airflow/.local/lib/python3.8/site-packages/airflow/example_dags/example_branch_operator_decorator.py
[2025-04-28T12:52:53.906+0000] {processor.py:830} INFO - Processing file /home/airflow/.local/lib/python3.8/site-packages/airflow/example_dags/example_branch_operator_decorator.py for tasks to queue
[2025-04-28T12:52:53.910+0000] {logging_mixin.py:188} INFO - [2025-04-28T12:52:53.909+0000] {dagbag.py:538} INFO - Filling up the DagBag from /home/airflow/.local/lib/python3.8/site-packages/airflow/example_dags/example_branch_operator_decorator.py
[2025-04-28T12:52:54.013+0000] {processor.py:840} INFO - DAG(s) 'example_branch_python_operator_decorator' retrieved from /home/airflow/.local/lib/python3.8/site-packages/airflow/example_dags/example_branch_operator_decorator.py
[2025-04-28T12:52:54.155+0000] {logging_mixin.py:188} INFO - [2025-04-28T12:52:54.155+0000] {dag.py:3033} INFO - Sync 1 DAGs
[2025-04-28T12:52:54.288+0000] {logging_mixin.py:188} INFO - [2025-04-28T12:52:54.288+0000] {dag.py:3820} INFO - Setting next_dagrun for example_branch_python_operator_decorator to 2025-04-27T00:00:00+00:00, run_after=2025-04-28T00:00:00+00:00
[2025-04-28T12:52:54.386+0000] {processor.py:183} INFO - Processing /home/airflow/.local/lib/python3.8/site-packages/airflow/example_dags/example_branch_operator_decorator.py took 0.492 seconds
[2025-04-28T12:53:26.030+0000] {processor.py:161} INFO - Started process (PID=12152) to work on /home/airflow/.local/lib/python3.8/site-packages/airflow/example_dags/example_branch_operator_decorator.py
[2025-04-28T12:53:26.035+0000] {processor.py:830} INFO - Processing file /home/airflow/.local/lib/python3.8/site-packages/airflow/example_dags/example_branch_operator_decorator.py for tasks to queue
[2025-04-28T12:53:26.040+0000] {logging_mixin.py:188} INFO - [2025-04-28T12:53:26.039+0000] {dagbag.py:538} INFO - Filling up the DagBag from /home/airflow/.local/lib/python3.8/site-packages/airflow/example_dags/example_branch_operator_decorator.py
[2025-04-28T12:53:26.235+0000] {processor.py:840} INFO - DAG(s) 'example_branch_python_operator_decorator' retrieved from /home/airflow/.local/lib/python3.8/site-packages/airflow/example_dags/example_branch_operator_decorator.py
[2025-04-28T12:53:26.544+0000] {logging_mixin.py:188} INFO - [2025-04-28T12:53:26.543+0000] {dag.py:3033} INFO - Sync 1 DAGs
[2025-04-28T12:53:26.864+0000] {logging_mixin.py:188} INFO - [2025-04-28T12:53:26.863+0000] {dag.py:3820} INFO - Setting next_dagrun for example_branch_python_operator_decorator to 2025-04-27T00:00:00+00:00, run_after=2025-04-28T00:00:00+00:00
[2025-04-28T12:53:27.004+0000] {processor.py:183} INFO - Processing /home/airflow/.local/lib/python3.8/site-packages/airflow/example_dags/example_branch_operator_decorator.py took 0.991 seconds
[2025-04-28T12:53:57.815+0000] {processor.py:161} INFO - Started process (PID=12208) to work on /home/airflow/.local/lib/python3.8/site-packages/airflow/example_dags/example_branch_operator_decorator.py
[2025-04-28T12:53:57.817+0000] {processor.py:830} INFO - Processing file /home/airflow/.local/lib/python3.8/site-packages/airflow/example_dags/example_branch_operator_decorator.py for tasks to queue
[2025-04-28T12:53:57.820+0000] {logging_mixin.py:188} INFO - [2025-04-28T12:53:57.819+0000] {dagbag.py:538} INFO - Filling up the DagBag from /home/airflow/.local/lib/python3.8/site-packages/airflow/example_dags/example_branch_operator_decorator.py
[2025-04-28T12:53:57.874+0000] {processor.py:840} INFO - DAG(s) 'example_branch_python_operator_decorator' retrieved from /home/airflow/.local/lib/python3.8/site-packages/airflow/example_dags/example_branch_operator_decorator.py
[2025-04-28T12:53:57.963+0000] {logging_mixin.py:188} INFO - [2025-04-28T12:53:57.963+0000] {dag.py:3033} INFO - Sync 1 DAGs
[2025-04-28T12:53:58.039+0000] {logging_mixin.py:188} INFO - [2025-04-28T12:53:58.038+0000] {dag.py:3820} INFO - Setting next_dagrun for example_branch_python_operator_decorator to 2025-04-27T00:00:00+00:00, run_after=2025-04-28T00:00:00+00:00
[2025-04-28T12:53:58.106+0000] {processor.py:183} INFO - Processing /home/airflow/.local/lib/python3.8/site-packages/airflow/example_dags/example_branch_operator_decorator.py took 0.300 seconds
[2025-04-28T12:54:28.230+0000] {processor.py:161} INFO - Started process (PID=12264) to work on /home/airflow/.local/lib/python3.8/site-packages/airflow/example_dags/example_branch_operator_decorator.py
[2025-04-28T12:54:28.232+0000] {processor.py:830} INFO - Processing file /home/airflow/.local/lib/python3.8/site-packages/airflow/example_dags/example_branch_operator_decorator.py for tasks to queue
[2025-04-28T12:54:28.236+0000] {logging_mixin.py:188} INFO - [2025-04-28T12:54:28.235+0000] {dagbag.py:538} INFO - Filling up the DagBag from /home/airflow/.local/lib/python3.8/site-packages/airflow/example_dags/example_branch_operator_decorator.py
[2025-04-28T12:54:28.283+0000] {processor.py:840} INFO - DAG(s) 'example_branch_python_operator_decorator' retrieved from /home/airflow/.local/lib/python3.8/site-packages/airflow/example_dags/example_branch_operator_decorator.py
[2025-04-28T12:54:28.351+0000] {logging_mixin.py:188} INFO - [2025-04-28T12:54:28.351+0000] {dag.py:3033} INFO - Sync 1 DAGs
[2025-04-28T12:54:28.426+0000] {logging_mixin.py:188} INFO - [2025-04-28T12:54:28.426+0000] {dag.py:3820} INFO - Setting next_dagrun for example_branch_python_operator_decorator to 2025-04-27T00:00:00+00:00, run_after=2025-04-28T00:00:00+00:00
[2025-04-28T12:54:28.485+0000] {processor.py:183} INFO - Processing /home/airflow/.local/lib/python3.8/site-packages/airflow/example_dags/example_branch_operator_decorator.py took 0.262 seconds
[2025-04-28T12:55:05.293+0000] {processor.py:161} INFO - Started process (PID=12324) to work on /home/airflow/.local/lib/python3.8/site-packages/airflow/example_dags/example_branch_operator_decorator.py
[2025-04-28T12:55:05.296+0000] {processor.py:830} INFO - Processing file /home/airflow/.local/lib/python3.8/site-packages/airflow/example_dags/example_branch_operator_decorator.py for tasks to queue
[2025-04-28T12:55:05.299+0000] {logging_mixin.py:188} INFO - [2025-04-28T12:55:05.298+0000] {dagbag.py:538} INFO - Filling up the DagBag from /home/airflow/.local/lib/python3.8/site-packages/airflow/example_dags/example_branch_operator_decorator.py
[2025-04-28T12:55:05.397+0000] {processor.py:840} INFO - DAG(s) 'example_branch_python_operator_decorator' retrieved from /home/airflow/.local/lib/python3.8/site-packages/airflow/example_dags/example_branch_operator_decorator.py
[2025-04-28T12:55:05.537+0000] {logging_mixin.py:188} INFO - [2025-04-28T12:55:05.537+0000] {dag.py:3033} INFO - Sync 1 DAGs
[2025-04-28T12:55:05.708+0000] {logging_mixin.py:188} INFO - [2025-04-28T12:55:05.708+0000] {dag.py:3820} INFO - Setting next_dagrun for example_branch_python_operator_decorator to 2025-04-27T00:00:00+00:00, run_after=2025-04-28T00:00:00+00:00
[2025-04-28T12:55:05.870+0000] {processor.py:183} INFO - Processing /home/airflow/.local/lib/python3.8/site-packages/airflow/example_dags/example_branch_operator_decorator.py took 0.594 seconds
[2025-04-28T12:55:36.430+0000] {processor.py:161} INFO - Started process (PID=12381) to work on /home/airflow/.local/lib/python3.8/site-packages/airflow/example_dags/example_branch_operator_decorator.py
[2025-04-28T12:55:36.432+0000] {processor.py:830} INFO - Processing file /home/airflow/.local/lib/python3.8/site-packages/airflow/example_dags/example_branch_operator_decorator.py for tasks to queue
[2025-04-28T12:55:36.436+0000] {logging_mixin.py:188} INFO - [2025-04-28T12:55:36.434+0000] {dagbag.py:538} INFO - Filling up the DagBag from /home/airflow/.local/lib/python3.8/site-packages/airflow/example_dags/example_branch_operator_decorator.py
[2025-04-28T12:55:36.495+0000] {processor.py:840} INFO - DAG(s) 'example_branch_python_operator_decorator' retrieved from /home/airflow/.local/lib/python3.8/site-packages/airflow/example_dags/example_branch_operator_decorator.py
[2025-04-28T12:55:36.582+0000] {logging_mixin.py:188} INFO - [2025-04-28T12:55:36.581+0000] {dag.py:3033} INFO - Sync 1 DAGs
[2025-04-28T12:55:36.642+0000] {logging_mixin.py:188} INFO - [2025-04-28T12:55:36.642+0000] {dag.py:3820} INFO - Setting next_dagrun for example_branch_python_operator_decorator to 2025-04-27T00:00:00+00:00, run_after=2025-04-28T00:00:00+00:00
[2025-04-28T12:55:36.716+0000] {processor.py:183} INFO - Processing /home/airflow/.local/lib/python3.8/site-packages/airflow/example_dags/example_branch_operator_decorator.py took 0.296 seconds
[2025-04-28T12:56:09.570+0000] {processor.py:161} INFO - Started process (PID=12437) to work on /home/airflow/.local/lib/python3.8/site-packages/airflow/example_dags/example_branch_operator_decorator.py
[2025-04-28T12:56:09.572+0000] {processor.py:830} INFO - Processing file /home/airflow/.local/lib/python3.8/site-packages/airflow/example_dags/example_branch_operator_decorator.py for tasks to queue
[2025-04-28T12:56:09.573+0000] {logging_mixin.py:188} INFO - [2025-04-28T12:56:09.573+0000] {dagbag.py:538} INFO - Filling up the DagBag from /home/airflow/.local/lib/python3.8/site-packages/airflow/example_dags/example_branch_operator_decorator.py
[2025-04-28T12:56:09.629+0000] {processor.py:840} INFO - DAG(s) 'example_branch_python_operator_decorator' retrieved from /home/airflow/.local/lib/python3.8/site-packages/airflow/example_dags/example_branch_operator_decorator.py
[2025-04-28T12:56:09.705+0000] {logging_mixin.py:188} INFO - [2025-04-28T12:56:09.704+0000] {dag.py:3033} INFO - Sync 1 DAGs
[2025-04-28T12:56:09.769+0000] {logging_mixin.py:188} INFO - [2025-04-28T12:56:09.768+0000] {dag.py:3820} INFO - Setting next_dagrun for example_branch_python_operator_decorator to 2025-04-27T00:00:00+00:00, run_after=2025-04-28T00:00:00+00:00
[2025-04-28T12:56:09.823+0000] {processor.py:183} INFO - Processing /home/airflow/.local/lib/python3.8/site-packages/airflow/example_dags/example_branch_operator_decorator.py took 0.261 seconds
[2025-04-28T12:56:43.065+0000] {processor.py:161} INFO - Started process (PID=12495) to work on /home/airflow/.local/lib/python3.8/site-packages/airflow/example_dags/example_branch_operator_decorator.py
[2025-04-28T12:56:43.068+0000] {processor.py:830} INFO - Processing file /home/airflow/.local/lib/python3.8/site-packages/airflow/example_dags/example_branch_operator_decorator.py for tasks to queue
[2025-04-28T12:56:43.077+0000] {logging_mixin.py:188} INFO - [2025-04-28T12:56:43.073+0000] {dagbag.py:538} INFO - Filling up the DagBag from /home/airflow/.local/lib/python3.8/site-packages/airflow/example_dags/example_branch_operator_decorator.py
[2025-04-28T12:56:43.167+0000] {processor.py:840} INFO - DAG(s) 'example_branch_python_operator_decorator' retrieved from /home/airflow/.local/lib/python3.8/site-packages/airflow/example_dags/example_branch_operator_decorator.py
[2025-04-28T12:56:43.301+0000] {logging_mixin.py:188} INFO - [2025-04-28T12:56:43.301+0000] {dag.py:3033} INFO - Sync 1 DAGs
[2025-04-28T12:56:43.392+0000] {logging_mixin.py:188} INFO - [2025-04-28T12:56:43.391+0000] {dag.py:3820} INFO - Setting next_dagrun for example_branch_python_operator_decorator to 2025-04-27T00:00:00+00:00, run_after=2025-04-28T00:00:00+00:00
[2025-04-28T12:56:43.455+0000] {processor.py:183} INFO - Processing /home/airflow/.local/lib/python3.8/site-packages/airflow/example_dags/example_branch_operator_decorator.py took 0.404 seconds
[2025-04-28T12:57:13.995+0000] {processor.py:161} INFO - Started process (PID=12551) to work on /home/airflow/.local/lib/python3.8/site-packages/airflow/example_dags/example_branch_operator_decorator.py
[2025-04-28T12:57:13.997+0000] {processor.py:830} INFO - Processing file /home/airflow/.local/lib/python3.8/site-packages/airflow/example_dags/example_branch_operator_decorator.py for tasks to queue
[2025-04-28T12:57:13.999+0000] {logging_mixin.py:188} INFO - [2025-04-28T12:57:13.998+0000] {dagbag.py:538} INFO - Filling up the DagBag from /home/airflow/.local/lib/python3.8/site-packages/airflow/example_dags/example_branch_operator_decorator.py
[2025-04-28T12:57:14.080+0000] {processor.py:840} INFO - DAG(s) 'example_branch_python_operator_decorator' retrieved from /home/airflow/.local/lib/python3.8/site-packages/airflow/example_dags/example_branch_operator_decorator.py
[2025-04-28T12:57:14.170+0000] {logging_mixin.py:188} INFO - [2025-04-28T12:57:14.170+0000] {dag.py:3033} INFO - Sync 1 DAGs
[2025-04-28T12:57:14.240+0000] {logging_mixin.py:188} INFO - [2025-04-28T12:57:14.239+0000] {dag.py:3820} INFO - Setting next_dagrun for example_branch_python_operator_decorator to 2025-04-27T00:00:00+00:00, run_after=2025-04-28T00:00:00+00:00
[2025-04-28T12:57:14.303+0000] {processor.py:183} INFO - Processing /home/airflow/.local/lib/python3.8/site-packages/airflow/example_dags/example_branch_operator_decorator.py took 0.317 seconds
[2025-04-28T12:57:45.859+0000] {processor.py:161} INFO - Started process (PID=12608) to work on /home/airflow/.local/lib/python3.8/site-packages/airflow/example_dags/example_branch_operator_decorator.py
[2025-04-28T12:57:45.861+0000] {processor.py:830} INFO - Processing file /home/airflow/.local/lib/python3.8/site-packages/airflow/example_dags/example_branch_operator_decorator.py for tasks to queue
[2025-04-28T12:57:45.863+0000] {logging_mixin.py:188} INFO - [2025-04-28T12:57:45.862+0000] {dagbag.py:538} INFO - Filling up the DagBag from /home/airflow/.local/lib/python3.8/site-packages/airflow/example_dags/example_branch_operator_decorator.py
[2025-04-28T12:57:45.908+0000] {processor.py:840} INFO - DAG(s) 'example_branch_python_operator_decorator' retrieved from /home/airflow/.local/lib/python3.8/site-packages/airflow/example_dags/example_branch_operator_decorator.py
[2025-04-28T12:57:45.973+0000] {logging_mixin.py:188} INFO - [2025-04-28T12:57:45.973+0000] {dag.py:3033} INFO - Sync 1 DAGs
[2025-04-28T12:57:46.032+0000] {logging_mixin.py:188} INFO - [2025-04-28T12:57:46.032+0000] {dag.py:3820} INFO - Setting next_dagrun for example_branch_python_operator_decorator to 2025-04-27T00:00:00+00:00, run_after=2025-04-28T00:00:00+00:00
[2025-04-28T12:57:46.083+0000] {processor.py:183} INFO - Processing /home/airflow/.local/lib/python3.8/site-packages/airflow/example_dags/example_branch_operator_decorator.py took 0.233 seconds
[2025-04-28T12:58:20.512+0000] {processor.py:161} INFO - Started process (PID=12666) to work on /home/airflow/.local/lib/python3.8/site-packages/airflow/example_dags/example_branch_operator_decorator.py
[2025-04-28T12:58:20.514+0000] {processor.py:830} INFO - Processing file /home/airflow/.local/lib/python3.8/site-packages/airflow/example_dags/example_branch_operator_decorator.py for tasks to queue
[2025-04-28T12:58:20.516+0000] {logging_mixin.py:188} INFO - [2025-04-28T12:58:20.516+0000] {dagbag.py:538} INFO - Filling up the DagBag from /home/airflow/.local/lib/python3.8/site-packages/airflow/example_dags/example_branch_operator_decorator.py
[2025-04-28T12:58:20.616+0000] {processor.py:840} INFO - DAG(s) 'example_branch_python_operator_decorator' retrieved from /home/airflow/.local/lib/python3.8/site-packages/airflow/example_dags/example_branch_operator_decorator.py
[2025-04-28T12:58:20.723+0000] {logging_mixin.py:188} INFO - [2025-04-28T12:58:20.723+0000] {dag.py:3033} INFO - Sync 1 DAGs
[2025-04-28T12:58:20.797+0000] {logging_mixin.py:188} INFO - [2025-04-28T12:58:20.797+0000] {dag.py:3820} INFO - Setting next_dagrun for example_branch_python_operator_decorator to 2025-04-27T00:00:00+00:00, run_after=2025-04-28T00:00:00+00:00
[2025-04-28T12:58:20.851+0000] {processor.py:183} INFO - Processing /home/airflow/.local/lib/python3.8/site-packages/airflow/example_dags/example_branch_operator_decorator.py took 0.348 seconds
[2025-04-28T12:59:00.798+0000] {processor.py:161} INFO - Started process (PID=12728) to work on /home/airflow/.local/lib/python3.8/site-packages/airflow/example_dags/example_branch_operator_decorator.py
[2025-04-28T12:59:00.804+0000] {processor.py:830} INFO - Processing file /home/airflow/.local/lib/python3.8/site-packages/airflow/example_dags/example_branch_operator_decorator.py for tasks to queue
[2025-04-28T12:59:00.807+0000] {logging_mixin.py:188} INFO - [2025-04-28T12:59:00.807+0000] {dagbag.py:538} INFO - Filling up the DagBag from /home/airflow/.local/lib/python3.8/site-packages/airflow/example_dags/example_branch_operator_decorator.py
[2025-04-28T12:59:00.922+0000] {processor.py:840} INFO - DAG(s) 'example_branch_python_operator_decorator' retrieved from /home/airflow/.local/lib/python3.8/site-packages/airflow/example_dags/example_branch_operator_decorator.py
[2025-04-28T12:59:01.016+0000] {logging_mixin.py:188} INFO - [2025-04-28T12:59:01.015+0000] {dag.py:3033} INFO - Sync 1 DAGs
[2025-04-28T12:59:01.140+0000] {logging_mixin.py:188} INFO - [2025-04-28T12:59:01.139+0000] {dag.py:3820} INFO - Setting next_dagrun for example_branch_python_operator_decorator to 2025-04-27T00:00:00+00:00, run_after=2025-04-28T00:00:00+00:00
[2025-04-28T12:59:01.338+0000] {processor.py:183} INFO - Processing /home/airflow/.local/lib/python3.8/site-packages/airflow/example_dags/example_branch_operator_decorator.py took 0.549 seconds
[2025-04-28T12:59:31.810+0000] {processor.py:161} INFO - Started process (PID=12784) to work on /home/airflow/.local/lib/python3.8/site-packages/airflow/example_dags/example_branch_operator_decorator.py
[2025-04-28T12:59:31.818+0000] {processor.py:830} INFO - Processing file /home/airflow/.local/lib/python3.8/site-packages/airflow/example_dags/example_branch_operator_decorator.py for tasks to queue
[2025-04-28T12:59:31.836+0000] {logging_mixin.py:188} INFO - [2025-04-28T12:59:31.835+0000] {dagbag.py:538} INFO - Filling up the DagBag from /home/airflow/.local/lib/python3.8/site-packages/airflow/example_dags/example_branch_operator_decorator.py
[2025-04-28T12:59:31.987+0000] {processor.py:840} INFO - DAG(s) 'example_branch_python_operator_decorator' retrieved from /home/airflow/.local/lib/python3.8/site-packages/airflow/example_dags/example_branch_operator_decorator.py
[2025-04-28T12:59:32.099+0000] {logging_mixin.py:188} INFO - [2025-04-28T12:59:32.099+0000] {dag.py:3033} INFO - Sync 1 DAGs
[2025-04-28T12:59:32.169+0000] {logging_mixin.py:188} INFO - [2025-04-28T12:59:32.169+0000] {dag.py:3820} INFO - Setting next_dagrun for example_branch_python_operator_decorator to 2025-04-27T00:00:00+00:00, run_after=2025-04-28T00:00:00+00:00
[2025-04-28T12:59:32.228+0000] {processor.py:183} INFO - Processing /home/airflow/.local/lib/python3.8/site-packages/airflow/example_dags/example_branch_operator_decorator.py took 0.446 seconds
[2025-04-28T13:00:13.126+0000] {processor.py:161} INFO - Started process (PID=12840) to work on /home/airflow/.local/lib/python3.8/site-packages/airflow/example_dags/example_branch_operator_decorator.py
[2025-04-28T13:00:13.129+0000] {processor.py:830} INFO - Processing file /home/airflow/.local/lib/python3.8/site-packages/airflow/example_dags/example_branch_operator_decorator.py for tasks to queue
[2025-04-28T13:00:13.138+0000] {logging_mixin.py:188} INFO - [2025-04-28T13:00:13.137+0000] {dagbag.py:538} INFO - Filling up the DagBag from /home/airflow/.local/lib/python3.8/site-packages/airflow/example_dags/example_branch_operator_decorator.py
[2025-04-28T13:00:13.405+0000] {processor.py:840} INFO - DAG(s) 'example_branch_python_operator_decorator' retrieved from /home/airflow/.local/lib/python3.8/site-packages/airflow/example_dags/example_branch_operator_decorator.py
[2025-04-28T13:00:13.791+0000] {logging_mixin.py:188} INFO - [2025-04-28T13:00:13.791+0000] {dag.py:3033} INFO - Sync 1 DAGs
[2025-04-28T13:00:14.300+0000] {logging_mixin.py:188} INFO - [2025-04-28T13:00:14.285+0000] {dag.py:3820} INFO - Setting next_dagrun for example_branch_python_operator_decorator to 2025-04-27T00:00:00+00:00, run_after=2025-04-28T00:00:00+00:00
[2025-04-28T13:00:14.765+0000] {processor.py:183} INFO - Processing /home/airflow/.local/lib/python3.8/site-packages/airflow/example_dags/example_branch_operator_decorator.py took 1.661 seconds
[2025-04-28T13:00:45.698+0000] {processor.py:161} INFO - Started process (PID=12896) to work on /home/airflow/.local/lib/python3.8/site-packages/airflow/example_dags/example_branch_operator_decorator.py
[2025-04-28T13:00:45.700+0000] {processor.py:830} INFO - Processing file /home/airflow/.local/lib/python3.8/site-packages/airflow/example_dags/example_branch_operator_decorator.py for tasks to queue
[2025-04-28T13:00:45.704+0000] {logging_mixin.py:188} INFO - [2025-04-28T13:00:45.704+0000] {dagbag.py:538} INFO - Filling up the DagBag from /home/airflow/.local/lib/python3.8/site-packages/airflow/example_dags/example_branch_operator_decorator.py
[2025-04-28T13:00:45.772+0000] {processor.py:840} INFO - DAG(s) 'example_branch_python_operator_decorator' retrieved from /home/airflow/.local/lib/python3.8/site-packages/airflow/example_dags/example_branch_operator_decorator.py
[2025-04-28T13:00:45.844+0000] {logging_mixin.py:188} INFO - [2025-04-28T13:00:45.844+0000] {dag.py:3033} INFO - Sync 1 DAGs
[2025-04-28T13:00:45.901+0000] {logging_mixin.py:188} INFO - [2025-04-28T13:00:45.901+0000] {dag.py:3820} INFO - Setting next_dagrun for example_branch_python_operator_decorator to 2025-04-27T00:00:00+00:00, run_after=2025-04-28T00:00:00+00:00
[2025-04-28T13:00:45.956+0000] {processor.py:183} INFO - Processing /home/airflow/.local/lib/python3.8/site-packages/airflow/example_dags/example_branch_operator_decorator.py took 0.269 seconds
[2025-04-28T13:01:16.320+0000] {processor.py:161} INFO - Started process (PID=12952) to work on /home/airflow/.local/lib/python3.8/site-packages/airflow/example_dags/example_branch_operator_decorator.py
[2025-04-28T13:01:16.325+0000] {processor.py:830} INFO - Processing file /home/airflow/.local/lib/python3.8/site-packages/airflow/example_dags/example_branch_operator_decorator.py for tasks to queue
[2025-04-28T13:01:16.329+0000] {logging_mixin.py:188} INFO - [2025-04-28T13:01:16.328+0000] {dagbag.py:538} INFO - Filling up the DagBag from /home/airflow/.local/lib/python3.8/site-packages/airflow/example_dags/example_branch_operator_decorator.py
[2025-04-28T13:01:16.427+0000] {processor.py:840} INFO - DAG(s) 'example_branch_python_operator_decorator' retrieved from /home/airflow/.local/lib/python3.8/site-packages/airflow/example_dags/example_branch_operator_decorator.py
[2025-04-28T13:01:16.498+0000] {logging_mixin.py:188} INFO - [2025-04-28T13:01:16.498+0000] {dag.py:3033} INFO - Sync 1 DAGs
[2025-04-28T13:01:16.562+0000] {logging_mixin.py:188} INFO - [2025-04-28T13:01:16.561+0000] {dag.py:3820} INFO - Setting next_dagrun for example_branch_python_operator_decorator to 2025-04-27T00:00:00+00:00, run_after=2025-04-28T00:00:00+00:00
[2025-04-28T13:01:16.616+0000] {processor.py:183} INFO - Processing /home/airflow/.local/lib/python3.8/site-packages/airflow/example_dags/example_branch_operator_decorator.py took 0.317 seconds
[2025-04-28T13:01:46.883+0000] {processor.py:161} INFO - Started process (PID=13008) to work on /home/airflow/.local/lib/python3.8/site-packages/airflow/example_dags/example_branch_operator_decorator.py
[2025-04-28T13:01:46.885+0000] {processor.py:830} INFO - Processing file /home/airflow/.local/lib/python3.8/site-packages/airflow/example_dags/example_branch_operator_decorator.py for tasks to queue
[2025-04-28T13:01:46.887+0000] {logging_mixin.py:188} INFO - [2025-04-28T13:01:46.887+0000] {dagbag.py:538} INFO - Filling up the DagBag from /home/airflow/.local/lib/python3.8/site-packages/airflow/example_dags/example_branch_operator_decorator.py
[2025-04-28T13:01:46.949+0000] {processor.py:840} INFO - DAG(s) 'example_branch_python_operator_decorator' retrieved from /home/airflow/.local/lib/python3.8/site-packages/airflow/example_dags/example_branch_operator_decorator.py
[2025-04-28T13:01:47.099+0000] {logging_mixin.py:188} INFO - [2025-04-28T13:01:47.099+0000] {dag.py:3033} INFO - Sync 1 DAGs
[2025-04-28T13:01:47.163+0000] {logging_mixin.py:188} INFO - [2025-04-28T13:01:47.162+0000] {dag.py:3820} INFO - Setting next_dagrun for example_branch_python_operator_decorator to 2025-04-27T00:00:00+00:00, run_after=2025-04-28T00:00:00+00:00
[2025-04-28T13:01:47.225+0000] {processor.py:183} INFO - Processing /home/airflow/.local/lib/python3.8/site-packages/airflow/example_dags/example_branch_operator_decorator.py took 0.351 seconds
[2025-04-28T13:02:17.473+0000] {processor.py:161} INFO - Started process (PID=13064) to work on /home/airflow/.local/lib/python3.8/site-packages/airflow/example_dags/example_branch_operator_decorator.py
[2025-04-28T13:02:17.477+0000] {processor.py:830} INFO - Processing file /home/airflow/.local/lib/python3.8/site-packages/airflow/example_dags/example_branch_operator_decorator.py for tasks to queue
[2025-04-28T13:02:17.481+0000] {logging_mixin.py:188} INFO - [2025-04-28T13:02:17.479+0000] {dagbag.py:538} INFO - Filling up the DagBag from /home/airflow/.local/lib/python3.8/site-packages/airflow/example_dags/example_branch_operator_decorator.py
[2025-04-28T13:02:17.597+0000] {processor.py:840} INFO - DAG(s) 'example_branch_python_operator_decorator' retrieved from /home/airflow/.local/lib/python3.8/site-packages/airflow/example_dags/example_branch_operator_decorator.py
[2025-04-28T13:02:17.710+0000] {logging_mixin.py:188} INFO - [2025-04-28T13:02:17.710+0000] {dag.py:3033} INFO - Sync 1 DAGs
[2025-04-28T13:02:17.786+0000] {logging_mixin.py:188} INFO - [2025-04-28T13:02:17.786+0000] {dag.py:3820} INFO - Setting next_dagrun for example_branch_python_operator_decorator to 2025-04-27T00:00:00+00:00, run_after=2025-04-28T00:00:00+00:00
[2025-04-28T13:02:17.846+0000] {processor.py:183} INFO - Processing /home/airflow/.local/lib/python3.8/site-packages/airflow/example_dags/example_branch_operator_decorator.py took 0.380 seconds
[2025-04-28T13:02:49.606+0000] {processor.py:161} INFO - Started process (PID=13120) to work on /home/airflow/.local/lib/python3.8/site-packages/airflow/example_dags/example_branch_operator_decorator.py
[2025-04-28T13:02:49.608+0000] {processor.py:830} INFO - Processing file /home/airflow/.local/lib/python3.8/site-packages/airflow/example_dags/example_branch_operator_decorator.py for tasks to queue
[2025-04-28T13:02:49.611+0000] {logging_mixin.py:188} INFO - [2025-04-28T13:02:49.610+0000] {dagbag.py:538} INFO - Filling up the DagBag from /home/airflow/.local/lib/python3.8/site-packages/airflow/example_dags/example_branch_operator_decorator.py
[2025-04-28T13:02:49.676+0000] {processor.py:840} INFO - DAG(s) 'example_branch_python_operator_decorator' retrieved from /home/airflow/.local/lib/python3.8/site-packages/airflow/example_dags/example_branch_operator_decorator.py
[2025-04-28T13:02:49.790+0000] {logging_mixin.py:188} INFO - [2025-04-28T13:02:49.790+0000] {dag.py:3033} INFO - Sync 1 DAGs
[2025-04-28T13:02:49.850+0000] {logging_mixin.py:188} INFO - [2025-04-28T13:02:49.849+0000] {dag.py:3820} INFO - Setting next_dagrun for example_branch_python_operator_decorator to 2025-04-27T00:00:00+00:00, run_after=2025-04-28T00:00:00+00:00
[2025-04-28T13:02:49.898+0000] {processor.py:183} INFO - Processing /home/airflow/.local/lib/python3.8/site-packages/airflow/example_dags/example_branch_operator_decorator.py took 0.300 seconds
[2025-04-28T13:03:25.955+0000] {processor.py:161} INFO - Started process (PID=13176) to work on /home/airflow/.local/lib/python3.8/site-packages/airflow/example_dags/example_branch_operator_decorator.py
[2025-04-28T13:03:25.957+0000] {processor.py:830} INFO - Processing file /home/airflow/.local/lib/python3.8/site-packages/airflow/example_dags/example_branch_operator_decorator.py for tasks to queue
[2025-04-28T13:03:25.959+0000] {logging_mixin.py:188} INFO - [2025-04-28T13:03:25.959+0000] {dagbag.py:538} INFO - Filling up the DagBag from /home/airflow/.local/lib/python3.8/site-packages/airflow/example_dags/example_branch_operator_decorator.py
[2025-04-28T13:03:26.015+0000] {processor.py:840} INFO - DAG(s) 'example_branch_python_operator_decorator' retrieved from /home/airflow/.local/lib/python3.8/site-packages/airflow/example_dags/example_branch_operator_decorator.py
[2025-04-28T13:03:26.129+0000] {logging_mixin.py:188} INFO - [2025-04-28T13:03:26.129+0000] {dag.py:3033} INFO - Sync 1 DAGs
[2025-04-28T13:03:26.209+0000] {logging_mixin.py:188} INFO - [2025-04-28T13:03:26.209+0000] {dag.py:3820} INFO - Setting next_dagrun for example_branch_python_operator_decorator to 2025-04-27T00:00:00+00:00, run_after=2025-04-28T00:00:00+00:00
[2025-04-28T13:03:26.274+0000] {processor.py:183} INFO - Processing /home/airflow/.local/lib/python3.8/site-packages/airflow/example_dags/example_branch_operator_decorator.py took 0.329 seconds
[2025-04-28T13:03:57.429+0000] {processor.py:161} INFO - Started process (PID=13230) to work on /home/airflow/.local/lib/python3.8/site-packages/airflow/example_dags/example_branch_operator_decorator.py
[2025-04-28T13:03:57.433+0000] {processor.py:830} INFO - Processing file /home/airflow/.local/lib/python3.8/site-packages/airflow/example_dags/example_branch_operator_decorator.py for tasks to queue
[2025-04-28T13:03:57.435+0000] {logging_mixin.py:188} INFO - [2025-04-28T13:03:57.435+0000] {dagbag.py:538} INFO - Filling up the DagBag from /home/airflow/.local/lib/python3.8/site-packages/airflow/example_dags/example_branch_operator_decorator.py
[2025-04-28T13:03:57.519+0000] {processor.py:840} INFO - DAG(s) 'example_branch_python_operator_decorator' retrieved from /home/airflow/.local/lib/python3.8/site-packages/airflow/example_dags/example_branch_operator_decorator.py
[2025-04-28T13:03:57.631+0000] {logging_mixin.py:188} INFO - [2025-04-28T13:03:57.630+0000] {dag.py:3033} INFO - Sync 1 DAGs
[2025-04-28T13:03:57.720+0000] {logging_mixin.py:188} INFO - [2025-04-28T13:03:57.720+0000] {dag.py:3820} INFO - Setting next_dagrun for example_branch_python_operator_decorator to 2025-04-27T00:00:00+00:00, run_after=2025-04-28T00:00:00+00:00
[2025-04-28T13:03:57.785+0000] {processor.py:183} INFO - Processing /home/airflow/.local/lib/python3.8/site-packages/airflow/example_dags/example_branch_operator_decorator.py took 0.367 seconds
[2025-04-28T13:04:28.774+0000] {processor.py:161} INFO - Started process (PID=13285) to work on /home/airflow/.local/lib/python3.8/site-packages/airflow/example_dags/example_branch_operator_decorator.py
[2025-04-28T13:04:28.780+0000] {processor.py:830} INFO - Processing file /home/airflow/.local/lib/python3.8/site-packages/airflow/example_dags/example_branch_operator_decorator.py for tasks to queue
[2025-04-28T13:04:28.785+0000] {logging_mixin.py:188} INFO - [2025-04-28T13:04:28.784+0000] {dagbag.py:538} INFO - Filling up the DagBag from /home/airflow/.local/lib/python3.8/site-packages/airflow/example_dags/example_branch_operator_decorator.py
[2025-04-28T13:04:28.897+0000] {processor.py:840} INFO - DAG(s) 'example_branch_python_operator_decorator' retrieved from /home/airflow/.local/lib/python3.8/site-packages/airflow/example_dags/example_branch_operator_decorator.py
[2025-04-28T13:04:29.073+0000] {logging_mixin.py:188} INFO - [2025-04-28T13:04:29.073+0000] {dag.py:3033} INFO - Sync 1 DAGs
[2025-04-28T13:04:29.165+0000] {logging_mixin.py:188} INFO - [2025-04-28T13:04:29.165+0000] {dag.py:3820} INFO - Setting next_dagrun for example_branch_python_operator_decorator to 2025-04-27T00:00:00+00:00, run_after=2025-04-28T00:00:00+00:00
[2025-04-28T13:04:29.238+0000] {processor.py:183} INFO - Processing /home/airflow/.local/lib/python3.8/site-packages/airflow/example_dags/example_branch_operator_decorator.py took 0.478 seconds
[2025-04-28T13:04:59.420+0000] {processor.py:161} INFO - Started process (PID=13342) to work on /home/airflow/.local/lib/python3.8/site-packages/airflow/example_dags/example_branch_operator_decorator.py
[2025-04-28T13:04:59.424+0000] {processor.py:830} INFO - Processing file /home/airflow/.local/lib/python3.8/site-packages/airflow/example_dags/example_branch_operator_decorator.py for tasks to queue
[2025-04-28T13:04:59.427+0000] {logging_mixin.py:188} INFO - [2025-04-28T13:04:59.427+0000] {dagbag.py:538} INFO - Filling up the DagBag from /home/airflow/.local/lib/python3.8/site-packages/airflow/example_dags/example_branch_operator_decorator.py
[2025-04-28T13:04:59.547+0000] {processor.py:840} INFO - DAG(s) 'example_branch_python_operator_decorator' retrieved from /home/airflow/.local/lib/python3.8/site-packages/airflow/example_dags/example_branch_operator_decorator.py
[2025-04-28T13:04:59.785+0000] {logging_mixin.py:188} INFO - [2025-04-28T13:04:59.784+0000] {dag.py:3033} INFO - Sync 1 DAGs
[2025-04-28T13:05:00.029+0000] {logging_mixin.py:188} INFO - [2025-04-28T13:05:00.029+0000] {dag.py:3820} INFO - Setting next_dagrun for example_branch_python_operator_decorator to 2025-04-27T00:00:00+00:00, run_after=2025-04-28T00:00:00+00:00
[2025-04-28T13:05:00.200+0000] {processor.py:183} INFO - Processing /home/airflow/.local/lib/python3.8/site-packages/airflow/example_dags/example_branch_operator_decorator.py took 0.792 seconds
[2025-04-28T13:05:31.711+0000] {processor.py:161} INFO - Started process (PID=13393) to work on /home/airflow/.local/lib/python3.8/site-packages/airflow/example_dags/example_branch_operator_decorator.py
[2025-04-28T13:05:31.720+0000] {processor.py:830} INFO - Processing file /home/airflow/.local/lib/python3.8/site-packages/airflow/example_dags/example_branch_operator_decorator.py for tasks to queue
[2025-04-28T13:05:31.729+0000] {logging_mixin.py:188} INFO - [2025-04-28T13:05:31.728+0000] {dagbag.py:538} INFO - Filling up the DagBag from /home/airflow/.local/lib/python3.8/site-packages/airflow/example_dags/example_branch_operator_decorator.py
[2025-04-28T13:05:31.804+0000] {processor.py:840} INFO - DAG(s) 'example_branch_python_operator_decorator' retrieved from /home/airflow/.local/lib/python3.8/site-packages/airflow/example_dags/example_branch_operator_decorator.py
[2025-04-28T13:05:31.938+0000] {logging_mixin.py:188} INFO - [2025-04-28T13:05:31.938+0000] {dag.py:3033} INFO - Sync 1 DAGs
[2025-04-28T13:05:32.011+0000] {logging_mixin.py:188} INFO - [2025-04-28T13:05:32.011+0000] {dag.py:3820} INFO - Setting next_dagrun for example_branch_python_operator_decorator to 2025-04-27T00:00:00+00:00, run_after=2025-04-28T00:00:00+00:00
[2025-04-28T13:05:32.062+0000] {processor.py:183} INFO - Processing /home/airflow/.local/lib/python3.8/site-packages/airflow/example_dags/example_branch_operator_decorator.py took 0.377 seconds
[2025-04-28T13:06:02.817+0000] {processor.py:161} INFO - Started process (PID=13449) to work on /home/airflow/.local/lib/python3.8/site-packages/airflow/example_dags/example_branch_operator_decorator.py
[2025-04-28T13:06:02.819+0000] {processor.py:830} INFO - Processing file /home/airflow/.local/lib/python3.8/site-packages/airflow/example_dags/example_branch_operator_decorator.py for tasks to queue
[2025-04-28T13:06:02.821+0000] {logging_mixin.py:188} INFO - [2025-04-28T13:06:02.821+0000] {dagbag.py:538} INFO - Filling up the DagBag from /home/airflow/.local/lib/python3.8/site-packages/airflow/example_dags/example_branch_operator_decorator.py
[2025-04-28T13:06:02.869+0000] {processor.py:840} INFO - DAG(s) 'example_branch_python_operator_decorator' retrieved from /home/airflow/.local/lib/python3.8/site-packages/airflow/example_dags/example_branch_operator_decorator.py
[2025-04-28T13:06:02.941+0000] {logging_mixin.py:188} INFO - [2025-04-28T13:06:02.941+0000] {dag.py:3033} INFO - Sync 1 DAGs
[2025-04-28T13:06:02.990+0000] {logging_mixin.py:188} INFO - [2025-04-28T13:06:02.990+0000] {dag.py:3820} INFO - Setting next_dagrun for example_branch_python_operator_decorator to 2025-04-27T00:00:00+00:00, run_after=2025-04-28T00:00:00+00:00
[2025-04-28T13:06:03.034+0000] {processor.py:183} INFO - Processing /home/airflow/.local/lib/python3.8/site-packages/airflow/example_dags/example_branch_operator_decorator.py took 0.224 seconds
[2025-04-28T13:06:33.443+0000] {processor.py:161} INFO - Started process (PID=13505) to work on /home/airflow/.local/lib/python3.8/site-packages/airflow/example_dags/example_branch_operator_decorator.py
[2025-04-28T13:06:33.449+0000] {processor.py:830} INFO - Processing file /home/airflow/.local/lib/python3.8/site-packages/airflow/example_dags/example_branch_operator_decorator.py for tasks to queue
[2025-04-28T13:06:33.452+0000] {logging_mixin.py:188} INFO - [2025-04-28T13:06:33.451+0000] {dagbag.py:538} INFO - Filling up the DagBag from /home/airflow/.local/lib/python3.8/site-packages/airflow/example_dags/example_branch_operator_decorator.py
[2025-04-28T13:06:33.497+0000] {processor.py:840} INFO - DAG(s) 'example_branch_python_operator_decorator' retrieved from /home/airflow/.local/lib/python3.8/site-packages/airflow/example_dags/example_branch_operator_decorator.py
[2025-04-28T13:06:33.569+0000] {logging_mixin.py:188} INFO - [2025-04-28T13:06:33.569+0000] {dag.py:3033} INFO - Sync 1 DAGs
[2025-04-28T13:06:33.622+0000] {logging_mixin.py:188} INFO - [2025-04-28T13:06:33.622+0000] {dag.py:3820} INFO - Setting next_dagrun for example_branch_python_operator_decorator to 2025-04-27T00:00:00+00:00, run_after=2025-04-28T00:00:00+00:00
[2025-04-28T13:06:33.676+0000] {processor.py:183} INFO - Processing /home/airflow/.local/lib/python3.8/site-packages/airflow/example_dags/example_branch_operator_decorator.py took 0.240 seconds
[2025-04-28T13:07:04.180+0000] {processor.py:161} INFO - Started process (PID=13561) to work on /home/airflow/.local/lib/python3.8/site-packages/airflow/example_dags/example_branch_operator_decorator.py
[2025-04-28T13:07:04.182+0000] {processor.py:830} INFO - Processing file /home/airflow/.local/lib/python3.8/site-packages/airflow/example_dags/example_branch_operator_decorator.py for tasks to queue
[2025-04-28T13:07:04.184+0000] {logging_mixin.py:188} INFO - [2025-04-28T13:07:04.184+0000] {dagbag.py:538} INFO - Filling up the DagBag from /home/airflow/.local/lib/python3.8/site-packages/airflow/example_dags/example_branch_operator_decorator.py
[2025-04-28T13:07:04.230+0000] {processor.py:840} INFO - DAG(s) 'example_branch_python_operator_decorator' retrieved from /home/airflow/.local/lib/python3.8/site-packages/airflow/example_dags/example_branch_operator_decorator.py
[2025-04-28T13:07:04.285+0000] {logging_mixin.py:188} INFO - [2025-04-28T13:07:04.285+0000] {dag.py:3033} INFO - Sync 1 DAGs
[2025-04-28T13:07:04.328+0000] {logging_mixin.py:188} INFO - [2025-04-28T13:07:04.327+0000] {dag.py:3820} INFO - Setting next_dagrun for example_branch_python_operator_decorator to 2025-04-27T00:00:00+00:00, run_after=2025-04-28T00:00:00+00:00
[2025-04-28T13:07:04.381+0000] {processor.py:183} INFO - Processing /home/airflow/.local/lib/python3.8/site-packages/airflow/example_dags/example_branch_operator_decorator.py took 0.208 seconds
[2025-04-28T13:07:35.346+0000] {processor.py:161} INFO - Started process (PID=13616) to work on /home/airflow/.local/lib/python3.8/site-packages/airflow/example_dags/example_branch_operator_decorator.py
[2025-04-28T13:07:35.349+0000] {processor.py:830} INFO - Processing file /home/airflow/.local/lib/python3.8/site-packages/airflow/example_dags/example_branch_operator_decorator.py for tasks to queue
[2025-04-28T13:07:35.352+0000] {logging_mixin.py:188} INFO - [2025-04-28T13:07:35.351+0000] {dagbag.py:538} INFO - Filling up the DagBag from /home/airflow/.local/lib/python3.8/site-packages/airflow/example_dags/example_branch_operator_decorator.py
[2025-04-28T13:07:35.416+0000] {processor.py:840} INFO - DAG(s) 'example_branch_python_operator_decorator' retrieved from /home/airflow/.local/lib/python3.8/site-packages/airflow/example_dags/example_branch_operator_decorator.py
[2025-04-28T13:07:35.503+0000] {logging_mixin.py:188} INFO - [2025-04-28T13:07:35.502+0000] {dag.py:3033} INFO - Sync 1 DAGs
[2025-04-28T13:07:35.607+0000] {logging_mixin.py:188} INFO - [2025-04-28T13:07:35.607+0000] {dag.py:3820} INFO - Setting next_dagrun for example_branch_python_operator_decorator to 2025-04-27T00:00:00+00:00, run_after=2025-04-28T00:00:00+00:00
[2025-04-28T13:07:35.739+0000] {processor.py:183} INFO - Processing /home/airflow/.local/lib/python3.8/site-packages/airflow/example_dags/example_branch_operator_decorator.py took 0.403 seconds
[2025-04-28T13:08:07.062+0000] {processor.py:161} INFO - Started process (PID=13672) to work on /home/airflow/.local/lib/python3.8/site-packages/airflow/example_dags/example_branch_operator_decorator.py
[2025-04-28T13:08:07.064+0000] {processor.py:830} INFO - Processing file /home/airflow/.local/lib/python3.8/site-packages/airflow/example_dags/example_branch_operator_decorator.py for tasks to queue
[2025-04-28T13:08:07.067+0000] {logging_mixin.py:188} INFO - [2025-04-28T13:08:07.066+0000] {dagbag.py:538} INFO - Filling up the DagBag from /home/airflow/.local/lib/python3.8/site-packages/airflow/example_dags/example_branch_operator_decorator.py
[2025-04-28T13:08:07.119+0000] {processor.py:840} INFO - DAG(s) 'example_branch_python_operator_decorator' retrieved from /home/airflow/.local/lib/python3.8/site-packages/airflow/example_dags/example_branch_operator_decorator.py
[2025-04-28T13:08:07.208+0000] {logging_mixin.py:188} INFO - [2025-04-28T13:08:07.207+0000] {dag.py:3033} INFO - Sync 1 DAGs
[2025-04-28T13:08:07.265+0000] {logging_mixin.py:188} INFO - [2025-04-28T13:08:07.265+0000] {dag.py:3820} INFO - Setting next_dagrun for example_branch_python_operator_decorator to 2025-04-27T00:00:00+00:00, run_after=2025-04-28T00:00:00+00:00
[2025-04-28T13:08:07.312+0000] {processor.py:183} INFO - Processing /home/airflow/.local/lib/python3.8/site-packages/airflow/example_dags/example_branch_operator_decorator.py took 0.256 seconds
[2025-04-28T13:08:38.257+0000] {processor.py:161} INFO - Started process (PID=13728) to work on /home/airflow/.local/lib/python3.8/site-packages/airflow/example_dags/example_branch_operator_decorator.py
[2025-04-28T13:08:38.261+0000] {processor.py:830} INFO - Processing file /home/airflow/.local/lib/python3.8/site-packages/airflow/example_dags/example_branch_operator_decorator.py for tasks to queue
[2025-04-28T13:08:38.265+0000] {logging_mixin.py:188} INFO - [2025-04-28T13:08:38.264+0000] {dagbag.py:538} INFO - Filling up the DagBag from /home/airflow/.local/lib/python3.8/site-packages/airflow/example_dags/example_branch_operator_decorator.py
[2025-04-28T13:08:38.326+0000] {processor.py:840} INFO - DAG(s) 'example_branch_python_operator_decorator' retrieved from /home/airflow/.local/lib/python3.8/site-packages/airflow/example_dags/example_branch_operator_decorator.py
[2025-04-28T13:08:38.430+0000] {logging_mixin.py:188} INFO - [2025-04-28T13:08:38.430+0000] {dag.py:3033} INFO - Sync 1 DAGs
[2025-04-28T13:08:38.519+0000] {logging_mixin.py:188} INFO - [2025-04-28T13:08:38.517+0000] {dag.py:3820} INFO - Setting next_dagrun for example_branch_python_operator_decorator to 2025-04-27T00:00:00+00:00, run_after=2025-04-28T00:00:00+00:00
[2025-04-28T13:08:38.593+0000] {processor.py:183} INFO - Processing /home/airflow/.local/lib/python3.8/site-packages/airflow/example_dags/example_branch_operator_decorator.py took 0.355 seconds
[2025-04-28T13:09:10.346+0000] {processor.py:161} INFO - Started process (PID=13785) to work on /home/airflow/.local/lib/python3.8/site-packages/airflow/example_dags/example_branch_operator_decorator.py
[2025-04-28T13:09:10.350+0000] {processor.py:830} INFO - Processing file /home/airflow/.local/lib/python3.8/site-packages/airflow/example_dags/example_branch_operator_decorator.py for tasks to queue
[2025-04-28T13:09:10.352+0000] {logging_mixin.py:188} INFO - [2025-04-28T13:09:10.352+0000] {dagbag.py:538} INFO - Filling up the DagBag from /home/airflow/.local/lib/python3.8/site-packages/airflow/example_dags/example_branch_operator_decorator.py
[2025-04-28T13:09:10.401+0000] {processor.py:840} INFO - DAG(s) 'example_branch_python_operator_decorator' retrieved from /home/airflow/.local/lib/python3.8/site-packages/airflow/example_dags/example_branch_operator_decorator.py
[2025-04-28T13:09:10.484+0000] {logging_mixin.py:188} INFO - [2025-04-28T13:09:10.483+0000] {dag.py:3033} INFO - Sync 1 DAGs
[2025-04-28T13:09:10.551+0000] {logging_mixin.py:188} INFO - [2025-04-28T13:09:10.550+0000] {dag.py:3820} INFO - Setting next_dagrun for example_branch_python_operator_decorator to 2025-04-27T00:00:00+00:00, run_after=2025-04-28T00:00:00+00:00
[2025-04-28T13:09:10.598+0000] {processor.py:183} INFO - Processing /home/airflow/.local/lib/python3.8/site-packages/airflow/example_dags/example_branch_operator_decorator.py took 0.260 seconds
[2025-04-28T13:09:42.997+0000] {processor.py:161} INFO - Started process (PID=13842) to work on /home/airflow/.local/lib/python3.8/site-packages/airflow/example_dags/example_branch_operator_decorator.py
[2025-04-28T13:09:43.000+0000] {processor.py:830} INFO - Processing file /home/airflow/.local/lib/python3.8/site-packages/airflow/example_dags/example_branch_operator_decorator.py for tasks to queue
[2025-04-28T13:09:43.003+0000] {logging_mixin.py:188} INFO - [2025-04-28T13:09:43.002+0000] {dagbag.py:538} INFO - Filling up the DagBag from /home/airflow/.local/lib/python3.8/site-packages/airflow/example_dags/example_branch_operator_decorator.py
[2025-04-28T13:09:43.072+0000] {processor.py:840} INFO - DAG(s) 'example_branch_python_operator_decorator' retrieved from /home/airflow/.local/lib/python3.8/site-packages/airflow/example_dags/example_branch_operator_decorator.py
[2025-04-28T13:09:43.175+0000] {logging_mixin.py:188} INFO - [2025-04-28T13:09:43.175+0000] {dag.py:3033} INFO - Sync 1 DAGs
[2025-04-28T13:09:43.274+0000] {logging_mixin.py:188} INFO - [2025-04-28T13:09:43.273+0000] {dag.py:3820} INFO - Setting next_dagrun for example_branch_python_operator_decorator to 2025-04-27T00:00:00+00:00, run_after=2025-04-28T00:00:00+00:00
[2025-04-28T13:09:43.344+0000] {processor.py:183} INFO - Processing /home/airflow/.local/lib/python3.8/site-packages/airflow/example_dags/example_branch_operator_decorator.py took 0.355 seconds
[2025-04-28T13:10:15.806+0000] {processor.py:161} INFO - Started process (PID=13898) to work on /home/airflow/.local/lib/python3.8/site-packages/airflow/example_dags/example_branch_operator_decorator.py
[2025-04-28T13:10:15.809+0000] {processor.py:830} INFO - Processing file /home/airflow/.local/lib/python3.8/site-packages/airflow/example_dags/example_branch_operator_decorator.py for tasks to queue
[2025-04-28T13:10:15.812+0000] {logging_mixin.py:188} INFO - [2025-04-28T13:10:15.811+0000] {dagbag.py:538} INFO - Filling up the DagBag from /home/airflow/.local/lib/python3.8/site-packages/airflow/example_dags/example_branch_operator_decorator.py
[2025-04-28T13:10:15.866+0000] {processor.py:840} INFO - DAG(s) 'example_branch_python_operator_decorator' retrieved from /home/airflow/.local/lib/python3.8/site-packages/airflow/example_dags/example_branch_operator_decorator.py
[2025-04-28T13:10:15.950+0000] {logging_mixin.py:188} INFO - [2025-04-28T13:10:15.950+0000] {dag.py:3033} INFO - Sync 1 DAGs
[2025-04-28T13:10:16.014+0000] {logging_mixin.py:188} INFO - [2025-04-28T13:10:16.014+0000] {dag.py:3820} INFO - Setting next_dagrun for example_branch_python_operator_decorator to 2025-04-27T00:00:00+00:00, run_after=2025-04-28T00:00:00+00:00
[2025-04-28T13:10:16.071+0000] {processor.py:183} INFO - Processing /home/airflow/.local/lib/python3.8/site-packages/airflow/example_dags/example_branch_operator_decorator.py took 0.274 seconds
[2025-04-28T13:10:47.727+0000] {processor.py:161} INFO - Started process (PID=13953) to work on /home/airflow/.local/lib/python3.8/site-packages/airflow/example_dags/example_branch_operator_decorator.py
[2025-04-28T13:10:47.731+0000] {processor.py:830} INFO - Processing file /home/airflow/.local/lib/python3.8/site-packages/airflow/example_dags/example_branch_operator_decorator.py for tasks to queue
[2025-04-28T13:10:47.733+0000] {logging_mixin.py:188} INFO - [2025-04-28T13:10:47.732+0000] {dagbag.py:538} INFO - Filling up the DagBag from /home/airflow/.local/lib/python3.8/site-packages/airflow/example_dags/example_branch_operator_decorator.py
[2025-04-28T13:10:47.775+0000] {processor.py:840} INFO - DAG(s) 'example_branch_python_operator_decorator' retrieved from /home/airflow/.local/lib/python3.8/site-packages/airflow/example_dags/example_branch_operator_decorator.py
[2025-04-28T13:10:47.839+0000] {logging_mixin.py:188} INFO - [2025-04-28T13:10:47.839+0000] {dag.py:3033} INFO - Sync 1 DAGs
[2025-04-28T13:10:47.934+0000] {logging_mixin.py:188} INFO - [2025-04-28T13:10:47.934+0000] {dag.py:3820} INFO - Setting next_dagrun for example_branch_python_operator_decorator to 2025-04-27T00:00:00+00:00, run_after=2025-04-28T00:00:00+00:00
[2025-04-28T13:10:48.055+0000] {processor.py:183} INFO - Processing /home/airflow/.local/lib/python3.8/site-packages/airflow/example_dags/example_branch_operator_decorator.py took 0.336 seconds
[2025-04-28T13:11:18.794+0000] {processor.py:161} INFO - Started process (PID=14009) to work on /home/airflow/.local/lib/python3.8/site-packages/airflow/example_dags/example_branch_operator_decorator.py
[2025-04-28T13:11:18.796+0000] {processor.py:830} INFO - Processing file /home/airflow/.local/lib/python3.8/site-packages/airflow/example_dags/example_branch_operator_decorator.py for tasks to queue
[2025-04-28T13:11:18.798+0000] {logging_mixin.py:188} INFO - [2025-04-28T13:11:18.797+0000] {dagbag.py:538} INFO - Filling up the DagBag from /home/airflow/.local/lib/python3.8/site-packages/airflow/example_dags/example_branch_operator_decorator.py
[2025-04-28T13:11:18.842+0000] {processor.py:840} INFO - DAG(s) 'example_branch_python_operator_decorator' retrieved from /home/airflow/.local/lib/python3.8/site-packages/airflow/example_dags/example_branch_operator_decorator.py
[2025-04-28T13:11:18.920+0000] {logging_mixin.py:188} INFO - [2025-04-28T13:11:18.919+0000] {dag.py:3033} INFO - Sync 1 DAGs
[2025-04-28T13:11:18.993+0000] {logging_mixin.py:188} INFO - [2025-04-28T13:11:18.992+0000] {dag.py:3820} INFO - Setting next_dagrun for example_branch_python_operator_decorator to 2025-04-27T00:00:00+00:00, run_after=2025-04-28T00:00:00+00:00
[2025-04-28T13:11:19.047+0000] {processor.py:183} INFO - Processing /home/airflow/.local/lib/python3.8/site-packages/airflow/example_dags/example_branch_operator_decorator.py took 0.261 seconds
[2025-04-28T13:11:51.205+0000] {processor.py:161} INFO - Started process (PID=14065) to work on /home/airflow/.local/lib/python3.8/site-packages/airflow/example_dags/example_branch_operator_decorator.py
[2025-04-28T13:11:51.210+0000] {processor.py:830} INFO - Processing file /home/airflow/.local/lib/python3.8/site-packages/airflow/example_dags/example_branch_operator_decorator.py for tasks to queue
[2025-04-28T13:11:51.217+0000] {logging_mixin.py:188} INFO - [2025-04-28T13:11:51.216+0000] {dagbag.py:538} INFO - Filling up the DagBag from /home/airflow/.local/lib/python3.8/site-packages/airflow/example_dags/example_branch_operator_decorator.py
[2025-04-28T13:11:51.299+0000] {processor.py:840} INFO - DAG(s) 'example_branch_python_operator_decorator' retrieved from /home/airflow/.local/lib/python3.8/site-packages/airflow/example_dags/example_branch_operator_decorator.py
[2025-04-28T13:11:51.385+0000] {logging_mixin.py:188} INFO - [2025-04-28T13:11:51.384+0000] {dag.py:3033} INFO - Sync 1 DAGs
[2025-04-28T13:11:51.459+0000] {logging_mixin.py:188} INFO - [2025-04-28T13:11:51.458+0000] {dag.py:3820} INFO - Setting next_dagrun for example_branch_python_operator_decorator to 2025-04-27T00:00:00+00:00, run_after=2025-04-28T00:00:00+00:00
[2025-04-28T13:11:51.556+0000] {processor.py:183} INFO - Processing /home/airflow/.local/lib/python3.8/site-packages/airflow/example_dags/example_branch_operator_decorator.py took 0.372 seconds
[2025-04-28T13:12:25.110+0000] {processor.py:161} INFO - Started process (PID=14121) to work on /home/airflow/.local/lib/python3.8/site-packages/airflow/example_dags/example_branch_operator_decorator.py
[2025-04-28T13:12:25.113+0000] {processor.py:830} INFO - Processing file /home/airflow/.local/lib/python3.8/site-packages/airflow/example_dags/example_branch_operator_decorator.py for tasks to queue
[2025-04-28T13:12:25.115+0000] {logging_mixin.py:188} INFO - [2025-04-28T13:12:25.114+0000] {dagbag.py:538} INFO - Filling up the DagBag from /home/airflow/.local/lib/python3.8/site-packages/airflow/example_dags/example_branch_operator_decorator.py
[2025-04-28T13:12:25.174+0000] {processor.py:840} INFO - DAG(s) 'example_branch_python_operator_decorator' retrieved from /home/airflow/.local/lib/python3.8/site-packages/airflow/example_dags/example_branch_operator_decorator.py
[2025-04-28T13:12:25.266+0000] {logging_mixin.py:188} INFO - [2025-04-28T13:12:25.266+0000] {dag.py:3033} INFO - Sync 1 DAGs
[2025-04-28T13:12:25.358+0000] {logging_mixin.py:188} INFO - [2025-04-28T13:12:25.357+0000] {dag.py:3820} INFO - Setting next_dagrun for example_branch_python_operator_decorator to 2025-04-27T00:00:00+00:00, run_after=2025-04-28T00:00:00+00:00
[2025-04-28T13:12:25.404+0000] {processor.py:183} INFO - Processing /home/airflow/.local/lib/python3.8/site-packages/airflow/example_dags/example_branch_operator_decorator.py took 0.303 seconds
[2025-04-28T13:12:57.559+0000] {processor.py:161} INFO - Started process (PID=14177) to work on /home/airflow/.local/lib/python3.8/site-packages/airflow/example_dags/example_branch_operator_decorator.py
[2025-04-28T13:12:57.690+0000] {processor.py:830} INFO - Processing file /home/airflow/.local/lib/python3.8/site-packages/airflow/example_dags/example_branch_operator_decorator.py for tasks to queue
[2025-04-28T13:12:57.706+0000] {logging_mixin.py:188} INFO - [2025-04-28T13:12:57.705+0000] {dagbag.py:538} INFO - Filling up the DagBag from /home/airflow/.local/lib/python3.8/site-packages/airflow/example_dags/example_branch_operator_decorator.py
[2025-04-28T13:12:57.984+0000] {processor.py:840} INFO - DAG(s) 'example_branch_python_operator_decorator' retrieved from /home/airflow/.local/lib/python3.8/site-packages/airflow/example_dags/example_branch_operator_decorator.py
[2025-04-28T13:12:58.393+0000] {logging_mixin.py:188} INFO - [2025-04-28T13:12:58.393+0000] {dag.py:3033} INFO - Sync 1 DAGs
[2025-04-28T13:12:58.583+0000] {logging_mixin.py:188} INFO - [2025-04-28T13:12:58.583+0000] {dag.py:3820} INFO - Setting next_dagrun for example_branch_python_operator_decorator to 2025-04-27T00:00:00+00:00, run_after=2025-04-28T00:00:00+00:00
[2025-04-28T13:12:58.658+0000] {processor.py:183} INFO - Processing /home/airflow/.local/lib/python3.8/site-packages/airflow/example_dags/example_branch_operator_decorator.py took 1.127 seconds
[2025-04-28T13:13:29.485+0000] {processor.py:161} INFO - Started process (PID=14233) to work on /home/airflow/.local/lib/python3.8/site-packages/airflow/example_dags/example_branch_operator_decorator.py
[2025-04-28T13:13:29.490+0000] {processor.py:830} INFO - Processing file /home/airflow/.local/lib/python3.8/site-packages/airflow/example_dags/example_branch_operator_decorator.py for tasks to queue
[2025-04-28T13:13:29.492+0000] {logging_mixin.py:188} INFO - [2025-04-28T13:13:29.492+0000] {dagbag.py:538} INFO - Filling up the DagBag from /home/airflow/.local/lib/python3.8/site-packages/airflow/example_dags/example_branch_operator_decorator.py
[2025-04-28T13:13:29.568+0000] {processor.py:840} INFO - DAG(s) 'example_branch_python_operator_decorator' retrieved from /home/airflow/.local/lib/python3.8/site-packages/airflow/example_dags/example_branch_operator_decorator.py
[2025-04-28T13:13:29.690+0000] {logging_mixin.py:188} INFO - [2025-04-28T13:13:29.689+0000] {dag.py:3033} INFO - Sync 1 DAGs
[2025-04-28T13:13:29.763+0000] {logging_mixin.py:188} INFO - [2025-04-28T13:13:29.763+0000] {dag.py:3820} INFO - Setting next_dagrun for example_branch_python_operator_decorator to 2025-04-27T00:00:00+00:00, run_after=2025-04-28T00:00:00+00:00
[2025-04-28T13:13:29.828+0000] {processor.py:183} INFO - Processing /home/airflow/.local/lib/python3.8/site-packages/airflow/example_dags/example_branch_operator_decorator.py took 0.362 seconds
[2025-04-28T13:14:02.004+0000] {processor.py:161} INFO - Started process (PID=14289) to work on /home/airflow/.local/lib/python3.8/site-packages/airflow/example_dags/example_branch_operator_decorator.py
[2025-04-28T13:14:02.009+0000] {processor.py:830} INFO - Processing file /home/airflow/.local/lib/python3.8/site-packages/airflow/example_dags/example_branch_operator_decorator.py for tasks to queue
[2025-04-28T13:14:02.021+0000] {logging_mixin.py:188} INFO - [2025-04-28T13:14:02.018+0000] {dagbag.py:538} INFO - Filling up the DagBag from /home/airflow/.local/lib/python3.8/site-packages/airflow/example_dags/example_branch_operator_decorator.py
[2025-04-28T13:14:02.206+0000] {processor.py:840} INFO - DAG(s) 'example_branch_python_operator_decorator' retrieved from /home/airflow/.local/lib/python3.8/site-packages/airflow/example_dags/example_branch_operator_decorator.py
[2025-04-28T13:14:02.448+0000] {logging_mixin.py:188} INFO - [2025-04-28T13:14:02.448+0000] {dag.py:3033} INFO - Sync 1 DAGs
[2025-04-28T13:14:02.669+0000] {logging_mixin.py:188} INFO - [2025-04-28T13:14:02.668+0000] {dag.py:3820} INFO - Setting next_dagrun for example_branch_python_operator_decorator to 2025-04-27T00:00:00+00:00, run_after=2025-04-28T00:00:00+00:00
[2025-04-28T13:14:02.823+0000] {processor.py:183} INFO - Processing /home/airflow/.local/lib/python3.8/site-packages/airflow/example_dags/example_branch_operator_decorator.py took 0.832 seconds
[2025-04-28T13:14:35.759+0000] {processor.py:161} INFO - Started process (PID=14345) to work on /home/airflow/.local/lib/python3.8/site-packages/airflow/example_dags/example_branch_operator_decorator.py
[2025-04-28T13:14:35.783+0000] {processor.py:830} INFO - Processing file /home/airflow/.local/lib/python3.8/site-packages/airflow/example_dags/example_branch_operator_decorator.py for tasks to queue
[2025-04-28T13:14:35.786+0000] {logging_mixin.py:188} INFO - [2025-04-28T13:14:35.785+0000] {dagbag.py:538} INFO - Filling up the DagBag from /home/airflow/.local/lib/python3.8/site-packages/airflow/example_dags/example_branch_operator_decorator.py
[2025-04-28T13:14:35.929+0000] {processor.py:840} INFO - DAG(s) 'example_branch_python_operator_decorator' retrieved from /home/airflow/.local/lib/python3.8/site-packages/airflow/example_dags/example_branch_operator_decorator.py
[2025-04-28T13:14:36.100+0000] {logging_mixin.py:188} INFO - [2025-04-28T13:14:36.099+0000] {dag.py:3033} INFO - Sync 1 DAGs
[2025-04-28T13:14:36.229+0000] {logging_mixin.py:188} INFO - [2025-04-28T13:14:36.229+0000] {dag.py:3820} INFO - Setting next_dagrun for example_branch_python_operator_decorator to 2025-04-27T00:00:00+00:00, run_after=2025-04-28T00:00:00+00:00
[2025-04-28T13:14:36.340+0000] {processor.py:183} INFO - Processing /home/airflow/.local/lib/python3.8/site-packages/airflow/example_dags/example_branch_operator_decorator.py took 0.590 seconds
[2025-04-28T13:15:06.829+0000] {processor.py:161} INFO - Started process (PID=14400) to work on /home/airflow/.local/lib/python3.8/site-packages/airflow/example_dags/example_branch_operator_decorator.py
[2025-04-28T13:15:06.832+0000] {processor.py:830} INFO - Processing file /home/airflow/.local/lib/python3.8/site-packages/airflow/example_dags/example_branch_operator_decorator.py for tasks to queue
[2025-04-28T13:15:06.833+0000] {logging_mixin.py:188} INFO - [2025-04-28T13:15:06.833+0000] {dagbag.py:538} INFO - Filling up the DagBag from /home/airflow/.local/lib/python3.8/site-packages/airflow/example_dags/example_branch_operator_decorator.py
[2025-04-28T13:15:06.919+0000] {processor.py:840} INFO - DAG(s) 'example_branch_python_operator_decorator' retrieved from /home/airflow/.local/lib/python3.8/site-packages/airflow/example_dags/example_branch_operator_decorator.py
[2025-04-28T13:15:06.993+0000] {logging_mixin.py:188} INFO - [2025-04-28T13:15:06.993+0000] {dag.py:3033} INFO - Sync 1 DAGs
[2025-04-28T13:15:07.083+0000] {logging_mixin.py:188} INFO - [2025-04-28T13:15:07.083+0000] {dag.py:3820} INFO - Setting next_dagrun for example_branch_python_operator_decorator to 2025-04-27T00:00:00+00:00, run_after=2025-04-28T00:00:00+00:00
[2025-04-28T13:15:07.251+0000] {processor.py:183} INFO - Processing /home/airflow/.local/lib/python3.8/site-packages/airflow/example_dags/example_branch_operator_decorator.py took 0.432 seconds
[2025-04-28T13:15:38.514+0000] {processor.py:161} INFO - Started process (PID=14456) to work on /home/airflow/.local/lib/python3.8/site-packages/airflow/example_dags/example_branch_operator_decorator.py
[2025-04-28T13:15:38.517+0000] {processor.py:830} INFO - Processing file /home/airflow/.local/lib/python3.8/site-packages/airflow/example_dags/example_branch_operator_decorator.py for tasks to queue
[2025-04-28T13:15:38.519+0000] {logging_mixin.py:188} INFO - [2025-04-28T13:15:38.518+0000] {dagbag.py:538} INFO - Filling up the DagBag from /home/airflow/.local/lib/python3.8/site-packages/airflow/example_dags/example_branch_operator_decorator.py
[2025-04-28T13:15:38.571+0000] {processor.py:840} INFO - DAG(s) 'example_branch_python_operator_decorator' retrieved from /home/airflow/.local/lib/python3.8/site-packages/airflow/example_dags/example_branch_operator_decorator.py
[2025-04-28T13:15:38.661+0000] {logging_mixin.py:188} INFO - [2025-04-28T13:15:38.661+0000] {dag.py:3033} INFO - Sync 1 DAGs
[2025-04-28T13:15:38.722+0000] {logging_mixin.py:188} INFO - [2025-04-28T13:15:38.721+0000] {dag.py:3820} INFO - Setting next_dagrun for example_branch_python_operator_decorator to 2025-04-27T00:00:00+00:00, run_after=2025-04-28T00:00:00+00:00
[2025-04-28T13:15:38.776+0000] {processor.py:183} INFO - Processing /home/airflow/.local/lib/python3.8/site-packages/airflow/example_dags/example_branch_operator_decorator.py took 0.271 seconds
[2025-04-28T13:16:11.933+0000] {processor.py:161} INFO - Started process (PID=14511) to work on /home/airflow/.local/lib/python3.8/site-packages/airflow/example_dags/example_branch_operator_decorator.py
[2025-04-28T13:16:11.936+0000] {processor.py:830} INFO - Processing file /home/airflow/.local/lib/python3.8/site-packages/airflow/example_dags/example_branch_operator_decorator.py for tasks to queue
[2025-04-28T13:16:11.938+0000] {logging_mixin.py:188} INFO - [2025-04-28T13:16:11.937+0000] {dagbag.py:538} INFO - Filling up the DagBag from /home/airflow/.local/lib/python3.8/site-packages/airflow/example_dags/example_branch_operator_decorator.py
[2025-04-28T13:16:11.978+0000] {processor.py:840} INFO - DAG(s) 'example_branch_python_operator_decorator' retrieved from /home/airflow/.local/lib/python3.8/site-packages/airflow/example_dags/example_branch_operator_decorator.py
[2025-04-28T13:16:12.051+0000] {logging_mixin.py:188} INFO - [2025-04-28T13:16:12.051+0000] {dag.py:3033} INFO - Sync 1 DAGs
[2025-04-28T13:16:12.112+0000] {logging_mixin.py:188} INFO - [2025-04-28T13:16:12.111+0000] {dag.py:3820} INFO - Setting next_dagrun for example_branch_python_operator_decorator to 2025-04-27T00:00:00+00:00, run_after=2025-04-28T00:00:00+00:00
[2025-04-28T13:16:12.178+0000] {processor.py:183} INFO - Processing /home/airflow/.local/lib/python3.8/site-packages/airflow/example_dags/example_branch_operator_decorator.py took 0.251 seconds
[2025-04-28T13:16:42.918+0000] {processor.py:161} INFO - Started process (PID=14567) to work on /home/airflow/.local/lib/python3.8/site-packages/airflow/example_dags/example_branch_operator_decorator.py
[2025-04-28T13:16:42.920+0000] {processor.py:830} INFO - Processing file /home/airflow/.local/lib/python3.8/site-packages/airflow/example_dags/example_branch_operator_decorator.py for tasks to queue
[2025-04-28T13:16:42.923+0000] {logging_mixin.py:188} INFO - [2025-04-28T13:16:42.922+0000] {dagbag.py:538} INFO - Filling up the DagBag from /home/airflow/.local/lib/python3.8/site-packages/airflow/example_dags/example_branch_operator_decorator.py
[2025-04-28T13:16:43.001+0000] {processor.py:840} INFO - DAG(s) 'example_branch_python_operator_decorator' retrieved from /home/airflow/.local/lib/python3.8/site-packages/airflow/example_dags/example_branch_operator_decorator.py
[2025-04-28T13:16:43.099+0000] {logging_mixin.py:188} INFO - [2025-04-28T13:16:43.099+0000] {dag.py:3033} INFO - Sync 1 DAGs
[2025-04-28T13:16:43.165+0000] {logging_mixin.py:188} INFO - [2025-04-28T13:16:43.165+0000] {dag.py:3820} INFO - Setting next_dagrun for example_branch_python_operator_decorator to 2025-04-27T00:00:00+00:00, run_after=2025-04-28T00:00:00+00:00
[2025-04-28T13:16:43.224+0000] {processor.py:183} INFO - Processing /home/airflow/.local/lib/python3.8/site-packages/airflow/example_dags/example_branch_operator_decorator.py took 0.316 seconds
[2025-04-28T13:17:13.442+0000] {processor.py:161} INFO - Started process (PID=14624) to work on /home/airflow/.local/lib/python3.8/site-packages/airflow/example_dags/example_branch_operator_decorator.py
[2025-04-28T13:17:13.444+0000] {processor.py:830} INFO - Processing file /home/airflow/.local/lib/python3.8/site-packages/airflow/example_dags/example_branch_operator_decorator.py for tasks to queue
[2025-04-28T13:17:13.447+0000] {logging_mixin.py:188} INFO - [2025-04-28T13:17:13.446+0000] {dagbag.py:538} INFO - Filling up the DagBag from /home/airflow/.local/lib/python3.8/site-packages/airflow/example_dags/example_branch_operator_decorator.py
[2025-04-28T13:17:13.497+0000] {processor.py:840} INFO - DAG(s) 'example_branch_python_operator_decorator' retrieved from /home/airflow/.local/lib/python3.8/site-packages/airflow/example_dags/example_branch_operator_decorator.py
[2025-04-28T13:17:13.587+0000] {logging_mixin.py:188} INFO - [2025-04-28T13:17:13.586+0000] {dag.py:3033} INFO - Sync 1 DAGs
[2025-04-28T13:17:13.648+0000] {logging_mixin.py:188} INFO - [2025-04-28T13:17:13.648+0000] {dag.py:3820} INFO - Setting next_dagrun for example_branch_python_operator_decorator to 2025-04-27T00:00:00+00:00, run_after=2025-04-28T00:00:00+00:00
[2025-04-28T13:17:13.710+0000] {processor.py:183} INFO - Processing /home/airflow/.local/lib/python3.8/site-packages/airflow/example_dags/example_branch_operator_decorator.py took 0.278 seconds
[2025-04-28T13:17:44.167+0000] {processor.py:161} INFO - Started process (PID=14680) to work on /home/airflow/.local/lib/python3.8/site-packages/airflow/example_dags/example_branch_operator_decorator.py
[2025-04-28T13:17:44.168+0000] {processor.py:830} INFO - Processing file /home/airflow/.local/lib/python3.8/site-packages/airflow/example_dags/example_branch_operator_decorator.py for tasks to queue
[2025-04-28T13:17:44.172+0000] {logging_mixin.py:188} INFO - [2025-04-28T13:17:44.171+0000] {dagbag.py:538} INFO - Filling up the DagBag from /home/airflow/.local/lib/python3.8/site-packages/airflow/example_dags/example_branch_operator_decorator.py
[2025-04-28T13:17:44.251+0000] {processor.py:840} INFO - DAG(s) 'example_branch_python_operator_decorator' retrieved from /home/airflow/.local/lib/python3.8/site-packages/airflow/example_dags/example_branch_operator_decorator.py
[2025-04-28T13:17:44.362+0000] {logging_mixin.py:188} INFO - [2025-04-28T13:17:44.361+0000] {dag.py:3033} INFO - Sync 1 DAGs
[2025-04-28T13:17:44.443+0000] {logging_mixin.py:188} INFO - [2025-04-28T13:17:44.443+0000] {dag.py:3820} INFO - Setting next_dagrun for example_branch_python_operator_decorator to 2025-04-27T00:00:00+00:00, run_after=2025-04-28T00:00:00+00:00
[2025-04-28T13:17:44.503+0000] {processor.py:183} INFO - Processing /home/airflow/.local/lib/python3.8/site-packages/airflow/example_dags/example_branch_operator_decorator.py took 0.346 seconds
[2025-04-28T13:18:15.067+0000] {processor.py:161} INFO - Started process (PID=14736) to work on /home/airflow/.local/lib/python3.8/site-packages/airflow/example_dags/example_branch_operator_decorator.py
[2025-04-28T13:18:15.069+0000] {processor.py:830} INFO - Processing file /home/airflow/.local/lib/python3.8/site-packages/airflow/example_dags/example_branch_operator_decorator.py for tasks to queue
[2025-04-28T13:18:15.072+0000] {logging_mixin.py:188} INFO - [2025-04-28T13:18:15.071+0000] {dagbag.py:538} INFO - Filling up the DagBag from /home/airflow/.local/lib/python3.8/site-packages/airflow/example_dags/example_branch_operator_decorator.py
[2025-04-28T13:18:15.144+0000] {processor.py:840} INFO - DAG(s) 'example_branch_python_operator_decorator' retrieved from /home/airflow/.local/lib/python3.8/site-packages/airflow/example_dags/example_branch_operator_decorator.py
[2025-04-28T13:18:15.278+0000] {logging_mixin.py:188} INFO - [2025-04-28T13:18:15.278+0000] {dag.py:3033} INFO - Sync 1 DAGs
[2025-04-28T13:18:15.370+0000] {logging_mixin.py:188} INFO - [2025-04-28T13:18:15.370+0000] {dag.py:3820} INFO - Setting next_dagrun for example_branch_python_operator_decorator to 2025-04-27T00:00:00+00:00, run_after=2025-04-28T00:00:00+00:00
[2025-04-28T13:18:15.450+0000] {processor.py:183} INFO - Processing /home/airflow/.local/lib/python3.8/site-packages/airflow/example_dags/example_branch_operator_decorator.py took 0.398 seconds
[2025-04-28T13:18:46.075+0000] {processor.py:161} INFO - Started process (PID=14793) to work on /home/airflow/.local/lib/python3.8/site-packages/airflow/example_dags/example_branch_operator_decorator.py
[2025-04-28T13:18:46.077+0000] {processor.py:830} INFO - Processing file /home/airflow/.local/lib/python3.8/site-packages/airflow/example_dags/example_branch_operator_decorator.py for tasks to queue
[2025-04-28T13:18:46.079+0000] {logging_mixin.py:188} INFO - [2025-04-28T13:18:46.079+0000] {dagbag.py:538} INFO - Filling up the DagBag from /home/airflow/.local/lib/python3.8/site-packages/airflow/example_dags/example_branch_operator_decorator.py
[2025-04-28T13:18:46.129+0000] {processor.py:840} INFO - DAG(s) 'example_branch_python_operator_decorator' retrieved from /home/airflow/.local/lib/python3.8/site-packages/airflow/example_dags/example_branch_operator_decorator.py
[2025-04-28T13:18:46.208+0000] {logging_mixin.py:188} INFO - [2025-04-28T13:18:46.208+0000] {dag.py:3033} INFO - Sync 1 DAGs
[2025-04-28T13:18:46.282+0000] {logging_mixin.py:188} INFO - [2025-04-28T13:18:46.281+0000] {dag.py:3820} INFO - Setting next_dagrun for example_branch_python_operator_decorator to 2025-04-27T00:00:00+00:00, run_after=2025-04-28T00:00:00+00:00
[2025-04-28T13:18:46.348+0000] {processor.py:183} INFO - Processing /home/airflow/.local/lib/python3.8/site-packages/airflow/example_dags/example_branch_operator_decorator.py took 0.279 seconds
[2025-04-28T13:19:16.678+0000] {processor.py:161} INFO - Started process (PID=14850) to work on /home/airflow/.local/lib/python3.8/site-packages/airflow/example_dags/example_branch_operator_decorator.py
[2025-04-28T13:19:16.680+0000] {processor.py:830} INFO - Processing file /home/airflow/.local/lib/python3.8/site-packages/airflow/example_dags/example_branch_operator_decorator.py for tasks to queue
[2025-04-28T13:19:16.682+0000] {logging_mixin.py:188} INFO - [2025-04-28T13:19:16.682+0000] {dagbag.py:538} INFO - Filling up the DagBag from /home/airflow/.local/lib/python3.8/site-packages/airflow/example_dags/example_branch_operator_decorator.py
[2025-04-28T13:19:16.732+0000] {processor.py:840} INFO - DAG(s) 'example_branch_python_operator_decorator' retrieved from /home/airflow/.local/lib/python3.8/site-packages/airflow/example_dags/example_branch_operator_decorator.py
[2025-04-28T13:19:16.820+0000] {logging_mixin.py:188} INFO - [2025-04-28T13:19:16.820+0000] {dag.py:3033} INFO - Sync 1 DAGs
[2025-04-28T13:19:16.882+0000] {logging_mixin.py:188} INFO - [2025-04-28T13:19:16.882+0000] {dag.py:3820} INFO - Setting next_dagrun for example_branch_python_operator_decorator to 2025-04-27T00:00:00+00:00, run_after=2025-04-28T00:00:00+00:00
[2025-04-28T13:19:16.936+0000] {processor.py:183} INFO - Processing /home/airflow/.local/lib/python3.8/site-packages/airflow/example_dags/example_branch_operator_decorator.py took 0.267 seconds
[2025-04-28T13:19:48.858+0000] {processor.py:161} INFO - Started process (PID=14905) to work on /home/airflow/.local/lib/python3.8/site-packages/airflow/example_dags/example_branch_operator_decorator.py
[2025-04-28T13:19:48.860+0000] {processor.py:830} INFO - Processing file /home/airflow/.local/lib/python3.8/site-packages/airflow/example_dags/example_branch_operator_decorator.py for tasks to queue
[2025-04-28T13:19:48.864+0000] {logging_mixin.py:188} INFO - [2025-04-28T13:19:48.863+0000] {dagbag.py:538} INFO - Filling up the DagBag from /home/airflow/.local/lib/python3.8/site-packages/airflow/example_dags/example_branch_operator_decorator.py
[2025-04-28T13:19:48.930+0000] {processor.py:840} INFO - DAG(s) 'example_branch_python_operator_decorator' retrieved from /home/airflow/.local/lib/python3.8/site-packages/airflow/example_dags/example_branch_operator_decorator.py
[2025-04-28T13:19:49.044+0000] {logging_mixin.py:188} INFO - [2025-04-28T13:19:49.044+0000] {dag.py:3033} INFO - Sync 1 DAGs
[2025-04-28T13:19:49.128+0000] {logging_mixin.py:188} INFO - [2025-04-28T13:19:49.128+0000] {dag.py:3820} INFO - Setting next_dagrun for example_branch_python_operator_decorator to 2025-04-27T00:00:00+00:00, run_after=2025-04-28T00:00:00+00:00
[2025-04-28T13:19:49.241+0000] {processor.py:183} INFO - Processing /home/airflow/.local/lib/python3.8/site-packages/airflow/example_dags/example_branch_operator_decorator.py took 0.391 seconds
[2025-04-28T13:20:20.547+0000] {processor.py:161} INFO - Started process (PID=14961) to work on /home/airflow/.local/lib/python3.8/site-packages/airflow/example_dags/example_branch_operator_decorator.py
[2025-04-28T13:20:20.550+0000] {processor.py:830} INFO - Processing file /home/airflow/.local/lib/python3.8/site-packages/airflow/example_dags/example_branch_operator_decorator.py for tasks to queue
[2025-04-28T13:20:20.554+0000] {logging_mixin.py:188} INFO - [2025-04-28T13:20:20.553+0000] {dagbag.py:538} INFO - Filling up the DagBag from /home/airflow/.local/lib/python3.8/site-packages/airflow/example_dags/example_branch_operator_decorator.py
[2025-04-28T13:20:20.636+0000] {processor.py:840} INFO - DAG(s) 'example_branch_python_operator_decorator' retrieved from /home/airflow/.local/lib/python3.8/site-packages/airflow/example_dags/example_branch_operator_decorator.py
[2025-04-28T13:20:20.756+0000] {logging_mixin.py:188} INFO - [2025-04-28T13:20:20.756+0000] {dag.py:3033} INFO - Sync 1 DAGs
[2025-04-28T13:20:20.828+0000] {logging_mixin.py:188} INFO - [2025-04-28T13:20:20.827+0000] {dag.py:3820} INFO - Setting next_dagrun for example_branch_python_operator_decorator to 2025-04-27T00:00:00+00:00, run_after=2025-04-28T00:00:00+00:00
[2025-04-28T13:20:20.885+0000] {processor.py:183} INFO - Processing /home/airflow/.local/lib/python3.8/site-packages/airflow/example_dags/example_branch_operator_decorator.py took 0.355 seconds
[2025-04-28T13:20:51.606+0000] {processor.py:161} INFO - Started process (PID=15018) to work on /home/airflow/.local/lib/python3.8/site-packages/airflow/example_dags/example_branch_operator_decorator.py
[2025-04-28T13:20:51.608+0000] {processor.py:830} INFO - Processing file /home/airflow/.local/lib/python3.8/site-packages/airflow/example_dags/example_branch_operator_decorator.py for tasks to queue
[2025-04-28T13:20:51.610+0000] {logging_mixin.py:188} INFO - [2025-04-28T13:20:51.610+0000] {dagbag.py:538} INFO - Filling up the DagBag from /home/airflow/.local/lib/python3.8/site-packages/airflow/example_dags/example_branch_operator_decorator.py
[2025-04-28T13:20:51.712+0000] {processor.py:840} INFO - DAG(s) 'example_branch_python_operator_decorator' retrieved from /home/airflow/.local/lib/python3.8/site-packages/airflow/example_dags/example_branch_operator_decorator.py
[2025-04-28T13:20:51.794+0000] {logging_mixin.py:188} INFO - [2025-04-28T13:20:51.794+0000] {dag.py:3033} INFO - Sync 1 DAGs
[2025-04-28T13:20:51.846+0000] {logging_mixin.py:188} INFO - [2025-04-28T13:20:51.846+0000] {dag.py:3820} INFO - Setting next_dagrun for example_branch_python_operator_decorator to 2025-04-27T00:00:00+00:00, run_after=2025-04-28T00:00:00+00:00
[2025-04-28T13:20:51.899+0000] {processor.py:183} INFO - Processing /home/airflow/.local/lib/python3.8/site-packages/airflow/example_dags/example_branch_operator_decorator.py took 0.308 seconds
[2025-04-28T13:21:22.124+0000] {processor.py:161} INFO - Started process (PID=15072) to work on /home/airflow/.local/lib/python3.8/site-packages/airflow/example_dags/example_branch_operator_decorator.py
[2025-04-28T13:21:22.129+0000] {processor.py:830} INFO - Processing file /home/airflow/.local/lib/python3.8/site-packages/airflow/example_dags/example_branch_operator_decorator.py for tasks to queue
[2025-04-28T13:21:22.133+0000] {logging_mixin.py:188} INFO - [2025-04-28T13:21:22.132+0000] {dagbag.py:538} INFO - Filling up the DagBag from /home/airflow/.local/lib/python3.8/site-packages/airflow/example_dags/example_branch_operator_decorator.py
[2025-04-28T13:21:22.216+0000] {processor.py:840} INFO - DAG(s) 'example_branch_python_operator_decorator' retrieved from /home/airflow/.local/lib/python3.8/site-packages/airflow/example_dags/example_branch_operator_decorator.py
[2025-04-28T13:21:22.363+0000] {logging_mixin.py:188} INFO - [2025-04-28T13:21:22.362+0000] {dag.py:3033} INFO - Sync 1 DAGs
[2025-04-28T13:21:22.471+0000] {logging_mixin.py:188} INFO - [2025-04-28T13:21:22.470+0000] {dag.py:3820} INFO - Setting next_dagrun for example_branch_python_operator_decorator to 2025-04-27T00:00:00+00:00, run_after=2025-04-28T00:00:00+00:00
[2025-04-28T13:21:22.604+0000] {processor.py:183} INFO - Processing /home/airflow/.local/lib/python3.8/site-packages/airflow/example_dags/example_branch_operator_decorator.py took 0.492 seconds
[2025-04-28T13:21:52.775+0000] {processor.py:161} INFO - Started process (PID=15128) to work on /home/airflow/.local/lib/python3.8/site-packages/airflow/example_dags/example_branch_operator_decorator.py
[2025-04-28T13:21:52.780+0000] {processor.py:830} INFO - Processing file /home/airflow/.local/lib/python3.8/site-packages/airflow/example_dags/example_branch_operator_decorator.py for tasks to queue
[2025-04-28T13:21:52.784+0000] {logging_mixin.py:188} INFO - [2025-04-28T13:21:52.783+0000] {dagbag.py:538} INFO - Filling up the DagBag from /home/airflow/.local/lib/python3.8/site-packages/airflow/example_dags/example_branch_operator_decorator.py
[2025-04-28T13:21:52.901+0000] {processor.py:840} INFO - DAG(s) 'example_branch_python_operator_decorator' retrieved from /home/airflow/.local/lib/python3.8/site-packages/airflow/example_dags/example_branch_operator_decorator.py
[2025-04-28T13:21:52.994+0000] {logging_mixin.py:188} INFO - [2025-04-28T13:21:52.994+0000] {dag.py:3033} INFO - Sync 1 DAGs
[2025-04-28T13:21:53.050+0000] {logging_mixin.py:188} INFO - [2025-04-28T13:21:53.049+0000] {dag.py:3820} INFO - Setting next_dagrun for example_branch_python_operator_decorator to 2025-04-27T00:00:00+00:00, run_after=2025-04-28T00:00:00+00:00
[2025-04-28T13:21:53.109+0000] {processor.py:183} INFO - Processing /home/airflow/.local/lib/python3.8/site-packages/airflow/example_dags/example_branch_operator_decorator.py took 0.348 seconds
[2025-04-28T13:22:23.615+0000] {processor.py:161} INFO - Started process (PID=15185) to work on /home/airflow/.local/lib/python3.8/site-packages/airflow/example_dags/example_branch_operator_decorator.py
[2025-04-28T13:22:23.617+0000] {processor.py:830} INFO - Processing file /home/airflow/.local/lib/python3.8/site-packages/airflow/example_dags/example_branch_operator_decorator.py for tasks to queue
[2025-04-28T13:22:23.620+0000] {logging_mixin.py:188} INFO - [2025-04-28T13:22:23.619+0000] {dagbag.py:538} INFO - Filling up the DagBag from /home/airflow/.local/lib/python3.8/site-packages/airflow/example_dags/example_branch_operator_decorator.py
[2025-04-28T13:22:23.678+0000] {processor.py:840} INFO - DAG(s) 'example_branch_python_operator_decorator' retrieved from /home/airflow/.local/lib/python3.8/site-packages/airflow/example_dags/example_branch_operator_decorator.py
[2025-04-28T13:22:23.767+0000] {logging_mixin.py:188} INFO - [2025-04-28T13:22:23.766+0000] {dag.py:3033} INFO - Sync 1 DAGs
[2025-04-28T13:22:23.831+0000] {logging_mixin.py:188} INFO - [2025-04-28T13:22:23.831+0000] {dag.py:3820} INFO - Setting next_dagrun for example_branch_python_operator_decorator to 2025-04-27T00:00:00+00:00, run_after=2025-04-28T00:00:00+00:00
[2025-04-28T13:22:23.912+0000] {processor.py:183} INFO - Processing /home/airflow/.local/lib/python3.8/site-packages/airflow/example_dags/example_branch_operator_decorator.py took 0.308 seconds
[2025-04-28T13:22:54.681+0000] {processor.py:161} INFO - Started process (PID=15241) to work on /home/airflow/.local/lib/python3.8/site-packages/airflow/example_dags/example_branch_operator_decorator.py
[2025-04-28T13:22:54.684+0000] {processor.py:830} INFO - Processing file /home/airflow/.local/lib/python3.8/site-packages/airflow/example_dags/example_branch_operator_decorator.py for tasks to queue
[2025-04-28T13:22:54.687+0000] {logging_mixin.py:188} INFO - [2025-04-28T13:22:54.686+0000] {dagbag.py:538} INFO - Filling up the DagBag from /home/airflow/.local/lib/python3.8/site-packages/airflow/example_dags/example_branch_operator_decorator.py
[2025-04-28T13:22:54.752+0000] {processor.py:840} INFO - DAG(s) 'example_branch_python_operator_decorator' retrieved from /home/airflow/.local/lib/python3.8/site-packages/airflow/example_dags/example_branch_operator_decorator.py
[2025-04-28T13:22:54.847+0000] {logging_mixin.py:188} INFO - [2025-04-28T13:22:54.846+0000] {dag.py:3033} INFO - Sync 1 DAGs
[2025-04-28T13:22:54.905+0000] {logging_mixin.py:188} INFO - [2025-04-28T13:22:54.904+0000] {dag.py:3820} INFO - Setting next_dagrun for example_branch_python_operator_decorator to 2025-04-27T00:00:00+00:00, run_after=2025-04-28T00:00:00+00:00
[2025-04-28T13:22:54.956+0000] {processor.py:183} INFO - Processing /home/airflow/.local/lib/python3.8/site-packages/airflow/example_dags/example_branch_operator_decorator.py took 0.286 seconds
[2025-04-28T13:23:26.138+0000] {processor.py:161} INFO - Started process (PID=15297) to work on /home/airflow/.local/lib/python3.8/site-packages/airflow/example_dags/example_branch_operator_decorator.py
[2025-04-28T13:23:26.141+0000] {processor.py:830} INFO - Processing file /home/airflow/.local/lib/python3.8/site-packages/airflow/example_dags/example_branch_operator_decorator.py for tasks to queue
[2025-04-28T13:23:26.148+0000] {logging_mixin.py:188} INFO - [2025-04-28T13:23:26.147+0000] {dagbag.py:538} INFO - Filling up the DagBag from /home/airflow/.local/lib/python3.8/site-packages/airflow/example_dags/example_branch_operator_decorator.py
[2025-04-28T13:23:26.218+0000] {processor.py:840} INFO - DAG(s) 'example_branch_python_operator_decorator' retrieved from /home/airflow/.local/lib/python3.8/site-packages/airflow/example_dags/example_branch_operator_decorator.py
[2025-04-28T13:23:26.306+0000] {logging_mixin.py:188} INFO - [2025-04-28T13:23:26.306+0000] {dag.py:3033} INFO - Sync 1 DAGs
[2025-04-28T13:23:26.359+0000] {logging_mixin.py:188} INFO - [2025-04-28T13:23:26.358+0000] {dag.py:3820} INFO - Setting next_dagrun for example_branch_python_operator_decorator to 2025-04-27T00:00:00+00:00, run_after=2025-04-28T00:00:00+00:00
[2025-04-28T13:23:26.422+0000] {processor.py:183} INFO - Processing /home/airflow/.local/lib/python3.8/site-packages/airflow/example_dags/example_branch_operator_decorator.py took 0.298 seconds
[2025-04-28T13:23:57.341+0000] {processor.py:161} INFO - Started process (PID=15353) to work on /home/airflow/.local/lib/python3.8/site-packages/airflow/example_dags/example_branch_operator_decorator.py
[2025-04-28T13:23:57.345+0000] {processor.py:830} INFO - Processing file /home/airflow/.local/lib/python3.8/site-packages/airflow/example_dags/example_branch_operator_decorator.py for tasks to queue
[2025-04-28T13:23:57.350+0000] {logging_mixin.py:188} INFO - [2025-04-28T13:23:57.349+0000] {dagbag.py:538} INFO - Filling up the DagBag from /home/airflow/.local/lib/python3.8/site-packages/airflow/example_dags/example_branch_operator_decorator.py
[2025-04-28T13:23:57.439+0000] {processor.py:840} INFO - DAG(s) 'example_branch_python_operator_decorator' retrieved from /home/airflow/.local/lib/python3.8/site-packages/airflow/example_dags/example_branch_operator_decorator.py
[2025-04-28T13:23:57.542+0000] {logging_mixin.py:188} INFO - [2025-04-28T13:23:57.541+0000] {dag.py:3033} INFO - Sync 1 DAGs
[2025-04-28T13:23:57.653+0000] {logging_mixin.py:188} INFO - [2025-04-28T13:23:57.652+0000] {dag.py:3820} INFO - Setting next_dagrun for example_branch_python_operator_decorator to 2025-04-27T00:00:00+00:00, run_after=2025-04-28T00:00:00+00:00
[2025-04-28T13:23:57.726+0000] {processor.py:183} INFO - Processing /home/airflow/.local/lib/python3.8/site-packages/airflow/example_dags/example_branch_operator_decorator.py took 0.397 seconds
[2025-04-28T13:24:28.948+0000] {processor.py:161} INFO - Started process (PID=15409) to work on /home/airflow/.local/lib/python3.8/site-packages/airflow/example_dags/example_branch_operator_decorator.py
[2025-04-28T13:24:28.951+0000] {processor.py:830} INFO - Processing file /home/airflow/.local/lib/python3.8/site-packages/airflow/example_dags/example_branch_operator_decorator.py for tasks to queue
[2025-04-28T13:24:28.953+0000] {logging_mixin.py:188} INFO - [2025-04-28T13:24:28.952+0000] {dagbag.py:538} INFO - Filling up the DagBag from /home/airflow/.local/lib/python3.8/site-packages/airflow/example_dags/example_branch_operator_decorator.py
[2025-04-28T13:24:29.015+0000] {processor.py:840} INFO - DAG(s) 'example_branch_python_operator_decorator' retrieved from /home/airflow/.local/lib/python3.8/site-packages/airflow/example_dags/example_branch_operator_decorator.py
[2025-04-28T13:24:29.097+0000] {logging_mixin.py:188} INFO - [2025-04-28T13:24:29.097+0000] {dag.py:3033} INFO - Sync 1 DAGs
[2025-04-28T13:24:29.164+0000] {logging_mixin.py:188} INFO - [2025-04-28T13:24:29.164+0000] {dag.py:3820} INFO - Setting next_dagrun for example_branch_python_operator_decorator to 2025-04-27T00:00:00+00:00, run_after=2025-04-28T00:00:00+00:00
[2025-04-28T13:24:29.309+0000] {processor.py:183} INFO - Processing /home/airflow/.local/lib/python3.8/site-packages/airflow/example_dags/example_branch_operator_decorator.py took 0.371 seconds
[2025-04-28T13:25:00.527+0000] {processor.py:161} INFO - Started process (PID=15465) to work on /home/airflow/.local/lib/python3.8/site-packages/airflow/example_dags/example_branch_operator_decorator.py
[2025-04-28T13:25:00.532+0000] {processor.py:830} INFO - Processing file /home/airflow/.local/lib/python3.8/site-packages/airflow/example_dags/example_branch_operator_decorator.py for tasks to queue
[2025-04-28T13:25:00.538+0000] {logging_mixin.py:188} INFO - [2025-04-28T13:25:00.537+0000] {dagbag.py:538} INFO - Filling up the DagBag from /home/airflow/.local/lib/python3.8/site-packages/airflow/example_dags/example_branch_operator_decorator.py
[2025-04-28T13:25:00.631+0000] {processor.py:840} INFO - DAG(s) 'example_branch_python_operator_decorator' retrieved from /home/airflow/.local/lib/python3.8/site-packages/airflow/example_dags/example_branch_operator_decorator.py
[2025-04-28T13:25:00.716+0000] {logging_mixin.py:188} INFO - [2025-04-28T13:25:00.715+0000] {dag.py:3033} INFO - Sync 1 DAGs
[2025-04-28T13:25:00.795+0000] {logging_mixin.py:188} INFO - [2025-04-28T13:25:00.794+0000] {dag.py:3820} INFO - Setting next_dagrun for example_branch_python_operator_decorator to 2025-04-27T00:00:00+00:00, run_after=2025-04-28T00:00:00+00:00
[2025-04-28T13:25:00.852+0000] {processor.py:183} INFO - Processing /home/airflow/.local/lib/python3.8/site-packages/airflow/example_dags/example_branch_operator_decorator.py took 0.334 seconds
[2025-04-28T13:25:31.401+0000] {processor.py:161} INFO - Started process (PID=15521) to work on /home/airflow/.local/lib/python3.8/site-packages/airflow/example_dags/example_branch_operator_decorator.py
[2025-04-28T13:25:31.403+0000] {processor.py:830} INFO - Processing file /home/airflow/.local/lib/python3.8/site-packages/airflow/example_dags/example_branch_operator_decorator.py for tasks to queue
[2025-04-28T13:25:31.406+0000] {logging_mixin.py:188} INFO - [2025-04-28T13:25:31.405+0000] {dagbag.py:538} INFO - Filling up the DagBag from /home/airflow/.local/lib/python3.8/site-packages/airflow/example_dags/example_branch_operator_decorator.py
[2025-04-28T13:25:31.461+0000] {processor.py:840} INFO - DAG(s) 'example_branch_python_operator_decorator' retrieved from /home/airflow/.local/lib/python3.8/site-packages/airflow/example_dags/example_branch_operator_decorator.py
[2025-04-28T13:25:31.540+0000] {logging_mixin.py:188} INFO - [2025-04-28T13:25:31.540+0000] {dag.py:3033} INFO - Sync 1 DAGs
[2025-04-28T13:25:31.611+0000] {logging_mixin.py:188} INFO - [2025-04-28T13:25:31.610+0000] {dag.py:3820} INFO - Setting next_dagrun for example_branch_python_operator_decorator to 2025-04-27T00:00:00+00:00, run_after=2025-04-28T00:00:00+00:00
[2025-04-28T13:25:31.657+0000] {processor.py:183} INFO - Processing /home/airflow/.local/lib/python3.8/site-packages/airflow/example_dags/example_branch_operator_decorator.py took 0.265 seconds
[2025-04-28T13:26:03.284+0000] {processor.py:161} INFO - Started process (PID=15577) to work on /home/airflow/.local/lib/python3.8/site-packages/airflow/example_dags/example_branch_operator_decorator.py
[2025-04-28T13:26:03.289+0000] {processor.py:830} INFO - Processing file /home/airflow/.local/lib/python3.8/site-packages/airflow/example_dags/example_branch_operator_decorator.py for tasks to queue
[2025-04-28T13:26:03.296+0000] {logging_mixin.py:188} INFO - [2025-04-28T13:26:03.295+0000] {dagbag.py:538} INFO - Filling up the DagBag from /home/airflow/.local/lib/python3.8/site-packages/airflow/example_dags/example_branch_operator_decorator.py
[2025-04-28T13:26:03.378+0000] {processor.py:840} INFO - DAG(s) 'example_branch_python_operator_decorator' retrieved from /home/airflow/.local/lib/python3.8/site-packages/airflow/example_dags/example_branch_operator_decorator.py
[2025-04-28T13:26:03.455+0000] {logging_mixin.py:188} INFO - [2025-04-28T13:26:03.455+0000] {dag.py:3033} INFO - Sync 1 DAGs
[2025-04-28T13:26:03.515+0000] {logging_mixin.py:188} INFO - [2025-04-28T13:26:03.514+0000] {dag.py:3820} INFO - Setting next_dagrun for example_branch_python_operator_decorator to 2025-04-27T00:00:00+00:00, run_after=2025-04-28T00:00:00+00:00
[2025-04-28T13:26:03.574+0000] {processor.py:183} INFO - Processing /home/airflow/.local/lib/python3.8/site-packages/airflow/example_dags/example_branch_operator_decorator.py took 0.308 seconds
[2025-04-28T13:26:34.287+0000] {processor.py:161} INFO - Started process (PID=15634) to work on /home/airflow/.local/lib/python3.8/site-packages/airflow/example_dags/example_branch_operator_decorator.py
[2025-04-28T13:26:34.289+0000] {processor.py:830} INFO - Processing file /home/airflow/.local/lib/python3.8/site-packages/airflow/example_dags/example_branch_operator_decorator.py for tasks to queue
[2025-04-28T13:26:34.292+0000] {logging_mixin.py:188} INFO - [2025-04-28T13:26:34.291+0000] {dagbag.py:538} INFO - Filling up the DagBag from /home/airflow/.local/lib/python3.8/site-packages/airflow/example_dags/example_branch_operator_decorator.py
[2025-04-28T13:26:34.337+0000] {processor.py:840} INFO - DAG(s) 'example_branch_python_operator_decorator' retrieved from /home/airflow/.local/lib/python3.8/site-packages/airflow/example_dags/example_branch_operator_decorator.py
[2025-04-28T13:26:34.411+0000] {logging_mixin.py:188} INFO - [2025-04-28T13:26:34.411+0000] {dag.py:3033} INFO - Sync 1 DAGs
[2025-04-28T13:26:34.474+0000] {logging_mixin.py:188} INFO - [2025-04-28T13:26:34.474+0000] {dag.py:3820} INFO - Setting next_dagrun for example_branch_python_operator_decorator to 2025-04-27T00:00:00+00:00, run_after=2025-04-28T00:00:00+00:00
[2025-04-28T13:26:34.523+0000] {processor.py:183} INFO - Processing /home/airflow/.local/lib/python3.8/site-packages/airflow/example_dags/example_branch_operator_decorator.py took 0.245 seconds
[2025-04-28T13:27:05.059+0000] {processor.py:161} INFO - Started process (PID=15691) to work on /home/airflow/.local/lib/python3.8/site-packages/airflow/example_dags/example_branch_operator_decorator.py
[2025-04-28T13:27:05.062+0000] {processor.py:830} INFO - Processing file /home/airflow/.local/lib/python3.8/site-packages/airflow/example_dags/example_branch_operator_decorator.py for tasks to queue
[2025-04-28T13:27:05.064+0000] {logging_mixin.py:188} INFO - [2025-04-28T13:27:05.063+0000] {dagbag.py:538} INFO - Filling up the DagBag from /home/airflow/.local/lib/python3.8/site-packages/airflow/example_dags/example_branch_operator_decorator.py
[2025-04-28T13:27:05.113+0000] {processor.py:840} INFO - DAG(s) 'example_branch_python_operator_decorator' retrieved from /home/airflow/.local/lib/python3.8/site-packages/airflow/example_dags/example_branch_operator_decorator.py
[2025-04-28T13:27:05.194+0000] {logging_mixin.py:188} INFO - [2025-04-28T13:27:05.194+0000] {dag.py:3033} INFO - Sync 1 DAGs
[2025-04-28T13:27:05.255+0000] {logging_mixin.py:188} INFO - [2025-04-28T13:27:05.254+0000] {dag.py:3820} INFO - Setting next_dagrun for example_branch_python_operator_decorator to 2025-04-27T00:00:00+00:00, run_after=2025-04-28T00:00:00+00:00
[2025-04-28T13:27:05.319+0000] {processor.py:183} INFO - Processing /home/airflow/.local/lib/python3.8/site-packages/airflow/example_dags/example_branch_operator_decorator.py took 0.267 seconds
[2025-04-28T13:27:36.681+0000] {processor.py:161} INFO - Started process (PID=15747) to work on /home/airflow/.local/lib/python3.8/site-packages/airflow/example_dags/example_branch_operator_decorator.py
[2025-04-28T13:27:36.691+0000] {processor.py:830} INFO - Processing file /home/airflow/.local/lib/python3.8/site-packages/airflow/example_dags/example_branch_operator_decorator.py for tasks to queue
[2025-04-28T13:27:36.693+0000] {logging_mixin.py:188} INFO - [2025-04-28T13:27:36.693+0000] {dagbag.py:538} INFO - Filling up the DagBag from /home/airflow/.local/lib/python3.8/site-packages/airflow/example_dags/example_branch_operator_decorator.py
[2025-04-28T13:27:36.758+0000] {processor.py:840} INFO - DAG(s) 'example_branch_python_operator_decorator' retrieved from /home/airflow/.local/lib/python3.8/site-packages/airflow/example_dags/example_branch_operator_decorator.py
[2025-04-28T13:27:36.860+0000] {logging_mixin.py:188} INFO - [2025-04-28T13:27:36.860+0000] {dag.py:3033} INFO - Sync 1 DAGs
[2025-04-28T13:27:36.920+0000] {logging_mixin.py:188} INFO - [2025-04-28T13:27:36.919+0000] {dag.py:3820} INFO - Setting next_dagrun for example_branch_python_operator_decorator to 2025-04-27T00:00:00+00:00, run_after=2025-04-28T00:00:00+00:00
[2025-04-28T13:27:36.973+0000] {processor.py:183} INFO - Processing /home/airflow/.local/lib/python3.8/site-packages/airflow/example_dags/example_branch_operator_decorator.py took 0.300 seconds
[2025-04-28T13:28:07.492+0000] {processor.py:161} INFO - Started process (PID=15803) to work on /home/airflow/.local/lib/python3.8/site-packages/airflow/example_dags/example_branch_operator_decorator.py
[2025-04-28T13:28:07.493+0000] {processor.py:830} INFO - Processing file /home/airflow/.local/lib/python3.8/site-packages/airflow/example_dags/example_branch_operator_decorator.py for tasks to queue
[2025-04-28T13:28:07.495+0000] {logging_mixin.py:188} INFO - [2025-04-28T13:28:07.495+0000] {dagbag.py:538} INFO - Filling up the DagBag from /home/airflow/.local/lib/python3.8/site-packages/airflow/example_dags/example_branch_operator_decorator.py
[2025-04-28T13:28:07.522+0000] {processor.py:840} INFO - DAG(s) 'example_branch_python_operator_decorator' retrieved from /home/airflow/.local/lib/python3.8/site-packages/airflow/example_dags/example_branch_operator_decorator.py
[2025-04-28T13:28:07.584+0000] {logging_mixin.py:188} INFO - [2025-04-28T13:28:07.584+0000] {dag.py:3033} INFO - Sync 1 DAGs
[2025-04-28T13:28:07.633+0000] {logging_mixin.py:188} INFO - [2025-04-28T13:28:07.633+0000] {dag.py:3820} INFO - Setting next_dagrun for example_branch_python_operator_decorator to 2025-04-27T00:00:00+00:00, run_after=2025-04-28T00:00:00+00:00
[2025-04-28T13:28:07.662+0000] {processor.py:183} INFO - Processing /home/airflow/.local/lib/python3.8/site-packages/airflow/example_dags/example_branch_operator_decorator.py took 0.175 seconds
[2025-04-28T13:28:38.346+0000] {processor.py:161} INFO - Started process (PID=15860) to work on /home/airflow/.local/lib/python3.8/site-packages/airflow/example_dags/example_branch_operator_decorator.py
[2025-04-28T13:28:38.347+0000] {processor.py:830} INFO - Processing file /home/airflow/.local/lib/python3.8/site-packages/airflow/example_dags/example_branch_operator_decorator.py for tasks to queue
[2025-04-28T13:28:38.349+0000] {logging_mixin.py:188} INFO - [2025-04-28T13:28:38.349+0000] {dagbag.py:538} INFO - Filling up the DagBag from /home/airflow/.local/lib/python3.8/site-packages/airflow/example_dags/example_branch_operator_decorator.py
[2025-04-28T13:28:38.380+0000] {processor.py:840} INFO - DAG(s) 'example_branch_python_operator_decorator' retrieved from /home/airflow/.local/lib/python3.8/site-packages/airflow/example_dags/example_branch_operator_decorator.py
[2025-04-28T13:28:38.425+0000] {logging_mixin.py:188} INFO - [2025-04-28T13:28:38.425+0000] {dag.py:3033} INFO - Sync 1 DAGs
[2025-04-28T13:28:38.463+0000] {logging_mixin.py:188} INFO - [2025-04-28T13:28:38.462+0000] {dag.py:3820} INFO - Setting next_dagrun for example_branch_python_operator_decorator to 2025-04-27T00:00:00+00:00, run_after=2025-04-28T00:00:00+00:00
[2025-04-28T13:28:38.495+0000] {processor.py:183} INFO - Processing /home/airflow/.local/lib/python3.8/site-packages/airflow/example_dags/example_branch_operator_decorator.py took 0.155 seconds
[2025-04-28T13:29:08.649+0000] {processor.py:161} INFO - Started process (PID=15916) to work on /home/airflow/.local/lib/python3.8/site-packages/airflow/example_dags/example_branch_operator_decorator.py
[2025-04-28T13:29:08.650+0000] {processor.py:830} INFO - Processing file /home/airflow/.local/lib/python3.8/site-packages/airflow/example_dags/example_branch_operator_decorator.py for tasks to queue
[2025-04-28T13:29:08.652+0000] {logging_mixin.py:188} INFO - [2025-04-28T13:29:08.651+0000] {dagbag.py:538} INFO - Filling up the DagBag from /home/airflow/.local/lib/python3.8/site-packages/airflow/example_dags/example_branch_operator_decorator.py
[2025-04-28T13:29:08.688+0000] {processor.py:840} INFO - DAG(s) 'example_branch_python_operator_decorator' retrieved from /home/airflow/.local/lib/python3.8/site-packages/airflow/example_dags/example_branch_operator_decorator.py
[2025-04-28T13:29:08.747+0000] {logging_mixin.py:188} INFO - [2025-04-28T13:29:08.746+0000] {dag.py:3033} INFO - Sync 1 DAGs
[2025-04-28T13:29:08.793+0000] {logging_mixin.py:188} INFO - [2025-04-28T13:29:08.793+0000] {dag.py:3820} INFO - Setting next_dagrun for example_branch_python_operator_decorator to 2025-04-27T00:00:00+00:00, run_after=2025-04-28T00:00:00+00:00
[2025-04-28T13:29:08.826+0000] {processor.py:183} INFO - Processing /home/airflow/.local/lib/python3.8/site-packages/airflow/example_dags/example_branch_operator_decorator.py took 0.183 seconds
[2025-04-28T13:29:39.350+0000] {processor.py:161} INFO - Started process (PID=15972) to work on /home/airflow/.local/lib/python3.8/site-packages/airflow/example_dags/example_branch_operator_decorator.py
[2025-04-28T13:29:39.351+0000] {processor.py:830} INFO - Processing file /home/airflow/.local/lib/python3.8/site-packages/airflow/example_dags/example_branch_operator_decorator.py for tasks to queue
[2025-04-28T13:29:39.353+0000] {logging_mixin.py:188} INFO - [2025-04-28T13:29:39.352+0000] {dagbag.py:538} INFO - Filling up the DagBag from /home/airflow/.local/lib/python3.8/site-packages/airflow/example_dags/example_branch_operator_decorator.py
[2025-04-28T13:29:39.381+0000] {processor.py:840} INFO - DAG(s) 'example_branch_python_operator_decorator' retrieved from /home/airflow/.local/lib/python3.8/site-packages/airflow/example_dags/example_branch_operator_decorator.py
[2025-04-28T13:29:39.423+0000] {logging_mixin.py:188} INFO - [2025-04-28T13:29:39.422+0000] {dag.py:3033} INFO - Sync 1 DAGs
[2025-04-28T13:29:39.454+0000] {logging_mixin.py:188} INFO - [2025-04-28T13:29:39.454+0000] {dag.py:3820} INFO - Setting next_dagrun for example_branch_python_operator_decorator to 2025-04-27T00:00:00+00:00, run_after=2025-04-28T00:00:00+00:00
[2025-04-28T13:29:39.484+0000] {processor.py:183} INFO - Processing /home/airflow/.local/lib/python3.8/site-packages/airflow/example_dags/example_branch_operator_decorator.py took 0.140 seconds
[2025-04-28T13:30:09.628+0000] {processor.py:161} INFO - Started process (PID=16029) to work on /home/airflow/.local/lib/python3.8/site-packages/airflow/example_dags/example_branch_operator_decorator.py
[2025-04-28T13:30:09.630+0000] {processor.py:830} INFO - Processing file /home/airflow/.local/lib/python3.8/site-packages/airflow/example_dags/example_branch_operator_decorator.py for tasks to queue
[2025-04-28T13:30:09.632+0000] {logging_mixin.py:188} INFO - [2025-04-28T13:30:09.632+0000] {dagbag.py:538} INFO - Filling up the DagBag from /home/airflow/.local/lib/python3.8/site-packages/airflow/example_dags/example_branch_operator_decorator.py
[2025-04-28T13:30:09.663+0000] {processor.py:840} INFO - DAG(s) 'example_branch_python_operator_decorator' retrieved from /home/airflow/.local/lib/python3.8/site-packages/airflow/example_dags/example_branch_operator_decorator.py
[2025-04-28T13:30:09.705+0000] {logging_mixin.py:188} INFO - [2025-04-28T13:30:09.704+0000] {dag.py:3033} INFO - Sync 1 DAGs
[2025-04-28T13:30:09.735+0000] {logging_mixin.py:188} INFO - [2025-04-28T13:30:09.735+0000] {dag.py:3820} INFO - Setting next_dagrun for example_branch_python_operator_decorator to 2025-04-27T00:00:00+00:00, run_after=2025-04-28T00:00:00+00:00
[2025-04-28T13:30:09.771+0000] {processor.py:183} INFO - Processing /home/airflow/.local/lib/python3.8/site-packages/airflow/example_dags/example_branch_operator_decorator.py took 0.147 seconds
[2025-04-28T13:30:40.282+0000] {processor.py:161} INFO - Started process (PID=16085) to work on /home/airflow/.local/lib/python3.8/site-packages/airflow/example_dags/example_branch_operator_decorator.py
[2025-04-28T13:30:40.283+0000] {processor.py:830} INFO - Processing file /home/airflow/.local/lib/python3.8/site-packages/airflow/example_dags/example_branch_operator_decorator.py for tasks to queue
[2025-04-28T13:30:40.286+0000] {logging_mixin.py:188} INFO - [2025-04-28T13:30:40.285+0000] {dagbag.py:538} INFO - Filling up the DagBag from /home/airflow/.local/lib/python3.8/site-packages/airflow/example_dags/example_branch_operator_decorator.py
[2025-04-28T13:30:40.312+0000] {processor.py:840} INFO - DAG(s) 'example_branch_python_operator_decorator' retrieved from /home/airflow/.local/lib/python3.8/site-packages/airflow/example_dags/example_branch_operator_decorator.py
[2025-04-28T13:30:40.367+0000] {logging_mixin.py:188} INFO - [2025-04-28T13:30:40.366+0000] {dag.py:3033} INFO - Sync 1 DAGs
[2025-04-28T13:30:40.401+0000] {logging_mixin.py:188} INFO - [2025-04-28T13:30:40.401+0000] {dag.py:3820} INFO - Setting next_dagrun for example_branch_python_operator_decorator to 2025-04-27T00:00:00+00:00, run_after=2025-04-28T00:00:00+00:00
[2025-04-28T13:30:40.432+0000] {processor.py:183} INFO - Processing /home/airflow/.local/lib/python3.8/site-packages/airflow/example_dags/example_branch_operator_decorator.py took 0.156 seconds
[2025-04-28T13:31:11.423+0000] {processor.py:161} INFO - Started process (PID=16141) to work on /home/airflow/.local/lib/python3.8/site-packages/airflow/example_dags/example_branch_operator_decorator.py
[2025-04-28T13:31:11.425+0000] {processor.py:830} INFO - Processing file /home/airflow/.local/lib/python3.8/site-packages/airflow/example_dags/example_branch_operator_decorator.py for tasks to queue
[2025-04-28T13:31:11.426+0000] {logging_mixin.py:188} INFO - [2025-04-28T13:31:11.426+0000] {dagbag.py:538} INFO - Filling up the DagBag from /home/airflow/.local/lib/python3.8/site-packages/airflow/example_dags/example_branch_operator_decorator.py
[2025-04-28T13:31:11.460+0000] {processor.py:840} INFO - DAG(s) 'example_branch_python_operator_decorator' retrieved from /home/airflow/.local/lib/python3.8/site-packages/airflow/example_dags/example_branch_operator_decorator.py
[2025-04-28T13:31:11.513+0000] {logging_mixin.py:188} INFO - [2025-04-28T13:31:11.513+0000] {dag.py:3033} INFO - Sync 1 DAGs
[2025-04-28T13:31:11.550+0000] {logging_mixin.py:188} INFO - [2025-04-28T13:31:11.550+0000] {dag.py:3820} INFO - Setting next_dagrun for example_branch_python_operator_decorator to 2025-04-27T00:00:00+00:00, run_after=2025-04-28T00:00:00+00:00
[2025-04-28T13:31:11.581+0000] {processor.py:183} INFO - Processing /home/airflow/.local/lib/python3.8/site-packages/airflow/example_dags/example_branch_operator_decorator.py took 0.164 seconds
[2025-04-28T13:31:41.907+0000] {processor.py:161} INFO - Started process (PID=16197) to work on /home/airflow/.local/lib/python3.8/site-packages/airflow/example_dags/example_branch_operator_decorator.py
[2025-04-28T13:31:41.909+0000] {processor.py:830} INFO - Processing file /home/airflow/.local/lib/python3.8/site-packages/airflow/example_dags/example_branch_operator_decorator.py for tasks to queue
[2025-04-28T13:31:41.911+0000] {logging_mixin.py:188} INFO - [2025-04-28T13:31:41.911+0000] {dagbag.py:538} INFO - Filling up the DagBag from /home/airflow/.local/lib/python3.8/site-packages/airflow/example_dags/example_branch_operator_decorator.py
[2025-04-28T13:31:41.942+0000] {processor.py:840} INFO - DAG(s) 'example_branch_python_operator_decorator' retrieved from /home/airflow/.local/lib/python3.8/site-packages/airflow/example_dags/example_branch_operator_decorator.py
[2025-04-28T13:31:41.985+0000] {logging_mixin.py:188} INFO - [2025-04-28T13:31:41.984+0000] {dag.py:3033} INFO - Sync 1 DAGs
[2025-04-28T13:31:42.018+0000] {logging_mixin.py:188} INFO - [2025-04-28T13:31:42.018+0000] {dag.py:3820} INFO - Setting next_dagrun for example_branch_python_operator_decorator to 2025-04-27T00:00:00+00:00, run_after=2025-04-28T00:00:00+00:00
[2025-04-28T13:31:42.048+0000] {processor.py:183} INFO - Processing /home/airflow/.local/lib/python3.8/site-packages/airflow/example_dags/example_branch_operator_decorator.py took 0.148 seconds
[2025-04-28T13:32:12.221+0000] {processor.py:161} INFO - Started process (PID=16253) to work on /home/airflow/.local/lib/python3.8/site-packages/airflow/example_dags/example_branch_operator_decorator.py
[2025-04-28T13:32:12.222+0000] {processor.py:830} INFO - Processing file /home/airflow/.local/lib/python3.8/site-packages/airflow/example_dags/example_branch_operator_decorator.py for tasks to queue
[2025-04-28T13:32:12.223+0000] {logging_mixin.py:188} INFO - [2025-04-28T13:32:12.223+0000] {dagbag.py:538} INFO - Filling up the DagBag from /home/airflow/.local/lib/python3.8/site-packages/airflow/example_dags/example_branch_operator_decorator.py
[2025-04-28T13:32:12.257+0000] {processor.py:840} INFO - DAG(s) 'example_branch_python_operator_decorator' retrieved from /home/airflow/.local/lib/python3.8/site-packages/airflow/example_dags/example_branch_operator_decorator.py
[2025-04-28T13:32:12.304+0000] {logging_mixin.py:188} INFO - [2025-04-28T13:32:12.304+0000] {dag.py:3033} INFO - Sync 1 DAGs
[2025-04-28T13:32:12.348+0000] {logging_mixin.py:188} INFO - [2025-04-28T13:32:12.348+0000] {dag.py:3820} INFO - Setting next_dagrun for example_branch_python_operator_decorator to 2025-04-27T00:00:00+00:00, run_after=2025-04-28T00:00:00+00:00
[2025-04-28T13:32:12.385+0000] {processor.py:183} INFO - Processing /home/airflow/.local/lib/python3.8/site-packages/airflow/example_dags/example_branch_operator_decorator.py took 0.169 seconds
[2025-04-28T13:32:42.486+0000] {processor.py:161} INFO - Started process (PID=16308) to work on /home/airflow/.local/lib/python3.8/site-packages/airflow/example_dags/example_branch_operator_decorator.py
[2025-04-28T13:32:42.488+0000] {processor.py:830} INFO - Processing file /home/airflow/.local/lib/python3.8/site-packages/airflow/example_dags/example_branch_operator_decorator.py for tasks to queue
[2025-04-28T13:32:42.489+0000] {logging_mixin.py:188} INFO - [2025-04-28T13:32:42.489+0000] {dagbag.py:538} INFO - Filling up the DagBag from /home/airflow/.local/lib/python3.8/site-packages/airflow/example_dags/example_branch_operator_decorator.py
[2025-04-28T13:32:42.517+0000] {processor.py:840} INFO - DAG(s) 'example_branch_python_operator_decorator' retrieved from /home/airflow/.local/lib/python3.8/site-packages/airflow/example_dags/example_branch_operator_decorator.py
[2025-04-28T13:32:42.563+0000] {logging_mixin.py:188} INFO - [2025-04-28T13:32:42.562+0000] {dag.py:3033} INFO - Sync 1 DAGs
[2025-04-28T13:32:42.603+0000] {logging_mixin.py:188} INFO - [2025-04-28T13:32:42.602+0000] {dag.py:3820} INFO - Setting next_dagrun for example_branch_python_operator_decorator to 2025-04-27T00:00:00+00:00, run_after=2025-04-28T00:00:00+00:00
[2025-04-28T13:32:42.632+0000] {processor.py:183} INFO - Processing /home/airflow/.local/lib/python3.8/site-packages/airflow/example_dags/example_branch_operator_decorator.py took 0.152 seconds
[2025-04-28T13:33:13.289+0000] {processor.py:161} INFO - Started process (PID=16365) to work on /home/airflow/.local/lib/python3.8/site-packages/airflow/example_dags/example_branch_operator_decorator.py
[2025-04-28T13:33:13.291+0000] {processor.py:830} INFO - Processing file /home/airflow/.local/lib/python3.8/site-packages/airflow/example_dags/example_branch_operator_decorator.py for tasks to queue
[2025-04-28T13:33:13.292+0000] {logging_mixin.py:188} INFO - [2025-04-28T13:33:13.292+0000] {dagbag.py:538} INFO - Filling up the DagBag from /home/airflow/.local/lib/python3.8/site-packages/airflow/example_dags/example_branch_operator_decorator.py
[2025-04-28T13:33:13.320+0000] {processor.py:840} INFO - DAG(s) 'example_branch_python_operator_decorator' retrieved from /home/airflow/.local/lib/python3.8/site-packages/airflow/example_dags/example_branch_operator_decorator.py
[2025-04-28T13:33:13.365+0000] {logging_mixin.py:188} INFO - [2025-04-28T13:33:13.365+0000] {dag.py:3033} INFO - Sync 1 DAGs
[2025-04-28T13:33:13.403+0000] {logging_mixin.py:188} INFO - [2025-04-28T13:33:13.402+0000] {dag.py:3820} INFO - Setting next_dagrun for example_branch_python_operator_decorator to 2025-04-27T00:00:00+00:00, run_after=2025-04-28T00:00:00+00:00
[2025-04-28T13:33:13.443+0000] {processor.py:183} INFO - Processing /home/airflow/.local/lib/python3.8/site-packages/airflow/example_dags/example_branch_operator_decorator.py took 0.159 seconds
[2025-04-28T13:33:45.165+0000] {processor.py:161} INFO - Started process (PID=16422) to work on /home/airflow/.local/lib/python3.8/site-packages/airflow/example_dags/example_branch_operator_decorator.py
[2025-04-28T13:33:45.186+0000] {processor.py:830} INFO - Processing file /home/airflow/.local/lib/python3.8/site-packages/airflow/example_dags/example_branch_operator_decorator.py for tasks to queue
[2025-04-28T13:33:45.194+0000] {logging_mixin.py:188} INFO - [2025-04-28T13:33:45.194+0000] {dagbag.py:538} INFO - Filling up the DagBag from /home/airflow/.local/lib/python3.8/site-packages/airflow/example_dags/example_branch_operator_decorator.py
[2025-04-28T13:33:45.316+0000] {processor.py:840} INFO - DAG(s) 'example_branch_python_operator_decorator' retrieved from /home/airflow/.local/lib/python3.8/site-packages/airflow/example_dags/example_branch_operator_decorator.py
[2025-04-28T13:33:45.556+0000] {logging_mixin.py:188} INFO - [2025-04-28T13:33:45.556+0000] {dag.py:3033} INFO - Sync 1 DAGs
[2025-04-28T13:33:45.677+0000] {logging_mixin.py:188} INFO - [2025-04-28T13:33:45.676+0000] {dag.py:3820} INFO - Setting next_dagrun for example_branch_python_operator_decorator to 2025-04-27T00:00:00+00:00, run_after=2025-04-28T00:00:00+00:00
[2025-04-28T13:33:45.841+0000] {processor.py:183} INFO - Processing /home/airflow/.local/lib/python3.8/site-packages/airflow/example_dags/example_branch_operator_decorator.py took 0.693 seconds
[2025-04-28T13:34:16.582+0000] {processor.py:161} INFO - Started process (PID=16478) to work on /home/airflow/.local/lib/python3.8/site-packages/airflow/example_dags/example_branch_operator_decorator.py
[2025-04-28T13:34:16.583+0000] {processor.py:830} INFO - Processing file /home/airflow/.local/lib/python3.8/site-packages/airflow/example_dags/example_branch_operator_decorator.py for tasks to queue
[2025-04-28T13:34:16.585+0000] {logging_mixin.py:188} INFO - [2025-04-28T13:34:16.585+0000] {dagbag.py:538} INFO - Filling up the DagBag from /home/airflow/.local/lib/python3.8/site-packages/airflow/example_dags/example_branch_operator_decorator.py
[2025-04-28T13:34:16.614+0000] {processor.py:840} INFO - DAG(s) 'example_branch_python_operator_decorator' retrieved from /home/airflow/.local/lib/python3.8/site-packages/airflow/example_dags/example_branch_operator_decorator.py
[2025-04-28T13:34:16.660+0000] {logging_mixin.py:188} INFO - [2025-04-28T13:34:16.660+0000] {dag.py:3033} INFO - Sync 1 DAGs
[2025-04-28T13:34:16.693+0000] {logging_mixin.py:188} INFO - [2025-04-28T13:34:16.692+0000] {dag.py:3820} INFO - Setting next_dagrun for example_branch_python_operator_decorator to 2025-04-27T00:00:00+00:00, run_after=2025-04-28T00:00:00+00:00
[2025-04-28T13:34:16.724+0000] {processor.py:183} INFO - Processing /home/airflow/.local/lib/python3.8/site-packages/airflow/example_dags/example_branch_operator_decorator.py took 0.148 seconds
[2025-04-28T13:34:47.329+0000] {processor.py:161} INFO - Started process (PID=16534) to work on /home/airflow/.local/lib/python3.8/site-packages/airflow/example_dags/example_branch_operator_decorator.py
[2025-04-28T13:34:47.331+0000] {processor.py:830} INFO - Processing file /home/airflow/.local/lib/python3.8/site-packages/airflow/example_dags/example_branch_operator_decorator.py for tasks to queue
[2025-04-28T13:34:47.333+0000] {logging_mixin.py:188} INFO - [2025-04-28T13:34:47.332+0000] {dagbag.py:538} INFO - Filling up the DagBag from /home/airflow/.local/lib/python3.8/site-packages/airflow/example_dags/example_branch_operator_decorator.py
[2025-04-28T13:34:47.376+0000] {processor.py:840} INFO - DAG(s) 'example_branch_python_operator_decorator' retrieved from /home/airflow/.local/lib/python3.8/site-packages/airflow/example_dags/example_branch_operator_decorator.py
[2025-04-28T13:34:47.448+0000] {logging_mixin.py:188} INFO - [2025-04-28T13:34:47.448+0000] {dag.py:3033} INFO - Sync 1 DAGs
[2025-04-28T13:34:47.503+0000] {logging_mixin.py:188} INFO - [2025-04-28T13:34:47.502+0000] {dag.py:3820} INFO - Setting next_dagrun for example_branch_python_operator_decorator to 2025-04-27T00:00:00+00:00, run_after=2025-04-28T00:00:00+00:00
[2025-04-28T13:34:47.543+0000] {processor.py:183} INFO - Processing /home/airflow/.local/lib/python3.8/site-packages/airflow/example_dags/example_branch_operator_decorator.py took 0.221 seconds
[2025-04-28T13:35:17.705+0000] {processor.py:161} INFO - Started process (PID=16590) to work on /home/airflow/.local/lib/python3.8/site-packages/airflow/example_dags/example_branch_operator_decorator.py
[2025-04-28T13:35:17.706+0000] {processor.py:830} INFO - Processing file /home/airflow/.local/lib/python3.8/site-packages/airflow/example_dags/example_branch_operator_decorator.py for tasks to queue
[2025-04-28T13:35:17.708+0000] {logging_mixin.py:188} INFO - [2025-04-28T13:35:17.707+0000] {dagbag.py:538} INFO - Filling up the DagBag from /home/airflow/.local/lib/python3.8/site-packages/airflow/example_dags/example_branch_operator_decorator.py
[2025-04-28T13:35:17.736+0000] {processor.py:840} INFO - DAG(s) 'example_branch_python_operator_decorator' retrieved from /home/airflow/.local/lib/python3.8/site-packages/airflow/example_dags/example_branch_operator_decorator.py
[2025-04-28T13:35:17.777+0000] {logging_mixin.py:188} INFO - [2025-04-28T13:35:17.777+0000] {dag.py:3033} INFO - Sync 1 DAGs
[2025-04-28T13:35:17.808+0000] {logging_mixin.py:188} INFO - [2025-04-28T13:35:17.808+0000] {dag.py:3820} INFO - Setting next_dagrun for example_branch_python_operator_decorator to 2025-04-27T00:00:00+00:00, run_after=2025-04-28T00:00:00+00:00
[2025-04-28T13:35:17.838+0000] {processor.py:183} INFO - Processing /home/airflow/.local/lib/python3.8/site-packages/airflow/example_dags/example_branch_operator_decorator.py took 0.138 seconds
[2025-04-28T13:35:48.251+0000] {processor.py:161} INFO - Started process (PID=16646) to work on /home/airflow/.local/lib/python3.8/site-packages/airflow/example_dags/example_branch_operator_decorator.py
[2025-04-28T13:35:48.253+0000] {processor.py:830} INFO - Processing file /home/airflow/.local/lib/python3.8/site-packages/airflow/example_dags/example_branch_operator_decorator.py for tasks to queue
[2025-04-28T13:35:48.254+0000] {logging_mixin.py:188} INFO - [2025-04-28T13:35:48.254+0000] {dagbag.py:538} INFO - Filling up the DagBag from /home/airflow/.local/lib/python3.8/site-packages/airflow/example_dags/example_branch_operator_decorator.py
[2025-04-28T13:35:48.281+0000] {processor.py:840} INFO - DAG(s) 'example_branch_python_operator_decorator' retrieved from /home/airflow/.local/lib/python3.8/site-packages/airflow/example_dags/example_branch_operator_decorator.py
[2025-04-28T13:35:48.327+0000] {logging_mixin.py:188} INFO - [2025-04-28T13:35:48.326+0000] {dag.py:3033} INFO - Sync 1 DAGs
[2025-04-28T13:35:48.359+0000] {logging_mixin.py:188} INFO - [2025-04-28T13:35:48.358+0000] {dag.py:3820} INFO - Setting next_dagrun for example_branch_python_operator_decorator to 2025-04-27T00:00:00+00:00, run_after=2025-04-28T00:00:00+00:00
[2025-04-28T13:35:48.391+0000] {processor.py:183} INFO - Processing /home/airflow/.local/lib/python3.8/site-packages/airflow/example_dags/example_branch_operator_decorator.py took 0.144 seconds
[2025-04-28T13:36:18.508+0000] {processor.py:161} INFO - Started process (PID=16702) to work on /home/airflow/.local/lib/python3.8/site-packages/airflow/example_dags/example_branch_operator_decorator.py
[2025-04-28T13:36:18.510+0000] {processor.py:830} INFO - Processing file /home/airflow/.local/lib/python3.8/site-packages/airflow/example_dags/example_branch_operator_decorator.py for tasks to queue
[2025-04-28T13:36:18.511+0000] {logging_mixin.py:188} INFO - [2025-04-28T13:36:18.511+0000] {dagbag.py:538} INFO - Filling up the DagBag from /home/airflow/.local/lib/python3.8/site-packages/airflow/example_dags/example_branch_operator_decorator.py
[2025-04-28T13:36:18.534+0000] {processor.py:840} INFO - DAG(s) 'example_branch_python_operator_decorator' retrieved from /home/airflow/.local/lib/python3.8/site-packages/airflow/example_dags/example_branch_operator_decorator.py
[2025-04-28T13:36:18.572+0000] {logging_mixin.py:188} INFO - [2025-04-28T13:36:18.572+0000] {dag.py:3033} INFO - Sync 1 DAGs
[2025-04-28T13:36:18.604+0000] {logging_mixin.py:188} INFO - [2025-04-28T13:36:18.604+0000] {dag.py:3820} INFO - Setting next_dagrun for example_branch_python_operator_decorator to 2025-04-27T00:00:00+00:00, run_after=2025-04-28T00:00:00+00:00
[2025-04-28T13:36:18.634+0000] {processor.py:183} INFO - Processing /home/airflow/.local/lib/python3.8/site-packages/airflow/example_dags/example_branch_operator_decorator.py took 0.129 seconds
[2025-04-28T13:36:48.768+0000] {processor.py:161} INFO - Started process (PID=16758) to work on /home/airflow/.local/lib/python3.8/site-packages/airflow/example_dags/example_branch_operator_decorator.py
[2025-04-28T13:36:48.769+0000] {processor.py:830} INFO - Processing file /home/airflow/.local/lib/python3.8/site-packages/airflow/example_dags/example_branch_operator_decorator.py for tasks to queue
[2025-04-28T13:36:48.771+0000] {logging_mixin.py:188} INFO - [2025-04-28T13:36:48.771+0000] {dagbag.py:538} INFO - Filling up the DagBag from /home/airflow/.local/lib/python3.8/site-packages/airflow/example_dags/example_branch_operator_decorator.py
[2025-04-28T13:36:48.801+0000] {processor.py:840} INFO - DAG(s) 'example_branch_python_operator_decorator' retrieved from /home/airflow/.local/lib/python3.8/site-packages/airflow/example_dags/example_branch_operator_decorator.py
[2025-04-28T13:36:48.862+0000] {logging_mixin.py:188} INFO - [2025-04-28T13:36:48.862+0000] {dag.py:3033} INFO - Sync 1 DAGs
[2025-04-28T13:36:48.918+0000] {logging_mixin.py:188} INFO - [2025-04-28T13:36:48.918+0000] {dag.py:3820} INFO - Setting next_dagrun for example_branch_python_operator_decorator to 2025-04-27T00:00:00+00:00, run_after=2025-04-28T00:00:00+00:00
[2025-04-28T13:36:48.951+0000] {processor.py:183} INFO - Processing /home/airflow/.local/lib/python3.8/site-packages/airflow/example_dags/example_branch_operator_decorator.py took 0.188 seconds
[2025-04-28T13:37:19.327+0000] {processor.py:161} INFO - Started process (PID=16814) to work on /home/airflow/.local/lib/python3.8/site-packages/airflow/example_dags/example_branch_operator_decorator.py
[2025-04-28T13:37:19.330+0000] {processor.py:830} INFO - Processing file /home/airflow/.local/lib/python3.8/site-packages/airflow/example_dags/example_branch_operator_decorator.py for tasks to queue
[2025-04-28T13:37:19.331+0000] {logging_mixin.py:188} INFO - [2025-04-28T13:37:19.331+0000] {dagbag.py:538} INFO - Filling up the DagBag from /home/airflow/.local/lib/python3.8/site-packages/airflow/example_dags/example_branch_operator_decorator.py
[2025-04-28T13:37:19.399+0000] {processor.py:840} INFO - DAG(s) 'example_branch_python_operator_decorator' retrieved from /home/airflow/.local/lib/python3.8/site-packages/airflow/example_dags/example_branch_operator_decorator.py
[2025-04-28T13:37:19.491+0000] {logging_mixin.py:188} INFO - [2025-04-28T13:37:19.489+0000] {dag.py:3033} INFO - Sync 1 DAGs
[2025-04-28T13:37:19.605+0000] {logging_mixin.py:188} INFO - [2025-04-28T13:37:19.604+0000] {dag.py:3820} INFO - Setting next_dagrun for example_branch_python_operator_decorator to 2025-04-27T00:00:00+00:00, run_after=2025-04-28T00:00:00+00:00
[2025-04-28T13:37:19.698+0000] {processor.py:183} INFO - Processing /home/airflow/.local/lib/python3.8/site-packages/airflow/example_dags/example_branch_operator_decorator.py took 0.380 seconds
[2025-04-28T13:37:50.626+0000] {processor.py:161} INFO - Started process (PID=16870) to work on /home/airflow/.local/lib/python3.8/site-packages/airflow/example_dags/example_branch_operator_decorator.py
[2025-04-28T13:37:50.627+0000] {processor.py:830} INFO - Processing file /home/airflow/.local/lib/python3.8/site-packages/airflow/example_dags/example_branch_operator_decorator.py for tasks to queue
[2025-04-28T13:37:50.629+0000] {logging_mixin.py:188} INFO - [2025-04-28T13:37:50.629+0000] {dagbag.py:538} INFO - Filling up the DagBag from /home/airflow/.local/lib/python3.8/site-packages/airflow/example_dags/example_branch_operator_decorator.py
[2025-04-28T13:37:50.653+0000] {processor.py:840} INFO - DAG(s) 'example_branch_python_operator_decorator' retrieved from /home/airflow/.local/lib/python3.8/site-packages/airflow/example_dags/example_branch_operator_decorator.py
[2025-04-28T13:37:50.700+0000] {logging_mixin.py:188} INFO - [2025-04-28T13:37:50.699+0000] {dag.py:3033} INFO - Sync 1 DAGs
[2025-04-28T13:37:50.737+0000] {logging_mixin.py:188} INFO - [2025-04-28T13:37:50.736+0000] {dag.py:3820} INFO - Setting next_dagrun for example_branch_python_operator_decorator to 2025-04-27T00:00:00+00:00, run_after=2025-04-28T00:00:00+00:00
[2025-04-28T13:37:50.764+0000] {processor.py:183} INFO - Processing /home/airflow/.local/lib/python3.8/site-packages/airflow/example_dags/example_branch_operator_decorator.py took 0.143 seconds
[2025-04-28T13:38:21.267+0000] {processor.py:161} INFO - Started process (PID=16926) to work on /home/airflow/.local/lib/python3.8/site-packages/airflow/example_dags/example_branch_operator_decorator.py
[2025-04-28T13:38:21.269+0000] {processor.py:830} INFO - Processing file /home/airflow/.local/lib/python3.8/site-packages/airflow/example_dags/example_branch_operator_decorator.py for tasks to queue
[2025-04-28T13:38:21.271+0000] {logging_mixin.py:188} INFO - [2025-04-28T13:38:21.270+0000] {dagbag.py:538} INFO - Filling up the DagBag from /home/airflow/.local/lib/python3.8/site-packages/airflow/example_dags/example_branch_operator_decorator.py
[2025-04-28T13:38:21.299+0000] {processor.py:840} INFO - DAG(s) 'example_branch_python_operator_decorator' retrieved from /home/airflow/.local/lib/python3.8/site-packages/airflow/example_dags/example_branch_operator_decorator.py
[2025-04-28T13:38:21.348+0000] {logging_mixin.py:188} INFO - [2025-04-28T13:38:21.347+0000] {dag.py:3033} INFO - Sync 1 DAGs
[2025-04-28T13:38:21.386+0000] {logging_mixin.py:188} INFO - [2025-04-28T13:38:21.386+0000] {dag.py:3820} INFO - Setting next_dagrun for example_branch_python_operator_decorator to 2025-04-27T00:00:00+00:00, run_after=2025-04-28T00:00:00+00:00
[2025-04-28T13:38:21.429+0000] {processor.py:183} INFO - Processing /home/airflow/.local/lib/python3.8/site-packages/airflow/example_dags/example_branch_operator_decorator.py took 0.166 seconds
[2025-04-28T13:38:52.255+0000] {processor.py:161} INFO - Started process (PID=16982) to work on /home/airflow/.local/lib/python3.8/site-packages/airflow/example_dags/example_branch_operator_decorator.py
[2025-04-28T13:38:52.260+0000] {processor.py:830} INFO - Processing file /home/airflow/.local/lib/python3.8/site-packages/airflow/example_dags/example_branch_operator_decorator.py for tasks to queue
[2025-04-28T13:38:52.261+0000] {logging_mixin.py:188} INFO - [2025-04-28T13:38:52.261+0000] {dagbag.py:538} INFO - Filling up the DagBag from /home/airflow/.local/lib/python3.8/site-packages/airflow/example_dags/example_branch_operator_decorator.py
[2025-04-28T13:38:52.307+0000] {processor.py:840} INFO - DAG(s) 'example_branch_python_operator_decorator' retrieved from /home/airflow/.local/lib/python3.8/site-packages/airflow/example_dags/example_branch_operator_decorator.py
[2025-04-28T13:38:52.375+0000] {logging_mixin.py:188} INFO - [2025-04-28T13:38:52.375+0000] {dag.py:3033} INFO - Sync 1 DAGs
[2025-04-28T13:38:52.469+0000] {logging_mixin.py:188} INFO - [2025-04-28T13:38:52.469+0000] {dag.py:3820} INFO - Setting next_dagrun for example_branch_python_operator_decorator to 2025-04-27T00:00:00+00:00, run_after=2025-04-28T00:00:00+00:00
[2025-04-28T13:38:52.521+0000] {processor.py:183} INFO - Processing /home/airflow/.local/lib/python3.8/site-packages/airflow/example_dags/example_branch_operator_decorator.py took 0.271 seconds
[2025-04-28T13:39:24.802+0000] {processor.py:161} INFO - Started process (PID=17038) to work on /home/airflow/.local/lib/python3.8/site-packages/airflow/example_dags/example_branch_operator_decorator.py
[2025-04-28T13:39:24.804+0000] {processor.py:830} INFO - Processing file /home/airflow/.local/lib/python3.8/site-packages/airflow/example_dags/example_branch_operator_decorator.py for tasks to queue
[2025-04-28T13:39:24.807+0000] {logging_mixin.py:188} INFO - [2025-04-28T13:39:24.806+0000] {dagbag.py:538} INFO - Filling up the DagBag from /home/airflow/.local/lib/python3.8/site-packages/airflow/example_dags/example_branch_operator_decorator.py
[2025-04-28T13:39:24.847+0000] {processor.py:840} INFO - DAG(s) 'example_branch_python_operator_decorator' retrieved from /home/airflow/.local/lib/python3.8/site-packages/airflow/example_dags/example_branch_operator_decorator.py
[2025-04-28T13:39:24.896+0000] {logging_mixin.py:188} INFO - [2025-04-28T13:39:24.895+0000] {dag.py:3033} INFO - Sync 1 DAGs
[2025-04-28T13:39:24.939+0000] {logging_mixin.py:188} INFO - [2025-04-28T13:39:24.938+0000] {dag.py:3820} INFO - Setting next_dagrun for example_branch_python_operator_decorator to 2025-04-27T00:00:00+00:00, run_after=2025-04-28T00:00:00+00:00
[2025-04-28T13:39:24.975+0000] {processor.py:183} INFO - Processing /home/airflow/.local/lib/python3.8/site-packages/airflow/example_dags/example_branch_operator_decorator.py took 0.182 seconds
[2025-04-28T13:39:56.773+0000] {processor.py:161} INFO - Started process (PID=17094) to work on /home/airflow/.local/lib/python3.8/site-packages/airflow/example_dags/example_branch_operator_decorator.py
[2025-04-28T13:39:56.774+0000] {processor.py:830} INFO - Processing file /home/airflow/.local/lib/python3.8/site-packages/airflow/example_dags/example_branch_operator_decorator.py for tasks to queue
[2025-04-28T13:39:56.776+0000] {logging_mixin.py:188} INFO - [2025-04-28T13:39:56.775+0000] {dagbag.py:538} INFO - Filling up the DagBag from /home/airflow/.local/lib/python3.8/site-packages/airflow/example_dags/example_branch_operator_decorator.py
[2025-04-28T13:39:56.805+0000] {processor.py:840} INFO - DAG(s) 'example_branch_python_operator_decorator' retrieved from /home/airflow/.local/lib/python3.8/site-packages/airflow/example_dags/example_branch_operator_decorator.py
[2025-04-28T13:39:56.872+0000] {logging_mixin.py:188} INFO - [2025-04-28T13:39:56.872+0000] {dag.py:3033} INFO - Sync 1 DAGs
[2025-04-28T13:39:56.926+0000] {logging_mixin.py:188} INFO - [2025-04-28T13:39:56.926+0000] {dag.py:3820} INFO - Setting next_dagrun for example_branch_python_operator_decorator to 2025-04-27T00:00:00+00:00, run_after=2025-04-28T00:00:00+00:00
[2025-04-28T13:39:56.982+0000] {processor.py:183} INFO - Processing /home/airflow/.local/lib/python3.8/site-packages/airflow/example_dags/example_branch_operator_decorator.py took 0.213 seconds
[2025-04-28T13:40:29.247+0000] {processor.py:161} INFO - Started process (PID=17147) to work on /home/airflow/.local/lib/python3.8/site-packages/airflow/example_dags/example_branch_operator_decorator.py
[2025-04-28T13:40:29.249+0000] {processor.py:830} INFO - Processing file /home/airflow/.local/lib/python3.8/site-packages/airflow/example_dags/example_branch_operator_decorator.py for tasks to queue
[2025-04-28T13:40:29.251+0000] {logging_mixin.py:188} INFO - [2025-04-28T13:40:29.250+0000] {dagbag.py:538} INFO - Filling up the DagBag from /home/airflow/.local/lib/python3.8/site-packages/airflow/example_dags/example_branch_operator_decorator.py
[2025-04-28T13:40:29.301+0000] {processor.py:840} INFO - DAG(s) 'example_branch_python_operator_decorator' retrieved from /home/airflow/.local/lib/python3.8/site-packages/airflow/example_dags/example_branch_operator_decorator.py
[2025-04-28T13:40:29.362+0000] {logging_mixin.py:188} INFO - [2025-04-28T13:40:29.361+0000] {dag.py:3033} INFO - Sync 1 DAGs
[2025-04-28T13:40:29.400+0000] {logging_mixin.py:188} INFO - [2025-04-28T13:40:29.400+0000] {dag.py:3820} INFO - Setting next_dagrun for example_branch_python_operator_decorator to 2025-04-27T00:00:00+00:00, run_after=2025-04-28T00:00:00+00:00
[2025-04-28T13:40:29.432+0000] {processor.py:183} INFO - Processing /home/airflow/.local/lib/python3.8/site-packages/airflow/example_dags/example_branch_operator_decorator.py took 0.190 seconds
[2025-04-28T13:41:02.752+0000] {processor.py:161} INFO - Started process (PID=17205) to work on /home/airflow/.local/lib/python3.8/site-packages/airflow/example_dags/example_branch_operator_decorator.py
[2025-04-28T13:41:02.754+0000] {processor.py:830} INFO - Processing file /home/airflow/.local/lib/python3.8/site-packages/airflow/example_dags/example_branch_operator_decorator.py for tasks to queue
[2025-04-28T13:41:02.755+0000] {logging_mixin.py:188} INFO - [2025-04-28T13:41:02.755+0000] {dagbag.py:538} INFO - Filling up the DagBag from /home/airflow/.local/lib/python3.8/site-packages/airflow/example_dags/example_branch_operator_decorator.py
[2025-04-28T13:41:02.789+0000] {processor.py:840} INFO - DAG(s) 'example_branch_python_operator_decorator' retrieved from /home/airflow/.local/lib/python3.8/site-packages/airflow/example_dags/example_branch_operator_decorator.py
[2025-04-28T13:41:02.837+0000] {logging_mixin.py:188} INFO - [2025-04-28T13:41:02.837+0000] {dag.py:3033} INFO - Sync 1 DAGs
[2025-04-28T13:41:02.868+0000] {logging_mixin.py:188} INFO - [2025-04-28T13:41:02.868+0000] {dag.py:3820} INFO - Setting next_dagrun for example_branch_python_operator_decorator to 2025-04-27T00:00:00+00:00, run_after=2025-04-28T00:00:00+00:00
[2025-04-28T13:41:02.895+0000] {processor.py:183} INFO - Processing /home/airflow/.local/lib/python3.8/site-packages/airflow/example_dags/example_branch_operator_decorator.py took 0.147 seconds
[2025-04-28T13:41:36.139+0000] {processor.py:161} INFO - Started process (PID=17261) to work on /home/airflow/.local/lib/python3.8/site-packages/airflow/example_dags/example_branch_operator_decorator.py
[2025-04-28T13:41:36.140+0000] {processor.py:830} INFO - Processing file /home/airflow/.local/lib/python3.8/site-packages/airflow/example_dags/example_branch_operator_decorator.py for tasks to queue
[2025-04-28T13:41:36.142+0000] {logging_mixin.py:188} INFO - [2025-04-28T13:41:36.142+0000] {dagbag.py:538} INFO - Filling up the DagBag from /home/airflow/.local/lib/python3.8/site-packages/airflow/example_dags/example_branch_operator_decorator.py
[2025-04-28T13:41:36.177+0000] {processor.py:840} INFO - DAG(s) 'example_branch_python_operator_decorator' retrieved from /home/airflow/.local/lib/python3.8/site-packages/airflow/example_dags/example_branch_operator_decorator.py
[2025-04-28T13:41:36.231+0000] {logging_mixin.py:188} INFO - [2025-04-28T13:41:36.231+0000] {dag.py:3033} INFO - Sync 1 DAGs
[2025-04-28T13:41:36.268+0000] {logging_mixin.py:188} INFO - [2025-04-28T13:41:36.268+0000] {dag.py:3820} INFO - Setting next_dagrun for example_branch_python_operator_decorator to 2025-04-27T00:00:00+00:00, run_after=2025-04-28T00:00:00+00:00
[2025-04-28T13:41:36.299+0000] {processor.py:183} INFO - Processing /home/airflow/.local/lib/python3.8/site-packages/airflow/example_dags/example_branch_operator_decorator.py took 0.165 seconds
[2025-04-28T13:42:08.708+0000] {processor.py:161} INFO - Started process (PID=17317) to work on /home/airflow/.local/lib/python3.8/site-packages/airflow/example_dags/example_branch_operator_decorator.py
[2025-04-28T13:42:08.710+0000] {processor.py:830} INFO - Processing file /home/airflow/.local/lib/python3.8/site-packages/airflow/example_dags/example_branch_operator_decorator.py for tasks to queue
[2025-04-28T13:42:08.712+0000] {logging_mixin.py:188} INFO - [2025-04-28T13:42:08.711+0000] {dagbag.py:538} INFO - Filling up the DagBag from /home/airflow/.local/lib/python3.8/site-packages/airflow/example_dags/example_branch_operator_decorator.py
[2025-04-28T13:42:08.753+0000] {processor.py:840} INFO - DAG(s) 'example_branch_python_operator_decorator' retrieved from /home/airflow/.local/lib/python3.8/site-packages/airflow/example_dags/example_branch_operator_decorator.py
[2025-04-28T13:42:08.801+0000] {logging_mixin.py:188} INFO - [2025-04-28T13:42:08.801+0000] {dag.py:3033} INFO - Sync 1 DAGs
[2025-04-28T13:42:08.852+0000] {logging_mixin.py:188} INFO - [2025-04-28T13:42:08.851+0000] {dag.py:3820} INFO - Setting next_dagrun for example_branch_python_operator_decorator to 2025-04-27T00:00:00+00:00, run_after=2025-04-28T00:00:00+00:00
[2025-04-28T13:42:09.059+0000] {processor.py:183} INFO - Processing /home/airflow/.local/lib/python3.8/site-packages/airflow/example_dags/example_branch_operator_decorator.py took 0.357 seconds
[2025-04-28T13:42:43.804+0000] {processor.py:161} INFO - Started process (PID=17386) to work on /home/airflow/.local/lib/python3.8/site-packages/airflow/example_dags/example_branch_operator_decorator.py
[2025-04-28T13:42:43.806+0000] {processor.py:830} INFO - Processing file /home/airflow/.local/lib/python3.8/site-packages/airflow/example_dags/example_branch_operator_decorator.py for tasks to queue
[2025-04-28T13:42:43.808+0000] {logging_mixin.py:188} INFO - [2025-04-28T13:42:43.807+0000] {dagbag.py:538} INFO - Filling up the DagBag from /home/airflow/.local/lib/python3.8/site-packages/airflow/example_dags/example_branch_operator_decorator.py
[2025-04-28T13:42:43.843+0000] {processor.py:840} INFO - DAG(s) 'example_branch_python_operator_decorator' retrieved from /home/airflow/.local/lib/python3.8/site-packages/airflow/example_dags/example_branch_operator_decorator.py
[2025-04-28T13:42:43.931+0000] {logging_mixin.py:188} INFO - [2025-04-28T13:42:43.930+0000] {dag.py:3033} INFO - Sync 1 DAGs
[2025-04-28T13:42:43.984+0000] {logging_mixin.py:188} INFO - [2025-04-28T13:42:43.984+0000] {dag.py:3820} INFO - Setting next_dagrun for example_branch_python_operator_decorator to 2025-04-27T00:00:00+00:00, run_after=2025-04-28T00:00:00+00:00
[2025-04-28T13:42:44.021+0000] {processor.py:183} INFO - Processing /home/airflow/.local/lib/python3.8/site-packages/airflow/example_dags/example_branch_operator_decorator.py took 0.224 seconds
[2025-04-28T13:43:17.697+0000] {processor.py:161} INFO - Started process (PID=17446) to work on /home/airflow/.local/lib/python3.8/site-packages/airflow/example_dags/example_branch_operator_decorator.py
[2025-04-28T13:43:17.699+0000] {processor.py:830} INFO - Processing file /home/airflow/.local/lib/python3.8/site-packages/airflow/example_dags/example_branch_operator_decorator.py for tasks to queue
[2025-04-28T13:43:17.701+0000] {logging_mixin.py:188} INFO - [2025-04-28T13:43:17.701+0000] {dagbag.py:538} INFO - Filling up the DagBag from /home/airflow/.local/lib/python3.8/site-packages/airflow/example_dags/example_branch_operator_decorator.py
[2025-04-28T13:43:17.744+0000] {processor.py:840} INFO - DAG(s) 'example_branch_python_operator_decorator' retrieved from /home/airflow/.local/lib/python3.8/site-packages/airflow/example_dags/example_branch_operator_decorator.py
[2025-04-28T13:43:17.805+0000] {logging_mixin.py:188} INFO - [2025-04-28T13:43:17.804+0000] {dag.py:3033} INFO - Sync 1 DAGs
[2025-04-28T13:43:17.855+0000] {logging_mixin.py:188} INFO - [2025-04-28T13:43:17.855+0000] {dag.py:3820} INFO - Setting next_dagrun for example_branch_python_operator_decorator to 2025-04-27T00:00:00+00:00, run_after=2025-04-28T00:00:00+00:00
[2025-04-28T13:43:17.889+0000] {processor.py:183} INFO - Processing /home/airflow/.local/lib/python3.8/site-packages/airflow/example_dags/example_branch_operator_decorator.py took 0.198 seconds
[2025-04-28T13:43:49.734+0000] {processor.py:161} INFO - Started process (PID=17503) to work on /home/airflow/.local/lib/python3.8/site-packages/airflow/example_dags/example_branch_operator_decorator.py
[2025-04-28T13:43:49.736+0000] {processor.py:830} INFO - Processing file /home/airflow/.local/lib/python3.8/site-packages/airflow/example_dags/example_branch_operator_decorator.py for tasks to queue
[2025-04-28T13:43:49.738+0000] {logging_mixin.py:188} INFO - [2025-04-28T13:43:49.737+0000] {dagbag.py:538} INFO - Filling up the DagBag from /home/airflow/.local/lib/python3.8/site-packages/airflow/example_dags/example_branch_operator_decorator.py
[2025-04-28T13:43:49.769+0000] {processor.py:840} INFO - DAG(s) 'example_branch_python_operator_decorator' retrieved from /home/airflow/.local/lib/python3.8/site-packages/airflow/example_dags/example_branch_operator_decorator.py
[2025-04-28T13:43:49.819+0000] {logging_mixin.py:188} INFO - [2025-04-28T13:43:49.818+0000] {dag.py:3033} INFO - Sync 1 DAGs
[2025-04-28T13:43:49.855+0000] {logging_mixin.py:188} INFO - [2025-04-28T13:43:49.855+0000] {dag.py:3820} INFO - Setting next_dagrun for example_branch_python_operator_decorator to 2025-04-27T00:00:00+00:00, run_after=2025-04-28T00:00:00+00:00
[2025-04-28T13:43:49.891+0000] {processor.py:183} INFO - Processing /home/airflow/.local/lib/python3.8/site-packages/airflow/example_dags/example_branch_operator_decorator.py took 0.162 seconds
[2025-04-28T13:44:24.495+0000] {processor.py:161} INFO - Started process (PID=17560) to work on /home/airflow/.local/lib/python3.8/site-packages/airflow/example_dags/example_branch_operator_decorator.py
[2025-04-28T13:44:24.496+0000] {processor.py:830} INFO - Processing file /home/airflow/.local/lib/python3.8/site-packages/airflow/example_dags/example_branch_operator_decorator.py for tasks to queue
[2025-04-28T13:44:24.498+0000] {logging_mixin.py:188} INFO - [2025-04-28T13:44:24.498+0000] {dagbag.py:538} INFO - Filling up the DagBag from /home/airflow/.local/lib/python3.8/site-packages/airflow/example_dags/example_branch_operator_decorator.py
[2025-04-28T13:44:24.542+0000] {processor.py:840} INFO - DAG(s) 'example_branch_python_operator_decorator' retrieved from /home/airflow/.local/lib/python3.8/site-packages/airflow/example_dags/example_branch_operator_decorator.py
[2025-04-28T13:44:24.630+0000] {logging_mixin.py:188} INFO - [2025-04-28T13:44:24.630+0000] {dag.py:3033} INFO - Sync 1 DAGs
[2025-04-28T13:44:24.670+0000] {logging_mixin.py:188} INFO - [2025-04-28T13:44:24.669+0000] {dag.py:3820} INFO - Setting next_dagrun for example_branch_python_operator_decorator to 2025-04-27T00:00:00+00:00, run_after=2025-04-28T00:00:00+00:00
[2025-04-28T13:44:24.877+0000] {processor.py:183} INFO - Processing /home/airflow/.local/lib/python3.8/site-packages/airflow/example_dags/example_branch_operator_decorator.py took 0.387 seconds
[2025-04-28T13:44:56.477+0000] {processor.py:161} INFO - Started process (PID=17616) to work on /home/airflow/.local/lib/python3.8/site-packages/airflow/example_dags/example_branch_operator_decorator.py
[2025-04-28T13:44:56.478+0000] {processor.py:830} INFO - Processing file /home/airflow/.local/lib/python3.8/site-packages/airflow/example_dags/example_branch_operator_decorator.py for tasks to queue
[2025-04-28T13:44:56.480+0000] {logging_mixin.py:188} INFO - [2025-04-28T13:44:56.480+0000] {dagbag.py:538} INFO - Filling up the DagBag from /home/airflow/.local/lib/python3.8/site-packages/airflow/example_dags/example_branch_operator_decorator.py
[2025-04-28T13:44:56.519+0000] {processor.py:840} INFO - DAG(s) 'example_branch_python_operator_decorator' retrieved from /home/airflow/.local/lib/python3.8/site-packages/airflow/example_dags/example_branch_operator_decorator.py
[2025-04-28T13:44:56.569+0000] {logging_mixin.py:188} INFO - [2025-04-28T13:44:56.568+0000] {dag.py:3033} INFO - Sync 1 DAGs
[2025-04-28T13:44:56.650+0000] {logging_mixin.py:188} INFO - [2025-04-28T13:44:56.650+0000] {dag.py:3820} INFO - Setting next_dagrun for example_branch_python_operator_decorator to 2025-04-27T00:00:00+00:00, run_after=2025-04-28T00:00:00+00:00
[2025-04-28T13:44:56.705+0000] {processor.py:183} INFO - Processing /home/airflow/.local/lib/python3.8/site-packages/airflow/example_dags/example_branch_operator_decorator.py took 0.234 seconds
[2025-04-28T13:45:30.736+0000] {processor.py:161} INFO - Started process (PID=17672) to work on /home/airflow/.local/lib/python3.8/site-packages/airflow/example_dags/example_branch_operator_decorator.py
[2025-04-28T13:45:30.738+0000] {processor.py:830} INFO - Processing file /home/airflow/.local/lib/python3.8/site-packages/airflow/example_dags/example_branch_operator_decorator.py for tasks to queue
[2025-04-28T13:45:30.739+0000] {logging_mixin.py:188} INFO - [2025-04-28T13:45:30.739+0000] {dagbag.py:538} INFO - Filling up the DagBag from /home/airflow/.local/lib/python3.8/site-packages/airflow/example_dags/example_branch_operator_decorator.py
[2025-04-28T13:45:30.766+0000] {processor.py:840} INFO - DAG(s) 'example_branch_python_operator_decorator' retrieved from /home/airflow/.local/lib/python3.8/site-packages/airflow/example_dags/example_branch_operator_decorator.py
[2025-04-28T13:45:30.811+0000] {logging_mixin.py:188} INFO - [2025-04-28T13:45:30.811+0000] {dag.py:3033} INFO - Sync 1 DAGs
[2025-04-28T13:45:30.852+0000] {logging_mixin.py:188} INFO - [2025-04-28T13:45:30.851+0000] {dag.py:3820} INFO - Setting next_dagrun for example_branch_python_operator_decorator to 2025-04-27T00:00:00+00:00, run_after=2025-04-28T00:00:00+00:00
[2025-04-28T13:45:30.884+0000] {processor.py:183} INFO - Processing /home/airflow/.local/lib/python3.8/site-packages/airflow/example_dags/example_branch_operator_decorator.py took 0.152 seconds
[2025-04-28T13:46:01.660+0000] {processor.py:161} INFO - Started process (PID=17729) to work on /home/airflow/.local/lib/python3.8/site-packages/airflow/example_dags/example_branch_operator_decorator.py
[2025-04-28T13:46:01.661+0000] {processor.py:830} INFO - Processing file /home/airflow/.local/lib/python3.8/site-packages/airflow/example_dags/example_branch_operator_decorator.py for tasks to queue
[2025-04-28T13:46:01.662+0000] {logging_mixin.py:188} INFO - [2025-04-28T13:46:01.662+0000] {dagbag.py:538} INFO - Filling up the DagBag from /home/airflow/.local/lib/python3.8/site-packages/airflow/example_dags/example_branch_operator_decorator.py
[2025-04-28T13:46:01.699+0000] {processor.py:840} INFO - DAG(s) 'example_branch_python_operator_decorator' retrieved from /home/airflow/.local/lib/python3.8/site-packages/airflow/example_dags/example_branch_operator_decorator.py
[2025-04-28T13:46:01.742+0000] {logging_mixin.py:188} INFO - [2025-04-28T13:46:01.742+0000] {dag.py:3033} INFO - Sync 1 DAGs
[2025-04-28T13:46:01.938+0000] {logging_mixin.py:188} INFO - [2025-04-28T13:46:01.938+0000] {dag.py:3820} INFO - Setting next_dagrun for example_branch_python_operator_decorator to 2025-04-27T00:00:00+00:00, run_after=2025-04-28T00:00:00+00:00
[2025-04-28T13:46:01.974+0000] {processor.py:183} INFO - Processing /home/airflow/.local/lib/python3.8/site-packages/airflow/example_dags/example_branch_operator_decorator.py took 0.319 seconds
[2025-04-28T13:46:32.905+0000] {processor.py:161} INFO - Started process (PID=17785) to work on /home/airflow/.local/lib/python3.8/site-packages/airflow/example_dags/example_branch_operator_decorator.py
[2025-04-28T13:46:32.907+0000] {processor.py:830} INFO - Processing file /home/airflow/.local/lib/python3.8/site-packages/airflow/example_dags/example_branch_operator_decorator.py for tasks to queue
[2025-04-28T13:46:32.908+0000] {logging_mixin.py:188} INFO - [2025-04-28T13:46:32.908+0000] {dagbag.py:538} INFO - Filling up the DagBag from /home/airflow/.local/lib/python3.8/site-packages/airflow/example_dags/example_branch_operator_decorator.py
[2025-04-28T13:46:32.958+0000] {processor.py:840} INFO - DAG(s) 'example_branch_python_operator_decorator' retrieved from /home/airflow/.local/lib/python3.8/site-packages/airflow/example_dags/example_branch_operator_decorator.py
[2025-04-28T13:46:33.025+0000] {logging_mixin.py:188} INFO - [2025-04-28T13:46:33.025+0000] {dag.py:3033} INFO - Sync 1 DAGs
[2025-04-28T13:46:33.094+0000] {logging_mixin.py:188} INFO - [2025-04-28T13:46:33.093+0000] {dag.py:3820} INFO - Setting next_dagrun for example_branch_python_operator_decorator to 2025-04-27T00:00:00+00:00, run_after=2025-04-28T00:00:00+00:00
[2025-04-28T13:46:33.334+0000] {processor.py:183} INFO - Processing /home/airflow/.local/lib/python3.8/site-packages/airflow/example_dags/example_branch_operator_decorator.py took 0.435 seconds
[2025-04-28T13:47:09.821+0000] {processor.py:161} INFO - Started process (PID=17842) to work on /home/airflow/.local/lib/python3.8/site-packages/airflow/example_dags/example_branch_operator_decorator.py
[2025-04-28T13:47:09.823+0000] {processor.py:830} INFO - Processing file /home/airflow/.local/lib/python3.8/site-packages/airflow/example_dags/example_branch_operator_decorator.py for tasks to queue
[2025-04-28T13:47:09.825+0000] {logging_mixin.py:188} INFO - [2025-04-28T13:47:09.824+0000] {dagbag.py:538} INFO - Filling up the DagBag from /home/airflow/.local/lib/python3.8/site-packages/airflow/example_dags/example_branch_operator_decorator.py
[2025-04-28T13:47:09.855+0000] {processor.py:840} INFO - DAG(s) 'example_branch_python_operator_decorator' retrieved from /home/airflow/.local/lib/python3.8/site-packages/airflow/example_dags/example_branch_operator_decorator.py
[2025-04-28T13:47:09.902+0000] {logging_mixin.py:188} INFO - [2025-04-28T13:47:09.902+0000] {dag.py:3033} INFO - Sync 1 DAGs
[2025-04-28T13:47:09.941+0000] {logging_mixin.py:188} INFO - [2025-04-28T13:47:09.941+0000] {dag.py:3820} INFO - Setting next_dagrun for example_branch_python_operator_decorator to 2025-04-27T00:00:00+00:00, run_after=2025-04-28T00:00:00+00:00
[2025-04-28T13:47:09.981+0000] {processor.py:183} INFO - Processing /home/airflow/.local/lib/python3.8/site-packages/airflow/example_dags/example_branch_operator_decorator.py took 0.166 seconds
[2025-04-28T13:47:42.270+0000] {processor.py:161} INFO - Started process (PID=17899) to work on /home/airflow/.local/lib/python3.8/site-packages/airflow/example_dags/example_branch_operator_decorator.py
[2025-04-28T13:47:42.272+0000] {processor.py:830} INFO - Processing file /home/airflow/.local/lib/python3.8/site-packages/airflow/example_dags/example_branch_operator_decorator.py for tasks to queue
[2025-04-28T13:47:42.274+0000] {logging_mixin.py:188} INFO - [2025-04-28T13:47:42.273+0000] {dagbag.py:538} INFO - Filling up the DagBag from /home/airflow/.local/lib/python3.8/site-packages/airflow/example_dags/example_branch_operator_decorator.py
[2025-04-28T13:47:42.339+0000] {processor.py:840} INFO - DAG(s) 'example_branch_python_operator_decorator' retrieved from /home/airflow/.local/lib/python3.8/site-packages/airflow/example_dags/example_branch_operator_decorator.py
[2025-04-28T13:47:42.433+0000] {logging_mixin.py:188} INFO - [2025-04-28T13:47:42.433+0000] {dag.py:3033} INFO - Sync 1 DAGs
[2025-04-28T13:47:42.834+0000] {logging_mixin.py:188} INFO - [2025-04-28T13:47:42.834+0000] {dag.py:3820} INFO - Setting next_dagrun for example_branch_python_operator_decorator to 2025-04-27T00:00:00+00:00, run_after=2025-04-28T00:00:00+00:00
[2025-04-28T13:47:42.902+0000] {processor.py:183} INFO - Processing /home/airflow/.local/lib/python3.8/site-packages/airflow/example_dags/example_branch_operator_decorator.py took 0.644 seconds
[2025-04-28T13:48:14.407+0000] {processor.py:161} INFO - Started process (PID=17955) to work on /home/airflow/.local/lib/python3.8/site-packages/airflow/example_dags/example_branch_operator_decorator.py
[2025-04-28T13:48:14.408+0000] {processor.py:830} INFO - Processing file /home/airflow/.local/lib/python3.8/site-packages/airflow/example_dags/example_branch_operator_decorator.py for tasks to queue
[2025-04-28T13:48:14.410+0000] {logging_mixin.py:188} INFO - [2025-04-28T13:48:14.410+0000] {dagbag.py:538} INFO - Filling up the DagBag from /home/airflow/.local/lib/python3.8/site-packages/airflow/example_dags/example_branch_operator_decorator.py
[2025-04-28T13:48:14.478+0000] {processor.py:840} INFO - DAG(s) 'example_branch_python_operator_decorator' retrieved from /home/airflow/.local/lib/python3.8/site-packages/airflow/example_dags/example_branch_operator_decorator.py
[2025-04-28T13:48:14.552+0000] {logging_mixin.py:188} INFO - [2025-04-28T13:48:14.552+0000] {dag.py:3033} INFO - Sync 1 DAGs
[2025-04-28T13:48:14.624+0000] {logging_mixin.py:188} INFO - [2025-04-28T13:48:14.624+0000] {dag.py:3820} INFO - Setting next_dagrun for example_branch_python_operator_decorator to 2025-04-27T00:00:00+00:00, run_after=2025-04-28T00:00:00+00:00
[2025-04-28T13:48:14.662+0000] {processor.py:183} INFO - Processing /home/airflow/.local/lib/python3.8/site-packages/airflow/example_dags/example_branch_operator_decorator.py took 0.263 seconds
[2025-04-28T13:48:45.712+0000] {processor.py:161} INFO - Started process (PID=18011) to work on /home/airflow/.local/lib/python3.8/site-packages/airflow/example_dags/example_branch_operator_decorator.py
[2025-04-28T13:48:45.713+0000] {processor.py:830} INFO - Processing file /home/airflow/.local/lib/python3.8/site-packages/airflow/example_dags/example_branch_operator_decorator.py for tasks to queue
[2025-04-28T13:48:45.715+0000] {logging_mixin.py:188} INFO - [2025-04-28T13:48:45.714+0000] {dagbag.py:538} INFO - Filling up the DagBag from /home/airflow/.local/lib/python3.8/site-packages/airflow/example_dags/example_branch_operator_decorator.py
[2025-04-28T13:48:45.759+0000] {processor.py:840} INFO - DAG(s) 'example_branch_python_operator_decorator' retrieved from /home/airflow/.local/lib/python3.8/site-packages/airflow/example_dags/example_branch_operator_decorator.py
[2025-04-28T13:48:45.836+0000] {logging_mixin.py:188} INFO - [2025-04-28T13:48:45.836+0000] {dag.py:3033} INFO - Sync 1 DAGs
[2025-04-28T13:48:45.897+0000] {logging_mixin.py:188} INFO - [2025-04-28T13:48:45.897+0000] {dag.py:3820} INFO - Setting next_dagrun for example_branch_python_operator_decorator to 2025-04-27T00:00:00+00:00, run_after=2025-04-28T00:00:00+00:00
[2025-04-28T13:48:45.928+0000] {processor.py:183} INFO - Processing /home/airflow/.local/lib/python3.8/site-packages/airflow/example_dags/example_branch_operator_decorator.py took 0.222 seconds
[2025-04-28T13:49:16.426+0000] {processor.py:161} INFO - Started process (PID=18068) to work on /home/airflow/.local/lib/python3.8/site-packages/airflow/example_dags/example_branch_operator_decorator.py
[2025-04-28T13:49:16.437+0000] {processor.py:830} INFO - Processing file /home/airflow/.local/lib/python3.8/site-packages/airflow/example_dags/example_branch_operator_decorator.py for tasks to queue
[2025-04-28T13:49:16.443+0000] {logging_mixin.py:188} INFO - [2025-04-28T13:49:16.442+0000] {dagbag.py:538} INFO - Filling up the DagBag from /home/airflow/.local/lib/python3.8/site-packages/airflow/example_dags/example_branch_operator_decorator.py
[2025-04-28T13:49:16.532+0000] {processor.py:840} INFO - DAG(s) 'example_branch_python_operator_decorator' retrieved from /home/airflow/.local/lib/python3.8/site-packages/airflow/example_dags/example_branch_operator_decorator.py
[2025-04-28T13:49:16.681+0000] {logging_mixin.py:188} INFO - [2025-04-28T13:49:16.681+0000] {dag.py:3033} INFO - Sync 1 DAGs
[2025-04-28T13:49:16.734+0000] {logging_mixin.py:188} INFO - [2025-04-28T13:49:16.733+0000] {dag.py:3820} INFO - Setting next_dagrun for example_branch_python_operator_decorator to 2025-04-27T00:00:00+00:00, run_after=2025-04-28T00:00:00+00:00
[2025-04-28T13:49:16.776+0000] {processor.py:183} INFO - Processing /home/airflow/.local/lib/python3.8/site-packages/airflow/example_dags/example_branch_operator_decorator.py took 0.357 seconds
[2025-04-28T13:49:49.180+0000] {processor.py:161} INFO - Started process (PID=18124) to work on /home/airflow/.local/lib/python3.8/site-packages/airflow/example_dags/example_branch_operator_decorator.py
[2025-04-28T13:49:49.190+0000] {processor.py:830} INFO - Processing file /home/airflow/.local/lib/python3.8/site-packages/airflow/example_dags/example_branch_operator_decorator.py for tasks to queue
[2025-04-28T13:49:49.193+0000] {logging_mixin.py:188} INFO - [2025-04-28T13:49:49.192+0000] {dagbag.py:538} INFO - Filling up the DagBag from /home/airflow/.local/lib/python3.8/site-packages/airflow/example_dags/example_branch_operator_decorator.py
[2025-04-28T13:49:49.252+0000] {processor.py:840} INFO - DAG(s) 'example_branch_python_operator_decorator' retrieved from /home/airflow/.local/lib/python3.8/site-packages/airflow/example_dags/example_branch_operator_decorator.py
[2025-04-28T13:49:49.338+0000] {logging_mixin.py:188} INFO - [2025-04-28T13:49:49.337+0000] {dag.py:3033} INFO - Sync 1 DAGs
[2025-04-28T13:49:49.380+0000] {logging_mixin.py:188} INFO - [2025-04-28T13:49:49.380+0000] {dag.py:3820} INFO - Setting next_dagrun for example_branch_python_operator_decorator to 2025-04-27T00:00:00+00:00, run_after=2025-04-28T00:00:00+00:00
[2025-04-28T13:49:49.414+0000] {processor.py:183} INFO - Processing /home/airflow/.local/lib/python3.8/site-packages/airflow/example_dags/example_branch_operator_decorator.py took 0.240 seconds
[2025-04-28T13:50:22.562+0000] {processor.py:161} INFO - Started process (PID=18180) to work on /home/airflow/.local/lib/python3.8/site-packages/airflow/example_dags/example_branch_operator_decorator.py
[2025-04-28T13:50:22.563+0000] {processor.py:830} INFO - Processing file /home/airflow/.local/lib/python3.8/site-packages/airflow/example_dags/example_branch_operator_decorator.py for tasks to queue
[2025-04-28T13:50:22.564+0000] {logging_mixin.py:188} INFO - [2025-04-28T13:50:22.564+0000] {dagbag.py:538} INFO - Filling up the DagBag from /home/airflow/.local/lib/python3.8/site-packages/airflow/example_dags/example_branch_operator_decorator.py
[2025-04-28T13:50:22.594+0000] {processor.py:840} INFO - DAG(s) 'example_branch_python_operator_decorator' retrieved from /home/airflow/.local/lib/python3.8/site-packages/airflow/example_dags/example_branch_operator_decorator.py
[2025-04-28T13:50:22.729+0000] {logging_mixin.py:188} INFO - [2025-04-28T13:50:22.728+0000] {dag.py:3033} INFO - Sync 1 DAGs
[2025-04-28T13:50:22.798+0000] {logging_mixin.py:188} INFO - [2025-04-28T13:50:22.797+0000] {dag.py:3820} INFO - Setting next_dagrun for example_branch_python_operator_decorator to 2025-04-27T00:00:00+00:00, run_after=2025-04-28T00:00:00+00:00
[2025-04-28T13:50:22.875+0000] {processor.py:183} INFO - Processing /home/airflow/.local/lib/python3.8/site-packages/airflow/example_dags/example_branch_operator_decorator.py took 0.319 seconds
[2025-04-28T13:50:55.034+0000] {processor.py:161} INFO - Started process (PID=18236) to work on /home/airflow/.local/lib/python3.8/site-packages/airflow/example_dags/example_branch_operator_decorator.py
[2025-04-28T13:50:55.035+0000] {processor.py:830} INFO - Processing file /home/airflow/.local/lib/python3.8/site-packages/airflow/example_dags/example_branch_operator_decorator.py for tasks to queue
[2025-04-28T13:50:55.037+0000] {logging_mixin.py:188} INFO - [2025-04-28T13:50:55.036+0000] {dagbag.py:538} INFO - Filling up the DagBag from /home/airflow/.local/lib/python3.8/site-packages/airflow/example_dags/example_branch_operator_decorator.py
[2025-04-28T13:50:55.093+0000] {processor.py:840} INFO - DAG(s) 'example_branch_python_operator_decorator' retrieved from /home/airflow/.local/lib/python3.8/site-packages/airflow/example_dags/example_branch_operator_decorator.py
[2025-04-28T13:50:55.230+0000] {logging_mixin.py:188} INFO - [2025-04-28T13:50:55.230+0000] {dag.py:3033} INFO - Sync 1 DAGs
[2025-04-28T13:50:55.288+0000] {logging_mixin.py:188} INFO - [2025-04-28T13:50:55.287+0000] {dag.py:3820} INFO - Setting next_dagrun for example_branch_python_operator_decorator to 2025-04-27T00:00:00+00:00, run_after=2025-04-28T00:00:00+00:00
[2025-04-28T13:50:55.328+0000] {processor.py:183} INFO - Processing /home/airflow/.local/lib/python3.8/site-packages/airflow/example_dags/example_branch_operator_decorator.py took 0.299 seconds
[2025-04-28T13:51:28.666+0000] {processor.py:161} INFO - Started process (PID=18292) to work on /home/airflow/.local/lib/python3.8/site-packages/airflow/example_dags/example_branch_operator_decorator.py
[2025-04-28T13:51:28.667+0000] {processor.py:830} INFO - Processing file /home/airflow/.local/lib/python3.8/site-packages/airflow/example_dags/example_branch_operator_decorator.py for tasks to queue
[2025-04-28T13:51:28.669+0000] {logging_mixin.py:188} INFO - [2025-04-28T13:51:28.669+0000] {dagbag.py:538} INFO - Filling up the DagBag from /home/airflow/.local/lib/python3.8/site-packages/airflow/example_dags/example_branch_operator_decorator.py
[2025-04-28T13:51:28.709+0000] {processor.py:840} INFO - DAG(s) 'example_branch_python_operator_decorator' retrieved from /home/airflow/.local/lib/python3.8/site-packages/airflow/example_dags/example_branch_operator_decorator.py
[2025-04-28T13:51:28.772+0000] {logging_mixin.py:188} INFO - [2025-04-28T13:51:28.771+0000] {dag.py:3033} INFO - Sync 1 DAGs
[2025-04-28T13:51:28.836+0000] {logging_mixin.py:188} INFO - [2025-04-28T13:51:28.836+0000] {dag.py:3820} INFO - Setting next_dagrun for example_branch_python_operator_decorator to 2025-04-27T00:00:00+00:00, run_after=2025-04-28T00:00:00+00:00
[2025-04-28T13:51:28.868+0000] {processor.py:183} INFO - Processing /home/airflow/.local/lib/python3.8/site-packages/airflow/example_dags/example_branch_operator_decorator.py took 0.206 seconds
[2025-04-28T13:52:00.031+0000] {processor.py:161} INFO - Started process (PID=18348) to work on /home/airflow/.local/lib/python3.8/site-packages/airflow/example_dags/example_branch_operator_decorator.py
[2025-04-28T13:52:00.033+0000] {processor.py:830} INFO - Processing file /home/airflow/.local/lib/python3.8/site-packages/airflow/example_dags/example_branch_operator_decorator.py for tasks to queue
[2025-04-28T13:52:00.035+0000] {logging_mixin.py:188} INFO - [2025-04-28T13:52:00.034+0000] {dagbag.py:538} INFO - Filling up the DagBag from /home/airflow/.local/lib/python3.8/site-packages/airflow/example_dags/example_branch_operator_decorator.py
[2025-04-28T13:52:00.072+0000] {processor.py:840} INFO - DAG(s) 'example_branch_python_operator_decorator' retrieved from /home/airflow/.local/lib/python3.8/site-packages/airflow/example_dags/example_branch_operator_decorator.py
[2025-04-28T13:52:00.143+0000] {logging_mixin.py:188} INFO - [2025-04-28T13:52:00.142+0000] {dag.py:3033} INFO - Sync 1 DAGs
[2025-04-28T13:52:00.193+0000] {logging_mixin.py:188} INFO - [2025-04-28T13:52:00.192+0000] {dag.py:3820} INFO - Setting next_dagrun for example_branch_python_operator_decorator to 2025-04-27T00:00:00+00:00, run_after=2025-04-28T00:00:00+00:00
[2025-04-28T13:52:00.224+0000] {processor.py:183} INFO - Processing /home/airflow/.local/lib/python3.8/site-packages/airflow/example_dags/example_branch_operator_decorator.py took 0.198 seconds
[2025-04-28T13:52:33.394+0000] {processor.py:161} INFO - Started process (PID=18404) to work on /home/airflow/.local/lib/python3.8/site-packages/airflow/example_dags/example_branch_operator_decorator.py
[2025-04-28T13:52:33.396+0000] {processor.py:830} INFO - Processing file /home/airflow/.local/lib/python3.8/site-packages/airflow/example_dags/example_branch_operator_decorator.py for tasks to queue
[2025-04-28T13:52:33.397+0000] {logging_mixin.py:188} INFO - [2025-04-28T13:52:33.397+0000] {dagbag.py:538} INFO - Filling up the DagBag from /home/airflow/.local/lib/python3.8/site-packages/airflow/example_dags/example_branch_operator_decorator.py
[2025-04-28T13:52:33.428+0000] {processor.py:840} INFO - DAG(s) 'example_branch_python_operator_decorator' retrieved from /home/airflow/.local/lib/python3.8/site-packages/airflow/example_dags/example_branch_operator_decorator.py
[2025-04-28T13:52:33.495+0000] {logging_mixin.py:188} INFO - [2025-04-28T13:52:33.495+0000] {dag.py:3033} INFO - Sync 1 DAGs
[2025-04-28T13:52:33.547+0000] {logging_mixin.py:188} INFO - [2025-04-28T13:52:33.547+0000] {dag.py:3820} INFO - Setting next_dagrun for example_branch_python_operator_decorator to 2025-04-27T00:00:00+00:00, run_after=2025-04-28T00:00:00+00:00
[2025-04-28T13:52:33.598+0000] {processor.py:183} INFO - Processing /home/airflow/.local/lib/python3.8/site-packages/airflow/example_dags/example_branch_operator_decorator.py took 0.209 seconds
[2025-04-28T13:54:56.635+0000] {processor.py:161} INFO - Started process (PID=104) to work on /home/airflow/.local/lib/python3.8/site-packages/airflow/example_dags/example_branch_operator_decorator.py
[2025-04-28T13:54:56.638+0000] {processor.py:830} INFO - Processing file /home/airflow/.local/lib/python3.8/site-packages/airflow/example_dags/example_branch_operator_decorator.py for tasks to queue
[2025-04-28T13:54:56.644+0000] {logging_mixin.py:188} INFO - [2025-04-28T13:54:56.643+0000] {dagbag.py:538} INFO - Filling up the DagBag from /home/airflow/.local/lib/python3.8/site-packages/airflow/example_dags/example_branch_operator_decorator.py
[2025-04-28T13:54:56.681+0000] {processor.py:840} INFO - DAG(s) 'example_branch_python_operator_decorator' retrieved from /home/airflow/.local/lib/python3.8/site-packages/airflow/example_dags/example_branch_operator_decorator.py
[2025-04-28T13:54:57.348+0000] {logging_mixin.py:188} INFO - [2025-04-28T13:54:57.348+0000] {dag.py:3033} INFO - Sync 1 DAGs
[2025-04-28T13:54:57.433+0000] {logging_mixin.py:188} INFO - [2025-04-28T13:54:57.433+0000] {dag.py:3820} INFO - Setting next_dagrun for example_branch_python_operator_decorator to 2025-04-27T00:00:00+00:00, run_after=2025-04-28T00:00:00+00:00
[2025-04-28T13:54:57.519+0000] {processor.py:183} INFO - Processing /home/airflow/.local/lib/python3.8/site-packages/airflow/example_dags/example_branch_operator_decorator.py took 0.893 seconds
[2025-04-28T13:55:28.358+0000] {processor.py:161} INFO - Started process (PID=160) to work on /home/airflow/.local/lib/python3.8/site-packages/airflow/example_dags/example_branch_operator_decorator.py
[2025-04-28T13:55:28.359+0000] {processor.py:830} INFO - Processing file /home/airflow/.local/lib/python3.8/site-packages/airflow/example_dags/example_branch_operator_decorator.py for tasks to queue
[2025-04-28T13:55:28.363+0000] {logging_mixin.py:188} INFO - [2025-04-28T13:55:28.363+0000] {dagbag.py:538} INFO - Filling up the DagBag from /home/airflow/.local/lib/python3.8/site-packages/airflow/example_dags/example_branch_operator_decorator.py
[2025-04-28T13:55:28.393+0000] {processor.py:840} INFO - DAG(s) 'example_branch_python_operator_decorator' retrieved from /home/airflow/.local/lib/python3.8/site-packages/airflow/example_dags/example_branch_operator_decorator.py
[2025-04-28T13:55:28.437+0000] {logging_mixin.py:188} INFO - [2025-04-28T13:55:28.437+0000] {dag.py:3033} INFO - Sync 1 DAGs
[2025-04-28T13:55:28.470+0000] {logging_mixin.py:188} INFO - [2025-04-28T13:55:28.470+0000] {dag.py:3820} INFO - Setting next_dagrun for example_branch_python_operator_decorator to 2025-04-27T00:00:00+00:00, run_after=2025-04-28T00:00:00+00:00
[2025-04-28T13:55:28.504+0000] {processor.py:183} INFO - Processing /home/airflow/.local/lib/python3.8/site-packages/airflow/example_dags/example_branch_operator_decorator.py took 0.152 seconds
[2025-04-28T13:55:59.254+0000] {processor.py:161} INFO - Started process (PID=216) to work on /home/airflow/.local/lib/python3.8/site-packages/airflow/example_dags/example_branch_operator_decorator.py
[2025-04-28T13:55:59.255+0000] {processor.py:830} INFO - Processing file /home/airflow/.local/lib/python3.8/site-packages/airflow/example_dags/example_branch_operator_decorator.py for tasks to queue
[2025-04-28T13:55:59.274+0000] {logging_mixin.py:188} INFO - [2025-04-28T13:55:59.273+0000] {dagbag.py:538} INFO - Filling up the DagBag from /home/airflow/.local/lib/python3.8/site-packages/airflow/example_dags/example_branch_operator_decorator.py
[2025-04-28T13:55:59.322+0000] {processor.py:840} INFO - DAG(s) 'example_branch_python_operator_decorator' retrieved from /home/airflow/.local/lib/python3.8/site-packages/airflow/example_dags/example_branch_operator_decorator.py
[2025-04-28T13:55:59.405+0000] {logging_mixin.py:188} INFO - [2025-04-28T13:55:59.405+0000] {dag.py:3033} INFO - Sync 1 DAGs
[2025-04-28T13:55:59.495+0000] {logging_mixin.py:188} INFO - [2025-04-28T13:55:59.494+0000] {dag.py:3820} INFO - Setting next_dagrun for example_branch_python_operator_decorator to 2025-04-27T00:00:00+00:00, run_after=2025-04-28T00:00:00+00:00
[2025-04-28T13:55:59.539+0000] {processor.py:183} INFO - Processing /home/airflow/.local/lib/python3.8/site-packages/airflow/example_dags/example_branch_operator_decorator.py took 0.296 seconds
[2025-04-28T13:56:30.362+0000] {processor.py:161} INFO - Started process (PID=271) to work on /home/airflow/.local/lib/python3.8/site-packages/airflow/example_dags/example_branch_operator_decorator.py
[2025-04-28T13:56:30.364+0000] {processor.py:830} INFO - Processing file /home/airflow/.local/lib/python3.8/site-packages/airflow/example_dags/example_branch_operator_decorator.py for tasks to queue
[2025-04-28T13:56:30.367+0000] {logging_mixin.py:188} INFO - [2025-04-28T13:56:30.366+0000] {dagbag.py:538} INFO - Filling up the DagBag from /home/airflow/.local/lib/python3.8/site-packages/airflow/example_dags/example_branch_operator_decorator.py
[2025-04-28T13:56:30.399+0000] {processor.py:840} INFO - DAG(s) 'example_branch_python_operator_decorator' retrieved from /home/airflow/.local/lib/python3.8/site-packages/airflow/example_dags/example_branch_operator_decorator.py
[2025-04-28T13:56:30.446+0000] {logging_mixin.py:188} INFO - [2025-04-28T13:56:30.446+0000] {dag.py:3033} INFO - Sync 1 DAGs
[2025-04-28T13:56:30.485+0000] {logging_mixin.py:188} INFO - [2025-04-28T13:56:30.485+0000] {dag.py:3820} INFO - Setting next_dagrun for example_branch_python_operator_decorator to 2025-04-27T00:00:00+00:00, run_after=2025-04-28T00:00:00+00:00
[2025-04-28T13:56:30.523+0000] {processor.py:183} INFO - Processing /home/airflow/.local/lib/python3.8/site-packages/airflow/example_dags/example_branch_operator_decorator.py took 0.165 seconds
[2025-04-28T13:57:00.883+0000] {processor.py:161} INFO - Started process (PID=327) to work on /home/airflow/.local/lib/python3.8/site-packages/airflow/example_dags/example_branch_operator_decorator.py
[2025-04-28T13:57:00.885+0000] {processor.py:830} INFO - Processing file /home/airflow/.local/lib/python3.8/site-packages/airflow/example_dags/example_branch_operator_decorator.py for tasks to queue
[2025-04-28T13:57:00.890+0000] {logging_mixin.py:188} INFO - [2025-04-28T13:57:00.890+0000] {dagbag.py:538} INFO - Filling up the DagBag from /home/airflow/.local/lib/python3.8/site-packages/airflow/example_dags/example_branch_operator_decorator.py
[2025-04-28T13:57:00.950+0000] {processor.py:840} INFO - DAG(s) 'example_branch_python_operator_decorator' retrieved from /home/airflow/.local/lib/python3.8/site-packages/airflow/example_dags/example_branch_operator_decorator.py
[2025-04-28T13:57:01.061+0000] {logging_mixin.py:188} INFO - [2025-04-28T13:57:01.061+0000] {dag.py:3033} INFO - Sync 1 DAGs
[2025-04-28T13:57:01.174+0000] {logging_mixin.py:188} INFO - [2025-04-28T13:57:01.173+0000] {dag.py:3820} INFO - Setting next_dagrun for example_branch_python_operator_decorator to 2025-04-27T00:00:00+00:00, run_after=2025-04-28T00:00:00+00:00
[2025-04-28T13:57:01.326+0000] {processor.py:183} INFO - Processing /home/airflow/.local/lib/python3.8/site-packages/airflow/example_dags/example_branch_operator_decorator.py took 0.456 seconds
[2025-04-28T13:57:32.172+0000] {processor.py:161} INFO - Started process (PID=383) to work on /home/airflow/.local/lib/python3.8/site-packages/airflow/example_dags/example_branch_operator_decorator.py
[2025-04-28T13:57:32.174+0000] {processor.py:830} INFO - Processing file /home/airflow/.local/lib/python3.8/site-packages/airflow/example_dags/example_branch_operator_decorator.py for tasks to queue
[2025-04-28T13:57:32.178+0000] {logging_mixin.py:188} INFO - [2025-04-28T13:57:32.177+0000] {dagbag.py:538} INFO - Filling up the DagBag from /home/airflow/.local/lib/python3.8/site-packages/airflow/example_dags/example_branch_operator_decorator.py
[2025-04-28T13:57:32.211+0000] {processor.py:840} INFO - DAG(s) 'example_branch_python_operator_decorator' retrieved from /home/airflow/.local/lib/python3.8/site-packages/airflow/example_dags/example_branch_operator_decorator.py
[2025-04-28T13:57:32.254+0000] {logging_mixin.py:188} INFO - [2025-04-28T13:57:32.253+0000] {dag.py:3033} INFO - Sync 1 DAGs
[2025-04-28T13:57:32.287+0000] {logging_mixin.py:188} INFO - [2025-04-28T13:57:32.287+0000] {dag.py:3820} INFO - Setting next_dagrun for example_branch_python_operator_decorator to 2025-04-27T00:00:00+00:00, run_after=2025-04-28T00:00:00+00:00
[2025-04-28T13:57:32.324+0000] {processor.py:183} INFO - Processing /home/airflow/.local/lib/python3.8/site-packages/airflow/example_dags/example_branch_operator_decorator.py took 0.157 seconds
[2025-04-28T13:58:02.919+0000] {processor.py:161} INFO - Started process (PID=438) to work on /home/airflow/.local/lib/python3.8/site-packages/airflow/example_dags/example_branch_operator_decorator.py
[2025-04-28T13:58:02.920+0000] {processor.py:830} INFO - Processing file /home/airflow/.local/lib/python3.8/site-packages/airflow/example_dags/example_branch_operator_decorator.py for tasks to queue
[2025-04-28T13:58:02.923+0000] {logging_mixin.py:188} INFO - [2025-04-28T13:58:02.923+0000] {dagbag.py:538} INFO - Filling up the DagBag from /home/airflow/.local/lib/python3.8/site-packages/airflow/example_dags/example_branch_operator_decorator.py
[2025-04-28T13:58:02.962+0000] {processor.py:840} INFO - DAG(s) 'example_branch_python_operator_decorator' retrieved from /home/airflow/.local/lib/python3.8/site-packages/airflow/example_dags/example_branch_operator_decorator.py
[2025-04-28T13:58:03.019+0000] {logging_mixin.py:188} INFO - [2025-04-28T13:58:03.019+0000] {dag.py:3033} INFO - Sync 1 DAGs
[2025-04-28T13:58:03.069+0000] {logging_mixin.py:188} INFO - [2025-04-28T13:58:03.068+0000] {dag.py:3820} INFO - Setting next_dagrun for example_branch_python_operator_decorator to 2025-04-27T00:00:00+00:00, run_after=2025-04-28T00:00:00+00:00
[2025-04-28T13:58:03.110+0000] {processor.py:183} INFO - Processing /home/airflow/.local/lib/python3.8/site-packages/airflow/example_dags/example_branch_operator_decorator.py took 0.196 seconds
[2025-04-28T13:58:35.055+0000] {processor.py:161} INFO - Started process (PID=494) to work on /home/airflow/.local/lib/python3.8/site-packages/airflow/example_dags/example_branch_operator_decorator.py
[2025-04-28T13:58:35.056+0000] {processor.py:830} INFO - Processing file /home/airflow/.local/lib/python3.8/site-packages/airflow/example_dags/example_branch_operator_decorator.py for tasks to queue
[2025-04-28T13:58:35.060+0000] {logging_mixin.py:188} INFO - [2025-04-28T13:58:35.060+0000] {dagbag.py:538} INFO - Filling up the DagBag from /home/airflow/.local/lib/python3.8/site-packages/airflow/example_dags/example_branch_operator_decorator.py
[2025-04-28T13:58:35.099+0000] {processor.py:840} INFO - DAG(s) 'example_branch_python_operator_decorator' retrieved from /home/airflow/.local/lib/python3.8/site-packages/airflow/example_dags/example_branch_operator_decorator.py
[2025-04-28T13:58:35.167+0000] {logging_mixin.py:188} INFO - [2025-04-28T13:58:35.167+0000] {dag.py:3033} INFO - Sync 1 DAGs
[2025-04-28T13:58:35.223+0000] {logging_mixin.py:188} INFO - [2025-04-28T13:58:35.222+0000] {dag.py:3820} INFO - Setting next_dagrun for example_branch_python_operator_decorator to 2025-04-27T00:00:00+00:00, run_after=2025-04-28T00:00:00+00:00
[2025-04-28T13:58:35.258+0000] {processor.py:183} INFO - Processing /home/airflow/.local/lib/python3.8/site-packages/airflow/example_dags/example_branch_operator_decorator.py took 0.212 seconds
[2025-04-28T13:59:05.790+0000] {processor.py:161} INFO - Started process (PID=551) to work on /home/airflow/.local/lib/python3.8/site-packages/airflow/example_dags/example_branch_operator_decorator.py
[2025-04-28T13:59:05.794+0000] {processor.py:830} INFO - Processing file /home/airflow/.local/lib/python3.8/site-packages/airflow/example_dags/example_branch_operator_decorator.py for tasks to queue
[2025-04-28T13:59:05.798+0000] {logging_mixin.py:188} INFO - [2025-04-28T13:59:05.797+0000] {dagbag.py:538} INFO - Filling up the DagBag from /home/airflow/.local/lib/python3.8/site-packages/airflow/example_dags/example_branch_operator_decorator.py
[2025-04-28T13:59:05.830+0000] {processor.py:840} INFO - DAG(s) 'example_branch_python_operator_decorator' retrieved from /home/airflow/.local/lib/python3.8/site-packages/airflow/example_dags/example_branch_operator_decorator.py
[2025-04-28T13:59:05.886+0000] {logging_mixin.py:188} INFO - [2025-04-28T13:59:05.886+0000] {dag.py:3033} INFO - Sync 1 DAGs
[2025-04-28T13:59:05.934+0000] {logging_mixin.py:188} INFO - [2025-04-28T13:59:05.934+0000] {dag.py:3820} INFO - Setting next_dagrun for example_branch_python_operator_decorator to 2025-04-27T00:00:00+00:00, run_after=2025-04-28T00:00:00+00:00
[2025-04-28T13:59:05.965+0000] {processor.py:183} INFO - Processing /home/airflow/.local/lib/python3.8/site-packages/airflow/example_dags/example_branch_operator_decorator.py took 0.179 seconds
[2025-04-28T13:59:45.853+0000] {processor.py:161} INFO - Started process (PID=607) to work on /home/airflow/.local/lib/python3.8/site-packages/airflow/example_dags/example_branch_operator_decorator.py
[2025-04-28T13:59:45.854+0000] {processor.py:830} INFO - Processing file /home/airflow/.local/lib/python3.8/site-packages/airflow/example_dags/example_branch_operator_decorator.py for tasks to queue
[2025-04-28T13:59:45.857+0000] {logging_mixin.py:188} INFO - [2025-04-28T13:59:45.856+0000] {dagbag.py:538} INFO - Filling up the DagBag from /home/airflow/.local/lib/python3.8/site-packages/airflow/example_dags/example_branch_operator_decorator.py
[2025-04-28T13:59:45.900+0000] {processor.py:840} INFO - DAG(s) 'example_branch_python_operator_decorator' retrieved from /home/airflow/.local/lib/python3.8/site-packages/airflow/example_dags/example_branch_operator_decorator.py
[2025-04-28T13:59:45.969+0000] {logging_mixin.py:188} INFO - [2025-04-28T13:59:45.969+0000] {dag.py:3033} INFO - Sync 1 DAGs
[2025-04-28T13:59:46.034+0000] {logging_mixin.py:188} INFO - [2025-04-28T13:59:46.034+0000] {dag.py:3820} INFO - Setting next_dagrun for example_branch_python_operator_decorator to 2025-04-27T00:00:00+00:00, run_after=2025-04-28T00:00:00+00:00
[2025-04-28T13:59:46.079+0000] {processor.py:183} INFO - Processing /home/airflow/.local/lib/python3.8/site-packages/airflow/example_dags/example_branch_operator_decorator.py took 0.230 seconds
[2025-04-28T14:00:16.461+0000] {processor.py:161} INFO - Started process (PID=663) to work on /home/airflow/.local/lib/python3.8/site-packages/airflow/example_dags/example_branch_operator_decorator.py
[2025-04-28T14:00:16.463+0000] {processor.py:830} INFO - Processing file /home/airflow/.local/lib/python3.8/site-packages/airflow/example_dags/example_branch_operator_decorator.py for tasks to queue
[2025-04-28T14:00:16.466+0000] {logging_mixin.py:188} INFO - [2025-04-28T14:00:16.465+0000] {dagbag.py:538} INFO - Filling up the DagBag from /home/airflow/.local/lib/python3.8/site-packages/airflow/example_dags/example_branch_operator_decorator.py
[2025-04-28T14:00:16.492+0000] {processor.py:840} INFO - DAG(s) 'example_branch_python_operator_decorator' retrieved from /home/airflow/.local/lib/python3.8/site-packages/airflow/example_dags/example_branch_operator_decorator.py
[2025-04-28T14:00:16.542+0000] {logging_mixin.py:188} INFO - [2025-04-28T14:00:16.541+0000] {dag.py:3033} INFO - Sync 1 DAGs
[2025-04-28T14:00:16.579+0000] {logging_mixin.py:188} INFO - [2025-04-28T14:00:16.578+0000] {dag.py:3820} INFO - Setting next_dagrun for example_branch_python_operator_decorator to 2025-04-27T00:00:00+00:00, run_after=2025-04-28T00:00:00+00:00
[2025-04-28T14:00:16.612+0000] {processor.py:183} INFO - Processing /home/airflow/.local/lib/python3.8/site-packages/airflow/example_dags/example_branch_operator_decorator.py took 0.155 seconds
[2025-04-28T14:00:48.134+0000] {processor.py:161} INFO - Started process (PID=718) to work on /home/airflow/.local/lib/python3.8/site-packages/airflow/example_dags/example_branch_operator_decorator.py
[2025-04-28T14:00:48.136+0000] {processor.py:830} INFO - Processing file /home/airflow/.local/lib/python3.8/site-packages/airflow/example_dags/example_branch_operator_decorator.py for tasks to queue
[2025-04-28T14:00:48.141+0000] {logging_mixin.py:188} INFO - [2025-04-28T14:00:48.140+0000] {dagbag.py:538} INFO - Filling up the DagBag from /home/airflow/.local/lib/python3.8/site-packages/airflow/example_dags/example_branch_operator_decorator.py
[2025-04-28T14:00:48.184+0000] {processor.py:840} INFO - DAG(s) 'example_branch_python_operator_decorator' retrieved from /home/airflow/.local/lib/python3.8/site-packages/airflow/example_dags/example_branch_operator_decorator.py
[2025-04-28T14:00:48.259+0000] {logging_mixin.py:188} INFO - [2025-04-28T14:00:48.259+0000] {dag.py:3033} INFO - Sync 1 DAGs
[2025-04-28T14:00:48.337+0000] {logging_mixin.py:188} INFO - [2025-04-28T14:00:48.336+0000] {dag.py:3820} INFO - Setting next_dagrun for example_branch_python_operator_decorator to 2025-04-27T00:00:00+00:00, run_after=2025-04-28T00:00:00+00:00
[2025-04-28T14:00:48.393+0000] {processor.py:183} INFO - Processing /home/airflow/.local/lib/python3.8/site-packages/airflow/example_dags/example_branch_operator_decorator.py took 0.264 seconds
[2025-04-28T14:01:19.173+0000] {processor.py:161} INFO - Started process (PID=774) to work on /home/airflow/.local/lib/python3.8/site-packages/airflow/example_dags/example_branch_operator_decorator.py
[2025-04-28T14:01:19.175+0000] {processor.py:830} INFO - Processing file /home/airflow/.local/lib/python3.8/site-packages/airflow/example_dags/example_branch_operator_decorator.py for tasks to queue
[2025-04-28T14:01:19.179+0000] {logging_mixin.py:188} INFO - [2025-04-28T14:01:19.178+0000] {dagbag.py:538} INFO - Filling up the DagBag from /home/airflow/.local/lib/python3.8/site-packages/airflow/example_dags/example_branch_operator_decorator.py
[2025-04-28T14:01:19.223+0000] {processor.py:840} INFO - DAG(s) 'example_branch_python_operator_decorator' retrieved from /home/airflow/.local/lib/python3.8/site-packages/airflow/example_dags/example_branch_operator_decorator.py
[2025-04-28T14:01:19.301+0000] {logging_mixin.py:188} INFO - [2025-04-28T14:01:19.300+0000] {dag.py:3033} INFO - Sync 1 DAGs
[2025-04-28T14:01:19.352+0000] {logging_mixin.py:188} INFO - [2025-04-28T14:01:19.351+0000] {dag.py:3820} INFO - Setting next_dagrun for example_branch_python_operator_decorator to 2025-04-27T00:00:00+00:00, run_after=2025-04-28T00:00:00+00:00
[2025-04-28T14:01:19.406+0000] {processor.py:183} INFO - Processing /home/airflow/.local/lib/python3.8/site-packages/airflow/example_dags/example_branch_operator_decorator.py took 0.242 seconds
[2025-04-28T14:01:50.320+0000] {processor.py:161} INFO - Started process (PID=830) to work on /home/airflow/.local/lib/python3.8/site-packages/airflow/example_dags/example_branch_operator_decorator.py
[2025-04-28T14:01:50.321+0000] {processor.py:830} INFO - Processing file /home/airflow/.local/lib/python3.8/site-packages/airflow/example_dags/example_branch_operator_decorator.py for tasks to queue
[2025-04-28T14:01:50.324+0000] {logging_mixin.py:188} INFO - [2025-04-28T14:01:50.324+0000] {dagbag.py:538} INFO - Filling up the DagBag from /home/airflow/.local/lib/python3.8/site-packages/airflow/example_dags/example_branch_operator_decorator.py
[2025-04-28T14:01:50.350+0000] {processor.py:840} INFO - DAG(s) 'example_branch_python_operator_decorator' retrieved from /home/airflow/.local/lib/python3.8/site-packages/airflow/example_dags/example_branch_operator_decorator.py
[2025-04-28T14:01:50.392+0000] {logging_mixin.py:188} INFO - [2025-04-28T14:01:50.392+0000] {dag.py:3033} INFO - Sync 1 DAGs
[2025-04-28T14:01:50.429+0000] {logging_mixin.py:188} INFO - [2025-04-28T14:01:50.429+0000] {dag.py:3820} INFO - Setting next_dagrun for example_branch_python_operator_decorator to 2025-04-27T00:00:00+00:00, run_after=2025-04-28T00:00:00+00:00
[2025-04-28T14:01:50.469+0000] {processor.py:183} INFO - Processing /home/airflow/.local/lib/python3.8/site-packages/airflow/example_dags/example_branch_operator_decorator.py took 0.154 seconds
[2025-04-28T14:02:21.298+0000] {processor.py:161} INFO - Started process (PID=886) to work on /home/airflow/.local/lib/python3.8/site-packages/airflow/example_dags/example_branch_operator_decorator.py
[2025-04-28T14:02:21.314+0000] {processor.py:830} INFO - Processing file /home/airflow/.local/lib/python3.8/site-packages/airflow/example_dags/example_branch_operator_decorator.py for tasks to queue
[2025-04-28T14:02:21.319+0000] {logging_mixin.py:188} INFO - [2025-04-28T14:02:21.319+0000] {dagbag.py:538} INFO - Filling up the DagBag from /home/airflow/.local/lib/python3.8/site-packages/airflow/example_dags/example_branch_operator_decorator.py
[2025-04-28T14:02:21.386+0000] {processor.py:840} INFO - DAG(s) 'example_branch_python_operator_decorator' retrieved from /home/airflow/.local/lib/python3.8/site-packages/airflow/example_dags/example_branch_operator_decorator.py
[2025-04-28T14:02:21.472+0000] {logging_mixin.py:188} INFO - [2025-04-28T14:02:21.472+0000] {dag.py:3033} INFO - Sync 1 DAGs
[2025-04-28T14:02:21.540+0000] {logging_mixin.py:188} INFO - [2025-04-28T14:02:21.540+0000] {dag.py:3820} INFO - Setting next_dagrun for example_branch_python_operator_decorator to 2025-04-27T00:00:00+00:00, run_after=2025-04-28T00:00:00+00:00
[2025-04-28T14:02:21.606+0000] {processor.py:183} INFO - Processing /home/airflow/.local/lib/python3.8/site-packages/airflow/example_dags/example_branch_operator_decorator.py took 0.314 seconds
[2025-04-28T14:02:52.292+0000] {processor.py:161} INFO - Started process (PID=942) to work on /home/airflow/.local/lib/python3.8/site-packages/airflow/example_dags/example_branch_operator_decorator.py
[2025-04-28T14:02:52.294+0000] {processor.py:830} INFO - Processing file /home/airflow/.local/lib/python3.8/site-packages/airflow/example_dags/example_branch_operator_decorator.py for tasks to queue
[2025-04-28T14:02:52.299+0000] {logging_mixin.py:188} INFO - [2025-04-28T14:02:52.297+0000] {dagbag.py:538} INFO - Filling up the DagBag from /home/airflow/.local/lib/python3.8/site-packages/airflow/example_dags/example_branch_operator_decorator.py
[2025-04-28T14:02:52.335+0000] {processor.py:840} INFO - DAG(s) 'example_branch_python_operator_decorator' retrieved from /home/airflow/.local/lib/python3.8/site-packages/airflow/example_dags/example_branch_operator_decorator.py
[2025-04-28T14:02:52.386+0000] {logging_mixin.py:188} INFO - [2025-04-28T14:02:52.386+0000] {dag.py:3033} INFO - Sync 1 DAGs
[2025-04-28T14:02:52.433+0000] {logging_mixin.py:188} INFO - [2025-04-28T14:02:52.433+0000] {dag.py:3820} INFO - Setting next_dagrun for example_branch_python_operator_decorator to 2025-04-27T00:00:00+00:00, run_after=2025-04-28T00:00:00+00:00
[2025-04-28T14:02:52.487+0000] {processor.py:183} INFO - Processing /home/airflow/.local/lib/python3.8/site-packages/airflow/example_dags/example_branch_operator_decorator.py took 0.199 seconds
[2025-04-28T14:03:23.803+0000] {processor.py:161} INFO - Started process (PID=998) to work on /home/airflow/.local/lib/python3.8/site-packages/airflow/example_dags/example_branch_operator_decorator.py
[2025-04-28T14:03:23.805+0000] {processor.py:830} INFO - Processing file /home/airflow/.local/lib/python3.8/site-packages/airflow/example_dags/example_branch_operator_decorator.py for tasks to queue
[2025-04-28T14:03:23.809+0000] {logging_mixin.py:188} INFO - [2025-04-28T14:03:23.809+0000] {dagbag.py:538} INFO - Filling up the DagBag from /home/airflow/.local/lib/python3.8/site-packages/airflow/example_dags/example_branch_operator_decorator.py
[2025-04-28T14:03:23.846+0000] {processor.py:840} INFO - DAG(s) 'example_branch_python_operator_decorator' retrieved from /home/airflow/.local/lib/python3.8/site-packages/airflow/example_dags/example_branch_operator_decorator.py
[2025-04-28T14:03:23.906+0000] {logging_mixin.py:188} INFO - [2025-04-28T14:03:23.906+0000] {dag.py:3033} INFO - Sync 1 DAGs
[2025-04-28T14:03:23.949+0000] {logging_mixin.py:188} INFO - [2025-04-28T14:03:23.949+0000] {dag.py:3820} INFO - Setting next_dagrun for example_branch_python_operator_decorator to 2025-04-27T00:00:00+00:00, run_after=2025-04-28T00:00:00+00:00
[2025-04-28T14:03:23.988+0000] {processor.py:183} INFO - Processing /home/airflow/.local/lib/python3.8/site-packages/airflow/example_dags/example_branch_operator_decorator.py took 0.190 seconds
[2025-04-28T14:03:57.145+0000] {processor.py:161} INFO - Started process (PID=1054) to work on /home/airflow/.local/lib/python3.8/site-packages/airflow/example_dags/example_branch_operator_decorator.py
[2025-04-28T14:03:57.149+0000] {processor.py:830} INFO - Processing file /home/airflow/.local/lib/python3.8/site-packages/airflow/example_dags/example_branch_operator_decorator.py for tasks to queue
[2025-04-28T14:03:57.153+0000] {logging_mixin.py:188} INFO - [2025-04-28T14:03:57.152+0000] {dagbag.py:538} INFO - Filling up the DagBag from /home/airflow/.local/lib/python3.8/site-packages/airflow/example_dags/example_branch_operator_decorator.py
[2025-04-28T14:03:57.220+0000] {processor.py:840} INFO - DAG(s) 'example_branch_python_operator_decorator' retrieved from /home/airflow/.local/lib/python3.8/site-packages/airflow/example_dags/example_branch_operator_decorator.py
[2025-04-28T14:03:57.289+0000] {logging_mixin.py:188} INFO - [2025-04-28T14:03:57.287+0000] {dag.py:3033} INFO - Sync 1 DAGs
[2025-04-28T14:03:57.349+0000] {logging_mixin.py:188} INFO - [2025-04-28T14:03:57.349+0000] {dag.py:3820} INFO - Setting next_dagrun for example_branch_python_operator_decorator to 2025-04-27T00:00:00+00:00, run_after=2025-04-28T00:00:00+00:00
[2025-04-28T14:03:57.389+0000] {processor.py:183} INFO - Processing /home/airflow/.local/lib/python3.8/site-packages/airflow/example_dags/example_branch_operator_decorator.py took 0.253 seconds
[2025-04-28T14:04:30.035+0000] {processor.py:161} INFO - Started process (PID=1110) to work on /home/airflow/.local/lib/python3.8/site-packages/airflow/example_dags/example_branch_operator_decorator.py
[2025-04-28T14:04:30.036+0000] {processor.py:830} INFO - Processing file /home/airflow/.local/lib/python3.8/site-packages/airflow/example_dags/example_branch_operator_decorator.py for tasks to queue
[2025-04-28T14:04:30.047+0000] {logging_mixin.py:188} INFO - [2025-04-28T14:04:30.046+0000] {dagbag.py:538} INFO - Filling up the DagBag from /home/airflow/.local/lib/python3.8/site-packages/airflow/example_dags/example_branch_operator_decorator.py
[2025-04-28T14:04:30.108+0000] {processor.py:840} INFO - DAG(s) 'example_branch_python_operator_decorator' retrieved from /home/airflow/.local/lib/python3.8/site-packages/airflow/example_dags/example_branch_operator_decorator.py
[2025-04-28T14:04:30.189+0000] {logging_mixin.py:188} INFO - [2025-04-28T14:04:30.188+0000] {dag.py:3033} INFO - Sync 1 DAGs
[2025-04-28T14:04:30.231+0000] {logging_mixin.py:188} INFO - [2025-04-28T14:04:30.231+0000] {dag.py:3820} INFO - Setting next_dagrun for example_branch_python_operator_decorator to 2025-04-27T00:00:00+00:00, run_after=2025-04-28T00:00:00+00:00
[2025-04-28T14:04:30.263+0000] {processor.py:183} INFO - Processing /home/airflow/.local/lib/python3.8/site-packages/airflow/example_dags/example_branch_operator_decorator.py took 0.234 seconds
[2025-04-28T14:05:03.645+0000] {processor.py:161} INFO - Started process (PID=1165) to work on /home/airflow/.local/lib/python3.8/site-packages/airflow/example_dags/example_branch_operator_decorator.py
[2025-04-28T14:05:03.647+0000] {processor.py:830} INFO - Processing file /home/airflow/.local/lib/python3.8/site-packages/airflow/example_dags/example_branch_operator_decorator.py for tasks to queue
[2025-04-28T14:05:03.652+0000] {logging_mixin.py:188} INFO - [2025-04-28T14:05:03.651+0000] {dagbag.py:538} INFO - Filling up the DagBag from /home/airflow/.local/lib/python3.8/site-packages/airflow/example_dags/example_branch_operator_decorator.py
[2025-04-28T14:05:03.701+0000] {processor.py:840} INFO - DAG(s) 'example_branch_python_operator_decorator' retrieved from /home/airflow/.local/lib/python3.8/site-packages/airflow/example_dags/example_branch_operator_decorator.py
[2025-04-28T14:05:03.789+0000] {logging_mixin.py:188} INFO - [2025-04-28T14:05:03.788+0000] {dag.py:3033} INFO - Sync 1 DAGs
[2025-04-28T14:05:03.860+0000] {logging_mixin.py:188} INFO - [2025-04-28T14:05:03.860+0000] {dag.py:3820} INFO - Setting next_dagrun for example_branch_python_operator_decorator to 2025-04-27T00:00:00+00:00, run_after=2025-04-28T00:00:00+00:00
[2025-04-28T14:05:03.914+0000] {processor.py:183} INFO - Processing /home/airflow/.local/lib/python3.8/site-packages/airflow/example_dags/example_branch_operator_decorator.py took 0.276 seconds
[2025-04-28T14:05:35.717+0000] {processor.py:161} INFO - Started process (PID=1220) to work on /home/airflow/.local/lib/python3.8/site-packages/airflow/example_dags/example_branch_operator_decorator.py
[2025-04-28T14:05:35.718+0000] {processor.py:830} INFO - Processing file /home/airflow/.local/lib/python3.8/site-packages/airflow/example_dags/example_branch_operator_decorator.py for tasks to queue
[2025-04-28T14:05:35.722+0000] {logging_mixin.py:188} INFO - [2025-04-28T14:05:35.721+0000] {dagbag.py:538} INFO - Filling up the DagBag from /home/airflow/.local/lib/python3.8/site-packages/airflow/example_dags/example_branch_operator_decorator.py
[2025-04-28T14:05:35.755+0000] {processor.py:840} INFO - DAG(s) 'example_branch_python_operator_decorator' retrieved from /home/airflow/.local/lib/python3.8/site-packages/airflow/example_dags/example_branch_operator_decorator.py
[2025-04-28T14:05:35.809+0000] {logging_mixin.py:188} INFO - [2025-04-28T14:05:35.809+0000] {dag.py:3033} INFO - Sync 1 DAGs
[2025-04-28T14:05:35.847+0000] {logging_mixin.py:188} INFO - [2025-04-28T14:05:35.847+0000] {dag.py:3820} INFO - Setting next_dagrun for example_branch_python_operator_decorator to 2025-04-27T00:00:00+00:00, run_after=2025-04-28T00:00:00+00:00
[2025-04-28T14:05:35.877+0000] {processor.py:183} INFO - Processing /home/airflow/.local/lib/python3.8/site-packages/airflow/example_dags/example_branch_operator_decorator.py took 0.166 seconds
[2025-04-28T14:06:07.401+0000] {processor.py:161} INFO - Started process (PID=1276) to work on /home/airflow/.local/lib/python3.8/site-packages/airflow/example_dags/example_branch_operator_decorator.py
[2025-04-28T14:06:07.402+0000] {processor.py:830} INFO - Processing file /home/airflow/.local/lib/python3.8/site-packages/airflow/example_dags/example_branch_operator_decorator.py for tasks to queue
[2025-04-28T14:06:07.409+0000] {logging_mixin.py:188} INFO - [2025-04-28T14:06:07.408+0000] {dagbag.py:538} INFO - Filling up the DagBag from /home/airflow/.local/lib/python3.8/site-packages/airflow/example_dags/example_branch_operator_decorator.py
[2025-04-28T14:06:07.446+0000] {processor.py:840} INFO - DAG(s) 'example_branch_python_operator_decorator' retrieved from /home/airflow/.local/lib/python3.8/site-packages/airflow/example_dags/example_branch_operator_decorator.py
[2025-04-28T14:06:07.503+0000] {logging_mixin.py:188} INFO - [2025-04-28T14:06:07.503+0000] {dag.py:3033} INFO - Sync 1 DAGs
[2025-04-28T14:06:07.548+0000] {logging_mixin.py:188} INFO - [2025-04-28T14:06:07.547+0000] {dag.py:3820} INFO - Setting next_dagrun for example_branch_python_operator_decorator to 2025-04-27T00:00:00+00:00, run_after=2025-04-28T00:00:00+00:00
[2025-04-28T14:06:07.592+0000] {processor.py:183} INFO - Processing /home/airflow/.local/lib/python3.8/site-packages/airflow/example_dags/example_branch_operator_decorator.py took 0.196 seconds
[2025-04-28T14:06:41.577+0000] {processor.py:161} INFO - Started process (PID=1338) to work on /home/airflow/.local/lib/python3.8/site-packages/airflow/example_dags/example_branch_operator_decorator.py
[2025-04-28T14:06:41.578+0000] {processor.py:830} INFO - Processing file /home/airflow/.local/lib/python3.8/site-packages/airflow/example_dags/example_branch_operator_decorator.py for tasks to queue
[2025-04-28T14:06:41.582+0000] {logging_mixin.py:188} INFO - [2025-04-28T14:06:41.582+0000] {dagbag.py:538} INFO - Filling up the DagBag from /home/airflow/.local/lib/python3.8/site-packages/airflow/example_dags/example_branch_operator_decorator.py
[2025-04-28T14:06:41.629+0000] {processor.py:840} INFO - DAG(s) 'example_branch_python_operator_decorator' retrieved from /home/airflow/.local/lib/python3.8/site-packages/airflow/example_dags/example_branch_operator_decorator.py
[2025-04-28T14:06:41.696+0000] {logging_mixin.py:188} INFO - [2025-04-28T14:06:41.696+0000] {dag.py:3033} INFO - Sync 1 DAGs
[2025-04-28T14:06:41.748+0000] {logging_mixin.py:188} INFO - [2025-04-28T14:06:41.748+0000] {dag.py:3820} INFO - Setting next_dagrun for example_branch_python_operator_decorator to 2025-04-27T00:00:00+00:00, run_after=2025-04-28T00:00:00+00:00
[2025-04-28T14:06:41.780+0000] {processor.py:183} INFO - Processing /home/airflow/.local/lib/python3.8/site-packages/airflow/example_dags/example_branch_operator_decorator.py took 0.211 seconds
[2025-04-28T14:07:14.232+0000] {processor.py:161} INFO - Started process (PID=1394) to work on /home/airflow/.local/lib/python3.8/site-packages/airflow/example_dags/example_branch_operator_decorator.py
[2025-04-28T14:07:14.234+0000] {processor.py:830} INFO - Processing file /home/airflow/.local/lib/python3.8/site-packages/airflow/example_dags/example_branch_operator_decorator.py for tasks to queue
[2025-04-28T14:07:14.237+0000] {logging_mixin.py:188} INFO - [2025-04-28T14:07:14.236+0000] {dagbag.py:538} INFO - Filling up the DagBag from /home/airflow/.local/lib/python3.8/site-packages/airflow/example_dags/example_branch_operator_decorator.py
[2025-04-28T14:07:14.280+0000] {processor.py:840} INFO - DAG(s) 'example_branch_python_operator_decorator' retrieved from /home/airflow/.local/lib/python3.8/site-packages/airflow/example_dags/example_branch_operator_decorator.py
[2025-04-28T14:07:14.343+0000] {logging_mixin.py:188} INFO - [2025-04-28T14:07:14.343+0000] {dag.py:3033} INFO - Sync 1 DAGs
[2025-04-28T14:07:14.399+0000] {logging_mixin.py:188} INFO - [2025-04-28T14:07:14.398+0000] {dag.py:3820} INFO - Setting next_dagrun for example_branch_python_operator_decorator to 2025-04-27T00:00:00+00:00, run_after=2025-04-28T00:00:00+00:00
[2025-04-28T14:07:14.431+0000] {processor.py:183} INFO - Processing /home/airflow/.local/lib/python3.8/site-packages/airflow/example_dags/example_branch_operator_decorator.py took 0.203 seconds
[2025-04-28T14:07:46.579+0000] {processor.py:161} INFO - Started process (PID=1452) to work on /home/airflow/.local/lib/python3.8/site-packages/airflow/example_dags/example_branch_operator_decorator.py
[2025-04-28T14:07:46.581+0000] {processor.py:830} INFO - Processing file /home/airflow/.local/lib/python3.8/site-packages/airflow/example_dags/example_branch_operator_decorator.py for tasks to queue
[2025-04-28T14:07:46.588+0000] {logging_mixin.py:188} INFO - [2025-04-28T14:07:46.587+0000] {dagbag.py:538} INFO - Filling up the DagBag from /home/airflow/.local/lib/python3.8/site-packages/airflow/example_dags/example_branch_operator_decorator.py
[2025-04-28T14:07:46.670+0000] {processor.py:840} INFO - DAG(s) 'example_branch_python_operator_decorator' retrieved from /home/airflow/.local/lib/python3.8/site-packages/airflow/example_dags/example_branch_operator_decorator.py
[2025-04-28T14:07:46.791+0000] {logging_mixin.py:188} INFO - [2025-04-28T14:07:46.791+0000] {dag.py:3033} INFO - Sync 1 DAGs
[2025-04-28T14:07:46.855+0000] {logging_mixin.py:188} INFO - [2025-04-28T14:07:46.854+0000] {dag.py:3820} INFO - Setting next_dagrun for example_branch_python_operator_decorator to 2025-04-27T00:00:00+00:00, run_after=2025-04-28T00:00:00+00:00
[2025-04-28T14:07:46.904+0000] {processor.py:183} INFO - Processing /home/airflow/.local/lib/python3.8/site-packages/airflow/example_dags/example_branch_operator_decorator.py took 0.339 seconds
[2025-04-28T14:08:17.955+0000] {processor.py:161} INFO - Started process (PID=1512) to work on /home/airflow/.local/lib/python3.8/site-packages/airflow/example_dags/example_branch_operator_decorator.py
[2025-04-28T14:08:17.957+0000] {processor.py:830} INFO - Processing file /home/airflow/.local/lib/python3.8/site-packages/airflow/example_dags/example_branch_operator_decorator.py for tasks to queue
[2025-04-28T14:08:17.962+0000] {logging_mixin.py:188} INFO - [2025-04-28T14:08:17.961+0000] {dagbag.py:538} INFO - Filling up the DagBag from /home/airflow/.local/lib/python3.8/site-packages/airflow/example_dags/example_branch_operator_decorator.py
[2025-04-28T14:08:18.010+0000] {processor.py:840} INFO - DAG(s) 'example_branch_python_operator_decorator' retrieved from /home/airflow/.local/lib/python3.8/site-packages/airflow/example_dags/example_branch_operator_decorator.py
[2025-04-28T14:08:18.064+0000] {logging_mixin.py:188} INFO - [2025-04-28T14:08:18.063+0000] {dag.py:3033} INFO - Sync 1 DAGs
[2025-04-28T14:08:18.117+0000] {logging_mixin.py:188} INFO - [2025-04-28T14:08:18.116+0000] {dag.py:3820} INFO - Setting next_dagrun for example_branch_python_operator_decorator to 2025-04-27T00:00:00+00:00, run_after=2025-04-28T00:00:00+00:00
[2025-04-28T14:08:18.159+0000] {processor.py:183} INFO - Processing /home/airflow/.local/lib/python3.8/site-packages/airflow/example_dags/example_branch_operator_decorator.py took 0.209 seconds
[2025-04-28T14:08:52.491+0000] {processor.py:161} INFO - Started process (PID=1576) to work on /home/airflow/.local/lib/python3.8/site-packages/airflow/example_dags/example_branch_operator_decorator.py
[2025-04-28T14:08:52.492+0000] {processor.py:830} INFO - Processing file /home/airflow/.local/lib/python3.8/site-packages/airflow/example_dags/example_branch_operator_decorator.py for tasks to queue
[2025-04-28T14:08:52.496+0000] {logging_mixin.py:188} INFO - [2025-04-28T14:08:52.495+0000] {dagbag.py:538} INFO - Filling up the DagBag from /home/airflow/.local/lib/python3.8/site-packages/airflow/example_dags/example_branch_operator_decorator.py
[2025-04-28T14:08:52.533+0000] {processor.py:840} INFO - DAG(s) 'example_branch_python_operator_decorator' retrieved from /home/airflow/.local/lib/python3.8/site-packages/airflow/example_dags/example_branch_operator_decorator.py
[2025-04-28T14:08:52.593+0000] {logging_mixin.py:188} INFO - [2025-04-28T14:08:52.593+0000] {dag.py:3033} INFO - Sync 1 DAGs
[2025-04-28T14:08:52.649+0000] {logging_mixin.py:188} INFO - [2025-04-28T14:08:52.648+0000] {dag.py:3820} INFO - Setting next_dagrun for example_branch_python_operator_decorator to 2025-04-27T00:00:00+00:00, run_after=2025-04-28T00:00:00+00:00
[2025-04-28T14:08:52.699+0000] {processor.py:183} INFO - Processing /home/airflow/.local/lib/python3.8/site-packages/airflow/example_dags/example_branch_operator_decorator.py took 0.214 seconds
[2025-04-28T14:09:25.053+0000] {processor.py:161} INFO - Started process (PID=1636) to work on /home/airflow/.local/lib/python3.8/site-packages/airflow/example_dags/example_branch_operator_decorator.py
[2025-04-28T14:09:25.055+0000] {processor.py:830} INFO - Processing file /home/airflow/.local/lib/python3.8/site-packages/airflow/example_dags/example_branch_operator_decorator.py for tasks to queue
[2025-04-28T14:09:25.059+0000] {logging_mixin.py:188} INFO - [2025-04-28T14:09:25.058+0000] {dagbag.py:538} INFO - Filling up the DagBag from /home/airflow/.local/lib/python3.8/site-packages/airflow/example_dags/example_branch_operator_decorator.py
[2025-04-28T14:09:25.088+0000] {processor.py:840} INFO - DAG(s) 'example_branch_python_operator_decorator' retrieved from /home/airflow/.local/lib/python3.8/site-packages/airflow/example_dags/example_branch_operator_decorator.py
[2025-04-28T14:09:25.143+0000] {logging_mixin.py:188} INFO - [2025-04-28T14:09:25.143+0000] {dag.py:3033} INFO - Sync 1 DAGs
[2025-04-28T14:09:25.193+0000] {logging_mixin.py:188} INFO - [2025-04-28T14:09:25.192+0000] {dag.py:3820} INFO - Setting next_dagrun for example_branch_python_operator_decorator to 2025-04-27T00:00:00+00:00, run_after=2025-04-28T00:00:00+00:00
[2025-04-28T14:09:25.232+0000] {processor.py:183} INFO - Processing /home/airflow/.local/lib/python3.8/site-packages/airflow/example_dags/example_branch_operator_decorator.py took 0.187 seconds
[2025-04-28T14:09:57.329+0000] {processor.py:161} INFO - Started process (PID=1692) to work on /home/airflow/.local/lib/python3.8/site-packages/airflow/example_dags/example_branch_operator_decorator.py
[2025-04-28T14:09:57.331+0000] {processor.py:830} INFO - Processing file /home/airflow/.local/lib/python3.8/site-packages/airflow/example_dags/example_branch_operator_decorator.py for tasks to queue
[2025-04-28T14:09:57.334+0000] {logging_mixin.py:188} INFO - [2025-04-28T14:09:57.334+0000] {dagbag.py:538} INFO - Filling up the DagBag from /home/airflow/.local/lib/python3.8/site-packages/airflow/example_dags/example_branch_operator_decorator.py
[2025-04-28T14:09:57.366+0000] {processor.py:840} INFO - DAG(s) 'example_branch_python_operator_decorator' retrieved from /home/airflow/.local/lib/python3.8/site-packages/airflow/example_dags/example_branch_operator_decorator.py
[2025-04-28T14:09:57.412+0000] {logging_mixin.py:188} INFO - [2025-04-28T14:09:57.412+0000] {dag.py:3033} INFO - Sync 1 DAGs
[2025-04-28T14:09:57.448+0000] {logging_mixin.py:188} INFO - [2025-04-28T14:09:57.447+0000] {dag.py:3820} INFO - Setting next_dagrun for example_branch_python_operator_decorator to 2025-04-27T00:00:00+00:00, run_after=2025-04-28T00:00:00+00:00
[2025-04-28T14:09:57.479+0000] {processor.py:183} INFO - Processing /home/airflow/.local/lib/python3.8/site-packages/airflow/example_dags/example_branch_operator_decorator.py took 0.155 seconds
[2025-04-28T14:12:16.782+0000] {processor.py:161} INFO - Started process (PID=109) to work on /home/airflow/.local/lib/python3.8/site-packages/airflow/example_dags/example_branch_operator_decorator.py
[2025-04-28T14:12:16.783+0000] {processor.py:830} INFO - Processing file /home/airflow/.local/lib/python3.8/site-packages/airflow/example_dags/example_branch_operator_decorator.py for tasks to queue
[2025-04-28T14:12:16.787+0000] {logging_mixin.py:188} INFO - [2025-04-28T14:12:16.787+0000] {dagbag.py:538} INFO - Filling up the DagBag from /home/airflow/.local/lib/python3.8/site-packages/airflow/example_dags/example_branch_operator_decorator.py
[2025-04-28T14:12:16.820+0000] {processor.py:840} INFO - DAG(s) 'example_branch_python_operator_decorator' retrieved from /home/airflow/.local/lib/python3.8/site-packages/airflow/example_dags/example_branch_operator_decorator.py
[2025-04-28T14:12:17.037+0000] {logging_mixin.py:188} INFO - [2025-04-28T14:12:17.037+0000] {dag.py:3033} INFO - Sync 1 DAGs
[2025-04-28T14:12:17.074+0000] {logging_mixin.py:188} INFO - [2025-04-28T14:12:17.074+0000] {dag.py:3820} INFO - Setting next_dagrun for example_branch_python_operator_decorator to 2025-04-27T00:00:00+00:00, run_after=2025-04-28T00:00:00+00:00
[2025-04-28T14:12:17.121+0000] {processor.py:183} INFO - Processing /home/airflow/.local/lib/python3.8/site-packages/airflow/example_dags/example_branch_operator_decorator.py took 0.346 seconds
[2025-04-28T14:12:48.291+0000] {processor.py:161} INFO - Started process (PID=166) to work on /home/airflow/.local/lib/python3.8/site-packages/airflow/example_dags/example_branch_operator_decorator.py
[2025-04-28T14:12:48.292+0000] {processor.py:830} INFO - Processing file /home/airflow/.local/lib/python3.8/site-packages/airflow/example_dags/example_branch_operator_decorator.py for tasks to queue
[2025-04-28T14:12:48.297+0000] {logging_mixin.py:188} INFO - [2025-04-28T14:12:48.297+0000] {dagbag.py:538} INFO - Filling up the DagBag from /home/airflow/.local/lib/python3.8/site-packages/airflow/example_dags/example_branch_operator_decorator.py
[2025-04-28T14:12:48.336+0000] {processor.py:840} INFO - DAG(s) 'example_branch_python_operator_decorator' retrieved from /home/airflow/.local/lib/python3.8/site-packages/airflow/example_dags/example_branch_operator_decorator.py
[2025-04-28T14:12:48.394+0000] {logging_mixin.py:188} INFO - [2025-04-28T14:12:48.394+0000] {dag.py:3033} INFO - Sync 1 DAGs
[2025-04-28T14:12:48.451+0000] {logging_mixin.py:188} INFO - [2025-04-28T14:12:48.451+0000] {dag.py:3820} INFO - Setting next_dagrun for example_branch_python_operator_decorator to 2025-04-27T00:00:00+00:00, run_after=2025-04-28T00:00:00+00:00
[2025-04-28T14:12:48.492+0000] {processor.py:183} INFO - Processing /home/airflow/.local/lib/python3.8/site-packages/airflow/example_dags/example_branch_operator_decorator.py took 0.215 seconds
[2025-04-28T14:13:19.318+0000] {processor.py:161} INFO - Started process (PID=222) to work on /home/airflow/.local/lib/python3.8/site-packages/airflow/example_dags/example_branch_operator_decorator.py
[2025-04-28T14:13:19.319+0000] {processor.py:830} INFO - Processing file /home/airflow/.local/lib/python3.8/site-packages/airflow/example_dags/example_branch_operator_decorator.py for tasks to queue
[2025-04-28T14:13:19.322+0000] {logging_mixin.py:188} INFO - [2025-04-28T14:13:19.322+0000] {dagbag.py:538} INFO - Filling up the DagBag from /home/airflow/.local/lib/python3.8/site-packages/airflow/example_dags/example_branch_operator_decorator.py
[2025-04-28T14:13:19.348+0000] {processor.py:840} INFO - DAG(s) 'example_branch_python_operator_decorator' retrieved from /home/airflow/.local/lib/python3.8/site-packages/airflow/example_dags/example_branch_operator_decorator.py
[2025-04-28T14:13:19.389+0000] {logging_mixin.py:188} INFO - [2025-04-28T14:13:19.389+0000] {dag.py:3033} INFO - Sync 1 DAGs
[2025-04-28T14:13:19.418+0000] {logging_mixin.py:188} INFO - [2025-04-28T14:13:19.418+0000] {dag.py:3820} INFO - Setting next_dagrun for example_branch_python_operator_decorator to 2025-04-27T00:00:00+00:00, run_after=2025-04-28T00:00:00+00:00
[2025-04-28T14:13:19.446+0000] {processor.py:183} INFO - Processing /home/airflow/.local/lib/python3.8/site-packages/airflow/example_dags/example_branch_operator_decorator.py took 0.133 seconds
[2025-04-28T14:13:50.924+0000] {processor.py:161} INFO - Started process (PID=279) to work on /home/airflow/.local/lib/python3.8/site-packages/airflow/example_dags/example_branch_operator_decorator.py
[2025-04-28T14:13:50.932+0000] {processor.py:830} INFO - Processing file /home/airflow/.local/lib/python3.8/site-packages/airflow/example_dags/example_branch_operator_decorator.py for tasks to queue
[2025-04-28T14:13:50.948+0000] {logging_mixin.py:188} INFO - [2025-04-28T14:13:50.947+0000] {dagbag.py:538} INFO - Filling up the DagBag from /home/airflow/.local/lib/python3.8/site-packages/airflow/example_dags/example_branch_operator_decorator.py
[2025-04-28T14:13:51.029+0000] {processor.py:840} INFO - DAG(s) 'example_branch_python_operator_decorator' retrieved from /home/airflow/.local/lib/python3.8/site-packages/airflow/example_dags/example_branch_operator_decorator.py
[2025-04-28T14:13:51.163+0000] {logging_mixin.py:188} INFO - [2025-04-28T14:13:51.163+0000] {dag.py:3033} INFO - Sync 1 DAGs
[2025-04-28T14:13:51.254+0000] {logging_mixin.py:188} INFO - [2025-04-28T14:13:51.254+0000] {dag.py:3820} INFO - Setting next_dagrun for example_branch_python_operator_decorator to 2025-04-27T00:00:00+00:00, run_after=2025-04-28T00:00:00+00:00
[2025-04-28T14:13:51.381+0000] {processor.py:183} INFO - Processing /home/airflow/.local/lib/python3.8/site-packages/airflow/example_dags/example_branch_operator_decorator.py took 0.472 seconds
[2025-04-28T14:14:21.834+0000] {processor.py:161} INFO - Started process (PID=335) to work on /home/airflow/.local/lib/python3.8/site-packages/airflow/example_dags/example_branch_operator_decorator.py
[2025-04-28T14:14:21.835+0000] {processor.py:830} INFO - Processing file /home/airflow/.local/lib/python3.8/site-packages/airflow/example_dags/example_branch_operator_decorator.py for tasks to queue
[2025-04-28T14:14:21.838+0000] {logging_mixin.py:188} INFO - [2025-04-28T14:14:21.838+0000] {dagbag.py:538} INFO - Filling up the DagBag from /home/airflow/.local/lib/python3.8/site-packages/airflow/example_dags/example_branch_operator_decorator.py
[2025-04-28T14:14:21.869+0000] {processor.py:840} INFO - DAG(s) 'example_branch_python_operator_decorator' retrieved from /home/airflow/.local/lib/python3.8/site-packages/airflow/example_dags/example_branch_operator_decorator.py
[2025-04-28T14:14:21.915+0000] {logging_mixin.py:188} INFO - [2025-04-28T14:14:21.915+0000] {dag.py:3033} INFO - Sync 1 DAGs
[2025-04-28T14:14:21.974+0000] {logging_mixin.py:188} INFO - [2025-04-28T14:14:21.973+0000] {dag.py:3820} INFO - Setting next_dagrun for example_branch_python_operator_decorator to 2025-04-27T00:00:00+00:00, run_after=2025-04-28T00:00:00+00:00
[2025-04-28T14:14:22.024+0000] {processor.py:183} INFO - Processing /home/airflow/.local/lib/python3.8/site-packages/airflow/example_dags/example_branch_operator_decorator.py took 0.197 seconds
[2025-04-28T14:14:54.620+0000] {processor.py:161} INFO - Started process (PID=392) to work on /home/airflow/.local/lib/python3.8/site-packages/airflow/example_dags/example_branch_operator_decorator.py
[2025-04-28T14:14:54.622+0000] {processor.py:830} INFO - Processing file /home/airflow/.local/lib/python3.8/site-packages/airflow/example_dags/example_branch_operator_decorator.py for tasks to queue
[2025-04-28T14:14:54.626+0000] {logging_mixin.py:188} INFO - [2025-04-28T14:14:54.626+0000] {dagbag.py:538} INFO - Filling up the DagBag from /home/airflow/.local/lib/python3.8/site-packages/airflow/example_dags/example_branch_operator_decorator.py
[2025-04-28T14:14:54.662+0000] {processor.py:840} INFO - DAG(s) 'example_branch_python_operator_decorator' retrieved from /home/airflow/.local/lib/python3.8/site-packages/airflow/example_dags/example_branch_operator_decorator.py
[2025-04-28T14:14:54.755+0000] {logging_mixin.py:188} INFO - [2025-04-28T14:14:54.754+0000] {dag.py:3033} INFO - Sync 1 DAGs
[2025-04-28T14:14:54.820+0000] {logging_mixin.py:188} INFO - [2025-04-28T14:14:54.820+0000] {dag.py:3820} INFO - Setting next_dagrun for example_branch_python_operator_decorator to 2025-04-27T00:00:00+00:00, run_after=2025-04-28T00:00:00+00:00
[2025-04-28T14:14:54.873+0000] {processor.py:183} INFO - Processing /home/airflow/.local/lib/python3.8/site-packages/airflow/example_dags/example_branch_operator_decorator.py took 0.257 seconds
[2025-04-28T14:15:26.008+0000] {processor.py:161} INFO - Started process (PID=447) to work on /home/airflow/.local/lib/python3.8/site-packages/airflow/example_dags/example_branch_operator_decorator.py
[2025-04-28T14:15:26.009+0000] {processor.py:830} INFO - Processing file /home/airflow/.local/lib/python3.8/site-packages/airflow/example_dags/example_branch_operator_decorator.py for tasks to queue
[2025-04-28T14:15:26.012+0000] {logging_mixin.py:188} INFO - [2025-04-28T14:15:26.012+0000] {dagbag.py:538} INFO - Filling up the DagBag from /home/airflow/.local/lib/python3.8/site-packages/airflow/example_dags/example_branch_operator_decorator.py
[2025-04-28T14:15:26.040+0000] {processor.py:840} INFO - DAG(s) 'example_branch_python_operator_decorator' retrieved from /home/airflow/.local/lib/python3.8/site-packages/airflow/example_dags/example_branch_operator_decorator.py
[2025-04-28T14:15:26.089+0000] {logging_mixin.py:188} INFO - [2025-04-28T14:15:26.089+0000] {dag.py:3033} INFO - Sync 1 DAGs
[2025-04-28T14:15:26.131+0000] {logging_mixin.py:188} INFO - [2025-04-28T14:15:26.131+0000] {dag.py:3820} INFO - Setting next_dagrun for example_branch_python_operator_decorator to 2025-04-27T00:00:00+00:00, run_after=2025-04-28T00:00:00+00:00
[2025-04-28T14:15:26.158+0000] {processor.py:183} INFO - Processing /home/airflow/.local/lib/python3.8/site-packages/airflow/example_dags/example_branch_operator_decorator.py took 0.155 seconds
[2025-04-28T14:15:59.274+0000] {processor.py:161} INFO - Started process (PID=502) to work on /home/airflow/.local/lib/python3.8/site-packages/airflow/example_dags/example_branch_operator_decorator.py
[2025-04-28T14:15:59.276+0000] {processor.py:830} INFO - Processing file /home/airflow/.local/lib/python3.8/site-packages/airflow/example_dags/example_branch_operator_decorator.py for tasks to queue
[2025-04-28T14:15:59.279+0000] {logging_mixin.py:188} INFO - [2025-04-28T14:15:59.279+0000] {dagbag.py:538} INFO - Filling up the DagBag from /home/airflow/.local/lib/python3.8/site-packages/airflow/example_dags/example_branch_operator_decorator.py
[2025-04-28T14:15:59.305+0000] {processor.py:840} INFO - DAG(s) 'example_branch_python_operator_decorator' retrieved from /home/airflow/.local/lib/python3.8/site-packages/airflow/example_dags/example_branch_operator_decorator.py
[2025-04-28T14:15:59.353+0000] {logging_mixin.py:188} INFO - [2025-04-28T14:15:59.352+0000] {dag.py:3033} INFO - Sync 1 DAGs
[2025-04-28T14:15:59.401+0000] {logging_mixin.py:188} INFO - [2025-04-28T14:15:59.401+0000] {dag.py:3820} INFO - Setting next_dagrun for example_branch_python_operator_decorator to 2025-04-27T00:00:00+00:00, run_after=2025-04-28T00:00:00+00:00
[2025-04-28T14:15:59.436+0000] {processor.py:183} INFO - Processing /home/airflow/.local/lib/python3.8/site-packages/airflow/example_dags/example_branch_operator_decorator.py took 0.167 seconds
[2025-04-28T14:16:32.129+0000] {processor.py:161} INFO - Started process (PID=558) to work on /home/airflow/.local/lib/python3.8/site-packages/airflow/example_dags/example_branch_operator_decorator.py
[2025-04-28T14:16:32.130+0000] {processor.py:830} INFO - Processing file /home/airflow/.local/lib/python3.8/site-packages/airflow/example_dags/example_branch_operator_decorator.py for tasks to queue
[2025-04-28T14:16:32.134+0000] {logging_mixin.py:188} INFO - [2025-04-28T14:16:32.134+0000] {dagbag.py:538} INFO - Filling up the DagBag from /home/airflow/.local/lib/python3.8/site-packages/airflow/example_dags/example_branch_operator_decorator.py
[2025-04-28T14:16:32.174+0000] {processor.py:840} INFO - DAG(s) 'example_branch_python_operator_decorator' retrieved from /home/airflow/.local/lib/python3.8/site-packages/airflow/example_dags/example_branch_operator_decorator.py
[2025-04-28T14:16:32.223+0000] {logging_mixin.py:188} INFO - [2025-04-28T14:16:32.223+0000] {dag.py:3033} INFO - Sync 1 DAGs
[2025-04-28T14:16:32.259+0000] {logging_mixin.py:188} INFO - [2025-04-28T14:16:32.259+0000] {dag.py:3820} INFO - Setting next_dagrun for example_branch_python_operator_decorator to 2025-04-27T00:00:00+00:00, run_after=2025-04-28T00:00:00+00:00
[2025-04-28T14:16:32.291+0000] {processor.py:183} INFO - Processing /home/airflow/.local/lib/python3.8/site-packages/airflow/example_dags/example_branch_operator_decorator.py took 0.168 seconds
[2025-04-28T14:17:05.171+0000] {processor.py:161} INFO - Started process (PID=613) to work on /home/airflow/.local/lib/python3.8/site-packages/airflow/example_dags/example_branch_operator_decorator.py
[2025-04-28T14:17:05.173+0000] {processor.py:830} INFO - Processing file /home/airflow/.local/lib/python3.8/site-packages/airflow/example_dags/example_branch_operator_decorator.py for tasks to queue
[2025-04-28T14:17:05.177+0000] {logging_mixin.py:188} INFO - [2025-04-28T14:17:05.176+0000] {dagbag.py:538} INFO - Filling up the DagBag from /home/airflow/.local/lib/python3.8/site-packages/airflow/example_dags/example_branch_operator_decorator.py
[2025-04-28T14:17:05.226+0000] {processor.py:840} INFO - DAG(s) 'example_branch_python_operator_decorator' retrieved from /home/airflow/.local/lib/python3.8/site-packages/airflow/example_dags/example_branch_operator_decorator.py
[2025-04-28T14:17:05.285+0000] {logging_mixin.py:188} INFO - [2025-04-28T14:17:05.285+0000] {dag.py:3033} INFO - Sync 1 DAGs
[2025-04-28T14:17:05.322+0000] {logging_mixin.py:188} INFO - [2025-04-28T14:17:05.322+0000] {dag.py:3820} INFO - Setting next_dagrun for example_branch_python_operator_decorator to 2025-04-27T00:00:00+00:00, run_after=2025-04-28T00:00:00+00:00
[2025-04-28T14:17:05.359+0000] {processor.py:183} INFO - Processing /home/airflow/.local/lib/python3.8/site-packages/airflow/example_dags/example_branch_operator_decorator.py took 0.195 seconds
[2025-04-28T14:17:38.170+0000] {processor.py:161} INFO - Started process (PID=669) to work on /home/airflow/.local/lib/python3.8/site-packages/airflow/example_dags/example_branch_operator_decorator.py
[2025-04-28T14:17:38.172+0000] {processor.py:830} INFO - Processing file /home/airflow/.local/lib/python3.8/site-packages/airflow/example_dags/example_branch_operator_decorator.py for tasks to queue
[2025-04-28T14:17:38.176+0000] {logging_mixin.py:188} INFO - [2025-04-28T14:17:38.175+0000] {dagbag.py:538} INFO - Filling up the DagBag from /home/airflow/.local/lib/python3.8/site-packages/airflow/example_dags/example_branch_operator_decorator.py
[2025-04-28T14:17:38.274+0000] {processor.py:840} INFO - DAG(s) 'example_branch_python_operator_decorator' retrieved from /home/airflow/.local/lib/python3.8/site-packages/airflow/example_dags/example_branch_operator_decorator.py
[2025-04-28T14:17:38.370+0000] {logging_mixin.py:188} INFO - [2025-04-28T14:17:38.369+0000] {dag.py:3033} INFO - Sync 1 DAGs
[2025-04-28T14:17:38.463+0000] {logging_mixin.py:188} INFO - [2025-04-28T14:17:38.463+0000] {dag.py:3820} INFO - Setting next_dagrun for example_branch_python_operator_decorator to 2025-04-27T00:00:00+00:00, run_after=2025-04-28T00:00:00+00:00
[2025-04-28T14:17:38.534+0000] {processor.py:183} INFO - Processing /home/airflow/.local/lib/python3.8/site-packages/airflow/example_dags/example_branch_operator_decorator.py took 0.387 seconds
[2025-04-28T14:18:12.661+0000] {processor.py:161} INFO - Started process (PID=731) to work on /home/airflow/.local/lib/python3.8/site-packages/airflow/example_dags/example_branch_operator_decorator.py
[2025-04-28T14:18:12.663+0000] {processor.py:830} INFO - Processing file /home/airflow/.local/lib/python3.8/site-packages/airflow/example_dags/example_branch_operator_decorator.py for tasks to queue
[2025-04-28T14:18:12.675+0000] {logging_mixin.py:188} INFO - [2025-04-28T14:18:12.674+0000] {dagbag.py:538} INFO - Filling up the DagBag from /home/airflow/.local/lib/python3.8/site-packages/airflow/example_dags/example_branch_operator_decorator.py
[2025-04-28T14:18:12.722+0000] {processor.py:840} INFO - DAG(s) 'example_branch_python_operator_decorator' retrieved from /home/airflow/.local/lib/python3.8/site-packages/airflow/example_dags/example_branch_operator_decorator.py
[2025-04-28T14:18:12.783+0000] {logging_mixin.py:188} INFO - [2025-04-28T14:18:12.782+0000] {dag.py:3033} INFO - Sync 1 DAGs
[2025-04-28T14:18:12.838+0000] {logging_mixin.py:188} INFO - [2025-04-28T14:18:12.838+0000] {dag.py:3820} INFO - Setting next_dagrun for example_branch_python_operator_decorator to 2025-04-27T00:00:00+00:00, run_after=2025-04-28T00:00:00+00:00
[2025-04-28T14:18:12.884+0000] {processor.py:183} INFO - Processing /home/airflow/.local/lib/python3.8/site-packages/airflow/example_dags/example_branch_operator_decorator.py took 0.230 seconds
[2025-04-28T14:18:43.349+0000] {processor.py:161} INFO - Started process (PID=788) to work on /home/airflow/.local/lib/python3.8/site-packages/airflow/example_dags/example_branch_operator_decorator.py
[2025-04-28T14:18:43.350+0000] {processor.py:830} INFO - Processing file /home/airflow/.local/lib/python3.8/site-packages/airflow/example_dags/example_branch_operator_decorator.py for tasks to queue
[2025-04-28T14:18:43.354+0000] {logging_mixin.py:188} INFO - [2025-04-28T14:18:43.354+0000] {dagbag.py:538} INFO - Filling up the DagBag from /home/airflow/.local/lib/python3.8/site-packages/airflow/example_dags/example_branch_operator_decorator.py
[2025-04-28T14:18:43.393+0000] {processor.py:840} INFO - DAG(s) 'example_branch_python_operator_decorator' retrieved from /home/airflow/.local/lib/python3.8/site-packages/airflow/example_dags/example_branch_operator_decorator.py
[2025-04-28T14:18:43.447+0000] {logging_mixin.py:188} INFO - [2025-04-28T14:18:43.447+0000] {dag.py:3033} INFO - Sync 1 DAGs
[2025-04-28T14:18:43.489+0000] {logging_mixin.py:188} INFO - [2025-04-28T14:18:43.489+0000] {dag.py:3820} INFO - Setting next_dagrun for example_branch_python_operator_decorator to 2025-04-27T00:00:00+00:00, run_after=2025-04-28T00:00:00+00:00
[2025-04-28T14:18:43.523+0000] {processor.py:183} INFO - Processing /home/airflow/.local/lib/python3.8/site-packages/airflow/example_dags/example_branch_operator_decorator.py took 0.179 seconds
[2025-04-28T14:19:15.668+0000] {processor.py:161} INFO - Started process (PID=844) to work on /home/airflow/.local/lib/python3.8/site-packages/airflow/example_dags/example_branch_operator_decorator.py
[2025-04-28T14:19:15.670+0000] {processor.py:830} INFO - Processing file /home/airflow/.local/lib/python3.8/site-packages/airflow/example_dags/example_branch_operator_decorator.py for tasks to queue
[2025-04-28T14:19:15.674+0000] {logging_mixin.py:188} INFO - [2025-04-28T14:19:15.673+0000] {dagbag.py:538} INFO - Filling up the DagBag from /home/airflow/.local/lib/python3.8/site-packages/airflow/example_dags/example_branch_operator_decorator.py
[2025-04-28T14:19:15.705+0000] {processor.py:840} INFO - DAG(s) 'example_branch_python_operator_decorator' retrieved from /home/airflow/.local/lib/python3.8/site-packages/airflow/example_dags/example_branch_operator_decorator.py
[2025-04-28T14:19:15.755+0000] {logging_mixin.py:188} INFO - [2025-04-28T14:19:15.755+0000] {dag.py:3033} INFO - Sync 1 DAGs
[2025-04-28T14:19:15.791+0000] {logging_mixin.py:188} INFO - [2025-04-28T14:19:15.790+0000] {dag.py:3820} INFO - Setting next_dagrun for example_branch_python_operator_decorator to 2025-04-27T00:00:00+00:00, run_after=2025-04-28T00:00:00+00:00
[2025-04-28T14:19:15.826+0000] {processor.py:183} INFO - Processing /home/airflow/.local/lib/python3.8/site-packages/airflow/example_dags/example_branch_operator_decorator.py took 0.163 seconds
[2025-04-28T14:19:48.939+0000] {processor.py:161} INFO - Started process (PID=900) to work on /home/airflow/.local/lib/python3.8/site-packages/airflow/example_dags/example_branch_operator_decorator.py
[2025-04-28T14:19:48.940+0000] {processor.py:830} INFO - Processing file /home/airflow/.local/lib/python3.8/site-packages/airflow/example_dags/example_branch_operator_decorator.py for tasks to queue
[2025-04-28T14:19:48.943+0000] {logging_mixin.py:188} INFO - [2025-04-28T14:19:48.943+0000] {dagbag.py:538} INFO - Filling up the DagBag from /home/airflow/.local/lib/python3.8/site-packages/airflow/example_dags/example_branch_operator_decorator.py
[2025-04-28T14:19:48.980+0000] {processor.py:840} INFO - DAG(s) 'example_branch_python_operator_decorator' retrieved from /home/airflow/.local/lib/python3.8/site-packages/airflow/example_dags/example_branch_operator_decorator.py
[2025-04-28T14:19:49.038+0000] {logging_mixin.py:188} INFO - [2025-04-28T14:19:49.038+0000] {dag.py:3033} INFO - Sync 1 DAGs
[2025-04-28T14:19:49.078+0000] {logging_mixin.py:188} INFO - [2025-04-28T14:19:49.078+0000] {dag.py:3820} INFO - Setting next_dagrun for example_branch_python_operator_decorator to 2025-04-27T00:00:00+00:00, run_after=2025-04-28T00:00:00+00:00
[2025-04-28T14:19:49.119+0000] {processor.py:183} INFO - Processing /home/airflow/.local/lib/python3.8/site-packages/airflow/example_dags/example_branch_operator_decorator.py took 0.187 seconds
[2025-04-28T14:20:22.741+0000] {processor.py:161} INFO - Started process (PID=956) to work on /home/airflow/.local/lib/python3.8/site-packages/airflow/example_dags/example_branch_operator_decorator.py
[2025-04-28T14:20:22.744+0000] {processor.py:830} INFO - Processing file /home/airflow/.local/lib/python3.8/site-packages/airflow/example_dags/example_branch_operator_decorator.py for tasks to queue
[2025-04-28T14:20:22.751+0000] {logging_mixin.py:188} INFO - [2025-04-28T14:20:22.750+0000] {dagbag.py:538} INFO - Filling up the DagBag from /home/airflow/.local/lib/python3.8/site-packages/airflow/example_dags/example_branch_operator_decorator.py
[2025-04-28T14:20:22.790+0000] {processor.py:840} INFO - DAG(s) 'example_branch_python_operator_decorator' retrieved from /home/airflow/.local/lib/python3.8/site-packages/airflow/example_dags/example_branch_operator_decorator.py
[2025-04-28T14:20:22.852+0000] {logging_mixin.py:188} INFO - [2025-04-28T14:20:22.851+0000] {dag.py:3033} INFO - Sync 1 DAGs
[2025-04-28T14:20:22.922+0000] {logging_mixin.py:188} INFO - [2025-04-28T14:20:22.922+0000] {dag.py:3820} INFO - Setting next_dagrun for example_branch_python_operator_decorator to 2025-04-27T00:00:00+00:00, run_after=2025-04-28T00:00:00+00:00
[2025-04-28T14:20:22.961+0000] {processor.py:183} INFO - Processing /home/airflow/.local/lib/python3.8/site-packages/airflow/example_dags/example_branch_operator_decorator.py took 0.225 seconds
[2025-04-28T14:20:53.933+0000] {processor.py:161} INFO - Started process (PID=1012) to work on /home/airflow/.local/lib/python3.8/site-packages/airflow/example_dags/example_branch_operator_decorator.py
[2025-04-28T14:20:53.935+0000] {processor.py:830} INFO - Processing file /home/airflow/.local/lib/python3.8/site-packages/airflow/example_dags/example_branch_operator_decorator.py for tasks to queue
[2025-04-28T14:20:53.938+0000] {logging_mixin.py:188} INFO - [2025-04-28T14:20:53.938+0000] {dagbag.py:538} INFO - Filling up the DagBag from /home/airflow/.local/lib/python3.8/site-packages/airflow/example_dags/example_branch_operator_decorator.py
[2025-04-28T14:20:53.968+0000] {processor.py:840} INFO - DAG(s) 'example_branch_python_operator_decorator' retrieved from /home/airflow/.local/lib/python3.8/site-packages/airflow/example_dags/example_branch_operator_decorator.py
[2025-04-28T14:20:54.014+0000] {logging_mixin.py:188} INFO - [2025-04-28T14:20:54.014+0000] {dag.py:3033} INFO - Sync 1 DAGs
[2025-04-28T14:20:54.058+0000] {logging_mixin.py:188} INFO - [2025-04-28T14:20:54.058+0000] {dag.py:3820} INFO - Setting next_dagrun for example_branch_python_operator_decorator to 2025-04-27T00:00:00+00:00, run_after=2025-04-28T00:00:00+00:00
[2025-04-28T14:20:54.089+0000] {processor.py:183} INFO - Processing /home/airflow/.local/lib/python3.8/site-packages/airflow/example_dags/example_branch_operator_decorator.py took 0.159 seconds
[2025-04-28T14:21:27.791+0000] {processor.py:161} INFO - Started process (PID=1067) to work on /home/airflow/.local/lib/python3.8/site-packages/airflow/example_dags/example_branch_operator_decorator.py
[2025-04-28T14:21:27.792+0000] {processor.py:830} INFO - Processing file /home/airflow/.local/lib/python3.8/site-packages/airflow/example_dags/example_branch_operator_decorator.py for tasks to queue
[2025-04-28T14:21:27.795+0000] {logging_mixin.py:188} INFO - [2025-04-28T14:21:27.795+0000] {dagbag.py:538} INFO - Filling up the DagBag from /home/airflow/.local/lib/python3.8/site-packages/airflow/example_dags/example_branch_operator_decorator.py
[2025-04-28T14:21:27.831+0000] {processor.py:840} INFO - DAG(s) 'example_branch_python_operator_decorator' retrieved from /home/airflow/.local/lib/python3.8/site-packages/airflow/example_dags/example_branch_operator_decorator.py
[2025-04-28T14:21:27.878+0000] {logging_mixin.py:188} INFO - [2025-04-28T14:21:27.878+0000] {dag.py:3033} INFO - Sync 1 DAGs
[2025-04-28T14:21:27.923+0000] {logging_mixin.py:188} INFO - [2025-04-28T14:21:27.923+0000] {dag.py:3820} INFO - Setting next_dagrun for example_branch_python_operator_decorator to 2025-04-27T00:00:00+00:00, run_after=2025-04-28T00:00:00+00:00
[2025-04-28T14:21:27.964+0000] {processor.py:183} INFO - Processing /home/airflow/.local/lib/python3.8/site-packages/airflow/example_dags/example_branch_operator_decorator.py took 0.177 seconds
[2025-04-28T14:22:00.987+0000] {processor.py:161} INFO - Started process (PID=1123) to work on /home/airflow/.local/lib/python3.8/site-packages/airflow/example_dags/example_branch_operator_decorator.py
[2025-04-28T14:22:00.989+0000] {processor.py:830} INFO - Processing file /home/airflow/.local/lib/python3.8/site-packages/airflow/example_dags/example_branch_operator_decorator.py for tasks to queue
[2025-04-28T14:22:00.993+0000] {logging_mixin.py:188} INFO - [2025-04-28T14:22:00.992+0000] {dagbag.py:538} INFO - Filling up the DagBag from /home/airflow/.local/lib/python3.8/site-packages/airflow/example_dags/example_branch_operator_decorator.py
[2025-04-28T14:22:01.031+0000] {processor.py:840} INFO - DAG(s) 'example_branch_python_operator_decorator' retrieved from /home/airflow/.local/lib/python3.8/site-packages/airflow/example_dags/example_branch_operator_decorator.py
[2025-04-28T14:22:01.085+0000] {logging_mixin.py:188} INFO - [2025-04-28T14:22:01.085+0000] {dag.py:3033} INFO - Sync 1 DAGs
[2025-04-28T14:22:01.140+0000] {logging_mixin.py:188} INFO - [2025-04-28T14:22:01.140+0000] {dag.py:3820} INFO - Setting next_dagrun for example_branch_python_operator_decorator to 2025-04-27T00:00:00+00:00, run_after=2025-04-28T00:00:00+00:00
[2025-04-28T14:22:01.195+0000] {processor.py:183} INFO - Processing /home/airflow/.local/lib/python3.8/site-packages/airflow/example_dags/example_branch_operator_decorator.py took 0.214 seconds
[2025-04-28T14:22:32.855+0000] {processor.py:161} INFO - Started process (PID=1178) to work on /home/airflow/.local/lib/python3.8/site-packages/airflow/example_dags/example_branch_operator_decorator.py
[2025-04-28T14:22:32.856+0000] {processor.py:830} INFO - Processing file /home/airflow/.local/lib/python3.8/site-packages/airflow/example_dags/example_branch_operator_decorator.py for tasks to queue
[2025-04-28T14:22:32.860+0000] {logging_mixin.py:188} INFO - [2025-04-28T14:22:32.860+0000] {dagbag.py:538} INFO - Filling up the DagBag from /home/airflow/.local/lib/python3.8/site-packages/airflow/example_dags/example_branch_operator_decorator.py
[2025-04-28T14:22:32.899+0000] {processor.py:840} INFO - DAG(s) 'example_branch_python_operator_decorator' retrieved from /home/airflow/.local/lib/python3.8/site-packages/airflow/example_dags/example_branch_operator_decorator.py
[2025-04-28T14:22:32.957+0000] {logging_mixin.py:188} INFO - [2025-04-28T14:22:32.957+0000] {dag.py:3033} INFO - Sync 1 DAGs
[2025-04-28T14:22:33.001+0000] {logging_mixin.py:188} INFO - [2025-04-28T14:22:33.001+0000] {dag.py:3820} INFO - Setting next_dagrun for example_branch_python_operator_decorator to 2025-04-27T00:00:00+00:00, run_after=2025-04-28T00:00:00+00:00
[2025-04-28T14:22:33.043+0000] {processor.py:183} INFO - Processing /home/airflow/.local/lib/python3.8/site-packages/airflow/example_dags/example_branch_operator_decorator.py took 0.194 seconds
[2025-04-28T14:23:05.775+0000] {processor.py:161} INFO - Started process (PID=1234) to work on /home/airflow/.local/lib/python3.8/site-packages/airflow/example_dags/example_branch_operator_decorator.py
[2025-04-28T14:23:05.780+0000] {processor.py:830} INFO - Processing file /home/airflow/.local/lib/python3.8/site-packages/airflow/example_dags/example_branch_operator_decorator.py for tasks to queue
[2025-04-28T14:23:05.785+0000] {logging_mixin.py:188} INFO - [2025-04-28T14:23:05.784+0000] {dagbag.py:538} INFO - Filling up the DagBag from /home/airflow/.local/lib/python3.8/site-packages/airflow/example_dags/example_branch_operator_decorator.py
[2025-04-28T14:23:05.833+0000] {processor.py:840} INFO - DAG(s) 'example_branch_python_operator_decorator' retrieved from /home/airflow/.local/lib/python3.8/site-packages/airflow/example_dags/example_branch_operator_decorator.py
[2025-04-28T14:23:05.880+0000] {logging_mixin.py:188} INFO - [2025-04-28T14:23:05.880+0000] {dag.py:3033} INFO - Sync 1 DAGs
[2025-04-28T14:23:05.925+0000] {logging_mixin.py:188} INFO - [2025-04-28T14:23:05.925+0000] {dag.py:3820} INFO - Setting next_dagrun for example_branch_python_operator_decorator to 2025-04-27T00:00:00+00:00, run_after=2025-04-28T00:00:00+00:00
[2025-04-28T14:23:05.959+0000] {processor.py:183} INFO - Processing /home/airflow/.local/lib/python3.8/site-packages/airflow/example_dags/example_branch_operator_decorator.py took 0.190 seconds
[2025-04-28T14:23:37.747+0000] {processor.py:161} INFO - Started process (PID=1289) to work on /home/airflow/.local/lib/python3.8/site-packages/airflow/example_dags/example_branch_operator_decorator.py
[2025-04-28T14:23:37.748+0000] {processor.py:830} INFO - Processing file /home/airflow/.local/lib/python3.8/site-packages/airflow/example_dags/example_branch_operator_decorator.py for tasks to queue
[2025-04-28T14:23:37.751+0000] {logging_mixin.py:188} INFO - [2025-04-28T14:23:37.750+0000] {dagbag.py:538} INFO - Filling up the DagBag from /home/airflow/.local/lib/python3.8/site-packages/airflow/example_dags/example_branch_operator_decorator.py
[2025-04-28T14:23:37.779+0000] {processor.py:840} INFO - DAG(s) 'example_branch_python_operator_decorator' retrieved from /home/airflow/.local/lib/python3.8/site-packages/airflow/example_dags/example_branch_operator_decorator.py
[2025-04-28T14:23:37.824+0000] {logging_mixin.py:188} INFO - [2025-04-28T14:23:37.824+0000] {dag.py:3033} INFO - Sync 1 DAGs
[2025-04-28T14:23:37.861+0000] {logging_mixin.py:188} INFO - [2025-04-28T14:23:37.861+0000] {dag.py:3820} INFO - Setting next_dagrun for example_branch_python_operator_decorator to 2025-04-27T00:00:00+00:00, run_after=2025-04-28T00:00:00+00:00
[2025-04-28T14:23:37.889+0000] {processor.py:183} INFO - Processing /home/airflow/.local/lib/python3.8/site-packages/airflow/example_dags/example_branch_operator_decorator.py took 0.146 seconds
[2025-04-28T14:24:10.958+0000] {processor.py:161} INFO - Started process (PID=1345) to work on /home/airflow/.local/lib/python3.8/site-packages/airflow/example_dags/example_branch_operator_decorator.py
[2025-04-28T14:24:10.960+0000] {processor.py:830} INFO - Processing file /home/airflow/.local/lib/python3.8/site-packages/airflow/example_dags/example_branch_operator_decorator.py for tasks to queue
[2025-04-28T14:24:10.965+0000] {logging_mixin.py:188} INFO - [2025-04-28T14:24:10.965+0000] {dagbag.py:538} INFO - Filling up the DagBag from /home/airflow/.local/lib/python3.8/site-packages/airflow/example_dags/example_branch_operator_decorator.py
[2025-04-28T14:24:11.026+0000] {processor.py:840} INFO - DAG(s) 'example_branch_python_operator_decorator' retrieved from /home/airflow/.local/lib/python3.8/site-packages/airflow/example_dags/example_branch_operator_decorator.py
[2025-04-28T14:24:11.079+0000] {logging_mixin.py:188} INFO - [2025-04-28T14:24:11.078+0000] {dag.py:3033} INFO - Sync 1 DAGs
[2025-04-28T14:24:11.116+0000] {logging_mixin.py:188} INFO - [2025-04-28T14:24:11.116+0000] {dag.py:3820} INFO - Setting next_dagrun for example_branch_python_operator_decorator to 2025-04-27T00:00:00+00:00, run_after=2025-04-28T00:00:00+00:00
[2025-04-28T14:24:11.152+0000] {processor.py:183} INFO - Processing /home/airflow/.local/lib/python3.8/site-packages/airflow/example_dags/example_branch_operator_decorator.py took 0.200 seconds
[2025-04-28T14:24:42.936+0000] {processor.py:161} INFO - Started process (PID=1401) to work on /home/airflow/.local/lib/python3.8/site-packages/airflow/example_dags/example_branch_operator_decorator.py
[2025-04-28T14:24:42.937+0000] {processor.py:830} INFO - Processing file /home/airflow/.local/lib/python3.8/site-packages/airflow/example_dags/example_branch_operator_decorator.py for tasks to queue
[2025-04-28T14:24:42.940+0000] {logging_mixin.py:188} INFO - [2025-04-28T14:24:42.940+0000] {dagbag.py:538} INFO - Filling up the DagBag from /home/airflow/.local/lib/python3.8/site-packages/airflow/example_dags/example_branch_operator_decorator.py
[2025-04-28T14:24:42.969+0000] {processor.py:840} INFO - DAG(s) 'example_branch_python_operator_decorator' retrieved from /home/airflow/.local/lib/python3.8/site-packages/airflow/example_dags/example_branch_operator_decorator.py
[2025-04-28T14:24:43.024+0000] {logging_mixin.py:188} INFO - [2025-04-28T14:24:43.024+0000] {dag.py:3033} INFO - Sync 1 DAGs
[2025-04-28T14:24:43.067+0000] {logging_mixin.py:188} INFO - [2025-04-28T14:24:43.067+0000] {dag.py:3820} INFO - Setting next_dagrun for example_branch_python_operator_decorator to 2025-04-27T00:00:00+00:00, run_after=2025-04-28T00:00:00+00:00
[2025-04-28T14:24:43.106+0000] {processor.py:183} INFO - Processing /home/airflow/.local/lib/python3.8/site-packages/airflow/example_dags/example_branch_operator_decorator.py took 0.176 seconds
[2025-04-28T14:25:18.303+0000] {processor.py:161} INFO - Started process (PID=1457) to work on /home/airflow/.local/lib/python3.8/site-packages/airflow/example_dags/example_branch_operator_decorator.py
[2025-04-28T14:25:18.307+0000] {processor.py:830} INFO - Processing file /home/airflow/.local/lib/python3.8/site-packages/airflow/example_dags/example_branch_operator_decorator.py for tasks to queue
[2025-04-28T14:25:18.311+0000] {logging_mixin.py:188} INFO - [2025-04-28T14:25:18.310+0000] {dagbag.py:538} INFO - Filling up the DagBag from /home/airflow/.local/lib/python3.8/site-packages/airflow/example_dags/example_branch_operator_decorator.py
[2025-04-28T14:25:18.356+0000] {processor.py:840} INFO - DAG(s) 'example_branch_python_operator_decorator' retrieved from /home/airflow/.local/lib/python3.8/site-packages/airflow/example_dags/example_branch_operator_decorator.py
[2025-04-28T14:25:18.461+0000] {logging_mixin.py:188} INFO - [2025-04-28T14:25:18.461+0000] {dag.py:3033} INFO - Sync 1 DAGs
[2025-04-28T14:25:18.547+0000] {logging_mixin.py:188} INFO - [2025-04-28T14:25:18.547+0000] {dag.py:3820} INFO - Setting next_dagrun for example_branch_python_operator_decorator to 2025-04-27T00:00:00+00:00, run_after=2025-04-28T00:00:00+00:00
[2025-04-28T14:25:18.618+0000] {processor.py:183} INFO - Processing /home/airflow/.local/lib/python3.8/site-packages/airflow/example_dags/example_branch_operator_decorator.py took 0.322 seconds
[2025-04-28T14:25:52.031+0000] {processor.py:161} INFO - Started process (PID=1514) to work on /home/airflow/.local/lib/python3.8/site-packages/airflow/example_dags/example_branch_operator_decorator.py
[2025-04-28T14:25:52.033+0000] {processor.py:830} INFO - Processing file /home/airflow/.local/lib/python3.8/site-packages/airflow/example_dags/example_branch_operator_decorator.py for tasks to queue
[2025-04-28T14:25:52.037+0000] {logging_mixin.py:188} INFO - [2025-04-28T14:25:52.036+0000] {dagbag.py:538} INFO - Filling up the DagBag from /home/airflow/.local/lib/python3.8/site-packages/airflow/example_dags/example_branch_operator_decorator.py
[2025-04-28T14:25:52.073+0000] {processor.py:840} INFO - DAG(s) 'example_branch_python_operator_decorator' retrieved from /home/airflow/.local/lib/python3.8/site-packages/airflow/example_dags/example_branch_operator_decorator.py
[2025-04-28T14:25:52.130+0000] {logging_mixin.py:188} INFO - [2025-04-28T14:25:52.130+0000] {dag.py:3033} INFO - Sync 1 DAGs
[2025-04-28T14:25:52.168+0000] {logging_mixin.py:188} INFO - [2025-04-28T14:25:52.167+0000] {dag.py:3820} INFO - Setting next_dagrun for example_branch_python_operator_decorator to 2025-04-27T00:00:00+00:00, run_after=2025-04-28T00:00:00+00:00
[2025-04-28T14:25:52.208+0000] {processor.py:183} INFO - Processing /home/airflow/.local/lib/python3.8/site-packages/airflow/example_dags/example_branch_operator_decorator.py took 0.185 seconds
[2025-04-28T14:26:26.081+0000] {processor.py:161} INFO - Started process (PID=1570) to work on /home/airflow/.local/lib/python3.8/site-packages/airflow/example_dags/example_branch_operator_decorator.py
[2025-04-28T14:26:26.082+0000] {processor.py:830} INFO - Processing file /home/airflow/.local/lib/python3.8/site-packages/airflow/example_dags/example_branch_operator_decorator.py for tasks to queue
[2025-04-28T14:26:26.087+0000] {logging_mixin.py:188} INFO - [2025-04-28T14:26:26.087+0000] {dagbag.py:538} INFO - Filling up the DagBag from /home/airflow/.local/lib/python3.8/site-packages/airflow/example_dags/example_branch_operator_decorator.py
[2025-04-28T14:26:26.123+0000] {processor.py:840} INFO - DAG(s) 'example_branch_python_operator_decorator' retrieved from /home/airflow/.local/lib/python3.8/site-packages/airflow/example_dags/example_branch_operator_decorator.py
[2025-04-28T14:26:26.174+0000] {logging_mixin.py:188} INFO - [2025-04-28T14:26:26.174+0000] {dag.py:3033} INFO - Sync 1 DAGs
[2025-04-28T14:26:26.236+0000] {logging_mixin.py:188} INFO - [2025-04-28T14:26:26.236+0000] {dag.py:3820} INFO - Setting next_dagrun for example_branch_python_operator_decorator to 2025-04-27T00:00:00+00:00, run_after=2025-04-28T00:00:00+00:00
[2025-04-28T14:26:26.277+0000] {processor.py:183} INFO - Processing /home/airflow/.local/lib/python3.8/site-packages/airflow/example_dags/example_branch_operator_decorator.py took 0.202 seconds
[2025-04-28T14:26:57.136+0000] {processor.py:161} INFO - Started process (PID=1626) to work on /home/airflow/.local/lib/python3.8/site-packages/airflow/example_dags/example_branch_operator_decorator.py
[2025-04-28T14:26:57.138+0000] {processor.py:830} INFO - Processing file /home/airflow/.local/lib/python3.8/site-packages/airflow/example_dags/example_branch_operator_decorator.py for tasks to queue
[2025-04-28T14:26:57.144+0000] {logging_mixin.py:188} INFO - [2025-04-28T14:26:57.142+0000] {dagbag.py:538} INFO - Filling up the DagBag from /home/airflow/.local/lib/python3.8/site-packages/airflow/example_dags/example_branch_operator_decorator.py
[2025-04-28T14:26:57.214+0000] {processor.py:840} INFO - DAG(s) 'example_branch_python_operator_decorator' retrieved from /home/airflow/.local/lib/python3.8/site-packages/airflow/example_dags/example_branch_operator_decorator.py
[2025-04-28T14:26:57.296+0000] {logging_mixin.py:188} INFO - [2025-04-28T14:26:57.295+0000] {dag.py:3033} INFO - Sync 1 DAGs
[2025-04-28T14:26:57.361+0000] {logging_mixin.py:188} INFO - [2025-04-28T14:26:57.361+0000] {dag.py:3820} INFO - Setting next_dagrun for example_branch_python_operator_decorator to 2025-04-27T00:00:00+00:00, run_after=2025-04-28T00:00:00+00:00
[2025-04-28T14:26:57.424+0000] {processor.py:183} INFO - Processing /home/airflow/.local/lib/python3.8/site-packages/airflow/example_dags/example_branch_operator_decorator.py took 0.295 seconds
[2025-04-28T14:27:27.517+0000] {processor.py:161} INFO - Started process (PID=1682) to work on /home/airflow/.local/lib/python3.8/site-packages/airflow/example_dags/example_branch_operator_decorator.py
[2025-04-28T14:27:27.519+0000] {processor.py:830} INFO - Processing file /home/airflow/.local/lib/python3.8/site-packages/airflow/example_dags/example_branch_operator_decorator.py for tasks to queue
[2025-04-28T14:27:27.524+0000] {logging_mixin.py:188} INFO - [2025-04-28T14:27:27.523+0000] {dagbag.py:538} INFO - Filling up the DagBag from /home/airflow/.local/lib/python3.8/site-packages/airflow/example_dags/example_branch_operator_decorator.py
[2025-04-28T14:27:27.556+0000] {processor.py:840} INFO - DAG(s) 'example_branch_python_operator_decorator' retrieved from /home/airflow/.local/lib/python3.8/site-packages/airflow/example_dags/example_branch_operator_decorator.py
[2025-04-28T14:27:27.613+0000] {logging_mixin.py:188} INFO - [2025-04-28T14:27:27.613+0000] {dag.py:3033} INFO - Sync 1 DAGs
[2025-04-28T14:27:27.656+0000] {logging_mixin.py:188} INFO - [2025-04-28T14:27:27.655+0000] {dag.py:3820} INFO - Setting next_dagrun for example_branch_python_operator_decorator to 2025-04-27T00:00:00+00:00, run_after=2025-04-28T00:00:00+00:00
[2025-04-28T14:27:27.693+0000] {processor.py:183} INFO - Processing /home/airflow/.local/lib/python3.8/site-packages/airflow/example_dags/example_branch_operator_decorator.py took 0.182 seconds
[2025-04-28T14:28:01.531+0000] {processor.py:161} INFO - Started process (PID=1738) to work on /home/airflow/.local/lib/python3.8/site-packages/airflow/example_dags/example_branch_operator_decorator.py
[2025-04-28T14:28:01.540+0000] {processor.py:830} INFO - Processing file /home/airflow/.local/lib/python3.8/site-packages/airflow/example_dags/example_branch_operator_decorator.py for tasks to queue
[2025-04-28T14:28:01.545+0000] {logging_mixin.py:188} INFO - [2025-04-28T14:28:01.544+0000] {dagbag.py:538} INFO - Filling up the DagBag from /home/airflow/.local/lib/python3.8/site-packages/airflow/example_dags/example_branch_operator_decorator.py
[2025-04-28T14:28:01.599+0000] {processor.py:840} INFO - DAG(s) 'example_branch_python_operator_decorator' retrieved from /home/airflow/.local/lib/python3.8/site-packages/airflow/example_dags/example_branch_operator_decorator.py
[2025-04-28T14:28:01.687+0000] {logging_mixin.py:188} INFO - [2025-04-28T14:28:01.686+0000] {dag.py:3033} INFO - Sync 1 DAGs
[2025-04-28T14:28:01.744+0000] {logging_mixin.py:188} INFO - [2025-04-28T14:28:01.743+0000] {dag.py:3820} INFO - Setting next_dagrun for example_branch_python_operator_decorator to 2025-04-27T00:00:00+00:00, run_after=2025-04-28T00:00:00+00:00
[2025-04-28T14:28:01.781+0000] {processor.py:183} INFO - Processing /home/airflow/.local/lib/python3.8/site-packages/airflow/example_dags/example_branch_operator_decorator.py took 0.256 seconds
[2025-04-28T14:28:32.268+0000] {processor.py:161} INFO - Started process (PID=1794) to work on /home/airflow/.local/lib/python3.8/site-packages/airflow/example_dags/example_branch_operator_decorator.py
[2025-04-28T14:28:32.273+0000] {processor.py:830} INFO - Processing file /home/airflow/.local/lib/python3.8/site-packages/airflow/example_dags/example_branch_operator_decorator.py for tasks to queue
[2025-04-28T14:28:32.277+0000] {logging_mixin.py:188} INFO - [2025-04-28T14:28:32.277+0000] {dagbag.py:538} INFO - Filling up the DagBag from /home/airflow/.local/lib/python3.8/site-packages/airflow/example_dags/example_branch_operator_decorator.py
[2025-04-28T14:28:32.319+0000] {processor.py:840} INFO - DAG(s) 'example_branch_python_operator_decorator' retrieved from /home/airflow/.local/lib/python3.8/site-packages/airflow/example_dags/example_branch_operator_decorator.py
[2025-04-28T14:28:32.374+0000] {logging_mixin.py:188} INFO - [2025-04-28T14:28:32.374+0000] {dag.py:3033} INFO - Sync 1 DAGs
[2025-04-28T14:28:32.417+0000] {logging_mixin.py:188} INFO - [2025-04-28T14:28:32.417+0000] {dag.py:3820} INFO - Setting next_dagrun for example_branch_python_operator_decorator to 2025-04-27T00:00:00+00:00, run_after=2025-04-28T00:00:00+00:00
[2025-04-28T14:28:32.455+0000] {processor.py:183} INFO - Processing /home/airflow/.local/lib/python3.8/site-packages/airflow/example_dags/example_branch_operator_decorator.py took 0.193 seconds
[2025-04-28T14:29:07.598+0000] {processor.py:161} INFO - Started process (PID=1852) to work on /home/airflow/.local/lib/python3.8/site-packages/airflow/example_dags/example_branch_operator_decorator.py
[2025-04-28T14:29:07.599+0000] {processor.py:830} INFO - Processing file /home/airflow/.local/lib/python3.8/site-packages/airflow/example_dags/example_branch_operator_decorator.py for tasks to queue
[2025-04-28T14:29:07.605+0000] {logging_mixin.py:188} INFO - [2025-04-28T14:29:07.605+0000] {dagbag.py:538} INFO - Filling up the DagBag from /home/airflow/.local/lib/python3.8/site-packages/airflow/example_dags/example_branch_operator_decorator.py
[2025-04-28T14:29:07.664+0000] {processor.py:840} INFO - DAG(s) 'example_branch_python_operator_decorator' retrieved from /home/airflow/.local/lib/python3.8/site-packages/airflow/example_dags/example_branch_operator_decorator.py
[2025-04-28T14:29:07.738+0000] {logging_mixin.py:188} INFO - [2025-04-28T14:29:07.737+0000] {dag.py:3033} INFO - Sync 1 DAGs
[2025-04-28T14:29:07.808+0000] {logging_mixin.py:188} INFO - [2025-04-28T14:29:07.808+0000] {dag.py:3820} INFO - Setting next_dagrun for example_branch_python_operator_decorator to 2025-04-27T00:00:00+00:00, run_after=2025-04-28T00:00:00+00:00
[2025-04-28T14:29:07.892+0000] {processor.py:183} INFO - Processing /home/airflow/.local/lib/python3.8/site-packages/airflow/example_dags/example_branch_operator_decorator.py took 0.300 seconds
[2025-04-28T14:29:39.276+0000] {processor.py:161} INFO - Started process (PID=1909) to work on /home/airflow/.local/lib/python3.8/site-packages/airflow/example_dags/example_branch_operator_decorator.py
[2025-04-28T14:29:39.281+0000] {processor.py:830} INFO - Processing file /home/airflow/.local/lib/python3.8/site-packages/airflow/example_dags/example_branch_operator_decorator.py for tasks to queue
[2025-04-28T14:29:39.300+0000] {logging_mixin.py:188} INFO - [2025-04-28T14:29:39.300+0000] {dagbag.py:538} INFO - Filling up the DagBag from /home/airflow/.local/lib/python3.8/site-packages/airflow/example_dags/example_branch_operator_decorator.py
[2025-04-28T14:29:39.362+0000] {processor.py:840} INFO - DAG(s) 'example_branch_python_operator_decorator' retrieved from /home/airflow/.local/lib/python3.8/site-packages/airflow/example_dags/example_branch_operator_decorator.py
[2025-04-28T14:29:39.462+0000] {logging_mixin.py:188} INFO - [2025-04-28T14:29:39.461+0000] {dag.py:3033} INFO - Sync 1 DAGs
[2025-04-28T14:29:39.517+0000] {logging_mixin.py:188} INFO - [2025-04-28T14:29:39.516+0000] {dag.py:3820} INFO - Setting next_dagrun for example_branch_python_operator_decorator to 2025-04-27T00:00:00+00:00, run_after=2025-04-28T00:00:00+00:00
[2025-04-28T14:29:39.561+0000] {processor.py:183} INFO - Processing /home/airflow/.local/lib/python3.8/site-packages/airflow/example_dags/example_branch_operator_decorator.py took 0.305 seconds
[2025-04-28T14:30:11.172+0000] {processor.py:161} INFO - Started process (PID=1965) to work on /home/airflow/.local/lib/python3.8/site-packages/airflow/example_dags/example_branch_operator_decorator.py
[2025-04-28T14:30:11.174+0000] {processor.py:830} INFO - Processing file /home/airflow/.local/lib/python3.8/site-packages/airflow/example_dags/example_branch_operator_decorator.py for tasks to queue
[2025-04-28T14:30:11.177+0000] {logging_mixin.py:188} INFO - [2025-04-28T14:30:11.177+0000] {dagbag.py:538} INFO - Filling up the DagBag from /home/airflow/.local/lib/python3.8/site-packages/airflow/example_dags/example_branch_operator_decorator.py
[2025-04-28T14:30:11.213+0000] {processor.py:840} INFO - DAG(s) 'example_branch_python_operator_decorator' retrieved from /home/airflow/.local/lib/python3.8/site-packages/airflow/example_dags/example_branch_operator_decorator.py
[2025-04-28T14:30:11.268+0000] {logging_mixin.py:188} INFO - [2025-04-28T14:30:11.268+0000] {dag.py:3033} INFO - Sync 1 DAGs
[2025-04-28T14:30:11.312+0000] {logging_mixin.py:188} INFO - [2025-04-28T14:30:11.312+0000] {dag.py:3820} INFO - Setting next_dagrun for example_branch_python_operator_decorator to 2025-04-27T00:00:00+00:00, run_after=2025-04-28T00:00:00+00:00
[2025-04-28T14:30:11.364+0000] {processor.py:183} INFO - Processing /home/airflow/.local/lib/python3.8/site-packages/airflow/example_dags/example_branch_operator_decorator.py took 0.198 seconds
[2025-04-28T14:30:44.317+0000] {processor.py:161} INFO - Started process (PID=2020) to work on /home/airflow/.local/lib/python3.8/site-packages/airflow/example_dags/example_branch_operator_decorator.py
[2025-04-28T14:30:44.318+0000] {processor.py:830} INFO - Processing file /home/airflow/.local/lib/python3.8/site-packages/airflow/example_dags/example_branch_operator_decorator.py for tasks to queue
[2025-04-28T14:30:44.321+0000] {logging_mixin.py:188} INFO - [2025-04-28T14:30:44.321+0000] {dagbag.py:538} INFO - Filling up the DagBag from /home/airflow/.local/lib/python3.8/site-packages/airflow/example_dags/example_branch_operator_decorator.py
[2025-04-28T14:30:44.357+0000] {processor.py:840} INFO - DAG(s) 'example_branch_python_operator_decorator' retrieved from /home/airflow/.local/lib/python3.8/site-packages/airflow/example_dags/example_branch_operator_decorator.py
[2025-04-28T14:30:44.421+0000] {logging_mixin.py:188} INFO - [2025-04-28T14:30:44.418+0000] {dag.py:3033} INFO - Sync 1 DAGs
[2025-04-28T14:30:44.470+0000] {logging_mixin.py:188} INFO - [2025-04-28T14:30:44.469+0000] {dag.py:3820} INFO - Setting next_dagrun for example_branch_python_operator_decorator to 2025-04-27T00:00:00+00:00, run_after=2025-04-28T00:00:00+00:00
[2025-04-28T14:30:44.510+0000] {processor.py:183} INFO - Processing /home/airflow/.local/lib/python3.8/site-packages/airflow/example_dags/example_branch_operator_decorator.py took 0.199 seconds
[2025-04-28T14:31:16.666+0000] {processor.py:161} INFO - Started process (PID=2076) to work on /home/airflow/.local/lib/python3.8/site-packages/airflow/example_dags/example_branch_operator_decorator.py
[2025-04-28T14:31:16.667+0000] {processor.py:830} INFO - Processing file /home/airflow/.local/lib/python3.8/site-packages/airflow/example_dags/example_branch_operator_decorator.py for tasks to queue
[2025-04-28T14:31:16.671+0000] {logging_mixin.py:188} INFO - [2025-04-28T14:31:16.671+0000] {dagbag.py:538} INFO - Filling up the DagBag from /home/airflow/.local/lib/python3.8/site-packages/airflow/example_dags/example_branch_operator_decorator.py
[2025-04-28T14:31:16.700+0000] {processor.py:840} INFO - DAG(s) 'example_branch_python_operator_decorator' retrieved from /home/airflow/.local/lib/python3.8/site-packages/airflow/example_dags/example_branch_operator_decorator.py
[2025-04-28T14:31:16.751+0000] {logging_mixin.py:188} INFO - [2025-04-28T14:31:16.751+0000] {dag.py:3033} INFO - Sync 1 DAGs
[2025-04-28T14:31:16.793+0000] {logging_mixin.py:188} INFO - [2025-04-28T14:31:16.793+0000] {dag.py:3820} INFO - Setting next_dagrun for example_branch_python_operator_decorator to 2025-04-27T00:00:00+00:00, run_after=2025-04-28T00:00:00+00:00
[2025-04-28T14:31:16.821+0000] {processor.py:183} INFO - Processing /home/airflow/.local/lib/python3.8/site-packages/airflow/example_dags/example_branch_operator_decorator.py took 0.160 seconds
[2025-04-28T14:31:48.713+0000] {processor.py:161} INFO - Started process (PID=2132) to work on /home/airflow/.local/lib/python3.8/site-packages/airflow/example_dags/example_branch_operator_decorator.py
[2025-04-28T14:31:48.715+0000] {processor.py:830} INFO - Processing file /home/airflow/.local/lib/python3.8/site-packages/airflow/example_dags/example_branch_operator_decorator.py for tasks to queue
[2025-04-28T14:31:48.717+0000] {logging_mixin.py:188} INFO - [2025-04-28T14:31:48.717+0000] {dagbag.py:538} INFO - Filling up the DagBag from /home/airflow/.local/lib/python3.8/site-packages/airflow/example_dags/example_branch_operator_decorator.py
[2025-04-28T14:31:48.745+0000] {processor.py:840} INFO - DAG(s) 'example_branch_python_operator_decorator' retrieved from /home/airflow/.local/lib/python3.8/site-packages/airflow/example_dags/example_branch_operator_decorator.py
[2025-04-28T14:31:48.788+0000] {logging_mixin.py:188} INFO - [2025-04-28T14:31:48.788+0000] {dag.py:3033} INFO - Sync 1 DAGs
[2025-04-28T14:31:48.826+0000] {logging_mixin.py:188} INFO - [2025-04-28T14:31:48.825+0000] {dag.py:3820} INFO - Setting next_dagrun for example_branch_python_operator_decorator to 2025-04-27T00:00:00+00:00, run_after=2025-04-28T00:00:00+00:00
[2025-04-28T14:31:48.860+0000] {processor.py:183} INFO - Processing /home/airflow/.local/lib/python3.8/site-packages/airflow/example_dags/example_branch_operator_decorator.py took 0.151 seconds
[2025-04-28T14:32:21.515+0000] {processor.py:161} INFO - Started process (PID=2188) to work on /home/airflow/.local/lib/python3.8/site-packages/airflow/example_dags/example_branch_operator_decorator.py
[2025-04-28T14:32:21.516+0000] {processor.py:830} INFO - Processing file /home/airflow/.local/lib/python3.8/site-packages/airflow/example_dags/example_branch_operator_decorator.py for tasks to queue
[2025-04-28T14:32:21.523+0000] {logging_mixin.py:188} INFO - [2025-04-28T14:32:21.522+0000] {dagbag.py:538} INFO - Filling up the DagBag from /home/airflow/.local/lib/python3.8/site-packages/airflow/example_dags/example_branch_operator_decorator.py
[2025-04-28T14:32:21.561+0000] {processor.py:840} INFO - DAG(s) 'example_branch_python_operator_decorator' retrieved from /home/airflow/.local/lib/python3.8/site-packages/airflow/example_dags/example_branch_operator_decorator.py
[2025-04-28T14:32:21.615+0000] {logging_mixin.py:188} INFO - [2025-04-28T14:32:21.615+0000] {dag.py:3033} INFO - Sync 1 DAGs
[2025-04-28T14:32:21.671+0000] {logging_mixin.py:188} INFO - [2025-04-28T14:32:21.670+0000] {dag.py:3820} INFO - Setting next_dagrun for example_branch_python_operator_decorator to 2025-04-27T00:00:00+00:00, run_after=2025-04-28T00:00:00+00:00
[2025-04-28T14:32:21.729+0000] {processor.py:183} INFO - Processing /home/airflow/.local/lib/python3.8/site-packages/airflow/example_dags/example_branch_operator_decorator.py took 0.222 seconds
[2025-04-28T14:32:55.583+0000] {processor.py:161} INFO - Started process (PID=2243) to work on /home/airflow/.local/lib/python3.8/site-packages/airflow/example_dags/example_branch_operator_decorator.py
[2025-04-28T14:32:55.584+0000] {processor.py:830} INFO - Processing file /home/airflow/.local/lib/python3.8/site-packages/airflow/example_dags/example_branch_operator_decorator.py for tasks to queue
[2025-04-28T14:32:55.587+0000] {logging_mixin.py:188} INFO - [2025-04-28T14:32:55.587+0000] {dagbag.py:538} INFO - Filling up the DagBag from /home/airflow/.local/lib/python3.8/site-packages/airflow/example_dags/example_branch_operator_decorator.py
[2025-04-28T14:32:55.617+0000] {processor.py:840} INFO - DAG(s) 'example_branch_python_operator_decorator' retrieved from /home/airflow/.local/lib/python3.8/site-packages/airflow/example_dags/example_branch_operator_decorator.py
[2025-04-28T14:32:55.677+0000] {logging_mixin.py:188} INFO - [2025-04-28T14:32:55.677+0000] {dag.py:3033} INFO - Sync 1 DAGs
[2025-04-28T14:32:55.739+0000] {logging_mixin.py:188} INFO - [2025-04-28T14:32:55.739+0000] {dag.py:3820} INFO - Setting next_dagrun for example_branch_python_operator_decorator to 2025-04-27T00:00:00+00:00, run_after=2025-04-28T00:00:00+00:00
[2025-04-28T14:32:55.779+0000] {processor.py:183} INFO - Processing /home/airflow/.local/lib/python3.8/site-packages/airflow/example_dags/example_branch_operator_decorator.py took 0.203 seconds
[2025-04-28T14:33:27.512+0000] {processor.py:161} INFO - Started process (PID=2300) to work on /home/airflow/.local/lib/python3.8/site-packages/airflow/example_dags/example_branch_operator_decorator.py
[2025-04-28T14:33:27.514+0000] {processor.py:830} INFO - Processing file /home/airflow/.local/lib/python3.8/site-packages/airflow/example_dags/example_branch_operator_decorator.py for tasks to queue
[2025-04-28T14:33:27.518+0000] {logging_mixin.py:188} INFO - [2025-04-28T14:33:27.518+0000] {dagbag.py:538} INFO - Filling up the DagBag from /home/airflow/.local/lib/python3.8/site-packages/airflow/example_dags/example_branch_operator_decorator.py
[2025-04-28T14:33:27.574+0000] {processor.py:840} INFO - DAG(s) 'example_branch_python_operator_decorator' retrieved from /home/airflow/.local/lib/python3.8/site-packages/airflow/example_dags/example_branch_operator_decorator.py
[2025-04-28T14:33:27.637+0000] {logging_mixin.py:188} INFO - [2025-04-28T14:33:27.636+0000] {dag.py:3033} INFO - Sync 1 DAGs
[2025-04-28T14:33:27.687+0000] {logging_mixin.py:188} INFO - [2025-04-28T14:33:27.686+0000] {dag.py:3820} INFO - Setting next_dagrun for example_branch_python_operator_decorator to 2025-04-27T00:00:00+00:00, run_after=2025-04-28T00:00:00+00:00
[2025-04-28T14:33:27.726+0000] {processor.py:183} INFO - Processing /home/airflow/.local/lib/python3.8/site-packages/airflow/example_dags/example_branch_operator_decorator.py took 0.219 seconds
[2025-04-28T14:34:00.046+0000] {processor.py:161} INFO - Started process (PID=2356) to work on /home/airflow/.local/lib/python3.8/site-packages/airflow/example_dags/example_branch_operator_decorator.py
[2025-04-28T14:34:00.047+0000] {processor.py:830} INFO - Processing file /home/airflow/.local/lib/python3.8/site-packages/airflow/example_dags/example_branch_operator_decorator.py for tasks to queue
[2025-04-28T14:34:00.050+0000] {logging_mixin.py:188} INFO - [2025-04-28T14:34:00.050+0000] {dagbag.py:538} INFO - Filling up the DagBag from /home/airflow/.local/lib/python3.8/site-packages/airflow/example_dags/example_branch_operator_decorator.py
[2025-04-28T14:34:00.082+0000] {processor.py:840} INFO - DAG(s) 'example_branch_python_operator_decorator' retrieved from /home/airflow/.local/lib/python3.8/site-packages/airflow/example_dags/example_branch_operator_decorator.py
[2025-04-28T14:34:00.137+0000] {logging_mixin.py:188} INFO - [2025-04-28T14:34:00.137+0000] {dag.py:3033} INFO - Sync 1 DAGs
[2025-04-28T14:34:00.179+0000] {logging_mixin.py:188} INFO - [2025-04-28T14:34:00.179+0000] {dag.py:3820} INFO - Setting next_dagrun for example_branch_python_operator_decorator to 2025-04-27T00:00:00+00:00, run_after=2025-04-28T00:00:00+00:00
[2025-04-28T14:34:00.211+0000] {processor.py:183} INFO - Processing /home/airflow/.local/lib/python3.8/site-packages/airflow/example_dags/example_branch_operator_decorator.py took 0.171 seconds
[2025-04-28T14:34:34.821+0000] {processor.py:161} INFO - Started process (PID=2413) to work on /home/airflow/.local/lib/python3.8/site-packages/airflow/example_dags/example_branch_operator_decorator.py
[2025-04-28T14:34:34.825+0000] {processor.py:830} INFO - Processing file /home/airflow/.local/lib/python3.8/site-packages/airflow/example_dags/example_branch_operator_decorator.py for tasks to queue
[2025-04-28T14:34:34.839+0000] {logging_mixin.py:188} INFO - [2025-04-28T14:34:34.837+0000] {dagbag.py:538} INFO - Filling up the DagBag from /home/airflow/.local/lib/python3.8/site-packages/airflow/example_dags/example_branch_operator_decorator.py
[2025-04-28T14:34:34.917+0000] {processor.py:840} INFO - DAG(s) 'example_branch_python_operator_decorator' retrieved from /home/airflow/.local/lib/python3.8/site-packages/airflow/example_dags/example_branch_operator_decorator.py
[2025-04-28T14:34:35.033+0000] {logging_mixin.py:188} INFO - [2025-04-28T14:34:35.033+0000] {dag.py:3033} INFO - Sync 1 DAGs
[2025-04-28T14:34:35.140+0000] {logging_mixin.py:188} INFO - [2025-04-28T14:34:35.139+0000] {dag.py:3820} INFO - Setting next_dagrun for example_branch_python_operator_decorator to 2025-04-27T00:00:00+00:00, run_after=2025-04-28T00:00:00+00:00
[2025-04-28T14:34:35.199+0000] {processor.py:183} INFO - Processing /home/airflow/.local/lib/python3.8/site-packages/airflow/example_dags/example_branch_operator_decorator.py took 0.384 seconds
[2025-04-28T14:35:05.277+0000] {processor.py:161} INFO - Started process (PID=2469) to work on /home/airflow/.local/lib/python3.8/site-packages/airflow/example_dags/example_branch_operator_decorator.py
[2025-04-28T14:35:05.278+0000] {processor.py:830} INFO - Processing file /home/airflow/.local/lib/python3.8/site-packages/airflow/example_dags/example_branch_operator_decorator.py for tasks to queue
[2025-04-28T14:35:05.282+0000] {logging_mixin.py:188} INFO - [2025-04-28T14:35:05.282+0000] {dagbag.py:538} INFO - Filling up the DagBag from /home/airflow/.local/lib/python3.8/site-packages/airflow/example_dags/example_branch_operator_decorator.py
[2025-04-28T14:35:05.314+0000] {processor.py:840} INFO - DAG(s) 'example_branch_python_operator_decorator' retrieved from /home/airflow/.local/lib/python3.8/site-packages/airflow/example_dags/example_branch_operator_decorator.py
[2025-04-28T14:35:05.358+0000] {logging_mixin.py:188} INFO - [2025-04-28T14:35:05.357+0000] {dag.py:3033} INFO - Sync 1 DAGs
[2025-04-28T14:35:05.404+0000] {logging_mixin.py:188} INFO - [2025-04-28T14:35:05.404+0000] {dag.py:3820} INFO - Setting next_dagrun for example_branch_python_operator_decorator to 2025-04-27T00:00:00+00:00, run_after=2025-04-28T00:00:00+00:00
[2025-04-28T14:35:05.445+0000] {processor.py:183} INFO - Processing /home/airflow/.local/lib/python3.8/site-packages/airflow/example_dags/example_branch_operator_decorator.py took 0.174 seconds
[2025-04-28T14:35:38.549+0000] {processor.py:161} INFO - Started process (PID=2526) to work on /home/airflow/.local/lib/python3.8/site-packages/airflow/example_dags/example_branch_operator_decorator.py
[2025-04-28T14:35:38.550+0000] {processor.py:830} INFO - Processing file /home/airflow/.local/lib/python3.8/site-packages/airflow/example_dags/example_branch_operator_decorator.py for tasks to queue
[2025-04-28T14:35:38.554+0000] {logging_mixin.py:188} INFO - [2025-04-28T14:35:38.553+0000] {dagbag.py:538} INFO - Filling up the DagBag from /home/airflow/.local/lib/python3.8/site-packages/airflow/example_dags/example_branch_operator_decorator.py
[2025-04-28T14:35:38.586+0000] {processor.py:840} INFO - DAG(s) 'example_branch_python_operator_decorator' retrieved from /home/airflow/.local/lib/python3.8/site-packages/airflow/example_dags/example_branch_operator_decorator.py
[2025-04-28T14:35:38.633+0000] {logging_mixin.py:188} INFO - [2025-04-28T14:35:38.633+0000] {dag.py:3033} INFO - Sync 1 DAGs
[2025-04-28T14:35:38.675+0000] {logging_mixin.py:188} INFO - [2025-04-28T14:35:38.675+0000] {dag.py:3820} INFO - Setting next_dagrun for example_branch_python_operator_decorator to 2025-04-27T00:00:00+00:00, run_after=2025-04-28T00:00:00+00:00
[2025-04-28T14:35:38.709+0000] {processor.py:183} INFO - Processing /home/airflow/.local/lib/python3.8/site-packages/airflow/example_dags/example_branch_operator_decorator.py took 0.165 seconds
[2025-04-28T14:36:11.327+0000] {processor.py:161} INFO - Started process (PID=2582) to work on /home/airflow/.local/lib/python3.8/site-packages/airflow/example_dags/example_branch_operator_decorator.py
[2025-04-28T14:36:11.329+0000] {processor.py:830} INFO - Processing file /home/airflow/.local/lib/python3.8/site-packages/airflow/example_dags/example_branch_operator_decorator.py for tasks to queue
[2025-04-28T14:36:11.332+0000] {logging_mixin.py:188} INFO - [2025-04-28T14:36:11.331+0000] {dagbag.py:538} INFO - Filling up the DagBag from /home/airflow/.local/lib/python3.8/site-packages/airflow/example_dags/example_branch_operator_decorator.py
[2025-04-28T14:36:11.364+0000] {processor.py:840} INFO - DAG(s) 'example_branch_python_operator_decorator' retrieved from /home/airflow/.local/lib/python3.8/site-packages/airflow/example_dags/example_branch_operator_decorator.py
[2025-04-28T14:36:11.407+0000] {logging_mixin.py:188} INFO - [2025-04-28T14:36:11.407+0000] {dag.py:3033} INFO - Sync 1 DAGs
[2025-04-28T14:36:11.600+0000] {logging_mixin.py:188} INFO - [2025-04-28T14:36:11.600+0000] {dag.py:3820} INFO - Setting next_dagrun for example_branch_python_operator_decorator to 2025-04-27T00:00:00+00:00, run_after=2025-04-28T00:00:00+00:00
[2025-04-28T14:36:11.638+0000] {processor.py:183} INFO - Processing /home/airflow/.local/lib/python3.8/site-packages/airflow/example_dags/example_branch_operator_decorator.py took 0.316 seconds
[2025-04-28T14:36:42.360+0000] {processor.py:161} INFO - Started process (PID=2639) to work on /home/airflow/.local/lib/python3.8/site-packages/airflow/example_dags/example_branch_operator_decorator.py
[2025-04-28T14:36:42.361+0000] {processor.py:830} INFO - Processing file /home/airflow/.local/lib/python3.8/site-packages/airflow/example_dags/example_branch_operator_decorator.py for tasks to queue
[2025-04-28T14:36:42.371+0000] {logging_mixin.py:188} INFO - [2025-04-28T14:36:42.371+0000] {dagbag.py:538} INFO - Filling up the DagBag from /home/airflow/.local/lib/python3.8/site-packages/airflow/example_dags/example_branch_operator_decorator.py
[2025-04-28T14:36:42.431+0000] {processor.py:840} INFO - DAG(s) 'example_branch_python_operator_decorator' retrieved from /home/airflow/.local/lib/python3.8/site-packages/airflow/example_dags/example_branch_operator_decorator.py
[2025-04-28T14:36:42.585+0000] {logging_mixin.py:188} INFO - [2025-04-28T14:36:42.584+0000] {dag.py:3033} INFO - Sync 1 DAGs
[2025-04-28T14:36:42.824+0000] {logging_mixin.py:188} INFO - [2025-04-28T14:36:42.824+0000] {dag.py:3820} INFO - Setting next_dagrun for example_branch_python_operator_decorator to 2025-04-27T00:00:00+00:00, run_after=2025-04-28T00:00:00+00:00
[2025-04-28T14:36:42.938+0000] {processor.py:183} INFO - Processing /home/airflow/.local/lib/python3.8/site-packages/airflow/example_dags/example_branch_operator_decorator.py took 0.586 seconds
[2025-04-28T14:37:14.776+0000] {processor.py:161} INFO - Started process (PID=2695) to work on /home/airflow/.local/lib/python3.8/site-packages/airflow/example_dags/example_branch_operator_decorator.py
[2025-04-28T14:37:14.780+0000] {processor.py:830} INFO - Processing file /home/airflow/.local/lib/python3.8/site-packages/airflow/example_dags/example_branch_operator_decorator.py for tasks to queue
[2025-04-28T14:37:14.788+0000] {logging_mixin.py:188} INFO - [2025-04-28T14:37:14.787+0000] {dagbag.py:538} INFO - Filling up the DagBag from /home/airflow/.local/lib/python3.8/site-packages/airflow/example_dags/example_branch_operator_decorator.py
[2025-04-28T14:37:14.874+0000] {processor.py:840} INFO - DAG(s) 'example_branch_python_operator_decorator' retrieved from /home/airflow/.local/lib/python3.8/site-packages/airflow/example_dags/example_branch_operator_decorator.py
[2025-04-28T14:37:15.091+0000] {logging_mixin.py:188} INFO - [2025-04-28T14:37:15.091+0000] {dag.py:3033} INFO - Sync 1 DAGs
[2025-04-28T14:37:15.143+0000] {logging_mixin.py:188} INFO - [2025-04-28T14:37:15.143+0000] {dag.py:3820} INFO - Setting next_dagrun for example_branch_python_operator_decorator to 2025-04-27T00:00:00+00:00, run_after=2025-04-28T00:00:00+00:00
[2025-04-28T14:37:15.191+0000] {processor.py:183} INFO - Processing /home/airflow/.local/lib/python3.8/site-packages/airflow/example_dags/example_branch_operator_decorator.py took 0.421 seconds
[2025-04-28T14:37:51.758+0000] {processor.py:161} INFO - Started process (PID=2751) to work on /home/airflow/.local/lib/python3.8/site-packages/airflow/example_dags/example_branch_operator_decorator.py
[2025-04-28T14:37:51.760+0000] {processor.py:830} INFO - Processing file /home/airflow/.local/lib/python3.8/site-packages/airflow/example_dags/example_branch_operator_decorator.py for tasks to queue
[2025-04-28T14:37:51.765+0000] {logging_mixin.py:188} INFO - [2025-04-28T14:37:51.764+0000] {dagbag.py:538} INFO - Filling up the DagBag from /home/airflow/.local/lib/python3.8/site-packages/airflow/example_dags/example_branch_operator_decorator.py
[2025-04-28T14:37:51.829+0000] {processor.py:840} INFO - DAG(s) 'example_branch_python_operator_decorator' retrieved from /home/airflow/.local/lib/python3.8/site-packages/airflow/example_dags/example_branch_operator_decorator.py
[2025-04-28T14:37:52.217+0000] {logging_mixin.py:188} INFO - [2025-04-28T14:37:52.216+0000] {dag.py:3033} INFO - Sync 1 DAGs
[2025-04-28T14:37:52.315+0000] {logging_mixin.py:188} INFO - [2025-04-28T14:37:52.314+0000] {dag.py:3820} INFO - Setting next_dagrun for example_branch_python_operator_decorator to 2025-04-27T00:00:00+00:00, run_after=2025-04-28T00:00:00+00:00
[2025-04-28T14:37:52.392+0000] {processor.py:183} INFO - Processing /home/airflow/.local/lib/python3.8/site-packages/airflow/example_dags/example_branch_operator_decorator.py took 0.645 seconds
[2025-04-28T14:38:23.164+0000] {processor.py:161} INFO - Started process (PID=2807) to work on /home/airflow/.local/lib/python3.8/site-packages/airflow/example_dags/example_branch_operator_decorator.py
[2025-04-28T14:38:23.165+0000] {processor.py:830} INFO - Processing file /home/airflow/.local/lib/python3.8/site-packages/airflow/example_dags/example_branch_operator_decorator.py for tasks to queue
[2025-04-28T14:38:23.168+0000] {logging_mixin.py:188} INFO - [2025-04-28T14:38:23.168+0000] {dagbag.py:538} INFO - Filling up the DagBag from /home/airflow/.local/lib/python3.8/site-packages/airflow/example_dags/example_branch_operator_decorator.py
[2025-04-28T14:38:23.211+0000] {processor.py:840} INFO - DAG(s) 'example_branch_python_operator_decorator' retrieved from /home/airflow/.local/lib/python3.8/site-packages/airflow/example_dags/example_branch_operator_decorator.py
[2025-04-28T14:38:23.258+0000] {logging_mixin.py:188} INFO - [2025-04-28T14:38:23.258+0000] {dag.py:3033} INFO - Sync 1 DAGs
[2025-04-28T14:38:23.299+0000] {logging_mixin.py:188} INFO - [2025-04-28T14:38:23.299+0000] {dag.py:3820} INFO - Setting next_dagrun for example_branch_python_operator_decorator to 2025-04-27T00:00:00+00:00, run_after=2025-04-28T00:00:00+00:00
[2025-04-28T14:38:23.502+0000] {processor.py:183} INFO - Processing /home/airflow/.local/lib/python3.8/site-packages/airflow/example_dags/example_branch_operator_decorator.py took 0.344 seconds
[2025-04-28T14:38:53.760+0000] {processor.py:161} INFO - Started process (PID=2865) to work on /home/airflow/.local/lib/python3.8/site-packages/airflow/example_dags/example_branch_operator_decorator.py
[2025-04-28T14:38:53.763+0000] {processor.py:830} INFO - Processing file /home/airflow/.local/lib/python3.8/site-packages/airflow/example_dags/example_branch_operator_decorator.py for tasks to queue
[2025-04-28T14:38:53.768+0000] {logging_mixin.py:188} INFO - [2025-04-28T14:38:53.768+0000] {dagbag.py:538} INFO - Filling up the DagBag from /home/airflow/.local/lib/python3.8/site-packages/airflow/example_dags/example_branch_operator_decorator.py
[2025-04-28T14:38:53.827+0000] {processor.py:840} INFO - DAG(s) 'example_branch_python_operator_decorator' retrieved from /home/airflow/.local/lib/python3.8/site-packages/airflow/example_dags/example_branch_operator_decorator.py
[2025-04-28T14:38:53.871+0000] {logging_mixin.py:188} INFO - [2025-04-28T14:38:53.871+0000] {dag.py:3033} INFO - Sync 1 DAGs
[2025-04-28T14:38:53.906+0000] {logging_mixin.py:188} INFO - [2025-04-28T14:38:53.905+0000] {dag.py:3820} INFO - Setting next_dagrun for example_branch_python_operator_decorator to 2025-04-27T00:00:00+00:00, run_after=2025-04-28T00:00:00+00:00
[2025-04-28T14:38:53.953+0000] {processor.py:183} INFO - Processing /home/airflow/.local/lib/python3.8/site-packages/airflow/example_dags/example_branch_operator_decorator.py took 0.204 seconds
[2025-04-28T14:39:24.258+0000] {processor.py:161} INFO - Started process (PID=2921) to work on /home/airflow/.local/lib/python3.8/site-packages/airflow/example_dags/example_branch_operator_decorator.py
[2025-04-28T14:39:24.260+0000] {processor.py:830} INFO - Processing file /home/airflow/.local/lib/python3.8/site-packages/airflow/example_dags/example_branch_operator_decorator.py for tasks to queue
[2025-04-28T14:39:24.263+0000] {logging_mixin.py:188} INFO - [2025-04-28T14:39:24.263+0000] {dagbag.py:538} INFO - Filling up the DagBag from /home/airflow/.local/lib/python3.8/site-packages/airflow/example_dags/example_branch_operator_decorator.py
[2025-04-28T14:39:24.302+0000] {processor.py:840} INFO - DAG(s) 'example_branch_python_operator_decorator' retrieved from /home/airflow/.local/lib/python3.8/site-packages/airflow/example_dags/example_branch_operator_decorator.py
[2025-04-28T14:39:24.355+0000] {logging_mixin.py:188} INFO - [2025-04-28T14:39:24.355+0000] {dag.py:3033} INFO - Sync 1 DAGs
[2025-04-28T14:39:24.394+0000] {logging_mixin.py:188} INFO - [2025-04-28T14:39:24.394+0000] {dag.py:3820} INFO - Setting next_dagrun for example_branch_python_operator_decorator to 2025-04-27T00:00:00+00:00, run_after=2025-04-28T00:00:00+00:00
[2025-04-28T14:39:24.423+0000] {processor.py:183} INFO - Processing /home/airflow/.local/lib/python3.8/site-packages/airflow/example_dags/example_branch_operator_decorator.py took 0.170 seconds
[2025-04-28T14:39:57.718+0000] {processor.py:161} INFO - Started process (PID=2977) to work on /home/airflow/.local/lib/python3.8/site-packages/airflow/example_dags/example_branch_operator_decorator.py
[2025-04-28T14:39:57.719+0000] {processor.py:830} INFO - Processing file /home/airflow/.local/lib/python3.8/site-packages/airflow/example_dags/example_branch_operator_decorator.py for tasks to queue
[2025-04-28T14:39:57.723+0000] {logging_mixin.py:188} INFO - [2025-04-28T14:39:57.722+0000] {dagbag.py:538} INFO - Filling up the DagBag from /home/airflow/.local/lib/python3.8/site-packages/airflow/example_dags/example_branch_operator_decorator.py
[2025-04-28T14:39:57.766+0000] {processor.py:840} INFO - DAG(s) 'example_branch_python_operator_decorator' retrieved from /home/airflow/.local/lib/python3.8/site-packages/airflow/example_dags/example_branch_operator_decorator.py
[2025-04-28T14:39:57.839+0000] {logging_mixin.py:188} INFO - [2025-04-28T14:39:57.839+0000] {dag.py:3033} INFO - Sync 1 DAGs
[2025-04-28T14:39:57.876+0000] {logging_mixin.py:188} INFO - [2025-04-28T14:39:57.875+0000] {dag.py:3820} INFO - Setting next_dagrun for example_branch_python_operator_decorator to 2025-04-27T00:00:00+00:00, run_after=2025-04-28T00:00:00+00:00
[2025-04-28T14:39:57.909+0000] {processor.py:183} INFO - Processing /home/airflow/.local/lib/python3.8/site-packages/airflow/example_dags/example_branch_operator_decorator.py took 0.197 seconds
[2025-04-28T14:40:32.451+0000] {processor.py:161} INFO - Started process (PID=3032) to work on /home/airflow/.local/lib/python3.8/site-packages/airflow/example_dags/example_branch_operator_decorator.py
[2025-04-28T14:40:32.453+0000] {processor.py:830} INFO - Processing file /home/airflow/.local/lib/python3.8/site-packages/airflow/example_dags/example_branch_operator_decorator.py for tasks to queue
[2025-04-28T14:40:32.460+0000] {logging_mixin.py:188} INFO - [2025-04-28T14:40:32.460+0000] {dagbag.py:538} INFO - Filling up the DagBag from /home/airflow/.local/lib/python3.8/site-packages/airflow/example_dags/example_branch_operator_decorator.py
[2025-04-28T14:40:32.515+0000] {processor.py:840} INFO - DAG(s) 'example_branch_python_operator_decorator' retrieved from /home/airflow/.local/lib/python3.8/site-packages/airflow/example_dags/example_branch_operator_decorator.py
[2025-04-28T14:40:32.595+0000] {logging_mixin.py:188} INFO - [2025-04-28T14:40:32.595+0000] {dag.py:3033} INFO - Sync 1 DAGs
[2025-04-28T14:40:32.729+0000] {logging_mixin.py:188} INFO - [2025-04-28T14:40:32.729+0000] {dag.py:3820} INFO - Setting next_dagrun for example_branch_python_operator_decorator to 2025-04-27T00:00:00+00:00, run_after=2025-04-28T00:00:00+00:00
[2025-04-28T14:40:32.778+0000] {processor.py:183} INFO - Processing /home/airflow/.local/lib/python3.8/site-packages/airflow/example_dags/example_branch_operator_decorator.py took 0.333 seconds
[2025-04-28T14:41:04.202+0000] {processor.py:161} INFO - Started process (PID=3088) to work on /home/airflow/.local/lib/python3.8/site-packages/airflow/example_dags/example_branch_operator_decorator.py
[2025-04-28T14:41:04.204+0000] {processor.py:830} INFO - Processing file /home/airflow/.local/lib/python3.8/site-packages/airflow/example_dags/example_branch_operator_decorator.py for tasks to queue
[2025-04-28T14:41:04.209+0000] {logging_mixin.py:188} INFO - [2025-04-28T14:41:04.209+0000] {dagbag.py:538} INFO - Filling up the DagBag from /home/airflow/.local/lib/python3.8/site-packages/airflow/example_dags/example_branch_operator_decorator.py
[2025-04-28T14:41:04.250+0000] {processor.py:840} INFO - DAG(s) 'example_branch_python_operator_decorator' retrieved from /home/airflow/.local/lib/python3.8/site-packages/airflow/example_dags/example_branch_operator_decorator.py
[2025-04-28T14:41:04.337+0000] {logging_mixin.py:188} INFO - [2025-04-28T14:41:04.336+0000] {dag.py:3033} INFO - Sync 1 DAGs
[2025-04-28T14:41:04.421+0000] {logging_mixin.py:188} INFO - [2025-04-28T14:41:04.421+0000] {dag.py:3820} INFO - Setting next_dagrun for example_branch_python_operator_decorator to 2025-04-27T00:00:00+00:00, run_after=2025-04-28T00:00:00+00:00
[2025-04-28T14:41:04.492+0000] {processor.py:183} INFO - Processing /home/airflow/.local/lib/python3.8/site-packages/airflow/example_dags/example_branch_operator_decorator.py took 0.296 seconds
[2025-04-28T14:41:35.604+0000] {processor.py:161} INFO - Started process (PID=3143) to work on /home/airflow/.local/lib/python3.8/site-packages/airflow/example_dags/example_branch_operator_decorator.py
[2025-04-28T14:41:35.605+0000] {processor.py:830} INFO - Processing file /home/airflow/.local/lib/python3.8/site-packages/airflow/example_dags/example_branch_operator_decorator.py for tasks to queue
[2025-04-28T14:41:35.609+0000] {logging_mixin.py:188} INFO - [2025-04-28T14:41:35.609+0000] {dagbag.py:538} INFO - Filling up the DagBag from /home/airflow/.local/lib/python3.8/site-packages/airflow/example_dags/example_branch_operator_decorator.py
[2025-04-28T14:41:35.675+0000] {processor.py:840} INFO - DAG(s) 'example_branch_python_operator_decorator' retrieved from /home/airflow/.local/lib/python3.8/site-packages/airflow/example_dags/example_branch_operator_decorator.py
[2025-04-28T14:41:35.738+0000] {logging_mixin.py:188} INFO - [2025-04-28T14:41:35.737+0000] {dag.py:3033} INFO - Sync 1 DAGs
[2025-04-28T14:41:35.772+0000] {logging_mixin.py:188} INFO - [2025-04-28T14:41:35.771+0000] {dag.py:3820} INFO - Setting next_dagrun for example_branch_python_operator_decorator to 2025-04-27T00:00:00+00:00, run_after=2025-04-28T00:00:00+00:00
[2025-04-28T14:41:35.802+0000] {processor.py:183} INFO - Processing /home/airflow/.local/lib/python3.8/site-packages/airflow/example_dags/example_branch_operator_decorator.py took 0.204 seconds
[2025-04-28T14:42:08.056+0000] {processor.py:161} INFO - Started process (PID=3199) to work on /home/airflow/.local/lib/python3.8/site-packages/airflow/example_dags/example_branch_operator_decorator.py
[2025-04-28T14:42:08.058+0000] {processor.py:830} INFO - Processing file /home/airflow/.local/lib/python3.8/site-packages/airflow/example_dags/example_branch_operator_decorator.py for tasks to queue
[2025-04-28T14:42:08.062+0000] {logging_mixin.py:188} INFO - [2025-04-28T14:42:08.061+0000] {dagbag.py:538} INFO - Filling up the DagBag from /home/airflow/.local/lib/python3.8/site-packages/airflow/example_dags/example_branch_operator_decorator.py
[2025-04-28T14:42:08.106+0000] {processor.py:840} INFO - DAG(s) 'example_branch_python_operator_decorator' retrieved from /home/airflow/.local/lib/python3.8/site-packages/airflow/example_dags/example_branch_operator_decorator.py
[2025-04-28T14:42:08.153+0000] {logging_mixin.py:188} INFO - [2025-04-28T14:42:08.153+0000] {dag.py:3033} INFO - Sync 1 DAGs
[2025-04-28T14:42:08.189+0000] {logging_mixin.py:188} INFO - [2025-04-28T14:42:08.188+0000] {dag.py:3820} INFO - Setting next_dagrun for example_branch_python_operator_decorator to 2025-04-27T00:00:00+00:00, run_after=2025-04-28T00:00:00+00:00
[2025-04-28T14:42:08.220+0000] {processor.py:183} INFO - Processing /home/airflow/.local/lib/python3.8/site-packages/airflow/example_dags/example_branch_operator_decorator.py took 0.169 seconds
[2025-04-28T14:42:41.732+0000] {processor.py:161} INFO - Started process (PID=3255) to work on /home/airflow/.local/lib/python3.8/site-packages/airflow/example_dags/example_branch_operator_decorator.py
[2025-04-28T14:42:41.734+0000] {processor.py:830} INFO - Processing file /home/airflow/.local/lib/python3.8/site-packages/airflow/example_dags/example_branch_operator_decorator.py for tasks to queue
[2025-04-28T14:42:41.737+0000] {logging_mixin.py:188} INFO - [2025-04-28T14:42:41.737+0000] {dagbag.py:538} INFO - Filling up the DagBag from /home/airflow/.local/lib/python3.8/site-packages/airflow/example_dags/example_branch_operator_decorator.py
[2025-04-28T14:42:41.776+0000] {processor.py:840} INFO - DAG(s) 'example_branch_python_operator_decorator' retrieved from /home/airflow/.local/lib/python3.8/site-packages/airflow/example_dags/example_branch_operator_decorator.py
[2025-04-28T14:42:41.838+0000] {logging_mixin.py:188} INFO - [2025-04-28T14:42:41.838+0000] {dag.py:3033} INFO - Sync 1 DAGs
[2025-04-28T14:42:41.881+0000] {logging_mixin.py:188} INFO - [2025-04-28T14:42:41.881+0000] {dag.py:3820} INFO - Setting next_dagrun for example_branch_python_operator_decorator to 2025-04-27T00:00:00+00:00, run_after=2025-04-28T00:00:00+00:00
[2025-04-28T14:42:41.914+0000] {processor.py:183} INFO - Processing /home/airflow/.local/lib/python3.8/site-packages/airflow/example_dags/example_branch_operator_decorator.py took 0.186 seconds
[2025-04-28T14:43:15.681+0000] {processor.py:161} INFO - Started process (PID=3315) to work on /home/airflow/.local/lib/python3.8/site-packages/airflow/example_dags/example_branch_operator_decorator.py
[2025-04-28T14:43:15.682+0000] {processor.py:830} INFO - Processing file /home/airflow/.local/lib/python3.8/site-packages/airflow/example_dags/example_branch_operator_decorator.py for tasks to queue
[2025-04-28T14:43:15.686+0000] {logging_mixin.py:188} INFO - [2025-04-28T14:43:15.685+0000] {dagbag.py:538} INFO - Filling up the DagBag from /home/airflow/.local/lib/python3.8/site-packages/airflow/example_dags/example_branch_operator_decorator.py
[2025-04-28T14:43:15.726+0000] {processor.py:840} INFO - DAG(s) 'example_branch_python_operator_decorator' retrieved from /home/airflow/.local/lib/python3.8/site-packages/airflow/example_dags/example_branch_operator_decorator.py
[2025-04-28T14:43:15.785+0000] {logging_mixin.py:188} INFO - [2025-04-28T14:43:15.784+0000] {dag.py:3033} INFO - Sync 1 DAGs
[2025-04-28T14:43:15.822+0000] {logging_mixin.py:188} INFO - [2025-04-28T14:43:15.822+0000] {dag.py:3820} INFO - Setting next_dagrun for example_branch_python_operator_decorator to 2025-04-27T00:00:00+00:00, run_after=2025-04-28T00:00:00+00:00
[2025-04-28T14:43:15.857+0000] {processor.py:183} INFO - Processing /home/airflow/.local/lib/python3.8/site-packages/airflow/example_dags/example_branch_operator_decorator.py took 0.182 seconds
[2025-04-28T14:43:46.845+0000] {processor.py:161} INFO - Started process (PID=3371) to work on /home/airflow/.local/lib/python3.8/site-packages/airflow/example_dags/example_branch_operator_decorator.py
[2025-04-28T14:43:46.846+0000] {processor.py:830} INFO - Processing file /home/airflow/.local/lib/python3.8/site-packages/airflow/example_dags/example_branch_operator_decorator.py for tasks to queue
[2025-04-28T14:43:46.853+0000] {logging_mixin.py:188} INFO - [2025-04-28T14:43:46.852+0000] {dagbag.py:538} INFO - Filling up the DagBag from /home/airflow/.local/lib/python3.8/site-packages/airflow/example_dags/example_branch_operator_decorator.py
[2025-04-28T14:43:46.898+0000] {processor.py:840} INFO - DAG(s) 'example_branch_python_operator_decorator' retrieved from /home/airflow/.local/lib/python3.8/site-packages/airflow/example_dags/example_branch_operator_decorator.py
[2025-04-28T14:43:46.960+0000] {logging_mixin.py:188} INFO - [2025-04-28T14:43:46.960+0000] {dag.py:3033} INFO - Sync 1 DAGs
[2025-04-28T14:43:47.002+0000] {logging_mixin.py:188} INFO - [2025-04-28T14:43:47.002+0000] {dag.py:3820} INFO - Setting next_dagrun for example_branch_python_operator_decorator to 2025-04-27T00:00:00+00:00, run_after=2025-04-28T00:00:00+00:00
[2025-04-28T14:43:47.033+0000] {processor.py:183} INFO - Processing /home/airflow/.local/lib/python3.8/site-packages/airflow/example_dags/example_branch_operator_decorator.py took 0.194 seconds
[2025-04-28T14:44:21.117+0000] {processor.py:161} INFO - Started process (PID=3427) to work on /home/airflow/.local/lib/python3.8/site-packages/airflow/example_dags/example_branch_operator_decorator.py
[2025-04-28T14:44:21.119+0000] {processor.py:830} INFO - Processing file /home/airflow/.local/lib/python3.8/site-packages/airflow/example_dags/example_branch_operator_decorator.py for tasks to queue
[2025-04-28T14:44:21.125+0000] {logging_mixin.py:188} INFO - [2025-04-28T14:44:21.125+0000] {dagbag.py:538} INFO - Filling up the DagBag from /home/airflow/.local/lib/python3.8/site-packages/airflow/example_dags/example_branch_operator_decorator.py
[2025-04-28T14:44:21.204+0000] {processor.py:840} INFO - DAG(s) 'example_branch_python_operator_decorator' retrieved from /home/airflow/.local/lib/python3.8/site-packages/airflow/example_dags/example_branch_operator_decorator.py
[2025-04-28T14:44:21.290+0000] {logging_mixin.py:188} INFO - [2025-04-28T14:44:21.290+0000] {dag.py:3033} INFO - Sync 1 DAGs
[2025-04-28T14:44:21.353+0000] {logging_mixin.py:188} INFO - [2025-04-28T14:44:21.353+0000] {dag.py:3820} INFO - Setting next_dagrun for example_branch_python_operator_decorator to 2025-04-27T00:00:00+00:00, run_after=2025-04-28T00:00:00+00:00
[2025-04-28T14:44:21.410+0000] {processor.py:183} INFO - Processing /home/airflow/.local/lib/python3.8/site-packages/airflow/example_dags/example_branch_operator_decorator.py took 0.301 seconds
[2025-04-28T14:44:54.976+0000] {processor.py:161} INFO - Started process (PID=3487) to work on /home/airflow/.local/lib/python3.8/site-packages/airflow/example_dags/example_branch_operator_decorator.py
[2025-04-28T14:44:54.977+0000] {processor.py:830} INFO - Processing file /home/airflow/.local/lib/python3.8/site-packages/airflow/example_dags/example_branch_operator_decorator.py for tasks to queue
[2025-04-28T14:44:54.981+0000] {logging_mixin.py:188} INFO - [2025-04-28T14:44:54.980+0000] {dagbag.py:538} INFO - Filling up the DagBag from /home/airflow/.local/lib/python3.8/site-packages/airflow/example_dags/example_branch_operator_decorator.py
[2025-04-28T14:44:55.017+0000] {processor.py:840} INFO - DAG(s) 'example_branch_python_operator_decorator' retrieved from /home/airflow/.local/lib/python3.8/site-packages/airflow/example_dags/example_branch_operator_decorator.py
[2025-04-28T14:44:55.074+0000] {logging_mixin.py:188} INFO - [2025-04-28T14:44:55.074+0000] {dag.py:3033} INFO - Sync 1 DAGs
[2025-04-28T14:44:55.137+0000] {logging_mixin.py:188} INFO - [2025-04-28T14:44:55.137+0000] {dag.py:3820} INFO - Setting next_dagrun for example_branch_python_operator_decorator to 2025-04-27T00:00:00+00:00, run_after=2025-04-28T00:00:00+00:00
[2025-04-28T14:44:55.194+0000] {processor.py:183} INFO - Processing /home/airflow/.local/lib/python3.8/site-packages/airflow/example_dags/example_branch_operator_decorator.py took 0.224 seconds
[2025-04-28T14:45:27.480+0000] {processor.py:161} INFO - Started process (PID=3548) to work on /home/airflow/.local/lib/python3.8/site-packages/airflow/example_dags/example_branch_operator_decorator.py
[2025-04-28T14:45:27.482+0000] {processor.py:830} INFO - Processing file /home/airflow/.local/lib/python3.8/site-packages/airflow/example_dags/example_branch_operator_decorator.py for tasks to queue
[2025-04-28T14:45:27.485+0000] {logging_mixin.py:188} INFO - [2025-04-28T14:45:27.484+0000] {dagbag.py:538} INFO - Filling up the DagBag from /home/airflow/.local/lib/python3.8/site-packages/airflow/example_dags/example_branch_operator_decorator.py
[2025-04-28T14:45:27.517+0000] {processor.py:840} INFO - DAG(s) 'example_branch_python_operator_decorator' retrieved from /home/airflow/.local/lib/python3.8/site-packages/airflow/example_dags/example_branch_operator_decorator.py
[2025-04-28T14:45:27.574+0000] {logging_mixin.py:188} INFO - [2025-04-28T14:45:27.574+0000] {dag.py:3033} INFO - Sync 1 DAGs
[2025-04-28T14:45:27.618+0000] {logging_mixin.py:188} INFO - [2025-04-28T14:45:27.618+0000] {dag.py:3820} INFO - Setting next_dagrun for example_branch_python_operator_decorator to 2025-04-27T00:00:00+00:00, run_after=2025-04-28T00:00:00+00:00
[2025-04-28T14:45:27.652+0000] {processor.py:183} INFO - Processing /home/airflow/.local/lib/python3.8/site-packages/airflow/example_dags/example_branch_operator_decorator.py took 0.177 seconds
[2025-04-28T14:49:07.523+0000] {processor.py:161} INFO - Started process (PID=107) to work on /home/airflow/.local/lib/python3.8/site-packages/airflow/example_dags/example_branch_operator_decorator.py
[2025-04-28T14:49:07.525+0000] {processor.py:830} INFO - Processing file /home/airflow/.local/lib/python3.8/site-packages/airflow/example_dags/example_branch_operator_decorator.py for tasks to queue
[2025-04-28T14:49:07.534+0000] {logging_mixin.py:188} INFO - [2025-04-28T14:49:07.533+0000] {dagbag.py:538} INFO - Filling up the DagBag from /home/airflow/.local/lib/python3.8/site-packages/airflow/example_dags/example_branch_operator_decorator.py
[2025-04-28T14:49:07.597+0000] {processor.py:840} INFO - DAG(s) 'example_branch_python_operator_decorator' retrieved from /home/airflow/.local/lib/python3.8/site-packages/airflow/example_dags/example_branch_operator_decorator.py
[2025-04-28T14:49:07.829+0000] {logging_mixin.py:188} INFO - [2025-04-28T14:49:07.828+0000] {dag.py:3033} INFO - Sync 1 DAGs
[2025-04-28T14:49:07.868+0000] {logging_mixin.py:188} INFO - [2025-04-28T14:49:07.868+0000] {dag.py:3820} INFO - Setting next_dagrun for example_branch_python_operator_decorator to 2025-04-27T00:00:00+00:00, run_after=2025-04-28T00:00:00+00:00
[2025-04-28T14:49:07.908+0000] {processor.py:183} INFO - Processing /home/airflow/.local/lib/python3.8/site-packages/airflow/example_dags/example_branch_operator_decorator.py took 0.394 seconds
[2025-04-28T14:49:38.713+0000] {processor.py:161} INFO - Started process (PID=163) to work on /home/airflow/.local/lib/python3.8/site-packages/airflow/example_dags/example_branch_operator_decorator.py
[2025-04-28T14:49:38.714+0000] {processor.py:830} INFO - Processing file /home/airflow/.local/lib/python3.8/site-packages/airflow/example_dags/example_branch_operator_decorator.py for tasks to queue
[2025-04-28T14:49:38.717+0000] {logging_mixin.py:188} INFO - [2025-04-28T14:49:38.717+0000] {dagbag.py:538} INFO - Filling up the DagBag from /home/airflow/.local/lib/python3.8/site-packages/airflow/example_dags/example_branch_operator_decorator.py
[2025-04-28T14:49:38.749+0000] {processor.py:840} INFO - DAG(s) 'example_branch_python_operator_decorator' retrieved from /home/airflow/.local/lib/python3.8/site-packages/airflow/example_dags/example_branch_operator_decorator.py
[2025-04-28T14:49:38.800+0000] {logging_mixin.py:188} INFO - [2025-04-28T14:49:38.800+0000] {dag.py:3033} INFO - Sync 1 DAGs
[2025-04-28T14:49:38.843+0000] {logging_mixin.py:188} INFO - [2025-04-28T14:49:38.843+0000] {dag.py:3820} INFO - Setting next_dagrun for example_branch_python_operator_decorator to 2025-04-27T00:00:00+00:00, run_after=2025-04-28T00:00:00+00:00
[2025-04-28T14:49:38.879+0000] {processor.py:183} INFO - Processing /home/airflow/.local/lib/python3.8/site-packages/airflow/example_dags/example_branch_operator_decorator.py took 0.171 seconds
[2025-04-28T14:50:08.953+0000] {processor.py:161} INFO - Started process (PID=220) to work on /home/airflow/.local/lib/python3.8/site-packages/airflow/example_dags/example_branch_operator_decorator.py
[2025-04-28T14:50:08.957+0000] {processor.py:830} INFO - Processing file /home/airflow/.local/lib/python3.8/site-packages/airflow/example_dags/example_branch_operator_decorator.py for tasks to queue
[2025-04-28T14:50:08.962+0000] {logging_mixin.py:188} INFO - [2025-04-28T14:50:08.961+0000] {dagbag.py:538} INFO - Filling up the DagBag from /home/airflow/.local/lib/python3.8/site-packages/airflow/example_dags/example_branch_operator_decorator.py
[2025-04-28T14:50:09.028+0000] {processor.py:840} INFO - DAG(s) 'example_branch_python_operator_decorator' retrieved from /home/airflow/.local/lib/python3.8/site-packages/airflow/example_dags/example_branch_operator_decorator.py
[2025-04-28T14:50:09.124+0000] {logging_mixin.py:188} INFO - [2025-04-28T14:50:09.123+0000] {dag.py:3033} INFO - Sync 1 DAGs
[2025-04-28T14:50:09.203+0000] {logging_mixin.py:188} INFO - [2025-04-28T14:50:09.202+0000] {dag.py:3820} INFO - Setting next_dagrun for example_branch_python_operator_decorator to 2025-04-27T00:00:00+00:00, run_after=2025-04-28T00:00:00+00:00
[2025-04-28T14:50:09.260+0000] {processor.py:183} INFO - Processing /home/airflow/.local/lib/python3.8/site-packages/airflow/example_dags/example_branch_operator_decorator.py took 0.319 seconds
[2025-04-28T14:50:39.393+0000] {processor.py:161} INFO - Started process (PID=275) to work on /home/airflow/.local/lib/python3.8/site-packages/airflow/example_dags/example_branch_operator_decorator.py
[2025-04-28T14:50:39.394+0000] {processor.py:830} INFO - Processing file /home/airflow/.local/lib/python3.8/site-packages/airflow/example_dags/example_branch_operator_decorator.py for tasks to queue
[2025-04-28T14:50:39.397+0000] {logging_mixin.py:188} INFO - [2025-04-28T14:50:39.397+0000] {dagbag.py:538} INFO - Filling up the DagBag from /home/airflow/.local/lib/python3.8/site-packages/airflow/example_dags/example_branch_operator_decorator.py
[2025-04-28T14:50:39.423+0000] {processor.py:840} INFO - DAG(s) 'example_branch_python_operator_decorator' retrieved from /home/airflow/.local/lib/python3.8/site-packages/airflow/example_dags/example_branch_operator_decorator.py
[2025-04-28T14:50:39.473+0000] {logging_mixin.py:188} INFO - [2025-04-28T14:50:39.473+0000] {dag.py:3033} INFO - Sync 1 DAGs
[2025-04-28T14:50:39.512+0000] {logging_mixin.py:188} INFO - [2025-04-28T14:50:39.512+0000] {dag.py:3820} INFO - Setting next_dagrun for example_branch_python_operator_decorator to 2025-04-27T00:00:00+00:00, run_after=2025-04-28T00:00:00+00:00
[2025-04-28T14:50:39.548+0000] {processor.py:183} INFO - Processing /home/airflow/.local/lib/python3.8/site-packages/airflow/example_dags/example_branch_operator_decorator.py took 0.159 seconds
[2025-04-28T14:51:11.768+0000] {processor.py:161} INFO - Started process (PID=332) to work on /home/airflow/.local/lib/python3.8/site-packages/airflow/example_dags/example_branch_operator_decorator.py
[2025-04-28T14:51:11.769+0000] {processor.py:830} INFO - Processing file /home/airflow/.local/lib/python3.8/site-packages/airflow/example_dags/example_branch_operator_decorator.py for tasks to queue
[2025-04-28T14:51:11.776+0000] {logging_mixin.py:188} INFO - [2025-04-28T14:51:11.775+0000] {dagbag.py:538} INFO - Filling up the DagBag from /home/airflow/.local/lib/python3.8/site-packages/airflow/example_dags/example_branch_operator_decorator.py
[2025-04-28T14:51:12.042+0000] {processor.py:840} INFO - DAG(s) 'example_branch_python_operator_decorator' retrieved from /home/airflow/.local/lib/python3.8/site-packages/airflow/example_dags/example_branch_operator_decorator.py
[2025-04-28T14:51:12.176+0000] {logging_mixin.py:188} INFO - [2025-04-28T14:51:12.175+0000] {dag.py:3033} INFO - Sync 1 DAGs
[2025-04-28T14:51:12.271+0000] {logging_mixin.py:188} INFO - [2025-04-28T14:51:12.268+0000] {dag.py:3820} INFO - Setting next_dagrun for example_branch_python_operator_decorator to 2025-04-27T00:00:00+00:00, run_after=2025-04-28T00:00:00+00:00
[2025-04-28T14:51:12.417+0000] {processor.py:183} INFO - Processing /home/airflow/.local/lib/python3.8/site-packages/airflow/example_dags/example_branch_operator_decorator.py took 0.671 seconds
[2025-04-28T14:51:42.729+0000] {processor.py:161} INFO - Started process (PID=388) to work on /home/airflow/.local/lib/python3.8/site-packages/airflow/example_dags/example_branch_operator_decorator.py
[2025-04-28T14:51:42.730+0000] {processor.py:830} INFO - Processing file /home/airflow/.local/lib/python3.8/site-packages/airflow/example_dags/example_branch_operator_decorator.py for tasks to queue
[2025-04-28T14:51:42.734+0000] {logging_mixin.py:188} INFO - [2025-04-28T14:51:42.734+0000] {dagbag.py:538} INFO - Filling up the DagBag from /home/airflow/.local/lib/python3.8/site-packages/airflow/example_dags/example_branch_operator_decorator.py
[2025-04-28T14:51:42.784+0000] {processor.py:840} INFO - DAG(s) 'example_branch_python_operator_decorator' retrieved from /home/airflow/.local/lib/python3.8/site-packages/airflow/example_dags/example_branch_operator_decorator.py
[2025-04-28T14:51:42.849+0000] {logging_mixin.py:188} INFO - [2025-04-28T14:51:42.849+0000] {dag.py:3033} INFO - Sync 1 DAGs
[2025-04-28T14:51:42.899+0000] {logging_mixin.py:188} INFO - [2025-04-28T14:51:42.898+0000] {dag.py:3820} INFO - Setting next_dagrun for example_branch_python_operator_decorator to 2025-04-27T00:00:00+00:00, run_after=2025-04-28T00:00:00+00:00
[2025-04-28T14:51:42.932+0000] {processor.py:183} INFO - Processing /home/airflow/.local/lib/python3.8/site-packages/airflow/example_dags/example_branch_operator_decorator.py took 0.210 seconds
[2025-04-28T14:52:14.761+0000] {processor.py:161} INFO - Started process (PID=443) to work on /home/airflow/.local/lib/python3.8/site-packages/airflow/example_dags/example_branch_operator_decorator.py
[2025-04-28T14:52:14.763+0000] {processor.py:830} INFO - Processing file /home/airflow/.local/lib/python3.8/site-packages/airflow/example_dags/example_branch_operator_decorator.py for tasks to queue
[2025-04-28T14:52:14.767+0000] {logging_mixin.py:188} INFO - [2025-04-28T14:52:14.767+0000] {dagbag.py:538} INFO - Filling up the DagBag from /home/airflow/.local/lib/python3.8/site-packages/airflow/example_dags/example_branch_operator_decorator.py
[2025-04-28T14:52:14.802+0000] {processor.py:840} INFO - DAG(s) 'example_branch_python_operator_decorator' retrieved from /home/airflow/.local/lib/python3.8/site-packages/airflow/example_dags/example_branch_operator_decorator.py
[2025-04-28T14:52:14.851+0000] {logging_mixin.py:188} INFO - [2025-04-28T14:52:14.851+0000] {dag.py:3033} INFO - Sync 1 DAGs
[2025-04-28T14:52:14.888+0000] {logging_mixin.py:188} INFO - [2025-04-28T14:52:14.887+0000] {dag.py:3820} INFO - Setting next_dagrun for example_branch_python_operator_decorator to 2025-04-27T00:00:00+00:00, run_after=2025-04-28T00:00:00+00:00
[2025-04-28T14:52:14.924+0000] {processor.py:183} INFO - Processing /home/airflow/.local/lib/python3.8/site-packages/airflow/example_dags/example_branch_operator_decorator.py took 0.168 seconds
[2025-04-28T14:52:45.853+0000] {processor.py:161} INFO - Started process (PID=498) to work on /home/airflow/.local/lib/python3.8/site-packages/airflow/example_dags/example_branch_operator_decorator.py
[2025-04-28T14:52:45.854+0000] {processor.py:830} INFO - Processing file /home/airflow/.local/lib/python3.8/site-packages/airflow/example_dags/example_branch_operator_decorator.py for tasks to queue
[2025-04-28T14:52:45.857+0000] {logging_mixin.py:188} INFO - [2025-04-28T14:52:45.857+0000] {dagbag.py:538} INFO - Filling up the DagBag from /home/airflow/.local/lib/python3.8/site-packages/airflow/example_dags/example_branch_operator_decorator.py
[2025-04-28T14:52:45.896+0000] {processor.py:840} INFO - DAG(s) 'example_branch_python_operator_decorator' retrieved from /home/airflow/.local/lib/python3.8/site-packages/airflow/example_dags/example_branch_operator_decorator.py
[2025-04-28T14:52:45.948+0000] {logging_mixin.py:188} INFO - [2025-04-28T14:52:45.948+0000] {dag.py:3033} INFO - Sync 1 DAGs
[2025-04-28T14:52:45.996+0000] {logging_mixin.py:188} INFO - [2025-04-28T14:52:45.996+0000] {dag.py:3820} INFO - Setting next_dagrun for example_branch_python_operator_decorator to 2025-04-27T00:00:00+00:00, run_after=2025-04-28T00:00:00+00:00
[2025-04-28T14:52:46.038+0000] {processor.py:183} INFO - Processing /home/airflow/.local/lib/python3.8/site-packages/airflow/example_dags/example_branch_operator_decorator.py took 0.191 seconds
[2025-04-28T14:53:17.590+0000] {processor.py:161} INFO - Started process (PID=555) to work on /home/airflow/.local/lib/python3.8/site-packages/airflow/example_dags/example_branch_operator_decorator.py
[2025-04-28T14:53:17.593+0000] {processor.py:830} INFO - Processing file /home/airflow/.local/lib/python3.8/site-packages/airflow/example_dags/example_branch_operator_decorator.py for tasks to queue
[2025-04-28T14:53:17.605+0000] {logging_mixin.py:188} INFO - [2025-04-28T14:53:17.603+0000] {dagbag.py:538} INFO - Filling up the DagBag from /home/airflow/.local/lib/python3.8/site-packages/airflow/example_dags/example_branch_operator_decorator.py
[2025-04-28T14:53:17.667+0000] {processor.py:840} INFO - DAG(s) 'example_branch_python_operator_decorator' retrieved from /home/airflow/.local/lib/python3.8/site-packages/airflow/example_dags/example_branch_operator_decorator.py
[2025-04-28T14:53:17.746+0000] {logging_mixin.py:188} INFO - [2025-04-28T14:53:17.745+0000] {dag.py:3033} INFO - Sync 1 DAGs
[2025-04-28T14:53:17.835+0000] {logging_mixin.py:188} INFO - [2025-04-28T14:53:17.835+0000] {dag.py:3820} INFO - Setting next_dagrun for example_branch_python_operator_decorator to 2025-04-27T00:00:00+00:00, run_after=2025-04-28T00:00:00+00:00
[2025-04-28T14:53:17.897+0000] {processor.py:183} INFO - Processing /home/airflow/.local/lib/python3.8/site-packages/airflow/example_dags/example_branch_operator_decorator.py took 0.325 seconds
[2025-04-28T14:53:48.004+0000] {processor.py:161} INFO - Started process (PID=611) to work on /home/airflow/.local/lib/python3.8/site-packages/airflow/example_dags/example_branch_operator_decorator.py
[2025-04-28T14:53:48.005+0000] {processor.py:830} INFO - Processing file /home/airflow/.local/lib/python3.8/site-packages/airflow/example_dags/example_branch_operator_decorator.py for tasks to queue
[2025-04-28T14:53:48.009+0000] {logging_mixin.py:188} INFO - [2025-04-28T14:53:48.008+0000] {dagbag.py:538} INFO - Filling up the DagBag from /home/airflow/.local/lib/python3.8/site-packages/airflow/example_dags/example_branch_operator_decorator.py
[2025-04-28T14:53:48.042+0000] {processor.py:840} INFO - DAG(s) 'example_branch_python_operator_decorator' retrieved from /home/airflow/.local/lib/python3.8/site-packages/airflow/example_dags/example_branch_operator_decorator.py
[2025-04-28T14:53:48.103+0000] {logging_mixin.py:188} INFO - [2025-04-28T14:53:48.103+0000] {dag.py:3033} INFO - Sync 1 DAGs
[2025-04-28T14:53:48.148+0000] {logging_mixin.py:188} INFO - [2025-04-28T14:53:48.148+0000] {dag.py:3820} INFO - Setting next_dagrun for example_branch_python_operator_decorator to 2025-04-27T00:00:00+00:00, run_after=2025-04-28T00:00:00+00:00
[2025-04-28T14:53:48.176+0000] {processor.py:183} INFO - Processing /home/airflow/.local/lib/python3.8/site-packages/airflow/example_dags/example_branch_operator_decorator.py took 0.178 seconds
[2025-04-28T14:54:18.664+0000] {processor.py:161} INFO - Started process (PID=668) to work on /home/airflow/.local/lib/python3.8/site-packages/airflow/example_dags/example_branch_operator_decorator.py
[2025-04-28T14:54:18.665+0000] {processor.py:830} INFO - Processing file /home/airflow/.local/lib/python3.8/site-packages/airflow/example_dags/example_branch_operator_decorator.py for tasks to queue
[2025-04-28T14:54:18.668+0000] {logging_mixin.py:188} INFO - [2025-04-28T14:54:18.668+0000] {dagbag.py:538} INFO - Filling up the DagBag from /home/airflow/.local/lib/python3.8/site-packages/airflow/example_dags/example_branch_operator_decorator.py
[2025-04-28T14:54:18.702+0000] {processor.py:840} INFO - DAG(s) 'example_branch_python_operator_decorator' retrieved from /home/airflow/.local/lib/python3.8/site-packages/airflow/example_dags/example_branch_operator_decorator.py
[2025-04-28T14:54:18.755+0000] {logging_mixin.py:188} INFO - [2025-04-28T14:54:18.755+0000] {dag.py:3033} INFO - Sync 1 DAGs
[2025-04-28T14:54:18.802+0000] {logging_mixin.py:188} INFO - [2025-04-28T14:54:18.802+0000] {dag.py:3820} INFO - Setting next_dagrun for example_branch_python_operator_decorator to 2025-04-27T00:00:00+00:00, run_after=2025-04-28T00:00:00+00:00
[2025-04-28T14:54:18.833+0000] {processor.py:183} INFO - Processing /home/airflow/.local/lib/python3.8/site-packages/airflow/example_dags/example_branch_operator_decorator.py took 0.176 seconds
[2025-04-28T14:54:49.276+0000] {processor.py:161} INFO - Started process (PID=725) to work on /home/airflow/.local/lib/python3.8/site-packages/airflow/example_dags/example_branch_operator_decorator.py
[2025-04-28T14:54:49.278+0000] {processor.py:830} INFO - Processing file /home/airflow/.local/lib/python3.8/site-packages/airflow/example_dags/example_branch_operator_decorator.py for tasks to queue
[2025-04-28T14:54:49.280+0000] {logging_mixin.py:188} INFO - [2025-04-28T14:54:49.280+0000] {dagbag.py:538} INFO - Filling up the DagBag from /home/airflow/.local/lib/python3.8/site-packages/airflow/example_dags/example_branch_operator_decorator.py
[2025-04-28T14:54:49.318+0000] {processor.py:840} INFO - DAG(s) 'example_branch_python_operator_decorator' retrieved from /home/airflow/.local/lib/python3.8/site-packages/airflow/example_dags/example_branch_operator_decorator.py
[2025-04-28T14:54:49.359+0000] {logging_mixin.py:188} INFO - [2025-04-28T14:54:49.359+0000] {dag.py:3033} INFO - Sync 1 DAGs
[2025-04-28T14:54:49.390+0000] {logging_mixin.py:188} INFO - [2025-04-28T14:54:49.390+0000] {dag.py:3820} INFO - Setting next_dagrun for example_branch_python_operator_decorator to 2025-04-27T00:00:00+00:00, run_after=2025-04-28T00:00:00+00:00
[2025-04-28T14:54:49.429+0000] {processor.py:183} INFO - Processing /home/airflow/.local/lib/python3.8/site-packages/airflow/example_dags/example_branch_operator_decorator.py took 0.157 seconds
[2025-04-28T14:55:22.490+0000] {processor.py:161} INFO - Started process (PID=782) to work on /home/airflow/.local/lib/python3.8/site-packages/airflow/example_dags/example_branch_operator_decorator.py
[2025-04-28T14:55:22.491+0000] {processor.py:830} INFO - Processing file /home/airflow/.local/lib/python3.8/site-packages/airflow/example_dags/example_branch_operator_decorator.py for tasks to queue
[2025-04-28T14:55:22.494+0000] {logging_mixin.py:188} INFO - [2025-04-28T14:55:22.494+0000] {dagbag.py:538} INFO - Filling up the DagBag from /home/airflow/.local/lib/python3.8/site-packages/airflow/example_dags/example_branch_operator_decorator.py
[2025-04-28T14:55:22.520+0000] {processor.py:840} INFO - DAG(s) 'example_branch_python_operator_decorator' retrieved from /home/airflow/.local/lib/python3.8/site-packages/airflow/example_dags/example_branch_operator_decorator.py
[2025-04-28T14:55:22.564+0000] {logging_mixin.py:188} INFO - [2025-04-28T14:55:22.564+0000] {dag.py:3033} INFO - Sync 1 DAGs
[2025-04-28T14:55:22.611+0000] {logging_mixin.py:188} INFO - [2025-04-28T14:55:22.610+0000] {dag.py:3820} INFO - Setting next_dagrun for example_branch_python_operator_decorator to 2025-04-27T00:00:00+00:00, run_after=2025-04-28T00:00:00+00:00
[2025-04-28T14:55:22.645+0000] {processor.py:183} INFO - Processing /home/airflow/.local/lib/python3.8/site-packages/airflow/example_dags/example_branch_operator_decorator.py took 0.159 seconds
[2025-04-28T14:55:53.426+0000] {processor.py:161} INFO - Started process (PID=838) to work on /home/airflow/.local/lib/python3.8/site-packages/airflow/example_dags/example_branch_operator_decorator.py
[2025-04-28T14:55:53.427+0000] {processor.py:830} INFO - Processing file /home/airflow/.local/lib/python3.8/site-packages/airflow/example_dags/example_branch_operator_decorator.py for tasks to queue
[2025-04-28T14:55:53.430+0000] {logging_mixin.py:188} INFO - [2025-04-28T14:55:53.430+0000] {dagbag.py:538} INFO - Filling up the DagBag from /home/airflow/.local/lib/python3.8/site-packages/airflow/example_dags/example_branch_operator_decorator.py
[2025-04-28T14:55:53.457+0000] {processor.py:840} INFO - DAG(s) 'example_branch_python_operator_decorator' retrieved from /home/airflow/.local/lib/python3.8/site-packages/airflow/example_dags/example_branch_operator_decorator.py
[2025-04-28T14:55:53.498+0000] {logging_mixin.py:188} INFO - [2025-04-28T14:55:53.498+0000] {dag.py:3033} INFO - Sync 1 DAGs
[2025-04-28T14:55:53.529+0000] {logging_mixin.py:188} INFO - [2025-04-28T14:55:53.529+0000] {dag.py:3820} INFO - Setting next_dagrun for example_branch_python_operator_decorator to 2025-04-27T00:00:00+00:00, run_after=2025-04-28T00:00:00+00:00
[2025-04-28T14:55:53.556+0000] {processor.py:183} INFO - Processing /home/airflow/.local/lib/python3.8/site-packages/airflow/example_dags/example_branch_operator_decorator.py took 0.134 seconds
[2025-04-28T14:56:24.598+0000] {processor.py:161} INFO - Started process (PID=894) to work on /home/airflow/.local/lib/python3.8/site-packages/airflow/example_dags/example_branch_operator_decorator.py
[2025-04-28T14:56:24.600+0000] {processor.py:830} INFO - Processing file /home/airflow/.local/lib/python3.8/site-packages/airflow/example_dags/example_branch_operator_decorator.py for tasks to queue
[2025-04-28T14:56:24.604+0000] {logging_mixin.py:188} INFO - [2025-04-28T14:56:24.603+0000] {dagbag.py:538} INFO - Filling up the DagBag from /home/airflow/.local/lib/python3.8/site-packages/airflow/example_dags/example_branch_operator_decorator.py
[2025-04-28T14:56:24.640+0000] {processor.py:840} INFO - DAG(s) 'example_branch_python_operator_decorator' retrieved from /home/airflow/.local/lib/python3.8/site-packages/airflow/example_dags/example_branch_operator_decorator.py
[2025-04-28T14:56:24.690+0000] {logging_mixin.py:188} INFO - [2025-04-28T14:56:24.690+0000] {dag.py:3033} INFO - Sync 1 DAGs
[2025-04-28T14:56:24.731+0000] {logging_mixin.py:188} INFO - [2025-04-28T14:56:24.731+0000] {dag.py:3820} INFO - Setting next_dagrun for example_branch_python_operator_decorator to 2025-04-27T00:00:00+00:00, run_after=2025-04-28T00:00:00+00:00
[2025-04-28T14:56:24.767+0000] {processor.py:183} INFO - Processing /home/airflow/.local/lib/python3.8/site-packages/airflow/example_dags/example_branch_operator_decorator.py took 0.175 seconds
[2025-04-28T14:56:57.086+0000] {processor.py:161} INFO - Started process (PID=950) to work on /home/airflow/.local/lib/python3.8/site-packages/airflow/example_dags/example_branch_operator_decorator.py
[2025-04-28T14:56:57.089+0000] {processor.py:830} INFO - Processing file /home/airflow/.local/lib/python3.8/site-packages/airflow/example_dags/example_branch_operator_decorator.py for tasks to queue
[2025-04-28T14:56:57.093+0000] {logging_mixin.py:188} INFO - [2025-04-28T14:56:57.092+0000] {dagbag.py:538} INFO - Filling up the DagBag from /home/airflow/.local/lib/python3.8/site-packages/airflow/example_dags/example_branch_operator_decorator.py
[2025-04-28T14:56:57.122+0000] {processor.py:840} INFO - DAG(s) 'example_branch_python_operator_decorator' retrieved from /home/airflow/.local/lib/python3.8/site-packages/airflow/example_dags/example_branch_operator_decorator.py
[2025-04-28T14:56:57.159+0000] {logging_mixin.py:188} INFO - [2025-04-28T14:56:57.159+0000] {dag.py:3033} INFO - Sync 1 DAGs
[2025-04-28T14:56:57.204+0000] {logging_mixin.py:188} INFO - [2025-04-28T14:56:57.204+0000] {dag.py:3820} INFO - Setting next_dagrun for example_branch_python_operator_decorator to 2025-04-27T00:00:00+00:00, run_after=2025-04-28T00:00:00+00:00
[2025-04-28T14:56:57.234+0000] {processor.py:183} INFO - Processing /home/airflow/.local/lib/python3.8/site-packages/airflow/example_dags/example_branch_operator_decorator.py took 0.152 seconds
[2025-04-28T14:57:28.614+0000] {processor.py:161} INFO - Started process (PID=1006) to work on /home/airflow/.local/lib/python3.8/site-packages/airflow/example_dags/example_branch_operator_decorator.py
[2025-04-28T14:57:28.616+0000] {processor.py:830} INFO - Processing file /home/airflow/.local/lib/python3.8/site-packages/airflow/example_dags/example_branch_operator_decorator.py for tasks to queue
[2025-04-28T14:57:28.620+0000] {logging_mixin.py:188} INFO - [2025-04-28T14:57:28.619+0000] {dagbag.py:538} INFO - Filling up the DagBag from /home/airflow/.local/lib/python3.8/site-packages/airflow/example_dags/example_branch_operator_decorator.py
[2025-04-28T14:57:28.659+0000] {processor.py:840} INFO - DAG(s) 'example_branch_python_operator_decorator' retrieved from /home/airflow/.local/lib/python3.8/site-packages/airflow/example_dags/example_branch_operator_decorator.py
[2025-04-28T14:57:28.712+0000] {logging_mixin.py:188} INFO - [2025-04-28T14:57:28.712+0000] {dag.py:3033} INFO - Sync 1 DAGs
[2025-04-28T14:57:28.745+0000] {logging_mixin.py:188} INFO - [2025-04-28T14:57:28.745+0000] {dag.py:3820} INFO - Setting next_dagrun for example_branch_python_operator_decorator to 2025-04-27T00:00:00+00:00, run_after=2025-04-28T00:00:00+00:00
[2025-04-28T14:57:28.778+0000] {processor.py:183} INFO - Processing /home/airflow/.local/lib/python3.8/site-packages/airflow/example_dags/example_branch_operator_decorator.py took 0.168 seconds
[2025-04-28T14:58:03.233+0000] {processor.py:161} INFO - Started process (PID=1060) to work on /home/airflow/.local/lib/python3.8/site-packages/airflow/example_dags/example_branch_operator_decorator.py
[2025-04-28T14:58:03.235+0000] {processor.py:830} INFO - Processing file /home/airflow/.local/lib/python3.8/site-packages/airflow/example_dags/example_branch_operator_decorator.py for tasks to queue
[2025-04-28T14:58:03.239+0000] {logging_mixin.py:188} INFO - [2025-04-28T14:58:03.238+0000] {dagbag.py:538} INFO - Filling up the DagBag from /home/airflow/.local/lib/python3.8/site-packages/airflow/example_dags/example_branch_operator_decorator.py
[2025-04-28T14:58:03.277+0000] {processor.py:840} INFO - DAG(s) 'example_branch_python_operator_decorator' retrieved from /home/airflow/.local/lib/python3.8/site-packages/airflow/example_dags/example_branch_operator_decorator.py
[2025-04-28T14:58:03.345+0000] {logging_mixin.py:188} INFO - [2025-04-28T14:58:03.344+0000] {dag.py:3033} INFO - Sync 1 DAGs
[2025-04-28T14:58:03.395+0000] {logging_mixin.py:188} INFO - [2025-04-28T14:58:03.394+0000] {dag.py:3820} INFO - Setting next_dagrun for example_branch_python_operator_decorator to 2025-04-27T00:00:00+00:00, run_after=2025-04-28T00:00:00+00:00
[2025-04-28T14:58:03.431+0000] {processor.py:183} INFO - Processing /home/airflow/.local/lib/python3.8/site-packages/airflow/example_dags/example_branch_operator_decorator.py took 0.203 seconds
[2025-04-28T14:58:34.011+0000] {processor.py:161} INFO - Started process (PID=1117) to work on /home/airflow/.local/lib/python3.8/site-packages/airflow/example_dags/example_branch_operator_decorator.py
[2025-04-28T14:58:34.013+0000] {processor.py:830} INFO - Processing file /home/airflow/.local/lib/python3.8/site-packages/airflow/example_dags/example_branch_operator_decorator.py for tasks to queue
[2025-04-28T14:58:34.016+0000] {logging_mixin.py:188} INFO - [2025-04-28T14:58:34.015+0000] {dagbag.py:538} INFO - Filling up the DagBag from /home/airflow/.local/lib/python3.8/site-packages/airflow/example_dags/example_branch_operator_decorator.py
[2025-04-28T14:58:34.055+0000] {processor.py:840} INFO - DAG(s) 'example_branch_python_operator_decorator' retrieved from /home/airflow/.local/lib/python3.8/site-packages/airflow/example_dags/example_branch_operator_decorator.py
[2025-04-28T14:58:34.104+0000] {logging_mixin.py:188} INFO - [2025-04-28T14:58:34.103+0000] {dag.py:3033} INFO - Sync 1 DAGs
[2025-04-28T14:58:34.156+0000] {logging_mixin.py:188} INFO - [2025-04-28T14:58:34.156+0000] {dag.py:3820} INFO - Setting next_dagrun for example_branch_python_operator_decorator to 2025-04-27T00:00:00+00:00, run_after=2025-04-28T00:00:00+00:00
[2025-04-28T14:58:34.212+0000] {processor.py:183} INFO - Processing /home/airflow/.local/lib/python3.8/site-packages/airflow/example_dags/example_branch_operator_decorator.py took 0.206 seconds
[2025-04-28T14:59:11.326+0000] {processor.py:161} INFO - Started process (PID=1175) to work on /home/airflow/.local/lib/python3.8/site-packages/airflow/example_dags/example_branch_operator_decorator.py
[2025-04-28T14:59:11.328+0000] {processor.py:830} INFO - Processing file /home/airflow/.local/lib/python3.8/site-packages/airflow/example_dags/example_branch_operator_decorator.py for tasks to queue
[2025-04-28T14:59:11.331+0000] {logging_mixin.py:188} INFO - [2025-04-28T14:59:11.331+0000] {dagbag.py:538} INFO - Filling up the DagBag from /home/airflow/.local/lib/python3.8/site-packages/airflow/example_dags/example_branch_operator_decorator.py
[2025-04-28T14:59:11.367+0000] {processor.py:840} INFO - DAG(s) 'example_branch_python_operator_decorator' retrieved from /home/airflow/.local/lib/python3.8/site-packages/airflow/example_dags/example_branch_operator_decorator.py
[2025-04-28T14:59:11.417+0000] {logging_mixin.py:188} INFO - [2025-04-28T14:59:11.417+0000] {dag.py:3033} INFO - Sync 1 DAGs
[2025-04-28T14:59:11.454+0000] {logging_mixin.py:188} INFO - [2025-04-28T14:59:11.454+0000] {dag.py:3820} INFO - Setting next_dagrun for example_branch_python_operator_decorator to 2025-04-27T00:00:00+00:00, run_after=2025-04-28T00:00:00+00:00
[2025-04-28T14:59:11.486+0000] {processor.py:183} INFO - Processing /home/airflow/.local/lib/python3.8/site-packages/airflow/example_dags/example_branch_operator_decorator.py took 0.165 seconds
[2025-04-28T14:59:42.038+0000] {processor.py:161} INFO - Started process (PID=1231) to work on /home/airflow/.local/lib/python3.8/site-packages/airflow/example_dags/example_branch_operator_decorator.py
[2025-04-28T14:59:42.040+0000] {processor.py:830} INFO - Processing file /home/airflow/.local/lib/python3.8/site-packages/airflow/example_dags/example_branch_operator_decorator.py for tasks to queue
[2025-04-28T14:59:42.042+0000] {logging_mixin.py:188} INFO - [2025-04-28T14:59:42.042+0000] {dagbag.py:538} INFO - Filling up the DagBag from /home/airflow/.local/lib/python3.8/site-packages/airflow/example_dags/example_branch_operator_decorator.py
[2025-04-28T14:59:42.078+0000] {processor.py:840} INFO - DAG(s) 'example_branch_python_operator_decorator' retrieved from /home/airflow/.local/lib/python3.8/site-packages/airflow/example_dags/example_branch_operator_decorator.py
[2025-04-28T14:59:42.128+0000] {logging_mixin.py:188} INFO - [2025-04-28T14:59:42.127+0000] {dag.py:3033} INFO - Sync 1 DAGs
[2025-04-28T14:59:42.167+0000] {logging_mixin.py:188} INFO - [2025-04-28T14:59:42.167+0000] {dag.py:3820} INFO - Setting next_dagrun for example_branch_python_operator_decorator to 2025-04-27T00:00:00+00:00, run_after=2025-04-28T00:00:00+00:00
[2025-04-28T14:59:42.212+0000] {processor.py:183} INFO - Processing /home/airflow/.local/lib/python3.8/site-packages/airflow/example_dags/example_branch_operator_decorator.py took 0.181 seconds
[2025-04-28T15:00:12.846+0000] {processor.py:161} INFO - Started process (PID=1287) to work on /home/airflow/.local/lib/python3.8/site-packages/airflow/example_dags/example_branch_operator_decorator.py
[2025-04-28T15:00:12.848+0000] {processor.py:830} INFO - Processing file /home/airflow/.local/lib/python3.8/site-packages/airflow/example_dags/example_branch_operator_decorator.py for tasks to queue
[2025-04-28T15:00:12.851+0000] {logging_mixin.py:188} INFO - [2025-04-28T15:00:12.851+0000] {dagbag.py:538} INFO - Filling up the DagBag from /home/airflow/.local/lib/python3.8/site-packages/airflow/example_dags/example_branch_operator_decorator.py
[2025-04-28T15:00:12.883+0000] {processor.py:840} INFO - DAG(s) 'example_branch_python_operator_decorator' retrieved from /home/airflow/.local/lib/python3.8/site-packages/airflow/example_dags/example_branch_operator_decorator.py
[2025-04-28T15:00:12.921+0000] {logging_mixin.py:188} INFO - [2025-04-28T15:00:12.921+0000] {dag.py:3033} INFO - Sync 1 DAGs
[2025-04-28T15:00:12.949+0000] {logging_mixin.py:188} INFO - [2025-04-28T15:00:12.949+0000] {dag.py:3820} INFO - Setting next_dagrun for example_branch_python_operator_decorator to 2025-04-27T00:00:00+00:00, run_after=2025-04-28T00:00:00+00:00
[2025-04-28T15:00:12.985+0000] {processor.py:183} INFO - Processing /home/airflow/.local/lib/python3.8/site-packages/airflow/example_dags/example_branch_operator_decorator.py took 0.144 seconds
[2025-04-28T15:00:46.205+0000] {processor.py:161} INFO - Started process (PID=1344) to work on /home/airflow/.local/lib/python3.8/site-packages/airflow/example_dags/example_branch_operator_decorator.py
[2025-04-28T15:00:46.207+0000] {processor.py:830} INFO - Processing file /home/airflow/.local/lib/python3.8/site-packages/airflow/example_dags/example_branch_operator_decorator.py for tasks to queue
[2025-04-28T15:00:46.213+0000] {logging_mixin.py:188} INFO - [2025-04-28T15:00:46.213+0000] {dagbag.py:538} INFO - Filling up the DagBag from /home/airflow/.local/lib/python3.8/site-packages/airflow/example_dags/example_branch_operator_decorator.py
[2025-04-28T15:00:46.301+0000] {processor.py:840} INFO - DAG(s) 'example_branch_python_operator_decorator' retrieved from /home/airflow/.local/lib/python3.8/site-packages/airflow/example_dags/example_branch_operator_decorator.py
[2025-04-28T15:00:46.376+0000] {logging_mixin.py:188} INFO - [2025-04-28T15:00:46.376+0000] {dag.py:3033} INFO - Sync 1 DAGs
[2025-04-28T15:00:46.423+0000] {logging_mixin.py:188} INFO - [2025-04-28T15:00:46.423+0000] {dag.py:3820} INFO - Setting next_dagrun for example_branch_python_operator_decorator to 2025-04-27T00:00:00+00:00, run_after=2025-04-28T00:00:00+00:00
[2025-04-28T15:00:46.472+0000] {processor.py:183} INFO - Processing /home/airflow/.local/lib/python3.8/site-packages/airflow/example_dags/example_branch_operator_decorator.py took 0.278 seconds
[2025-04-28T15:01:20.174+0000] {processor.py:161} INFO - Started process (PID=1405) to work on /home/airflow/.local/lib/python3.8/site-packages/airflow/example_dags/example_branch_operator_decorator.py
[2025-04-28T15:01:20.177+0000] {processor.py:830} INFO - Processing file /home/airflow/.local/lib/python3.8/site-packages/airflow/example_dags/example_branch_operator_decorator.py for tasks to queue
[2025-04-28T15:01:20.182+0000] {logging_mixin.py:188} INFO - [2025-04-28T15:01:20.182+0000] {dagbag.py:538} INFO - Filling up the DagBag from /home/airflow/.local/lib/python3.8/site-packages/airflow/example_dags/example_branch_operator_decorator.py
[2025-04-28T15:01:20.277+0000] {processor.py:840} INFO - DAG(s) 'example_branch_python_operator_decorator' retrieved from /home/airflow/.local/lib/python3.8/site-packages/airflow/example_dags/example_branch_operator_decorator.py
[2025-04-28T15:01:20.365+0000] {logging_mixin.py:188} INFO - [2025-04-28T15:01:20.365+0000] {dag.py:3033} INFO - Sync 1 DAGs
[2025-04-28T15:01:20.434+0000] {logging_mixin.py:188} INFO - [2025-04-28T15:01:20.433+0000] {dag.py:3820} INFO - Setting next_dagrun for example_branch_python_operator_decorator to 2025-04-27T00:00:00+00:00, run_after=2025-04-28T00:00:00+00:00
[2025-04-28T15:01:20.495+0000] {processor.py:183} INFO - Processing /home/airflow/.local/lib/python3.8/site-packages/airflow/example_dags/example_branch_operator_decorator.py took 0.336 seconds
[2025-04-28T15:01:54.747+0000] {processor.py:161} INFO - Started process (PID=1462) to work on /home/airflow/.local/lib/python3.8/site-packages/airflow/example_dags/example_branch_operator_decorator.py
[2025-04-28T15:01:54.748+0000] {processor.py:830} INFO - Processing file /home/airflow/.local/lib/python3.8/site-packages/airflow/example_dags/example_branch_operator_decorator.py for tasks to queue
[2025-04-28T15:01:54.752+0000] {logging_mixin.py:188} INFO - [2025-04-28T15:01:54.752+0000] {dagbag.py:538} INFO - Filling up the DagBag from /home/airflow/.local/lib/python3.8/site-packages/airflow/example_dags/example_branch_operator_decorator.py
[2025-04-28T15:01:54.798+0000] {processor.py:840} INFO - DAG(s) 'example_branch_python_operator_decorator' retrieved from /home/airflow/.local/lib/python3.8/site-packages/airflow/example_dags/example_branch_operator_decorator.py
[2025-04-28T15:01:54.866+0000] {logging_mixin.py:188} INFO - [2025-04-28T15:01:54.866+0000] {dag.py:3033} INFO - Sync 1 DAGs
[2025-04-28T15:01:54.912+0000] {logging_mixin.py:188} INFO - [2025-04-28T15:01:54.912+0000] {dag.py:3820} INFO - Setting next_dagrun for example_branch_python_operator_decorator to 2025-04-27T00:00:00+00:00, run_after=2025-04-28T00:00:00+00:00
[2025-04-28T15:01:54.956+0000] {processor.py:183} INFO - Processing /home/airflow/.local/lib/python3.8/site-packages/airflow/example_dags/example_branch_operator_decorator.py took 0.217 seconds
[2025-04-28T15:02:25.540+0000] {processor.py:161} INFO - Started process (PID=1518) to work on /home/airflow/.local/lib/python3.8/site-packages/airflow/example_dags/example_branch_operator_decorator.py
[2025-04-28T15:02:25.541+0000] {processor.py:830} INFO - Processing file /home/airflow/.local/lib/python3.8/site-packages/airflow/example_dags/example_branch_operator_decorator.py for tasks to queue
[2025-04-28T15:02:25.545+0000] {logging_mixin.py:188} INFO - [2025-04-28T15:02:25.544+0000] {dagbag.py:538} INFO - Filling up the DagBag from /home/airflow/.local/lib/python3.8/site-packages/airflow/example_dags/example_branch_operator_decorator.py
[2025-04-28T15:02:25.573+0000] {processor.py:840} INFO - DAG(s) 'example_branch_python_operator_decorator' retrieved from /home/airflow/.local/lib/python3.8/site-packages/airflow/example_dags/example_branch_operator_decorator.py
[2025-04-28T15:02:25.610+0000] {logging_mixin.py:188} INFO - [2025-04-28T15:02:25.610+0000] {dag.py:3033} INFO - Sync 1 DAGs
[2025-04-28T15:02:25.642+0000] {logging_mixin.py:188} INFO - [2025-04-28T15:02:25.642+0000] {dag.py:3820} INFO - Setting next_dagrun for example_branch_python_operator_decorator to 2025-04-27T00:00:00+00:00, run_after=2025-04-28T00:00:00+00:00
[2025-04-28T15:02:25.671+0000] {processor.py:183} INFO - Processing /home/airflow/.local/lib/python3.8/site-packages/airflow/example_dags/example_branch_operator_decorator.py took 0.135 seconds
[2025-04-28T15:02:56.224+0000] {processor.py:161} INFO - Started process (PID=1569) to work on /home/airflow/.local/lib/python3.8/site-packages/airflow/example_dags/example_branch_operator_decorator.py
[2025-04-28T15:02:56.226+0000] {processor.py:830} INFO - Processing file /home/airflow/.local/lib/python3.8/site-packages/airflow/example_dags/example_branch_operator_decorator.py for tasks to queue
[2025-04-28T15:02:56.233+0000] {logging_mixin.py:188} INFO - [2025-04-28T15:02:56.233+0000] {dagbag.py:538} INFO - Filling up the DagBag from /home/airflow/.local/lib/python3.8/site-packages/airflow/example_dags/example_branch_operator_decorator.py
[2025-04-28T15:02:56.274+0000] {processor.py:840} INFO - DAG(s) 'example_branch_python_operator_decorator' retrieved from /home/airflow/.local/lib/python3.8/site-packages/airflow/example_dags/example_branch_operator_decorator.py
[2025-04-28T15:02:56.351+0000] {logging_mixin.py:188} INFO - [2025-04-28T15:02:56.350+0000] {dag.py:3033} INFO - Sync 1 DAGs
[2025-04-28T15:02:56.430+0000] {logging_mixin.py:188} INFO - [2025-04-28T15:02:56.430+0000] {dag.py:3820} INFO - Setting next_dagrun for example_branch_python_operator_decorator to 2025-04-27T00:00:00+00:00, run_after=2025-04-28T00:00:00+00:00
[2025-04-28T15:02:56.484+0000] {processor.py:183} INFO - Processing /home/airflow/.local/lib/python3.8/site-packages/airflow/example_dags/example_branch_operator_decorator.py took 0.268 seconds
[2025-04-28T15:03:29.430+0000] {processor.py:161} INFO - Started process (PID=1634) to work on /home/airflow/.local/lib/python3.8/site-packages/airflow/example_dags/example_branch_operator_decorator.py
[2025-04-28T15:03:29.432+0000] {processor.py:830} INFO - Processing file /home/airflow/.local/lib/python3.8/site-packages/airflow/example_dags/example_branch_operator_decorator.py for tasks to queue
[2025-04-28T15:03:29.437+0000] {logging_mixin.py:188} INFO - [2025-04-28T15:03:29.436+0000] {dagbag.py:538} INFO - Filling up the DagBag from /home/airflow/.local/lib/python3.8/site-packages/airflow/example_dags/example_branch_operator_decorator.py
[2025-04-28T15:03:29.482+0000] {processor.py:840} INFO - DAG(s) 'example_branch_python_operator_decorator' retrieved from /home/airflow/.local/lib/python3.8/site-packages/airflow/example_dags/example_branch_operator_decorator.py
[2025-04-28T15:03:29.555+0000] {logging_mixin.py:188} INFO - [2025-04-28T15:03:29.555+0000] {dag.py:3033} INFO - Sync 1 DAGs
[2025-04-28T15:03:29.645+0000] {logging_mixin.py:188} INFO - [2025-04-28T15:03:29.645+0000] {dag.py:3820} INFO - Setting next_dagrun for example_branch_python_operator_decorator to 2025-04-27T00:00:00+00:00, run_after=2025-04-28T00:00:00+00:00
[2025-04-28T15:03:29.711+0000] {processor.py:183} INFO - Processing /home/airflow/.local/lib/python3.8/site-packages/airflow/example_dags/example_branch_operator_decorator.py took 0.289 seconds
[2025-04-28T15:04:02.348+0000] {processor.py:161} INFO - Started process (PID=1691) to work on /home/airflow/.local/lib/python3.8/site-packages/airflow/example_dags/example_branch_operator_decorator.py
[2025-04-28T15:04:02.350+0000] {processor.py:830} INFO - Processing file /home/airflow/.local/lib/python3.8/site-packages/airflow/example_dags/example_branch_operator_decorator.py for tasks to queue
[2025-04-28T15:04:02.355+0000] {logging_mixin.py:188} INFO - [2025-04-28T15:04:02.355+0000] {dagbag.py:538} INFO - Filling up the DagBag from /home/airflow/.local/lib/python3.8/site-packages/airflow/example_dags/example_branch_operator_decorator.py
[2025-04-28T15:04:02.424+0000] {processor.py:840} INFO - DAG(s) 'example_branch_python_operator_decorator' retrieved from /home/airflow/.local/lib/python3.8/site-packages/airflow/example_dags/example_branch_operator_decorator.py
[2025-04-28T15:04:02.534+0000] {logging_mixin.py:188} INFO - [2025-04-28T15:04:02.534+0000] {dag.py:3033} INFO - Sync 1 DAGs
[2025-04-28T15:04:02.671+0000] {logging_mixin.py:188} INFO - [2025-04-28T15:04:02.671+0000] {dag.py:3820} INFO - Setting next_dagrun for example_branch_python_operator_decorator to 2025-04-27T00:00:00+00:00, run_after=2025-04-28T00:00:00+00:00
[2025-04-28T15:04:02.750+0000] {processor.py:183} INFO - Processing /home/airflow/.local/lib/python3.8/site-packages/airflow/example_dags/example_branch_operator_decorator.py took 0.408 seconds
[2025-04-28T15:04:33.308+0000] {processor.py:161} INFO - Started process (PID=1742) to work on /home/airflow/.local/lib/python3.8/site-packages/airflow/example_dags/example_branch_operator_decorator.py
[2025-04-28T15:04:33.314+0000] {processor.py:830} INFO - Processing file /home/airflow/.local/lib/python3.8/site-packages/airflow/example_dags/example_branch_operator_decorator.py for tasks to queue
[2025-04-28T15:04:33.318+0000] {logging_mixin.py:188} INFO - [2025-04-28T15:04:33.317+0000] {dagbag.py:538} INFO - Filling up the DagBag from /home/airflow/.local/lib/python3.8/site-packages/airflow/example_dags/example_branch_operator_decorator.py
[2025-04-28T15:04:33.361+0000] {processor.py:840} INFO - DAG(s) 'example_branch_python_operator_decorator' retrieved from /home/airflow/.local/lib/python3.8/site-packages/airflow/example_dags/example_branch_operator_decorator.py
[2025-04-28T15:04:33.429+0000] {logging_mixin.py:188} INFO - [2025-04-28T15:04:33.428+0000] {dag.py:3033} INFO - Sync 1 DAGs
[2025-04-28T15:04:33.470+0000] {logging_mixin.py:188} INFO - [2025-04-28T15:04:33.470+0000] {dag.py:3820} INFO - Setting next_dagrun for example_branch_python_operator_decorator to 2025-04-27T00:00:00+00:00, run_after=2025-04-28T00:00:00+00:00
[2025-04-28T15:04:33.506+0000] {processor.py:183} INFO - Processing /home/airflow/.local/lib/python3.8/site-packages/airflow/example_dags/example_branch_operator_decorator.py took 0.204 seconds
[2025-04-28T15:05:04.924+0000] {processor.py:161} INFO - Started process (PID=1798) to work on /home/airflow/.local/lib/python3.8/site-packages/airflow/example_dags/example_branch_operator_decorator.py
[2025-04-28T15:05:04.925+0000] {processor.py:830} INFO - Processing file /home/airflow/.local/lib/python3.8/site-packages/airflow/example_dags/example_branch_operator_decorator.py for tasks to queue
[2025-04-28T15:05:04.926+0000] {logging_mixin.py:188} INFO - [2025-04-28T15:05:04.926+0000] {dagbag.py:538} INFO - Filling up the DagBag from /home/airflow/.local/lib/python3.8/site-packages/airflow/example_dags/example_branch_operator_decorator.py
[2025-04-28T15:05:04.957+0000] {processor.py:840} INFO - DAG(s) 'example_branch_python_operator_decorator' retrieved from /home/airflow/.local/lib/python3.8/site-packages/airflow/example_dags/example_branch_operator_decorator.py
[2025-04-28T15:05:05.012+0000] {logging_mixin.py:188} INFO - [2025-04-28T15:05:05.011+0000] {dag.py:3033} INFO - Sync 1 DAGs
[2025-04-28T15:05:05.048+0000] {logging_mixin.py:188} INFO - [2025-04-28T15:05:05.048+0000] {dag.py:3820} INFO - Setting next_dagrun for example_branch_python_operator_decorator to 2025-04-27T00:00:00+00:00, run_after=2025-04-28T00:00:00+00:00
[2025-04-28T15:05:05.075+0000] {processor.py:183} INFO - Processing /home/airflow/.local/lib/python3.8/site-packages/airflow/example_dags/example_branch_operator_decorator.py took 0.156 seconds
[2025-04-28T15:05:41.516+0000] {processor.py:161} INFO - Started process (PID=1861) to work on /home/airflow/.local/lib/python3.8/site-packages/airflow/example_dags/example_branch_operator_decorator.py
[2025-04-28T15:05:41.517+0000] {processor.py:830} INFO - Processing file /home/airflow/.local/lib/python3.8/site-packages/airflow/example_dags/example_branch_operator_decorator.py for tasks to queue
[2025-04-28T15:05:41.519+0000] {logging_mixin.py:188} INFO - [2025-04-28T15:05:41.518+0000] {dagbag.py:538} INFO - Filling up the DagBag from /home/airflow/.local/lib/python3.8/site-packages/airflow/example_dags/example_branch_operator_decorator.py
[2025-04-28T15:05:41.554+0000] {processor.py:840} INFO - DAG(s) 'example_branch_python_operator_decorator' retrieved from /home/airflow/.local/lib/python3.8/site-packages/airflow/example_dags/example_branch_operator_decorator.py
[2025-04-28T15:05:41.605+0000] {logging_mixin.py:188} INFO - [2025-04-28T15:05:41.604+0000] {dag.py:3033} INFO - Sync 1 DAGs
[2025-04-28T15:05:41.649+0000] {logging_mixin.py:188} INFO - [2025-04-28T15:05:41.649+0000] {dag.py:3820} INFO - Setting next_dagrun for example_branch_python_operator_decorator to 2025-04-27T00:00:00+00:00, run_after=2025-04-28T00:00:00+00:00
[2025-04-28T15:05:41.688+0000] {processor.py:183} INFO - Processing /home/airflow/.local/lib/python3.8/site-packages/airflow/example_dags/example_branch_operator_decorator.py took 0.180 seconds
[2025-04-28T15:06:12.263+0000] {processor.py:161} INFO - Started process (PID=1911) to work on /home/airflow/.local/lib/python3.8/site-packages/airflow/example_dags/example_branch_operator_decorator.py
[2025-04-28T15:06:12.264+0000] {processor.py:830} INFO - Processing file /home/airflow/.local/lib/python3.8/site-packages/airflow/example_dags/example_branch_operator_decorator.py for tasks to queue
[2025-04-28T15:06:12.266+0000] {logging_mixin.py:188} INFO - [2025-04-28T15:06:12.266+0000] {dagbag.py:538} INFO - Filling up the DagBag from /home/airflow/.local/lib/python3.8/site-packages/airflow/example_dags/example_branch_operator_decorator.py
[2025-04-28T15:06:12.298+0000] {processor.py:840} INFO - DAG(s) 'example_branch_python_operator_decorator' retrieved from /home/airflow/.local/lib/python3.8/site-packages/airflow/example_dags/example_branch_operator_decorator.py
[2025-04-28T15:06:12.353+0000] {logging_mixin.py:188} INFO - [2025-04-28T15:06:12.353+0000] {dag.py:3033} INFO - Sync 1 DAGs
[2025-04-28T15:06:12.396+0000] {logging_mixin.py:188} INFO - [2025-04-28T15:06:12.396+0000] {dag.py:3820} INFO - Setting next_dagrun for example_branch_python_operator_decorator to 2025-04-27T00:00:00+00:00, run_after=2025-04-28T00:00:00+00:00
[2025-04-28T15:06:12.627+0000] {processor.py:183} INFO - Processing /home/airflow/.local/lib/python3.8/site-packages/airflow/example_dags/example_branch_operator_decorator.py took 0.369 seconds
[2025-04-28T15:06:42.977+0000] {processor.py:161} INFO - Started process (PID=1967) to work on /home/airflow/.local/lib/python3.8/site-packages/airflow/example_dags/example_branch_operator_decorator.py
[2025-04-28T15:06:42.978+0000] {processor.py:830} INFO - Processing file /home/airflow/.local/lib/python3.8/site-packages/airflow/example_dags/example_branch_operator_decorator.py for tasks to queue
[2025-04-28T15:06:42.979+0000] {logging_mixin.py:188} INFO - [2025-04-28T15:06:42.979+0000] {dagbag.py:538} INFO - Filling up the DagBag from /home/airflow/.local/lib/python3.8/site-packages/airflow/example_dags/example_branch_operator_decorator.py
[2025-04-28T15:06:43.009+0000] {processor.py:840} INFO - DAG(s) 'example_branch_python_operator_decorator' retrieved from /home/airflow/.local/lib/python3.8/site-packages/airflow/example_dags/example_branch_operator_decorator.py
[2025-04-28T15:06:43.062+0000] {logging_mixin.py:188} INFO - [2025-04-28T15:06:43.062+0000] {dag.py:3033} INFO - Sync 1 DAGs
[2025-04-28T15:06:43.100+0000] {logging_mixin.py:188} INFO - [2025-04-28T15:06:43.100+0000] {dag.py:3820} INFO - Setting next_dagrun for example_branch_python_operator_decorator to 2025-04-27T00:00:00+00:00, run_after=2025-04-28T00:00:00+00:00
[2025-04-28T15:06:43.133+0000] {processor.py:183} INFO - Processing /home/airflow/.local/lib/python3.8/site-packages/airflow/example_dags/example_branch_operator_decorator.py took 0.160 seconds
[2025-04-28T15:07:18.068+0000] {processor.py:161} INFO - Started process (PID=2023) to work on /home/airflow/.local/lib/python3.8/site-packages/airflow/example_dags/example_branch_operator_decorator.py
[2025-04-28T15:07:18.069+0000] {processor.py:830} INFO - Processing file /home/airflow/.local/lib/python3.8/site-packages/airflow/example_dags/example_branch_operator_decorator.py for tasks to queue
[2025-04-28T15:07:18.071+0000] {logging_mixin.py:188} INFO - [2025-04-28T15:07:18.070+0000] {dagbag.py:538} INFO - Filling up the DagBag from /home/airflow/.local/lib/python3.8/site-packages/airflow/example_dags/example_branch_operator_decorator.py
[2025-04-28T15:07:18.096+0000] {processor.py:840} INFO - DAG(s) 'example_branch_python_operator_decorator' retrieved from /home/airflow/.local/lib/python3.8/site-packages/airflow/example_dags/example_branch_operator_decorator.py
[2025-04-28T15:07:18.137+0000] {logging_mixin.py:188} INFO - [2025-04-28T15:07:18.137+0000] {dag.py:3033} INFO - Sync 1 DAGs
[2025-04-28T15:07:18.167+0000] {logging_mixin.py:188} INFO - [2025-04-28T15:07:18.167+0000] {dag.py:3820} INFO - Setting next_dagrun for example_branch_python_operator_decorator to 2025-04-27T00:00:00+00:00, run_after=2025-04-28T00:00:00+00:00
[2025-04-28T15:07:18.195+0000] {processor.py:183} INFO - Processing /home/airflow/.local/lib/python3.8/site-packages/airflow/example_dags/example_branch_operator_decorator.py took 0.131 seconds
[2025-04-28T15:07:48.667+0000] {processor.py:161} INFO - Started process (PID=2079) to work on /home/airflow/.local/lib/python3.8/site-packages/airflow/example_dags/example_branch_operator_decorator.py
[2025-04-28T15:07:48.669+0000] {processor.py:830} INFO - Processing file /home/airflow/.local/lib/python3.8/site-packages/airflow/example_dags/example_branch_operator_decorator.py for tasks to queue
[2025-04-28T15:07:48.670+0000] {logging_mixin.py:188} INFO - [2025-04-28T15:07:48.670+0000] {dagbag.py:538} INFO - Filling up the DagBag from /home/airflow/.local/lib/python3.8/site-packages/airflow/example_dags/example_branch_operator_decorator.py
[2025-04-28T15:07:48.710+0000] {processor.py:840} INFO - DAG(s) 'example_branch_python_operator_decorator' retrieved from /home/airflow/.local/lib/python3.8/site-packages/airflow/example_dags/example_branch_operator_decorator.py
[2025-04-28T15:07:48.753+0000] {logging_mixin.py:188} INFO - [2025-04-28T15:07:48.753+0000] {dag.py:3033} INFO - Sync 1 DAGs
[2025-04-28T15:07:48.930+0000] {logging_mixin.py:188} INFO - [2025-04-28T15:07:48.929+0000] {dag.py:3820} INFO - Setting next_dagrun for example_branch_python_operator_decorator to 2025-04-27T00:00:00+00:00, run_after=2025-04-28T00:00:00+00:00
[2025-04-28T15:07:48.958+0000] {processor.py:183} INFO - Processing /home/airflow/.local/lib/python3.8/site-packages/airflow/example_dags/example_branch_operator_decorator.py took 0.296 seconds
[2025-04-28T15:08:22.675+0000] {processor.py:161} INFO - Started process (PID=2135) to work on /home/airflow/.local/lib/python3.8/site-packages/airflow/example_dags/example_branch_operator_decorator.py
[2025-04-28T15:08:22.676+0000] {processor.py:830} INFO - Processing file /home/airflow/.local/lib/python3.8/site-packages/airflow/example_dags/example_branch_operator_decorator.py for tasks to queue
[2025-04-28T15:08:22.678+0000] {logging_mixin.py:188} INFO - [2025-04-28T15:08:22.677+0000] {dagbag.py:538} INFO - Filling up the DagBag from /home/airflow/.local/lib/python3.8/site-packages/airflow/example_dags/example_branch_operator_decorator.py
[2025-04-28T15:08:22.714+0000] {processor.py:840} INFO - DAG(s) 'example_branch_python_operator_decorator' retrieved from /home/airflow/.local/lib/python3.8/site-packages/airflow/example_dags/example_branch_operator_decorator.py
[2025-04-28T15:08:22.764+0000] {logging_mixin.py:188} INFO - [2025-04-28T15:08:22.763+0000] {dag.py:3033} INFO - Sync 1 DAGs
[2025-04-28T15:08:22.807+0000] {logging_mixin.py:188} INFO - [2025-04-28T15:08:22.806+0000] {dag.py:3820} INFO - Setting next_dagrun for example_branch_python_operator_decorator to 2025-04-27T00:00:00+00:00, run_after=2025-04-28T00:00:00+00:00
[2025-04-28T15:08:22.838+0000] {processor.py:183} INFO - Processing /home/airflow/.local/lib/python3.8/site-packages/airflow/example_dags/example_branch_operator_decorator.py took 0.167 seconds
[2025-04-28T15:08:57.170+0000] {processor.py:161} INFO - Started process (PID=2191) to work on /home/airflow/.local/lib/python3.8/site-packages/airflow/example_dags/example_branch_operator_decorator.py
[2025-04-28T15:08:57.171+0000] {processor.py:830} INFO - Processing file /home/airflow/.local/lib/python3.8/site-packages/airflow/example_dags/example_branch_operator_decorator.py for tasks to queue
[2025-04-28T15:08:57.172+0000] {logging_mixin.py:188} INFO - [2025-04-28T15:08:57.172+0000] {dagbag.py:538} INFO - Filling up the DagBag from /home/airflow/.local/lib/python3.8/site-packages/airflow/example_dags/example_branch_operator_decorator.py
[2025-04-28T15:08:57.209+0000] {processor.py:840} INFO - DAG(s) 'example_branch_python_operator_decorator' retrieved from /home/airflow/.local/lib/python3.8/site-packages/airflow/example_dags/example_branch_operator_decorator.py
[2025-04-28T15:08:57.253+0000] {logging_mixin.py:188} INFO - [2025-04-28T15:08:57.253+0000] {dag.py:3033} INFO - Sync 1 DAGs
[2025-04-28T15:08:57.288+0000] {logging_mixin.py:188} INFO - [2025-04-28T15:08:57.288+0000] {dag.py:3820} INFO - Setting next_dagrun for example_branch_python_operator_decorator to 2025-04-27T00:00:00+00:00, run_after=2025-04-28T00:00:00+00:00
[2025-04-28T15:08:57.327+0000] {processor.py:183} INFO - Processing /home/airflow/.local/lib/python3.8/site-packages/airflow/example_dags/example_branch_operator_decorator.py took 0.163 seconds
[2025-04-28T15:09:27.381+0000] {processor.py:161} INFO - Started process (PID=2245) to work on /home/airflow/.local/lib/python3.8/site-packages/airflow/example_dags/example_branch_operator_decorator.py
[2025-04-28T15:09:27.383+0000] {processor.py:830} INFO - Processing file /home/airflow/.local/lib/python3.8/site-packages/airflow/example_dags/example_branch_operator_decorator.py for tasks to queue
[2025-04-28T15:09:27.384+0000] {logging_mixin.py:188} INFO - [2025-04-28T15:09:27.384+0000] {dagbag.py:538} INFO - Filling up the DagBag from /home/airflow/.local/lib/python3.8/site-packages/airflow/example_dags/example_branch_operator_decorator.py
[2025-04-28T15:09:27.409+0000] {processor.py:840} INFO - DAG(s) 'example_branch_python_operator_decorator' retrieved from /home/airflow/.local/lib/python3.8/site-packages/airflow/example_dags/example_branch_operator_decorator.py
[2025-04-28T15:09:27.453+0000] {logging_mixin.py:188} INFO - [2025-04-28T15:09:27.452+0000] {dag.py:3033} INFO - Sync 1 DAGs
[2025-04-28T15:09:27.645+0000] {logging_mixin.py:188} INFO - [2025-04-28T15:09:27.645+0000] {dag.py:3820} INFO - Setting next_dagrun for example_branch_python_operator_decorator to 2025-04-27T00:00:00+00:00, run_after=2025-04-28T00:00:00+00:00
[2025-04-28T15:09:27.673+0000] {processor.py:183} INFO - Processing /home/airflow/.local/lib/python3.8/site-packages/airflow/example_dags/example_branch_operator_decorator.py took 0.298 seconds
[2025-04-28T15:10:01.017+0000] {processor.py:161} INFO - Started process (PID=2302) to work on /home/airflow/.local/lib/python3.8/site-packages/airflow/example_dags/example_branch_operator_decorator.py
[2025-04-28T15:10:01.019+0000] {processor.py:830} INFO - Processing file /home/airflow/.local/lib/python3.8/site-packages/airflow/example_dags/example_branch_operator_decorator.py for tasks to queue
[2025-04-28T15:10:01.021+0000] {logging_mixin.py:188} INFO - [2025-04-28T15:10:01.021+0000] {dagbag.py:538} INFO - Filling up the DagBag from /home/airflow/.local/lib/python3.8/site-packages/airflow/example_dags/example_branch_operator_decorator.py
[2025-04-28T15:10:01.067+0000] {processor.py:840} INFO - DAG(s) 'example_branch_python_operator_decorator' retrieved from /home/airflow/.local/lib/python3.8/site-packages/airflow/example_dags/example_branch_operator_decorator.py
[2025-04-28T15:10:01.121+0000] {logging_mixin.py:188} INFO - [2025-04-28T15:10:01.120+0000] {dag.py:3033} INFO - Sync 1 DAGs
[2025-04-28T15:10:01.162+0000] {logging_mixin.py:188} INFO - [2025-04-28T15:10:01.161+0000] {dag.py:3820} INFO - Setting next_dagrun for example_branch_python_operator_decorator to 2025-04-27T00:00:00+00:00, run_after=2025-04-28T00:00:00+00:00
[2025-04-28T15:10:01.204+0000] {processor.py:183} INFO - Processing /home/airflow/.local/lib/python3.8/site-packages/airflow/example_dags/example_branch_operator_decorator.py took 0.194 seconds
[2025-04-28T15:10:37.342+0000] {processor.py:161} INFO - Started process (PID=2364) to work on /home/airflow/.local/lib/python3.8/site-packages/airflow/example_dags/example_branch_operator_decorator.py
[2025-04-28T15:10:37.343+0000] {processor.py:830} INFO - Processing file /home/airflow/.local/lib/python3.8/site-packages/airflow/example_dags/example_branch_operator_decorator.py for tasks to queue
[2025-04-28T15:10:37.346+0000] {logging_mixin.py:188} INFO - [2025-04-28T15:10:37.345+0000] {dagbag.py:538} INFO - Filling up the DagBag from /home/airflow/.local/lib/python3.8/site-packages/airflow/example_dags/example_branch_operator_decorator.py
[2025-04-28T15:10:37.392+0000] {processor.py:840} INFO - DAG(s) 'example_branch_python_operator_decorator' retrieved from /home/airflow/.local/lib/python3.8/site-packages/airflow/example_dags/example_branch_operator_decorator.py
[2025-04-28T15:10:37.456+0000] {logging_mixin.py:188} INFO - [2025-04-28T15:10:37.455+0000] {dag.py:3033} INFO - Sync 1 DAGs
[2025-04-28T15:10:37.511+0000] {logging_mixin.py:188} INFO - [2025-04-28T15:10:37.510+0000] {dag.py:3820} INFO - Setting next_dagrun for example_branch_python_operator_decorator to 2025-04-27T00:00:00+00:00, run_after=2025-04-28T00:00:00+00:00
[2025-04-28T15:10:37.570+0000] {processor.py:183} INFO - Processing /home/airflow/.local/lib/python3.8/site-packages/airflow/example_dags/example_branch_operator_decorator.py took 0.234 seconds
[2025-04-28T15:11:08.055+0000] {processor.py:161} INFO - Started process (PID=2414) to work on /home/airflow/.local/lib/python3.8/site-packages/airflow/example_dags/example_branch_operator_decorator.py
[2025-04-28T15:11:08.057+0000] {processor.py:830} INFO - Processing file /home/airflow/.local/lib/python3.8/site-packages/airflow/example_dags/example_branch_operator_decorator.py for tasks to queue
[2025-04-28T15:11:08.058+0000] {logging_mixin.py:188} INFO - [2025-04-28T15:11:08.058+0000] {dagbag.py:538} INFO - Filling up the DagBag from /home/airflow/.local/lib/python3.8/site-packages/airflow/example_dags/example_branch_operator_decorator.py
[2025-04-28T15:11:08.086+0000] {processor.py:840} INFO - DAG(s) 'example_branch_python_operator_decorator' retrieved from /home/airflow/.local/lib/python3.8/site-packages/airflow/example_dags/example_branch_operator_decorator.py
[2025-04-28T15:11:08.135+0000] {logging_mixin.py:188} INFO - [2025-04-28T15:11:08.135+0000] {dag.py:3033} INFO - Sync 1 DAGs
[2025-04-28T15:11:08.362+0000] {logging_mixin.py:188} INFO - [2025-04-28T15:11:08.362+0000] {dag.py:3820} INFO - Setting next_dagrun for example_branch_python_operator_decorator to 2025-04-27T00:00:00+00:00, run_after=2025-04-28T00:00:00+00:00
[2025-04-28T15:11:08.392+0000] {processor.py:183} INFO - Processing /home/airflow/.local/lib/python3.8/site-packages/airflow/example_dags/example_branch_operator_decorator.py took 0.342 seconds
[2025-04-28T15:11:40.238+0000] {processor.py:161} INFO - Started process (PID=2470) to work on /home/airflow/.local/lib/python3.8/site-packages/airflow/example_dags/example_branch_operator_decorator.py
[2025-04-28T15:11:40.240+0000] {processor.py:830} INFO - Processing file /home/airflow/.local/lib/python3.8/site-packages/airflow/example_dags/example_branch_operator_decorator.py for tasks to queue
[2025-04-28T15:11:40.242+0000] {logging_mixin.py:188} INFO - [2025-04-28T15:11:40.241+0000] {dagbag.py:538} INFO - Filling up the DagBag from /home/airflow/.local/lib/python3.8/site-packages/airflow/example_dags/example_branch_operator_decorator.py
[2025-04-28T15:11:40.293+0000] {processor.py:840} INFO - DAG(s) 'example_branch_python_operator_decorator' retrieved from /home/airflow/.local/lib/python3.8/site-packages/airflow/example_dags/example_branch_operator_decorator.py
[2025-04-28T15:11:40.342+0000] {logging_mixin.py:188} INFO - [2025-04-28T15:11:40.342+0000] {dag.py:3033} INFO - Sync 1 DAGs
[2025-04-28T15:11:40.443+0000] {logging_mixin.py:188} INFO - [2025-04-28T15:11:40.443+0000] {dag.py:3820} INFO - Setting next_dagrun for example_branch_python_operator_decorator to 2025-04-27T00:00:00+00:00, run_after=2025-04-28T00:00:00+00:00
[2025-04-28T15:11:40.500+0000] {processor.py:183} INFO - Processing /home/airflow/.local/lib/python3.8/site-packages/airflow/example_dags/example_branch_operator_decorator.py took 0.269 seconds
[2025-04-28T15:12:12.094+0000] {processor.py:161} INFO - Started process (PID=2526) to work on /home/airflow/.local/lib/python3.8/site-packages/airflow/example_dags/example_branch_operator_decorator.py
[2025-04-28T15:12:12.096+0000] {processor.py:830} INFO - Processing file /home/airflow/.local/lib/python3.8/site-packages/airflow/example_dags/example_branch_operator_decorator.py for tasks to queue
[2025-04-28T15:12:12.098+0000] {logging_mixin.py:188} INFO - [2025-04-28T15:12:12.097+0000] {dagbag.py:538} INFO - Filling up the DagBag from /home/airflow/.local/lib/python3.8/site-packages/airflow/example_dags/example_branch_operator_decorator.py
[2025-04-28T15:12:12.139+0000] {processor.py:840} INFO - DAG(s) 'example_branch_python_operator_decorator' retrieved from /home/airflow/.local/lib/python3.8/site-packages/airflow/example_dags/example_branch_operator_decorator.py
[2025-04-28T15:12:12.217+0000] {logging_mixin.py:188} INFO - [2025-04-28T15:12:12.216+0000] {dag.py:3033} INFO - Sync 1 DAGs
[2025-04-28T15:12:12.257+0000] {logging_mixin.py:188} INFO - [2025-04-28T15:12:12.257+0000] {dag.py:3820} INFO - Setting next_dagrun for example_branch_python_operator_decorator to 2025-04-27T00:00:00+00:00, run_after=2025-04-28T00:00:00+00:00
[2025-04-28T15:12:12.294+0000] {processor.py:183} INFO - Processing /home/airflow/.local/lib/python3.8/site-packages/airflow/example_dags/example_branch_operator_decorator.py took 0.205 seconds
[2025-04-28T15:12:46.015+0000] {processor.py:161} INFO - Started process (PID=2582) to work on /home/airflow/.local/lib/python3.8/site-packages/airflow/example_dags/example_branch_operator_decorator.py
[2025-04-28T15:12:46.019+0000] {processor.py:830} INFO - Processing file /home/airflow/.local/lib/python3.8/site-packages/airflow/example_dags/example_branch_operator_decorator.py for tasks to queue
[2025-04-28T15:12:46.021+0000] {logging_mixin.py:188} INFO - [2025-04-28T15:12:46.020+0000] {dagbag.py:538} INFO - Filling up the DagBag from /home/airflow/.local/lib/python3.8/site-packages/airflow/example_dags/example_branch_operator_decorator.py
[2025-04-28T15:12:46.096+0000] {processor.py:840} INFO - DAG(s) 'example_branch_python_operator_decorator' retrieved from /home/airflow/.local/lib/python3.8/site-packages/airflow/example_dags/example_branch_operator_decorator.py
[2025-04-28T15:12:46.221+0000] {logging_mixin.py:188} INFO - [2025-04-28T15:12:46.221+0000] {dag.py:3033} INFO - Sync 1 DAGs
[2025-04-28T15:12:46.320+0000] {logging_mixin.py:188} INFO - [2025-04-28T15:12:46.320+0000] {dag.py:3820} INFO - Setting next_dagrun for example_branch_python_operator_decorator to 2025-04-27T00:00:00+00:00, run_after=2025-04-28T00:00:00+00:00
[2025-04-28T15:12:46.388+0000] {processor.py:183} INFO - Processing /home/airflow/.local/lib/python3.8/site-packages/airflow/example_dags/example_branch_operator_decorator.py took 0.386 seconds
[2025-04-28T15:13:17.490+0000] {processor.py:161} INFO - Started process (PID=2643) to work on /home/airflow/.local/lib/python3.8/site-packages/airflow/example_dags/example_branch_operator_decorator.py
[2025-04-28T15:13:17.496+0000] {processor.py:830} INFO - Processing file /home/airflow/.local/lib/python3.8/site-packages/airflow/example_dags/example_branch_operator_decorator.py for tasks to queue
[2025-04-28T15:13:17.499+0000] {logging_mixin.py:188} INFO - [2025-04-28T15:13:17.498+0000] {dagbag.py:538} INFO - Filling up the DagBag from /home/airflow/.local/lib/python3.8/site-packages/airflow/example_dags/example_branch_operator_decorator.py
[2025-04-28T15:13:17.567+0000] {processor.py:840} INFO - DAG(s) 'example_branch_python_operator_decorator' retrieved from /home/airflow/.local/lib/python3.8/site-packages/airflow/example_dags/example_branch_operator_decorator.py
[2025-04-28T15:13:17.645+0000] {logging_mixin.py:188} INFO - [2025-04-28T15:13:17.645+0000] {dag.py:3033} INFO - Sync 1 DAGs
[2025-04-28T15:13:17.744+0000] {logging_mixin.py:188} INFO - [2025-04-28T15:13:17.744+0000] {dag.py:3820} INFO - Setting next_dagrun for example_branch_python_operator_decorator to 2025-04-27T00:00:00+00:00, run_after=2025-04-28T00:00:00+00:00
[2025-04-28T15:13:17.833+0000] {processor.py:183} INFO - Processing /home/airflow/.local/lib/python3.8/site-packages/airflow/example_dags/example_branch_operator_decorator.py took 0.353 seconds
[2025-04-28T15:13:50.594+0000] {processor.py:161} INFO - Started process (PID=2693) to work on /home/airflow/.local/lib/python3.8/site-packages/airflow/example_dags/example_branch_operator_decorator.py
[2025-04-28T15:13:50.598+0000] {processor.py:830} INFO - Processing file /home/airflow/.local/lib/python3.8/site-packages/airflow/example_dags/example_branch_operator_decorator.py for tasks to queue
[2025-04-28T15:13:50.603+0000] {logging_mixin.py:188} INFO - [2025-04-28T15:13:50.602+0000] {dagbag.py:538} INFO - Filling up the DagBag from /home/airflow/.local/lib/python3.8/site-packages/airflow/example_dags/example_branch_operator_decorator.py
[2025-04-28T15:13:50.670+0000] {processor.py:840} INFO - DAG(s) 'example_branch_python_operator_decorator' retrieved from /home/airflow/.local/lib/python3.8/site-packages/airflow/example_dags/example_branch_operator_decorator.py
[2025-04-28T15:13:50.775+0000] {logging_mixin.py:188} INFO - [2025-04-28T15:13:50.775+0000] {dag.py:3033} INFO - Sync 1 DAGs
[2025-04-28T15:13:50.878+0000] {logging_mixin.py:188} INFO - [2025-04-28T15:13:50.877+0000] {dag.py:3820} INFO - Setting next_dagrun for example_branch_python_operator_decorator to 2025-04-27T00:00:00+00:00, run_after=2025-04-28T00:00:00+00:00
[2025-04-28T15:13:50.955+0000] {processor.py:183} INFO - Processing /home/airflow/.local/lib/python3.8/site-packages/airflow/example_dags/example_branch_operator_decorator.py took 0.370 seconds
[2025-04-28T15:14:21.507+0000] {processor.py:161} INFO - Started process (PID=2748) to work on /home/airflow/.local/lib/python3.8/site-packages/airflow/example_dags/example_branch_operator_decorator.py
[2025-04-28T15:14:21.509+0000] {processor.py:830} INFO - Processing file /home/airflow/.local/lib/python3.8/site-packages/airflow/example_dags/example_branch_operator_decorator.py for tasks to queue
[2025-04-28T15:14:21.510+0000] {logging_mixin.py:188} INFO - [2025-04-28T15:14:21.510+0000] {dagbag.py:538} INFO - Filling up the DagBag from /home/airflow/.local/lib/python3.8/site-packages/airflow/example_dags/example_branch_operator_decorator.py
[2025-04-28T15:14:21.541+0000] {processor.py:840} INFO - DAG(s) 'example_branch_python_operator_decorator' retrieved from /home/airflow/.local/lib/python3.8/site-packages/airflow/example_dags/example_branch_operator_decorator.py
[2025-04-28T15:14:21.584+0000] {logging_mixin.py:188} INFO - [2025-04-28T15:14:21.583+0000] {dag.py:3033} INFO - Sync 1 DAGs
[2025-04-28T15:14:21.624+0000] {logging_mixin.py:188} INFO - [2025-04-28T15:14:21.624+0000] {dag.py:3820} INFO - Setting next_dagrun for example_branch_python_operator_decorator to 2025-04-27T00:00:00+00:00, run_after=2025-04-28T00:00:00+00:00
[2025-04-28T15:14:21.663+0000] {processor.py:183} INFO - Processing /home/airflow/.local/lib/python3.8/site-packages/airflow/example_dags/example_branch_operator_decorator.py took 0.160 seconds
[2025-04-28T15:14:52.692+0000] {processor.py:161} INFO - Started process (PID=2804) to work on /home/airflow/.local/lib/python3.8/site-packages/airflow/example_dags/example_branch_operator_decorator.py
[2025-04-28T15:14:52.693+0000] {processor.py:830} INFO - Processing file /home/airflow/.local/lib/python3.8/site-packages/airflow/example_dags/example_branch_operator_decorator.py for tasks to queue
[2025-04-28T15:14:52.694+0000] {logging_mixin.py:188} INFO - [2025-04-28T15:14:52.694+0000] {dagbag.py:538} INFO - Filling up the DagBag from /home/airflow/.local/lib/python3.8/site-packages/airflow/example_dags/example_branch_operator_decorator.py
[2025-04-28T15:14:52.725+0000] {processor.py:840} INFO - DAG(s) 'example_branch_python_operator_decorator' retrieved from /home/airflow/.local/lib/python3.8/site-packages/airflow/example_dags/example_branch_operator_decorator.py
[2025-04-28T15:14:52.791+0000] {logging_mixin.py:188} INFO - [2025-04-28T15:14:52.790+0000] {dag.py:3033} INFO - Sync 1 DAGs
[2025-04-28T15:14:52.830+0000] {logging_mixin.py:188} INFO - [2025-04-28T15:14:52.830+0000] {dag.py:3820} INFO - Setting next_dagrun for example_branch_python_operator_decorator to 2025-04-27T00:00:00+00:00, run_after=2025-04-28T00:00:00+00:00
[2025-04-28T15:14:52.863+0000] {processor.py:183} INFO - Processing /home/airflow/.local/lib/python3.8/site-packages/airflow/example_dags/example_branch_operator_decorator.py took 0.176 seconds
[2025-04-28T15:15:25.609+0000] {processor.py:161} INFO - Started process (PID=2861) to work on /home/airflow/.local/lib/python3.8/site-packages/airflow/example_dags/example_branch_operator_decorator.py
[2025-04-28T15:15:25.611+0000] {processor.py:830} INFO - Processing file /home/airflow/.local/lib/python3.8/site-packages/airflow/example_dags/example_branch_operator_decorator.py for tasks to queue
[2025-04-28T15:15:25.613+0000] {logging_mixin.py:188} INFO - [2025-04-28T15:15:25.612+0000] {dagbag.py:538} INFO - Filling up the DagBag from /home/airflow/.local/lib/python3.8/site-packages/airflow/example_dags/example_branch_operator_decorator.py
[2025-04-28T15:15:25.653+0000] {processor.py:840} INFO - DAG(s) 'example_branch_python_operator_decorator' retrieved from /home/airflow/.local/lib/python3.8/site-packages/airflow/example_dags/example_branch_operator_decorator.py
[2025-04-28T15:15:25.732+0000] {logging_mixin.py:188} INFO - [2025-04-28T15:15:25.732+0000] {dag.py:3033} INFO - Sync 1 DAGs
[2025-04-28T15:15:25.792+0000] {logging_mixin.py:188} INFO - [2025-04-28T15:15:25.792+0000] {dag.py:3820} INFO - Setting next_dagrun for example_branch_python_operator_decorator to 2025-04-27T00:00:00+00:00, run_after=2025-04-28T00:00:00+00:00
[2025-04-28T15:15:25.838+0000] {processor.py:183} INFO - Processing /home/airflow/.local/lib/python3.8/site-packages/airflow/example_dags/example_branch_operator_decorator.py took 0.234 seconds
[2025-04-28T15:15:58.457+0000] {processor.py:161} INFO - Started process (PID=2917) to work on /home/airflow/.local/lib/python3.8/site-packages/airflow/example_dags/example_branch_operator_decorator.py
[2025-04-28T15:15:58.459+0000] {processor.py:830} INFO - Processing file /home/airflow/.local/lib/python3.8/site-packages/airflow/example_dags/example_branch_operator_decorator.py for tasks to queue
[2025-04-28T15:15:58.461+0000] {logging_mixin.py:188} INFO - [2025-04-28T15:15:58.460+0000] {dagbag.py:538} INFO - Filling up the DagBag from /home/airflow/.local/lib/python3.8/site-packages/airflow/example_dags/example_branch_operator_decorator.py
[2025-04-28T15:15:58.510+0000] {processor.py:840} INFO - DAG(s) 'example_branch_python_operator_decorator' retrieved from /home/airflow/.local/lib/python3.8/site-packages/airflow/example_dags/example_branch_operator_decorator.py
[2025-04-28T15:15:58.590+0000] {logging_mixin.py:188} INFO - [2025-04-28T15:15:58.590+0000] {dag.py:3033} INFO - Sync 1 DAGs
[2025-04-28T15:15:58.674+0000] {logging_mixin.py:188} INFO - [2025-04-28T15:15:58.674+0000] {dag.py:3820} INFO - Setting next_dagrun for example_branch_python_operator_decorator to 2025-04-27T00:00:00+00:00, run_after=2025-04-28T00:00:00+00:00
[2025-04-28T15:15:58.704+0000] {processor.py:183} INFO - Processing /home/airflow/.local/lib/python3.8/site-packages/airflow/example_dags/example_branch_operator_decorator.py took 0.251 seconds
[2025-04-28T15:16:31.258+0000] {processor.py:161} INFO - Started process (PID=2973) to work on /home/airflow/.local/lib/python3.8/site-packages/airflow/example_dags/example_branch_operator_decorator.py
[2025-04-28T15:16:31.260+0000] {processor.py:830} INFO - Processing file /home/airflow/.local/lib/python3.8/site-packages/airflow/example_dags/example_branch_operator_decorator.py for tasks to queue
[2025-04-28T15:16:31.265+0000] {logging_mixin.py:188} INFO - [2025-04-28T15:16:31.262+0000] {dagbag.py:538} INFO - Filling up the DagBag from /home/airflow/.local/lib/python3.8/site-packages/airflow/example_dags/example_branch_operator_decorator.py
[2025-04-28T15:16:31.315+0000] {processor.py:840} INFO - DAG(s) 'example_branch_python_operator_decorator' retrieved from /home/airflow/.local/lib/python3.8/site-packages/airflow/example_dags/example_branch_operator_decorator.py
[2025-04-28T15:16:31.376+0000] {logging_mixin.py:188} INFO - [2025-04-28T15:16:31.375+0000] {dag.py:3033} INFO - Sync 1 DAGs
[2025-04-28T15:16:31.417+0000] {logging_mixin.py:188} INFO - [2025-04-28T15:16:31.416+0000] {dag.py:3820} INFO - Setting next_dagrun for example_branch_python_operator_decorator to 2025-04-27T00:00:00+00:00, run_after=2025-04-28T00:00:00+00:00
[2025-04-28T15:16:31.453+0000] {processor.py:183} INFO - Processing /home/airflow/.local/lib/python3.8/site-packages/airflow/example_dags/example_branch_operator_decorator.py took 0.201 seconds
[2025-04-28T15:17:03.816+0000] {processor.py:161} INFO - Started process (PID=3029) to work on /home/airflow/.local/lib/python3.8/site-packages/airflow/example_dags/example_branch_operator_decorator.py
[2025-04-28T15:17:03.822+0000] {processor.py:830} INFO - Processing file /home/airflow/.local/lib/python3.8/site-packages/airflow/example_dags/example_branch_operator_decorator.py for tasks to queue
[2025-04-28T15:17:03.826+0000] {logging_mixin.py:188} INFO - [2025-04-28T15:17:03.825+0000] {dagbag.py:538} INFO - Filling up the DagBag from /home/airflow/.local/lib/python3.8/site-packages/airflow/example_dags/example_branch_operator_decorator.py
[2025-04-28T15:17:03.886+0000] {processor.py:840} INFO - DAG(s) 'example_branch_python_operator_decorator' retrieved from /home/airflow/.local/lib/python3.8/site-packages/airflow/example_dags/example_branch_operator_decorator.py
[2025-04-28T15:17:03.952+0000] {logging_mixin.py:188} INFO - [2025-04-28T15:17:03.952+0000] {dag.py:3033} INFO - Sync 1 DAGs
[2025-04-28T15:17:04.032+0000] {logging_mixin.py:188} INFO - [2025-04-28T15:17:04.031+0000] {dag.py:3820} INFO - Setting next_dagrun for example_branch_python_operator_decorator to 2025-04-27T00:00:00+00:00, run_after=2025-04-28T00:00:00+00:00
[2025-04-28T15:17:04.088+0000] {processor.py:183} INFO - Processing /home/airflow/.local/lib/python3.8/site-packages/airflow/example_dags/example_branch_operator_decorator.py took 0.282 seconds
[2025-04-28T15:17:36.136+0000] {processor.py:161} INFO - Started process (PID=3085) to work on /home/airflow/.local/lib/python3.8/site-packages/airflow/example_dags/example_branch_operator_decorator.py
[2025-04-28T15:17:36.137+0000] {processor.py:830} INFO - Processing file /home/airflow/.local/lib/python3.8/site-packages/airflow/example_dags/example_branch_operator_decorator.py for tasks to queue
[2025-04-28T15:17:36.139+0000] {logging_mixin.py:188} INFO - [2025-04-28T15:17:36.139+0000] {dagbag.py:538} INFO - Filling up the DagBag from /home/airflow/.local/lib/python3.8/site-packages/airflow/example_dags/example_branch_operator_decorator.py
[2025-04-28T15:17:36.178+0000] {processor.py:840} INFO - DAG(s) 'example_branch_python_operator_decorator' retrieved from /home/airflow/.local/lib/python3.8/site-packages/airflow/example_dags/example_branch_operator_decorator.py
[2025-04-28T15:17:36.244+0000] {logging_mixin.py:188} INFO - [2025-04-28T15:17:36.243+0000] {dag.py:3033} INFO - Sync 1 DAGs
[2025-04-28T15:17:36.310+0000] {logging_mixin.py:188} INFO - [2025-04-28T15:17:36.310+0000] {dag.py:3820} INFO - Setting next_dagrun for example_branch_python_operator_decorator to 2025-04-27T00:00:00+00:00, run_after=2025-04-28T00:00:00+00:00
[2025-04-28T15:17:36.373+0000] {processor.py:183} INFO - Processing /home/airflow/.local/lib/python3.8/site-packages/airflow/example_dags/example_branch_operator_decorator.py took 0.244 seconds
[2025-04-28T15:18:10.109+0000] {processor.py:161} INFO - Started process (PID=3140) to work on /home/airflow/.local/lib/python3.8/site-packages/airflow/example_dags/example_branch_operator_decorator.py
[2025-04-28T15:18:10.110+0000] {processor.py:830} INFO - Processing file /home/airflow/.local/lib/python3.8/site-packages/airflow/example_dags/example_branch_operator_decorator.py for tasks to queue
[2025-04-28T15:18:10.112+0000] {logging_mixin.py:188} INFO - [2025-04-28T15:18:10.111+0000] {dagbag.py:538} INFO - Filling up the DagBag from /home/airflow/.local/lib/python3.8/site-packages/airflow/example_dags/example_branch_operator_decorator.py
[2025-04-28T15:18:10.139+0000] {processor.py:840} INFO - DAG(s) 'example_branch_python_operator_decorator' retrieved from /home/airflow/.local/lib/python3.8/site-packages/airflow/example_dags/example_branch_operator_decorator.py
[2025-04-28T15:18:10.192+0000] {logging_mixin.py:188} INFO - [2025-04-28T15:18:10.192+0000] {dag.py:3033} INFO - Sync 1 DAGs
[2025-04-28T15:18:10.237+0000] {logging_mixin.py:188} INFO - [2025-04-28T15:18:10.237+0000] {dag.py:3820} INFO - Setting next_dagrun for example_branch_python_operator_decorator to 2025-04-27T00:00:00+00:00, run_after=2025-04-28T00:00:00+00:00
[2025-04-28T15:18:10.268+0000] {processor.py:183} INFO - Processing /home/airflow/.local/lib/python3.8/site-packages/airflow/example_dags/example_branch_operator_decorator.py took 0.163 seconds
[2025-04-28T15:18:41.786+0000] {processor.py:161} INFO - Started process (PID=3196) to work on /home/airflow/.local/lib/python3.8/site-packages/airflow/example_dags/example_branch_operator_decorator.py
[2025-04-28T15:18:41.787+0000] {processor.py:830} INFO - Processing file /home/airflow/.local/lib/python3.8/site-packages/airflow/example_dags/example_branch_operator_decorator.py for tasks to queue
[2025-04-28T15:18:41.792+0000] {logging_mixin.py:188} INFO - [2025-04-28T15:18:41.791+0000] {dagbag.py:538} INFO - Filling up the DagBag from /home/airflow/.local/lib/python3.8/site-packages/airflow/example_dags/example_branch_operator_decorator.py
[2025-04-28T15:18:41.844+0000] {processor.py:840} INFO - DAG(s) 'example_branch_python_operator_decorator' retrieved from /home/airflow/.local/lib/python3.8/site-packages/airflow/example_dags/example_branch_operator_decorator.py
[2025-04-28T15:18:41.937+0000] {logging_mixin.py:188} INFO - [2025-04-28T15:18:41.937+0000] {dag.py:3033} INFO - Sync 1 DAGs
[2025-04-28T15:18:41.996+0000] {logging_mixin.py:188} INFO - [2025-04-28T15:18:41.995+0000] {dag.py:3820} INFO - Setting next_dagrun for example_branch_python_operator_decorator to 2025-04-27T00:00:00+00:00, run_after=2025-04-28T00:00:00+00:00
[2025-04-28T15:18:42.059+0000] {processor.py:183} INFO - Processing /home/airflow/.local/lib/python3.8/site-packages/airflow/example_dags/example_branch_operator_decorator.py took 0.278 seconds
[2025-04-28T15:19:14.661+0000] {processor.py:161} INFO - Started process (PID=3253) to work on /home/airflow/.local/lib/python3.8/site-packages/airflow/example_dags/example_branch_operator_decorator.py
[2025-04-28T15:19:14.666+0000] {processor.py:830} INFO - Processing file /home/airflow/.local/lib/python3.8/site-packages/airflow/example_dags/example_branch_operator_decorator.py for tasks to queue
[2025-04-28T15:19:14.669+0000] {logging_mixin.py:188} INFO - [2025-04-28T15:19:14.668+0000] {dagbag.py:538} INFO - Filling up the DagBag from /home/airflow/.local/lib/python3.8/site-packages/airflow/example_dags/example_branch_operator_decorator.py
[2025-04-28T15:19:14.716+0000] {processor.py:840} INFO - DAG(s) 'example_branch_python_operator_decorator' retrieved from /home/airflow/.local/lib/python3.8/site-packages/airflow/example_dags/example_branch_operator_decorator.py
[2025-04-28T15:19:14.783+0000] {logging_mixin.py:188} INFO - [2025-04-28T15:19:14.783+0000] {dag.py:3033} INFO - Sync 1 DAGs
[2025-04-28T15:19:14.822+0000] {logging_mixin.py:188} INFO - [2025-04-28T15:19:14.822+0000] {dag.py:3820} INFO - Setting next_dagrun for example_branch_python_operator_decorator to 2025-04-27T00:00:00+00:00, run_after=2025-04-28T00:00:00+00:00
[2025-04-28T15:19:14.860+0000] {processor.py:183} INFO - Processing /home/airflow/.local/lib/python3.8/site-packages/airflow/example_dags/example_branch_operator_decorator.py took 0.205 seconds
[2025-04-28T15:19:47.725+0000] {processor.py:161} INFO - Started process (PID=3309) to work on /home/airflow/.local/lib/python3.8/site-packages/airflow/example_dags/example_branch_operator_decorator.py
[2025-04-28T15:19:47.726+0000] {processor.py:830} INFO - Processing file /home/airflow/.local/lib/python3.8/site-packages/airflow/example_dags/example_branch_operator_decorator.py for tasks to queue
[2025-04-28T15:19:47.728+0000] {logging_mixin.py:188} INFO - [2025-04-28T15:19:47.727+0000] {dagbag.py:538} INFO - Filling up the DagBag from /home/airflow/.local/lib/python3.8/site-packages/airflow/example_dags/example_branch_operator_decorator.py
[2025-04-28T15:19:47.765+0000] {processor.py:840} INFO - DAG(s) 'example_branch_python_operator_decorator' retrieved from /home/airflow/.local/lib/python3.8/site-packages/airflow/example_dags/example_branch_operator_decorator.py
[2025-04-28T15:19:47.820+0000] {logging_mixin.py:188} INFO - [2025-04-28T15:19:47.820+0000] {dag.py:3033} INFO - Sync 1 DAGs
[2025-04-28T15:19:47.889+0000] {logging_mixin.py:188} INFO - [2025-04-28T15:19:47.888+0000] {dag.py:3820} INFO - Setting next_dagrun for example_branch_python_operator_decorator to 2025-04-27T00:00:00+00:00, run_after=2025-04-28T00:00:00+00:00
[2025-04-28T15:19:47.941+0000] {processor.py:183} INFO - Processing /home/airflow/.local/lib/python3.8/site-packages/airflow/example_dags/example_branch_operator_decorator.py took 0.222 seconds
[2025-04-28T15:20:21.515+0000] {processor.py:161} INFO - Started process (PID=3376) to work on /home/airflow/.local/lib/python3.8/site-packages/airflow/example_dags/example_branch_operator_decorator.py
[2025-04-28T15:20:21.517+0000] {processor.py:830} INFO - Processing file /home/airflow/.local/lib/python3.8/site-packages/airflow/example_dags/example_branch_operator_decorator.py for tasks to queue
[2025-04-28T15:20:21.518+0000] {logging_mixin.py:188} INFO - [2025-04-28T15:20:21.518+0000] {dagbag.py:538} INFO - Filling up the DagBag from /home/airflow/.local/lib/python3.8/site-packages/airflow/example_dags/example_branch_operator_decorator.py
[2025-04-28T15:20:21.555+0000] {processor.py:840} INFO - DAG(s) 'example_branch_python_operator_decorator' retrieved from /home/airflow/.local/lib/python3.8/site-packages/airflow/example_dags/example_branch_operator_decorator.py
[2025-04-28T15:20:21.604+0000] {logging_mixin.py:188} INFO - [2025-04-28T15:20:21.603+0000] {dag.py:3033} INFO - Sync 1 DAGs
[2025-04-28T15:20:21.640+0000] {logging_mixin.py:188} INFO - [2025-04-28T15:20:21.639+0000] {dag.py:3820} INFO - Setting next_dagrun for example_branch_python_operator_decorator to 2025-04-27T00:00:00+00:00, run_after=2025-04-28T00:00:00+00:00
[2025-04-28T15:20:21.669+0000] {processor.py:183} INFO - Processing /home/airflow/.local/lib/python3.8/site-packages/airflow/example_dags/example_branch_operator_decorator.py took 0.159 seconds
[2025-04-28T15:20:55.793+0000] {processor.py:161} INFO - Started process (PID=3437) to work on /home/airflow/.local/lib/python3.8/site-packages/airflow/example_dags/example_branch_operator_decorator.py
[2025-04-28T15:20:55.795+0000] {processor.py:830} INFO - Processing file /home/airflow/.local/lib/python3.8/site-packages/airflow/example_dags/example_branch_operator_decorator.py for tasks to queue
[2025-04-28T15:20:55.797+0000] {logging_mixin.py:188} INFO - [2025-04-28T15:20:55.796+0000] {dagbag.py:538} INFO - Filling up the DagBag from /home/airflow/.local/lib/python3.8/site-packages/airflow/example_dags/example_branch_operator_decorator.py
[2025-04-28T15:20:55.859+0000] {processor.py:840} INFO - DAG(s) 'example_branch_python_operator_decorator' retrieved from /home/airflow/.local/lib/python3.8/site-packages/airflow/example_dags/example_branch_operator_decorator.py
[2025-04-28T15:20:55.946+0000] {logging_mixin.py:188} INFO - [2025-04-28T15:20:55.945+0000] {dag.py:3033} INFO - Sync 1 DAGs
[2025-04-28T15:20:55.988+0000] {logging_mixin.py:188} INFO - [2025-04-28T15:20:55.988+0000] {dag.py:3820} INFO - Setting next_dagrun for example_branch_python_operator_decorator to 2025-04-27T00:00:00+00:00, run_after=2025-04-28T00:00:00+00:00
[2025-04-28T15:20:56.034+0000] {processor.py:183} INFO - Processing /home/airflow/.local/lib/python3.8/site-packages/airflow/example_dags/example_branch_operator_decorator.py took 0.248 seconds
[2025-04-28T15:21:31.851+0000] {processor.py:161} INFO - Started process (PID=3494) to work on /home/airflow/.local/lib/python3.8/site-packages/airflow/example_dags/example_branch_operator_decorator.py
[2025-04-28T15:21:31.853+0000] {processor.py:830} INFO - Processing file /home/airflow/.local/lib/python3.8/site-packages/airflow/example_dags/example_branch_operator_decorator.py for tasks to queue
[2025-04-28T15:21:31.855+0000] {logging_mixin.py:188} INFO - [2025-04-28T15:21:31.854+0000] {dagbag.py:538} INFO - Filling up the DagBag from /home/airflow/.local/lib/python3.8/site-packages/airflow/example_dags/example_branch_operator_decorator.py
[2025-04-28T15:21:31.921+0000] {processor.py:840} INFO - DAG(s) 'example_branch_python_operator_decorator' retrieved from /home/airflow/.local/lib/python3.8/site-packages/airflow/example_dags/example_branch_operator_decorator.py
[2025-04-28T15:21:32.048+0000] {logging_mixin.py:188} INFO - [2025-04-28T15:21:32.047+0000] {dag.py:3033} INFO - Sync 1 DAGs
[2025-04-28T15:21:32.148+0000] {logging_mixin.py:188} INFO - [2025-04-28T15:21:32.148+0000] {dag.py:3820} INFO - Setting next_dagrun for example_branch_python_operator_decorator to 2025-04-27T00:00:00+00:00, run_after=2025-04-28T00:00:00+00:00
[2025-04-28T15:21:32.276+0000] {processor.py:183} INFO - Processing /home/airflow/.local/lib/python3.8/site-packages/airflow/example_dags/example_branch_operator_decorator.py took 0.432 seconds
[2025-04-28T15:22:02.922+0000] {processor.py:161} INFO - Started process (PID=3549) to work on /home/airflow/.local/lib/python3.8/site-packages/airflow/example_dags/example_branch_operator_decorator.py
[2025-04-28T15:22:02.927+0000] {processor.py:830} INFO - Processing file /home/airflow/.local/lib/python3.8/site-packages/airflow/example_dags/example_branch_operator_decorator.py for tasks to queue
[2025-04-28T15:22:02.931+0000] {logging_mixin.py:188} INFO - [2025-04-28T15:22:02.931+0000] {dagbag.py:538} INFO - Filling up the DagBag from /home/airflow/.local/lib/python3.8/site-packages/airflow/example_dags/example_branch_operator_decorator.py
[2025-04-28T15:22:02.998+0000] {processor.py:840} INFO - DAG(s) 'example_branch_python_operator_decorator' retrieved from /home/airflow/.local/lib/python3.8/site-packages/airflow/example_dags/example_branch_operator_decorator.py
[2025-04-28T15:22:03.111+0000] {logging_mixin.py:188} INFO - [2025-04-28T15:22:03.111+0000] {dag.py:3033} INFO - Sync 1 DAGs
[2025-04-28T15:22:03.177+0000] {logging_mixin.py:188} INFO - [2025-04-28T15:22:03.177+0000] {dag.py:3820} INFO - Setting next_dagrun for example_branch_python_operator_decorator to 2025-04-27T00:00:00+00:00, run_after=2025-04-28T00:00:00+00:00
[2025-04-28T15:22:03.220+0000] {processor.py:183} INFO - Processing /home/airflow/.local/lib/python3.8/site-packages/airflow/example_dags/example_branch_operator_decorator.py took 0.303 seconds
[2025-04-28T15:22:33.692+0000] {processor.py:161} INFO - Started process (PID=3606) to work on /home/airflow/.local/lib/python3.8/site-packages/airflow/example_dags/example_branch_operator_decorator.py
[2025-04-28T15:22:33.693+0000] {processor.py:830} INFO - Processing file /home/airflow/.local/lib/python3.8/site-packages/airflow/example_dags/example_branch_operator_decorator.py for tasks to queue
[2025-04-28T15:22:33.695+0000] {logging_mixin.py:188} INFO - [2025-04-28T15:22:33.695+0000] {dagbag.py:538} INFO - Filling up the DagBag from /home/airflow/.local/lib/python3.8/site-packages/airflow/example_dags/example_branch_operator_decorator.py
[2025-04-28T15:22:33.742+0000] {processor.py:840} INFO - DAG(s) 'example_branch_python_operator_decorator' retrieved from /home/airflow/.local/lib/python3.8/site-packages/airflow/example_dags/example_branch_operator_decorator.py
[2025-04-28T15:22:33.810+0000] {logging_mixin.py:188} INFO - [2025-04-28T15:22:33.810+0000] {dag.py:3033} INFO - Sync 1 DAGs
[2025-04-28T15:22:33.882+0000] {logging_mixin.py:188} INFO - [2025-04-28T15:22:33.882+0000] {dag.py:3820} INFO - Setting next_dagrun for example_branch_python_operator_decorator to 2025-04-27T00:00:00+00:00, run_after=2025-04-28T00:00:00+00:00
[2025-04-28T15:22:33.918+0000] {processor.py:183} INFO - Processing /home/airflow/.local/lib/python3.8/site-packages/airflow/example_dags/example_branch_operator_decorator.py took 0.232 seconds
[2025-04-28T15:23:06.133+0000] {processor.py:161} INFO - Started process (PID=3662) to work on /home/airflow/.local/lib/python3.8/site-packages/airflow/example_dags/example_branch_operator_decorator.py
[2025-04-28T15:23:06.135+0000] {processor.py:830} INFO - Processing file /home/airflow/.local/lib/python3.8/site-packages/airflow/example_dags/example_branch_operator_decorator.py for tasks to queue
[2025-04-28T15:23:06.136+0000] {logging_mixin.py:188} INFO - [2025-04-28T15:23:06.136+0000] {dagbag.py:538} INFO - Filling up the DagBag from /home/airflow/.local/lib/python3.8/site-packages/airflow/example_dags/example_branch_operator_decorator.py
[2025-04-28T15:23:06.171+0000] {processor.py:840} INFO - DAG(s) 'example_branch_python_operator_decorator' retrieved from /home/airflow/.local/lib/python3.8/site-packages/airflow/example_dags/example_branch_operator_decorator.py
[2025-04-28T15:23:06.219+0000] {logging_mixin.py:188} INFO - [2025-04-28T15:23:06.218+0000] {dag.py:3033} INFO - Sync 1 DAGs
[2025-04-28T15:23:06.262+0000] {logging_mixin.py:188} INFO - [2025-04-28T15:23:06.261+0000] {dag.py:3820} INFO - Setting next_dagrun for example_branch_python_operator_decorator to 2025-04-27T00:00:00+00:00, run_after=2025-04-28T00:00:00+00:00
[2025-04-28T15:23:06.294+0000] {processor.py:183} INFO - Processing /home/airflow/.local/lib/python3.8/site-packages/airflow/example_dags/example_branch_operator_decorator.py took 0.166 seconds
[2025-04-28T15:23:38.502+0000] {processor.py:161} INFO - Started process (PID=3718) to work on /home/airflow/.local/lib/python3.8/site-packages/airflow/example_dags/example_branch_operator_decorator.py
[2025-04-28T15:23:38.503+0000] {processor.py:830} INFO - Processing file /home/airflow/.local/lib/python3.8/site-packages/airflow/example_dags/example_branch_operator_decorator.py for tasks to queue
[2025-04-28T15:23:38.505+0000] {logging_mixin.py:188} INFO - [2025-04-28T15:23:38.504+0000] {dagbag.py:538} INFO - Filling up the DagBag from /home/airflow/.local/lib/python3.8/site-packages/airflow/example_dags/example_branch_operator_decorator.py
[2025-04-28T15:23:38.538+0000] {processor.py:840} INFO - DAG(s) 'example_branch_python_operator_decorator' retrieved from /home/airflow/.local/lib/python3.8/site-packages/airflow/example_dags/example_branch_operator_decorator.py
[2025-04-28T15:23:38.592+0000] {logging_mixin.py:188} INFO - [2025-04-28T15:23:38.592+0000] {dag.py:3033} INFO - Sync 1 DAGs
[2025-04-28T15:23:38.643+0000] {logging_mixin.py:188} INFO - [2025-04-28T15:23:38.642+0000] {dag.py:3820} INFO - Setting next_dagrun for example_branch_python_operator_decorator to 2025-04-27T00:00:00+00:00, run_after=2025-04-28T00:00:00+00:00
[2025-04-28T15:23:38.687+0000] {processor.py:183} INFO - Processing /home/airflow/.local/lib/python3.8/site-packages/airflow/example_dags/example_branch_operator_decorator.py took 0.193 seconds
[2025-04-28T15:24:10.203+0000] {processor.py:161} INFO - Started process (PID=3774) to work on /home/airflow/.local/lib/python3.8/site-packages/airflow/example_dags/example_branch_operator_decorator.py
[2025-04-28T15:24:10.205+0000] {processor.py:830} INFO - Processing file /home/airflow/.local/lib/python3.8/site-packages/airflow/example_dags/example_branch_operator_decorator.py for tasks to queue
[2025-04-28T15:24:10.206+0000] {logging_mixin.py:188} INFO - [2025-04-28T15:24:10.206+0000] {dagbag.py:538} INFO - Filling up the DagBag from /home/airflow/.local/lib/python3.8/site-packages/airflow/example_dags/example_branch_operator_decorator.py
[2025-04-28T15:24:10.242+0000] {processor.py:840} INFO - DAG(s) 'example_branch_python_operator_decorator' retrieved from /home/airflow/.local/lib/python3.8/site-packages/airflow/example_dags/example_branch_operator_decorator.py
[2025-04-28T15:24:10.301+0000] {logging_mixin.py:188} INFO - [2025-04-28T15:24:10.301+0000] {dag.py:3033} INFO - Sync 1 DAGs
[2025-04-28T15:24:10.361+0000] {logging_mixin.py:188} INFO - [2025-04-28T15:24:10.361+0000] {dag.py:3820} INFO - Setting next_dagrun for example_branch_python_operator_decorator to 2025-04-27T00:00:00+00:00, run_after=2025-04-28T00:00:00+00:00
[2025-04-28T15:24:10.389+0000] {processor.py:183} INFO - Processing /home/airflow/.local/lib/python3.8/site-packages/airflow/example_dags/example_branch_operator_decorator.py took 0.190 seconds
[2025-04-28T15:24:43.616+0000] {processor.py:161} INFO - Started process (PID=3831) to work on /home/airflow/.local/lib/python3.8/site-packages/airflow/example_dags/example_branch_operator_decorator.py
[2025-04-28T15:24:43.617+0000] {processor.py:830} INFO - Processing file /home/airflow/.local/lib/python3.8/site-packages/airflow/example_dags/example_branch_operator_decorator.py for tasks to queue
[2025-04-28T15:24:43.619+0000] {logging_mixin.py:188} INFO - [2025-04-28T15:24:43.618+0000] {dagbag.py:538} INFO - Filling up the DagBag from /home/airflow/.local/lib/python3.8/site-packages/airflow/example_dags/example_branch_operator_decorator.py
[2025-04-28T15:24:43.648+0000] {processor.py:840} INFO - DAG(s) 'example_branch_python_operator_decorator' retrieved from /home/airflow/.local/lib/python3.8/site-packages/airflow/example_dags/example_branch_operator_decorator.py
[2025-04-28T15:24:43.694+0000] {logging_mixin.py:188} INFO - [2025-04-28T15:24:43.694+0000] {dag.py:3033} INFO - Sync 1 DAGs
[2025-04-28T15:24:43.731+0000] {logging_mixin.py:188} INFO - [2025-04-28T15:24:43.731+0000] {dag.py:3820} INFO - Setting next_dagrun for example_branch_python_operator_decorator to 2025-04-27T00:00:00+00:00, run_after=2025-04-28T00:00:00+00:00
[2025-04-28T15:24:43.769+0000] {processor.py:183} INFO - Processing /home/airflow/.local/lib/python3.8/site-packages/airflow/example_dags/example_branch_operator_decorator.py took 0.158 seconds
[2025-04-28T15:25:16.767+0000] {processor.py:161} INFO - Started process (PID=3888) to work on /home/airflow/.local/lib/python3.8/site-packages/airflow/example_dags/example_branch_operator_decorator.py
[2025-04-28T15:25:16.768+0000] {processor.py:830} INFO - Processing file /home/airflow/.local/lib/python3.8/site-packages/airflow/example_dags/example_branch_operator_decorator.py for tasks to queue
[2025-04-28T15:25:16.770+0000] {logging_mixin.py:188} INFO - [2025-04-28T15:25:16.769+0000] {dagbag.py:538} INFO - Filling up the DagBag from /home/airflow/.local/lib/python3.8/site-packages/airflow/example_dags/example_branch_operator_decorator.py
[2025-04-28T15:25:16.822+0000] {processor.py:840} INFO - DAG(s) 'example_branch_python_operator_decorator' retrieved from /home/airflow/.local/lib/python3.8/site-packages/airflow/example_dags/example_branch_operator_decorator.py
[2025-04-28T15:25:16.880+0000] {logging_mixin.py:188} INFO - [2025-04-28T15:25:16.879+0000] {dag.py:3033} INFO - Sync 1 DAGs
[2025-04-28T15:25:16.923+0000] {logging_mixin.py:188} INFO - [2025-04-28T15:25:16.923+0000] {dag.py:3820} INFO - Setting next_dagrun for example_branch_python_operator_decorator to 2025-04-27T00:00:00+00:00, run_after=2025-04-28T00:00:00+00:00
[2025-04-28T15:25:16.971+0000] {processor.py:183} INFO - Processing /home/airflow/.local/lib/python3.8/site-packages/airflow/example_dags/example_branch_operator_decorator.py took 0.210 seconds
[2025-04-28T15:25:48.694+0000] {processor.py:161} INFO - Started process (PID=3944) to work on /home/airflow/.local/lib/python3.8/site-packages/airflow/example_dags/example_branch_operator_decorator.py
[2025-04-28T15:25:48.695+0000] {processor.py:830} INFO - Processing file /home/airflow/.local/lib/python3.8/site-packages/airflow/example_dags/example_branch_operator_decorator.py for tasks to queue
[2025-04-28T15:25:48.696+0000] {logging_mixin.py:188} INFO - [2025-04-28T15:25:48.696+0000] {dagbag.py:538} INFO - Filling up the DagBag from /home/airflow/.local/lib/python3.8/site-packages/airflow/example_dags/example_branch_operator_decorator.py
[2025-04-28T15:25:48.735+0000] {processor.py:840} INFO - DAG(s) 'example_branch_python_operator_decorator' retrieved from /home/airflow/.local/lib/python3.8/site-packages/airflow/example_dags/example_branch_operator_decorator.py
[2025-04-28T15:25:48.788+0000] {logging_mixin.py:188} INFO - [2025-04-28T15:25:48.788+0000] {dag.py:3033} INFO - Sync 1 DAGs
[2025-04-28T15:25:48.824+0000] {logging_mixin.py:188} INFO - [2025-04-28T15:25:48.824+0000] {dag.py:3820} INFO - Setting next_dagrun for example_branch_python_operator_decorator to 2025-04-27T00:00:00+00:00, run_after=2025-04-28T00:00:00+00:00
[2025-04-28T15:25:48.858+0000] {processor.py:183} INFO - Processing /home/airflow/.local/lib/python3.8/site-packages/airflow/example_dags/example_branch_operator_decorator.py took 0.170 seconds
