[2025-04-28T10:03:18.684+0000] {processor.py:161} INFO - Started process (PID=103) to work on /home/airflow/.local/lib/python3.8/site-packages/airflow/example_dags/example_sensor_decorator.py
[2025-04-28T10:03:18.688+0000] {processor.py:830} INFO - Processing file /home/airflow/.local/lib/python3.8/site-packages/airflow/example_dags/example_sensor_decorator.py for tasks to queue
[2025-04-28T10:03:18.695+0000] {logging_mixin.py:188} INFO - [2025-04-28T10:03:18.694+0000] {dagbag.py:538} INFO - Filling up the DagBag from /home/airflow/.local/lib/python3.8/site-packages/airflow/example_dags/example_sensor_decorator.py
[2025-04-28T10:03:18.713+0000] {processor.py:840} INFO - DAG(s) 'example_sensor_decorator' retrieved from /home/airflow/.local/lib/python3.8/site-packages/airflow/example_dags/example_sensor_decorator.py
[2025-04-28T10:03:19.132+0000] {logging_mixin.py:188} INFO - [2025-04-28T10:03:19.132+0000] {dag.py:3033} INFO - Sync 1 DAGs
[2025-04-28T10:03:19.187+0000] {logging_mixin.py:188} INFO - [2025-04-28T10:03:19.187+0000] {dag.py:3820} INFO - Setting next_dagrun for example_sensor_decorator to None, run_after=None
[2025-04-28T10:03:19.269+0000] {processor.py:183} INFO - Processing /home/airflow/.local/lib/python3.8/site-packages/airflow/example_dags/example_sensor_decorator.py took 0.607 seconds
[2025-04-28T10:03:49.838+0000] {processor.py:161} INFO - Started process (PID=160) to work on /home/airflow/.local/lib/python3.8/site-packages/airflow/example_dags/example_sensor_decorator.py
[2025-04-28T10:03:49.842+0000] {processor.py:830} INFO - Processing file /home/airflow/.local/lib/python3.8/site-packages/airflow/example_dags/example_sensor_decorator.py for tasks to queue
[2025-04-28T10:03:49.846+0000] {logging_mixin.py:188} INFO - [2025-04-28T10:03:49.846+0000] {dagbag.py:538} INFO - Filling up the DagBag from /home/airflow/.local/lib/python3.8/site-packages/airflow/example_dags/example_sensor_decorator.py
[2025-04-28T10:03:49.861+0000] {processor.py:840} INFO - DAG(s) 'example_sensor_decorator' retrieved from /home/airflow/.local/lib/python3.8/site-packages/airflow/example_dags/example_sensor_decorator.py
[2025-04-28T10:03:49.917+0000] {logging_mixin.py:188} INFO - [2025-04-28T10:03:49.917+0000] {dag.py:3033} INFO - Sync 1 DAGs
[2025-04-28T10:03:49.961+0000] {logging_mixin.py:188} INFO - [2025-04-28T10:03:49.961+0000] {dag.py:3820} INFO - Setting next_dagrun for example_sensor_decorator to None, run_after=None
[2025-04-28T10:03:50.032+0000] {processor.py:183} INFO - Processing /home/airflow/.local/lib/python3.8/site-packages/airflow/example_dags/example_sensor_decorator.py took 0.204 seconds
[2025-04-28T10:04:20.217+0000] {processor.py:161} INFO - Started process (PID=214) to work on /home/airflow/.local/lib/python3.8/site-packages/airflow/example_dags/example_sensor_decorator.py
[2025-04-28T10:04:20.218+0000] {processor.py:830} INFO - Processing file /home/airflow/.local/lib/python3.8/site-packages/airflow/example_dags/example_sensor_decorator.py for tasks to queue
[2025-04-28T10:04:20.221+0000] {logging_mixin.py:188} INFO - [2025-04-28T10:04:20.221+0000] {dagbag.py:538} INFO - Filling up the DagBag from /home/airflow/.local/lib/python3.8/site-packages/airflow/example_dags/example_sensor_decorator.py
[2025-04-28T10:04:20.229+0000] {processor.py:840} INFO - DAG(s) 'example_sensor_decorator' retrieved from /home/airflow/.local/lib/python3.8/site-packages/airflow/example_dags/example_sensor_decorator.py
[2025-04-28T10:04:20.259+0000] {logging_mixin.py:188} INFO - [2025-04-28T10:04:20.259+0000] {dag.py:3033} INFO - Sync 1 DAGs
[2025-04-28T10:04:20.278+0000] {logging_mixin.py:188} INFO - [2025-04-28T10:04:20.278+0000] {dag.py:3820} INFO - Setting next_dagrun for example_sensor_decorator to None, run_after=None
[2025-04-28T10:04:20.309+0000] {processor.py:183} INFO - Processing /home/airflow/.local/lib/python3.8/site-packages/airflow/example_dags/example_sensor_decorator.py took 0.098 seconds
[2025-04-28T10:04:51.242+0000] {processor.py:161} INFO - Started process (PID=271) to work on /home/airflow/.local/lib/python3.8/site-packages/airflow/example_dags/example_sensor_decorator.py
[2025-04-28T10:04:51.243+0000] {processor.py:830} INFO - Processing file /home/airflow/.local/lib/python3.8/site-packages/airflow/example_dags/example_sensor_decorator.py for tasks to queue
[2025-04-28T10:04:51.246+0000] {logging_mixin.py:188} INFO - [2025-04-28T10:04:51.246+0000] {dagbag.py:538} INFO - Filling up the DagBag from /home/airflow/.local/lib/python3.8/site-packages/airflow/example_dags/example_sensor_decorator.py
[2025-04-28T10:04:51.256+0000] {processor.py:840} INFO - DAG(s) 'example_sensor_decorator' retrieved from /home/airflow/.local/lib/python3.8/site-packages/airflow/example_dags/example_sensor_decorator.py
[2025-04-28T10:04:51.297+0000] {logging_mixin.py:188} INFO - [2025-04-28T10:04:51.297+0000] {dag.py:3033} INFO - Sync 1 DAGs
[2025-04-28T10:04:51.318+0000] {logging_mixin.py:188} INFO - [2025-04-28T10:04:51.318+0000] {dag.py:3820} INFO - Setting next_dagrun for example_sensor_decorator to None, run_after=None
[2025-04-28T10:04:51.351+0000] {processor.py:183} INFO - Processing /home/airflow/.local/lib/python3.8/site-packages/airflow/example_dags/example_sensor_decorator.py took 0.115 seconds
[2025-04-28T10:05:21.752+0000] {processor.py:161} INFO - Started process (PID=326) to work on /home/airflow/.local/lib/python3.8/site-packages/airflow/example_dags/example_sensor_decorator.py
[2025-04-28T10:05:21.754+0000] {processor.py:830} INFO - Processing file /home/airflow/.local/lib/python3.8/site-packages/airflow/example_dags/example_sensor_decorator.py for tasks to queue
[2025-04-28T10:05:21.757+0000] {logging_mixin.py:188} INFO - [2025-04-28T10:05:21.757+0000] {dagbag.py:538} INFO - Filling up the DagBag from /home/airflow/.local/lib/python3.8/site-packages/airflow/example_dags/example_sensor_decorator.py
[2025-04-28T10:05:21.767+0000] {processor.py:840} INFO - DAG(s) 'example_sensor_decorator' retrieved from /home/airflow/.local/lib/python3.8/site-packages/airflow/example_dags/example_sensor_decorator.py
[2025-04-28T10:05:21.802+0000] {logging_mixin.py:188} INFO - [2025-04-28T10:05:21.801+0000] {dag.py:3033} INFO - Sync 1 DAGs
[2025-04-28T10:05:21.819+0000] {logging_mixin.py:188} INFO - [2025-04-28T10:05:21.818+0000] {dag.py:3820} INFO - Setting next_dagrun for example_sensor_decorator to None, run_after=None
[2025-04-28T10:05:21.846+0000] {processor.py:183} INFO - Processing /home/airflow/.local/lib/python3.8/site-packages/airflow/example_dags/example_sensor_decorator.py took 0.100 seconds
[2025-04-28T10:05:52.123+0000] {processor.py:161} INFO - Started process (PID=382) to work on /home/airflow/.local/lib/python3.8/site-packages/airflow/example_dags/example_sensor_decorator.py
[2025-04-28T10:05:52.124+0000] {processor.py:830} INFO - Processing file /home/airflow/.local/lib/python3.8/site-packages/airflow/example_dags/example_sensor_decorator.py for tasks to queue
[2025-04-28T10:05:52.128+0000] {logging_mixin.py:188} INFO - [2025-04-28T10:05:52.127+0000] {dagbag.py:538} INFO - Filling up the DagBag from /home/airflow/.local/lib/python3.8/site-packages/airflow/example_dags/example_sensor_decorator.py
[2025-04-28T10:05:52.136+0000] {processor.py:840} INFO - DAG(s) 'example_sensor_decorator' retrieved from /home/airflow/.local/lib/python3.8/site-packages/airflow/example_dags/example_sensor_decorator.py
[2025-04-28T10:05:52.169+0000] {logging_mixin.py:188} INFO - [2025-04-28T10:05:52.169+0000] {dag.py:3033} INFO - Sync 1 DAGs
[2025-04-28T10:05:52.187+0000] {logging_mixin.py:188} INFO - [2025-04-28T10:05:52.187+0000] {dag.py:3820} INFO - Setting next_dagrun for example_sensor_decorator to None, run_after=None
[2025-04-28T10:05:52.214+0000] {processor.py:183} INFO - Processing /home/airflow/.local/lib/python3.8/site-packages/airflow/example_dags/example_sensor_decorator.py took 0.100 seconds
[2025-04-28T10:06:22.353+0000] {processor.py:161} INFO - Started process (PID=438) to work on /home/airflow/.local/lib/python3.8/site-packages/airflow/example_dags/example_sensor_decorator.py
[2025-04-28T10:06:22.354+0000] {processor.py:830} INFO - Processing file /home/airflow/.local/lib/python3.8/site-packages/airflow/example_dags/example_sensor_decorator.py for tasks to queue
[2025-04-28T10:06:22.358+0000] {logging_mixin.py:188} INFO - [2025-04-28T10:06:22.358+0000] {dagbag.py:538} INFO - Filling up the DagBag from /home/airflow/.local/lib/python3.8/site-packages/airflow/example_dags/example_sensor_decorator.py
[2025-04-28T10:06:22.369+0000] {processor.py:840} INFO - DAG(s) 'example_sensor_decorator' retrieved from /home/airflow/.local/lib/python3.8/site-packages/airflow/example_dags/example_sensor_decorator.py
[2025-04-28T10:06:22.410+0000] {logging_mixin.py:188} INFO - [2025-04-28T10:06:22.410+0000] {dag.py:3033} INFO - Sync 1 DAGs
[2025-04-28T10:06:22.432+0000] {logging_mixin.py:188} INFO - [2025-04-28T10:06:22.432+0000] {dag.py:3820} INFO - Setting next_dagrun for example_sensor_decorator to None, run_after=None
[2025-04-28T10:06:22.471+0000] {processor.py:183} INFO - Processing /home/airflow/.local/lib/python3.8/site-packages/airflow/example_dags/example_sensor_decorator.py took 0.123 seconds
[2025-04-28T10:06:52.695+0000] {processor.py:161} INFO - Started process (PID=495) to work on /home/airflow/.local/lib/python3.8/site-packages/airflow/example_dags/example_sensor_decorator.py
[2025-04-28T10:06:52.699+0000] {processor.py:830} INFO - Processing file /home/airflow/.local/lib/python3.8/site-packages/airflow/example_dags/example_sensor_decorator.py for tasks to queue
[2025-04-28T10:06:52.703+0000] {logging_mixin.py:188} INFO - [2025-04-28T10:06:52.702+0000] {dagbag.py:538} INFO - Filling up the DagBag from /home/airflow/.local/lib/python3.8/site-packages/airflow/example_dags/example_sensor_decorator.py
[2025-04-28T10:06:52.715+0000] {processor.py:840} INFO - DAG(s) 'example_sensor_decorator' retrieved from /home/airflow/.local/lib/python3.8/site-packages/airflow/example_dags/example_sensor_decorator.py
[2025-04-28T10:06:52.754+0000] {logging_mixin.py:188} INFO - [2025-04-28T10:06:52.753+0000] {dag.py:3033} INFO - Sync 1 DAGs
[2025-04-28T10:06:52.776+0000] {logging_mixin.py:188} INFO - [2025-04-28T10:06:52.776+0000] {dag.py:3820} INFO - Setting next_dagrun for example_sensor_decorator to None, run_after=None
[2025-04-28T10:06:52.816+0000] {processor.py:183} INFO - Processing /home/airflow/.local/lib/python3.8/site-packages/airflow/example_dags/example_sensor_decorator.py took 0.127 seconds
[2025-04-28T10:07:23.703+0000] {processor.py:161} INFO - Started process (PID=551) to work on /home/airflow/.local/lib/python3.8/site-packages/airflow/example_dags/example_sensor_decorator.py
[2025-04-28T10:07:23.706+0000] {processor.py:830} INFO - Processing file /home/airflow/.local/lib/python3.8/site-packages/airflow/example_dags/example_sensor_decorator.py for tasks to queue
[2025-04-28T10:07:23.710+0000] {logging_mixin.py:188} INFO - [2025-04-28T10:07:23.710+0000] {dagbag.py:538} INFO - Filling up the DagBag from /home/airflow/.local/lib/python3.8/site-packages/airflow/example_dags/example_sensor_decorator.py
[2025-04-28T10:07:23.721+0000] {processor.py:840} INFO - DAG(s) 'example_sensor_decorator' retrieved from /home/airflow/.local/lib/python3.8/site-packages/airflow/example_dags/example_sensor_decorator.py
[2025-04-28T10:07:23.757+0000] {logging_mixin.py:188} INFO - [2025-04-28T10:07:23.756+0000] {dag.py:3033} INFO - Sync 1 DAGs
[2025-04-28T10:07:23.783+0000] {logging_mixin.py:188} INFO - [2025-04-28T10:07:23.783+0000] {dag.py:3820} INFO - Setting next_dagrun for example_sensor_decorator to None, run_after=None
[2025-04-28T10:07:23.847+0000] {processor.py:183} INFO - Processing /home/airflow/.local/lib/python3.8/site-packages/airflow/example_dags/example_sensor_decorator.py took 0.150 seconds
[2025-04-28T10:07:54.204+0000] {processor.py:161} INFO - Started process (PID=601) to work on /home/airflow/.local/lib/python3.8/site-packages/airflow/example_dags/example_sensor_decorator.py
[2025-04-28T10:07:54.205+0000] {processor.py:830} INFO - Processing file /home/airflow/.local/lib/python3.8/site-packages/airflow/example_dags/example_sensor_decorator.py for tasks to queue
[2025-04-28T10:07:54.208+0000] {logging_mixin.py:188} INFO - [2025-04-28T10:07:54.208+0000] {dagbag.py:538} INFO - Filling up the DagBag from /home/airflow/.local/lib/python3.8/site-packages/airflow/example_dags/example_sensor_decorator.py
[2025-04-28T10:07:54.216+0000] {processor.py:840} INFO - DAG(s) 'example_sensor_decorator' retrieved from /home/airflow/.local/lib/python3.8/site-packages/airflow/example_dags/example_sensor_decorator.py
[2025-04-28T10:07:54.246+0000] {logging_mixin.py:188} INFO - [2025-04-28T10:07:54.246+0000] {dag.py:3033} INFO - Sync 1 DAGs
[2025-04-28T10:07:54.269+0000] {logging_mixin.py:188} INFO - [2025-04-28T10:07:54.268+0000] {dag.py:3820} INFO - Setting next_dagrun for example_sensor_decorator to None, run_after=None
[2025-04-28T10:07:54.311+0000] {processor.py:183} INFO - Processing /home/airflow/.local/lib/python3.8/site-packages/airflow/example_dags/example_sensor_decorator.py took 0.113 seconds
[2025-04-28T10:08:24.730+0000] {processor.py:161} INFO - Started process (PID=657) to work on /home/airflow/.local/lib/python3.8/site-packages/airflow/example_dags/example_sensor_decorator.py
[2025-04-28T10:08:24.732+0000] {processor.py:830} INFO - Processing file /home/airflow/.local/lib/python3.8/site-packages/airflow/example_dags/example_sensor_decorator.py for tasks to queue
[2025-04-28T10:08:24.736+0000] {logging_mixin.py:188} INFO - [2025-04-28T10:08:24.736+0000] {dagbag.py:538} INFO - Filling up the DagBag from /home/airflow/.local/lib/python3.8/site-packages/airflow/example_dags/example_sensor_decorator.py
[2025-04-28T10:08:24.751+0000] {processor.py:840} INFO - DAG(s) 'example_sensor_decorator' retrieved from /home/airflow/.local/lib/python3.8/site-packages/airflow/example_dags/example_sensor_decorator.py
[2025-04-28T10:08:24.788+0000] {logging_mixin.py:188} INFO - [2025-04-28T10:08:24.787+0000] {dag.py:3033} INFO - Sync 1 DAGs
[2025-04-28T10:08:24.816+0000] {logging_mixin.py:188} INFO - [2025-04-28T10:08:24.816+0000] {dag.py:3820} INFO - Setting next_dagrun for example_sensor_decorator to None, run_after=None
[2025-04-28T10:08:24.856+0000] {processor.py:183} INFO - Processing /home/airflow/.local/lib/python3.8/site-packages/airflow/example_dags/example_sensor_decorator.py took 0.135 seconds
[2025-04-28T10:08:55.588+0000] {processor.py:161} INFO - Started process (PID=706) to work on /home/airflow/.local/lib/python3.8/site-packages/airflow/example_dags/example_sensor_decorator.py
[2025-04-28T10:08:55.590+0000] {processor.py:830} INFO - Processing file /home/airflow/.local/lib/python3.8/site-packages/airflow/example_dags/example_sensor_decorator.py for tasks to queue
[2025-04-28T10:08:55.594+0000] {logging_mixin.py:188} INFO - [2025-04-28T10:08:55.594+0000] {dagbag.py:538} INFO - Filling up the DagBag from /home/airflow/.local/lib/python3.8/site-packages/airflow/example_dags/example_sensor_decorator.py
[2025-04-28T10:08:55.607+0000] {processor.py:840} INFO - DAG(s) 'example_sensor_decorator' retrieved from /home/airflow/.local/lib/python3.8/site-packages/airflow/example_dags/example_sensor_decorator.py
[2025-04-28T10:08:55.657+0000] {logging_mixin.py:188} INFO - [2025-04-28T10:08:55.656+0000] {dag.py:3033} INFO - Sync 1 DAGs
[2025-04-28T10:08:55.692+0000] {logging_mixin.py:188} INFO - [2025-04-28T10:08:55.691+0000] {dag.py:3820} INFO - Setting next_dagrun for example_sensor_decorator to None, run_after=None
[2025-04-28T10:08:55.765+0000] {processor.py:183} INFO - Processing /home/airflow/.local/lib/python3.8/site-packages/airflow/example_dags/example_sensor_decorator.py took 0.183 seconds
[2025-04-28T10:09:28.111+0000] {processor.py:161} INFO - Started process (PID=763) to work on /home/airflow/.local/lib/python3.8/site-packages/airflow/example_dags/example_sensor_decorator.py
[2025-04-28T10:09:28.113+0000] {processor.py:830} INFO - Processing file /home/airflow/.local/lib/python3.8/site-packages/airflow/example_dags/example_sensor_decorator.py for tasks to queue
[2025-04-28T10:09:28.117+0000] {logging_mixin.py:188} INFO - [2025-04-28T10:09:28.117+0000] {dagbag.py:538} INFO - Filling up the DagBag from /home/airflow/.local/lib/python3.8/site-packages/airflow/example_dags/example_sensor_decorator.py
[2025-04-28T10:09:28.131+0000] {processor.py:840} INFO - DAG(s) 'example_sensor_decorator' retrieved from /home/airflow/.local/lib/python3.8/site-packages/airflow/example_dags/example_sensor_decorator.py
[2025-04-28T10:09:28.169+0000] {logging_mixin.py:188} INFO - [2025-04-28T10:09:28.169+0000] {dag.py:3033} INFO - Sync 1 DAGs
[2025-04-28T10:09:28.192+0000] {logging_mixin.py:188} INFO - [2025-04-28T10:09:28.191+0000] {dag.py:3820} INFO - Setting next_dagrun for example_sensor_decorator to None, run_after=None
[2025-04-28T10:09:28.234+0000] {processor.py:183} INFO - Processing /home/airflow/.local/lib/python3.8/site-packages/airflow/example_dags/example_sensor_decorator.py took 0.129 seconds
[2025-04-28T10:10:00.511+0000] {processor.py:161} INFO - Started process (PID=813) to work on /home/airflow/.local/lib/python3.8/site-packages/airflow/example_dags/example_sensor_decorator.py
[2025-04-28T10:10:00.515+0000] {processor.py:830} INFO - Processing file /home/airflow/.local/lib/python3.8/site-packages/airflow/example_dags/example_sensor_decorator.py for tasks to queue
[2025-04-28T10:10:00.526+0000] {logging_mixin.py:188} INFO - [2025-04-28T10:10:00.525+0000] {dagbag.py:538} INFO - Filling up the DagBag from /home/airflow/.local/lib/python3.8/site-packages/airflow/example_dags/example_sensor_decorator.py
[2025-04-28T10:10:00.549+0000] {processor.py:840} INFO - DAG(s) 'example_sensor_decorator' retrieved from /home/airflow/.local/lib/python3.8/site-packages/airflow/example_dags/example_sensor_decorator.py
[2025-04-28T10:10:00.630+0000] {logging_mixin.py:188} INFO - [2025-04-28T10:10:00.630+0000] {dag.py:3033} INFO - Sync 1 DAGs
[2025-04-28T10:10:00.669+0000] {logging_mixin.py:188} INFO - [2025-04-28T10:10:00.668+0000] {dag.py:3820} INFO - Setting next_dagrun for example_sensor_decorator to None, run_after=None
[2025-04-28T10:10:00.746+0000] {processor.py:183} INFO - Processing /home/airflow/.local/lib/python3.8/site-packages/airflow/example_dags/example_sensor_decorator.py took 0.246 seconds
[2025-04-28T10:10:33.638+0000] {processor.py:161} INFO - Started process (PID=869) to work on /home/airflow/.local/lib/python3.8/site-packages/airflow/example_dags/example_sensor_decorator.py
[2025-04-28T10:10:33.639+0000] {processor.py:830} INFO - Processing file /home/airflow/.local/lib/python3.8/site-packages/airflow/example_dags/example_sensor_decorator.py for tasks to queue
[2025-04-28T10:10:33.650+0000] {logging_mixin.py:188} INFO - [2025-04-28T10:10:33.650+0000] {dagbag.py:538} INFO - Filling up the DagBag from /home/airflow/.local/lib/python3.8/site-packages/airflow/example_dags/example_sensor_decorator.py
[2025-04-28T10:10:33.665+0000] {processor.py:840} INFO - DAG(s) 'example_sensor_decorator' retrieved from /home/airflow/.local/lib/python3.8/site-packages/airflow/example_dags/example_sensor_decorator.py
[2025-04-28T10:10:33.725+0000] {logging_mixin.py:188} INFO - [2025-04-28T10:10:33.724+0000] {dag.py:3033} INFO - Sync 1 DAGs
[2025-04-28T10:10:33.764+0000] {logging_mixin.py:188} INFO - [2025-04-28T10:10:33.764+0000] {dag.py:3820} INFO - Setting next_dagrun for example_sensor_decorator to None, run_after=None
[2025-04-28T10:10:33.811+0000] {processor.py:183} INFO - Processing /home/airflow/.local/lib/python3.8/site-packages/airflow/example_dags/example_sensor_decorator.py took 0.179 seconds
[2025-04-28T10:11:13.506+0000] {processor.py:161} INFO - Started process (PID=925) to work on /home/airflow/.local/lib/python3.8/site-packages/airflow/example_dags/example_sensor_decorator.py
[2025-04-28T10:11:13.508+0000] {processor.py:830} INFO - Processing file /home/airflow/.local/lib/python3.8/site-packages/airflow/example_dags/example_sensor_decorator.py for tasks to queue
[2025-04-28T10:11:13.513+0000] {logging_mixin.py:188} INFO - [2025-04-28T10:11:13.512+0000] {dagbag.py:538} INFO - Filling up the DagBag from /home/airflow/.local/lib/python3.8/site-packages/airflow/example_dags/example_sensor_decorator.py
[2025-04-28T10:11:13.521+0000] {processor.py:840} INFO - DAG(s) 'example_sensor_decorator' retrieved from /home/airflow/.local/lib/python3.8/site-packages/airflow/example_dags/example_sensor_decorator.py
[2025-04-28T10:11:13.558+0000] {logging_mixin.py:188} INFO - [2025-04-28T10:11:13.557+0000] {dag.py:3033} INFO - Sync 1 DAGs
[2025-04-28T10:11:13.584+0000] {logging_mixin.py:188} INFO - [2025-04-28T10:11:13.584+0000] {dag.py:3820} INFO - Setting next_dagrun for example_sensor_decorator to None, run_after=None
[2025-04-28T10:11:13.622+0000] {processor.py:183} INFO - Processing /home/airflow/.local/lib/python3.8/site-packages/airflow/example_dags/example_sensor_decorator.py took 0.121 seconds
[2025-04-28T10:11:43.784+0000] {processor.py:161} INFO - Started process (PID=981) to work on /home/airflow/.local/lib/python3.8/site-packages/airflow/example_dags/example_sensor_decorator.py
[2025-04-28T10:11:43.785+0000] {processor.py:830} INFO - Processing file /home/airflow/.local/lib/python3.8/site-packages/airflow/example_dags/example_sensor_decorator.py for tasks to queue
[2025-04-28T10:11:43.789+0000] {logging_mixin.py:188} INFO - [2025-04-28T10:11:43.789+0000] {dagbag.py:538} INFO - Filling up the DagBag from /home/airflow/.local/lib/python3.8/site-packages/airflow/example_dags/example_sensor_decorator.py
[2025-04-28T10:11:43.797+0000] {processor.py:840} INFO - DAG(s) 'example_sensor_decorator' retrieved from /home/airflow/.local/lib/python3.8/site-packages/airflow/example_dags/example_sensor_decorator.py
[2025-04-28T10:11:43.826+0000] {logging_mixin.py:188} INFO - [2025-04-28T10:11:43.826+0000] {dag.py:3033} INFO - Sync 1 DAGs
[2025-04-28T10:11:43.846+0000] {logging_mixin.py:188} INFO - [2025-04-28T10:11:43.846+0000] {dag.py:3820} INFO - Setting next_dagrun for example_sensor_decorator to None, run_after=None
[2025-04-28T10:11:43.876+0000] {processor.py:183} INFO - Processing /home/airflow/.local/lib/python3.8/site-packages/airflow/example_dags/example_sensor_decorator.py took 0.096 seconds
[2025-04-28T10:12:14.587+0000] {processor.py:161} INFO - Started process (PID=1037) to work on /home/airflow/.local/lib/python3.8/site-packages/airflow/example_dags/example_sensor_decorator.py
[2025-04-28T10:12:14.590+0000] {processor.py:830} INFO - Processing file /home/airflow/.local/lib/python3.8/site-packages/airflow/example_dags/example_sensor_decorator.py for tasks to queue
[2025-04-28T10:12:14.593+0000] {logging_mixin.py:188} INFO - [2025-04-28T10:12:14.593+0000] {dagbag.py:538} INFO - Filling up the DagBag from /home/airflow/.local/lib/python3.8/site-packages/airflow/example_dags/example_sensor_decorator.py
[2025-04-28T10:12:14.606+0000] {processor.py:840} INFO - DAG(s) 'example_sensor_decorator' retrieved from /home/airflow/.local/lib/python3.8/site-packages/airflow/example_dags/example_sensor_decorator.py
[2025-04-28T10:12:14.651+0000] {logging_mixin.py:188} INFO - [2025-04-28T10:12:14.650+0000] {dag.py:3033} INFO - Sync 1 DAGs
[2025-04-28T10:12:14.676+0000] {logging_mixin.py:188} INFO - [2025-04-28T10:12:14.676+0000] {dag.py:3820} INFO - Setting next_dagrun for example_sensor_decorator to None, run_after=None
[2025-04-28T10:12:14.722+0000] {processor.py:183} INFO - Processing /home/airflow/.local/lib/python3.8/site-packages/airflow/example_dags/example_sensor_decorator.py took 0.142 seconds
[2025-04-28T10:12:45.023+0000] {processor.py:161} INFO - Started process (PID=1094) to work on /home/airflow/.local/lib/python3.8/site-packages/airflow/example_dags/example_sensor_decorator.py
[2025-04-28T10:12:45.028+0000] {processor.py:830} INFO - Processing file /home/airflow/.local/lib/python3.8/site-packages/airflow/example_dags/example_sensor_decorator.py for tasks to queue
[2025-04-28T10:12:45.036+0000] {logging_mixin.py:188} INFO - [2025-04-28T10:12:45.036+0000] {dagbag.py:538} INFO - Filling up the DagBag from /home/airflow/.local/lib/python3.8/site-packages/airflow/example_dags/example_sensor_decorator.py
[2025-04-28T10:12:45.050+0000] {processor.py:840} INFO - DAG(s) 'example_sensor_decorator' retrieved from /home/airflow/.local/lib/python3.8/site-packages/airflow/example_dags/example_sensor_decorator.py
[2025-04-28T10:12:45.111+0000] {logging_mixin.py:188} INFO - [2025-04-28T10:12:45.111+0000] {dag.py:3033} INFO - Sync 1 DAGs
[2025-04-28T10:12:45.149+0000] {logging_mixin.py:188} INFO - [2025-04-28T10:12:45.149+0000] {dag.py:3820} INFO - Setting next_dagrun for example_sensor_decorator to None, run_after=None
[2025-04-28T10:12:45.201+0000] {processor.py:183} INFO - Processing /home/airflow/.local/lib/python3.8/site-packages/airflow/example_dags/example_sensor_decorator.py took 0.186 seconds
[2025-04-28T10:13:15.642+0000] {processor.py:161} INFO - Started process (PID=1150) to work on /home/airflow/.local/lib/python3.8/site-packages/airflow/example_dags/example_sensor_decorator.py
[2025-04-28T10:13:15.648+0000] {processor.py:830} INFO - Processing file /home/airflow/.local/lib/python3.8/site-packages/airflow/example_dags/example_sensor_decorator.py for tasks to queue
[2025-04-28T10:13:15.652+0000] {logging_mixin.py:188} INFO - [2025-04-28T10:13:15.651+0000] {dagbag.py:538} INFO - Filling up the DagBag from /home/airflow/.local/lib/python3.8/site-packages/airflow/example_dags/example_sensor_decorator.py
[2025-04-28T10:13:15.672+0000] {processor.py:840} INFO - DAG(s) 'example_sensor_decorator' retrieved from /home/airflow/.local/lib/python3.8/site-packages/airflow/example_dags/example_sensor_decorator.py
[2025-04-28T10:13:15.707+0000] {logging_mixin.py:188} INFO - [2025-04-28T10:13:15.707+0000] {dag.py:3033} INFO - Sync 1 DAGs
[2025-04-28T10:13:15.730+0000] {logging_mixin.py:188} INFO - [2025-04-28T10:13:15.730+0000] {dag.py:3820} INFO - Setting next_dagrun for example_sensor_decorator to None, run_after=None
[2025-04-28T10:13:15.761+0000] {processor.py:183} INFO - Processing /home/airflow/.local/lib/python3.8/site-packages/airflow/example_dags/example_sensor_decorator.py took 0.127 seconds
[2025-04-28T10:13:48.894+0000] {processor.py:161} INFO - Started process (PID=1206) to work on /home/airflow/.local/lib/python3.8/site-packages/airflow/example_dags/example_sensor_decorator.py
[2025-04-28T10:13:48.896+0000] {processor.py:830} INFO - Processing file /home/airflow/.local/lib/python3.8/site-packages/airflow/example_dags/example_sensor_decorator.py for tasks to queue
[2025-04-28T10:13:48.900+0000] {logging_mixin.py:188} INFO - [2025-04-28T10:13:48.899+0000] {dagbag.py:538} INFO - Filling up the DagBag from /home/airflow/.local/lib/python3.8/site-packages/airflow/example_dags/example_sensor_decorator.py
[2025-04-28T10:13:48.911+0000] {processor.py:840} INFO - DAG(s) 'example_sensor_decorator' retrieved from /home/airflow/.local/lib/python3.8/site-packages/airflow/example_dags/example_sensor_decorator.py
[2025-04-28T10:13:48.943+0000] {logging_mixin.py:188} INFO - [2025-04-28T10:13:48.942+0000] {dag.py:3033} INFO - Sync 1 DAGs
[2025-04-28T10:13:48.977+0000] {logging_mixin.py:188} INFO - [2025-04-28T10:13:48.977+0000] {dag.py:3820} INFO - Setting next_dagrun for example_sensor_decorator to None, run_after=None
[2025-04-28T10:13:49.098+0000] {processor.py:183} INFO - Processing /home/airflow/.local/lib/python3.8/site-packages/airflow/example_dags/example_sensor_decorator.py took 0.209 seconds
[2025-04-28T10:14:21.540+0000] {processor.py:161} INFO - Started process (PID=1261) to work on /home/airflow/.local/lib/python3.8/site-packages/airflow/example_dags/example_sensor_decorator.py
[2025-04-28T10:14:21.542+0000] {processor.py:830} INFO - Processing file /home/airflow/.local/lib/python3.8/site-packages/airflow/example_dags/example_sensor_decorator.py for tasks to queue
[2025-04-28T10:14:21.547+0000] {logging_mixin.py:188} INFO - [2025-04-28T10:14:21.547+0000] {dagbag.py:538} INFO - Filling up the DagBag from /home/airflow/.local/lib/python3.8/site-packages/airflow/example_dags/example_sensor_decorator.py
[2025-04-28T10:14:21.557+0000] {processor.py:840} INFO - DAG(s) 'example_sensor_decorator' retrieved from /home/airflow/.local/lib/python3.8/site-packages/airflow/example_dags/example_sensor_decorator.py
[2025-04-28T10:14:21.612+0000] {logging_mixin.py:188} INFO - [2025-04-28T10:14:21.612+0000] {dag.py:3033} INFO - Sync 1 DAGs
[2025-04-28T10:14:21.644+0000] {logging_mixin.py:188} INFO - [2025-04-28T10:14:21.644+0000] {dag.py:3820} INFO - Setting next_dagrun for example_sensor_decorator to None, run_after=None
[2025-04-28T10:14:21.684+0000] {processor.py:183} INFO - Processing /home/airflow/.local/lib/python3.8/site-packages/airflow/example_dags/example_sensor_decorator.py took 0.149 seconds
[2025-04-28T10:14:53.656+0000] {processor.py:161} INFO - Started process (PID=1317) to work on /home/airflow/.local/lib/python3.8/site-packages/airflow/example_dags/example_sensor_decorator.py
[2025-04-28T10:14:53.657+0000] {processor.py:830} INFO - Processing file /home/airflow/.local/lib/python3.8/site-packages/airflow/example_dags/example_sensor_decorator.py for tasks to queue
[2025-04-28T10:14:53.661+0000] {logging_mixin.py:188} INFO - [2025-04-28T10:14:53.660+0000] {dagbag.py:538} INFO - Filling up the DagBag from /home/airflow/.local/lib/python3.8/site-packages/airflow/example_dags/example_sensor_decorator.py
[2025-04-28T10:14:53.674+0000] {processor.py:840} INFO - DAG(s) 'example_sensor_decorator' retrieved from /home/airflow/.local/lib/python3.8/site-packages/airflow/example_dags/example_sensor_decorator.py
[2025-04-28T10:14:53.714+0000] {logging_mixin.py:188} INFO - [2025-04-28T10:14:53.713+0000] {dag.py:3033} INFO - Sync 1 DAGs
[2025-04-28T10:14:53.749+0000] {logging_mixin.py:188} INFO - [2025-04-28T10:14:53.749+0000] {dag.py:3820} INFO - Setting next_dagrun for example_sensor_decorator to None, run_after=None
[2025-04-28T10:14:53.794+0000] {processor.py:183} INFO - Processing /home/airflow/.local/lib/python3.8/site-packages/airflow/example_dags/example_sensor_decorator.py took 0.147 seconds
[2025-04-28T10:15:26.333+0000] {processor.py:161} INFO - Started process (PID=1374) to work on /home/airflow/.local/lib/python3.8/site-packages/airflow/example_dags/example_sensor_decorator.py
[2025-04-28T10:15:26.335+0000] {processor.py:830} INFO - Processing file /home/airflow/.local/lib/python3.8/site-packages/airflow/example_dags/example_sensor_decorator.py for tasks to queue
[2025-04-28T10:15:26.338+0000] {logging_mixin.py:188} INFO - [2025-04-28T10:15:26.338+0000] {dagbag.py:538} INFO - Filling up the DagBag from /home/airflow/.local/lib/python3.8/site-packages/airflow/example_dags/example_sensor_decorator.py
[2025-04-28T10:15:26.348+0000] {processor.py:840} INFO - DAG(s) 'example_sensor_decorator' retrieved from /home/airflow/.local/lib/python3.8/site-packages/airflow/example_dags/example_sensor_decorator.py
[2025-04-28T10:15:26.382+0000] {logging_mixin.py:188} INFO - [2025-04-28T10:15:26.382+0000] {dag.py:3033} INFO - Sync 1 DAGs
[2025-04-28T10:15:26.409+0000] {logging_mixin.py:188} INFO - [2025-04-28T10:15:26.409+0000] {dag.py:3820} INFO - Setting next_dagrun for example_sensor_decorator to None, run_after=None
[2025-04-28T10:15:26.447+0000] {processor.py:183} INFO - Processing /home/airflow/.local/lib/python3.8/site-packages/airflow/example_dags/example_sensor_decorator.py took 0.120 seconds
[2025-04-28T10:15:59.078+0000] {processor.py:161} INFO - Started process (PID=1429) to work on /home/airflow/.local/lib/python3.8/site-packages/airflow/example_dags/example_sensor_decorator.py
[2025-04-28T10:15:59.080+0000] {processor.py:830} INFO - Processing file /home/airflow/.local/lib/python3.8/site-packages/airflow/example_dags/example_sensor_decorator.py for tasks to queue
[2025-04-28T10:15:59.084+0000] {logging_mixin.py:188} INFO - [2025-04-28T10:15:59.083+0000] {dagbag.py:538} INFO - Filling up the DagBag from /home/airflow/.local/lib/python3.8/site-packages/airflow/example_dags/example_sensor_decorator.py
[2025-04-28T10:15:59.093+0000] {processor.py:840} INFO - DAG(s) 'example_sensor_decorator' retrieved from /home/airflow/.local/lib/python3.8/site-packages/airflow/example_dags/example_sensor_decorator.py
[2025-04-28T10:15:59.126+0000] {logging_mixin.py:188} INFO - [2025-04-28T10:15:59.125+0000] {dag.py:3033} INFO - Sync 1 DAGs
[2025-04-28T10:15:59.148+0000] {logging_mixin.py:188} INFO - [2025-04-28T10:15:59.147+0000] {dag.py:3820} INFO - Setting next_dagrun for example_sensor_decorator to None, run_after=None
[2025-04-28T10:15:59.181+0000] {processor.py:183} INFO - Processing /home/airflow/.local/lib/python3.8/site-packages/airflow/example_dags/example_sensor_decorator.py took 0.107 seconds
[2025-04-28T10:16:31.247+0000] {processor.py:161} INFO - Started process (PID=1484) to work on /home/airflow/.local/lib/python3.8/site-packages/airflow/example_dags/example_sensor_decorator.py
[2025-04-28T10:16:31.249+0000] {processor.py:830} INFO - Processing file /home/airflow/.local/lib/python3.8/site-packages/airflow/example_dags/example_sensor_decorator.py for tasks to queue
[2025-04-28T10:16:31.252+0000] {logging_mixin.py:188} INFO - [2025-04-28T10:16:31.252+0000] {dagbag.py:538} INFO - Filling up the DagBag from /home/airflow/.local/lib/python3.8/site-packages/airflow/example_dags/example_sensor_decorator.py
[2025-04-28T10:16:31.263+0000] {processor.py:840} INFO - DAG(s) 'example_sensor_decorator' retrieved from /home/airflow/.local/lib/python3.8/site-packages/airflow/example_dags/example_sensor_decorator.py
[2025-04-28T10:16:31.295+0000] {logging_mixin.py:188} INFO - [2025-04-28T10:16:31.294+0000] {dag.py:3033} INFO - Sync 1 DAGs
[2025-04-28T10:16:31.317+0000] {logging_mixin.py:188} INFO - [2025-04-28T10:16:31.317+0000] {dag.py:3820} INFO - Setting next_dagrun for example_sensor_decorator to None, run_after=None
[2025-04-28T10:16:31.349+0000] {processor.py:183} INFO - Processing /home/airflow/.local/lib/python3.8/site-packages/airflow/example_dags/example_sensor_decorator.py took 0.108 seconds
[2025-04-28T10:17:11.309+0000] {processor.py:161} INFO - Started process (PID=1540) to work on /home/airflow/.local/lib/python3.8/site-packages/airflow/example_dags/example_sensor_decorator.py
[2025-04-28T10:17:11.324+0000] {processor.py:830} INFO - Processing file /home/airflow/.local/lib/python3.8/site-packages/airflow/example_dags/example_sensor_decorator.py for tasks to queue
[2025-04-28T10:17:11.342+0000] {logging_mixin.py:188} INFO - [2025-04-28T10:17:11.341+0000] {dagbag.py:538} INFO - Filling up the DagBag from /home/airflow/.local/lib/python3.8/site-packages/airflow/example_dags/example_sensor_decorator.py
[2025-04-28T10:17:11.374+0000] {processor.py:840} INFO - DAG(s) 'example_sensor_decorator' retrieved from /home/airflow/.local/lib/python3.8/site-packages/airflow/example_dags/example_sensor_decorator.py
[2025-04-28T10:17:11.572+0000] {logging_mixin.py:188} INFO - [2025-04-28T10:17:11.571+0000] {dag.py:3033} INFO - Sync 1 DAGs
[2025-04-28T10:17:11.649+0000] {logging_mixin.py:188} INFO - [2025-04-28T10:17:11.648+0000] {dag.py:3820} INFO - Setting next_dagrun for example_sensor_decorator to None, run_after=None
[2025-04-28T10:17:11.807+0000] {processor.py:183} INFO - Processing /home/airflow/.local/lib/python3.8/site-packages/airflow/example_dags/example_sensor_decorator.py took 0.531 seconds
[2025-04-28T10:17:42.938+0000] {processor.py:161} INFO - Started process (PID=1596) to work on /home/airflow/.local/lib/python3.8/site-packages/airflow/example_dags/example_sensor_decorator.py
[2025-04-28T10:17:42.940+0000] {processor.py:830} INFO - Processing file /home/airflow/.local/lib/python3.8/site-packages/airflow/example_dags/example_sensor_decorator.py for tasks to queue
[2025-04-28T10:17:42.949+0000] {logging_mixin.py:188} INFO - [2025-04-28T10:17:42.948+0000] {dagbag.py:538} INFO - Filling up the DagBag from /home/airflow/.local/lib/python3.8/site-packages/airflow/example_dags/example_sensor_decorator.py
[2025-04-28T10:17:42.983+0000] {processor.py:840} INFO - DAG(s) 'example_sensor_decorator' retrieved from /home/airflow/.local/lib/python3.8/site-packages/airflow/example_dags/example_sensor_decorator.py
[2025-04-28T10:17:43.098+0000] {logging_mixin.py:188} INFO - [2025-04-28T10:17:43.098+0000] {dag.py:3033} INFO - Sync 1 DAGs
[2025-04-28T10:17:43.158+0000] {logging_mixin.py:188} INFO - [2025-04-28T10:17:43.157+0000] {dag.py:3820} INFO - Setting next_dagrun for example_sensor_decorator to None, run_after=None
[2025-04-28T10:17:43.219+0000] {processor.py:183} INFO - Processing /home/airflow/.local/lib/python3.8/site-packages/airflow/example_dags/example_sensor_decorator.py took 0.290 seconds
[2025-04-28T10:18:14.219+0000] {processor.py:161} INFO - Started process (PID=1652) to work on /home/airflow/.local/lib/python3.8/site-packages/airflow/example_dags/example_sensor_decorator.py
[2025-04-28T10:18:14.221+0000] {processor.py:830} INFO - Processing file /home/airflow/.local/lib/python3.8/site-packages/airflow/example_dags/example_sensor_decorator.py for tasks to queue
[2025-04-28T10:18:14.235+0000] {logging_mixin.py:188} INFO - [2025-04-28T10:18:14.234+0000] {dagbag.py:538} INFO - Filling up the DagBag from /home/airflow/.local/lib/python3.8/site-packages/airflow/example_dags/example_sensor_decorator.py
[2025-04-28T10:18:14.257+0000] {processor.py:840} INFO - DAG(s) 'example_sensor_decorator' retrieved from /home/airflow/.local/lib/python3.8/site-packages/airflow/example_dags/example_sensor_decorator.py
[2025-04-28T10:18:14.396+0000] {logging_mixin.py:188} INFO - [2025-04-28T10:18:14.395+0000] {dag.py:3033} INFO - Sync 1 DAGs
[2025-04-28T10:18:14.490+0000] {logging_mixin.py:188} INFO - [2025-04-28T10:18:14.490+0000] {dag.py:3820} INFO - Setting next_dagrun for example_sensor_decorator to None, run_after=None
[2025-04-28T10:18:14.601+0000] {processor.py:183} INFO - Processing /home/airflow/.local/lib/python3.8/site-packages/airflow/example_dags/example_sensor_decorator.py took 0.398 seconds
[2025-04-28T10:18:45.629+0000] {processor.py:161} INFO - Started process (PID=1709) to work on /home/airflow/.local/lib/python3.8/site-packages/airflow/example_dags/example_sensor_decorator.py
[2025-04-28T10:18:45.650+0000] {processor.py:830} INFO - Processing file /home/airflow/.local/lib/python3.8/site-packages/airflow/example_dags/example_sensor_decorator.py for tasks to queue
[2025-04-28T10:18:45.674+0000] {logging_mixin.py:188} INFO - [2025-04-28T10:18:45.673+0000] {dagbag.py:538} INFO - Filling up the DagBag from /home/airflow/.local/lib/python3.8/site-packages/airflow/example_dags/example_sensor_decorator.py
[2025-04-28T10:18:45.701+0000] {processor.py:840} INFO - DAG(s) 'example_sensor_decorator' retrieved from /home/airflow/.local/lib/python3.8/site-packages/airflow/example_dags/example_sensor_decorator.py
[2025-04-28T10:18:45.810+0000] {logging_mixin.py:188} INFO - [2025-04-28T10:18:45.810+0000] {dag.py:3033} INFO - Sync 1 DAGs
[2025-04-28T10:18:45.871+0000] {logging_mixin.py:188} INFO - [2025-04-28T10:18:45.871+0000] {dag.py:3820} INFO - Setting next_dagrun for example_sensor_decorator to None, run_after=None
[2025-04-28T10:18:45.912+0000] {processor.py:183} INFO - Processing /home/airflow/.local/lib/python3.8/site-packages/airflow/example_dags/example_sensor_decorator.py took 0.299 seconds
[2025-04-28T10:19:17.210+0000] {processor.py:161} INFO - Started process (PID=1768) to work on /home/airflow/.local/lib/python3.8/site-packages/airflow/example_dags/example_sensor_decorator.py
[2025-04-28T10:19:17.211+0000] {processor.py:830} INFO - Processing file /home/airflow/.local/lib/python3.8/site-packages/airflow/example_dags/example_sensor_decorator.py for tasks to queue
[2025-04-28T10:19:17.218+0000] {logging_mixin.py:188} INFO - [2025-04-28T10:19:17.217+0000] {dagbag.py:538} INFO - Filling up the DagBag from /home/airflow/.local/lib/python3.8/site-packages/airflow/example_dags/example_sensor_decorator.py
[2025-04-28T10:19:17.227+0000] {processor.py:840} INFO - DAG(s) 'example_sensor_decorator' retrieved from /home/airflow/.local/lib/python3.8/site-packages/airflow/example_dags/example_sensor_decorator.py
[2025-04-28T10:19:17.264+0000] {logging_mixin.py:188} INFO - [2025-04-28T10:19:17.264+0000] {dag.py:3033} INFO - Sync 1 DAGs
[2025-04-28T10:19:17.285+0000] {logging_mixin.py:188} INFO - [2025-04-28T10:19:17.285+0000] {dag.py:3820} INFO - Setting next_dagrun for example_sensor_decorator to None, run_after=None
[2025-04-28T10:19:17.319+0000] {processor.py:183} INFO - Processing /home/airflow/.local/lib/python3.8/site-packages/airflow/example_dags/example_sensor_decorator.py took 0.115 seconds
[2025-04-28T10:19:48.068+0000] {processor.py:161} INFO - Started process (PID=1824) to work on /home/airflow/.local/lib/python3.8/site-packages/airflow/example_dags/example_sensor_decorator.py
[2025-04-28T10:19:48.070+0000] {processor.py:830} INFO - Processing file /home/airflow/.local/lib/python3.8/site-packages/airflow/example_dags/example_sensor_decorator.py for tasks to queue
[2025-04-28T10:19:48.074+0000] {logging_mixin.py:188} INFO - [2025-04-28T10:19:48.074+0000] {dagbag.py:538} INFO - Filling up the DagBag from /home/airflow/.local/lib/python3.8/site-packages/airflow/example_dags/example_sensor_decorator.py
[2025-04-28T10:19:48.087+0000] {processor.py:840} INFO - DAG(s) 'example_sensor_decorator' retrieved from /home/airflow/.local/lib/python3.8/site-packages/airflow/example_dags/example_sensor_decorator.py
[2025-04-28T10:19:48.128+0000] {logging_mixin.py:188} INFO - [2025-04-28T10:19:48.127+0000] {dag.py:3033} INFO - Sync 1 DAGs
[2025-04-28T10:19:48.151+0000] {logging_mixin.py:188} INFO - [2025-04-28T10:19:48.151+0000] {dag.py:3820} INFO - Setting next_dagrun for example_sensor_decorator to None, run_after=None
[2025-04-28T10:19:48.221+0000] {processor.py:183} INFO - Processing /home/airflow/.local/lib/python3.8/site-packages/airflow/example_dags/example_sensor_decorator.py took 0.159 seconds
[2025-04-28T10:20:21.140+0000] {processor.py:161} INFO - Started process (PID=1883) to work on /home/airflow/.local/lib/python3.8/site-packages/airflow/example_dags/example_sensor_decorator.py
[2025-04-28T10:20:21.143+0000] {processor.py:830} INFO - Processing file /home/airflow/.local/lib/python3.8/site-packages/airflow/example_dags/example_sensor_decorator.py for tasks to queue
[2025-04-28T10:20:21.148+0000] {logging_mixin.py:188} INFO - [2025-04-28T10:20:21.147+0000] {dagbag.py:538} INFO - Filling up the DagBag from /home/airflow/.local/lib/python3.8/site-packages/airflow/example_dags/example_sensor_decorator.py
[2025-04-28T10:20:21.161+0000] {processor.py:840} INFO - DAG(s) 'example_sensor_decorator' retrieved from /home/airflow/.local/lib/python3.8/site-packages/airflow/example_dags/example_sensor_decorator.py
[2025-04-28T10:20:21.214+0000] {logging_mixin.py:188} INFO - [2025-04-28T10:20:21.214+0000] {dag.py:3033} INFO - Sync 1 DAGs
[2025-04-28T10:20:21.257+0000] {logging_mixin.py:188} INFO - [2025-04-28T10:20:21.257+0000] {dag.py:3820} INFO - Setting next_dagrun for example_sensor_decorator to None, run_after=None
[2025-04-28T10:20:21.344+0000] {processor.py:183} INFO - Processing /home/airflow/.local/lib/python3.8/site-packages/airflow/example_dags/example_sensor_decorator.py took 0.217 seconds
[2025-04-28T10:20:51.495+0000] {processor.py:161} INFO - Started process (PID=1940) to work on /home/airflow/.local/lib/python3.8/site-packages/airflow/example_dags/example_sensor_decorator.py
[2025-04-28T10:20:51.496+0000] {processor.py:830} INFO - Processing file /home/airflow/.local/lib/python3.8/site-packages/airflow/example_dags/example_sensor_decorator.py for tasks to queue
[2025-04-28T10:20:51.501+0000] {logging_mixin.py:188} INFO - [2025-04-28T10:20:51.500+0000] {dagbag.py:538} INFO - Filling up the DagBag from /home/airflow/.local/lib/python3.8/site-packages/airflow/example_dags/example_sensor_decorator.py
[2025-04-28T10:20:51.511+0000] {processor.py:840} INFO - DAG(s) 'example_sensor_decorator' retrieved from /home/airflow/.local/lib/python3.8/site-packages/airflow/example_dags/example_sensor_decorator.py
[2025-04-28T10:20:51.543+0000] {logging_mixin.py:188} INFO - [2025-04-28T10:20:51.543+0000] {dag.py:3033} INFO - Sync 1 DAGs
[2025-04-28T10:20:51.575+0000] {logging_mixin.py:188} INFO - [2025-04-28T10:20:51.574+0000] {dag.py:3820} INFO - Setting next_dagrun for example_sensor_decorator to None, run_after=None
[2025-04-28T10:20:51.611+0000] {processor.py:183} INFO - Processing /home/airflow/.local/lib/python3.8/site-packages/airflow/example_dags/example_sensor_decorator.py took 0.123 seconds
[2025-04-28T10:21:28.511+0000] {processor.py:161} INFO - Started process (PID=1996) to work on /home/airflow/.local/lib/python3.8/site-packages/airflow/example_dags/example_sensor_decorator.py
[2025-04-28T10:21:28.513+0000] {processor.py:830} INFO - Processing file /home/airflow/.local/lib/python3.8/site-packages/airflow/example_dags/example_sensor_decorator.py for tasks to queue
[2025-04-28T10:21:28.517+0000] {logging_mixin.py:188} INFO - [2025-04-28T10:21:28.517+0000] {dagbag.py:538} INFO - Filling up the DagBag from /home/airflow/.local/lib/python3.8/site-packages/airflow/example_dags/example_sensor_decorator.py
[2025-04-28T10:21:28.531+0000] {processor.py:840} INFO - DAG(s) 'example_sensor_decorator' retrieved from /home/airflow/.local/lib/python3.8/site-packages/airflow/example_dags/example_sensor_decorator.py
[2025-04-28T10:21:28.575+0000] {logging_mixin.py:188} INFO - [2025-04-28T10:21:28.574+0000] {dag.py:3033} INFO - Sync 1 DAGs
[2025-04-28T10:21:28.606+0000] {logging_mixin.py:188} INFO - [2025-04-28T10:21:28.605+0000] {dag.py:3820} INFO - Setting next_dagrun for example_sensor_decorator to None, run_after=None
[2025-04-28T10:21:28.643+0000] {processor.py:183} INFO - Processing /home/airflow/.local/lib/python3.8/site-packages/airflow/example_dags/example_sensor_decorator.py took 0.139 seconds
[2025-04-28T10:21:59.441+0000] {processor.py:161} INFO - Started process (PID=2052) to work on /home/airflow/.local/lib/python3.8/site-packages/airflow/example_dags/example_sensor_decorator.py
[2025-04-28T10:21:59.442+0000] {processor.py:830} INFO - Processing file /home/airflow/.local/lib/python3.8/site-packages/airflow/example_dags/example_sensor_decorator.py for tasks to queue
[2025-04-28T10:21:59.451+0000] {logging_mixin.py:188} INFO - [2025-04-28T10:21:59.450+0000] {dagbag.py:538} INFO - Filling up the DagBag from /home/airflow/.local/lib/python3.8/site-packages/airflow/example_dags/example_sensor_decorator.py
[2025-04-28T10:21:59.463+0000] {processor.py:840} INFO - DAG(s) 'example_sensor_decorator' retrieved from /home/airflow/.local/lib/python3.8/site-packages/airflow/example_dags/example_sensor_decorator.py
[2025-04-28T10:21:59.534+0000] {logging_mixin.py:188} INFO - [2025-04-28T10:21:59.533+0000] {dag.py:3033} INFO - Sync 1 DAGs
[2025-04-28T10:21:59.589+0000] {logging_mixin.py:188} INFO - [2025-04-28T10:21:59.589+0000] {dag.py:3820} INFO - Setting next_dagrun for example_sensor_decorator to None, run_after=None
[2025-04-28T10:21:59.636+0000] {processor.py:183} INFO - Processing /home/airflow/.local/lib/python3.8/site-packages/airflow/example_dags/example_sensor_decorator.py took 0.202 seconds
[2025-04-28T10:22:30.737+0000] {processor.py:161} INFO - Started process (PID=2111) to work on /home/airflow/.local/lib/python3.8/site-packages/airflow/example_dags/example_sensor_decorator.py
[2025-04-28T10:22:30.739+0000] {processor.py:830} INFO - Processing file /home/airflow/.local/lib/python3.8/site-packages/airflow/example_dags/example_sensor_decorator.py for tasks to queue
[2025-04-28T10:22:30.742+0000] {logging_mixin.py:188} INFO - [2025-04-28T10:22:30.742+0000] {dagbag.py:538} INFO - Filling up the DagBag from /home/airflow/.local/lib/python3.8/site-packages/airflow/example_dags/example_sensor_decorator.py
[2025-04-28T10:22:30.751+0000] {processor.py:840} INFO - DAG(s) 'example_sensor_decorator' retrieved from /home/airflow/.local/lib/python3.8/site-packages/airflow/example_dags/example_sensor_decorator.py
[2025-04-28T10:22:30.789+0000] {logging_mixin.py:188} INFO - [2025-04-28T10:22:30.789+0000] {dag.py:3033} INFO - Sync 1 DAGs
[2025-04-28T10:22:30.838+0000] {logging_mixin.py:188} INFO - [2025-04-28T10:22:30.838+0000] {dag.py:3820} INFO - Setting next_dagrun for example_sensor_decorator to None, run_after=None
[2025-04-28T10:22:30.892+0000] {processor.py:183} INFO - Processing /home/airflow/.local/lib/python3.8/site-packages/airflow/example_dags/example_sensor_decorator.py took 0.160 seconds
[2025-04-28T10:23:00.957+0000] {processor.py:161} INFO - Started process (PID=2167) to work on /home/airflow/.local/lib/python3.8/site-packages/airflow/example_dags/example_sensor_decorator.py
[2025-04-28T10:23:00.958+0000] {processor.py:830} INFO - Processing file /home/airflow/.local/lib/python3.8/site-packages/airflow/example_dags/example_sensor_decorator.py for tasks to queue
[2025-04-28T10:23:00.962+0000] {logging_mixin.py:188} INFO - [2025-04-28T10:23:00.962+0000] {dagbag.py:538} INFO - Filling up the DagBag from /home/airflow/.local/lib/python3.8/site-packages/airflow/example_dags/example_sensor_decorator.py
[2025-04-28T10:23:00.973+0000] {processor.py:840} INFO - DAG(s) 'example_sensor_decorator' retrieved from /home/airflow/.local/lib/python3.8/site-packages/airflow/example_dags/example_sensor_decorator.py
[2025-04-28T10:23:01.005+0000] {logging_mixin.py:188} INFO - [2025-04-28T10:23:01.005+0000] {dag.py:3033} INFO - Sync 1 DAGs
[2025-04-28T10:23:01.031+0000] {logging_mixin.py:188} INFO - [2025-04-28T10:23:01.031+0000] {dag.py:3820} INFO - Setting next_dagrun for example_sensor_decorator to None, run_after=None
[2025-04-28T10:23:01.069+0000] {processor.py:183} INFO - Processing /home/airflow/.local/lib/python3.8/site-packages/airflow/example_dags/example_sensor_decorator.py took 0.116 seconds
[2025-04-28T10:23:35.724+0000] {processor.py:161} INFO - Started process (PID=2228) to work on /home/airflow/.local/lib/python3.8/site-packages/airflow/example_dags/example_sensor_decorator.py
[2025-04-28T10:23:35.726+0000] {processor.py:830} INFO - Processing file /home/airflow/.local/lib/python3.8/site-packages/airflow/example_dags/example_sensor_decorator.py for tasks to queue
[2025-04-28T10:23:35.729+0000] {logging_mixin.py:188} INFO - [2025-04-28T10:23:35.728+0000] {dagbag.py:538} INFO - Filling up the DagBag from /home/airflow/.local/lib/python3.8/site-packages/airflow/example_dags/example_sensor_decorator.py
[2025-04-28T10:23:35.739+0000] {processor.py:840} INFO - DAG(s) 'example_sensor_decorator' retrieved from /home/airflow/.local/lib/python3.8/site-packages/airflow/example_dags/example_sensor_decorator.py
[2025-04-28T10:23:35.770+0000] {logging_mixin.py:188} INFO - [2025-04-28T10:23:35.770+0000] {dag.py:3033} INFO - Sync 1 DAGs
[2025-04-28T10:23:35.970+0000] {logging_mixin.py:188} INFO - [2025-04-28T10:23:35.970+0000] {dag.py:3820} INFO - Setting next_dagrun for example_sensor_decorator to None, run_after=None
[2025-04-28T10:23:36.003+0000] {processor.py:183} INFO - Processing /home/airflow/.local/lib/python3.8/site-packages/airflow/example_dags/example_sensor_decorator.py took 0.284 seconds
[2025-04-28T10:24:06.194+0000] {processor.py:161} INFO - Started process (PID=2284) to work on /home/airflow/.local/lib/python3.8/site-packages/airflow/example_dags/example_sensor_decorator.py
[2025-04-28T10:24:06.195+0000] {processor.py:830} INFO - Processing file /home/airflow/.local/lib/python3.8/site-packages/airflow/example_dags/example_sensor_decorator.py for tasks to queue
[2025-04-28T10:24:06.198+0000] {logging_mixin.py:188} INFO - [2025-04-28T10:24:06.198+0000] {dagbag.py:538} INFO - Filling up the DagBag from /home/airflow/.local/lib/python3.8/site-packages/airflow/example_dags/example_sensor_decorator.py
[2025-04-28T10:24:06.209+0000] {processor.py:840} INFO - DAG(s) 'example_sensor_decorator' retrieved from /home/airflow/.local/lib/python3.8/site-packages/airflow/example_dags/example_sensor_decorator.py
[2025-04-28T10:24:06.251+0000] {logging_mixin.py:188} INFO - [2025-04-28T10:24:06.246+0000] {dag.py:3033} INFO - Sync 1 DAGs
[2025-04-28T10:24:06.272+0000] {logging_mixin.py:188} INFO - [2025-04-28T10:24:06.271+0000] {dag.py:3820} INFO - Setting next_dagrun for example_sensor_decorator to None, run_after=None
[2025-04-28T10:24:06.302+0000] {processor.py:183} INFO - Processing /home/airflow/.local/lib/python3.8/site-packages/airflow/example_dags/example_sensor_decorator.py took 0.112 seconds
[2025-04-28T10:24:41.110+0000] {processor.py:161} INFO - Started process (PID=2341) to work on /home/airflow/.local/lib/python3.8/site-packages/airflow/example_dags/example_sensor_decorator.py
[2025-04-28T10:24:41.112+0000] {processor.py:830} INFO - Processing file /home/airflow/.local/lib/python3.8/site-packages/airflow/example_dags/example_sensor_decorator.py for tasks to queue
[2025-04-28T10:24:41.115+0000] {logging_mixin.py:188} INFO - [2025-04-28T10:24:41.115+0000] {dagbag.py:538} INFO - Filling up the DagBag from /home/airflow/.local/lib/python3.8/site-packages/airflow/example_dags/example_sensor_decorator.py
[2025-04-28T10:24:41.125+0000] {processor.py:840} INFO - DAG(s) 'example_sensor_decorator' retrieved from /home/airflow/.local/lib/python3.8/site-packages/airflow/example_dags/example_sensor_decorator.py
[2025-04-28T10:24:41.160+0000] {logging_mixin.py:188} INFO - [2025-04-28T10:24:41.160+0000] {dag.py:3033} INFO - Sync 1 DAGs
[2025-04-28T10:24:41.193+0000] {logging_mixin.py:188} INFO - [2025-04-28T10:24:41.193+0000] {dag.py:3820} INFO - Setting next_dagrun for example_sensor_decorator to None, run_after=None
[2025-04-28T10:24:41.233+0000] {processor.py:183} INFO - Processing /home/airflow/.local/lib/python3.8/site-packages/airflow/example_dags/example_sensor_decorator.py took 0.129 seconds
[2025-04-28T10:25:15.807+0000] {processor.py:161} INFO - Started process (PID=2397) to work on /home/airflow/.local/lib/python3.8/site-packages/airflow/example_dags/example_sensor_decorator.py
[2025-04-28T10:25:15.809+0000] {processor.py:830} INFO - Processing file /home/airflow/.local/lib/python3.8/site-packages/airflow/example_dags/example_sensor_decorator.py for tasks to queue
[2025-04-28T10:25:15.812+0000] {logging_mixin.py:188} INFO - [2025-04-28T10:25:15.811+0000] {dagbag.py:538} INFO - Filling up the DagBag from /home/airflow/.local/lib/python3.8/site-packages/airflow/example_dags/example_sensor_decorator.py
[2025-04-28T10:25:15.824+0000] {processor.py:840} INFO - DAG(s) 'example_sensor_decorator' retrieved from /home/airflow/.local/lib/python3.8/site-packages/airflow/example_dags/example_sensor_decorator.py
[2025-04-28T10:25:15.858+0000] {logging_mixin.py:188} INFO - [2025-04-28T10:25:15.858+0000] {dag.py:3033} INFO - Sync 1 DAGs
[2025-04-28T10:25:16.120+0000] {logging_mixin.py:188} INFO - [2025-04-28T10:25:16.119+0000] {dag.py:3820} INFO - Setting next_dagrun for example_sensor_decorator to None, run_after=None
[2025-04-28T10:25:16.151+0000] {processor.py:183} INFO - Processing /home/airflow/.local/lib/python3.8/site-packages/airflow/example_dags/example_sensor_decorator.py took 0.350 seconds
[2025-04-28T10:25:46.919+0000] {processor.py:161} INFO - Started process (PID=2453) to work on /home/airflow/.local/lib/python3.8/site-packages/airflow/example_dags/example_sensor_decorator.py
[2025-04-28T10:25:46.921+0000] {processor.py:830} INFO - Processing file /home/airflow/.local/lib/python3.8/site-packages/airflow/example_dags/example_sensor_decorator.py for tasks to queue
[2025-04-28T10:25:46.925+0000] {logging_mixin.py:188} INFO - [2025-04-28T10:25:46.925+0000] {dagbag.py:538} INFO - Filling up the DagBag from /home/airflow/.local/lib/python3.8/site-packages/airflow/example_dags/example_sensor_decorator.py
[2025-04-28T10:25:46.937+0000] {processor.py:840} INFO - DAG(s) 'example_sensor_decorator' retrieved from /home/airflow/.local/lib/python3.8/site-packages/airflow/example_dags/example_sensor_decorator.py
[2025-04-28T10:25:46.980+0000] {logging_mixin.py:188} INFO - [2025-04-28T10:25:46.979+0000] {dag.py:3033} INFO - Sync 1 DAGs
[2025-04-28T10:25:47.024+0000] {logging_mixin.py:188} INFO - [2025-04-28T10:25:47.023+0000] {dag.py:3820} INFO - Setting next_dagrun for example_sensor_decorator to None, run_after=None
[2025-04-28T10:25:47.071+0000] {processor.py:183} INFO - Processing /home/airflow/.local/lib/python3.8/site-packages/airflow/example_dags/example_sensor_decorator.py took 0.158 seconds
[2025-04-28T10:26:19.896+0000] {processor.py:161} INFO - Started process (PID=2509) to work on /home/airflow/.local/lib/python3.8/site-packages/airflow/example_dags/example_sensor_decorator.py
[2025-04-28T10:26:19.897+0000] {processor.py:830} INFO - Processing file /home/airflow/.local/lib/python3.8/site-packages/airflow/example_dags/example_sensor_decorator.py for tasks to queue
[2025-04-28T10:26:19.900+0000] {logging_mixin.py:188} INFO - [2025-04-28T10:26:19.899+0000] {dagbag.py:538} INFO - Filling up the DagBag from /home/airflow/.local/lib/python3.8/site-packages/airflow/example_dags/example_sensor_decorator.py
[2025-04-28T10:26:19.910+0000] {processor.py:840} INFO - DAG(s) 'example_sensor_decorator' retrieved from /home/airflow/.local/lib/python3.8/site-packages/airflow/example_dags/example_sensor_decorator.py
[2025-04-28T10:26:19.945+0000] {logging_mixin.py:188} INFO - [2025-04-28T10:26:19.944+0000] {dag.py:3033} INFO - Sync 1 DAGs
[2025-04-28T10:26:19.966+0000] {logging_mixin.py:188} INFO - [2025-04-28T10:26:19.965+0000] {dag.py:3820} INFO - Setting next_dagrun for example_sensor_decorator to None, run_after=None
[2025-04-28T10:26:20.001+0000] {processor.py:183} INFO - Processing /home/airflow/.local/lib/python3.8/site-packages/airflow/example_dags/example_sensor_decorator.py took 0.111 seconds
[2025-04-28T10:28:42.166+0000] {processor.py:161} INFO - Started process (PID=101) to work on /home/airflow/.local/lib/python3.8/site-packages/airflow/example_dags/example_sensor_decorator.py
[2025-04-28T10:28:42.168+0000] {processor.py:830} INFO - Processing file /home/airflow/.local/lib/python3.8/site-packages/airflow/example_dags/example_sensor_decorator.py for tasks to queue
[2025-04-28T10:28:42.171+0000] {logging_mixin.py:188} INFO - [2025-04-28T10:28:42.170+0000] {dagbag.py:538} INFO - Filling up the DagBag from /home/airflow/.local/lib/python3.8/site-packages/airflow/example_dags/example_sensor_decorator.py
[2025-04-28T10:28:42.184+0000] {processor.py:840} INFO - DAG(s) 'example_sensor_decorator' retrieved from /home/airflow/.local/lib/python3.8/site-packages/airflow/example_dags/example_sensor_decorator.py
[2025-04-28T10:28:42.469+0000] {logging_mixin.py:188} INFO - [2025-04-28T10:28:42.468+0000] {dag.py:3033} INFO - Sync 1 DAGs
[2025-04-28T10:28:42.531+0000] {logging_mixin.py:188} INFO - [2025-04-28T10:28:42.531+0000] {dag.py:3820} INFO - Setting next_dagrun for example_sensor_decorator to None, run_after=None
[2025-04-28T10:28:42.602+0000] {processor.py:183} INFO - Processing /home/airflow/.local/lib/python3.8/site-packages/airflow/example_dags/example_sensor_decorator.py took 0.442 seconds
[2025-04-28T10:29:12.929+0000] {processor.py:161} INFO - Started process (PID=156) to work on /home/airflow/.local/lib/python3.8/site-packages/airflow/example_dags/example_sensor_decorator.py
[2025-04-28T10:29:12.932+0000] {processor.py:830} INFO - Processing file /home/airflow/.local/lib/python3.8/site-packages/airflow/example_dags/example_sensor_decorator.py for tasks to queue
[2025-04-28T10:29:12.936+0000] {logging_mixin.py:188} INFO - [2025-04-28T10:29:12.935+0000] {dagbag.py:538} INFO - Filling up the DagBag from /home/airflow/.local/lib/python3.8/site-packages/airflow/example_dags/example_sensor_decorator.py
[2025-04-28T10:29:12.951+0000] {processor.py:840} INFO - DAG(s) 'example_sensor_decorator' retrieved from /home/airflow/.local/lib/python3.8/site-packages/airflow/example_dags/example_sensor_decorator.py
[2025-04-28T10:29:13.001+0000] {logging_mixin.py:188} INFO - [2025-04-28T10:29:13.000+0000] {dag.py:3033} INFO - Sync 1 DAGs
[2025-04-28T10:29:13.034+0000] {logging_mixin.py:188} INFO - [2025-04-28T10:29:13.034+0000] {dag.py:3820} INFO - Setting next_dagrun for example_sensor_decorator to None, run_after=None
[2025-04-28T10:29:13.068+0000] {processor.py:183} INFO - Processing /home/airflow/.local/lib/python3.8/site-packages/airflow/example_dags/example_sensor_decorator.py took 0.153 seconds
[2025-04-28T10:29:43.421+0000] {processor.py:161} INFO - Started process (PID=212) to work on /home/airflow/.local/lib/python3.8/site-packages/airflow/example_dags/example_sensor_decorator.py
[2025-04-28T10:29:43.422+0000] {processor.py:830} INFO - Processing file /home/airflow/.local/lib/python3.8/site-packages/airflow/example_dags/example_sensor_decorator.py for tasks to queue
[2025-04-28T10:29:43.426+0000] {logging_mixin.py:188} INFO - [2025-04-28T10:29:43.426+0000] {dagbag.py:538} INFO - Filling up the DagBag from /home/airflow/.local/lib/python3.8/site-packages/airflow/example_dags/example_sensor_decorator.py
[2025-04-28T10:29:43.434+0000] {processor.py:840} INFO - DAG(s) 'example_sensor_decorator' retrieved from /home/airflow/.local/lib/python3.8/site-packages/airflow/example_dags/example_sensor_decorator.py
[2025-04-28T10:29:43.461+0000] {logging_mixin.py:188} INFO - [2025-04-28T10:29:43.461+0000] {dag.py:3033} INFO - Sync 1 DAGs
[2025-04-28T10:29:43.479+0000] {logging_mixin.py:188} INFO - [2025-04-28T10:29:43.478+0000] {dag.py:3820} INFO - Setting next_dagrun for example_sensor_decorator to None, run_after=None
[2025-04-28T10:29:43.514+0000] {processor.py:183} INFO - Processing /home/airflow/.local/lib/python3.8/site-packages/airflow/example_dags/example_sensor_decorator.py took 0.097 seconds
[2025-04-28T10:30:14.237+0000] {processor.py:161} INFO - Started process (PID=268) to work on /home/airflow/.local/lib/python3.8/site-packages/airflow/example_dags/example_sensor_decorator.py
[2025-04-28T10:30:14.239+0000] {processor.py:830} INFO - Processing file /home/airflow/.local/lib/python3.8/site-packages/airflow/example_dags/example_sensor_decorator.py for tasks to queue
[2025-04-28T10:30:14.242+0000] {logging_mixin.py:188} INFO - [2025-04-28T10:30:14.242+0000] {dagbag.py:538} INFO - Filling up the DagBag from /home/airflow/.local/lib/python3.8/site-packages/airflow/example_dags/example_sensor_decorator.py
[2025-04-28T10:30:14.255+0000] {processor.py:840} INFO - DAG(s) 'example_sensor_decorator' retrieved from /home/airflow/.local/lib/python3.8/site-packages/airflow/example_dags/example_sensor_decorator.py
[2025-04-28T10:30:14.293+0000] {logging_mixin.py:188} INFO - [2025-04-28T10:30:14.292+0000] {dag.py:3033} INFO - Sync 1 DAGs
[2025-04-28T10:30:14.316+0000] {logging_mixin.py:188} INFO - [2025-04-28T10:30:14.316+0000] {dag.py:3820} INFO - Setting next_dagrun for example_sensor_decorator to None, run_after=None
[2025-04-28T10:30:14.355+0000] {processor.py:183} INFO - Processing /home/airflow/.local/lib/python3.8/site-packages/airflow/example_dags/example_sensor_decorator.py took 0.125 seconds
[2025-04-28T10:30:45.095+0000] {processor.py:161} INFO - Started process (PID=324) to work on /home/airflow/.local/lib/python3.8/site-packages/airflow/example_dags/example_sensor_decorator.py
[2025-04-28T10:30:45.097+0000] {processor.py:830} INFO - Processing file /home/airflow/.local/lib/python3.8/site-packages/airflow/example_dags/example_sensor_decorator.py for tasks to queue
[2025-04-28T10:30:45.102+0000] {logging_mixin.py:188} INFO - [2025-04-28T10:30:45.100+0000] {dagbag.py:538} INFO - Filling up the DagBag from /home/airflow/.local/lib/python3.8/site-packages/airflow/example_dags/example_sensor_decorator.py
[2025-04-28T10:30:45.113+0000] {processor.py:840} INFO - DAG(s) 'example_sensor_decorator' retrieved from /home/airflow/.local/lib/python3.8/site-packages/airflow/example_dags/example_sensor_decorator.py
[2025-04-28T10:30:45.150+0000] {logging_mixin.py:188} INFO - [2025-04-28T10:30:45.150+0000] {dag.py:3033} INFO - Sync 1 DAGs
[2025-04-28T10:30:45.170+0000] {logging_mixin.py:188} INFO - [2025-04-28T10:30:45.170+0000] {dag.py:3820} INFO - Setting next_dagrun for example_sensor_decorator to None, run_after=None
[2025-04-28T10:30:45.199+0000] {processor.py:183} INFO - Processing /home/airflow/.local/lib/python3.8/site-packages/airflow/example_dags/example_sensor_decorator.py took 0.109 seconds
[2025-04-28T10:31:16.019+0000] {processor.py:161} INFO - Started process (PID=380) to work on /home/airflow/.local/lib/python3.8/site-packages/airflow/example_dags/example_sensor_decorator.py
[2025-04-28T10:31:16.020+0000] {processor.py:830} INFO - Processing file /home/airflow/.local/lib/python3.8/site-packages/airflow/example_dags/example_sensor_decorator.py for tasks to queue
[2025-04-28T10:31:16.025+0000] {logging_mixin.py:188} INFO - [2025-04-28T10:31:16.024+0000] {dagbag.py:538} INFO - Filling up the DagBag from /home/airflow/.local/lib/python3.8/site-packages/airflow/example_dags/example_sensor_decorator.py
[2025-04-28T10:31:16.038+0000] {processor.py:840} INFO - DAG(s) 'example_sensor_decorator' retrieved from /home/airflow/.local/lib/python3.8/site-packages/airflow/example_dags/example_sensor_decorator.py
[2025-04-28T10:31:16.085+0000] {logging_mixin.py:188} INFO - [2025-04-28T10:31:16.085+0000] {dag.py:3033} INFO - Sync 1 DAGs
[2025-04-28T10:31:16.119+0000] {logging_mixin.py:188} INFO - [2025-04-28T10:31:16.119+0000] {dag.py:3820} INFO - Setting next_dagrun for example_sensor_decorator to None, run_after=None
[2025-04-28T10:31:16.159+0000] {processor.py:183} INFO - Processing /home/airflow/.local/lib/python3.8/site-packages/airflow/example_dags/example_sensor_decorator.py took 0.148 seconds
[2025-04-28T10:31:46.581+0000] {processor.py:161} INFO - Started process (PID=436) to work on /home/airflow/.local/lib/python3.8/site-packages/airflow/example_dags/example_sensor_decorator.py
[2025-04-28T10:31:46.582+0000] {processor.py:830} INFO - Processing file /home/airflow/.local/lib/python3.8/site-packages/airflow/example_dags/example_sensor_decorator.py for tasks to queue
[2025-04-28T10:31:46.588+0000] {logging_mixin.py:188} INFO - [2025-04-28T10:31:46.587+0000] {dagbag.py:538} INFO - Filling up the DagBag from /home/airflow/.local/lib/python3.8/site-packages/airflow/example_dags/example_sensor_decorator.py
[2025-04-28T10:31:46.600+0000] {processor.py:840} INFO - DAG(s) 'example_sensor_decorator' retrieved from /home/airflow/.local/lib/python3.8/site-packages/airflow/example_dags/example_sensor_decorator.py
[2025-04-28T10:31:46.636+0000] {logging_mixin.py:188} INFO - [2025-04-28T10:31:46.635+0000] {dag.py:3033} INFO - Sync 1 DAGs
[2025-04-28T10:31:46.670+0000] {logging_mixin.py:188} INFO - [2025-04-28T10:31:46.670+0000] {dag.py:3820} INFO - Setting next_dagrun for example_sensor_decorator to None, run_after=None
[2025-04-28T10:31:46.761+0000] {processor.py:183} INFO - Processing /home/airflow/.local/lib/python3.8/site-packages/airflow/example_dags/example_sensor_decorator.py took 0.185 seconds
[2025-04-28T10:32:17.659+0000] {processor.py:161} INFO - Started process (PID=492) to work on /home/airflow/.local/lib/python3.8/site-packages/airflow/example_dags/example_sensor_decorator.py
[2025-04-28T10:32:17.662+0000] {processor.py:830} INFO - Processing file /home/airflow/.local/lib/python3.8/site-packages/airflow/example_dags/example_sensor_decorator.py for tasks to queue
[2025-04-28T10:32:17.666+0000] {logging_mixin.py:188} INFO - [2025-04-28T10:32:17.665+0000] {dagbag.py:538} INFO - Filling up the DagBag from /home/airflow/.local/lib/python3.8/site-packages/airflow/example_dags/example_sensor_decorator.py
[2025-04-28T10:32:17.679+0000] {processor.py:840} INFO - DAG(s) 'example_sensor_decorator' retrieved from /home/airflow/.local/lib/python3.8/site-packages/airflow/example_dags/example_sensor_decorator.py
[2025-04-28T10:32:17.724+0000] {logging_mixin.py:188} INFO - [2025-04-28T10:32:17.724+0000] {dag.py:3033} INFO - Sync 1 DAGs
[2025-04-28T10:32:17.745+0000] {logging_mixin.py:188} INFO - [2025-04-28T10:32:17.745+0000] {dag.py:3820} INFO - Setting next_dagrun for example_sensor_decorator to None, run_after=None
[2025-04-28T10:32:17.778+0000] {processor.py:183} INFO - Processing /home/airflow/.local/lib/python3.8/site-packages/airflow/example_dags/example_sensor_decorator.py took 0.128 seconds
[2025-04-28T10:32:49.871+0000] {processor.py:161} INFO - Started process (PID=548) to work on /home/airflow/.local/lib/python3.8/site-packages/airflow/example_dags/example_sensor_decorator.py
[2025-04-28T10:32:49.873+0000] {processor.py:830} INFO - Processing file /home/airflow/.local/lib/python3.8/site-packages/airflow/example_dags/example_sensor_decorator.py for tasks to queue
[2025-04-28T10:32:49.879+0000] {logging_mixin.py:188} INFO - [2025-04-28T10:32:49.879+0000] {dagbag.py:538} INFO - Filling up the DagBag from /home/airflow/.local/lib/python3.8/site-packages/airflow/example_dags/example_sensor_decorator.py
[2025-04-28T10:32:49.899+0000] {processor.py:840} INFO - DAG(s) 'example_sensor_decorator' retrieved from /home/airflow/.local/lib/python3.8/site-packages/airflow/example_dags/example_sensor_decorator.py
[2025-04-28T10:32:49.933+0000] {logging_mixin.py:188} INFO - [2025-04-28T10:32:49.933+0000] {dag.py:3033} INFO - Sync 1 DAGs
[2025-04-28T10:32:49.954+0000] {logging_mixin.py:188} INFO - [2025-04-28T10:32:49.954+0000] {dag.py:3820} INFO - Setting next_dagrun for example_sensor_decorator to None, run_after=None
[2025-04-28T10:32:49.990+0000] {processor.py:183} INFO - Processing /home/airflow/.local/lib/python3.8/site-packages/airflow/example_dags/example_sensor_decorator.py took 0.134 seconds
[2025-04-28T10:33:23.503+0000] {processor.py:161} INFO - Started process (PID=604) to work on /home/airflow/.local/lib/python3.8/site-packages/airflow/example_dags/example_sensor_decorator.py
[2025-04-28T10:33:23.504+0000] {processor.py:830} INFO - Processing file /home/airflow/.local/lib/python3.8/site-packages/airflow/example_dags/example_sensor_decorator.py for tasks to queue
[2025-04-28T10:33:23.509+0000] {logging_mixin.py:188} INFO - [2025-04-28T10:33:23.508+0000] {dagbag.py:538} INFO - Filling up the DagBag from /home/airflow/.local/lib/python3.8/site-packages/airflow/example_dags/example_sensor_decorator.py
[2025-04-28T10:33:23.519+0000] {processor.py:840} INFO - DAG(s) 'example_sensor_decorator' retrieved from /home/airflow/.local/lib/python3.8/site-packages/airflow/example_dags/example_sensor_decorator.py
[2025-04-28T10:33:23.567+0000] {logging_mixin.py:188} INFO - [2025-04-28T10:33:23.566+0000] {dag.py:3033} INFO - Sync 1 DAGs
[2025-04-28T10:33:23.599+0000] {logging_mixin.py:188} INFO - [2025-04-28T10:33:23.598+0000] {dag.py:3820} INFO - Setting next_dagrun for example_sensor_decorator to None, run_after=None
[2025-04-28T10:33:23.642+0000] {processor.py:183} INFO - Processing /home/airflow/.local/lib/python3.8/site-packages/airflow/example_dags/example_sensor_decorator.py took 0.145 seconds
[2025-04-28T10:33:58.375+0000] {processor.py:161} INFO - Started process (PID=660) to work on /home/airflow/.local/lib/python3.8/site-packages/airflow/example_dags/example_sensor_decorator.py
[2025-04-28T10:33:58.377+0000] {processor.py:830} INFO - Processing file /home/airflow/.local/lib/python3.8/site-packages/airflow/example_dags/example_sensor_decorator.py for tasks to queue
[2025-04-28T10:33:58.381+0000] {logging_mixin.py:188} INFO - [2025-04-28T10:33:58.380+0000] {dagbag.py:538} INFO - Filling up the DagBag from /home/airflow/.local/lib/python3.8/site-packages/airflow/example_dags/example_sensor_decorator.py
[2025-04-28T10:33:58.390+0000] {processor.py:840} INFO - DAG(s) 'example_sensor_decorator' retrieved from /home/airflow/.local/lib/python3.8/site-packages/airflow/example_dags/example_sensor_decorator.py
[2025-04-28T10:33:58.422+0000] {logging_mixin.py:188} INFO - [2025-04-28T10:33:58.422+0000] {dag.py:3033} INFO - Sync 1 DAGs
[2025-04-28T10:33:58.446+0000] {logging_mixin.py:188} INFO - [2025-04-28T10:33:58.446+0000] {dag.py:3820} INFO - Setting next_dagrun for example_sensor_decorator to None, run_after=None
[2025-04-28T10:33:58.483+0000] {processor.py:183} INFO - Processing /home/airflow/.local/lib/python3.8/site-packages/airflow/example_dags/example_sensor_decorator.py took 0.113 seconds
[2025-04-28T10:34:29.082+0000] {processor.py:161} INFO - Started process (PID=716) to work on /home/airflow/.local/lib/python3.8/site-packages/airflow/example_dags/example_sensor_decorator.py
[2025-04-28T10:34:29.083+0000] {processor.py:830} INFO - Processing file /home/airflow/.local/lib/python3.8/site-packages/airflow/example_dags/example_sensor_decorator.py for tasks to queue
[2025-04-28T10:34:29.086+0000] {logging_mixin.py:188} INFO - [2025-04-28T10:34:29.086+0000] {dagbag.py:538} INFO - Filling up the DagBag from /home/airflow/.local/lib/python3.8/site-packages/airflow/example_dags/example_sensor_decorator.py
[2025-04-28T10:34:29.099+0000] {processor.py:840} INFO - DAG(s) 'example_sensor_decorator' retrieved from /home/airflow/.local/lib/python3.8/site-packages/airflow/example_dags/example_sensor_decorator.py
[2025-04-28T10:34:29.143+0000] {logging_mixin.py:188} INFO - [2025-04-28T10:34:29.143+0000] {dag.py:3033} INFO - Sync 1 DAGs
[2025-04-28T10:34:29.172+0000] {logging_mixin.py:188} INFO - [2025-04-28T10:34:29.172+0000] {dag.py:3820} INFO - Setting next_dagrun for example_sensor_decorator to None, run_after=None
[2025-04-28T10:34:29.204+0000] {processor.py:183} INFO - Processing /home/airflow/.local/lib/python3.8/site-packages/airflow/example_dags/example_sensor_decorator.py took 0.128 seconds
[2025-04-28T10:35:01.722+0000] {processor.py:161} INFO - Started process (PID=772) to work on /home/airflow/.local/lib/python3.8/site-packages/airflow/example_dags/example_sensor_decorator.py
[2025-04-28T10:35:01.723+0000] {processor.py:830} INFO - Processing file /home/airflow/.local/lib/python3.8/site-packages/airflow/example_dags/example_sensor_decorator.py for tasks to queue
[2025-04-28T10:35:01.730+0000] {logging_mixin.py:188} INFO - [2025-04-28T10:35:01.730+0000] {dagbag.py:538} INFO - Filling up the DagBag from /home/airflow/.local/lib/python3.8/site-packages/airflow/example_dags/example_sensor_decorator.py
[2025-04-28T10:35:01.740+0000] {processor.py:840} INFO - DAG(s) 'example_sensor_decorator' retrieved from /home/airflow/.local/lib/python3.8/site-packages/airflow/example_dags/example_sensor_decorator.py
[2025-04-28T10:35:01.779+0000] {logging_mixin.py:188} INFO - [2025-04-28T10:35:01.778+0000] {dag.py:3033} INFO - Sync 1 DAGs
[2025-04-28T10:35:01.804+0000] {logging_mixin.py:188} INFO - [2025-04-28T10:35:01.804+0000] {dag.py:3820} INFO - Setting next_dagrun for example_sensor_decorator to None, run_after=None
[2025-04-28T10:35:01.847+0000] {processor.py:183} INFO - Processing /home/airflow/.local/lib/python3.8/site-packages/airflow/example_dags/example_sensor_decorator.py took 0.133 seconds
[2025-04-28T10:35:33.980+0000] {processor.py:161} INFO - Started process (PID=828) to work on /home/airflow/.local/lib/python3.8/site-packages/airflow/example_dags/example_sensor_decorator.py
[2025-04-28T10:35:33.981+0000] {processor.py:830} INFO - Processing file /home/airflow/.local/lib/python3.8/site-packages/airflow/example_dags/example_sensor_decorator.py for tasks to queue
[2025-04-28T10:35:33.984+0000] {logging_mixin.py:188} INFO - [2025-04-28T10:35:33.984+0000] {dagbag.py:538} INFO - Filling up the DagBag from /home/airflow/.local/lib/python3.8/site-packages/airflow/example_dags/example_sensor_decorator.py
[2025-04-28T10:35:33.994+0000] {processor.py:840} INFO - DAG(s) 'example_sensor_decorator' retrieved from /home/airflow/.local/lib/python3.8/site-packages/airflow/example_dags/example_sensor_decorator.py
[2025-04-28T10:35:34.030+0000] {logging_mixin.py:188} INFO - [2025-04-28T10:35:34.030+0000] {dag.py:3033} INFO - Sync 1 DAGs
[2025-04-28T10:35:34.087+0000] {logging_mixin.py:188} INFO - [2025-04-28T10:35:34.087+0000] {dag.py:3820} INFO - Setting next_dagrun for example_sensor_decorator to None, run_after=None
[2025-04-28T10:35:34.183+0000] {processor.py:183} INFO - Processing /home/airflow/.local/lib/python3.8/site-packages/airflow/example_dags/example_sensor_decorator.py took 0.211 seconds
[2025-04-28T10:36:06.207+0000] {processor.py:161} INFO - Started process (PID=885) to work on /home/airflow/.local/lib/python3.8/site-packages/airflow/example_dags/example_sensor_decorator.py
[2025-04-28T10:36:06.208+0000] {processor.py:830} INFO - Processing file /home/airflow/.local/lib/python3.8/site-packages/airflow/example_dags/example_sensor_decorator.py for tasks to queue
[2025-04-28T10:36:06.211+0000] {logging_mixin.py:188} INFO - [2025-04-28T10:36:06.211+0000] {dagbag.py:538} INFO - Filling up the DagBag from /home/airflow/.local/lib/python3.8/site-packages/airflow/example_dags/example_sensor_decorator.py
[2025-04-28T10:36:06.222+0000] {processor.py:840} INFO - DAG(s) 'example_sensor_decorator' retrieved from /home/airflow/.local/lib/python3.8/site-packages/airflow/example_dags/example_sensor_decorator.py
[2025-04-28T10:36:06.258+0000] {logging_mixin.py:188} INFO - [2025-04-28T10:36:06.258+0000] {dag.py:3033} INFO - Sync 1 DAGs
[2025-04-28T10:36:06.278+0000] {logging_mixin.py:188} INFO - [2025-04-28T10:36:06.277+0000] {dag.py:3820} INFO - Setting next_dagrun for example_sensor_decorator to None, run_after=None
[2025-04-28T10:36:06.309+0000] {processor.py:183} INFO - Processing /home/airflow/.local/lib/python3.8/site-packages/airflow/example_dags/example_sensor_decorator.py took 0.107 seconds
[2025-04-28T10:36:38.889+0000] {processor.py:161} INFO - Started process (PID=941) to work on /home/airflow/.local/lib/python3.8/site-packages/airflow/example_dags/example_sensor_decorator.py
[2025-04-28T10:36:38.890+0000] {processor.py:830} INFO - Processing file /home/airflow/.local/lib/python3.8/site-packages/airflow/example_dags/example_sensor_decorator.py for tasks to queue
[2025-04-28T10:36:38.894+0000] {logging_mixin.py:188} INFO - [2025-04-28T10:36:38.894+0000] {dagbag.py:538} INFO - Filling up the DagBag from /home/airflow/.local/lib/python3.8/site-packages/airflow/example_dags/example_sensor_decorator.py
[2025-04-28T10:36:38.905+0000] {processor.py:840} INFO - DAG(s) 'example_sensor_decorator' retrieved from /home/airflow/.local/lib/python3.8/site-packages/airflow/example_dags/example_sensor_decorator.py
[2025-04-28T10:36:38.948+0000] {logging_mixin.py:188} INFO - [2025-04-28T10:36:38.947+0000] {dag.py:3033} INFO - Sync 1 DAGs
[2025-04-28T10:36:38.970+0000] {logging_mixin.py:188} INFO - [2025-04-28T10:36:38.970+0000] {dag.py:3820} INFO - Setting next_dagrun for example_sensor_decorator to None, run_after=None
[2025-04-28T10:36:39.003+0000] {processor.py:183} INFO - Processing /home/airflow/.local/lib/python3.8/site-packages/airflow/example_dags/example_sensor_decorator.py took 0.121 seconds
[2025-04-28T10:37:12.564+0000] {processor.py:161} INFO - Started process (PID=997) to work on /home/airflow/.local/lib/python3.8/site-packages/airflow/example_dags/example_sensor_decorator.py
[2025-04-28T10:37:12.566+0000] {processor.py:830} INFO - Processing file /home/airflow/.local/lib/python3.8/site-packages/airflow/example_dags/example_sensor_decorator.py for tasks to queue
[2025-04-28T10:37:12.570+0000] {logging_mixin.py:188} INFO - [2025-04-28T10:37:12.570+0000] {dagbag.py:538} INFO - Filling up the DagBag from /home/airflow/.local/lib/python3.8/site-packages/airflow/example_dags/example_sensor_decorator.py
[2025-04-28T10:37:12.588+0000] {processor.py:840} INFO - DAG(s) 'example_sensor_decorator' retrieved from /home/airflow/.local/lib/python3.8/site-packages/airflow/example_dags/example_sensor_decorator.py
[2025-04-28T10:37:12.645+0000] {logging_mixin.py:188} INFO - [2025-04-28T10:37:12.645+0000] {dag.py:3033} INFO - Sync 1 DAGs
[2025-04-28T10:37:12.675+0000] {logging_mixin.py:188} INFO - [2025-04-28T10:37:12.674+0000] {dag.py:3820} INFO - Setting next_dagrun for example_sensor_decorator to None, run_after=None
[2025-04-28T10:37:12.713+0000] {processor.py:183} INFO - Processing /home/airflow/.local/lib/python3.8/site-packages/airflow/example_dags/example_sensor_decorator.py took 0.154 seconds
[2025-04-28T10:37:45.287+0000] {processor.py:161} INFO - Started process (PID=1054) to work on /home/airflow/.local/lib/python3.8/site-packages/airflow/example_dags/example_sensor_decorator.py
[2025-04-28T10:37:45.289+0000] {processor.py:830} INFO - Processing file /home/airflow/.local/lib/python3.8/site-packages/airflow/example_dags/example_sensor_decorator.py for tasks to queue
[2025-04-28T10:37:45.293+0000] {logging_mixin.py:188} INFO - [2025-04-28T10:37:45.292+0000] {dagbag.py:538} INFO - Filling up the DagBag from /home/airflow/.local/lib/python3.8/site-packages/airflow/example_dags/example_sensor_decorator.py
[2025-04-28T10:37:45.301+0000] {processor.py:840} INFO - DAG(s) 'example_sensor_decorator' retrieved from /home/airflow/.local/lib/python3.8/site-packages/airflow/example_dags/example_sensor_decorator.py
[2025-04-28T10:37:45.334+0000] {logging_mixin.py:188} INFO - [2025-04-28T10:37:45.334+0000] {dag.py:3033} INFO - Sync 1 DAGs
[2025-04-28T10:37:45.358+0000] {logging_mixin.py:188} INFO - [2025-04-28T10:37:45.358+0000] {dag.py:3820} INFO - Setting next_dagrun for example_sensor_decorator to None, run_after=None
[2025-04-28T10:37:45.388+0000] {processor.py:183} INFO - Processing /home/airflow/.local/lib/python3.8/site-packages/airflow/example_dags/example_sensor_decorator.py took 0.107 seconds
[2025-04-28T10:38:17.651+0000] {processor.py:161} INFO - Started process (PID=1110) to work on /home/airflow/.local/lib/python3.8/site-packages/airflow/example_dags/example_sensor_decorator.py
[2025-04-28T10:38:17.652+0000] {processor.py:830} INFO - Processing file /home/airflow/.local/lib/python3.8/site-packages/airflow/example_dags/example_sensor_decorator.py for tasks to queue
[2025-04-28T10:38:17.655+0000] {logging_mixin.py:188} INFO - [2025-04-28T10:38:17.655+0000] {dagbag.py:538} INFO - Filling up the DagBag from /home/airflow/.local/lib/python3.8/site-packages/airflow/example_dags/example_sensor_decorator.py
[2025-04-28T10:38:17.668+0000] {processor.py:840} INFO - DAG(s) 'example_sensor_decorator' retrieved from /home/airflow/.local/lib/python3.8/site-packages/airflow/example_dags/example_sensor_decorator.py
[2025-04-28T10:38:17.718+0000] {logging_mixin.py:188} INFO - [2025-04-28T10:38:17.718+0000] {dag.py:3033} INFO - Sync 1 DAGs
[2025-04-28T10:38:17.764+0000] {logging_mixin.py:188} INFO - [2025-04-28T10:38:17.763+0000] {dag.py:3820} INFO - Setting next_dagrun for example_sensor_decorator to None, run_after=None
[2025-04-28T10:38:17.809+0000] {processor.py:183} INFO - Processing /home/airflow/.local/lib/python3.8/site-packages/airflow/example_dags/example_sensor_decorator.py took 0.164 seconds
[2025-04-28T10:38:49.943+0000] {processor.py:161} INFO - Started process (PID=1166) to work on /home/airflow/.local/lib/python3.8/site-packages/airflow/example_dags/example_sensor_decorator.py
[2025-04-28T10:38:49.945+0000] {processor.py:830} INFO - Processing file /home/airflow/.local/lib/python3.8/site-packages/airflow/example_dags/example_sensor_decorator.py for tasks to queue
[2025-04-28T10:38:49.948+0000] {logging_mixin.py:188} INFO - [2025-04-28T10:38:49.948+0000] {dagbag.py:538} INFO - Filling up the DagBag from /home/airflow/.local/lib/python3.8/site-packages/airflow/example_dags/example_sensor_decorator.py
[2025-04-28T10:38:49.958+0000] {processor.py:840} INFO - DAG(s) 'example_sensor_decorator' retrieved from /home/airflow/.local/lib/python3.8/site-packages/airflow/example_dags/example_sensor_decorator.py
[2025-04-28T10:38:50.001+0000] {logging_mixin.py:188} INFO - [2025-04-28T10:38:50.001+0000] {dag.py:3033} INFO - Sync 1 DAGs
[2025-04-28T10:38:50.023+0000] {logging_mixin.py:188} INFO - [2025-04-28T10:38:50.023+0000] {dag.py:3820} INFO - Setting next_dagrun for example_sensor_decorator to None, run_after=None
[2025-04-28T10:38:50.068+0000] {processor.py:183} INFO - Processing /home/airflow/.local/lib/python3.8/site-packages/airflow/example_dags/example_sensor_decorator.py took 0.130 seconds
[2025-04-28T10:39:24.110+0000] {processor.py:161} INFO - Started process (PID=1222) to work on /home/airflow/.local/lib/python3.8/site-packages/airflow/example_dags/example_sensor_decorator.py
[2025-04-28T10:39:24.111+0000] {processor.py:830} INFO - Processing file /home/airflow/.local/lib/python3.8/site-packages/airflow/example_dags/example_sensor_decorator.py for tasks to queue
[2025-04-28T10:39:24.115+0000] {logging_mixin.py:188} INFO - [2025-04-28T10:39:24.114+0000] {dagbag.py:538} INFO - Filling up the DagBag from /home/airflow/.local/lib/python3.8/site-packages/airflow/example_dags/example_sensor_decorator.py
[2025-04-28T10:39:24.124+0000] {processor.py:840} INFO - DAG(s) 'example_sensor_decorator' retrieved from /home/airflow/.local/lib/python3.8/site-packages/airflow/example_dags/example_sensor_decorator.py
[2025-04-28T10:39:24.151+0000] {logging_mixin.py:188} INFO - [2025-04-28T10:39:24.151+0000] {dag.py:3033} INFO - Sync 1 DAGs
[2025-04-28T10:39:24.189+0000] {logging_mixin.py:188} INFO - [2025-04-28T10:39:24.188+0000] {dag.py:3820} INFO - Setting next_dagrun for example_sensor_decorator to None, run_after=None
[2025-04-28T10:39:24.266+0000] {processor.py:183} INFO - Processing /home/airflow/.local/lib/python3.8/site-packages/airflow/example_dags/example_sensor_decorator.py took 0.161 seconds
[2025-04-28T10:39:55.165+0000] {processor.py:161} INFO - Started process (PID=1280) to work on /home/airflow/.local/lib/python3.8/site-packages/airflow/example_dags/example_sensor_decorator.py
[2025-04-28T10:39:55.166+0000] {processor.py:830} INFO - Processing file /home/airflow/.local/lib/python3.8/site-packages/airflow/example_dags/example_sensor_decorator.py for tasks to queue
[2025-04-28T10:39:55.169+0000] {logging_mixin.py:188} INFO - [2025-04-28T10:39:55.169+0000] {dagbag.py:538} INFO - Filling up the DagBag from /home/airflow/.local/lib/python3.8/site-packages/airflow/example_dags/example_sensor_decorator.py
[2025-04-28T10:39:55.180+0000] {processor.py:840} INFO - DAG(s) 'example_sensor_decorator' retrieved from /home/airflow/.local/lib/python3.8/site-packages/airflow/example_dags/example_sensor_decorator.py
[2025-04-28T10:39:55.205+0000] {logging_mixin.py:188} INFO - [2025-04-28T10:39:55.205+0000] {dag.py:3033} INFO - Sync 1 DAGs
[2025-04-28T10:39:55.221+0000] {logging_mixin.py:188} INFO - [2025-04-28T10:39:55.220+0000] {dag.py:3820} INFO - Setting next_dagrun for example_sensor_decorator to None, run_after=None
[2025-04-28T10:39:55.248+0000] {processor.py:183} INFO - Processing /home/airflow/.local/lib/python3.8/site-packages/airflow/example_dags/example_sensor_decorator.py took 0.088 seconds
[2025-04-28T10:40:27.701+0000] {processor.py:161} INFO - Started process (PID=1335) to work on /home/airflow/.local/lib/python3.8/site-packages/airflow/example_dags/example_sensor_decorator.py
[2025-04-28T10:40:27.702+0000] {processor.py:830} INFO - Processing file /home/airflow/.local/lib/python3.8/site-packages/airflow/example_dags/example_sensor_decorator.py for tasks to queue
[2025-04-28T10:40:27.706+0000] {logging_mixin.py:188} INFO - [2025-04-28T10:40:27.705+0000] {dagbag.py:538} INFO - Filling up the DagBag from /home/airflow/.local/lib/python3.8/site-packages/airflow/example_dags/example_sensor_decorator.py
[2025-04-28T10:40:27.715+0000] {processor.py:840} INFO - DAG(s) 'example_sensor_decorator' retrieved from /home/airflow/.local/lib/python3.8/site-packages/airflow/example_dags/example_sensor_decorator.py
[2025-04-28T10:40:27.741+0000] {logging_mixin.py:188} INFO - [2025-04-28T10:40:27.740+0000] {dag.py:3033} INFO - Sync 1 DAGs
[2025-04-28T10:40:27.759+0000] {logging_mixin.py:188} INFO - [2025-04-28T10:40:27.759+0000] {dag.py:3820} INFO - Setting next_dagrun for example_sensor_decorator to None, run_after=None
[2025-04-28T10:40:27.785+0000] {processor.py:183} INFO - Processing /home/airflow/.local/lib/python3.8/site-packages/airflow/example_dags/example_sensor_decorator.py took 0.089 seconds
[2025-04-28T10:41:00.764+0000] {processor.py:161} INFO - Started process (PID=1391) to work on /home/airflow/.local/lib/python3.8/site-packages/airflow/example_dags/example_sensor_decorator.py
[2025-04-28T10:41:00.765+0000] {processor.py:830} INFO - Processing file /home/airflow/.local/lib/python3.8/site-packages/airflow/example_dags/example_sensor_decorator.py for tasks to queue
[2025-04-28T10:41:00.770+0000] {logging_mixin.py:188} INFO - [2025-04-28T10:41:00.769+0000] {dagbag.py:538} INFO - Filling up the DagBag from /home/airflow/.local/lib/python3.8/site-packages/airflow/example_dags/example_sensor_decorator.py
[2025-04-28T10:41:00.778+0000] {processor.py:840} INFO - DAG(s) 'example_sensor_decorator' retrieved from /home/airflow/.local/lib/python3.8/site-packages/airflow/example_dags/example_sensor_decorator.py
[2025-04-28T10:41:00.820+0000] {logging_mixin.py:188} INFO - [2025-04-28T10:41:00.819+0000] {dag.py:3033} INFO - Sync 1 DAGs
[2025-04-28T10:41:00.848+0000] {logging_mixin.py:188} INFO - [2025-04-28T10:41:00.848+0000] {dag.py:3820} INFO - Setting next_dagrun for example_sensor_decorator to None, run_after=None
[2025-04-28T10:41:00.891+0000] {processor.py:183} INFO - Processing /home/airflow/.local/lib/python3.8/site-packages/airflow/example_dags/example_sensor_decorator.py took 0.133 seconds
[2025-04-28T10:43:34.618+0000] {processor.py:161} INFO - Started process (PID=102) to work on /home/airflow/.local/lib/python3.8/site-packages/airflow/example_dags/example_sensor_decorator.py
[2025-04-28T10:43:34.623+0000] {processor.py:830} INFO - Processing file /home/airflow/.local/lib/python3.8/site-packages/airflow/example_dags/example_sensor_decorator.py for tasks to queue
[2025-04-28T10:43:34.628+0000] {logging_mixin.py:188} INFO - [2025-04-28T10:43:34.626+0000] {dagbag.py:538} INFO - Filling up the DagBag from /home/airflow/.local/lib/python3.8/site-packages/airflow/example_dags/example_sensor_decorator.py
[2025-04-28T10:43:34.649+0000] {processor.py:840} INFO - DAG(s) 'example_sensor_decorator' retrieved from /home/airflow/.local/lib/python3.8/site-packages/airflow/example_dags/example_sensor_decorator.py
[2025-04-28T10:43:35.151+0000] {logging_mixin.py:188} INFO - [2025-04-28T10:43:35.150+0000] {dag.py:3033} INFO - Sync 1 DAGs
[2025-04-28T10:43:35.171+0000] {logging_mixin.py:188} INFO - [2025-04-28T10:43:35.171+0000] {dag.py:3820} INFO - Setting next_dagrun for example_sensor_decorator to None, run_after=None
[2025-04-28T10:43:35.206+0000] {processor.py:183} INFO - Processing /home/airflow/.local/lib/python3.8/site-packages/airflow/example_dags/example_sensor_decorator.py took 0.603 seconds
[2025-04-28T10:44:06.157+0000] {processor.py:161} INFO - Started process (PID=158) to work on /home/airflow/.local/lib/python3.8/site-packages/airflow/example_dags/example_sensor_decorator.py
[2025-04-28T10:44:06.159+0000] {processor.py:830} INFO - Processing file /home/airflow/.local/lib/python3.8/site-packages/airflow/example_dags/example_sensor_decorator.py for tasks to queue
[2025-04-28T10:44:06.163+0000] {logging_mixin.py:188} INFO - [2025-04-28T10:44:06.163+0000] {dagbag.py:538} INFO - Filling up the DagBag from /home/airflow/.local/lib/python3.8/site-packages/airflow/example_dags/example_sensor_decorator.py
[2025-04-28T10:44:06.176+0000] {processor.py:840} INFO - DAG(s) 'example_sensor_decorator' retrieved from /home/airflow/.local/lib/python3.8/site-packages/airflow/example_dags/example_sensor_decorator.py
[2025-04-28T10:44:06.235+0000] {logging_mixin.py:188} INFO - [2025-04-28T10:44:06.234+0000] {dag.py:3033} INFO - Sync 1 DAGs
[2025-04-28T10:44:06.264+0000] {logging_mixin.py:188} INFO - [2025-04-28T10:44:06.264+0000] {dag.py:3820} INFO - Setting next_dagrun for example_sensor_decorator to None, run_after=None
[2025-04-28T10:44:06.299+0000] {processor.py:183} INFO - Processing /home/airflow/.local/lib/python3.8/site-packages/airflow/example_dags/example_sensor_decorator.py took 0.148 seconds
[2025-04-28T10:44:37.116+0000] {processor.py:161} INFO - Started process (PID=214) to work on /home/airflow/.local/lib/python3.8/site-packages/airflow/example_dags/example_sensor_decorator.py
[2025-04-28T10:44:37.118+0000] {processor.py:830} INFO - Processing file /home/airflow/.local/lib/python3.8/site-packages/airflow/example_dags/example_sensor_decorator.py for tasks to queue
[2025-04-28T10:44:37.122+0000] {logging_mixin.py:188} INFO - [2025-04-28T10:44:37.121+0000] {dagbag.py:538} INFO - Filling up the DagBag from /home/airflow/.local/lib/python3.8/site-packages/airflow/example_dags/example_sensor_decorator.py
[2025-04-28T10:44:37.130+0000] {processor.py:840} INFO - DAG(s) 'example_sensor_decorator' retrieved from /home/airflow/.local/lib/python3.8/site-packages/airflow/example_dags/example_sensor_decorator.py
[2025-04-28T10:44:37.169+0000] {logging_mixin.py:188} INFO - [2025-04-28T10:44:37.169+0000] {dag.py:3033} INFO - Sync 1 DAGs
[2025-04-28T10:44:37.198+0000] {logging_mixin.py:188} INFO - [2025-04-28T10:44:37.197+0000] {dag.py:3820} INFO - Setting next_dagrun for example_sensor_decorator to None, run_after=None
[2025-04-28T10:44:37.243+0000] {processor.py:183} INFO - Processing /home/airflow/.local/lib/python3.8/site-packages/airflow/example_dags/example_sensor_decorator.py took 0.133 seconds
[2025-04-28T10:45:07.366+0000] {processor.py:161} INFO - Started process (PID=269) to work on /home/airflow/.local/lib/python3.8/site-packages/airflow/example_dags/example_sensor_decorator.py
[2025-04-28T10:45:07.367+0000] {processor.py:830} INFO - Processing file /home/airflow/.local/lib/python3.8/site-packages/airflow/example_dags/example_sensor_decorator.py for tasks to queue
[2025-04-28T10:45:07.372+0000] {logging_mixin.py:188} INFO - [2025-04-28T10:45:07.371+0000] {dagbag.py:538} INFO - Filling up the DagBag from /home/airflow/.local/lib/python3.8/site-packages/airflow/example_dags/example_sensor_decorator.py
[2025-04-28T10:45:07.379+0000] {processor.py:840} INFO - DAG(s) 'example_sensor_decorator' retrieved from /home/airflow/.local/lib/python3.8/site-packages/airflow/example_dags/example_sensor_decorator.py
[2025-04-28T10:45:07.411+0000] {logging_mixin.py:188} INFO - [2025-04-28T10:45:07.411+0000] {dag.py:3033} INFO - Sync 1 DAGs
[2025-04-28T10:45:07.431+0000] {logging_mixin.py:188} INFO - [2025-04-28T10:45:07.431+0000] {dag.py:3820} INFO - Setting next_dagrun for example_sensor_decorator to None, run_after=None
[2025-04-28T10:45:07.462+0000] {processor.py:183} INFO - Processing /home/airflow/.local/lib/python3.8/site-packages/airflow/example_dags/example_sensor_decorator.py took 0.100 seconds
[2025-04-28T10:45:37.506+0000] {processor.py:161} INFO - Started process (PID=325) to work on /home/airflow/.local/lib/python3.8/site-packages/airflow/example_dags/example_sensor_decorator.py
[2025-04-28T10:45:37.507+0000] {processor.py:830} INFO - Processing file /home/airflow/.local/lib/python3.8/site-packages/airflow/example_dags/example_sensor_decorator.py for tasks to queue
[2025-04-28T10:45:37.511+0000] {logging_mixin.py:188} INFO - [2025-04-28T10:45:37.511+0000] {dagbag.py:538} INFO - Filling up the DagBag from /home/airflow/.local/lib/python3.8/site-packages/airflow/example_dags/example_sensor_decorator.py
[2025-04-28T10:45:37.519+0000] {processor.py:840} INFO - DAG(s) 'example_sensor_decorator' retrieved from /home/airflow/.local/lib/python3.8/site-packages/airflow/example_dags/example_sensor_decorator.py
[2025-04-28T10:45:37.544+0000] {logging_mixin.py:188} INFO - [2025-04-28T10:45:37.544+0000] {dag.py:3033} INFO - Sync 1 DAGs
[2025-04-28T10:45:37.560+0000] {logging_mixin.py:188} INFO - [2025-04-28T10:45:37.559+0000] {dag.py:3820} INFO - Setting next_dagrun for example_sensor_decorator to None, run_after=None
[2025-04-28T10:45:37.587+0000] {processor.py:183} INFO - Processing /home/airflow/.local/lib/python3.8/site-packages/airflow/example_dags/example_sensor_decorator.py took 0.086 seconds
[2025-04-28T10:46:07.980+0000] {processor.py:161} INFO - Started process (PID=381) to work on /home/airflow/.local/lib/python3.8/site-packages/airflow/example_dags/example_sensor_decorator.py
[2025-04-28T10:46:07.982+0000] {processor.py:830} INFO - Processing file /home/airflow/.local/lib/python3.8/site-packages/airflow/example_dags/example_sensor_decorator.py for tasks to queue
[2025-04-28T10:46:07.987+0000] {logging_mixin.py:188} INFO - [2025-04-28T10:46:07.987+0000] {dagbag.py:538} INFO - Filling up the DagBag from /home/airflow/.local/lib/python3.8/site-packages/airflow/example_dags/example_sensor_decorator.py
[2025-04-28T10:46:07.997+0000] {processor.py:840} INFO - DAG(s) 'example_sensor_decorator' retrieved from /home/airflow/.local/lib/python3.8/site-packages/airflow/example_dags/example_sensor_decorator.py
[2025-04-28T10:46:08.034+0000] {logging_mixin.py:188} INFO - [2025-04-28T10:46:08.034+0000] {dag.py:3033} INFO - Sync 1 DAGs
[2025-04-28T10:46:08.056+0000] {logging_mixin.py:188} INFO - [2025-04-28T10:46:08.055+0000] {dag.py:3820} INFO - Setting next_dagrun for example_sensor_decorator to None, run_after=None
[2025-04-28T10:46:08.096+0000] {processor.py:183} INFO - Processing /home/airflow/.local/lib/python3.8/site-packages/airflow/example_dags/example_sensor_decorator.py took 0.120 seconds
[2025-04-28T10:46:41.657+0000] {processor.py:161} INFO - Started process (PID=438) to work on /home/airflow/.local/lib/python3.8/site-packages/airflow/example_dags/example_sensor_decorator.py
[2025-04-28T10:46:41.658+0000] {processor.py:830} INFO - Processing file /home/airflow/.local/lib/python3.8/site-packages/airflow/example_dags/example_sensor_decorator.py for tasks to queue
[2025-04-28T10:46:41.661+0000] {logging_mixin.py:188} INFO - [2025-04-28T10:46:41.661+0000] {dagbag.py:538} INFO - Filling up the DagBag from /home/airflow/.local/lib/python3.8/site-packages/airflow/example_dags/example_sensor_decorator.py
[2025-04-28T10:46:41.668+0000] {processor.py:840} INFO - DAG(s) 'example_sensor_decorator' retrieved from /home/airflow/.local/lib/python3.8/site-packages/airflow/example_dags/example_sensor_decorator.py
[2025-04-28T10:46:41.697+0000] {logging_mixin.py:188} INFO - [2025-04-28T10:46:41.697+0000] {dag.py:3033} INFO - Sync 1 DAGs
[2025-04-28T10:46:41.717+0000] {logging_mixin.py:188} INFO - [2025-04-28T10:46:41.717+0000] {dag.py:3820} INFO - Setting next_dagrun for example_sensor_decorator to None, run_after=None
[2025-04-28T10:46:41.749+0000] {processor.py:183} INFO - Processing /home/airflow/.local/lib/python3.8/site-packages/airflow/example_dags/example_sensor_decorator.py took 0.096 seconds
[2025-04-28T10:47:11.903+0000] {processor.py:161} INFO - Started process (PID=494) to work on /home/airflow/.local/lib/python3.8/site-packages/airflow/example_dags/example_sensor_decorator.py
[2025-04-28T10:47:11.904+0000] {processor.py:830} INFO - Processing file /home/airflow/.local/lib/python3.8/site-packages/airflow/example_dags/example_sensor_decorator.py for tasks to queue
[2025-04-28T10:47:11.907+0000] {logging_mixin.py:188} INFO - [2025-04-28T10:47:11.907+0000] {dagbag.py:538} INFO - Filling up the DagBag from /home/airflow/.local/lib/python3.8/site-packages/airflow/example_dags/example_sensor_decorator.py
[2025-04-28T10:47:11.914+0000] {processor.py:840} INFO - DAG(s) 'example_sensor_decorator' retrieved from /home/airflow/.local/lib/python3.8/site-packages/airflow/example_dags/example_sensor_decorator.py
[2025-04-28T10:47:11.941+0000] {logging_mixin.py:188} INFO - [2025-04-28T10:47:11.941+0000] {dag.py:3033} INFO - Sync 1 DAGs
[2025-04-28T10:47:11.961+0000] {logging_mixin.py:188} INFO - [2025-04-28T10:47:11.961+0000] {dag.py:3820} INFO - Setting next_dagrun for example_sensor_decorator to None, run_after=None
[2025-04-28T10:47:11.987+0000] {processor.py:183} INFO - Processing /home/airflow/.local/lib/python3.8/site-packages/airflow/example_dags/example_sensor_decorator.py took 0.089 seconds
[2025-04-28T10:47:42.529+0000] {processor.py:161} INFO - Started process (PID=551) to work on /home/airflow/.local/lib/python3.8/site-packages/airflow/example_dags/example_sensor_decorator.py
[2025-04-28T10:47:42.531+0000] {processor.py:830} INFO - Processing file /home/airflow/.local/lib/python3.8/site-packages/airflow/example_dags/example_sensor_decorator.py for tasks to queue
[2025-04-28T10:47:42.534+0000] {logging_mixin.py:188} INFO - [2025-04-28T10:47:42.534+0000] {dagbag.py:538} INFO - Filling up the DagBag from /home/airflow/.local/lib/python3.8/site-packages/airflow/example_dags/example_sensor_decorator.py
[2025-04-28T10:47:42.544+0000] {processor.py:840} INFO - DAG(s) 'example_sensor_decorator' retrieved from /home/airflow/.local/lib/python3.8/site-packages/airflow/example_dags/example_sensor_decorator.py
[2025-04-28T10:47:42.578+0000] {logging_mixin.py:188} INFO - [2025-04-28T10:47:42.578+0000] {dag.py:3033} INFO - Sync 1 DAGs
[2025-04-28T10:47:42.606+0000] {logging_mixin.py:188} INFO - [2025-04-28T10:47:42.606+0000] {dag.py:3820} INFO - Setting next_dagrun for example_sensor_decorator to None, run_after=None
[2025-04-28T10:47:42.641+0000] {processor.py:183} INFO - Processing /home/airflow/.local/lib/python3.8/site-packages/airflow/example_dags/example_sensor_decorator.py took 0.119 seconds
[2025-04-28T10:48:13.008+0000] {processor.py:161} INFO - Started process (PID=601) to work on /home/airflow/.local/lib/python3.8/site-packages/airflow/example_dags/example_sensor_decorator.py
[2025-04-28T10:48:13.010+0000] {processor.py:830} INFO - Processing file /home/airflow/.local/lib/python3.8/site-packages/airflow/example_dags/example_sensor_decorator.py for tasks to queue
[2025-04-28T10:48:13.013+0000] {logging_mixin.py:188} INFO - [2025-04-28T10:48:13.013+0000] {dagbag.py:538} INFO - Filling up the DagBag from /home/airflow/.local/lib/python3.8/site-packages/airflow/example_dags/example_sensor_decorator.py
[2025-04-28T10:48:13.024+0000] {processor.py:840} INFO - DAG(s) 'example_sensor_decorator' retrieved from /home/airflow/.local/lib/python3.8/site-packages/airflow/example_dags/example_sensor_decorator.py
[2025-04-28T10:48:13.072+0000] {logging_mixin.py:188} INFO - [2025-04-28T10:48:13.071+0000] {dag.py:3033} INFO - Sync 1 DAGs
[2025-04-28T10:48:13.095+0000] {logging_mixin.py:188} INFO - [2025-04-28T10:48:13.094+0000] {dag.py:3820} INFO - Setting next_dagrun for example_sensor_decorator to None, run_after=None
[2025-04-28T10:48:13.132+0000] {processor.py:183} INFO - Processing /home/airflow/.local/lib/python3.8/site-packages/airflow/example_dags/example_sensor_decorator.py took 0.130 seconds
[2025-04-28T10:48:44.025+0000] {processor.py:161} INFO - Started process (PID=663) to work on /home/airflow/.local/lib/python3.8/site-packages/airflow/example_dags/example_sensor_decorator.py
[2025-04-28T10:48:44.027+0000] {processor.py:830} INFO - Processing file /home/airflow/.local/lib/python3.8/site-packages/airflow/example_dags/example_sensor_decorator.py for tasks to queue
[2025-04-28T10:48:44.031+0000] {logging_mixin.py:188} INFO - [2025-04-28T10:48:44.030+0000] {dagbag.py:538} INFO - Filling up the DagBag from /home/airflow/.local/lib/python3.8/site-packages/airflow/example_dags/example_sensor_decorator.py
[2025-04-28T10:48:44.039+0000] {processor.py:840} INFO - DAG(s) 'example_sensor_decorator' retrieved from /home/airflow/.local/lib/python3.8/site-packages/airflow/example_dags/example_sensor_decorator.py
[2025-04-28T10:48:44.069+0000] {logging_mixin.py:188} INFO - [2025-04-28T10:48:44.068+0000] {dag.py:3033} INFO - Sync 1 DAGs
[2025-04-28T10:48:44.093+0000] {logging_mixin.py:188} INFO - [2025-04-28T10:48:44.090+0000] {dag.py:3820} INFO - Setting next_dagrun for example_sensor_decorator to None, run_after=None
[2025-04-28T10:48:44.189+0000] {processor.py:183} INFO - Processing /home/airflow/.local/lib/python3.8/site-packages/airflow/example_dags/example_sensor_decorator.py took 0.168 seconds
[2025-04-28T10:49:14.992+0000] {processor.py:161} INFO - Started process (PID=713) to work on /home/airflow/.local/lib/python3.8/site-packages/airflow/example_dags/example_sensor_decorator.py
[2025-04-28T10:49:14.994+0000] {processor.py:830} INFO - Processing file /home/airflow/.local/lib/python3.8/site-packages/airflow/example_dags/example_sensor_decorator.py for tasks to queue
[2025-04-28T10:49:14.997+0000] {logging_mixin.py:188} INFO - [2025-04-28T10:49:14.997+0000] {dagbag.py:538} INFO - Filling up the DagBag from /home/airflow/.local/lib/python3.8/site-packages/airflow/example_dags/example_sensor_decorator.py
[2025-04-28T10:49:15.007+0000] {processor.py:840} INFO - DAG(s) 'example_sensor_decorator' retrieved from /home/airflow/.local/lib/python3.8/site-packages/airflow/example_dags/example_sensor_decorator.py
[2025-04-28T10:49:15.040+0000] {logging_mixin.py:188} INFO - [2025-04-28T10:49:15.040+0000] {dag.py:3033} INFO - Sync 1 DAGs
[2025-04-28T10:49:15.056+0000] {logging_mixin.py:188} INFO - [2025-04-28T10:49:15.056+0000] {dag.py:3820} INFO - Setting next_dagrun for example_sensor_decorator to None, run_after=None
[2025-04-28T10:49:15.093+0000] {processor.py:183} INFO - Processing /home/airflow/.local/lib/python3.8/site-packages/airflow/example_dags/example_sensor_decorator.py took 0.106 seconds
[2025-04-28T10:49:47.402+0000] {processor.py:161} INFO - Started process (PID=769) to work on /home/airflow/.local/lib/python3.8/site-packages/airflow/example_dags/example_sensor_decorator.py
[2025-04-28T10:49:47.427+0000] {processor.py:830} INFO - Processing file /home/airflow/.local/lib/python3.8/site-packages/airflow/example_dags/example_sensor_decorator.py for tasks to queue
[2025-04-28T10:49:47.442+0000] {logging_mixin.py:188} INFO - [2025-04-28T10:49:47.442+0000] {dagbag.py:538} INFO - Filling up the DagBag from /home/airflow/.local/lib/python3.8/site-packages/airflow/example_dags/example_sensor_decorator.py
[2025-04-28T10:49:47.489+0000] {processor.py:840} INFO - DAG(s) 'example_sensor_decorator' retrieved from /home/airflow/.local/lib/python3.8/site-packages/airflow/example_dags/example_sensor_decorator.py
[2025-04-28T10:49:47.608+0000] {logging_mixin.py:188} INFO - [2025-04-28T10:49:47.608+0000] {dag.py:3033} INFO - Sync 1 DAGs
[2025-04-28T10:49:47.680+0000] {logging_mixin.py:188} INFO - [2025-04-28T10:49:47.680+0000] {dag.py:3820} INFO - Setting next_dagrun for example_sensor_decorator to None, run_after=None
[2025-04-28T10:49:47.803+0000] {processor.py:183} INFO - Processing /home/airflow/.local/lib/python3.8/site-packages/airflow/example_dags/example_sensor_decorator.py took 0.419 seconds
[2025-04-28T10:50:17.910+0000] {processor.py:161} INFO - Started process (PID=831) to work on /home/airflow/.local/lib/python3.8/site-packages/airflow/example_dags/example_sensor_decorator.py
[2025-04-28T10:50:17.911+0000] {processor.py:830} INFO - Processing file /home/airflow/.local/lib/python3.8/site-packages/airflow/example_dags/example_sensor_decorator.py for tasks to queue
[2025-04-28T10:50:17.913+0000] {logging_mixin.py:188} INFO - [2025-04-28T10:50:17.913+0000] {dagbag.py:538} INFO - Filling up the DagBag from /home/airflow/.local/lib/python3.8/site-packages/airflow/example_dags/example_sensor_decorator.py
[2025-04-28T10:50:17.921+0000] {processor.py:840} INFO - DAG(s) 'example_sensor_decorator' retrieved from /home/airflow/.local/lib/python3.8/site-packages/airflow/example_dags/example_sensor_decorator.py
[2025-04-28T10:50:17.945+0000] {logging_mixin.py:188} INFO - [2025-04-28T10:50:17.944+0000] {dag.py:3033} INFO - Sync 1 DAGs
[2025-04-28T10:50:17.961+0000] {logging_mixin.py:188} INFO - [2025-04-28T10:50:17.961+0000] {dag.py:3820} INFO - Setting next_dagrun for example_sensor_decorator to None, run_after=None
[2025-04-28T10:50:17.989+0000] {processor.py:183} INFO - Processing /home/airflow/.local/lib/python3.8/site-packages/airflow/example_dags/example_sensor_decorator.py took 0.083 seconds
[2025-04-28T10:50:48.670+0000] {processor.py:161} INFO - Started process (PID=881) to work on /home/airflow/.local/lib/python3.8/site-packages/airflow/example_dags/example_sensor_decorator.py
[2025-04-28T10:50:48.671+0000] {processor.py:830} INFO - Processing file /home/airflow/.local/lib/python3.8/site-packages/airflow/example_dags/example_sensor_decorator.py for tasks to queue
[2025-04-28T10:50:48.676+0000] {logging_mixin.py:188} INFO - [2025-04-28T10:50:48.675+0000] {dagbag.py:538} INFO - Filling up the DagBag from /home/airflow/.local/lib/python3.8/site-packages/airflow/example_dags/example_sensor_decorator.py
[2025-04-28T10:50:48.683+0000] {processor.py:840} INFO - DAG(s) 'example_sensor_decorator' retrieved from /home/airflow/.local/lib/python3.8/site-packages/airflow/example_dags/example_sensor_decorator.py
[2025-04-28T10:50:48.722+0000] {logging_mixin.py:188} INFO - [2025-04-28T10:50:48.721+0000] {dag.py:3033} INFO - Sync 1 DAGs
[2025-04-28T10:50:48.750+0000] {logging_mixin.py:188} INFO - [2025-04-28T10:50:48.750+0000] {dag.py:3820} INFO - Setting next_dagrun for example_sensor_decorator to None, run_after=None
[2025-04-28T10:50:48.783+0000] {processor.py:183} INFO - Processing /home/airflow/.local/lib/python3.8/site-packages/airflow/example_dags/example_sensor_decorator.py took 0.117 seconds
[2025-04-28T10:51:20.665+0000] {processor.py:161} INFO - Started process (PID=937) to work on /home/airflow/.local/lib/python3.8/site-packages/airflow/example_dags/example_sensor_decorator.py
[2025-04-28T10:51:20.667+0000] {processor.py:830} INFO - Processing file /home/airflow/.local/lib/python3.8/site-packages/airflow/example_dags/example_sensor_decorator.py for tasks to queue
[2025-04-28T10:51:20.670+0000] {logging_mixin.py:188} INFO - [2025-04-28T10:51:20.670+0000] {dagbag.py:538} INFO - Filling up the DagBag from /home/airflow/.local/lib/python3.8/site-packages/airflow/example_dags/example_sensor_decorator.py
[2025-04-28T10:51:20.680+0000] {processor.py:840} INFO - DAG(s) 'example_sensor_decorator' retrieved from /home/airflow/.local/lib/python3.8/site-packages/airflow/example_dags/example_sensor_decorator.py
[2025-04-28T10:51:20.713+0000] {logging_mixin.py:188} INFO - [2025-04-28T10:51:20.713+0000] {dag.py:3033} INFO - Sync 1 DAGs
[2025-04-28T10:51:20.733+0000] {logging_mixin.py:188} INFO - [2025-04-28T10:51:20.733+0000] {dag.py:3820} INFO - Setting next_dagrun for example_sensor_decorator to None, run_after=None
[2025-04-28T10:51:20.764+0000] {processor.py:183} INFO - Processing /home/airflow/.local/lib/python3.8/site-packages/airflow/example_dags/example_sensor_decorator.py took 0.103 seconds
[2025-04-28T10:51:54.613+0000] {processor.py:161} INFO - Started process (PID=993) to work on /home/airflow/.local/lib/python3.8/site-packages/airflow/example_dags/example_sensor_decorator.py
[2025-04-28T10:51:54.615+0000] {processor.py:830} INFO - Processing file /home/airflow/.local/lib/python3.8/site-packages/airflow/example_dags/example_sensor_decorator.py for tasks to queue
[2025-04-28T10:51:54.620+0000] {logging_mixin.py:188} INFO - [2025-04-28T10:51:54.619+0000] {dagbag.py:538} INFO - Filling up the DagBag from /home/airflow/.local/lib/python3.8/site-packages/airflow/example_dags/example_sensor_decorator.py
[2025-04-28T10:51:54.634+0000] {processor.py:840} INFO - DAG(s) 'example_sensor_decorator' retrieved from /home/airflow/.local/lib/python3.8/site-packages/airflow/example_dags/example_sensor_decorator.py
[2025-04-28T10:51:54.671+0000] {logging_mixin.py:188} INFO - [2025-04-28T10:51:54.671+0000] {dag.py:3033} INFO - Sync 1 DAGs
[2025-04-28T10:51:54.717+0000] {logging_mixin.py:188} INFO - [2025-04-28T10:51:54.716+0000] {dag.py:3820} INFO - Setting next_dagrun for example_sensor_decorator to None, run_after=None
[2025-04-28T10:51:54.778+0000] {processor.py:183} INFO - Processing /home/airflow/.local/lib/python3.8/site-packages/airflow/example_dags/example_sensor_decorator.py took 0.173 seconds
[2025-04-28T10:52:26.974+0000] {processor.py:161} INFO - Started process (PID=1049) to work on /home/airflow/.local/lib/python3.8/site-packages/airflow/example_dags/example_sensor_decorator.py
[2025-04-28T10:52:26.976+0000] {processor.py:830} INFO - Processing file /home/airflow/.local/lib/python3.8/site-packages/airflow/example_dags/example_sensor_decorator.py for tasks to queue
[2025-04-28T10:52:26.983+0000] {logging_mixin.py:188} INFO - [2025-04-28T10:52:26.982+0000] {dagbag.py:538} INFO - Filling up the DagBag from /home/airflow/.local/lib/python3.8/site-packages/airflow/example_dags/example_sensor_decorator.py
[2025-04-28T10:52:26.998+0000] {processor.py:840} INFO - DAG(s) 'example_sensor_decorator' retrieved from /home/airflow/.local/lib/python3.8/site-packages/airflow/example_dags/example_sensor_decorator.py
[2025-04-28T10:52:27.064+0000] {logging_mixin.py:188} INFO - [2025-04-28T10:52:27.063+0000] {dag.py:3033} INFO - Sync 1 DAGs
[2025-04-28T10:52:27.105+0000] {logging_mixin.py:188} INFO - [2025-04-28T10:52:27.105+0000] {dag.py:3820} INFO - Setting next_dagrun for example_sensor_decorator to None, run_after=None
[2025-04-28T10:52:27.141+0000] {processor.py:183} INFO - Processing /home/airflow/.local/lib/python3.8/site-packages/airflow/example_dags/example_sensor_decorator.py took 0.174 seconds
[2025-04-28T10:52:59.483+0000] {processor.py:161} INFO - Started process (PID=1106) to work on /home/airflow/.local/lib/python3.8/site-packages/airflow/example_dags/example_sensor_decorator.py
[2025-04-28T10:52:59.484+0000] {processor.py:830} INFO - Processing file /home/airflow/.local/lib/python3.8/site-packages/airflow/example_dags/example_sensor_decorator.py for tasks to queue
[2025-04-28T10:52:59.487+0000] {logging_mixin.py:188} INFO - [2025-04-28T10:52:59.487+0000] {dagbag.py:538} INFO - Filling up the DagBag from /home/airflow/.local/lib/python3.8/site-packages/airflow/example_dags/example_sensor_decorator.py
[2025-04-28T10:52:59.495+0000] {processor.py:840} INFO - DAG(s) 'example_sensor_decorator' retrieved from /home/airflow/.local/lib/python3.8/site-packages/airflow/example_dags/example_sensor_decorator.py
[2025-04-28T10:52:59.525+0000] {logging_mixin.py:188} INFO - [2025-04-28T10:52:59.525+0000] {dag.py:3033} INFO - Sync 1 DAGs
[2025-04-28T10:52:59.543+0000] {logging_mixin.py:188} INFO - [2025-04-28T10:52:59.542+0000] {dag.py:3820} INFO - Setting next_dagrun for example_sensor_decorator to None, run_after=None
[2025-04-28T10:52:59.570+0000] {processor.py:183} INFO - Processing /home/airflow/.local/lib/python3.8/site-packages/airflow/example_dags/example_sensor_decorator.py took 0.091 seconds
[2025-04-28T10:53:31.591+0000] {processor.py:161} INFO - Started process (PID=1162) to work on /home/airflow/.local/lib/python3.8/site-packages/airflow/example_dags/example_sensor_decorator.py
[2025-04-28T10:53:31.593+0000] {processor.py:830} INFO - Processing file /home/airflow/.local/lib/python3.8/site-packages/airflow/example_dags/example_sensor_decorator.py for tasks to queue
[2025-04-28T10:53:31.596+0000] {logging_mixin.py:188} INFO - [2025-04-28T10:53:31.596+0000] {dagbag.py:538} INFO - Filling up the DagBag from /home/airflow/.local/lib/python3.8/site-packages/airflow/example_dags/example_sensor_decorator.py
[2025-04-28T10:53:31.606+0000] {processor.py:840} INFO - DAG(s) 'example_sensor_decorator' retrieved from /home/airflow/.local/lib/python3.8/site-packages/airflow/example_dags/example_sensor_decorator.py
[2025-04-28T10:53:31.636+0000] {logging_mixin.py:188} INFO - [2025-04-28T10:53:31.636+0000] {dag.py:3033} INFO - Sync 1 DAGs
[2025-04-28T10:53:31.654+0000] {logging_mixin.py:188} INFO - [2025-04-28T10:53:31.654+0000] {dag.py:3820} INFO - Setting next_dagrun for example_sensor_decorator to None, run_after=None
[2025-04-28T10:53:31.681+0000] {processor.py:183} INFO - Processing /home/airflow/.local/lib/python3.8/site-packages/airflow/example_dags/example_sensor_decorator.py took 0.095 seconds
[2025-04-28T10:54:04.903+0000] {processor.py:161} INFO - Started process (PID=1219) to work on /home/airflow/.local/lib/python3.8/site-packages/airflow/example_dags/example_sensor_decorator.py
[2025-04-28T10:54:04.904+0000] {processor.py:830} INFO - Processing file /home/airflow/.local/lib/python3.8/site-packages/airflow/example_dags/example_sensor_decorator.py for tasks to queue
[2025-04-28T10:54:04.909+0000] {logging_mixin.py:188} INFO - [2025-04-28T10:54:04.909+0000] {dagbag.py:538} INFO - Filling up the DagBag from /home/airflow/.local/lib/python3.8/site-packages/airflow/example_dags/example_sensor_decorator.py
[2025-04-28T10:54:04.919+0000] {processor.py:840} INFO - DAG(s) 'example_sensor_decorator' retrieved from /home/airflow/.local/lib/python3.8/site-packages/airflow/example_dags/example_sensor_decorator.py
[2025-04-28T10:54:04.952+0000] {logging_mixin.py:188} INFO - [2025-04-28T10:54:04.952+0000] {dag.py:3033} INFO - Sync 1 DAGs
[2025-04-28T10:54:04.980+0000] {logging_mixin.py:188} INFO - [2025-04-28T10:54:04.979+0000] {dag.py:3820} INFO - Setting next_dagrun for example_sensor_decorator to None, run_after=None
[2025-04-28T10:54:05.019+0000] {processor.py:183} INFO - Processing /home/airflow/.local/lib/python3.8/site-packages/airflow/example_dags/example_sensor_decorator.py took 0.121 seconds
[2025-04-28T10:54:37.270+0000] {processor.py:161} INFO - Started process (PID=1275) to work on /home/airflow/.local/lib/python3.8/site-packages/airflow/example_dags/example_sensor_decorator.py
[2025-04-28T10:54:37.271+0000] {processor.py:830} INFO - Processing file /home/airflow/.local/lib/python3.8/site-packages/airflow/example_dags/example_sensor_decorator.py for tasks to queue
[2025-04-28T10:54:37.274+0000] {logging_mixin.py:188} INFO - [2025-04-28T10:54:37.274+0000] {dagbag.py:538} INFO - Filling up the DagBag from /home/airflow/.local/lib/python3.8/site-packages/airflow/example_dags/example_sensor_decorator.py
[2025-04-28T10:54:37.285+0000] {processor.py:840} INFO - DAG(s) 'example_sensor_decorator' retrieved from /home/airflow/.local/lib/python3.8/site-packages/airflow/example_dags/example_sensor_decorator.py
[2025-04-28T10:54:37.317+0000] {logging_mixin.py:188} INFO - [2025-04-28T10:54:37.317+0000] {dag.py:3033} INFO - Sync 1 DAGs
[2025-04-28T10:54:37.338+0000] {logging_mixin.py:188} INFO - [2025-04-28T10:54:37.338+0000] {dag.py:3820} INFO - Setting next_dagrun for example_sensor_decorator to None, run_after=None
[2025-04-28T10:54:37.374+0000] {processor.py:183} INFO - Processing /home/airflow/.local/lib/python3.8/site-packages/airflow/example_dags/example_sensor_decorator.py took 0.110 seconds
[2025-04-28T10:55:10.107+0000] {processor.py:161} INFO - Started process (PID=1332) to work on /home/airflow/.local/lib/python3.8/site-packages/airflow/example_dags/example_sensor_decorator.py
[2025-04-28T10:55:10.109+0000] {processor.py:830} INFO - Processing file /home/airflow/.local/lib/python3.8/site-packages/airflow/example_dags/example_sensor_decorator.py for tasks to queue
[2025-04-28T10:55:10.113+0000] {logging_mixin.py:188} INFO - [2025-04-28T10:55:10.112+0000] {dagbag.py:538} INFO - Filling up the DagBag from /home/airflow/.local/lib/python3.8/site-packages/airflow/example_dags/example_sensor_decorator.py
[2025-04-28T10:55:10.122+0000] {processor.py:840} INFO - DAG(s) 'example_sensor_decorator' retrieved from /home/airflow/.local/lib/python3.8/site-packages/airflow/example_dags/example_sensor_decorator.py
[2025-04-28T10:55:10.158+0000] {logging_mixin.py:188} INFO - [2025-04-28T10:55:10.158+0000] {dag.py:3033} INFO - Sync 1 DAGs
[2025-04-28T10:55:10.182+0000] {logging_mixin.py:188} INFO - [2025-04-28T10:55:10.182+0000] {dag.py:3820} INFO - Setting next_dagrun for example_sensor_decorator to None, run_after=None
[2025-04-28T10:55:10.214+0000] {processor.py:183} INFO - Processing /home/airflow/.local/lib/python3.8/site-packages/airflow/example_dags/example_sensor_decorator.py took 0.111 seconds
[2025-04-28T10:55:43.562+0000] {processor.py:161} INFO - Started process (PID=1389) to work on /home/airflow/.local/lib/python3.8/site-packages/airflow/example_dags/example_sensor_decorator.py
[2025-04-28T10:55:43.563+0000] {processor.py:830} INFO - Processing file /home/airflow/.local/lib/python3.8/site-packages/airflow/example_dags/example_sensor_decorator.py for tasks to queue
[2025-04-28T10:55:43.567+0000] {logging_mixin.py:188} INFO - [2025-04-28T10:55:43.566+0000] {dagbag.py:538} INFO - Filling up the DagBag from /home/airflow/.local/lib/python3.8/site-packages/airflow/example_dags/example_sensor_decorator.py
[2025-04-28T10:55:43.575+0000] {processor.py:840} INFO - DAG(s) 'example_sensor_decorator' retrieved from /home/airflow/.local/lib/python3.8/site-packages/airflow/example_dags/example_sensor_decorator.py
[2025-04-28T10:55:43.599+0000] {logging_mixin.py:188} INFO - [2025-04-28T10:55:43.599+0000] {dag.py:3033} INFO - Sync 1 DAGs
[2025-04-28T10:55:43.615+0000] {logging_mixin.py:188} INFO - [2025-04-28T10:55:43.614+0000] {dag.py:3820} INFO - Setting next_dagrun for example_sensor_decorator to None, run_after=None
[2025-04-28T10:55:43.640+0000] {processor.py:183} INFO - Processing /home/airflow/.local/lib/python3.8/site-packages/airflow/example_dags/example_sensor_decorator.py took 0.083 seconds
[2025-04-28T10:56:17.070+0000] {processor.py:161} INFO - Started process (PID=1445) to work on /home/airflow/.local/lib/python3.8/site-packages/airflow/example_dags/example_sensor_decorator.py
[2025-04-28T10:56:17.071+0000] {processor.py:830} INFO - Processing file /home/airflow/.local/lib/python3.8/site-packages/airflow/example_dags/example_sensor_decorator.py for tasks to queue
[2025-04-28T10:56:17.074+0000] {logging_mixin.py:188} INFO - [2025-04-28T10:56:17.074+0000] {dagbag.py:538} INFO - Filling up the DagBag from /home/airflow/.local/lib/python3.8/site-packages/airflow/example_dags/example_sensor_decorator.py
[2025-04-28T10:56:17.086+0000] {processor.py:840} INFO - DAG(s) 'example_sensor_decorator' retrieved from /home/airflow/.local/lib/python3.8/site-packages/airflow/example_dags/example_sensor_decorator.py
[2025-04-28T10:56:17.121+0000] {logging_mixin.py:188} INFO - [2025-04-28T10:56:17.121+0000] {dag.py:3033} INFO - Sync 1 DAGs
[2025-04-28T10:56:17.145+0000] {logging_mixin.py:188} INFO - [2025-04-28T10:56:17.145+0000] {dag.py:3820} INFO - Setting next_dagrun for example_sensor_decorator to None, run_after=None
[2025-04-28T10:56:17.178+0000] {processor.py:183} INFO - Processing /home/airflow/.local/lib/python3.8/site-packages/airflow/example_dags/example_sensor_decorator.py took 0.114 seconds
[2025-04-28T10:56:50.067+0000] {processor.py:161} INFO - Started process (PID=1510) to work on /home/airflow/.local/lib/python3.8/site-packages/airflow/example_dags/example_sensor_decorator.py
[2025-04-28T10:56:50.069+0000] {processor.py:830} INFO - Processing file /home/airflow/.local/lib/python3.8/site-packages/airflow/example_dags/example_sensor_decorator.py for tasks to queue
[2025-04-28T10:56:50.073+0000] {logging_mixin.py:188} INFO - [2025-04-28T10:56:50.073+0000] {dagbag.py:538} INFO - Filling up the DagBag from /home/airflow/.local/lib/python3.8/site-packages/airflow/example_dags/example_sensor_decorator.py
[2025-04-28T10:56:50.083+0000] {processor.py:840} INFO - DAG(s) 'example_sensor_decorator' retrieved from /home/airflow/.local/lib/python3.8/site-packages/airflow/example_dags/example_sensor_decorator.py
[2025-04-28T10:56:50.123+0000] {logging_mixin.py:188} INFO - [2025-04-28T10:56:50.123+0000] {dag.py:3033} INFO - Sync 1 DAGs
[2025-04-28T10:56:50.147+0000] {logging_mixin.py:188} INFO - [2025-04-28T10:56:50.147+0000] {dag.py:3820} INFO - Setting next_dagrun for example_sensor_decorator to None, run_after=None
[2025-04-28T10:56:50.183+0000] {processor.py:183} INFO - Processing /home/airflow/.local/lib/python3.8/site-packages/airflow/example_dags/example_sensor_decorator.py took 0.122 seconds
[2025-04-28T10:59:50.003+0000] {processor.py:161} INFO - Started process (PID=107) to work on /home/airflow/.local/lib/python3.8/site-packages/airflow/example_dags/example_sensor_decorator.py
[2025-04-28T10:59:50.023+0000] {processor.py:830} INFO - Processing file /home/airflow/.local/lib/python3.8/site-packages/airflow/example_dags/example_sensor_decorator.py for tasks to queue
[2025-04-28T10:59:50.033+0000] {logging_mixin.py:188} INFO - [2025-04-28T10:59:50.031+0000] {dagbag.py:538} INFO - Filling up the DagBag from /home/airflow/.local/lib/python3.8/site-packages/airflow/example_dags/example_sensor_decorator.py
[2025-04-28T10:59:50.073+0000] {processor.py:840} INFO - DAG(s) 'example_sensor_decorator' retrieved from /home/airflow/.local/lib/python3.8/site-packages/airflow/example_dags/example_sensor_decorator.py
[2025-04-28T10:59:50.385+0000] {logging_mixin.py:188} INFO - [2025-04-28T10:59:50.384+0000] {dag.py:3033} INFO - Sync 1 DAGs
[2025-04-28T10:59:50.448+0000] {logging_mixin.py:188} INFO - [2025-04-28T10:59:50.448+0000] {dag.py:3820} INFO - Setting next_dagrun for example_sensor_decorator to None, run_after=None
[2025-04-28T10:59:50.547+0000] {processor.py:183} INFO - Processing /home/airflow/.local/lib/python3.8/site-packages/airflow/example_dags/example_sensor_decorator.py took 0.552 seconds
[2025-04-28T11:00:21.402+0000] {processor.py:161} INFO - Started process (PID=163) to work on /home/airflow/.local/lib/python3.8/site-packages/airflow/example_dags/example_sensor_decorator.py
[2025-04-28T11:00:21.403+0000] {processor.py:830} INFO - Processing file /home/airflow/.local/lib/python3.8/site-packages/airflow/example_dags/example_sensor_decorator.py for tasks to queue
[2025-04-28T11:00:21.408+0000] {logging_mixin.py:188} INFO - [2025-04-28T11:00:21.408+0000] {dagbag.py:538} INFO - Filling up the DagBag from /home/airflow/.local/lib/python3.8/site-packages/airflow/example_dags/example_sensor_decorator.py
[2025-04-28T11:00:21.429+0000] {processor.py:840} INFO - DAG(s) 'example_sensor_decorator' retrieved from /home/airflow/.local/lib/python3.8/site-packages/airflow/example_dags/example_sensor_decorator.py
[2025-04-28T11:00:21.512+0000] {logging_mixin.py:188} INFO - [2025-04-28T11:00:21.512+0000] {dag.py:3033} INFO - Sync 1 DAGs
[2025-04-28T11:00:21.552+0000] {logging_mixin.py:188} INFO - [2025-04-28T11:00:21.552+0000] {dag.py:3820} INFO - Setting next_dagrun for example_sensor_decorator to None, run_after=None
[2025-04-28T11:00:21.609+0000] {processor.py:183} INFO - Processing /home/airflow/.local/lib/python3.8/site-packages/airflow/example_dags/example_sensor_decorator.py took 0.214 seconds
[2025-04-28T11:00:51.739+0000] {processor.py:161} INFO - Started process (PID=213) to work on /home/airflow/.local/lib/python3.8/site-packages/airflow/example_dags/example_sensor_decorator.py
[2025-04-28T11:00:51.741+0000] {processor.py:830} INFO - Processing file /home/airflow/.local/lib/python3.8/site-packages/airflow/example_dags/example_sensor_decorator.py for tasks to queue
[2025-04-28T11:00:51.744+0000] {logging_mixin.py:188} INFO - [2025-04-28T11:00:51.744+0000] {dagbag.py:538} INFO - Filling up the DagBag from /home/airflow/.local/lib/python3.8/site-packages/airflow/example_dags/example_sensor_decorator.py
[2025-04-28T11:00:51.752+0000] {processor.py:840} INFO - DAG(s) 'example_sensor_decorator' retrieved from /home/airflow/.local/lib/python3.8/site-packages/airflow/example_dags/example_sensor_decorator.py
[2025-04-28T11:00:51.781+0000] {logging_mixin.py:188} INFO - [2025-04-28T11:00:51.781+0000] {dag.py:3033} INFO - Sync 1 DAGs
[2025-04-28T11:00:51.802+0000] {logging_mixin.py:188} INFO - [2025-04-28T11:00:51.802+0000] {dag.py:3820} INFO - Setting next_dagrun for example_sensor_decorator to None, run_after=None
[2025-04-28T11:00:51.840+0000] {processor.py:183} INFO - Processing /home/airflow/.local/lib/python3.8/site-packages/airflow/example_dags/example_sensor_decorator.py took 0.106 seconds
[2025-04-28T11:01:22.031+0000] {processor.py:161} INFO - Started process (PID=270) to work on /home/airflow/.local/lib/python3.8/site-packages/airflow/example_dags/example_sensor_decorator.py
[2025-04-28T11:01:22.032+0000] {processor.py:830} INFO - Processing file /home/airflow/.local/lib/python3.8/site-packages/airflow/example_dags/example_sensor_decorator.py for tasks to queue
[2025-04-28T11:01:22.037+0000] {logging_mixin.py:188} INFO - [2025-04-28T11:01:22.037+0000] {dagbag.py:538} INFO - Filling up the DagBag from /home/airflow/.local/lib/python3.8/site-packages/airflow/example_dags/example_sensor_decorator.py
[2025-04-28T11:01:22.048+0000] {processor.py:840} INFO - DAG(s) 'example_sensor_decorator' retrieved from /home/airflow/.local/lib/python3.8/site-packages/airflow/example_dags/example_sensor_decorator.py
[2025-04-28T11:01:22.083+0000] {logging_mixin.py:188} INFO - [2025-04-28T11:01:22.083+0000] {dag.py:3033} INFO - Sync 1 DAGs
[2025-04-28T11:01:22.105+0000] {logging_mixin.py:188} INFO - [2025-04-28T11:01:22.104+0000] {dag.py:3820} INFO - Setting next_dagrun for example_sensor_decorator to None, run_after=None
[2025-04-28T11:01:22.148+0000] {processor.py:183} INFO - Processing /home/airflow/.local/lib/python3.8/site-packages/airflow/example_dags/example_sensor_decorator.py took 0.123 seconds
[2025-04-28T11:01:52.357+0000] {processor.py:161} INFO - Started process (PID=326) to work on /home/airflow/.local/lib/python3.8/site-packages/airflow/example_dags/example_sensor_decorator.py
[2025-04-28T11:01:52.359+0000] {processor.py:830} INFO - Processing file /home/airflow/.local/lib/python3.8/site-packages/airflow/example_dags/example_sensor_decorator.py for tasks to queue
[2025-04-28T11:01:52.361+0000] {logging_mixin.py:188} INFO - [2025-04-28T11:01:52.361+0000] {dagbag.py:538} INFO - Filling up the DagBag from /home/airflow/.local/lib/python3.8/site-packages/airflow/example_dags/example_sensor_decorator.py
[2025-04-28T11:01:52.370+0000] {processor.py:840} INFO - DAG(s) 'example_sensor_decorator' retrieved from /home/airflow/.local/lib/python3.8/site-packages/airflow/example_dags/example_sensor_decorator.py
[2025-04-28T11:01:52.400+0000] {logging_mixin.py:188} INFO - [2025-04-28T11:01:52.400+0000] {dag.py:3033} INFO - Sync 1 DAGs
[2025-04-28T11:01:52.420+0000] {logging_mixin.py:188} INFO - [2025-04-28T11:01:52.420+0000] {dag.py:3820} INFO - Setting next_dagrun for example_sensor_decorator to None, run_after=None
[2025-04-28T11:01:52.451+0000] {processor.py:183} INFO - Processing /home/airflow/.local/lib/python3.8/site-packages/airflow/example_dags/example_sensor_decorator.py took 0.100 seconds
[2025-04-28T11:02:23.164+0000] {processor.py:161} INFO - Started process (PID=382) to work on /home/airflow/.local/lib/python3.8/site-packages/airflow/example_dags/example_sensor_decorator.py
[2025-04-28T11:02:23.166+0000] {processor.py:830} INFO - Processing file /home/airflow/.local/lib/python3.8/site-packages/airflow/example_dags/example_sensor_decorator.py for tasks to queue
[2025-04-28T11:02:23.172+0000] {logging_mixin.py:188} INFO - [2025-04-28T11:02:23.171+0000] {dagbag.py:538} INFO - Filling up the DagBag from /home/airflow/.local/lib/python3.8/site-packages/airflow/example_dags/example_sensor_decorator.py
[2025-04-28T11:02:23.184+0000] {processor.py:840} INFO - DAG(s) 'example_sensor_decorator' retrieved from /home/airflow/.local/lib/python3.8/site-packages/airflow/example_dags/example_sensor_decorator.py
[2025-04-28T11:02:23.226+0000] {logging_mixin.py:188} INFO - [2025-04-28T11:02:23.226+0000] {dag.py:3033} INFO - Sync 1 DAGs
[2025-04-28T11:02:23.250+0000] {logging_mixin.py:188} INFO - [2025-04-28T11:02:23.250+0000] {dag.py:3820} INFO - Setting next_dagrun for example_sensor_decorator to None, run_after=None
[2025-04-28T11:02:23.284+0000] {processor.py:183} INFO - Processing /home/airflow/.local/lib/python3.8/site-packages/airflow/example_dags/example_sensor_decorator.py took 0.128 seconds
[2025-04-28T11:02:53.372+0000] {processor.py:161} INFO - Started process (PID=438) to work on /home/airflow/.local/lib/python3.8/site-packages/airflow/example_dags/example_sensor_decorator.py
[2025-04-28T11:02:53.374+0000] {processor.py:830} INFO - Processing file /home/airflow/.local/lib/python3.8/site-packages/airflow/example_dags/example_sensor_decorator.py for tasks to queue
[2025-04-28T11:02:53.377+0000] {logging_mixin.py:188} INFO - [2025-04-28T11:02:53.377+0000] {dagbag.py:538} INFO - Filling up the DagBag from /home/airflow/.local/lib/python3.8/site-packages/airflow/example_dags/example_sensor_decorator.py
[2025-04-28T11:02:53.385+0000] {processor.py:840} INFO - DAG(s) 'example_sensor_decorator' retrieved from /home/airflow/.local/lib/python3.8/site-packages/airflow/example_dags/example_sensor_decorator.py
[2025-04-28T11:02:53.420+0000] {logging_mixin.py:188} INFO - [2025-04-28T11:02:53.420+0000] {dag.py:3033} INFO - Sync 1 DAGs
[2025-04-28T11:02:53.441+0000] {logging_mixin.py:188} INFO - [2025-04-28T11:02:53.441+0000] {dag.py:3820} INFO - Setting next_dagrun for example_sensor_decorator to None, run_after=None
[2025-04-28T11:02:53.472+0000] {processor.py:183} INFO - Processing /home/airflow/.local/lib/python3.8/site-packages/airflow/example_dags/example_sensor_decorator.py took 0.104 seconds
[2025-04-28T11:03:23.611+0000] {processor.py:161} INFO - Started process (PID=494) to work on /home/airflow/.local/lib/python3.8/site-packages/airflow/example_dags/example_sensor_decorator.py
[2025-04-28T11:03:23.613+0000] {processor.py:830} INFO - Processing file /home/airflow/.local/lib/python3.8/site-packages/airflow/example_dags/example_sensor_decorator.py for tasks to queue
[2025-04-28T11:03:23.617+0000] {logging_mixin.py:188} INFO - [2025-04-28T11:03:23.617+0000] {dagbag.py:538} INFO - Filling up the DagBag from /home/airflow/.local/lib/python3.8/site-packages/airflow/example_dags/example_sensor_decorator.py
[2025-04-28T11:03:23.629+0000] {processor.py:840} INFO - DAG(s) 'example_sensor_decorator' retrieved from /home/airflow/.local/lib/python3.8/site-packages/airflow/example_dags/example_sensor_decorator.py
[2025-04-28T11:03:23.660+0000] {logging_mixin.py:188} INFO - [2025-04-28T11:03:23.660+0000] {dag.py:3033} INFO - Sync 1 DAGs
[2025-04-28T11:03:23.685+0000] {logging_mixin.py:188} INFO - [2025-04-28T11:03:23.685+0000] {dag.py:3820} INFO - Setting next_dagrun for example_sensor_decorator to None, run_after=None
[2025-04-28T11:03:23.731+0000] {processor.py:183} INFO - Processing /home/airflow/.local/lib/python3.8/site-packages/airflow/example_dags/example_sensor_decorator.py took 0.126 seconds
[2025-04-28T11:03:56.385+0000] {processor.py:161} INFO - Started process (PID=550) to work on /home/airflow/.local/lib/python3.8/site-packages/airflow/example_dags/example_sensor_decorator.py
[2025-04-28T11:03:56.386+0000] {processor.py:830} INFO - Processing file /home/airflow/.local/lib/python3.8/site-packages/airflow/example_dags/example_sensor_decorator.py for tasks to queue
[2025-04-28T11:03:56.390+0000] {logging_mixin.py:188} INFO - [2025-04-28T11:03:56.390+0000] {dagbag.py:538} INFO - Filling up the DagBag from /home/airflow/.local/lib/python3.8/site-packages/airflow/example_dags/example_sensor_decorator.py
[2025-04-28T11:03:56.402+0000] {processor.py:840} INFO - DAG(s) 'example_sensor_decorator' retrieved from /home/airflow/.local/lib/python3.8/site-packages/airflow/example_dags/example_sensor_decorator.py
[2025-04-28T11:03:56.444+0000] {logging_mixin.py:188} INFO - [2025-04-28T11:03:56.444+0000] {dag.py:3033} INFO - Sync 1 DAGs
[2025-04-28T11:03:56.465+0000] {logging_mixin.py:188} INFO - [2025-04-28T11:03:56.465+0000] {dag.py:3820} INFO - Setting next_dagrun for example_sensor_decorator to None, run_after=None
[2025-04-28T11:03:56.503+0000] {processor.py:183} INFO - Processing /home/airflow/.local/lib/python3.8/site-packages/airflow/example_dags/example_sensor_decorator.py took 0.126 seconds
[2025-04-28T11:04:29.904+0000] {processor.py:161} INFO - Started process (PID=606) to work on /home/airflow/.local/lib/python3.8/site-packages/airflow/example_dags/example_sensor_decorator.py
[2025-04-28T11:04:29.905+0000] {processor.py:830} INFO - Processing file /home/airflow/.local/lib/python3.8/site-packages/airflow/example_dags/example_sensor_decorator.py for tasks to queue
[2025-04-28T11:04:29.910+0000] {logging_mixin.py:188} INFO - [2025-04-28T11:04:29.909+0000] {dagbag.py:538} INFO - Filling up the DagBag from /home/airflow/.local/lib/python3.8/site-packages/airflow/example_dags/example_sensor_decorator.py
[2025-04-28T11:04:29.923+0000] {processor.py:840} INFO - DAG(s) 'example_sensor_decorator' retrieved from /home/airflow/.local/lib/python3.8/site-packages/airflow/example_dags/example_sensor_decorator.py
[2025-04-28T11:04:29.955+0000] {logging_mixin.py:188} INFO - [2025-04-28T11:04:29.955+0000] {dag.py:3033} INFO - Sync 1 DAGs
[2025-04-28T11:04:29.980+0000] {logging_mixin.py:188} INFO - [2025-04-28T11:04:29.979+0000] {dag.py:3820} INFO - Setting next_dagrun for example_sensor_decorator to None, run_after=None
[2025-04-28T11:04:30.024+0000] {processor.py:183} INFO - Processing /home/airflow/.local/lib/python3.8/site-packages/airflow/example_dags/example_sensor_decorator.py took 0.126 seconds
[2025-04-28T11:05:00.686+0000] {processor.py:161} INFO - Started process (PID=662) to work on /home/airflow/.local/lib/python3.8/site-packages/airflow/example_dags/example_sensor_decorator.py
[2025-04-28T11:05:00.688+0000] {processor.py:830} INFO - Processing file /home/airflow/.local/lib/python3.8/site-packages/airflow/example_dags/example_sensor_decorator.py for tasks to queue
[2025-04-28T11:05:00.690+0000] {logging_mixin.py:188} INFO - [2025-04-28T11:05:00.690+0000] {dagbag.py:538} INFO - Filling up the DagBag from /home/airflow/.local/lib/python3.8/site-packages/airflow/example_dags/example_sensor_decorator.py
[2025-04-28T11:05:00.699+0000] {processor.py:840} INFO - DAG(s) 'example_sensor_decorator' retrieved from /home/airflow/.local/lib/python3.8/site-packages/airflow/example_dags/example_sensor_decorator.py
[2025-04-28T11:05:00.744+0000] {logging_mixin.py:188} INFO - [2025-04-28T11:05:00.744+0000] {dag.py:3033} INFO - Sync 1 DAGs
[2025-04-28T11:05:00.766+0000] {logging_mixin.py:188} INFO - [2025-04-28T11:05:00.766+0000] {dag.py:3820} INFO - Setting next_dagrun for example_sensor_decorator to None, run_after=None
[2025-04-28T11:05:00.811+0000] {processor.py:183} INFO - Processing /home/airflow/.local/lib/python3.8/site-packages/airflow/example_dags/example_sensor_decorator.py took 0.130 seconds
[2025-04-28T11:05:32.192+0000] {processor.py:161} INFO - Started process (PID=719) to work on /home/airflow/.local/lib/python3.8/site-packages/airflow/example_dags/example_sensor_decorator.py
[2025-04-28T11:05:32.193+0000] {processor.py:830} INFO - Processing file /home/airflow/.local/lib/python3.8/site-packages/airflow/example_dags/example_sensor_decorator.py for tasks to queue
[2025-04-28T11:05:32.199+0000] {logging_mixin.py:188} INFO - [2025-04-28T11:05:32.198+0000] {dagbag.py:538} INFO - Filling up the DagBag from /home/airflow/.local/lib/python3.8/site-packages/airflow/example_dags/example_sensor_decorator.py
[2025-04-28T11:05:32.208+0000] {processor.py:840} INFO - DAG(s) 'example_sensor_decorator' retrieved from /home/airflow/.local/lib/python3.8/site-packages/airflow/example_dags/example_sensor_decorator.py
[2025-04-28T11:05:32.244+0000] {logging_mixin.py:188} INFO - [2025-04-28T11:05:32.244+0000] {dag.py:3033} INFO - Sync 1 DAGs
[2025-04-28T11:05:32.270+0000] {logging_mixin.py:188} INFO - [2025-04-28T11:05:32.269+0000] {dag.py:3820} INFO - Setting next_dagrun for example_sensor_decorator to None, run_after=None
[2025-04-28T11:05:32.312+0000] {processor.py:183} INFO - Processing /home/airflow/.local/lib/python3.8/site-packages/airflow/example_dags/example_sensor_decorator.py took 0.125 seconds
[2025-04-28T11:06:05.737+0000] {processor.py:161} INFO - Started process (PID=775) to work on /home/airflow/.local/lib/python3.8/site-packages/airflow/example_dags/example_sensor_decorator.py
[2025-04-28T11:06:05.741+0000] {processor.py:830} INFO - Processing file /home/airflow/.local/lib/python3.8/site-packages/airflow/example_dags/example_sensor_decorator.py for tasks to queue
[2025-04-28T11:06:05.744+0000] {logging_mixin.py:188} INFO - [2025-04-28T11:06:05.744+0000] {dagbag.py:538} INFO - Filling up the DagBag from /home/airflow/.local/lib/python3.8/site-packages/airflow/example_dags/example_sensor_decorator.py
[2025-04-28T11:06:05.752+0000] {processor.py:840} INFO - DAG(s) 'example_sensor_decorator' retrieved from /home/airflow/.local/lib/python3.8/site-packages/airflow/example_dags/example_sensor_decorator.py
[2025-04-28T11:06:05.800+0000] {logging_mixin.py:188} INFO - [2025-04-28T11:06:05.799+0000] {dag.py:3033} INFO - Sync 1 DAGs
[2025-04-28T11:06:05.848+0000] {logging_mixin.py:188} INFO - [2025-04-28T11:06:05.848+0000] {dag.py:3820} INFO - Setting next_dagrun for example_sensor_decorator to None, run_after=None
[2025-04-28T11:06:05.956+0000] {processor.py:183} INFO - Processing /home/airflow/.local/lib/python3.8/site-packages/airflow/example_dags/example_sensor_decorator.py took 0.223 seconds
[2025-04-28T11:06:38.385+0000] {processor.py:161} INFO - Started process (PID=831) to work on /home/airflow/.local/lib/python3.8/site-packages/airflow/example_dags/example_sensor_decorator.py
[2025-04-28T11:06:38.386+0000] {processor.py:830} INFO - Processing file /home/airflow/.local/lib/python3.8/site-packages/airflow/example_dags/example_sensor_decorator.py for tasks to queue
[2025-04-28T11:06:38.389+0000] {logging_mixin.py:188} INFO - [2025-04-28T11:06:38.389+0000] {dagbag.py:538} INFO - Filling up the DagBag from /home/airflow/.local/lib/python3.8/site-packages/airflow/example_dags/example_sensor_decorator.py
[2025-04-28T11:06:38.397+0000] {processor.py:840} INFO - DAG(s) 'example_sensor_decorator' retrieved from /home/airflow/.local/lib/python3.8/site-packages/airflow/example_dags/example_sensor_decorator.py
[2025-04-28T11:06:38.422+0000] {logging_mixin.py:188} INFO - [2025-04-28T11:06:38.422+0000] {dag.py:3033} INFO - Sync 1 DAGs
[2025-04-28T11:06:38.444+0000] {logging_mixin.py:188} INFO - [2025-04-28T11:06:38.444+0000] {dag.py:3820} INFO - Setting next_dagrun for example_sensor_decorator to None, run_after=None
[2025-04-28T11:06:38.485+0000] {processor.py:183} INFO - Processing /home/airflow/.local/lib/python3.8/site-packages/airflow/example_dags/example_sensor_decorator.py took 0.104 seconds
[2025-04-28T11:07:13.043+0000] {processor.py:161} INFO - Started process (PID=886) to work on /home/airflow/.local/lib/python3.8/site-packages/airflow/example_dags/example_sensor_decorator.py
[2025-04-28T11:07:13.045+0000] {processor.py:830} INFO - Processing file /home/airflow/.local/lib/python3.8/site-packages/airflow/example_dags/example_sensor_decorator.py for tasks to queue
[2025-04-28T11:07:13.049+0000] {logging_mixin.py:188} INFO - [2025-04-28T11:07:13.049+0000] {dagbag.py:538} INFO - Filling up the DagBag from /home/airflow/.local/lib/python3.8/site-packages/airflow/example_dags/example_sensor_decorator.py
[2025-04-28T11:07:13.061+0000] {processor.py:840} INFO - DAG(s) 'example_sensor_decorator' retrieved from /home/airflow/.local/lib/python3.8/site-packages/airflow/example_dags/example_sensor_decorator.py
[2025-04-28T11:07:13.097+0000] {logging_mixin.py:188} INFO - [2025-04-28T11:07:13.097+0000] {dag.py:3033} INFO - Sync 1 DAGs
[2025-04-28T11:07:13.122+0000] {logging_mixin.py:188} INFO - [2025-04-28T11:07:13.122+0000] {dag.py:3820} INFO - Setting next_dagrun for example_sensor_decorator to None, run_after=None
[2025-04-28T11:07:13.165+0000] {processor.py:183} INFO - Processing /home/airflow/.local/lib/python3.8/site-packages/airflow/example_dags/example_sensor_decorator.py took 0.131 seconds
[2025-04-28T11:07:43.252+0000] {processor.py:161} INFO - Started process (PID=943) to work on /home/airflow/.local/lib/python3.8/site-packages/airflow/example_dags/example_sensor_decorator.py
[2025-04-28T11:07:43.253+0000] {processor.py:830} INFO - Processing file /home/airflow/.local/lib/python3.8/site-packages/airflow/example_dags/example_sensor_decorator.py for tasks to queue
[2025-04-28T11:07:43.256+0000] {logging_mixin.py:188} INFO - [2025-04-28T11:07:43.256+0000] {dagbag.py:538} INFO - Filling up the DagBag from /home/airflow/.local/lib/python3.8/site-packages/airflow/example_dags/example_sensor_decorator.py
[2025-04-28T11:07:43.265+0000] {processor.py:840} INFO - DAG(s) 'example_sensor_decorator' retrieved from /home/airflow/.local/lib/python3.8/site-packages/airflow/example_dags/example_sensor_decorator.py
[2025-04-28T11:07:43.296+0000] {logging_mixin.py:188} INFO - [2025-04-28T11:07:43.296+0000] {dag.py:3033} INFO - Sync 1 DAGs
[2025-04-28T11:07:43.317+0000] {logging_mixin.py:188} INFO - [2025-04-28T11:07:43.317+0000] {dag.py:3820} INFO - Setting next_dagrun for example_sensor_decorator to None, run_after=None
[2025-04-28T11:07:43.350+0000] {processor.py:183} INFO - Processing /home/airflow/.local/lib/python3.8/site-packages/airflow/example_dags/example_sensor_decorator.py took 0.102 seconds
[2025-04-28T11:08:17.197+0000] {processor.py:161} INFO - Started process (PID=1001) to work on /home/airflow/.local/lib/python3.8/site-packages/airflow/example_dags/example_sensor_decorator.py
[2025-04-28T11:08:17.199+0000] {processor.py:830} INFO - Processing file /home/airflow/.local/lib/python3.8/site-packages/airflow/example_dags/example_sensor_decorator.py for tasks to queue
[2025-04-28T11:08:17.202+0000] {logging_mixin.py:188} INFO - [2025-04-28T11:08:17.201+0000] {dagbag.py:538} INFO - Filling up the DagBag from /home/airflow/.local/lib/python3.8/site-packages/airflow/example_dags/example_sensor_decorator.py
[2025-04-28T11:08:17.216+0000] {processor.py:840} INFO - DAG(s) 'example_sensor_decorator' retrieved from /home/airflow/.local/lib/python3.8/site-packages/airflow/example_dags/example_sensor_decorator.py
[2025-04-28T11:08:17.261+0000] {logging_mixin.py:188} INFO - [2025-04-28T11:08:17.261+0000] {dag.py:3033} INFO - Sync 1 DAGs
[2025-04-28T11:08:17.285+0000] {logging_mixin.py:188} INFO - [2025-04-28T11:08:17.285+0000] {dag.py:3820} INFO - Setting next_dagrun for example_sensor_decorator to None, run_after=None
[2025-04-28T11:08:17.324+0000] {processor.py:183} INFO - Processing /home/airflow/.local/lib/python3.8/site-packages/airflow/example_dags/example_sensor_decorator.py took 0.135 seconds
[2025-04-28T11:08:50.070+0000] {processor.py:161} INFO - Started process (PID=1059) to work on /home/airflow/.local/lib/python3.8/site-packages/airflow/example_dags/example_sensor_decorator.py
[2025-04-28T11:08:50.073+0000] {processor.py:830} INFO - Processing file /home/airflow/.local/lib/python3.8/site-packages/airflow/example_dags/example_sensor_decorator.py for tasks to queue
[2025-04-28T11:08:50.078+0000] {logging_mixin.py:188} INFO - [2025-04-28T11:08:50.077+0000] {dagbag.py:538} INFO - Filling up the DagBag from /home/airflow/.local/lib/python3.8/site-packages/airflow/example_dags/example_sensor_decorator.py
[2025-04-28T11:08:50.099+0000] {processor.py:840} INFO - DAG(s) 'example_sensor_decorator' retrieved from /home/airflow/.local/lib/python3.8/site-packages/airflow/example_dags/example_sensor_decorator.py
[2025-04-28T11:08:50.148+0000] {logging_mixin.py:188} INFO - [2025-04-28T11:08:50.148+0000] {dag.py:3033} INFO - Sync 1 DAGs
[2025-04-28T11:08:50.178+0000] {logging_mixin.py:188} INFO - [2025-04-28T11:08:50.178+0000] {dag.py:3820} INFO - Setting next_dagrun for example_sensor_decorator to None, run_after=None
[2025-04-28T11:08:50.215+0000] {processor.py:183} INFO - Processing /home/airflow/.local/lib/python3.8/site-packages/airflow/example_dags/example_sensor_decorator.py took 0.152 seconds
[2025-04-28T11:09:24.577+0000] {processor.py:161} INFO - Started process (PID=1116) to work on /home/airflow/.local/lib/python3.8/site-packages/airflow/example_dags/example_sensor_decorator.py
[2025-04-28T11:09:24.579+0000] {processor.py:830} INFO - Processing file /home/airflow/.local/lib/python3.8/site-packages/airflow/example_dags/example_sensor_decorator.py for tasks to queue
[2025-04-28T11:09:24.590+0000] {logging_mixin.py:188} INFO - [2025-04-28T11:09:24.586+0000] {dagbag.py:538} INFO - Filling up the DagBag from /home/airflow/.local/lib/python3.8/site-packages/airflow/example_dags/example_sensor_decorator.py
[2025-04-28T11:09:24.611+0000] {processor.py:840} INFO - DAG(s) 'example_sensor_decorator' retrieved from /home/airflow/.local/lib/python3.8/site-packages/airflow/example_dags/example_sensor_decorator.py
[2025-04-28T11:09:24.670+0000] {logging_mixin.py:188} INFO - [2025-04-28T11:09:24.669+0000] {dag.py:3033} INFO - Sync 1 DAGs
[2025-04-28T11:09:24.699+0000] {logging_mixin.py:188} INFO - [2025-04-28T11:09:24.698+0000] {dag.py:3820} INFO - Setting next_dagrun for example_sensor_decorator to None, run_after=None
[2025-04-28T11:09:24.741+0000] {processor.py:183} INFO - Processing /home/airflow/.local/lib/python3.8/site-packages/airflow/example_dags/example_sensor_decorator.py took 0.171 seconds
[2025-04-28T11:10:01.615+0000] {processor.py:161} INFO - Started process (PID=1187) to work on /home/airflow/.local/lib/python3.8/site-packages/airflow/example_dags/example_sensor_decorator.py
[2025-04-28T11:10:01.620+0000] {processor.py:830} INFO - Processing file /home/airflow/.local/lib/python3.8/site-packages/airflow/example_dags/example_sensor_decorator.py for tasks to queue
[2025-04-28T11:10:01.635+0000] {logging_mixin.py:188} INFO - [2025-04-28T11:10:01.634+0000] {dagbag.py:538} INFO - Filling up the DagBag from /home/airflow/.local/lib/python3.8/site-packages/airflow/example_dags/example_sensor_decorator.py
[2025-04-28T11:10:01.663+0000] {processor.py:840} INFO - DAG(s) 'example_sensor_decorator' retrieved from /home/airflow/.local/lib/python3.8/site-packages/airflow/example_dags/example_sensor_decorator.py
[2025-04-28T11:10:01.820+0000] {logging_mixin.py:188} INFO - [2025-04-28T11:10:01.820+0000] {dag.py:3033} INFO - Sync 1 DAGs
[2025-04-28T11:10:01.879+0000] {logging_mixin.py:188} INFO - [2025-04-28T11:10:01.879+0000] {dag.py:3820} INFO - Setting next_dagrun for example_sensor_decorator to None, run_after=None
[2025-04-28T11:10:02.073+0000] {processor.py:183} INFO - Processing /home/airflow/.local/lib/python3.8/site-packages/airflow/example_dags/example_sensor_decorator.py took 0.480 seconds
[2025-04-28T11:10:32.301+0000] {processor.py:161} INFO - Started process (PID=1243) to work on /home/airflow/.local/lib/python3.8/site-packages/airflow/example_dags/example_sensor_decorator.py
[2025-04-28T11:10:32.303+0000] {processor.py:830} INFO - Processing file /home/airflow/.local/lib/python3.8/site-packages/airflow/example_dags/example_sensor_decorator.py for tasks to queue
[2025-04-28T11:10:32.312+0000] {logging_mixin.py:188} INFO - [2025-04-28T11:10:32.311+0000] {dagbag.py:538} INFO - Filling up the DagBag from /home/airflow/.local/lib/python3.8/site-packages/airflow/example_dags/example_sensor_decorator.py
[2025-04-28T11:10:32.330+0000] {processor.py:840} INFO - DAG(s) 'example_sensor_decorator' retrieved from /home/airflow/.local/lib/python3.8/site-packages/airflow/example_dags/example_sensor_decorator.py
[2025-04-28T11:10:32.386+0000] {logging_mixin.py:188} INFO - [2025-04-28T11:10:32.385+0000] {dag.py:3033} INFO - Sync 1 DAGs
[2025-04-28T11:10:32.412+0000] {logging_mixin.py:188} INFO - [2025-04-28T11:10:32.411+0000] {dag.py:3820} INFO - Setting next_dagrun for example_sensor_decorator to None, run_after=None
[2025-04-28T11:10:32.451+0000] {processor.py:183} INFO - Processing /home/airflow/.local/lib/python3.8/site-packages/airflow/example_dags/example_sensor_decorator.py took 0.164 seconds
[2025-04-28T11:11:02.710+0000] {processor.py:161} INFO - Started process (PID=1300) to work on /home/airflow/.local/lib/python3.8/site-packages/airflow/example_dags/example_sensor_decorator.py
[2025-04-28T11:11:02.712+0000] {processor.py:830} INFO - Processing file /home/airflow/.local/lib/python3.8/site-packages/airflow/example_dags/example_sensor_decorator.py for tasks to queue
[2025-04-28T11:11:02.715+0000] {logging_mixin.py:188} INFO - [2025-04-28T11:11:02.714+0000] {dagbag.py:538} INFO - Filling up the DagBag from /home/airflow/.local/lib/python3.8/site-packages/airflow/example_dags/example_sensor_decorator.py
[2025-04-28T11:11:02.724+0000] {processor.py:840} INFO - DAG(s) 'example_sensor_decorator' retrieved from /home/airflow/.local/lib/python3.8/site-packages/airflow/example_dags/example_sensor_decorator.py
[2025-04-28T11:11:02.766+0000] {logging_mixin.py:188} INFO - [2025-04-28T11:11:02.766+0000] {dag.py:3033} INFO - Sync 1 DAGs
[2025-04-28T11:11:02.791+0000] {logging_mixin.py:188} INFO - [2025-04-28T11:11:02.790+0000] {dag.py:3820} INFO - Setting next_dagrun for example_sensor_decorator to None, run_after=None
[2025-04-28T11:11:02.824+0000] {processor.py:183} INFO - Processing /home/airflow/.local/lib/python3.8/site-packages/airflow/example_dags/example_sensor_decorator.py took 0.120 seconds
[2025-04-28T11:11:33.191+0000] {processor.py:161} INFO - Started process (PID=1357) to work on /home/airflow/.local/lib/python3.8/site-packages/airflow/example_dags/example_sensor_decorator.py
[2025-04-28T11:11:33.192+0000] {processor.py:830} INFO - Processing file /home/airflow/.local/lib/python3.8/site-packages/airflow/example_dags/example_sensor_decorator.py for tasks to queue
[2025-04-28T11:11:33.196+0000] {logging_mixin.py:188} INFO - [2025-04-28T11:11:33.195+0000] {dagbag.py:538} INFO - Filling up the DagBag from /home/airflow/.local/lib/python3.8/site-packages/airflow/example_dags/example_sensor_decorator.py
[2025-04-28T11:11:33.207+0000] {processor.py:840} INFO - DAG(s) 'example_sensor_decorator' retrieved from /home/airflow/.local/lib/python3.8/site-packages/airflow/example_dags/example_sensor_decorator.py
[2025-04-28T11:11:33.237+0000] {logging_mixin.py:188} INFO - [2025-04-28T11:11:33.237+0000] {dag.py:3033} INFO - Sync 1 DAGs
[2025-04-28T11:11:33.257+0000] {logging_mixin.py:188} INFO - [2025-04-28T11:11:33.257+0000] {dag.py:3820} INFO - Setting next_dagrun for example_sensor_decorator to None, run_after=None
[2025-04-28T11:11:33.289+0000] {processor.py:183} INFO - Processing /home/airflow/.local/lib/python3.8/site-packages/airflow/example_dags/example_sensor_decorator.py took 0.106 seconds
[2025-04-28T11:12:05.728+0000] {processor.py:161} INFO - Started process (PID=1414) to work on /home/airflow/.local/lib/python3.8/site-packages/airflow/example_dags/example_sensor_decorator.py
[2025-04-28T11:12:05.729+0000] {processor.py:830} INFO - Processing file /home/airflow/.local/lib/python3.8/site-packages/airflow/example_dags/example_sensor_decorator.py for tasks to queue
[2025-04-28T11:12:05.732+0000] {logging_mixin.py:188} INFO - [2025-04-28T11:12:05.732+0000] {dagbag.py:538} INFO - Filling up the DagBag from /home/airflow/.local/lib/python3.8/site-packages/airflow/example_dags/example_sensor_decorator.py
[2025-04-28T11:12:05.746+0000] {processor.py:840} INFO - DAG(s) 'example_sensor_decorator' retrieved from /home/airflow/.local/lib/python3.8/site-packages/airflow/example_dags/example_sensor_decorator.py
[2025-04-28T11:12:05.787+0000] {logging_mixin.py:188} INFO - [2025-04-28T11:12:05.787+0000] {dag.py:3033} INFO - Sync 1 DAGs
[2025-04-28T11:12:05.825+0000] {logging_mixin.py:188} INFO - [2025-04-28T11:12:05.825+0000] {dag.py:3820} INFO - Setting next_dagrun for example_sensor_decorator to None, run_after=None
[2025-04-28T11:12:05.890+0000] {processor.py:183} INFO - Processing /home/airflow/.local/lib/python3.8/site-packages/airflow/example_dags/example_sensor_decorator.py took 0.168 seconds
[2025-04-28T11:12:38.476+0000] {processor.py:161} INFO - Started process (PID=1471) to work on /home/airflow/.local/lib/python3.8/site-packages/airflow/example_dags/example_sensor_decorator.py
[2025-04-28T11:12:38.477+0000] {processor.py:830} INFO - Processing file /home/airflow/.local/lib/python3.8/site-packages/airflow/example_dags/example_sensor_decorator.py for tasks to queue
[2025-04-28T11:12:38.483+0000] {logging_mixin.py:188} INFO - [2025-04-28T11:12:38.483+0000] {dagbag.py:538} INFO - Filling up the DagBag from /home/airflow/.local/lib/python3.8/site-packages/airflow/example_dags/example_sensor_decorator.py
[2025-04-28T11:12:38.494+0000] {processor.py:840} INFO - DAG(s) 'example_sensor_decorator' retrieved from /home/airflow/.local/lib/python3.8/site-packages/airflow/example_dags/example_sensor_decorator.py
[2025-04-28T11:12:38.533+0000] {logging_mixin.py:188} INFO - [2025-04-28T11:12:38.532+0000] {dag.py:3033} INFO - Sync 1 DAGs
[2025-04-28T11:12:38.604+0000] {logging_mixin.py:188} INFO - [2025-04-28T11:12:38.604+0000] {dag.py:3820} INFO - Setting next_dagrun for example_sensor_decorator to None, run_after=None
[2025-04-28T11:12:38.656+0000] {processor.py:183} INFO - Processing /home/airflow/.local/lib/python3.8/site-packages/airflow/example_dags/example_sensor_decorator.py took 0.185 seconds
[2025-04-28T11:13:12.050+0000] {processor.py:161} INFO - Started process (PID=1528) to work on /home/airflow/.local/lib/python3.8/site-packages/airflow/example_dags/example_sensor_decorator.py
[2025-04-28T11:13:12.052+0000] {processor.py:830} INFO - Processing file /home/airflow/.local/lib/python3.8/site-packages/airflow/example_dags/example_sensor_decorator.py for tasks to queue
[2025-04-28T11:13:12.055+0000] {logging_mixin.py:188} INFO - [2025-04-28T11:13:12.055+0000] {dagbag.py:538} INFO - Filling up the DagBag from /home/airflow/.local/lib/python3.8/site-packages/airflow/example_dags/example_sensor_decorator.py
[2025-04-28T11:13:12.064+0000] {processor.py:840} INFO - DAG(s) 'example_sensor_decorator' retrieved from /home/airflow/.local/lib/python3.8/site-packages/airflow/example_dags/example_sensor_decorator.py
[2025-04-28T11:13:12.105+0000] {logging_mixin.py:188} INFO - [2025-04-28T11:13:12.105+0000] {dag.py:3033} INFO - Sync 1 DAGs
[2025-04-28T11:13:12.136+0000] {logging_mixin.py:188} INFO - [2025-04-28T11:13:12.135+0000] {dag.py:3820} INFO - Setting next_dagrun for example_sensor_decorator to None, run_after=None
[2025-04-28T11:13:12.173+0000] {processor.py:183} INFO - Processing /home/airflow/.local/lib/python3.8/site-packages/airflow/example_dags/example_sensor_decorator.py took 0.129 seconds
[2025-04-28T11:13:43.716+0000] {processor.py:161} INFO - Started process (PID=1589) to work on /home/airflow/.local/lib/python3.8/site-packages/airflow/example_dags/example_sensor_decorator.py
[2025-04-28T11:13:43.717+0000] {processor.py:830} INFO - Processing file /home/airflow/.local/lib/python3.8/site-packages/airflow/example_dags/example_sensor_decorator.py for tasks to queue
[2025-04-28T11:13:43.721+0000] {logging_mixin.py:188} INFO - [2025-04-28T11:13:43.721+0000] {dagbag.py:538} INFO - Filling up the DagBag from /home/airflow/.local/lib/python3.8/site-packages/airflow/example_dags/example_sensor_decorator.py
[2025-04-28T11:13:43.728+0000] {processor.py:840} INFO - DAG(s) 'example_sensor_decorator' retrieved from /home/airflow/.local/lib/python3.8/site-packages/airflow/example_dags/example_sensor_decorator.py
[2025-04-28T11:13:43.756+0000] {logging_mixin.py:188} INFO - [2025-04-28T11:13:43.756+0000] {dag.py:3033} INFO - Sync 1 DAGs
[2025-04-28T11:13:43.774+0000] {logging_mixin.py:188} INFO - [2025-04-28T11:13:43.773+0000] {dag.py:3820} INFO - Setting next_dagrun for example_sensor_decorator to None, run_after=None
[2025-04-28T11:13:43.804+0000] {processor.py:183} INFO - Processing /home/airflow/.local/lib/python3.8/site-packages/airflow/example_dags/example_sensor_decorator.py took 0.092 seconds
[2025-04-28T11:14:17.321+0000] {processor.py:161} INFO - Started process (PID=1651) to work on /home/airflow/.local/lib/python3.8/site-packages/airflow/example_dags/example_sensor_decorator.py
[2025-04-28T11:14:17.323+0000] {processor.py:830} INFO - Processing file /home/airflow/.local/lib/python3.8/site-packages/airflow/example_dags/example_sensor_decorator.py for tasks to queue
[2025-04-28T11:14:17.326+0000] {logging_mixin.py:188} INFO - [2025-04-28T11:14:17.326+0000] {dagbag.py:538} INFO - Filling up the DagBag from /home/airflow/.local/lib/python3.8/site-packages/airflow/example_dags/example_sensor_decorator.py
[2025-04-28T11:14:17.335+0000] {processor.py:840} INFO - DAG(s) 'example_sensor_decorator' retrieved from /home/airflow/.local/lib/python3.8/site-packages/airflow/example_dags/example_sensor_decorator.py
[2025-04-28T11:14:17.367+0000] {logging_mixin.py:188} INFO - [2025-04-28T11:14:17.366+0000] {dag.py:3033} INFO - Sync 1 DAGs
[2025-04-28T11:14:17.389+0000] {logging_mixin.py:188} INFO - [2025-04-28T11:14:17.389+0000] {dag.py:3820} INFO - Setting next_dagrun for example_sensor_decorator to None, run_after=None
[2025-04-28T11:14:17.430+0000] {processor.py:183} INFO - Processing /home/airflow/.local/lib/python3.8/site-packages/airflow/example_dags/example_sensor_decorator.py took 0.114 seconds
[2025-04-28T11:14:50.387+0000] {processor.py:161} INFO - Started process (PID=1715) to work on /home/airflow/.local/lib/python3.8/site-packages/airflow/example_dags/example_sensor_decorator.py
[2025-04-28T11:14:50.388+0000] {processor.py:830} INFO - Processing file /home/airflow/.local/lib/python3.8/site-packages/airflow/example_dags/example_sensor_decorator.py for tasks to queue
[2025-04-28T11:14:50.391+0000] {logging_mixin.py:188} INFO - [2025-04-28T11:14:50.391+0000] {dagbag.py:538} INFO - Filling up the DagBag from /home/airflow/.local/lib/python3.8/site-packages/airflow/example_dags/example_sensor_decorator.py
[2025-04-28T11:14:50.399+0000] {processor.py:840} INFO - DAG(s) 'example_sensor_decorator' retrieved from /home/airflow/.local/lib/python3.8/site-packages/airflow/example_dags/example_sensor_decorator.py
[2025-04-28T11:14:50.431+0000] {logging_mixin.py:188} INFO - [2025-04-28T11:14:50.431+0000] {dag.py:3033} INFO - Sync 1 DAGs
[2025-04-28T11:14:50.449+0000] {logging_mixin.py:188} INFO - [2025-04-28T11:14:50.449+0000] {dag.py:3820} INFO - Setting next_dagrun for example_sensor_decorator to None, run_after=None
[2025-04-28T11:14:50.481+0000] {processor.py:183} INFO - Processing /home/airflow/.local/lib/python3.8/site-packages/airflow/example_dags/example_sensor_decorator.py took 0.100 seconds
[2025-04-28T11:15:23.419+0000] {processor.py:161} INFO - Started process (PID=1772) to work on /home/airflow/.local/lib/python3.8/site-packages/airflow/example_dags/example_sensor_decorator.py
[2025-04-28T11:15:23.421+0000] {processor.py:830} INFO - Processing file /home/airflow/.local/lib/python3.8/site-packages/airflow/example_dags/example_sensor_decorator.py for tasks to queue
[2025-04-28T11:15:23.425+0000] {logging_mixin.py:188} INFO - [2025-04-28T11:15:23.424+0000] {dagbag.py:538} INFO - Filling up the DagBag from /home/airflow/.local/lib/python3.8/site-packages/airflow/example_dags/example_sensor_decorator.py
[2025-04-28T11:15:23.434+0000] {processor.py:840} INFO - DAG(s) 'example_sensor_decorator' retrieved from /home/airflow/.local/lib/python3.8/site-packages/airflow/example_dags/example_sensor_decorator.py
[2025-04-28T11:15:23.469+0000] {logging_mixin.py:188} INFO - [2025-04-28T11:15:23.468+0000] {dag.py:3033} INFO - Sync 1 DAGs
[2025-04-28T11:15:23.492+0000] {logging_mixin.py:188} INFO - [2025-04-28T11:15:23.492+0000] {dag.py:3820} INFO - Setting next_dagrun for example_sensor_decorator to None, run_after=None
[2025-04-28T11:15:23.524+0000] {processor.py:183} INFO - Processing /home/airflow/.local/lib/python3.8/site-packages/airflow/example_dags/example_sensor_decorator.py took 0.109 seconds
[2025-04-28T11:15:59.204+0000] {processor.py:161} INFO - Started process (PID=1829) to work on /home/airflow/.local/lib/python3.8/site-packages/airflow/example_dags/example_sensor_decorator.py
[2025-04-28T11:15:59.210+0000] {processor.py:830} INFO - Processing file /home/airflow/.local/lib/python3.8/site-packages/airflow/example_dags/example_sensor_decorator.py for tasks to queue
[2025-04-28T11:15:59.214+0000] {logging_mixin.py:188} INFO - [2025-04-28T11:15:59.213+0000] {dagbag.py:538} INFO - Filling up the DagBag from /home/airflow/.local/lib/python3.8/site-packages/airflow/example_dags/example_sensor_decorator.py
[2025-04-28T11:15:59.231+0000] {processor.py:840} INFO - DAG(s) 'example_sensor_decorator' retrieved from /home/airflow/.local/lib/python3.8/site-packages/airflow/example_dags/example_sensor_decorator.py
[2025-04-28T11:15:59.311+0000] {logging_mixin.py:188} INFO - [2025-04-28T11:15:59.311+0000] {dag.py:3033} INFO - Sync 1 DAGs
[2025-04-28T11:15:59.346+0000] {logging_mixin.py:188} INFO - [2025-04-28T11:15:59.346+0000] {dag.py:3820} INFO - Setting next_dagrun for example_sensor_decorator to None, run_after=None
[2025-04-28T11:15:59.378+0000] {processor.py:183} INFO - Processing /home/airflow/.local/lib/python3.8/site-packages/airflow/example_dags/example_sensor_decorator.py took 0.189 seconds
[2025-04-28T11:16:29.411+0000] {processor.py:161} INFO - Started process (PID=1886) to work on /home/airflow/.local/lib/python3.8/site-packages/airflow/example_dags/example_sensor_decorator.py
[2025-04-28T11:16:29.412+0000] {processor.py:830} INFO - Processing file /home/airflow/.local/lib/python3.8/site-packages/airflow/example_dags/example_sensor_decorator.py for tasks to queue
[2025-04-28T11:16:29.416+0000] {logging_mixin.py:188} INFO - [2025-04-28T11:16:29.415+0000] {dagbag.py:538} INFO - Filling up the DagBag from /home/airflow/.local/lib/python3.8/site-packages/airflow/example_dags/example_sensor_decorator.py
[2025-04-28T11:16:29.428+0000] {processor.py:840} INFO - DAG(s) 'example_sensor_decorator' retrieved from /home/airflow/.local/lib/python3.8/site-packages/airflow/example_dags/example_sensor_decorator.py
[2025-04-28T11:16:29.463+0000] {logging_mixin.py:188} INFO - [2025-04-28T11:16:29.462+0000] {dag.py:3033} INFO - Sync 1 DAGs
[2025-04-28T11:16:29.486+0000] {logging_mixin.py:188} INFO - [2025-04-28T11:16:29.486+0000] {dag.py:3820} INFO - Setting next_dagrun for example_sensor_decorator to None, run_after=None
[2025-04-28T11:16:29.520+0000] {processor.py:183} INFO - Processing /home/airflow/.local/lib/python3.8/site-packages/airflow/example_dags/example_sensor_decorator.py took 0.115 seconds
[2025-04-28T11:17:01.824+0000] {processor.py:161} INFO - Started process (PID=1943) to work on /home/airflow/.local/lib/python3.8/site-packages/airflow/example_dags/example_sensor_decorator.py
[2025-04-28T11:17:01.825+0000] {processor.py:830} INFO - Processing file /home/airflow/.local/lib/python3.8/site-packages/airflow/example_dags/example_sensor_decorator.py for tasks to queue
[2025-04-28T11:17:01.829+0000] {logging_mixin.py:188} INFO - [2025-04-28T11:17:01.828+0000] {dagbag.py:538} INFO - Filling up the DagBag from /home/airflow/.local/lib/python3.8/site-packages/airflow/example_dags/example_sensor_decorator.py
[2025-04-28T11:17:01.838+0000] {processor.py:840} INFO - DAG(s) 'example_sensor_decorator' retrieved from /home/airflow/.local/lib/python3.8/site-packages/airflow/example_dags/example_sensor_decorator.py
[2025-04-28T11:17:01.879+0000] {logging_mixin.py:188} INFO - [2025-04-28T11:17:01.878+0000] {dag.py:3033} INFO - Sync 1 DAGs
[2025-04-28T11:17:01.901+0000] {logging_mixin.py:188} INFO - [2025-04-28T11:17:01.901+0000] {dag.py:3820} INFO - Setting next_dagrun for example_sensor_decorator to None, run_after=None
[2025-04-28T11:17:01.937+0000] {processor.py:183} INFO - Processing /home/airflow/.local/lib/python3.8/site-packages/airflow/example_dags/example_sensor_decorator.py took 0.118 seconds
[2025-04-28T11:17:34.248+0000] {processor.py:161} INFO - Started process (PID=2000) to work on /home/airflow/.local/lib/python3.8/site-packages/airflow/example_dags/example_sensor_decorator.py
[2025-04-28T11:17:34.249+0000] {processor.py:830} INFO - Processing file /home/airflow/.local/lib/python3.8/site-packages/airflow/example_dags/example_sensor_decorator.py for tasks to queue
[2025-04-28T11:17:34.252+0000] {logging_mixin.py:188} INFO - [2025-04-28T11:17:34.251+0000] {dagbag.py:538} INFO - Filling up the DagBag from /home/airflow/.local/lib/python3.8/site-packages/airflow/example_dags/example_sensor_decorator.py
[2025-04-28T11:17:34.259+0000] {processor.py:840} INFO - DAG(s) 'example_sensor_decorator' retrieved from /home/airflow/.local/lib/python3.8/site-packages/airflow/example_dags/example_sensor_decorator.py
[2025-04-28T11:17:34.284+0000] {logging_mixin.py:188} INFO - [2025-04-28T11:17:34.284+0000] {dag.py:3033} INFO - Sync 1 DAGs
[2025-04-28T11:17:34.301+0000] {logging_mixin.py:188} INFO - [2025-04-28T11:17:34.301+0000] {dag.py:3820} INFO - Setting next_dagrun for example_sensor_decorator to None, run_after=None
[2025-04-28T11:17:34.327+0000] {processor.py:183} INFO - Processing /home/airflow/.local/lib/python3.8/site-packages/airflow/example_dags/example_sensor_decorator.py took 0.084 seconds
[2025-04-28T11:18:07.291+0000] {processor.py:161} INFO - Started process (PID=2057) to work on /home/airflow/.local/lib/python3.8/site-packages/airflow/example_dags/example_sensor_decorator.py
[2025-04-28T11:18:07.293+0000] {processor.py:830} INFO - Processing file /home/airflow/.local/lib/python3.8/site-packages/airflow/example_dags/example_sensor_decorator.py for tasks to queue
[2025-04-28T11:18:07.297+0000] {logging_mixin.py:188} INFO - [2025-04-28T11:18:07.296+0000] {dagbag.py:538} INFO - Filling up the DagBag from /home/airflow/.local/lib/python3.8/site-packages/airflow/example_dags/example_sensor_decorator.py
[2025-04-28T11:18:07.309+0000] {processor.py:840} INFO - DAG(s) 'example_sensor_decorator' retrieved from /home/airflow/.local/lib/python3.8/site-packages/airflow/example_dags/example_sensor_decorator.py
[2025-04-28T11:18:07.339+0000] {logging_mixin.py:188} INFO - [2025-04-28T11:18:07.338+0000] {dag.py:3033} INFO - Sync 1 DAGs
[2025-04-28T11:18:07.360+0000] {logging_mixin.py:188} INFO - [2025-04-28T11:18:07.360+0000] {dag.py:3820} INFO - Setting next_dagrun for example_sensor_decorator to None, run_after=None
[2025-04-28T11:18:07.391+0000] {processor.py:183} INFO - Processing /home/airflow/.local/lib/python3.8/site-packages/airflow/example_dags/example_sensor_decorator.py took 0.106 seconds
[2025-04-28T11:18:42.296+0000] {processor.py:161} INFO - Started process (PID=2116) to work on /home/airflow/.local/lib/python3.8/site-packages/airflow/example_dags/example_sensor_decorator.py
[2025-04-28T11:18:42.298+0000] {processor.py:830} INFO - Processing file /home/airflow/.local/lib/python3.8/site-packages/airflow/example_dags/example_sensor_decorator.py for tasks to queue
[2025-04-28T11:18:42.304+0000] {logging_mixin.py:188} INFO - [2025-04-28T11:18:42.303+0000] {dagbag.py:538} INFO - Filling up the DagBag from /home/airflow/.local/lib/python3.8/site-packages/airflow/example_dags/example_sensor_decorator.py
[2025-04-28T11:18:42.315+0000] {processor.py:840} INFO - DAG(s) 'example_sensor_decorator' retrieved from /home/airflow/.local/lib/python3.8/site-packages/airflow/example_dags/example_sensor_decorator.py
[2025-04-28T11:18:42.352+0000] {logging_mixin.py:188} INFO - [2025-04-28T11:18:42.352+0000] {dag.py:3033} INFO - Sync 1 DAGs
[2025-04-28T11:18:42.376+0000] {logging_mixin.py:188} INFO - [2025-04-28T11:18:42.376+0000] {dag.py:3820} INFO - Setting next_dagrun for example_sensor_decorator to None, run_after=None
[2025-04-28T11:18:42.411+0000] {processor.py:183} INFO - Processing /home/airflow/.local/lib/python3.8/site-packages/airflow/example_dags/example_sensor_decorator.py took 0.119 seconds
[2025-04-28T11:19:13.371+0000] {processor.py:161} INFO - Started process (PID=2173) to work on /home/airflow/.local/lib/python3.8/site-packages/airflow/example_dags/example_sensor_decorator.py
[2025-04-28T11:19:13.372+0000] {processor.py:830} INFO - Processing file /home/airflow/.local/lib/python3.8/site-packages/airflow/example_dags/example_sensor_decorator.py for tasks to queue
[2025-04-28T11:19:13.376+0000] {logging_mixin.py:188} INFO - [2025-04-28T11:19:13.376+0000] {dagbag.py:538} INFO - Filling up the DagBag from /home/airflow/.local/lib/python3.8/site-packages/airflow/example_dags/example_sensor_decorator.py
[2025-04-28T11:19:13.386+0000] {processor.py:840} INFO - DAG(s) 'example_sensor_decorator' retrieved from /home/airflow/.local/lib/python3.8/site-packages/airflow/example_dags/example_sensor_decorator.py
[2025-04-28T11:19:13.422+0000] {logging_mixin.py:188} INFO - [2025-04-28T11:19:13.421+0000] {dag.py:3033} INFO - Sync 1 DAGs
[2025-04-28T11:19:13.457+0000] {logging_mixin.py:188} INFO - [2025-04-28T11:19:13.457+0000] {dag.py:3820} INFO - Setting next_dagrun for example_sensor_decorator to None, run_after=None
[2025-04-28T11:19:13.494+0000] {processor.py:183} INFO - Processing /home/airflow/.local/lib/python3.8/site-packages/airflow/example_dags/example_sensor_decorator.py took 0.129 seconds
[2025-04-28T11:19:48.366+0000] {processor.py:161} INFO - Started process (PID=2230) to work on /home/airflow/.local/lib/python3.8/site-packages/airflow/example_dags/example_sensor_decorator.py
[2025-04-28T11:19:48.368+0000] {processor.py:830} INFO - Processing file /home/airflow/.local/lib/python3.8/site-packages/airflow/example_dags/example_sensor_decorator.py for tasks to queue
[2025-04-28T11:19:48.371+0000] {logging_mixin.py:188} INFO - [2025-04-28T11:19:48.371+0000] {dagbag.py:538} INFO - Filling up the DagBag from /home/airflow/.local/lib/python3.8/site-packages/airflow/example_dags/example_sensor_decorator.py
[2025-04-28T11:19:48.379+0000] {processor.py:840} INFO - DAG(s) 'example_sensor_decorator' retrieved from /home/airflow/.local/lib/python3.8/site-packages/airflow/example_dags/example_sensor_decorator.py
[2025-04-28T11:19:48.413+0000] {logging_mixin.py:188} INFO - [2025-04-28T11:19:48.413+0000] {dag.py:3033} INFO - Sync 1 DAGs
[2025-04-28T11:19:48.442+0000] {logging_mixin.py:188} INFO - [2025-04-28T11:19:48.442+0000] {dag.py:3820} INFO - Setting next_dagrun for example_sensor_decorator to None, run_after=None
[2025-04-28T11:19:48.475+0000] {processor.py:183} INFO - Processing /home/airflow/.local/lib/python3.8/site-packages/airflow/example_dags/example_sensor_decorator.py took 0.117 seconds
[2025-04-28T11:20:22.109+0000] {processor.py:161} INFO - Started process (PID=2287) to work on /home/airflow/.local/lib/python3.8/site-packages/airflow/example_dags/example_sensor_decorator.py
[2025-04-28T11:20:22.113+0000] {processor.py:830} INFO - Processing file /home/airflow/.local/lib/python3.8/site-packages/airflow/example_dags/example_sensor_decorator.py for tasks to queue
[2025-04-28T11:20:22.116+0000] {logging_mixin.py:188} INFO - [2025-04-28T11:20:22.116+0000] {dagbag.py:538} INFO - Filling up the DagBag from /home/airflow/.local/lib/python3.8/site-packages/airflow/example_dags/example_sensor_decorator.py
[2025-04-28T11:20:22.128+0000] {processor.py:840} INFO - DAG(s) 'example_sensor_decorator' retrieved from /home/airflow/.local/lib/python3.8/site-packages/airflow/example_dags/example_sensor_decorator.py
[2025-04-28T11:20:22.170+0000] {logging_mixin.py:188} INFO - [2025-04-28T11:20:22.170+0000] {dag.py:3033} INFO - Sync 1 DAGs
[2025-04-28T11:20:22.203+0000] {logging_mixin.py:188} INFO - [2025-04-28T11:20:22.202+0000] {dag.py:3820} INFO - Setting next_dagrun for example_sensor_decorator to None, run_after=None
[2025-04-28T11:20:22.295+0000] {processor.py:183} INFO - Processing /home/airflow/.local/lib/python3.8/site-packages/airflow/example_dags/example_sensor_decorator.py took 0.192 seconds
[2025-04-28T11:20:53.037+0000] {processor.py:161} INFO - Started process (PID=2343) to work on /home/airflow/.local/lib/python3.8/site-packages/airflow/example_dags/example_sensor_decorator.py
[2025-04-28T11:20:53.038+0000] {processor.py:830} INFO - Processing file /home/airflow/.local/lib/python3.8/site-packages/airflow/example_dags/example_sensor_decorator.py for tasks to queue
[2025-04-28T11:20:53.041+0000] {logging_mixin.py:188} INFO - [2025-04-28T11:20:53.041+0000] {dagbag.py:538} INFO - Filling up the DagBag from /home/airflow/.local/lib/python3.8/site-packages/airflow/example_dags/example_sensor_decorator.py
[2025-04-28T11:20:53.051+0000] {processor.py:840} INFO - DAG(s) 'example_sensor_decorator' retrieved from /home/airflow/.local/lib/python3.8/site-packages/airflow/example_dags/example_sensor_decorator.py
[2025-04-28T11:20:53.082+0000] {logging_mixin.py:188} INFO - [2025-04-28T11:20:53.082+0000] {dag.py:3033} INFO - Sync 1 DAGs
[2025-04-28T11:20:53.101+0000] {logging_mixin.py:188} INFO - [2025-04-28T11:20:53.101+0000] {dag.py:3820} INFO - Setting next_dagrun for example_sensor_decorator to None, run_after=None
[2025-04-28T11:20:53.136+0000] {processor.py:183} INFO - Processing /home/airflow/.local/lib/python3.8/site-packages/airflow/example_dags/example_sensor_decorator.py took 0.105 seconds
[2025-04-28T11:21:24.609+0000] {processor.py:161} INFO - Started process (PID=2401) to work on /home/airflow/.local/lib/python3.8/site-packages/airflow/example_dags/example_sensor_decorator.py
[2025-04-28T11:21:24.610+0000] {processor.py:830} INFO - Processing file /home/airflow/.local/lib/python3.8/site-packages/airflow/example_dags/example_sensor_decorator.py for tasks to queue
[2025-04-28T11:21:24.614+0000] {logging_mixin.py:188} INFO - [2025-04-28T11:21:24.614+0000] {dagbag.py:538} INFO - Filling up the DagBag from /home/airflow/.local/lib/python3.8/site-packages/airflow/example_dags/example_sensor_decorator.py
[2025-04-28T11:21:24.626+0000] {processor.py:840} INFO - DAG(s) 'example_sensor_decorator' retrieved from /home/airflow/.local/lib/python3.8/site-packages/airflow/example_dags/example_sensor_decorator.py
[2025-04-28T11:21:24.664+0000] {logging_mixin.py:188} INFO - [2025-04-28T11:21:24.664+0000] {dag.py:3033} INFO - Sync 1 DAGs
[2025-04-28T11:21:24.692+0000] {logging_mixin.py:188} INFO - [2025-04-28T11:21:24.692+0000] {dag.py:3820} INFO - Setting next_dagrun for example_sensor_decorator to None, run_after=None
[2025-04-28T11:21:24.728+0000] {processor.py:183} INFO - Processing /home/airflow/.local/lib/python3.8/site-packages/airflow/example_dags/example_sensor_decorator.py took 0.125 seconds
[2025-04-28T11:22:00.571+0000] {processor.py:161} INFO - Started process (PID=2458) to work on /home/airflow/.local/lib/python3.8/site-packages/airflow/example_dags/example_sensor_decorator.py
[2025-04-28T11:22:00.572+0000] {processor.py:830} INFO - Processing file /home/airflow/.local/lib/python3.8/site-packages/airflow/example_dags/example_sensor_decorator.py for tasks to queue
[2025-04-28T11:22:00.576+0000] {logging_mixin.py:188} INFO - [2025-04-28T11:22:00.576+0000] {dagbag.py:538} INFO - Filling up the DagBag from /home/airflow/.local/lib/python3.8/site-packages/airflow/example_dags/example_sensor_decorator.py
[2025-04-28T11:22:00.587+0000] {processor.py:840} INFO - DAG(s) 'example_sensor_decorator' retrieved from /home/airflow/.local/lib/python3.8/site-packages/airflow/example_dags/example_sensor_decorator.py
[2025-04-28T11:22:00.626+0000] {logging_mixin.py:188} INFO - [2025-04-28T11:22:00.626+0000] {dag.py:3033} INFO - Sync 1 DAGs
[2025-04-28T11:22:00.647+0000] {logging_mixin.py:188} INFO - [2025-04-28T11:22:00.647+0000] {dag.py:3820} INFO - Setting next_dagrun for example_sensor_decorator to None, run_after=None
[2025-04-28T11:22:00.679+0000] {processor.py:183} INFO - Processing /home/airflow/.local/lib/python3.8/site-packages/airflow/example_dags/example_sensor_decorator.py took 0.115 seconds
[2025-04-28T11:22:31.893+0000] {processor.py:161} INFO - Started process (PID=2515) to work on /home/airflow/.local/lib/python3.8/site-packages/airflow/example_dags/example_sensor_decorator.py
[2025-04-28T11:22:31.925+0000] {processor.py:830} INFO - Processing file /home/airflow/.local/lib/python3.8/site-packages/airflow/example_dags/example_sensor_decorator.py for tasks to queue
[2025-04-28T11:22:31.963+0000] {logging_mixin.py:188} INFO - [2025-04-28T11:22:31.962+0000] {dagbag.py:538} INFO - Filling up the DagBag from /home/airflow/.local/lib/python3.8/site-packages/airflow/example_dags/example_sensor_decorator.py
[2025-04-28T11:22:31.991+0000] {processor.py:840} INFO - DAG(s) 'example_sensor_decorator' retrieved from /home/airflow/.local/lib/python3.8/site-packages/airflow/example_dags/example_sensor_decorator.py
[2025-04-28T11:22:32.069+0000] {logging_mixin.py:188} INFO - [2025-04-28T11:22:32.069+0000] {dag.py:3033} INFO - Sync 1 DAGs
[2025-04-28T11:22:32.135+0000] {logging_mixin.py:188} INFO - [2025-04-28T11:22:32.134+0000] {dag.py:3820} INFO - Setting next_dagrun for example_sensor_decorator to None, run_after=None
[2025-04-28T11:22:32.436+0000] {processor.py:183} INFO - Processing /home/airflow/.local/lib/python3.8/site-packages/airflow/example_dags/example_sensor_decorator.py took 0.549 seconds
[2025-04-28T11:23:02.740+0000] {processor.py:161} INFO - Started process (PID=2572) to work on /home/airflow/.local/lib/python3.8/site-packages/airflow/example_dags/example_sensor_decorator.py
[2025-04-28T11:23:02.742+0000] {processor.py:830} INFO - Processing file /home/airflow/.local/lib/python3.8/site-packages/airflow/example_dags/example_sensor_decorator.py for tasks to queue
[2025-04-28T11:23:02.746+0000] {logging_mixin.py:188} INFO - [2025-04-28T11:23:02.745+0000] {dagbag.py:538} INFO - Filling up the DagBag from /home/airflow/.local/lib/python3.8/site-packages/airflow/example_dags/example_sensor_decorator.py
[2025-04-28T11:23:02.756+0000] {processor.py:840} INFO - DAG(s) 'example_sensor_decorator' retrieved from /home/airflow/.local/lib/python3.8/site-packages/airflow/example_dags/example_sensor_decorator.py
[2025-04-28T11:23:02.813+0000] {logging_mixin.py:188} INFO - [2025-04-28T11:23:02.812+0000] {dag.py:3033} INFO - Sync 1 DAGs
[2025-04-28T11:23:02.864+0000] {logging_mixin.py:188} INFO - [2025-04-28T11:23:02.864+0000] {dag.py:3820} INFO - Setting next_dagrun for example_sensor_decorator to None, run_after=None
[2025-04-28T11:23:02.909+0000] {processor.py:183} INFO - Processing /home/airflow/.local/lib/python3.8/site-packages/airflow/example_dags/example_sensor_decorator.py took 0.175 seconds
[2025-04-28T11:23:42.089+0000] {processor.py:161} INFO - Started process (PID=2629) to work on /home/airflow/.local/lib/python3.8/site-packages/airflow/example_dags/example_sensor_decorator.py
[2025-04-28T11:23:42.093+0000] {processor.py:830} INFO - Processing file /home/airflow/.local/lib/python3.8/site-packages/airflow/example_dags/example_sensor_decorator.py for tasks to queue
[2025-04-28T11:23:42.096+0000] {logging_mixin.py:188} INFO - [2025-04-28T11:23:42.096+0000] {dagbag.py:538} INFO - Filling up the DagBag from /home/airflow/.local/lib/python3.8/site-packages/airflow/example_dags/example_sensor_decorator.py
[2025-04-28T11:23:42.108+0000] {processor.py:840} INFO - DAG(s) 'example_sensor_decorator' retrieved from /home/airflow/.local/lib/python3.8/site-packages/airflow/example_dags/example_sensor_decorator.py
[2025-04-28T11:23:42.381+0000] {logging_mixin.py:188} INFO - [2025-04-28T11:23:42.381+0000] {dag.py:3033} INFO - Sync 1 DAGs
[2025-04-28T11:23:42.405+0000] {logging_mixin.py:188} INFO - [2025-04-28T11:23:42.405+0000] {dag.py:3820} INFO - Setting next_dagrun for example_sensor_decorator to None, run_after=None
[2025-04-28T11:23:42.445+0000] {processor.py:183} INFO - Processing /home/airflow/.local/lib/python3.8/site-packages/airflow/example_dags/example_sensor_decorator.py took 0.362 seconds
[2025-04-28T11:24:12.652+0000] {processor.py:161} INFO - Started process (PID=2687) to work on /home/airflow/.local/lib/python3.8/site-packages/airflow/example_dags/example_sensor_decorator.py
[2025-04-28T11:24:12.653+0000] {processor.py:830} INFO - Processing file /home/airflow/.local/lib/python3.8/site-packages/airflow/example_dags/example_sensor_decorator.py for tasks to queue
[2025-04-28T11:24:12.659+0000] {logging_mixin.py:188} INFO - [2025-04-28T11:24:12.659+0000] {dagbag.py:538} INFO - Filling up the DagBag from /home/airflow/.local/lib/python3.8/site-packages/airflow/example_dags/example_sensor_decorator.py
[2025-04-28T11:24:12.668+0000] {processor.py:840} INFO - DAG(s) 'example_sensor_decorator' retrieved from /home/airflow/.local/lib/python3.8/site-packages/airflow/example_dags/example_sensor_decorator.py
[2025-04-28T11:24:12.710+0000] {logging_mixin.py:188} INFO - [2025-04-28T11:24:12.710+0000] {dag.py:3033} INFO - Sync 1 DAGs
[2025-04-28T11:24:13.053+0000] {logging_mixin.py:188} INFO - [2025-04-28T11:24:13.053+0000] {dag.py:3820} INFO - Setting next_dagrun for example_sensor_decorator to None, run_after=None
[2025-04-28T11:24:13.092+0000] {processor.py:183} INFO - Processing /home/airflow/.local/lib/python3.8/site-packages/airflow/example_dags/example_sensor_decorator.py took 0.445 seconds
[2025-04-28T11:24:43.534+0000] {processor.py:161} INFO - Started process (PID=2743) to work on /home/airflow/.local/lib/python3.8/site-packages/airflow/example_dags/example_sensor_decorator.py
[2025-04-28T11:24:43.536+0000] {processor.py:830} INFO - Processing file /home/airflow/.local/lib/python3.8/site-packages/airflow/example_dags/example_sensor_decorator.py for tasks to queue
[2025-04-28T11:24:43.540+0000] {logging_mixin.py:188} INFO - [2025-04-28T11:24:43.539+0000] {dagbag.py:538} INFO - Filling up the DagBag from /home/airflow/.local/lib/python3.8/site-packages/airflow/example_dags/example_sensor_decorator.py
[2025-04-28T11:24:43.554+0000] {processor.py:840} INFO - DAG(s) 'example_sensor_decorator' retrieved from /home/airflow/.local/lib/python3.8/site-packages/airflow/example_dags/example_sensor_decorator.py
[2025-04-28T11:24:43.644+0000] {logging_mixin.py:188} INFO - [2025-04-28T11:24:43.644+0000] {dag.py:3033} INFO - Sync 1 DAGs
[2025-04-28T11:24:43.689+0000] {logging_mixin.py:188} INFO - [2025-04-28T11:24:43.688+0000] {dag.py:3820} INFO - Setting next_dagrun for example_sensor_decorator to None, run_after=None
[2025-04-28T11:24:43.739+0000] {processor.py:183} INFO - Processing /home/airflow/.local/lib/python3.8/site-packages/airflow/example_dags/example_sensor_decorator.py took 0.212 seconds
[2025-04-28T11:25:14.109+0000] {processor.py:161} INFO - Started process (PID=2799) to work on /home/airflow/.local/lib/python3.8/site-packages/airflow/example_dags/example_sensor_decorator.py
[2025-04-28T11:25:14.110+0000] {processor.py:830} INFO - Processing file /home/airflow/.local/lib/python3.8/site-packages/airflow/example_dags/example_sensor_decorator.py for tasks to queue
[2025-04-28T11:25:14.114+0000] {logging_mixin.py:188} INFO - [2025-04-28T11:25:14.113+0000] {dagbag.py:538} INFO - Filling up the DagBag from /home/airflow/.local/lib/python3.8/site-packages/airflow/example_dags/example_sensor_decorator.py
[2025-04-28T11:25:14.128+0000] {processor.py:840} INFO - DAG(s) 'example_sensor_decorator' retrieved from /home/airflow/.local/lib/python3.8/site-packages/airflow/example_dags/example_sensor_decorator.py
[2025-04-28T11:25:14.170+0000] {logging_mixin.py:188} INFO - [2025-04-28T11:25:14.170+0000] {dag.py:3033} INFO - Sync 1 DAGs
[2025-04-28T11:25:14.200+0000] {logging_mixin.py:188} INFO - [2025-04-28T11:25:14.200+0000] {dag.py:3820} INFO - Setting next_dagrun for example_sensor_decorator to None, run_after=None
[2025-04-28T11:25:14.264+0000] {processor.py:183} INFO - Processing /home/airflow/.local/lib/python3.8/site-packages/airflow/example_dags/example_sensor_decorator.py took 0.164 seconds
[2025-04-28T11:25:44.590+0000] {processor.py:161} INFO - Started process (PID=2855) to work on /home/airflow/.local/lib/python3.8/site-packages/airflow/example_dags/example_sensor_decorator.py
[2025-04-28T11:25:44.592+0000] {processor.py:830} INFO - Processing file /home/airflow/.local/lib/python3.8/site-packages/airflow/example_dags/example_sensor_decorator.py for tasks to queue
[2025-04-28T11:25:44.595+0000] {logging_mixin.py:188} INFO - [2025-04-28T11:25:44.595+0000] {dagbag.py:538} INFO - Filling up the DagBag from /home/airflow/.local/lib/python3.8/site-packages/airflow/example_dags/example_sensor_decorator.py
[2025-04-28T11:25:44.606+0000] {processor.py:840} INFO - DAG(s) 'example_sensor_decorator' retrieved from /home/airflow/.local/lib/python3.8/site-packages/airflow/example_dags/example_sensor_decorator.py
[2025-04-28T11:25:44.637+0000] {logging_mixin.py:188} INFO - [2025-04-28T11:25:44.637+0000] {dag.py:3033} INFO - Sync 1 DAGs
[2025-04-28T11:25:44.657+0000] {logging_mixin.py:188} INFO - [2025-04-28T11:25:44.657+0000] {dag.py:3820} INFO - Setting next_dagrun for example_sensor_decorator to None, run_after=None
[2025-04-28T11:25:44.690+0000] {processor.py:183} INFO - Processing /home/airflow/.local/lib/python3.8/site-packages/airflow/example_dags/example_sensor_decorator.py took 0.106 seconds
[2025-04-28T11:26:17.909+0000] {processor.py:161} INFO - Started process (PID=2911) to work on /home/airflow/.local/lib/python3.8/site-packages/airflow/example_dags/example_sensor_decorator.py
[2025-04-28T11:26:17.910+0000] {processor.py:830} INFO - Processing file /home/airflow/.local/lib/python3.8/site-packages/airflow/example_dags/example_sensor_decorator.py for tasks to queue
[2025-04-28T11:26:17.912+0000] {logging_mixin.py:188} INFO - [2025-04-28T11:26:17.912+0000] {dagbag.py:538} INFO - Filling up the DagBag from /home/airflow/.local/lib/python3.8/site-packages/airflow/example_dags/example_sensor_decorator.py
[2025-04-28T11:26:17.922+0000] {processor.py:840} INFO - DAG(s) 'example_sensor_decorator' retrieved from /home/airflow/.local/lib/python3.8/site-packages/airflow/example_dags/example_sensor_decorator.py
[2025-04-28T11:26:17.959+0000] {logging_mixin.py:188} INFO - [2025-04-28T11:26:17.959+0000] {dag.py:3033} INFO - Sync 1 DAGs
[2025-04-28T11:26:17.980+0000] {logging_mixin.py:188} INFO - [2025-04-28T11:26:17.979+0000] {dag.py:3820} INFO - Setting next_dagrun for example_sensor_decorator to None, run_after=None
[2025-04-28T11:26:18.015+0000] {processor.py:183} INFO - Processing /home/airflow/.local/lib/python3.8/site-packages/airflow/example_dags/example_sensor_decorator.py took 0.112 seconds
[2025-04-28T11:26:50.998+0000] {processor.py:161} INFO - Started process (PID=2968) to work on /home/airflow/.local/lib/python3.8/site-packages/airflow/example_dags/example_sensor_decorator.py
[2025-04-28T11:26:51.000+0000] {processor.py:830} INFO - Processing file /home/airflow/.local/lib/python3.8/site-packages/airflow/example_dags/example_sensor_decorator.py for tasks to queue
[2025-04-28T11:26:51.003+0000] {logging_mixin.py:188} INFO - [2025-04-28T11:26:51.003+0000] {dagbag.py:538} INFO - Filling up the DagBag from /home/airflow/.local/lib/python3.8/site-packages/airflow/example_dags/example_sensor_decorator.py
[2025-04-28T11:26:51.043+0000] {processor.py:840} INFO - DAG(s) 'example_sensor_decorator' retrieved from /home/airflow/.local/lib/python3.8/site-packages/airflow/example_dags/example_sensor_decorator.py
[2025-04-28T11:26:51.171+0000] {logging_mixin.py:188} INFO - [2025-04-28T11:26:51.171+0000] {dag.py:3033} INFO - Sync 1 DAGs
[2025-04-28T11:26:51.252+0000] {logging_mixin.py:188} INFO - [2025-04-28T11:26:51.252+0000] {dag.py:3820} INFO - Setting next_dagrun for example_sensor_decorator to None, run_after=None
[2025-04-28T11:26:51.379+0000] {processor.py:183} INFO - Processing /home/airflow/.local/lib/python3.8/site-packages/airflow/example_dags/example_sensor_decorator.py took 0.387 seconds
[2025-04-28T11:27:23.639+0000] {processor.py:161} INFO - Started process (PID=3024) to work on /home/airflow/.local/lib/python3.8/site-packages/airflow/example_dags/example_sensor_decorator.py
[2025-04-28T11:27:23.641+0000] {processor.py:830} INFO - Processing file /home/airflow/.local/lib/python3.8/site-packages/airflow/example_dags/example_sensor_decorator.py for tasks to queue
[2025-04-28T11:27:23.642+0000] {logging_mixin.py:188} INFO - [2025-04-28T11:27:23.642+0000] {dagbag.py:538} INFO - Filling up the DagBag from /home/airflow/.local/lib/python3.8/site-packages/airflow/example_dags/example_sensor_decorator.py
[2025-04-28T11:27:23.653+0000] {processor.py:840} INFO - DAG(s) 'example_sensor_decorator' retrieved from /home/airflow/.local/lib/python3.8/site-packages/airflow/example_dags/example_sensor_decorator.py
[2025-04-28T11:27:23.690+0000] {logging_mixin.py:188} INFO - [2025-04-28T11:27:23.690+0000] {dag.py:3033} INFO - Sync 1 DAGs
[2025-04-28T11:27:23.708+0000] {logging_mixin.py:188} INFO - [2025-04-28T11:27:23.708+0000] {dag.py:3820} INFO - Setting next_dagrun for example_sensor_decorator to None, run_after=None
[2025-04-28T11:27:23.740+0000] {processor.py:183} INFO - Processing /home/airflow/.local/lib/python3.8/site-packages/airflow/example_dags/example_sensor_decorator.py took 0.105 seconds
[2025-04-28T11:27:57.351+0000] {processor.py:161} INFO - Started process (PID=3080) to work on /home/airflow/.local/lib/python3.8/site-packages/airflow/example_dags/example_sensor_decorator.py
[2025-04-28T11:27:57.353+0000] {processor.py:830} INFO - Processing file /home/airflow/.local/lib/python3.8/site-packages/airflow/example_dags/example_sensor_decorator.py for tasks to queue
[2025-04-28T11:27:57.356+0000] {logging_mixin.py:188} INFO - [2025-04-28T11:27:57.356+0000] {dagbag.py:538} INFO - Filling up the DagBag from /home/airflow/.local/lib/python3.8/site-packages/airflow/example_dags/example_sensor_decorator.py
[2025-04-28T11:27:57.371+0000] {processor.py:840} INFO - DAG(s) 'example_sensor_decorator' retrieved from /home/airflow/.local/lib/python3.8/site-packages/airflow/example_dags/example_sensor_decorator.py
[2025-04-28T11:27:57.421+0000] {logging_mixin.py:188} INFO - [2025-04-28T11:27:57.420+0000] {dag.py:3033} INFO - Sync 1 DAGs
[2025-04-28T11:27:57.449+0000] {logging_mixin.py:188} INFO - [2025-04-28T11:27:57.449+0000] {dag.py:3820} INFO - Setting next_dagrun for example_sensor_decorator to None, run_after=None
[2025-04-28T11:27:57.521+0000] {processor.py:183} INFO - Processing /home/airflow/.local/lib/python3.8/site-packages/airflow/example_dags/example_sensor_decorator.py took 0.190 seconds
[2025-04-28T11:28:29.151+0000] {processor.py:161} INFO - Started process (PID=3136) to work on /home/airflow/.local/lib/python3.8/site-packages/airflow/example_dags/example_sensor_decorator.py
[2025-04-28T11:28:29.152+0000] {processor.py:830} INFO - Processing file /home/airflow/.local/lib/python3.8/site-packages/airflow/example_dags/example_sensor_decorator.py for tasks to queue
[2025-04-28T11:28:29.154+0000] {logging_mixin.py:188} INFO - [2025-04-28T11:28:29.153+0000] {dagbag.py:538} INFO - Filling up the DagBag from /home/airflow/.local/lib/python3.8/site-packages/airflow/example_dags/example_sensor_decorator.py
[2025-04-28T11:28:29.163+0000] {processor.py:840} INFO - DAG(s) 'example_sensor_decorator' retrieved from /home/airflow/.local/lib/python3.8/site-packages/airflow/example_dags/example_sensor_decorator.py
[2025-04-28T11:28:29.191+0000] {logging_mixin.py:188} INFO - [2025-04-28T11:28:29.191+0000] {dag.py:3033} INFO - Sync 1 DAGs
[2025-04-28T11:28:29.231+0000] {logging_mixin.py:188} INFO - [2025-04-28T11:28:29.231+0000] {dag.py:3820} INFO - Setting next_dagrun for example_sensor_decorator to None, run_after=None
[2025-04-28T11:28:29.300+0000] {processor.py:183} INFO - Processing /home/airflow/.local/lib/python3.8/site-packages/airflow/example_dags/example_sensor_decorator.py took 0.153 seconds
[2025-04-28T11:29:01.131+0000] {processor.py:161} INFO - Started process (PID=3192) to work on /home/airflow/.local/lib/python3.8/site-packages/airflow/example_dags/example_sensor_decorator.py
[2025-04-28T11:29:01.132+0000] {processor.py:830} INFO - Processing file /home/airflow/.local/lib/python3.8/site-packages/airflow/example_dags/example_sensor_decorator.py for tasks to queue
[2025-04-28T11:29:01.134+0000] {logging_mixin.py:188} INFO - [2025-04-28T11:29:01.133+0000] {dagbag.py:538} INFO - Filling up the DagBag from /home/airflow/.local/lib/python3.8/site-packages/airflow/example_dags/example_sensor_decorator.py
[2025-04-28T11:29:01.152+0000] {processor.py:840} INFO - DAG(s) 'example_sensor_decorator' retrieved from /home/airflow/.local/lib/python3.8/site-packages/airflow/example_dags/example_sensor_decorator.py
[2025-04-28T11:29:01.196+0000] {logging_mixin.py:188} INFO - [2025-04-28T11:29:01.196+0000] {dag.py:3033} INFO - Sync 1 DAGs
[2025-04-28T11:29:01.221+0000] {logging_mixin.py:188} INFO - [2025-04-28T11:29:01.220+0000] {dag.py:3820} INFO - Setting next_dagrun for example_sensor_decorator to None, run_after=None
[2025-04-28T11:29:01.255+0000] {processor.py:183} INFO - Processing /home/airflow/.local/lib/python3.8/site-packages/airflow/example_dags/example_sensor_decorator.py took 0.129 seconds
[2025-04-28T11:29:33.677+0000] {processor.py:161} INFO - Started process (PID=3249) to work on /home/airflow/.local/lib/python3.8/site-packages/airflow/example_dags/example_sensor_decorator.py
[2025-04-28T11:29:33.679+0000] {processor.py:830} INFO - Processing file /home/airflow/.local/lib/python3.8/site-packages/airflow/example_dags/example_sensor_decorator.py for tasks to queue
[2025-04-28T11:29:33.680+0000] {logging_mixin.py:188} INFO - [2025-04-28T11:29:33.680+0000] {dagbag.py:538} INFO - Filling up the DagBag from /home/airflow/.local/lib/python3.8/site-packages/airflow/example_dags/example_sensor_decorator.py
[2025-04-28T11:29:33.690+0000] {processor.py:840} INFO - DAG(s) 'example_sensor_decorator' retrieved from /home/airflow/.local/lib/python3.8/site-packages/airflow/example_dags/example_sensor_decorator.py
[2025-04-28T11:29:33.721+0000] {logging_mixin.py:188} INFO - [2025-04-28T11:29:33.721+0000] {dag.py:3033} INFO - Sync 1 DAGs
[2025-04-28T11:29:33.743+0000] {logging_mixin.py:188} INFO - [2025-04-28T11:29:33.742+0000] {dag.py:3820} INFO - Setting next_dagrun for example_sensor_decorator to None, run_after=None
[2025-04-28T11:29:33.777+0000] {processor.py:183} INFO - Processing /home/airflow/.local/lib/python3.8/site-packages/airflow/example_dags/example_sensor_decorator.py took 0.105 seconds
[2025-04-28T11:30:08.636+0000] {processor.py:161} INFO - Started process (PID=3304) to work on /home/airflow/.local/lib/python3.8/site-packages/airflow/example_dags/example_sensor_decorator.py
[2025-04-28T11:30:08.638+0000] {processor.py:830} INFO - Processing file /home/airflow/.local/lib/python3.8/site-packages/airflow/example_dags/example_sensor_decorator.py for tasks to queue
[2025-04-28T11:30:08.640+0000] {logging_mixin.py:188} INFO - [2025-04-28T11:30:08.639+0000] {dagbag.py:538} INFO - Filling up the DagBag from /home/airflow/.local/lib/python3.8/site-packages/airflow/example_dags/example_sensor_decorator.py
[2025-04-28T11:30:08.652+0000] {processor.py:840} INFO - DAG(s) 'example_sensor_decorator' retrieved from /home/airflow/.local/lib/python3.8/site-packages/airflow/example_dags/example_sensor_decorator.py
[2025-04-28T11:30:08.686+0000] {logging_mixin.py:188} INFO - [2025-04-28T11:30:08.686+0000] {dag.py:3033} INFO - Sync 1 DAGs
[2025-04-28T11:30:08.706+0000] {logging_mixin.py:188} INFO - [2025-04-28T11:30:08.705+0000] {dag.py:3820} INFO - Setting next_dagrun for example_sensor_decorator to None, run_after=None
[2025-04-28T11:30:08.751+0000] {processor.py:183} INFO - Processing /home/airflow/.local/lib/python3.8/site-packages/airflow/example_dags/example_sensor_decorator.py took 0.121 seconds
[2025-04-28T11:30:41.410+0000] {processor.py:161} INFO - Started process (PID=3362) to work on /home/airflow/.local/lib/python3.8/site-packages/airflow/example_dags/example_sensor_decorator.py
[2025-04-28T11:30:41.413+0000] {processor.py:830} INFO - Processing file /home/airflow/.local/lib/python3.8/site-packages/airflow/example_dags/example_sensor_decorator.py for tasks to queue
[2025-04-28T11:30:41.416+0000] {logging_mixin.py:188} INFO - [2025-04-28T11:30:41.415+0000] {dagbag.py:538} INFO - Filling up the DagBag from /home/airflow/.local/lib/python3.8/site-packages/airflow/example_dags/example_sensor_decorator.py
[2025-04-28T11:30:41.425+0000] {processor.py:840} INFO - DAG(s) 'example_sensor_decorator' retrieved from /home/airflow/.local/lib/python3.8/site-packages/airflow/example_dags/example_sensor_decorator.py
[2025-04-28T11:30:41.467+0000] {logging_mixin.py:188} INFO - [2025-04-28T11:30:41.467+0000] {dag.py:3033} INFO - Sync 1 DAGs
[2025-04-28T11:30:41.490+0000] {logging_mixin.py:188} INFO - [2025-04-28T11:30:41.490+0000] {dag.py:3820} INFO - Setting next_dagrun for example_sensor_decorator to None, run_after=None
[2025-04-28T11:30:41.597+0000] {processor.py:183} INFO - Processing /home/airflow/.local/lib/python3.8/site-packages/airflow/example_dags/example_sensor_decorator.py took 0.192 seconds
[2025-04-28T11:31:13.025+0000] {processor.py:161} INFO - Started process (PID=3418) to work on /home/airflow/.local/lib/python3.8/site-packages/airflow/example_dags/example_sensor_decorator.py
[2025-04-28T11:31:13.027+0000] {processor.py:830} INFO - Processing file /home/airflow/.local/lib/python3.8/site-packages/airflow/example_dags/example_sensor_decorator.py for tasks to queue
[2025-04-28T11:31:13.029+0000] {logging_mixin.py:188} INFO - [2025-04-28T11:31:13.029+0000] {dagbag.py:538} INFO - Filling up the DagBag from /home/airflow/.local/lib/python3.8/site-packages/airflow/example_dags/example_sensor_decorator.py
[2025-04-28T11:31:13.042+0000] {processor.py:840} INFO - DAG(s) 'example_sensor_decorator' retrieved from /home/airflow/.local/lib/python3.8/site-packages/airflow/example_dags/example_sensor_decorator.py
[2025-04-28T11:31:13.083+0000] {logging_mixin.py:188} INFO - [2025-04-28T11:31:13.083+0000] {dag.py:3033} INFO - Sync 1 DAGs
[2025-04-28T11:31:13.116+0000] {logging_mixin.py:188} INFO - [2025-04-28T11:31:13.116+0000] {dag.py:3820} INFO - Setting next_dagrun for example_sensor_decorator to None, run_after=None
[2025-04-28T11:31:13.150+0000] {processor.py:183} INFO - Processing /home/airflow/.local/lib/python3.8/site-packages/airflow/example_dags/example_sensor_decorator.py took 0.129 seconds
[2025-04-28T11:31:44.889+0000] {processor.py:161} INFO - Started process (PID=3474) to work on /home/airflow/.local/lib/python3.8/site-packages/airflow/example_dags/example_sensor_decorator.py
[2025-04-28T11:31:44.891+0000] {processor.py:830} INFO - Processing file /home/airflow/.local/lib/python3.8/site-packages/airflow/example_dags/example_sensor_decorator.py for tasks to queue
[2025-04-28T11:31:44.893+0000] {logging_mixin.py:188} INFO - [2025-04-28T11:31:44.892+0000] {dagbag.py:538} INFO - Filling up the DagBag from /home/airflow/.local/lib/python3.8/site-packages/airflow/example_dags/example_sensor_decorator.py
[2025-04-28T11:31:44.909+0000] {processor.py:840} INFO - DAG(s) 'example_sensor_decorator' retrieved from /home/airflow/.local/lib/python3.8/site-packages/airflow/example_dags/example_sensor_decorator.py
[2025-04-28T11:31:44.966+0000] {logging_mixin.py:188} INFO - [2025-04-28T11:31:44.966+0000] {dag.py:3033} INFO - Sync 1 DAGs
[2025-04-28T11:31:44.990+0000] {logging_mixin.py:188} INFO - [2025-04-28T11:31:44.990+0000] {dag.py:3820} INFO - Setting next_dagrun for example_sensor_decorator to None, run_after=None
[2025-04-28T11:31:45.025+0000] {processor.py:183} INFO - Processing /home/airflow/.local/lib/python3.8/site-packages/airflow/example_dags/example_sensor_decorator.py took 0.142 seconds
[2025-04-28T11:32:18.201+0000] {processor.py:161} INFO - Started process (PID=3531) to work on /home/airflow/.local/lib/python3.8/site-packages/airflow/example_dags/example_sensor_decorator.py
[2025-04-28T11:32:18.202+0000] {processor.py:830} INFO - Processing file /home/airflow/.local/lib/python3.8/site-packages/airflow/example_dags/example_sensor_decorator.py for tasks to queue
[2025-04-28T11:32:18.204+0000] {logging_mixin.py:188} INFO - [2025-04-28T11:32:18.203+0000] {dagbag.py:538} INFO - Filling up the DagBag from /home/airflow/.local/lib/python3.8/site-packages/airflow/example_dags/example_sensor_decorator.py
[2025-04-28T11:32:18.217+0000] {processor.py:840} INFO - DAG(s) 'example_sensor_decorator' retrieved from /home/airflow/.local/lib/python3.8/site-packages/airflow/example_dags/example_sensor_decorator.py
[2025-04-28T11:32:18.255+0000] {logging_mixin.py:188} INFO - [2025-04-28T11:32:18.254+0000] {dag.py:3033} INFO - Sync 1 DAGs
[2025-04-28T11:32:18.278+0000] {logging_mixin.py:188} INFO - [2025-04-28T11:32:18.278+0000] {dag.py:3820} INFO - Setting next_dagrun for example_sensor_decorator to None, run_after=None
[2025-04-28T11:32:18.323+0000] {processor.py:183} INFO - Processing /home/airflow/.local/lib/python3.8/site-packages/airflow/example_dags/example_sensor_decorator.py took 0.129 seconds
[2025-04-28T11:32:55.647+0000] {processor.py:161} INFO - Started process (PID=3594) to work on /home/airflow/.local/lib/python3.8/site-packages/airflow/example_dags/example_sensor_decorator.py
[2025-04-28T11:32:55.657+0000] {processor.py:830} INFO - Processing file /home/airflow/.local/lib/python3.8/site-packages/airflow/example_dags/example_sensor_decorator.py for tasks to queue
[2025-04-28T11:32:55.659+0000] {logging_mixin.py:188} INFO - [2025-04-28T11:32:55.658+0000] {dagbag.py:538} INFO - Filling up the DagBag from /home/airflow/.local/lib/python3.8/site-packages/airflow/example_dags/example_sensor_decorator.py
[2025-04-28T11:32:55.671+0000] {processor.py:840} INFO - DAG(s) 'example_sensor_decorator' retrieved from /home/airflow/.local/lib/python3.8/site-packages/airflow/example_dags/example_sensor_decorator.py
[2025-04-28T11:32:55.725+0000] {logging_mixin.py:188} INFO - [2025-04-28T11:32:55.725+0000] {dag.py:3033} INFO - Sync 1 DAGs
[2025-04-28T11:32:55.762+0000] {logging_mixin.py:188} INFO - [2025-04-28T11:32:55.761+0000] {dag.py:3820} INFO - Setting next_dagrun for example_sensor_decorator to None, run_after=None
[2025-04-28T11:32:55.856+0000] {processor.py:183} INFO - Processing /home/airflow/.local/lib/python3.8/site-packages/airflow/example_dags/example_sensor_decorator.py took 0.216 seconds
[2025-04-28T11:33:27.472+0000] {processor.py:161} INFO - Started process (PID=3650) to work on /home/airflow/.local/lib/python3.8/site-packages/airflow/example_dags/example_sensor_decorator.py
[2025-04-28T11:33:27.474+0000] {processor.py:830} INFO - Processing file /home/airflow/.local/lib/python3.8/site-packages/airflow/example_dags/example_sensor_decorator.py for tasks to queue
[2025-04-28T11:33:27.476+0000] {logging_mixin.py:188} INFO - [2025-04-28T11:33:27.475+0000] {dagbag.py:538} INFO - Filling up the DagBag from /home/airflow/.local/lib/python3.8/site-packages/airflow/example_dags/example_sensor_decorator.py
[2025-04-28T11:33:27.486+0000] {processor.py:840} INFO - DAG(s) 'example_sensor_decorator' retrieved from /home/airflow/.local/lib/python3.8/site-packages/airflow/example_dags/example_sensor_decorator.py
[2025-04-28T11:33:27.520+0000] {logging_mixin.py:188} INFO - [2025-04-28T11:33:27.519+0000] {dag.py:3033} INFO - Sync 1 DAGs
[2025-04-28T11:33:27.543+0000] {logging_mixin.py:188} INFO - [2025-04-28T11:33:27.543+0000] {dag.py:3820} INFO - Setting next_dagrun for example_sensor_decorator to None, run_after=None
[2025-04-28T11:33:27.572+0000] {processor.py:183} INFO - Processing /home/airflow/.local/lib/python3.8/site-packages/airflow/example_dags/example_sensor_decorator.py took 0.105 seconds
[2025-04-28T11:33:59.176+0000] {processor.py:161} INFO - Started process (PID=3706) to work on /home/airflow/.local/lib/python3.8/site-packages/airflow/example_dags/example_sensor_decorator.py
[2025-04-28T11:33:59.180+0000] {processor.py:830} INFO - Processing file /home/airflow/.local/lib/python3.8/site-packages/airflow/example_dags/example_sensor_decorator.py for tasks to queue
[2025-04-28T11:33:59.187+0000] {logging_mixin.py:188} INFO - [2025-04-28T11:33:59.186+0000] {dagbag.py:538} INFO - Filling up the DagBag from /home/airflow/.local/lib/python3.8/site-packages/airflow/example_dags/example_sensor_decorator.py
[2025-04-28T11:33:59.199+0000] {processor.py:840} INFO - DAG(s) 'example_sensor_decorator' retrieved from /home/airflow/.local/lib/python3.8/site-packages/airflow/example_dags/example_sensor_decorator.py
[2025-04-28T11:33:59.254+0000] {logging_mixin.py:188} INFO - [2025-04-28T11:33:59.253+0000] {dag.py:3033} INFO - Sync 1 DAGs
[2025-04-28T11:33:59.279+0000] {logging_mixin.py:188} INFO - [2025-04-28T11:33:59.279+0000] {dag.py:3820} INFO - Setting next_dagrun for example_sensor_decorator to None, run_after=None
[2025-04-28T11:33:59.333+0000] {processor.py:183} INFO - Processing /home/airflow/.local/lib/python3.8/site-packages/airflow/example_dags/example_sensor_decorator.py took 0.163 seconds
[2025-04-28T11:34:29.534+0000] {processor.py:161} INFO - Started process (PID=3762) to work on /home/airflow/.local/lib/python3.8/site-packages/airflow/example_dags/example_sensor_decorator.py
[2025-04-28T11:34:29.535+0000] {processor.py:830} INFO - Processing file /home/airflow/.local/lib/python3.8/site-packages/airflow/example_dags/example_sensor_decorator.py for tasks to queue
[2025-04-28T11:34:29.537+0000] {logging_mixin.py:188} INFO - [2025-04-28T11:34:29.536+0000] {dagbag.py:538} INFO - Filling up the DagBag from /home/airflow/.local/lib/python3.8/site-packages/airflow/example_dags/example_sensor_decorator.py
[2025-04-28T11:34:29.545+0000] {processor.py:840} INFO - DAG(s) 'example_sensor_decorator' retrieved from /home/airflow/.local/lib/python3.8/site-packages/airflow/example_dags/example_sensor_decorator.py
[2025-04-28T11:34:29.574+0000] {logging_mixin.py:188} INFO - [2025-04-28T11:34:29.573+0000] {dag.py:3033} INFO - Sync 1 DAGs
[2025-04-28T11:34:29.590+0000] {logging_mixin.py:188} INFO - [2025-04-28T11:34:29.590+0000] {dag.py:3820} INFO - Setting next_dagrun for example_sensor_decorator to None, run_after=None
[2025-04-28T11:34:29.617+0000] {processor.py:183} INFO - Processing /home/airflow/.local/lib/python3.8/site-packages/airflow/example_dags/example_sensor_decorator.py took 0.087 seconds
[2025-04-28T11:34:59.873+0000] {processor.py:161} INFO - Started process (PID=3818) to work on /home/airflow/.local/lib/python3.8/site-packages/airflow/example_dags/example_sensor_decorator.py
[2025-04-28T11:34:59.877+0000] {processor.py:830} INFO - Processing file /home/airflow/.local/lib/python3.8/site-packages/airflow/example_dags/example_sensor_decorator.py for tasks to queue
[2025-04-28T11:34:59.880+0000] {logging_mixin.py:188} INFO - [2025-04-28T11:34:59.879+0000] {dagbag.py:538} INFO - Filling up the DagBag from /home/airflow/.local/lib/python3.8/site-packages/airflow/example_dags/example_sensor_decorator.py
[2025-04-28T11:34:59.895+0000] {processor.py:840} INFO - DAG(s) 'example_sensor_decorator' retrieved from /home/airflow/.local/lib/python3.8/site-packages/airflow/example_dags/example_sensor_decorator.py
[2025-04-28T11:34:59.942+0000] {logging_mixin.py:188} INFO - [2025-04-28T11:34:59.942+0000] {dag.py:3033} INFO - Sync 1 DAGs
[2025-04-28T11:34:59.967+0000] {logging_mixin.py:188} INFO - [2025-04-28T11:34:59.967+0000] {dag.py:3820} INFO - Setting next_dagrun for example_sensor_decorator to None, run_after=None
[2025-04-28T11:35:00.042+0000] {processor.py:183} INFO - Processing /home/airflow/.local/lib/python3.8/site-packages/airflow/example_dags/example_sensor_decorator.py took 0.173 seconds
[2025-04-28T11:35:32.023+0000] {processor.py:161} INFO - Started process (PID=3874) to work on /home/airflow/.local/lib/python3.8/site-packages/airflow/example_dags/example_sensor_decorator.py
[2025-04-28T11:35:32.024+0000] {processor.py:830} INFO - Processing file /home/airflow/.local/lib/python3.8/site-packages/airflow/example_dags/example_sensor_decorator.py for tasks to queue
[2025-04-28T11:35:32.026+0000] {logging_mixin.py:188} INFO - [2025-04-28T11:35:32.025+0000] {dagbag.py:538} INFO - Filling up the DagBag from /home/airflow/.local/lib/python3.8/site-packages/airflow/example_dags/example_sensor_decorator.py
[2025-04-28T11:35:32.033+0000] {processor.py:840} INFO - DAG(s) 'example_sensor_decorator' retrieved from /home/airflow/.local/lib/python3.8/site-packages/airflow/example_dags/example_sensor_decorator.py
[2025-04-28T11:35:32.066+0000] {logging_mixin.py:188} INFO - [2025-04-28T11:35:32.066+0000] {dag.py:3033} INFO - Sync 1 DAGs
[2025-04-28T11:35:32.088+0000] {logging_mixin.py:188} INFO - [2025-04-28T11:35:32.088+0000] {dag.py:3820} INFO - Setting next_dagrun for example_sensor_decorator to None, run_after=None
[2025-04-28T11:35:32.124+0000] {processor.py:183} INFO - Processing /home/airflow/.local/lib/python3.8/site-packages/airflow/example_dags/example_sensor_decorator.py took 0.106 seconds
[2025-04-28T11:36:05.310+0000] {processor.py:161} INFO - Started process (PID=3931) to work on /home/airflow/.local/lib/python3.8/site-packages/airflow/example_dags/example_sensor_decorator.py
[2025-04-28T11:36:05.312+0000] {processor.py:830} INFO - Processing file /home/airflow/.local/lib/python3.8/site-packages/airflow/example_dags/example_sensor_decorator.py for tasks to queue
[2025-04-28T11:36:05.313+0000] {logging_mixin.py:188} INFO - [2025-04-28T11:36:05.313+0000] {dagbag.py:538} INFO - Filling up the DagBag from /home/airflow/.local/lib/python3.8/site-packages/airflow/example_dags/example_sensor_decorator.py
[2025-04-28T11:36:05.322+0000] {processor.py:840} INFO - DAG(s) 'example_sensor_decorator' retrieved from /home/airflow/.local/lib/python3.8/site-packages/airflow/example_dags/example_sensor_decorator.py
[2025-04-28T11:36:05.356+0000] {logging_mixin.py:188} INFO - [2025-04-28T11:36:05.356+0000] {dag.py:3033} INFO - Sync 1 DAGs
[2025-04-28T11:36:05.377+0000] {logging_mixin.py:188} INFO - [2025-04-28T11:36:05.377+0000] {dag.py:3820} INFO - Setting next_dagrun for example_sensor_decorator to None, run_after=None
[2025-04-28T11:36:05.409+0000] {processor.py:183} INFO - Processing /home/airflow/.local/lib/python3.8/site-packages/airflow/example_dags/example_sensor_decorator.py took 0.104 seconds
[2025-04-28T11:36:37.703+0000] {processor.py:161} INFO - Started process (PID=3987) to work on /home/airflow/.local/lib/python3.8/site-packages/airflow/example_dags/example_sensor_decorator.py
[2025-04-28T11:36:37.705+0000] {processor.py:830} INFO - Processing file /home/airflow/.local/lib/python3.8/site-packages/airflow/example_dags/example_sensor_decorator.py for tasks to queue
[2025-04-28T11:36:37.706+0000] {logging_mixin.py:188} INFO - [2025-04-28T11:36:37.706+0000] {dagbag.py:538} INFO - Filling up the DagBag from /home/airflow/.local/lib/python3.8/site-packages/airflow/example_dags/example_sensor_decorator.py
[2025-04-28T11:36:37.718+0000] {processor.py:840} INFO - DAG(s) 'example_sensor_decorator' retrieved from /home/airflow/.local/lib/python3.8/site-packages/airflow/example_dags/example_sensor_decorator.py
[2025-04-28T11:36:37.752+0000] {logging_mixin.py:188} INFO - [2025-04-28T11:36:37.751+0000] {dag.py:3033} INFO - Sync 1 DAGs
[2025-04-28T11:36:37.772+0000] {logging_mixin.py:188} INFO - [2025-04-28T11:36:37.771+0000] {dag.py:3820} INFO - Setting next_dagrun for example_sensor_decorator to None, run_after=None
[2025-04-28T11:36:37.800+0000] {processor.py:183} INFO - Processing /home/airflow/.local/lib/python3.8/site-packages/airflow/example_dags/example_sensor_decorator.py took 0.102 seconds
[2025-04-28T11:37:12.567+0000] {processor.py:161} INFO - Started process (PID=4043) to work on /home/airflow/.local/lib/python3.8/site-packages/airflow/example_dags/example_sensor_decorator.py
[2025-04-28T11:37:12.575+0000] {processor.py:830} INFO - Processing file /home/airflow/.local/lib/python3.8/site-packages/airflow/example_dags/example_sensor_decorator.py for tasks to queue
[2025-04-28T11:37:12.587+0000] {logging_mixin.py:188} INFO - [2025-04-28T11:37:12.587+0000] {dagbag.py:538} INFO - Filling up the DagBag from /home/airflow/.local/lib/python3.8/site-packages/airflow/example_dags/example_sensor_decorator.py
[2025-04-28T11:37:12.620+0000] {processor.py:840} INFO - DAG(s) 'example_sensor_decorator' retrieved from /home/airflow/.local/lib/python3.8/site-packages/airflow/example_dags/example_sensor_decorator.py
[2025-04-28T11:37:12.674+0000] {logging_mixin.py:188} INFO - [2025-04-28T11:37:12.674+0000] {dag.py:3033} INFO - Sync 1 DAGs
[2025-04-28T11:37:12.731+0000] {logging_mixin.py:188} INFO - [2025-04-28T11:37:12.731+0000] {dag.py:3820} INFO - Setting next_dagrun for example_sensor_decorator to None, run_after=None
[2025-04-28T11:37:12.823+0000] {processor.py:183} INFO - Processing /home/airflow/.local/lib/python3.8/site-packages/airflow/example_dags/example_sensor_decorator.py took 0.261 seconds
[2025-04-28T11:37:44.089+0000] {processor.py:161} INFO - Started process (PID=4099) to work on /home/airflow/.local/lib/python3.8/site-packages/airflow/example_dags/example_sensor_decorator.py
[2025-04-28T11:37:44.092+0000] {processor.py:830} INFO - Processing file /home/airflow/.local/lib/python3.8/site-packages/airflow/example_dags/example_sensor_decorator.py for tasks to queue
[2025-04-28T11:37:44.094+0000] {logging_mixin.py:188} INFO - [2025-04-28T11:37:44.093+0000] {dagbag.py:538} INFO - Filling up the DagBag from /home/airflow/.local/lib/python3.8/site-packages/airflow/example_dags/example_sensor_decorator.py
[2025-04-28T11:37:44.106+0000] {processor.py:840} INFO - DAG(s) 'example_sensor_decorator' retrieved from /home/airflow/.local/lib/python3.8/site-packages/airflow/example_dags/example_sensor_decorator.py
[2025-04-28T11:37:44.149+0000] {logging_mixin.py:188} INFO - [2025-04-28T11:37:44.149+0000] {dag.py:3033} INFO - Sync 1 DAGs
[2025-04-28T11:37:44.189+0000] {logging_mixin.py:188} INFO - [2025-04-28T11:37:44.189+0000] {dag.py:3820} INFO - Setting next_dagrun for example_sensor_decorator to None, run_after=None
[2025-04-28T11:37:44.233+0000] {processor.py:183} INFO - Processing /home/airflow/.local/lib/python3.8/site-packages/airflow/example_dags/example_sensor_decorator.py took 0.150 seconds
[2025-04-28T11:38:17.375+0000] {processor.py:161} INFO - Started process (PID=4154) to work on /home/airflow/.local/lib/python3.8/site-packages/airflow/example_dags/example_sensor_decorator.py
[2025-04-28T11:38:17.377+0000] {processor.py:830} INFO - Processing file /home/airflow/.local/lib/python3.8/site-packages/airflow/example_dags/example_sensor_decorator.py for tasks to queue
[2025-04-28T11:38:17.379+0000] {logging_mixin.py:188} INFO - [2025-04-28T11:38:17.378+0000] {dagbag.py:538} INFO - Filling up the DagBag from /home/airflow/.local/lib/python3.8/site-packages/airflow/example_dags/example_sensor_decorator.py
[2025-04-28T11:38:17.405+0000] {processor.py:840} INFO - DAG(s) 'example_sensor_decorator' retrieved from /home/airflow/.local/lib/python3.8/site-packages/airflow/example_dags/example_sensor_decorator.py
[2025-04-28T11:38:17.513+0000] {logging_mixin.py:188} INFO - [2025-04-28T11:38:17.513+0000] {dag.py:3033} INFO - Sync 1 DAGs
[2025-04-28T11:38:17.555+0000] {logging_mixin.py:188} INFO - [2025-04-28T11:38:17.554+0000] {dag.py:3820} INFO - Setting next_dagrun for example_sensor_decorator to None, run_after=None
[2025-04-28T11:38:17.602+0000] {processor.py:183} INFO - Processing /home/airflow/.local/lib/python3.8/site-packages/airflow/example_dags/example_sensor_decorator.py took 0.234 seconds
[2025-04-28T11:38:48.747+0000] {processor.py:161} INFO - Started process (PID=4210) to work on /home/airflow/.local/lib/python3.8/site-packages/airflow/example_dags/example_sensor_decorator.py
[2025-04-28T11:38:48.748+0000] {processor.py:830} INFO - Processing file /home/airflow/.local/lib/python3.8/site-packages/airflow/example_dags/example_sensor_decorator.py for tasks to queue
[2025-04-28T11:38:48.749+0000] {logging_mixin.py:188} INFO - [2025-04-28T11:38:48.749+0000] {dagbag.py:538} INFO - Filling up the DagBag from /home/airflow/.local/lib/python3.8/site-packages/airflow/example_dags/example_sensor_decorator.py
[2025-04-28T11:38:48.757+0000] {processor.py:840} INFO - DAG(s) 'example_sensor_decorator' retrieved from /home/airflow/.local/lib/python3.8/site-packages/airflow/example_dags/example_sensor_decorator.py
[2025-04-28T11:38:48.793+0000] {logging_mixin.py:188} INFO - [2025-04-28T11:38:48.792+0000] {dag.py:3033} INFO - Sync 1 DAGs
[2025-04-28T11:38:48.816+0000] {logging_mixin.py:188} INFO - [2025-04-28T11:38:48.816+0000] {dag.py:3820} INFO - Setting next_dagrun for example_sensor_decorator to None, run_after=None
[2025-04-28T11:38:48.845+0000] {processor.py:183} INFO - Processing /home/airflow/.local/lib/python3.8/site-packages/airflow/example_dags/example_sensor_decorator.py took 0.104 seconds
[2025-04-28T11:39:22.432+0000] {processor.py:161} INFO - Started process (PID=4267) to work on /home/airflow/.local/lib/python3.8/site-packages/airflow/example_dags/example_sensor_decorator.py
[2025-04-28T11:39:22.433+0000] {processor.py:830} INFO - Processing file /home/airflow/.local/lib/python3.8/site-packages/airflow/example_dags/example_sensor_decorator.py for tasks to queue
[2025-04-28T11:39:22.436+0000] {logging_mixin.py:188} INFO - [2025-04-28T11:39:22.435+0000] {dagbag.py:538} INFO - Filling up the DagBag from /home/airflow/.local/lib/python3.8/site-packages/airflow/example_dags/example_sensor_decorator.py
[2025-04-28T11:39:22.446+0000] {processor.py:840} INFO - DAG(s) 'example_sensor_decorator' retrieved from /home/airflow/.local/lib/python3.8/site-packages/airflow/example_dags/example_sensor_decorator.py
[2025-04-28T11:39:22.493+0000] {logging_mixin.py:188} INFO - [2025-04-28T11:39:22.492+0000] {dag.py:3033} INFO - Sync 1 DAGs
[2025-04-28T11:39:22.513+0000] {logging_mixin.py:188} INFO - [2025-04-28T11:39:22.513+0000] {dag.py:3820} INFO - Setting next_dagrun for example_sensor_decorator to None, run_after=None
[2025-04-28T11:39:22.542+0000] {processor.py:183} INFO - Processing /home/airflow/.local/lib/python3.8/site-packages/airflow/example_dags/example_sensor_decorator.py took 0.115 seconds
[2025-04-28T11:39:55.707+0000] {processor.py:161} INFO - Started process (PID=4323) to work on /home/airflow/.local/lib/python3.8/site-packages/airflow/example_dags/example_sensor_decorator.py
[2025-04-28T11:39:55.723+0000] {processor.py:830} INFO - Processing file /home/airflow/.local/lib/python3.8/site-packages/airflow/example_dags/example_sensor_decorator.py for tasks to queue
[2025-04-28T11:39:55.730+0000] {logging_mixin.py:188} INFO - [2025-04-28T11:39:55.729+0000] {dagbag.py:538} INFO - Filling up the DagBag from /home/airflow/.local/lib/python3.8/site-packages/airflow/example_dags/example_sensor_decorator.py
[2025-04-28T11:39:55.765+0000] {processor.py:840} INFO - DAG(s) 'example_sensor_decorator' retrieved from /home/airflow/.local/lib/python3.8/site-packages/airflow/example_dags/example_sensor_decorator.py
[2025-04-28T11:39:55.857+0000] {logging_mixin.py:188} INFO - [2025-04-28T11:39:55.857+0000] {dag.py:3033} INFO - Sync 1 DAGs
[2025-04-28T11:39:55.920+0000] {logging_mixin.py:188} INFO - [2025-04-28T11:39:55.920+0000] {dag.py:3820} INFO - Setting next_dagrun for example_sensor_decorator to None, run_after=None
[2025-04-28T11:39:55.992+0000] {processor.py:183} INFO - Processing /home/airflow/.local/lib/python3.8/site-packages/airflow/example_dags/example_sensor_decorator.py took 0.292 seconds
[2025-04-28T11:40:27.622+0000] {processor.py:161} INFO - Started process (PID=4379) to work on /home/airflow/.local/lib/python3.8/site-packages/airflow/example_dags/example_sensor_decorator.py
[2025-04-28T11:40:27.624+0000] {processor.py:830} INFO - Processing file /home/airflow/.local/lib/python3.8/site-packages/airflow/example_dags/example_sensor_decorator.py for tasks to queue
[2025-04-28T11:40:27.625+0000] {logging_mixin.py:188} INFO - [2025-04-28T11:40:27.625+0000] {dagbag.py:538} INFO - Filling up the DagBag from /home/airflow/.local/lib/python3.8/site-packages/airflow/example_dags/example_sensor_decorator.py
[2025-04-28T11:40:27.634+0000] {processor.py:840} INFO - DAG(s) 'example_sensor_decorator' retrieved from /home/airflow/.local/lib/python3.8/site-packages/airflow/example_dags/example_sensor_decorator.py
[2025-04-28T11:40:27.671+0000] {logging_mixin.py:188} INFO - [2025-04-28T11:40:27.671+0000] {dag.py:3033} INFO - Sync 1 DAGs
[2025-04-28T11:40:27.706+0000] {logging_mixin.py:188} INFO - [2025-04-28T11:40:27.705+0000] {dag.py:3820} INFO - Setting next_dagrun for example_sensor_decorator to None, run_after=None
[2025-04-28T11:40:27.740+0000] {processor.py:183} INFO - Processing /home/airflow/.local/lib/python3.8/site-packages/airflow/example_dags/example_sensor_decorator.py took 0.123 seconds
[2025-04-28T11:41:00.389+0000] {processor.py:161} INFO - Started process (PID=4434) to work on /home/airflow/.local/lib/python3.8/site-packages/airflow/example_dags/example_sensor_decorator.py
[2025-04-28T11:41:00.390+0000] {processor.py:830} INFO - Processing file /home/airflow/.local/lib/python3.8/site-packages/airflow/example_dags/example_sensor_decorator.py for tasks to queue
[2025-04-28T11:41:00.392+0000] {logging_mixin.py:188} INFO - [2025-04-28T11:41:00.392+0000] {dagbag.py:538} INFO - Filling up the DagBag from /home/airflow/.local/lib/python3.8/site-packages/airflow/example_dags/example_sensor_decorator.py
[2025-04-28T11:41:00.403+0000] {processor.py:840} INFO - DAG(s) 'example_sensor_decorator' retrieved from /home/airflow/.local/lib/python3.8/site-packages/airflow/example_dags/example_sensor_decorator.py
[2025-04-28T11:41:00.448+0000] {logging_mixin.py:188} INFO - [2025-04-28T11:41:00.447+0000] {dag.py:3033} INFO - Sync 1 DAGs
[2025-04-28T11:41:00.474+0000] {logging_mixin.py:188} INFO - [2025-04-28T11:41:00.472+0000] {dag.py:3820} INFO - Setting next_dagrun for example_sensor_decorator to None, run_after=None
[2025-04-28T11:41:00.506+0000] {processor.py:183} INFO - Processing /home/airflow/.local/lib/python3.8/site-packages/airflow/example_dags/example_sensor_decorator.py took 0.122 seconds
[2025-04-28T11:41:32.562+0000] {processor.py:161} INFO - Started process (PID=4490) to work on /home/airflow/.local/lib/python3.8/site-packages/airflow/example_dags/example_sensor_decorator.py
[2025-04-28T11:41:32.564+0000] {processor.py:830} INFO - Processing file /home/airflow/.local/lib/python3.8/site-packages/airflow/example_dags/example_sensor_decorator.py for tasks to queue
[2025-04-28T11:41:32.566+0000] {logging_mixin.py:188} INFO - [2025-04-28T11:41:32.565+0000] {dagbag.py:538} INFO - Filling up the DagBag from /home/airflow/.local/lib/python3.8/site-packages/airflow/example_dags/example_sensor_decorator.py
[2025-04-28T11:41:32.578+0000] {processor.py:840} INFO - DAG(s) 'example_sensor_decorator' retrieved from /home/airflow/.local/lib/python3.8/site-packages/airflow/example_dags/example_sensor_decorator.py
[2025-04-28T11:41:32.614+0000] {logging_mixin.py:188} INFO - [2025-04-28T11:41:32.614+0000] {dag.py:3033} INFO - Sync 1 DAGs
[2025-04-28T11:41:32.641+0000] {logging_mixin.py:188} INFO - [2025-04-28T11:41:32.640+0000] {dag.py:3820} INFO - Setting next_dagrun for example_sensor_decorator to None, run_after=None
[2025-04-28T11:41:32.673+0000] {processor.py:183} INFO - Processing /home/airflow/.local/lib/python3.8/site-packages/airflow/example_dags/example_sensor_decorator.py took 0.116 seconds
[2025-04-28T11:42:06.180+0000] {processor.py:161} INFO - Started process (PID=4550) to work on /home/airflow/.local/lib/python3.8/site-packages/airflow/example_dags/example_sensor_decorator.py
[2025-04-28T11:42:06.182+0000] {processor.py:830} INFO - Processing file /home/airflow/.local/lib/python3.8/site-packages/airflow/example_dags/example_sensor_decorator.py for tasks to queue
[2025-04-28T11:42:06.184+0000] {logging_mixin.py:188} INFO - [2025-04-28T11:42:06.184+0000] {dagbag.py:538} INFO - Filling up the DagBag from /home/airflow/.local/lib/python3.8/site-packages/airflow/example_dags/example_sensor_decorator.py
[2025-04-28T11:42:06.218+0000] {processor.py:840} INFO - DAG(s) 'example_sensor_decorator' retrieved from /home/airflow/.local/lib/python3.8/site-packages/airflow/example_dags/example_sensor_decorator.py
[2025-04-28T11:42:06.275+0000] {logging_mixin.py:188} INFO - [2025-04-28T11:42:06.274+0000] {dag.py:3033} INFO - Sync 1 DAGs
[2025-04-28T11:42:06.296+0000] {logging_mixin.py:188} INFO - [2025-04-28T11:42:06.296+0000] {dag.py:3820} INFO - Setting next_dagrun for example_sensor_decorator to None, run_after=None
[2025-04-28T11:42:06.329+0000] {processor.py:183} INFO - Processing /home/airflow/.local/lib/python3.8/site-packages/airflow/example_dags/example_sensor_decorator.py took 0.159 seconds
[2025-04-28T11:42:39.720+0000] {processor.py:161} INFO - Started process (PID=4610) to work on /home/airflow/.local/lib/python3.8/site-packages/airflow/example_dags/example_sensor_decorator.py
[2025-04-28T11:42:39.722+0000] {processor.py:830} INFO - Processing file /home/airflow/.local/lib/python3.8/site-packages/airflow/example_dags/example_sensor_decorator.py for tasks to queue
[2025-04-28T11:42:39.723+0000] {logging_mixin.py:188} INFO - [2025-04-28T11:42:39.723+0000] {dagbag.py:538} INFO - Filling up the DagBag from /home/airflow/.local/lib/python3.8/site-packages/airflow/example_dags/example_sensor_decorator.py
[2025-04-28T11:42:39.736+0000] {processor.py:840} INFO - DAG(s) 'example_sensor_decorator' retrieved from /home/airflow/.local/lib/python3.8/site-packages/airflow/example_dags/example_sensor_decorator.py
[2025-04-28T11:42:39.774+0000] {logging_mixin.py:188} INFO - [2025-04-28T11:42:39.774+0000] {dag.py:3033} INFO - Sync 1 DAGs
[2025-04-28T11:42:39.795+0000] {logging_mixin.py:188} INFO - [2025-04-28T11:42:39.795+0000] {dag.py:3820} INFO - Setting next_dagrun for example_sensor_decorator to None, run_after=None
[2025-04-28T11:42:39.828+0000] {processor.py:183} INFO - Processing /home/airflow/.local/lib/python3.8/site-packages/airflow/example_dags/example_sensor_decorator.py took 0.112 seconds
[2025-04-28T11:43:12.463+0000] {processor.py:161} INFO - Started process (PID=4674) to work on /home/airflow/.local/lib/python3.8/site-packages/airflow/example_dags/example_sensor_decorator.py
[2025-04-28T11:43:12.465+0000] {processor.py:830} INFO - Processing file /home/airflow/.local/lib/python3.8/site-packages/airflow/example_dags/example_sensor_decorator.py for tasks to queue
[2025-04-28T11:43:12.466+0000] {logging_mixin.py:188} INFO - [2025-04-28T11:43:12.466+0000] {dagbag.py:538} INFO - Filling up the DagBag from /home/airflow/.local/lib/python3.8/site-packages/airflow/example_dags/example_sensor_decorator.py
[2025-04-28T11:43:12.480+0000] {processor.py:840} INFO - DAG(s) 'example_sensor_decorator' retrieved from /home/airflow/.local/lib/python3.8/site-packages/airflow/example_dags/example_sensor_decorator.py
[2025-04-28T11:43:12.516+0000] {logging_mixin.py:188} INFO - [2025-04-28T11:43:12.516+0000] {dag.py:3033} INFO - Sync 1 DAGs
[2025-04-28T11:43:12.538+0000] {logging_mixin.py:188} INFO - [2025-04-28T11:43:12.537+0000] {dag.py:3820} INFO - Setting next_dagrun for example_sensor_decorator to None, run_after=None
[2025-04-28T11:43:12.572+0000] {processor.py:183} INFO - Processing /home/airflow/.local/lib/python3.8/site-packages/airflow/example_dags/example_sensor_decorator.py took 0.115 seconds
[2025-04-28T11:43:46.727+0000] {processor.py:161} INFO - Started process (PID=4736) to work on /home/airflow/.local/lib/python3.8/site-packages/airflow/example_dags/example_sensor_decorator.py
[2025-04-28T11:43:46.728+0000] {processor.py:830} INFO - Processing file /home/airflow/.local/lib/python3.8/site-packages/airflow/example_dags/example_sensor_decorator.py for tasks to queue
[2025-04-28T11:43:46.730+0000] {logging_mixin.py:188} INFO - [2025-04-28T11:43:46.730+0000] {dagbag.py:538} INFO - Filling up the DagBag from /home/airflow/.local/lib/python3.8/site-packages/airflow/example_dags/example_sensor_decorator.py
[2025-04-28T11:43:46.739+0000] {processor.py:840} INFO - DAG(s) 'example_sensor_decorator' retrieved from /home/airflow/.local/lib/python3.8/site-packages/airflow/example_dags/example_sensor_decorator.py
[2025-04-28T11:43:46.771+0000] {logging_mixin.py:188} INFO - [2025-04-28T11:43:46.770+0000] {dag.py:3033} INFO - Sync 1 DAGs
[2025-04-28T11:43:46.796+0000] {logging_mixin.py:188} INFO - [2025-04-28T11:43:46.796+0000] {dag.py:3820} INFO - Setting next_dagrun for example_sensor_decorator to None, run_after=None
[2025-04-28T11:43:46.831+0000] {processor.py:183} INFO - Processing /home/airflow/.local/lib/python3.8/site-packages/airflow/example_dags/example_sensor_decorator.py took 0.109 seconds
[2025-04-28T11:44:18.409+0000] {processor.py:161} INFO - Started process (PID=4792) to work on /home/airflow/.local/lib/python3.8/site-packages/airflow/example_dags/example_sensor_decorator.py
[2025-04-28T11:44:18.411+0000] {processor.py:830} INFO - Processing file /home/airflow/.local/lib/python3.8/site-packages/airflow/example_dags/example_sensor_decorator.py for tasks to queue
[2025-04-28T11:44:18.412+0000] {logging_mixin.py:188} INFO - [2025-04-28T11:44:18.412+0000] {dagbag.py:538} INFO - Filling up the DagBag from /home/airflow/.local/lib/python3.8/site-packages/airflow/example_dags/example_sensor_decorator.py
[2025-04-28T11:44:18.422+0000] {processor.py:840} INFO - DAG(s) 'example_sensor_decorator' retrieved from /home/airflow/.local/lib/python3.8/site-packages/airflow/example_dags/example_sensor_decorator.py
[2025-04-28T11:44:18.455+0000] {logging_mixin.py:188} INFO - [2025-04-28T11:44:18.455+0000] {dag.py:3033} INFO - Sync 1 DAGs
[2025-04-28T11:44:18.478+0000] {logging_mixin.py:188} INFO - [2025-04-28T11:44:18.478+0000] {dag.py:3820} INFO - Setting next_dagrun for example_sensor_decorator to None, run_after=None
[2025-04-28T11:44:18.514+0000] {processor.py:183} INFO - Processing /home/airflow/.local/lib/python3.8/site-packages/airflow/example_dags/example_sensor_decorator.py took 0.110 seconds
[2025-04-28T11:44:51.238+0000] {processor.py:161} INFO - Started process (PID=4848) to work on /home/airflow/.local/lib/python3.8/site-packages/airflow/example_dags/example_sensor_decorator.py
[2025-04-28T11:44:51.240+0000] {processor.py:830} INFO - Processing file /home/airflow/.local/lib/python3.8/site-packages/airflow/example_dags/example_sensor_decorator.py for tasks to queue
[2025-04-28T11:44:51.241+0000] {logging_mixin.py:188} INFO - [2025-04-28T11:44:51.241+0000] {dagbag.py:538} INFO - Filling up the DagBag from /home/airflow/.local/lib/python3.8/site-packages/airflow/example_dags/example_sensor_decorator.py
[2025-04-28T11:44:51.252+0000] {processor.py:840} INFO - DAG(s) 'example_sensor_decorator' retrieved from /home/airflow/.local/lib/python3.8/site-packages/airflow/example_dags/example_sensor_decorator.py
[2025-04-28T11:44:51.287+0000] {logging_mixin.py:188} INFO - [2025-04-28T11:44:51.286+0000] {dag.py:3033} INFO - Sync 1 DAGs
[2025-04-28T11:44:51.307+0000] {logging_mixin.py:188} INFO - [2025-04-28T11:44:51.307+0000] {dag.py:3820} INFO - Setting next_dagrun for example_sensor_decorator to None, run_after=None
[2025-04-28T11:44:51.356+0000] {processor.py:183} INFO - Processing /home/airflow/.local/lib/python3.8/site-packages/airflow/example_dags/example_sensor_decorator.py took 0.123 seconds
[2025-04-28T11:45:37.031+0000] {processor.py:161} INFO - Started process (PID=4904) to work on /home/airflow/.local/lib/python3.8/site-packages/airflow/example_dags/example_sensor_decorator.py
[2025-04-28T11:45:37.034+0000] {processor.py:830} INFO - Processing file /home/airflow/.local/lib/python3.8/site-packages/airflow/example_dags/example_sensor_decorator.py for tasks to queue
[2025-04-28T11:45:37.035+0000] {logging_mixin.py:188} INFO - [2025-04-28T11:45:37.035+0000] {dagbag.py:538} INFO - Filling up the DagBag from /home/airflow/.local/lib/python3.8/site-packages/airflow/example_dags/example_sensor_decorator.py
[2025-04-28T11:45:37.061+0000] {processor.py:840} INFO - DAG(s) 'example_sensor_decorator' retrieved from /home/airflow/.local/lib/python3.8/site-packages/airflow/example_dags/example_sensor_decorator.py
[2025-04-28T11:45:37.143+0000] {logging_mixin.py:188} INFO - [2025-04-28T11:45:37.142+0000] {dag.py:3033} INFO - Sync 1 DAGs
[2025-04-28T11:45:37.178+0000] {logging_mixin.py:188} INFO - [2025-04-28T11:45:37.178+0000] {dag.py:3820} INFO - Setting next_dagrun for example_sensor_decorator to None, run_after=None
[2025-04-28T11:45:37.232+0000] {processor.py:183} INFO - Processing /home/airflow/.local/lib/python3.8/site-packages/airflow/example_dags/example_sensor_decorator.py took 0.225 seconds
[2025-04-28T11:46:10.193+0000] {processor.py:161} INFO - Started process (PID=4960) to work on /home/airflow/.local/lib/python3.8/site-packages/airflow/example_dags/example_sensor_decorator.py
[2025-04-28T11:46:10.194+0000] {processor.py:830} INFO - Processing file /home/airflow/.local/lib/python3.8/site-packages/airflow/example_dags/example_sensor_decorator.py for tasks to queue
[2025-04-28T11:46:10.197+0000] {logging_mixin.py:188} INFO - [2025-04-28T11:46:10.196+0000] {dagbag.py:538} INFO - Filling up the DagBag from /home/airflow/.local/lib/python3.8/site-packages/airflow/example_dags/example_sensor_decorator.py
[2025-04-28T11:46:10.214+0000] {processor.py:840} INFO - DAG(s) 'example_sensor_decorator' retrieved from /home/airflow/.local/lib/python3.8/site-packages/airflow/example_dags/example_sensor_decorator.py
[2025-04-28T11:46:10.267+0000] {logging_mixin.py:188} INFO - [2025-04-28T11:46:10.267+0000] {dag.py:3033} INFO - Sync 1 DAGs
[2025-04-28T11:46:10.303+0000] {logging_mixin.py:188} INFO - [2025-04-28T11:46:10.303+0000] {dag.py:3820} INFO - Setting next_dagrun for example_sensor_decorator to None, run_after=None
[2025-04-28T11:46:10.359+0000] {processor.py:183} INFO - Processing /home/airflow/.local/lib/python3.8/site-packages/airflow/example_dags/example_sensor_decorator.py took 0.172 seconds
[2025-04-28T11:46:40.515+0000] {processor.py:161} INFO - Started process (PID=5016) to work on /home/airflow/.local/lib/python3.8/site-packages/airflow/example_dags/example_sensor_decorator.py
[2025-04-28T11:46:40.516+0000] {processor.py:830} INFO - Processing file /home/airflow/.local/lib/python3.8/site-packages/airflow/example_dags/example_sensor_decorator.py for tasks to queue
[2025-04-28T11:46:40.518+0000] {logging_mixin.py:188} INFO - [2025-04-28T11:46:40.518+0000] {dagbag.py:538} INFO - Filling up the DagBag from /home/airflow/.local/lib/python3.8/site-packages/airflow/example_dags/example_sensor_decorator.py
[2025-04-28T11:46:40.529+0000] {processor.py:840} INFO - DAG(s) 'example_sensor_decorator' retrieved from /home/airflow/.local/lib/python3.8/site-packages/airflow/example_dags/example_sensor_decorator.py
[2025-04-28T11:46:40.560+0000] {logging_mixin.py:188} INFO - [2025-04-28T11:46:40.560+0000] {dag.py:3033} INFO - Sync 1 DAGs
[2025-04-28T11:46:40.584+0000] {logging_mixin.py:188} INFO - [2025-04-28T11:46:40.584+0000] {dag.py:3820} INFO - Setting next_dagrun for example_sensor_decorator to None, run_after=None
[2025-04-28T11:46:40.623+0000] {processor.py:183} INFO - Processing /home/airflow/.local/lib/python3.8/site-packages/airflow/example_dags/example_sensor_decorator.py took 0.112 seconds
[2025-04-28T11:47:10.899+0000] {processor.py:161} INFO - Started process (PID=5072) to work on /home/airflow/.local/lib/python3.8/site-packages/airflow/example_dags/example_sensor_decorator.py
[2025-04-28T11:47:10.901+0000] {processor.py:830} INFO - Processing file /home/airflow/.local/lib/python3.8/site-packages/airflow/example_dags/example_sensor_decorator.py for tasks to queue
[2025-04-28T11:47:10.902+0000] {logging_mixin.py:188} INFO - [2025-04-28T11:47:10.902+0000] {dagbag.py:538} INFO - Filling up the DagBag from /home/airflow/.local/lib/python3.8/site-packages/airflow/example_dags/example_sensor_decorator.py
[2025-04-28T11:47:10.913+0000] {processor.py:840} INFO - DAG(s) 'example_sensor_decorator' retrieved from /home/airflow/.local/lib/python3.8/site-packages/airflow/example_dags/example_sensor_decorator.py
[2025-04-28T11:47:10.953+0000] {logging_mixin.py:188} INFO - [2025-04-28T11:47:10.953+0000] {dag.py:3033} INFO - Sync 1 DAGs
[2025-04-28T11:47:10.981+0000] {logging_mixin.py:188} INFO - [2025-04-28T11:47:10.981+0000] {dag.py:3820} INFO - Setting next_dagrun for example_sensor_decorator to None, run_after=None
[2025-04-28T11:47:11.039+0000] {processor.py:183} INFO - Processing /home/airflow/.local/lib/python3.8/site-packages/airflow/example_dags/example_sensor_decorator.py took 0.146 seconds
[2025-04-28T11:47:41.478+0000] {processor.py:161} INFO - Started process (PID=5128) to work on /home/airflow/.local/lib/python3.8/site-packages/airflow/example_dags/example_sensor_decorator.py
[2025-04-28T11:47:41.479+0000] {processor.py:830} INFO - Processing file /home/airflow/.local/lib/python3.8/site-packages/airflow/example_dags/example_sensor_decorator.py for tasks to queue
[2025-04-28T11:47:41.481+0000] {logging_mixin.py:188} INFO - [2025-04-28T11:47:41.480+0000] {dagbag.py:538} INFO - Filling up the DagBag from /home/airflow/.local/lib/python3.8/site-packages/airflow/example_dags/example_sensor_decorator.py
[2025-04-28T11:47:41.489+0000] {processor.py:840} INFO - DAG(s) 'example_sensor_decorator' retrieved from /home/airflow/.local/lib/python3.8/site-packages/airflow/example_dags/example_sensor_decorator.py
[2025-04-28T11:47:41.519+0000] {logging_mixin.py:188} INFO - [2025-04-28T11:47:41.519+0000] {dag.py:3033} INFO - Sync 1 DAGs
[2025-04-28T11:47:41.540+0000] {logging_mixin.py:188} INFO - [2025-04-28T11:47:41.540+0000] {dag.py:3820} INFO - Setting next_dagrun for example_sensor_decorator to None, run_after=None
[2025-04-28T11:47:41.585+0000] {processor.py:183} INFO - Processing /home/airflow/.local/lib/python3.8/site-packages/airflow/example_dags/example_sensor_decorator.py took 0.114 seconds
[2025-04-28T11:48:11.816+0000] {processor.py:161} INFO - Started process (PID=5184) to work on /home/airflow/.local/lib/python3.8/site-packages/airflow/example_dags/example_sensor_decorator.py
[2025-04-28T11:48:11.817+0000] {processor.py:830} INFO - Processing file /home/airflow/.local/lib/python3.8/site-packages/airflow/example_dags/example_sensor_decorator.py for tasks to queue
[2025-04-28T11:48:11.819+0000] {logging_mixin.py:188} INFO - [2025-04-28T11:48:11.819+0000] {dagbag.py:538} INFO - Filling up the DagBag from /home/airflow/.local/lib/python3.8/site-packages/airflow/example_dags/example_sensor_decorator.py
[2025-04-28T11:48:11.829+0000] {processor.py:840} INFO - DAG(s) 'example_sensor_decorator' retrieved from /home/airflow/.local/lib/python3.8/site-packages/airflow/example_dags/example_sensor_decorator.py
[2025-04-28T11:48:11.859+0000] {logging_mixin.py:188} INFO - [2025-04-28T11:48:11.858+0000] {dag.py:3033} INFO - Sync 1 DAGs
[2025-04-28T11:48:11.879+0000] {logging_mixin.py:188} INFO - [2025-04-28T11:48:11.879+0000] {dag.py:3820} INFO - Setting next_dagrun for example_sensor_decorator to None, run_after=None
[2025-04-28T11:48:11.910+0000] {processor.py:183} INFO - Processing /home/airflow/.local/lib/python3.8/site-packages/airflow/example_dags/example_sensor_decorator.py took 0.098 seconds
[2025-04-28T11:48:42.467+0000] {processor.py:161} INFO - Started process (PID=5239) to work on /home/airflow/.local/lib/python3.8/site-packages/airflow/example_dags/example_sensor_decorator.py
[2025-04-28T11:48:42.468+0000] {processor.py:830} INFO - Processing file /home/airflow/.local/lib/python3.8/site-packages/airflow/example_dags/example_sensor_decorator.py for tasks to queue
[2025-04-28T11:48:42.470+0000] {logging_mixin.py:188} INFO - [2025-04-28T11:48:42.469+0000] {dagbag.py:538} INFO - Filling up the DagBag from /home/airflow/.local/lib/python3.8/site-packages/airflow/example_dags/example_sensor_decorator.py
[2025-04-28T11:48:42.482+0000] {processor.py:840} INFO - DAG(s) 'example_sensor_decorator' retrieved from /home/airflow/.local/lib/python3.8/site-packages/airflow/example_dags/example_sensor_decorator.py
[2025-04-28T11:48:42.517+0000] {logging_mixin.py:188} INFO - [2025-04-28T11:48:42.516+0000] {dag.py:3033} INFO - Sync 1 DAGs
[2025-04-28T11:48:42.537+0000] {logging_mixin.py:188} INFO - [2025-04-28T11:48:42.537+0000] {dag.py:3820} INFO - Setting next_dagrun for example_sensor_decorator to None, run_after=None
[2025-04-28T11:48:42.575+0000] {processor.py:183} INFO - Processing /home/airflow/.local/lib/python3.8/site-packages/airflow/example_dags/example_sensor_decorator.py took 0.113 seconds
[2025-04-28T11:49:12.754+0000] {processor.py:161} INFO - Started process (PID=5295) to work on /home/airflow/.local/lib/python3.8/site-packages/airflow/example_dags/example_sensor_decorator.py
[2025-04-28T11:49:12.755+0000] {processor.py:830} INFO - Processing file /home/airflow/.local/lib/python3.8/site-packages/airflow/example_dags/example_sensor_decorator.py for tasks to queue
[2025-04-28T11:49:12.757+0000] {logging_mixin.py:188} INFO - [2025-04-28T11:49:12.756+0000] {dagbag.py:538} INFO - Filling up the DagBag from /home/airflow/.local/lib/python3.8/site-packages/airflow/example_dags/example_sensor_decorator.py
[2025-04-28T11:49:12.767+0000] {processor.py:840} INFO - DAG(s) 'example_sensor_decorator' retrieved from /home/airflow/.local/lib/python3.8/site-packages/airflow/example_dags/example_sensor_decorator.py
[2025-04-28T11:49:12.806+0000] {logging_mixin.py:188} INFO - [2025-04-28T11:49:12.805+0000] {dag.py:3033} INFO - Sync 1 DAGs
[2025-04-28T11:49:12.826+0000] {logging_mixin.py:188} INFO - [2025-04-28T11:49:12.825+0000] {dag.py:3820} INFO - Setting next_dagrun for example_sensor_decorator to None, run_after=None
[2025-04-28T11:49:12.853+0000] {processor.py:183} INFO - Processing /home/airflow/.local/lib/python3.8/site-packages/airflow/example_dags/example_sensor_decorator.py took 0.105 seconds
[2025-04-28T11:49:43.382+0000] {processor.py:161} INFO - Started process (PID=5351) to work on /home/airflow/.local/lib/python3.8/site-packages/airflow/example_dags/example_sensor_decorator.py
[2025-04-28T11:49:43.383+0000] {processor.py:830} INFO - Processing file /home/airflow/.local/lib/python3.8/site-packages/airflow/example_dags/example_sensor_decorator.py for tasks to queue
[2025-04-28T11:49:43.384+0000] {logging_mixin.py:188} INFO - [2025-04-28T11:49:43.384+0000] {dagbag.py:538} INFO - Filling up the DagBag from /home/airflow/.local/lib/python3.8/site-packages/airflow/example_dags/example_sensor_decorator.py
[2025-04-28T11:49:43.392+0000] {processor.py:840} INFO - DAG(s) 'example_sensor_decorator' retrieved from /home/airflow/.local/lib/python3.8/site-packages/airflow/example_dags/example_sensor_decorator.py
[2025-04-28T11:49:43.421+0000] {logging_mixin.py:188} INFO - [2025-04-28T11:49:43.421+0000] {dag.py:3033} INFO - Sync 1 DAGs
[2025-04-28T11:49:43.437+0000] {logging_mixin.py:188} INFO - [2025-04-28T11:49:43.437+0000] {dag.py:3820} INFO - Setting next_dagrun for example_sensor_decorator to None, run_after=None
[2025-04-28T11:49:43.461+0000] {processor.py:183} INFO - Processing /home/airflow/.local/lib/python3.8/site-packages/airflow/example_dags/example_sensor_decorator.py took 0.084 seconds
[2025-04-28T11:50:15.905+0000] {processor.py:161} INFO - Started process (PID=5408) to work on /home/airflow/.local/lib/python3.8/site-packages/airflow/example_dags/example_sensor_decorator.py
[2025-04-28T11:50:15.907+0000] {processor.py:830} INFO - Processing file /home/airflow/.local/lib/python3.8/site-packages/airflow/example_dags/example_sensor_decorator.py for tasks to queue
[2025-04-28T11:50:15.909+0000] {logging_mixin.py:188} INFO - [2025-04-28T11:50:15.909+0000] {dagbag.py:538} INFO - Filling up the DagBag from /home/airflow/.local/lib/python3.8/site-packages/airflow/example_dags/example_sensor_decorator.py
[2025-04-28T11:50:15.916+0000] {processor.py:840} INFO - DAG(s) 'example_sensor_decorator' retrieved from /home/airflow/.local/lib/python3.8/site-packages/airflow/example_dags/example_sensor_decorator.py
[2025-04-28T11:50:15.946+0000] {logging_mixin.py:188} INFO - [2025-04-28T11:50:15.946+0000] {dag.py:3033} INFO - Sync 1 DAGs
[2025-04-28T11:50:15.963+0000] {logging_mixin.py:188} INFO - [2025-04-28T11:50:15.963+0000] {dag.py:3820} INFO - Setting next_dagrun for example_sensor_decorator to None, run_after=None
[2025-04-28T11:50:15.994+0000] {processor.py:183} INFO - Processing /home/airflow/.local/lib/python3.8/site-packages/airflow/example_dags/example_sensor_decorator.py took 0.094 seconds
[2025-04-28T11:50:46.162+0000] {processor.py:161} INFO - Started process (PID=5463) to work on /home/airflow/.local/lib/python3.8/site-packages/airflow/example_dags/example_sensor_decorator.py
[2025-04-28T11:50:46.164+0000] {processor.py:830} INFO - Processing file /home/airflow/.local/lib/python3.8/site-packages/airflow/example_dags/example_sensor_decorator.py for tasks to queue
[2025-04-28T11:50:46.165+0000] {logging_mixin.py:188} INFO - [2025-04-28T11:50:46.165+0000] {dagbag.py:538} INFO - Filling up the DagBag from /home/airflow/.local/lib/python3.8/site-packages/airflow/example_dags/example_sensor_decorator.py
[2025-04-28T11:50:46.173+0000] {processor.py:840} INFO - DAG(s) 'example_sensor_decorator' retrieved from /home/airflow/.local/lib/python3.8/site-packages/airflow/example_dags/example_sensor_decorator.py
[2025-04-28T11:50:46.202+0000] {logging_mixin.py:188} INFO - [2025-04-28T11:50:46.201+0000] {dag.py:3033} INFO - Sync 1 DAGs
[2025-04-28T11:50:46.219+0000] {logging_mixin.py:188} INFO - [2025-04-28T11:50:46.219+0000] {dag.py:3820} INFO - Setting next_dagrun for example_sensor_decorator to None, run_after=None
[2025-04-28T11:50:46.267+0000] {processor.py:183} INFO - Processing /home/airflow/.local/lib/python3.8/site-packages/airflow/example_dags/example_sensor_decorator.py took 0.109 seconds
[2025-04-28T11:51:16.937+0000] {processor.py:161} INFO - Started process (PID=5519) to work on /home/airflow/.local/lib/python3.8/site-packages/airflow/example_dags/example_sensor_decorator.py
[2025-04-28T11:51:16.939+0000] {processor.py:830} INFO - Processing file /home/airflow/.local/lib/python3.8/site-packages/airflow/example_dags/example_sensor_decorator.py for tasks to queue
[2025-04-28T11:51:16.941+0000] {logging_mixin.py:188} INFO - [2025-04-28T11:51:16.940+0000] {dagbag.py:538} INFO - Filling up the DagBag from /home/airflow/.local/lib/python3.8/site-packages/airflow/example_dags/example_sensor_decorator.py
[2025-04-28T11:51:16.949+0000] {processor.py:840} INFO - DAG(s) 'example_sensor_decorator' retrieved from /home/airflow/.local/lib/python3.8/site-packages/airflow/example_dags/example_sensor_decorator.py
[2025-04-28T11:51:16.986+0000] {logging_mixin.py:188} INFO - [2025-04-28T11:51:16.985+0000] {dag.py:3033} INFO - Sync 1 DAGs
[2025-04-28T11:51:17.008+0000] {logging_mixin.py:188} INFO - [2025-04-28T11:51:17.008+0000] {dag.py:3820} INFO - Setting next_dagrun for example_sensor_decorator to None, run_after=None
[2025-04-28T11:51:17.043+0000] {processor.py:183} INFO - Processing /home/airflow/.local/lib/python3.8/site-packages/airflow/example_dags/example_sensor_decorator.py took 0.112 seconds
[2025-04-28T11:51:47.529+0000] {processor.py:161} INFO - Started process (PID=5575) to work on /home/airflow/.local/lib/python3.8/site-packages/airflow/example_dags/example_sensor_decorator.py
[2025-04-28T11:51:47.530+0000] {processor.py:830} INFO - Processing file /home/airflow/.local/lib/python3.8/site-packages/airflow/example_dags/example_sensor_decorator.py for tasks to queue
[2025-04-28T11:51:47.532+0000] {logging_mixin.py:188} INFO - [2025-04-28T11:51:47.532+0000] {dagbag.py:538} INFO - Filling up the DagBag from /home/airflow/.local/lib/python3.8/site-packages/airflow/example_dags/example_sensor_decorator.py
[2025-04-28T11:51:47.540+0000] {processor.py:840} INFO - DAG(s) 'example_sensor_decorator' retrieved from /home/airflow/.local/lib/python3.8/site-packages/airflow/example_dags/example_sensor_decorator.py
[2025-04-28T11:51:47.567+0000] {logging_mixin.py:188} INFO - [2025-04-28T11:51:47.567+0000] {dag.py:3033} INFO - Sync 1 DAGs
[2025-04-28T11:51:47.586+0000] {logging_mixin.py:188} INFO - [2025-04-28T11:51:47.586+0000] {dag.py:3820} INFO - Setting next_dagrun for example_sensor_decorator to None, run_after=None
[2025-04-28T11:51:47.629+0000] {processor.py:183} INFO - Processing /home/airflow/.local/lib/python3.8/site-packages/airflow/example_dags/example_sensor_decorator.py took 0.106 seconds
[2025-04-28T11:52:18.530+0000] {processor.py:161} INFO - Started process (PID=5631) to work on /home/airflow/.local/lib/python3.8/site-packages/airflow/example_dags/example_sensor_decorator.py
[2025-04-28T11:52:18.531+0000] {processor.py:830} INFO - Processing file /home/airflow/.local/lib/python3.8/site-packages/airflow/example_dags/example_sensor_decorator.py for tasks to queue
[2025-04-28T11:52:18.533+0000] {logging_mixin.py:188} INFO - [2025-04-28T11:52:18.533+0000] {dagbag.py:538} INFO - Filling up the DagBag from /home/airflow/.local/lib/python3.8/site-packages/airflow/example_dags/example_sensor_decorator.py
[2025-04-28T11:52:18.547+0000] {processor.py:840} INFO - DAG(s) 'example_sensor_decorator' retrieved from /home/airflow/.local/lib/python3.8/site-packages/airflow/example_dags/example_sensor_decorator.py
[2025-04-28T11:52:18.597+0000] {logging_mixin.py:188} INFO - [2025-04-28T11:52:18.597+0000] {dag.py:3033} INFO - Sync 1 DAGs
[2025-04-28T11:52:18.637+0000] {logging_mixin.py:188} INFO - [2025-04-28T11:52:18.636+0000] {dag.py:3820} INFO - Setting next_dagrun for example_sensor_decorator to None, run_after=None
[2025-04-28T11:52:18.679+0000] {processor.py:183} INFO - Processing /home/airflow/.local/lib/python3.8/site-packages/airflow/example_dags/example_sensor_decorator.py took 0.156 seconds
[2025-04-28T11:52:48.802+0000] {processor.py:161} INFO - Started process (PID=5681) to work on /home/airflow/.local/lib/python3.8/site-packages/airflow/example_dags/example_sensor_decorator.py
[2025-04-28T11:52:48.803+0000] {processor.py:830} INFO - Processing file /home/airflow/.local/lib/python3.8/site-packages/airflow/example_dags/example_sensor_decorator.py for tasks to queue
[2025-04-28T11:52:48.804+0000] {logging_mixin.py:188} INFO - [2025-04-28T11:52:48.804+0000] {dagbag.py:538} INFO - Filling up the DagBag from /home/airflow/.local/lib/python3.8/site-packages/airflow/example_dags/example_sensor_decorator.py
[2025-04-28T11:52:48.816+0000] {processor.py:840} INFO - DAG(s) 'example_sensor_decorator' retrieved from /home/airflow/.local/lib/python3.8/site-packages/airflow/example_dags/example_sensor_decorator.py
[2025-04-28T11:52:48.901+0000] {logging_mixin.py:188} INFO - [2025-04-28T11:52:48.900+0000] {dag.py:3033} INFO - Sync 1 DAGs
[2025-04-28T11:52:48.952+0000] {logging_mixin.py:188} INFO - [2025-04-28T11:52:48.951+0000] {dag.py:3820} INFO - Setting next_dagrun for example_sensor_decorator to None, run_after=None
[2025-04-28T11:52:49.028+0000] {processor.py:183} INFO - Processing /home/airflow/.local/lib/python3.8/site-packages/airflow/example_dags/example_sensor_decorator.py took 0.236 seconds
[2025-04-28T11:53:19.161+0000] {processor.py:161} INFO - Started process (PID=5738) to work on /home/airflow/.local/lib/python3.8/site-packages/airflow/example_dags/example_sensor_decorator.py
[2025-04-28T11:53:19.162+0000] {processor.py:830} INFO - Processing file /home/airflow/.local/lib/python3.8/site-packages/airflow/example_dags/example_sensor_decorator.py for tasks to queue
[2025-04-28T11:53:19.164+0000] {logging_mixin.py:188} INFO - [2025-04-28T11:53:19.163+0000] {dagbag.py:538} INFO - Filling up the DagBag from /home/airflow/.local/lib/python3.8/site-packages/airflow/example_dags/example_sensor_decorator.py
[2025-04-28T11:53:19.172+0000] {processor.py:840} INFO - DAG(s) 'example_sensor_decorator' retrieved from /home/airflow/.local/lib/python3.8/site-packages/airflow/example_dags/example_sensor_decorator.py
[2025-04-28T11:53:19.206+0000] {logging_mixin.py:188} INFO - [2025-04-28T11:53:19.206+0000] {dag.py:3033} INFO - Sync 1 DAGs
[2025-04-28T11:53:19.225+0000] {logging_mixin.py:188} INFO - [2025-04-28T11:53:19.224+0000] {dag.py:3820} INFO - Setting next_dagrun for example_sensor_decorator to None, run_after=None
[2025-04-28T11:53:19.276+0000] {processor.py:183} INFO - Processing /home/airflow/.local/lib/python3.8/site-packages/airflow/example_dags/example_sensor_decorator.py took 0.119 seconds
[2025-04-28T11:53:50.848+0000] {processor.py:161} INFO - Started process (PID=5794) to work on /home/airflow/.local/lib/python3.8/site-packages/airflow/example_dags/example_sensor_decorator.py
[2025-04-28T11:53:50.849+0000] {processor.py:830} INFO - Processing file /home/airflow/.local/lib/python3.8/site-packages/airflow/example_dags/example_sensor_decorator.py for tasks to queue
[2025-04-28T11:53:50.851+0000] {logging_mixin.py:188} INFO - [2025-04-28T11:53:50.850+0000] {dagbag.py:538} INFO - Filling up the DagBag from /home/airflow/.local/lib/python3.8/site-packages/airflow/example_dags/example_sensor_decorator.py
[2025-04-28T11:53:50.861+0000] {processor.py:840} INFO - DAG(s) 'example_sensor_decorator' retrieved from /home/airflow/.local/lib/python3.8/site-packages/airflow/example_dags/example_sensor_decorator.py
[2025-04-28T11:53:50.892+0000] {logging_mixin.py:188} INFO - [2025-04-28T11:53:50.892+0000] {dag.py:3033} INFO - Sync 1 DAGs
[2025-04-28T11:53:50.911+0000] {logging_mixin.py:188} INFO - [2025-04-28T11:53:50.911+0000] {dag.py:3820} INFO - Setting next_dagrun for example_sensor_decorator to None, run_after=None
[2025-04-28T11:53:50.943+0000] {processor.py:183} INFO - Processing /home/airflow/.local/lib/python3.8/site-packages/airflow/example_dags/example_sensor_decorator.py took 0.100 seconds
[2025-04-28T11:54:21.129+0000] {processor.py:161} INFO - Started process (PID=5850) to work on /home/airflow/.local/lib/python3.8/site-packages/airflow/example_dags/example_sensor_decorator.py
[2025-04-28T11:54:21.130+0000] {processor.py:830} INFO - Processing file /home/airflow/.local/lib/python3.8/site-packages/airflow/example_dags/example_sensor_decorator.py for tasks to queue
[2025-04-28T11:54:21.132+0000] {logging_mixin.py:188} INFO - [2025-04-28T11:54:21.132+0000] {dagbag.py:538} INFO - Filling up the DagBag from /home/airflow/.local/lib/python3.8/site-packages/airflow/example_dags/example_sensor_decorator.py
[2025-04-28T11:54:21.140+0000] {processor.py:840} INFO - DAG(s) 'example_sensor_decorator' retrieved from /home/airflow/.local/lib/python3.8/site-packages/airflow/example_dags/example_sensor_decorator.py
[2025-04-28T11:54:21.169+0000] {logging_mixin.py:188} INFO - [2025-04-28T11:54:21.169+0000] {dag.py:3033} INFO - Sync 1 DAGs
[2025-04-28T11:54:21.190+0000] {logging_mixin.py:188} INFO - [2025-04-28T11:54:21.189+0000] {dag.py:3820} INFO - Setting next_dagrun for example_sensor_decorator to None, run_after=None
[2025-04-28T11:54:21.221+0000] {processor.py:183} INFO - Processing /home/airflow/.local/lib/python3.8/site-packages/airflow/example_dags/example_sensor_decorator.py took 0.096 seconds
[2025-04-28T11:54:51.788+0000] {processor.py:161} INFO - Started process (PID=5906) to work on /home/airflow/.local/lib/python3.8/site-packages/airflow/example_dags/example_sensor_decorator.py
[2025-04-28T11:54:51.790+0000] {processor.py:830} INFO - Processing file /home/airflow/.local/lib/python3.8/site-packages/airflow/example_dags/example_sensor_decorator.py for tasks to queue
[2025-04-28T11:54:51.791+0000] {logging_mixin.py:188} INFO - [2025-04-28T11:54:51.791+0000] {dagbag.py:538} INFO - Filling up the DagBag from /home/airflow/.local/lib/python3.8/site-packages/airflow/example_dags/example_sensor_decorator.py
[2025-04-28T11:54:51.801+0000] {processor.py:840} INFO - DAG(s) 'example_sensor_decorator' retrieved from /home/airflow/.local/lib/python3.8/site-packages/airflow/example_dags/example_sensor_decorator.py
[2025-04-28T11:54:51.831+0000] {logging_mixin.py:188} INFO - [2025-04-28T11:54:51.831+0000] {dag.py:3033} INFO - Sync 1 DAGs
[2025-04-28T11:54:51.848+0000] {logging_mixin.py:188} INFO - [2025-04-28T11:54:51.848+0000] {dag.py:3820} INFO - Setting next_dagrun for example_sensor_decorator to None, run_after=None
[2025-04-28T11:54:51.878+0000] {processor.py:183} INFO - Processing /home/airflow/.local/lib/python3.8/site-packages/airflow/example_dags/example_sensor_decorator.py took 0.094 seconds
[2025-04-28T11:55:22.663+0000] {processor.py:161} INFO - Started process (PID=5962) to work on /home/airflow/.local/lib/python3.8/site-packages/airflow/example_dags/example_sensor_decorator.py
[2025-04-28T11:55:22.665+0000] {processor.py:830} INFO - Processing file /home/airflow/.local/lib/python3.8/site-packages/airflow/example_dags/example_sensor_decorator.py for tasks to queue
[2025-04-28T11:55:22.666+0000] {logging_mixin.py:188} INFO - [2025-04-28T11:55:22.666+0000] {dagbag.py:538} INFO - Filling up the DagBag from /home/airflow/.local/lib/python3.8/site-packages/airflow/example_dags/example_sensor_decorator.py
[2025-04-28T11:55:22.675+0000] {processor.py:840} INFO - DAG(s) 'example_sensor_decorator' retrieved from /home/airflow/.local/lib/python3.8/site-packages/airflow/example_dags/example_sensor_decorator.py
[2025-04-28T11:55:22.710+0000] {logging_mixin.py:188} INFO - [2025-04-28T11:55:22.709+0000] {dag.py:3033} INFO - Sync 1 DAGs
[2025-04-28T11:55:22.727+0000] {logging_mixin.py:188} INFO - [2025-04-28T11:55:22.727+0000] {dag.py:3820} INFO - Setting next_dagrun for example_sensor_decorator to None, run_after=None
[2025-04-28T11:55:22.782+0000] {processor.py:183} INFO - Processing /home/airflow/.local/lib/python3.8/site-packages/airflow/example_dags/example_sensor_decorator.py took 0.124 seconds
[2025-04-28T11:55:53.892+0000] {processor.py:161} INFO - Started process (PID=6018) to work on /home/airflow/.local/lib/python3.8/site-packages/airflow/example_dags/example_sensor_decorator.py
[2025-04-28T11:55:53.893+0000] {processor.py:830} INFO - Processing file /home/airflow/.local/lib/python3.8/site-packages/airflow/example_dags/example_sensor_decorator.py for tasks to queue
[2025-04-28T11:55:53.895+0000] {logging_mixin.py:188} INFO - [2025-04-28T11:55:53.895+0000] {dagbag.py:538} INFO - Filling up the DagBag from /home/airflow/.local/lib/python3.8/site-packages/airflow/example_dags/example_sensor_decorator.py
[2025-04-28T11:55:53.903+0000] {processor.py:840} INFO - DAG(s) 'example_sensor_decorator' retrieved from /home/airflow/.local/lib/python3.8/site-packages/airflow/example_dags/example_sensor_decorator.py
[2025-04-28T11:55:53.935+0000] {logging_mixin.py:188} INFO - [2025-04-28T11:55:53.935+0000] {dag.py:3033} INFO - Sync 1 DAGs
[2025-04-28T11:55:53.955+0000] {logging_mixin.py:188} INFO - [2025-04-28T11:55:53.955+0000] {dag.py:3820} INFO - Setting next_dagrun for example_sensor_decorator to None, run_after=None
[2025-04-28T11:55:53.988+0000] {processor.py:183} INFO - Processing /home/airflow/.local/lib/python3.8/site-packages/airflow/example_dags/example_sensor_decorator.py took 0.099 seconds
[2025-04-28T11:56:24.501+0000] {processor.py:161} INFO - Started process (PID=6074) to work on /home/airflow/.local/lib/python3.8/site-packages/airflow/example_dags/example_sensor_decorator.py
[2025-04-28T11:56:24.503+0000] {processor.py:830} INFO - Processing file /home/airflow/.local/lib/python3.8/site-packages/airflow/example_dags/example_sensor_decorator.py for tasks to queue
[2025-04-28T11:56:24.504+0000] {logging_mixin.py:188} INFO - [2025-04-28T11:56:24.504+0000] {dagbag.py:538} INFO - Filling up the DagBag from /home/airflow/.local/lib/python3.8/site-packages/airflow/example_dags/example_sensor_decorator.py
[2025-04-28T11:56:24.516+0000] {processor.py:840} INFO - DAG(s) 'example_sensor_decorator' retrieved from /home/airflow/.local/lib/python3.8/site-packages/airflow/example_dags/example_sensor_decorator.py
[2025-04-28T11:56:24.547+0000] {logging_mixin.py:188} INFO - [2025-04-28T11:56:24.547+0000] {dag.py:3033} INFO - Sync 1 DAGs
[2025-04-28T11:56:24.567+0000] {logging_mixin.py:188} INFO - [2025-04-28T11:56:24.566+0000] {dag.py:3820} INFO - Setting next_dagrun for example_sensor_decorator to None, run_after=None
[2025-04-28T11:56:24.604+0000] {processor.py:183} INFO - Processing /home/airflow/.local/lib/python3.8/site-packages/airflow/example_dags/example_sensor_decorator.py took 0.109 seconds
[2025-04-28T11:56:55.261+0000] {processor.py:161} INFO - Started process (PID=6130) to work on /home/airflow/.local/lib/python3.8/site-packages/airflow/example_dags/example_sensor_decorator.py
[2025-04-28T11:56:55.262+0000] {processor.py:830} INFO - Processing file /home/airflow/.local/lib/python3.8/site-packages/airflow/example_dags/example_sensor_decorator.py for tasks to queue
[2025-04-28T11:56:55.264+0000] {logging_mixin.py:188} INFO - [2025-04-28T11:56:55.263+0000] {dagbag.py:538} INFO - Filling up the DagBag from /home/airflow/.local/lib/python3.8/site-packages/airflow/example_dags/example_sensor_decorator.py
[2025-04-28T11:56:55.295+0000] {processor.py:840} INFO - DAG(s) 'example_sensor_decorator' retrieved from /home/airflow/.local/lib/python3.8/site-packages/airflow/example_dags/example_sensor_decorator.py
[2025-04-28T11:56:55.343+0000] {logging_mixin.py:188} INFO - [2025-04-28T11:56:55.342+0000] {dag.py:3033} INFO - Sync 1 DAGs
[2025-04-28T11:56:55.377+0000] {logging_mixin.py:188} INFO - [2025-04-28T11:56:55.376+0000] {dag.py:3820} INFO - Setting next_dagrun for example_sensor_decorator to None, run_after=None
[2025-04-28T11:56:55.434+0000] {processor.py:183} INFO - Processing /home/airflow/.local/lib/python3.8/site-packages/airflow/example_dags/example_sensor_decorator.py took 0.181 seconds
[2025-04-28T11:57:25.956+0000] {processor.py:161} INFO - Started process (PID=6186) to work on /home/airflow/.local/lib/python3.8/site-packages/airflow/example_dags/example_sensor_decorator.py
[2025-04-28T11:57:25.957+0000] {processor.py:830} INFO - Processing file /home/airflow/.local/lib/python3.8/site-packages/airflow/example_dags/example_sensor_decorator.py for tasks to queue
[2025-04-28T11:57:25.960+0000] {logging_mixin.py:188} INFO - [2025-04-28T11:57:25.960+0000] {dagbag.py:538} INFO - Filling up the DagBag from /home/airflow/.local/lib/python3.8/site-packages/airflow/example_dags/example_sensor_decorator.py
[2025-04-28T11:57:25.972+0000] {processor.py:840} INFO - DAG(s) 'example_sensor_decorator' retrieved from /home/airflow/.local/lib/python3.8/site-packages/airflow/example_dags/example_sensor_decorator.py
[2025-04-28T11:57:26.013+0000] {logging_mixin.py:188} INFO - [2025-04-28T11:57:26.012+0000] {dag.py:3033} INFO - Sync 1 DAGs
[2025-04-28T11:57:26.043+0000] {logging_mixin.py:188} INFO - [2025-04-28T11:57:26.043+0000] {dag.py:3820} INFO - Setting next_dagrun for example_sensor_decorator to None, run_after=None
[2025-04-28T11:57:26.079+0000] {processor.py:183} INFO - Processing /home/airflow/.local/lib/python3.8/site-packages/airflow/example_dags/example_sensor_decorator.py took 0.129 seconds
[2025-04-28T11:57:58.522+0000] {processor.py:161} INFO - Started process (PID=6242) to work on /home/airflow/.local/lib/python3.8/site-packages/airflow/example_dags/example_sensor_decorator.py
[2025-04-28T11:57:58.525+0000] {processor.py:830} INFO - Processing file /home/airflow/.local/lib/python3.8/site-packages/airflow/example_dags/example_sensor_decorator.py for tasks to queue
[2025-04-28T11:57:58.530+0000] {logging_mixin.py:188} INFO - [2025-04-28T11:57:58.529+0000] {dagbag.py:538} INFO - Filling up the DagBag from /home/airflow/.local/lib/python3.8/site-packages/airflow/example_dags/example_sensor_decorator.py
[2025-04-28T11:57:58.547+0000] {processor.py:840} INFO - DAG(s) 'example_sensor_decorator' retrieved from /home/airflow/.local/lib/python3.8/site-packages/airflow/example_dags/example_sensor_decorator.py
[2025-04-28T11:57:58.595+0000] {logging_mixin.py:188} INFO - [2025-04-28T11:57:58.595+0000] {dag.py:3033} INFO - Sync 1 DAGs
[2025-04-28T11:57:58.646+0000] {logging_mixin.py:188} INFO - [2025-04-28T11:57:58.646+0000] {dag.py:3820} INFO - Setting next_dagrun for example_sensor_decorator to None, run_after=None
[2025-04-28T11:57:58.682+0000] {processor.py:183} INFO - Processing /home/airflow/.local/lib/python3.8/site-packages/airflow/example_dags/example_sensor_decorator.py took 0.165 seconds
[2025-04-28T11:58:29.658+0000] {processor.py:161} INFO - Started process (PID=6298) to work on /home/airflow/.local/lib/python3.8/site-packages/airflow/example_dags/example_sensor_decorator.py
[2025-04-28T11:58:29.660+0000] {processor.py:830} INFO - Processing file /home/airflow/.local/lib/python3.8/site-packages/airflow/example_dags/example_sensor_decorator.py for tasks to queue
[2025-04-28T11:58:29.661+0000] {logging_mixin.py:188} INFO - [2025-04-28T11:58:29.661+0000] {dagbag.py:538} INFO - Filling up the DagBag from /home/airflow/.local/lib/python3.8/site-packages/airflow/example_dags/example_sensor_decorator.py
[2025-04-28T11:58:29.671+0000] {processor.py:840} INFO - DAG(s) 'example_sensor_decorator' retrieved from /home/airflow/.local/lib/python3.8/site-packages/airflow/example_dags/example_sensor_decorator.py
[2025-04-28T11:58:29.704+0000] {logging_mixin.py:188} INFO - [2025-04-28T11:58:29.704+0000] {dag.py:3033} INFO - Sync 1 DAGs
[2025-04-28T11:58:29.724+0000] {logging_mixin.py:188} INFO - [2025-04-28T11:58:29.724+0000] {dag.py:3820} INFO - Setting next_dagrun for example_sensor_decorator to None, run_after=None
[2025-04-28T11:58:29.754+0000] {processor.py:183} INFO - Processing /home/airflow/.local/lib/python3.8/site-packages/airflow/example_dags/example_sensor_decorator.py took 0.100 seconds
[2025-04-28T11:59:01.711+0000] {processor.py:161} INFO - Started process (PID=6354) to work on /home/airflow/.local/lib/python3.8/site-packages/airflow/example_dags/example_sensor_decorator.py
[2025-04-28T11:59:01.712+0000] {processor.py:830} INFO - Processing file /home/airflow/.local/lib/python3.8/site-packages/airflow/example_dags/example_sensor_decorator.py for tasks to queue
[2025-04-28T11:59:01.714+0000] {logging_mixin.py:188} INFO - [2025-04-28T11:59:01.714+0000] {dagbag.py:538} INFO - Filling up the DagBag from /home/airflow/.local/lib/python3.8/site-packages/airflow/example_dags/example_sensor_decorator.py
[2025-04-28T11:59:01.730+0000] {processor.py:840} INFO - DAG(s) 'example_sensor_decorator' retrieved from /home/airflow/.local/lib/python3.8/site-packages/airflow/example_dags/example_sensor_decorator.py
[2025-04-28T11:59:01.773+0000] {logging_mixin.py:188} INFO - [2025-04-28T11:59:01.773+0000] {dag.py:3033} INFO - Sync 1 DAGs
[2025-04-28T11:59:01.800+0000] {logging_mixin.py:188} INFO - [2025-04-28T11:59:01.800+0000] {dag.py:3820} INFO - Setting next_dagrun for example_sensor_decorator to None, run_after=None
[2025-04-28T11:59:01.831+0000] {processor.py:183} INFO - Processing /home/airflow/.local/lib/python3.8/site-packages/airflow/example_dags/example_sensor_decorator.py took 0.128 seconds
[2025-04-28T11:59:34.598+0000] {processor.py:161} INFO - Started process (PID=6411) to work on /home/airflow/.local/lib/python3.8/site-packages/airflow/example_dags/example_sensor_decorator.py
[2025-04-28T11:59:34.599+0000] {processor.py:830} INFO - Processing file /home/airflow/.local/lib/python3.8/site-packages/airflow/example_dags/example_sensor_decorator.py for tasks to queue
[2025-04-28T11:59:34.601+0000] {logging_mixin.py:188} INFO - [2025-04-28T11:59:34.601+0000] {dagbag.py:538} INFO - Filling up the DagBag from /home/airflow/.local/lib/python3.8/site-packages/airflow/example_dags/example_sensor_decorator.py
[2025-04-28T11:59:34.609+0000] {processor.py:840} INFO - DAG(s) 'example_sensor_decorator' retrieved from /home/airflow/.local/lib/python3.8/site-packages/airflow/example_dags/example_sensor_decorator.py
[2025-04-28T11:59:34.645+0000] {logging_mixin.py:188} INFO - [2025-04-28T11:59:34.645+0000] {dag.py:3033} INFO - Sync 1 DAGs
[2025-04-28T11:59:34.668+0000] {logging_mixin.py:188} INFO - [2025-04-28T11:59:34.668+0000] {dag.py:3820} INFO - Setting next_dagrun for example_sensor_decorator to None, run_after=None
[2025-04-28T11:59:34.704+0000] {processor.py:183} INFO - Processing /home/airflow/.local/lib/python3.8/site-packages/airflow/example_dags/example_sensor_decorator.py took 0.111 seconds
[2025-04-28T12:00:07.492+0000] {processor.py:161} INFO - Started process (PID=6467) to work on /home/airflow/.local/lib/python3.8/site-packages/airflow/example_dags/example_sensor_decorator.py
[2025-04-28T12:00:07.493+0000] {processor.py:830} INFO - Processing file /home/airflow/.local/lib/python3.8/site-packages/airflow/example_dags/example_sensor_decorator.py for tasks to queue
[2025-04-28T12:00:07.495+0000] {logging_mixin.py:188} INFO - [2025-04-28T12:00:07.494+0000] {dagbag.py:538} INFO - Filling up the DagBag from /home/airflow/.local/lib/python3.8/site-packages/airflow/example_dags/example_sensor_decorator.py
[2025-04-28T12:00:07.522+0000] {processor.py:840} INFO - DAG(s) 'example_sensor_decorator' retrieved from /home/airflow/.local/lib/python3.8/site-packages/airflow/example_dags/example_sensor_decorator.py
[2025-04-28T12:00:07.586+0000] {logging_mixin.py:188} INFO - [2025-04-28T12:00:07.586+0000] {dag.py:3033} INFO - Sync 1 DAGs
[2025-04-28T12:00:07.631+0000] {logging_mixin.py:188} INFO - [2025-04-28T12:00:07.630+0000] {dag.py:3820} INFO - Setting next_dagrun for example_sensor_decorator to None, run_after=None
[2025-04-28T12:00:07.668+0000] {processor.py:183} INFO - Processing /home/airflow/.local/lib/python3.8/site-packages/airflow/example_dags/example_sensor_decorator.py took 0.182 seconds
[2025-04-28T12:00:40.429+0000] {processor.py:161} INFO - Started process (PID=6524) to work on /home/airflow/.local/lib/python3.8/site-packages/airflow/example_dags/example_sensor_decorator.py
[2025-04-28T12:00:40.430+0000] {processor.py:830} INFO - Processing file /home/airflow/.local/lib/python3.8/site-packages/airflow/example_dags/example_sensor_decorator.py for tasks to queue
[2025-04-28T12:00:40.431+0000] {logging_mixin.py:188} INFO - [2025-04-28T12:00:40.431+0000] {dagbag.py:538} INFO - Filling up the DagBag from /home/airflow/.local/lib/python3.8/site-packages/airflow/example_dags/example_sensor_decorator.py
[2025-04-28T12:00:40.440+0000] {processor.py:840} INFO - DAG(s) 'example_sensor_decorator' retrieved from /home/airflow/.local/lib/python3.8/site-packages/airflow/example_dags/example_sensor_decorator.py
[2025-04-28T12:00:40.476+0000] {logging_mixin.py:188} INFO - [2025-04-28T12:00:40.475+0000] {dag.py:3033} INFO - Sync 1 DAGs
[2025-04-28T12:00:40.496+0000] {logging_mixin.py:188} INFO - [2025-04-28T12:00:40.496+0000] {dag.py:3820} INFO - Setting next_dagrun for example_sensor_decorator to None, run_after=None
[2025-04-28T12:00:40.533+0000] {processor.py:183} INFO - Processing /home/airflow/.local/lib/python3.8/site-packages/airflow/example_dags/example_sensor_decorator.py took 0.110 seconds
[2025-04-28T12:01:12.845+0000] {processor.py:161} INFO - Started process (PID=6580) to work on /home/airflow/.local/lib/python3.8/site-packages/airflow/example_dags/example_sensor_decorator.py
[2025-04-28T12:01:12.847+0000] {processor.py:830} INFO - Processing file /home/airflow/.local/lib/python3.8/site-packages/airflow/example_dags/example_sensor_decorator.py for tasks to queue
[2025-04-28T12:01:12.850+0000] {logging_mixin.py:188} INFO - [2025-04-28T12:01:12.848+0000] {dagbag.py:538} INFO - Filling up the DagBag from /home/airflow/.local/lib/python3.8/site-packages/airflow/example_dags/example_sensor_decorator.py
[2025-04-28T12:01:12.860+0000] {processor.py:840} INFO - DAG(s) 'example_sensor_decorator' retrieved from /home/airflow/.local/lib/python3.8/site-packages/airflow/example_dags/example_sensor_decorator.py
[2025-04-28T12:01:12.895+0000] {logging_mixin.py:188} INFO - [2025-04-28T12:01:12.895+0000] {dag.py:3033} INFO - Sync 1 DAGs
[2025-04-28T12:01:12.919+0000] {logging_mixin.py:188} INFO - [2025-04-28T12:01:12.919+0000] {dag.py:3820} INFO - Setting next_dagrun for example_sensor_decorator to None, run_after=None
[2025-04-28T12:01:12.950+0000] {processor.py:183} INFO - Processing /home/airflow/.local/lib/python3.8/site-packages/airflow/example_dags/example_sensor_decorator.py took 0.111 seconds
[2025-04-28T12:01:47.859+0000] {processor.py:161} INFO - Started process (PID=6636) to work on /home/airflow/.local/lib/python3.8/site-packages/airflow/example_dags/example_sensor_decorator.py
[2025-04-28T12:01:47.860+0000] {processor.py:830} INFO - Processing file /home/airflow/.local/lib/python3.8/site-packages/airflow/example_dags/example_sensor_decorator.py for tasks to queue
[2025-04-28T12:01:47.862+0000] {logging_mixin.py:188} INFO - [2025-04-28T12:01:47.862+0000] {dagbag.py:538} INFO - Filling up the DagBag from /home/airflow/.local/lib/python3.8/site-packages/airflow/example_dags/example_sensor_decorator.py
[2025-04-28T12:01:47.876+0000] {processor.py:840} INFO - DAG(s) 'example_sensor_decorator' retrieved from /home/airflow/.local/lib/python3.8/site-packages/airflow/example_dags/example_sensor_decorator.py
[2025-04-28T12:01:47.932+0000] {logging_mixin.py:188} INFO - [2025-04-28T12:01:47.932+0000] {dag.py:3033} INFO - Sync 1 DAGs
[2025-04-28T12:01:47.959+0000] {logging_mixin.py:188} INFO - [2025-04-28T12:01:47.959+0000] {dag.py:3820} INFO - Setting next_dagrun for example_sensor_decorator to None, run_after=None
[2025-04-28T12:01:48.001+0000] {processor.py:183} INFO - Processing /home/airflow/.local/lib/python3.8/site-packages/airflow/example_dags/example_sensor_decorator.py took 0.147 seconds
[2025-04-28T12:02:19.207+0000] {processor.py:161} INFO - Started process (PID=6693) to work on /home/airflow/.local/lib/python3.8/site-packages/airflow/example_dags/example_sensor_decorator.py
[2025-04-28T12:02:19.209+0000] {processor.py:830} INFO - Processing file /home/airflow/.local/lib/python3.8/site-packages/airflow/example_dags/example_sensor_decorator.py for tasks to queue
[2025-04-28T12:02:19.210+0000] {logging_mixin.py:188} INFO - [2025-04-28T12:02:19.210+0000] {dagbag.py:538} INFO - Filling up the DagBag from /home/airflow/.local/lib/python3.8/site-packages/airflow/example_dags/example_sensor_decorator.py
[2025-04-28T12:02:19.222+0000] {processor.py:840} INFO - DAG(s) 'example_sensor_decorator' retrieved from /home/airflow/.local/lib/python3.8/site-packages/airflow/example_dags/example_sensor_decorator.py
[2025-04-28T12:02:19.263+0000] {logging_mixin.py:188} INFO - [2025-04-28T12:02:19.262+0000] {dag.py:3033} INFO - Sync 1 DAGs
[2025-04-28T12:02:19.296+0000] {logging_mixin.py:188} INFO - [2025-04-28T12:02:19.296+0000] {dag.py:3820} INFO - Setting next_dagrun for example_sensor_decorator to None, run_after=None
[2025-04-28T12:02:19.341+0000] {processor.py:183} INFO - Processing /home/airflow/.local/lib/python3.8/site-packages/airflow/example_dags/example_sensor_decorator.py took 0.140 seconds
[2025-04-28T12:02:49.506+0000] {processor.py:161} INFO - Started process (PID=6749) to work on /home/airflow/.local/lib/python3.8/site-packages/airflow/example_dags/example_sensor_decorator.py
[2025-04-28T12:02:49.508+0000] {processor.py:830} INFO - Processing file /home/airflow/.local/lib/python3.8/site-packages/airflow/example_dags/example_sensor_decorator.py for tasks to queue
[2025-04-28T12:02:49.509+0000] {logging_mixin.py:188} INFO - [2025-04-28T12:02:49.509+0000] {dagbag.py:538} INFO - Filling up the DagBag from /home/airflow/.local/lib/python3.8/site-packages/airflow/example_dags/example_sensor_decorator.py
[2025-04-28T12:02:49.520+0000] {processor.py:840} INFO - DAG(s) 'example_sensor_decorator' retrieved from /home/airflow/.local/lib/python3.8/site-packages/airflow/example_dags/example_sensor_decorator.py
[2025-04-28T12:02:49.554+0000] {logging_mixin.py:188} INFO - [2025-04-28T12:02:49.553+0000] {dag.py:3033} INFO - Sync 1 DAGs
[2025-04-28T12:02:49.572+0000] {logging_mixin.py:188} INFO - [2025-04-28T12:02:49.571+0000] {dag.py:3820} INFO - Setting next_dagrun for example_sensor_decorator to None, run_after=None
[2025-04-28T12:02:49.600+0000] {processor.py:183} INFO - Processing /home/airflow/.local/lib/python3.8/site-packages/airflow/example_dags/example_sensor_decorator.py took 0.100 seconds
[2025-04-28T12:03:22.986+0000] {processor.py:161} INFO - Started process (PID=6805) to work on /home/airflow/.local/lib/python3.8/site-packages/airflow/example_dags/example_sensor_decorator.py
[2025-04-28T12:03:22.988+0000] {processor.py:830} INFO - Processing file /home/airflow/.local/lib/python3.8/site-packages/airflow/example_dags/example_sensor_decorator.py for tasks to queue
[2025-04-28T12:03:22.989+0000] {logging_mixin.py:188} INFO - [2025-04-28T12:03:22.989+0000] {dagbag.py:538} INFO - Filling up the DagBag from /home/airflow/.local/lib/python3.8/site-packages/airflow/example_dags/example_sensor_decorator.py
[2025-04-28T12:03:22.999+0000] {processor.py:840} INFO - DAG(s) 'example_sensor_decorator' retrieved from /home/airflow/.local/lib/python3.8/site-packages/airflow/example_dags/example_sensor_decorator.py
[2025-04-28T12:03:23.031+0000] {logging_mixin.py:188} INFO - [2025-04-28T12:03:23.031+0000] {dag.py:3033} INFO - Sync 1 DAGs
[2025-04-28T12:03:23.050+0000] {logging_mixin.py:188} INFO - [2025-04-28T12:03:23.049+0000] {dag.py:3820} INFO - Setting next_dagrun for example_sensor_decorator to None, run_after=None
[2025-04-28T12:03:23.080+0000] {processor.py:183} INFO - Processing /home/airflow/.local/lib/python3.8/site-packages/airflow/example_dags/example_sensor_decorator.py took 0.100 seconds
[2025-04-28T12:03:53.504+0000] {processor.py:161} INFO - Started process (PID=6861) to work on /home/airflow/.local/lib/python3.8/site-packages/airflow/example_dags/example_sensor_decorator.py
[2025-04-28T12:03:53.506+0000] {processor.py:830} INFO - Processing file /home/airflow/.local/lib/python3.8/site-packages/airflow/example_dags/example_sensor_decorator.py for tasks to queue
[2025-04-28T12:03:53.508+0000] {logging_mixin.py:188} INFO - [2025-04-28T12:03:53.507+0000] {dagbag.py:538} INFO - Filling up the DagBag from /home/airflow/.local/lib/python3.8/site-packages/airflow/example_dags/example_sensor_decorator.py
[2025-04-28T12:03:53.524+0000] {processor.py:840} INFO - DAG(s) 'example_sensor_decorator' retrieved from /home/airflow/.local/lib/python3.8/site-packages/airflow/example_dags/example_sensor_decorator.py
[2025-04-28T12:03:53.569+0000] {logging_mixin.py:188} INFO - [2025-04-28T12:03:53.568+0000] {dag.py:3033} INFO - Sync 1 DAGs
[2025-04-28T12:03:53.595+0000] {logging_mixin.py:188} INFO - [2025-04-28T12:03:53.595+0000] {dag.py:3820} INFO - Setting next_dagrun for example_sensor_decorator to None, run_after=None
[2025-04-28T12:03:53.642+0000] {processor.py:183} INFO - Processing /home/airflow/.local/lib/python3.8/site-packages/airflow/example_dags/example_sensor_decorator.py took 0.144 seconds
[2025-04-28T12:04:23.756+0000] {processor.py:161} INFO - Started process (PID=6916) to work on /home/airflow/.local/lib/python3.8/site-packages/airflow/example_dags/example_sensor_decorator.py
[2025-04-28T12:04:23.757+0000] {processor.py:830} INFO - Processing file /home/airflow/.local/lib/python3.8/site-packages/airflow/example_dags/example_sensor_decorator.py for tasks to queue
[2025-04-28T12:04:23.758+0000] {logging_mixin.py:188} INFO - [2025-04-28T12:04:23.758+0000] {dagbag.py:538} INFO - Filling up the DagBag from /home/airflow/.local/lib/python3.8/site-packages/airflow/example_dags/example_sensor_decorator.py
[2025-04-28T12:04:23.767+0000] {processor.py:840} INFO - DAG(s) 'example_sensor_decorator' retrieved from /home/airflow/.local/lib/python3.8/site-packages/airflow/example_dags/example_sensor_decorator.py
[2025-04-28T12:04:23.795+0000] {logging_mixin.py:188} INFO - [2025-04-28T12:04:23.795+0000] {dag.py:3033} INFO - Sync 1 DAGs
[2025-04-28T12:04:23.826+0000] {logging_mixin.py:188} INFO - [2025-04-28T12:04:23.826+0000] {dag.py:3820} INFO - Setting next_dagrun for example_sensor_decorator to None, run_after=None
[2025-04-28T12:04:23.861+0000] {processor.py:183} INFO - Processing /home/airflow/.local/lib/python3.8/site-packages/airflow/example_dags/example_sensor_decorator.py took 0.110 seconds
[2025-04-28T12:04:54.558+0000] {processor.py:161} INFO - Started process (PID=6972) to work on /home/airflow/.local/lib/python3.8/site-packages/airflow/example_dags/example_sensor_decorator.py
[2025-04-28T12:04:54.560+0000] {processor.py:830} INFO - Processing file /home/airflow/.local/lib/python3.8/site-packages/airflow/example_dags/example_sensor_decorator.py for tasks to queue
[2025-04-28T12:04:54.561+0000] {logging_mixin.py:188} INFO - [2025-04-28T12:04:54.561+0000] {dagbag.py:538} INFO - Filling up the DagBag from /home/airflow/.local/lib/python3.8/site-packages/airflow/example_dags/example_sensor_decorator.py
[2025-04-28T12:04:54.574+0000] {processor.py:840} INFO - DAG(s) 'example_sensor_decorator' retrieved from /home/airflow/.local/lib/python3.8/site-packages/airflow/example_dags/example_sensor_decorator.py
[2025-04-28T12:04:54.615+0000] {logging_mixin.py:188} INFO - [2025-04-28T12:04:54.615+0000] {dag.py:3033} INFO - Sync 1 DAGs
[2025-04-28T12:04:54.640+0000] {logging_mixin.py:188} INFO - [2025-04-28T12:04:54.639+0000] {dag.py:3820} INFO - Setting next_dagrun for example_sensor_decorator to None, run_after=None
[2025-04-28T12:04:54.717+0000] {processor.py:183} INFO - Processing /home/airflow/.local/lib/python3.8/site-packages/airflow/example_dags/example_sensor_decorator.py took 0.167 seconds
[2025-04-28T12:05:25.641+0000] {processor.py:161} INFO - Started process (PID=7029) to work on /home/airflow/.local/lib/python3.8/site-packages/airflow/example_dags/example_sensor_decorator.py
[2025-04-28T12:05:25.642+0000] {processor.py:830} INFO - Processing file /home/airflow/.local/lib/python3.8/site-packages/airflow/example_dags/example_sensor_decorator.py for tasks to queue
[2025-04-28T12:05:25.644+0000] {logging_mixin.py:188} INFO - [2025-04-28T12:05:25.643+0000] {dagbag.py:538} INFO - Filling up the DagBag from /home/airflow/.local/lib/python3.8/site-packages/airflow/example_dags/example_sensor_decorator.py
[2025-04-28T12:05:25.661+0000] {processor.py:840} INFO - DAG(s) 'example_sensor_decorator' retrieved from /home/airflow/.local/lib/python3.8/site-packages/airflow/example_dags/example_sensor_decorator.py
[2025-04-28T12:05:25.727+0000] {logging_mixin.py:188} INFO - [2025-04-28T12:05:25.727+0000] {dag.py:3033} INFO - Sync 1 DAGs
[2025-04-28T12:05:25.755+0000] {logging_mixin.py:188} INFO - [2025-04-28T12:05:25.755+0000] {dag.py:3820} INFO - Setting next_dagrun for example_sensor_decorator to None, run_after=None
[2025-04-28T12:05:25.793+0000] {processor.py:183} INFO - Processing /home/airflow/.local/lib/python3.8/site-packages/airflow/example_dags/example_sensor_decorator.py took 0.160 seconds
[2025-04-28T12:05:58.665+0000] {processor.py:161} INFO - Started process (PID=7093) to work on /home/airflow/.local/lib/python3.8/site-packages/airflow/example_dags/example_sensor_decorator.py
[2025-04-28T12:05:58.667+0000] {processor.py:830} INFO - Processing file /home/airflow/.local/lib/python3.8/site-packages/airflow/example_dags/example_sensor_decorator.py for tasks to queue
[2025-04-28T12:05:58.668+0000] {logging_mixin.py:188} INFO - [2025-04-28T12:05:58.668+0000] {dagbag.py:538} INFO - Filling up the DagBag from /home/airflow/.local/lib/python3.8/site-packages/airflow/example_dags/example_sensor_decorator.py
[2025-04-28T12:05:58.680+0000] {processor.py:840} INFO - DAG(s) 'example_sensor_decorator' retrieved from /home/airflow/.local/lib/python3.8/site-packages/airflow/example_dags/example_sensor_decorator.py
[2025-04-28T12:05:58.713+0000] {logging_mixin.py:188} INFO - [2025-04-28T12:05:58.712+0000] {dag.py:3033} INFO - Sync 1 DAGs
[2025-04-28T12:05:58.736+0000] {logging_mixin.py:188} INFO - [2025-04-28T12:05:58.736+0000] {dag.py:3820} INFO - Setting next_dagrun for example_sensor_decorator to None, run_after=None
[2025-04-28T12:05:58.781+0000] {processor.py:183} INFO - Processing /home/airflow/.local/lib/python3.8/site-packages/airflow/example_dags/example_sensor_decorator.py took 0.122 seconds
[2025-04-28T12:06:29.244+0000] {processor.py:161} INFO - Started process (PID=7149) to work on /home/airflow/.local/lib/python3.8/site-packages/airflow/example_dags/example_sensor_decorator.py
[2025-04-28T12:06:29.246+0000] {processor.py:830} INFO - Processing file /home/airflow/.local/lib/python3.8/site-packages/airflow/example_dags/example_sensor_decorator.py for tasks to queue
[2025-04-28T12:06:29.247+0000] {logging_mixin.py:188} INFO - [2025-04-28T12:06:29.247+0000] {dagbag.py:538} INFO - Filling up the DagBag from /home/airflow/.local/lib/python3.8/site-packages/airflow/example_dags/example_sensor_decorator.py
[2025-04-28T12:06:29.258+0000] {processor.py:840} INFO - DAG(s) 'example_sensor_decorator' retrieved from /home/airflow/.local/lib/python3.8/site-packages/airflow/example_dags/example_sensor_decorator.py
[2025-04-28T12:06:29.298+0000] {logging_mixin.py:188} INFO - [2025-04-28T12:06:29.298+0000] {dag.py:3033} INFO - Sync 1 DAGs
[2025-04-28T12:06:29.326+0000] {logging_mixin.py:188} INFO - [2025-04-28T12:06:29.326+0000] {dag.py:3820} INFO - Setting next_dagrun for example_sensor_decorator to None, run_after=None
[2025-04-28T12:06:29.359+0000] {processor.py:183} INFO - Processing /home/airflow/.local/lib/python3.8/site-packages/airflow/example_dags/example_sensor_decorator.py took 0.120 seconds
[2025-04-28T12:07:00.760+0000] {processor.py:161} INFO - Started process (PID=7205) to work on /home/airflow/.local/lib/python3.8/site-packages/airflow/example_dags/example_sensor_decorator.py
[2025-04-28T12:07:00.761+0000] {processor.py:830} INFO - Processing file /home/airflow/.local/lib/python3.8/site-packages/airflow/example_dags/example_sensor_decorator.py for tasks to queue
[2025-04-28T12:07:00.763+0000] {logging_mixin.py:188} INFO - [2025-04-28T12:07:00.762+0000] {dagbag.py:538} INFO - Filling up the DagBag from /home/airflow/.local/lib/python3.8/site-packages/airflow/example_dags/example_sensor_decorator.py
[2025-04-28T12:07:00.774+0000] {processor.py:840} INFO - DAG(s) 'example_sensor_decorator' retrieved from /home/airflow/.local/lib/python3.8/site-packages/airflow/example_dags/example_sensor_decorator.py
[2025-04-28T12:07:00.809+0000] {logging_mixin.py:188} INFO - [2025-04-28T12:07:00.809+0000] {dag.py:3033} INFO - Sync 1 DAGs
[2025-04-28T12:07:00.830+0000] {logging_mixin.py:188} INFO - [2025-04-28T12:07:00.830+0000] {dag.py:3820} INFO - Setting next_dagrun for example_sensor_decorator to None, run_after=None
[2025-04-28T12:07:00.862+0000] {processor.py:183} INFO - Processing /home/airflow/.local/lib/python3.8/site-packages/airflow/example_dags/example_sensor_decorator.py took 0.108 seconds
[2025-04-28T12:07:31.488+0000] {processor.py:161} INFO - Started process (PID=7261) to work on /home/airflow/.local/lib/python3.8/site-packages/airflow/example_dags/example_sensor_decorator.py
[2025-04-28T12:07:31.490+0000] {processor.py:830} INFO - Processing file /home/airflow/.local/lib/python3.8/site-packages/airflow/example_dags/example_sensor_decorator.py for tasks to queue
[2025-04-28T12:07:31.491+0000] {logging_mixin.py:188} INFO - [2025-04-28T12:07:31.491+0000] {dagbag.py:538} INFO - Filling up the DagBag from /home/airflow/.local/lib/python3.8/site-packages/airflow/example_dags/example_sensor_decorator.py
[2025-04-28T12:07:31.502+0000] {processor.py:840} INFO - DAG(s) 'example_sensor_decorator' retrieved from /home/airflow/.local/lib/python3.8/site-packages/airflow/example_dags/example_sensor_decorator.py
[2025-04-28T12:07:31.547+0000] {logging_mixin.py:188} INFO - [2025-04-28T12:07:31.547+0000] {dag.py:3033} INFO - Sync 1 DAGs
[2025-04-28T12:07:31.568+0000] {logging_mixin.py:188} INFO - [2025-04-28T12:07:31.568+0000] {dag.py:3820} INFO - Setting next_dagrun for example_sensor_decorator to None, run_after=None
[2025-04-28T12:07:31.606+0000] {processor.py:183} INFO - Processing /home/airflow/.local/lib/python3.8/site-packages/airflow/example_dags/example_sensor_decorator.py took 0.125 seconds
[2025-04-28T12:08:02.881+0000] {processor.py:161} INFO - Started process (PID=7317) to work on /home/airflow/.local/lib/python3.8/site-packages/airflow/example_dags/example_sensor_decorator.py
[2025-04-28T12:08:02.883+0000] {processor.py:830} INFO - Processing file /home/airflow/.local/lib/python3.8/site-packages/airflow/example_dags/example_sensor_decorator.py for tasks to queue
[2025-04-28T12:08:02.884+0000] {logging_mixin.py:188} INFO - [2025-04-28T12:08:02.884+0000] {dagbag.py:538} INFO - Filling up the DagBag from /home/airflow/.local/lib/python3.8/site-packages/airflow/example_dags/example_sensor_decorator.py
[2025-04-28T12:08:02.891+0000] {processor.py:840} INFO - DAG(s) 'example_sensor_decorator' retrieved from /home/airflow/.local/lib/python3.8/site-packages/airflow/example_dags/example_sensor_decorator.py
[2025-04-28T12:08:02.916+0000] {logging_mixin.py:188} INFO - [2025-04-28T12:08:02.916+0000] {dag.py:3033} INFO - Sync 1 DAGs
[2025-04-28T12:08:02.931+0000] {logging_mixin.py:188} INFO - [2025-04-28T12:08:02.931+0000] {dag.py:3820} INFO - Setting next_dagrun for example_sensor_decorator to None, run_after=None
[2025-04-28T12:08:02.956+0000] {processor.py:183} INFO - Processing /home/airflow/.local/lib/python3.8/site-packages/airflow/example_dags/example_sensor_decorator.py took 0.079 seconds
[2025-04-28T12:08:33.753+0000] {processor.py:161} INFO - Started process (PID=7373) to work on /home/airflow/.local/lib/python3.8/site-packages/airflow/example_dags/example_sensor_decorator.py
[2025-04-28T12:08:33.754+0000] {processor.py:830} INFO - Processing file /home/airflow/.local/lib/python3.8/site-packages/airflow/example_dags/example_sensor_decorator.py for tasks to queue
[2025-04-28T12:08:33.755+0000] {logging_mixin.py:188} INFO - [2025-04-28T12:08:33.755+0000] {dagbag.py:538} INFO - Filling up the DagBag from /home/airflow/.local/lib/python3.8/site-packages/airflow/example_dags/example_sensor_decorator.py
[2025-04-28T12:08:33.763+0000] {processor.py:840} INFO - DAG(s) 'example_sensor_decorator' retrieved from /home/airflow/.local/lib/python3.8/site-packages/airflow/example_dags/example_sensor_decorator.py
[2025-04-28T12:08:33.794+0000] {logging_mixin.py:188} INFO - [2025-04-28T12:08:33.794+0000] {dag.py:3033} INFO - Sync 1 DAGs
[2025-04-28T12:08:33.811+0000] {logging_mixin.py:188} INFO - [2025-04-28T12:08:33.811+0000] {dag.py:3820} INFO - Setting next_dagrun for example_sensor_decorator to None, run_after=None
[2025-04-28T12:08:33.837+0000] {processor.py:183} INFO - Processing /home/airflow/.local/lib/python3.8/site-packages/airflow/example_dags/example_sensor_decorator.py took 0.089 seconds
[2025-04-28T12:09:04.758+0000] {processor.py:161} INFO - Started process (PID=7429) to work on /home/airflow/.local/lib/python3.8/site-packages/airflow/example_dags/example_sensor_decorator.py
[2025-04-28T12:09:04.760+0000] {processor.py:830} INFO - Processing file /home/airflow/.local/lib/python3.8/site-packages/airflow/example_dags/example_sensor_decorator.py for tasks to queue
[2025-04-28T12:09:04.761+0000] {logging_mixin.py:188} INFO - [2025-04-28T12:09:04.761+0000] {dagbag.py:538} INFO - Filling up the DagBag from /home/airflow/.local/lib/python3.8/site-packages/airflow/example_dags/example_sensor_decorator.py
[2025-04-28T12:09:04.769+0000] {processor.py:840} INFO - DAG(s) 'example_sensor_decorator' retrieved from /home/airflow/.local/lib/python3.8/site-packages/airflow/example_dags/example_sensor_decorator.py
[2025-04-28T12:09:04.796+0000] {logging_mixin.py:188} INFO - [2025-04-28T12:09:04.796+0000] {dag.py:3033} INFO - Sync 1 DAGs
[2025-04-28T12:09:04.812+0000] {logging_mixin.py:188} INFO - [2025-04-28T12:09:04.812+0000] {dag.py:3820} INFO - Setting next_dagrun for example_sensor_decorator to None, run_after=None
[2025-04-28T12:09:04.840+0000] {processor.py:183} INFO - Processing /home/airflow/.local/lib/python3.8/site-packages/airflow/example_dags/example_sensor_decorator.py took 0.086 seconds
[2025-04-28T12:09:35.458+0000] {processor.py:161} INFO - Started process (PID=7485) to work on /home/airflow/.local/lib/python3.8/site-packages/airflow/example_dags/example_sensor_decorator.py
[2025-04-28T12:09:35.459+0000] {processor.py:830} INFO - Processing file /home/airflow/.local/lib/python3.8/site-packages/airflow/example_dags/example_sensor_decorator.py for tasks to queue
[2025-04-28T12:09:35.462+0000] {logging_mixin.py:188} INFO - [2025-04-28T12:09:35.462+0000] {dagbag.py:538} INFO - Filling up the DagBag from /home/airflow/.local/lib/python3.8/site-packages/airflow/example_dags/example_sensor_decorator.py
[2025-04-28T12:09:35.475+0000] {processor.py:840} INFO - DAG(s) 'example_sensor_decorator' retrieved from /home/airflow/.local/lib/python3.8/site-packages/airflow/example_dags/example_sensor_decorator.py
[2025-04-28T12:09:35.513+0000] {logging_mixin.py:188} INFO - [2025-04-28T12:09:35.513+0000] {dag.py:3033} INFO - Sync 1 DAGs
[2025-04-28T12:09:35.539+0000] {logging_mixin.py:188} INFO - [2025-04-28T12:09:35.538+0000] {dag.py:3820} INFO - Setting next_dagrun for example_sensor_decorator to None, run_after=None
[2025-04-28T12:09:35.575+0000] {processor.py:183} INFO - Processing /home/airflow/.local/lib/python3.8/site-packages/airflow/example_dags/example_sensor_decorator.py took 0.123 seconds
[2025-04-28T12:10:06.502+0000] {processor.py:161} INFO - Started process (PID=7541) to work on /home/airflow/.local/lib/python3.8/site-packages/airflow/example_dags/example_sensor_decorator.py
[2025-04-28T12:10:06.503+0000] {processor.py:830} INFO - Processing file /home/airflow/.local/lib/python3.8/site-packages/airflow/example_dags/example_sensor_decorator.py for tasks to queue
[2025-04-28T12:10:06.506+0000] {logging_mixin.py:188} INFO - [2025-04-28T12:10:06.506+0000] {dagbag.py:538} INFO - Filling up the DagBag from /home/airflow/.local/lib/python3.8/site-packages/airflow/example_dags/example_sensor_decorator.py
[2025-04-28T12:10:06.526+0000] {processor.py:840} INFO - DAG(s) 'example_sensor_decorator' retrieved from /home/airflow/.local/lib/python3.8/site-packages/airflow/example_dags/example_sensor_decorator.py
[2025-04-28T12:10:06.574+0000] {logging_mixin.py:188} INFO - [2025-04-28T12:10:06.574+0000] {dag.py:3033} INFO - Sync 1 DAGs
[2025-04-28T12:10:06.603+0000] {logging_mixin.py:188} INFO - [2025-04-28T12:10:06.603+0000] {dag.py:3820} INFO - Setting next_dagrun for example_sensor_decorator to None, run_after=None
[2025-04-28T12:10:06.650+0000] {processor.py:183} INFO - Processing /home/airflow/.local/lib/python3.8/site-packages/airflow/example_dags/example_sensor_decorator.py took 0.160 seconds
[2025-04-28T12:10:44.449+0000] {processor.py:161} INFO - Started process (PID=7598) to work on /home/airflow/.local/lib/python3.8/site-packages/airflow/example_dags/example_sensor_decorator.py
[2025-04-28T12:10:44.461+0000] {processor.py:830} INFO - Processing file /home/airflow/.local/lib/python3.8/site-packages/airflow/example_dags/example_sensor_decorator.py for tasks to queue
[2025-04-28T12:10:44.478+0000] {logging_mixin.py:188} INFO - [2025-04-28T12:10:44.478+0000] {dagbag.py:538} INFO - Filling up the DagBag from /home/airflow/.local/lib/python3.8/site-packages/airflow/example_dags/example_sensor_decorator.py
[2025-04-28T12:10:44.546+0000] {processor.py:840} INFO - DAG(s) 'example_sensor_decorator' retrieved from /home/airflow/.local/lib/python3.8/site-packages/airflow/example_dags/example_sensor_decorator.py
[2025-04-28T12:10:44.689+0000] {logging_mixin.py:188} INFO - [2025-04-28T12:10:44.688+0000] {dag.py:3033} INFO - Sync 1 DAGs
[2025-04-28T12:10:44.768+0000] {logging_mixin.py:188} INFO - [2025-04-28T12:10:44.767+0000] {dag.py:3820} INFO - Setting next_dagrun for example_sensor_decorator to None, run_after=None
[2025-04-28T12:10:44.850+0000] {processor.py:183} INFO - Processing /home/airflow/.local/lib/python3.8/site-packages/airflow/example_dags/example_sensor_decorator.py took 0.412 seconds
[2025-04-28T12:11:15.392+0000] {processor.py:161} INFO - Started process (PID=7654) to work on /home/airflow/.local/lib/python3.8/site-packages/airflow/example_dags/example_sensor_decorator.py
[2025-04-28T12:11:15.397+0000] {processor.py:830} INFO - Processing file /home/airflow/.local/lib/python3.8/site-packages/airflow/example_dags/example_sensor_decorator.py for tasks to queue
[2025-04-28T12:11:15.407+0000] {logging_mixin.py:188} INFO - [2025-04-28T12:11:15.406+0000] {dagbag.py:538} INFO - Filling up the DagBag from /home/airflow/.local/lib/python3.8/site-packages/airflow/example_dags/example_sensor_decorator.py
[2025-04-28T12:11:15.460+0000] {processor.py:840} INFO - DAG(s) 'example_sensor_decorator' retrieved from /home/airflow/.local/lib/python3.8/site-packages/airflow/example_dags/example_sensor_decorator.py
[2025-04-28T12:11:15.542+0000] {logging_mixin.py:188} INFO - [2025-04-28T12:11:15.541+0000] {dag.py:3033} INFO - Sync 1 DAGs
[2025-04-28T12:11:15.588+0000] {logging_mixin.py:188} INFO - [2025-04-28T12:11:15.588+0000] {dag.py:3820} INFO - Setting next_dagrun for example_sensor_decorator to None, run_after=None
[2025-04-28T12:11:15.684+0000] {processor.py:183} INFO - Processing /home/airflow/.local/lib/python3.8/site-packages/airflow/example_dags/example_sensor_decorator.py took 0.299 seconds
[2025-04-28T12:11:48.379+0000] {processor.py:161} INFO - Started process (PID=7710) to work on /home/airflow/.local/lib/python3.8/site-packages/airflow/example_dags/example_sensor_decorator.py
[2025-04-28T12:11:48.381+0000] {processor.py:830} INFO - Processing file /home/airflow/.local/lib/python3.8/site-packages/airflow/example_dags/example_sensor_decorator.py for tasks to queue
[2025-04-28T12:11:48.391+0000] {logging_mixin.py:188} INFO - [2025-04-28T12:11:48.391+0000] {dagbag.py:538} INFO - Filling up the DagBag from /home/airflow/.local/lib/python3.8/site-packages/airflow/example_dags/example_sensor_decorator.py
[2025-04-28T12:11:48.413+0000] {processor.py:840} INFO - DAG(s) 'example_sensor_decorator' retrieved from /home/airflow/.local/lib/python3.8/site-packages/airflow/example_dags/example_sensor_decorator.py
[2025-04-28T12:11:48.612+0000] {logging_mixin.py:188} INFO - [2025-04-28T12:11:48.611+0000] {dag.py:3033} INFO - Sync 1 DAGs
[2025-04-28T12:11:48.651+0000] {logging_mixin.py:188} INFO - [2025-04-28T12:11:48.650+0000] {dag.py:3820} INFO - Setting next_dagrun for example_sensor_decorator to None, run_after=None
[2025-04-28T12:11:48.792+0000] {processor.py:183} INFO - Processing /home/airflow/.local/lib/python3.8/site-packages/airflow/example_dags/example_sensor_decorator.py took 0.432 seconds
[2025-04-28T12:12:19.739+0000] {processor.py:161} INFO - Started process (PID=7767) to work on /home/airflow/.local/lib/python3.8/site-packages/airflow/example_dags/example_sensor_decorator.py
[2025-04-28T12:12:19.741+0000] {processor.py:830} INFO - Processing file /home/airflow/.local/lib/python3.8/site-packages/airflow/example_dags/example_sensor_decorator.py for tasks to queue
[2025-04-28T12:12:19.743+0000] {logging_mixin.py:188} INFO - [2025-04-28T12:12:19.743+0000] {dagbag.py:538} INFO - Filling up the DagBag from /home/airflow/.local/lib/python3.8/site-packages/airflow/example_dags/example_sensor_decorator.py
[2025-04-28T12:12:19.755+0000] {processor.py:840} INFO - DAG(s) 'example_sensor_decorator' retrieved from /home/airflow/.local/lib/python3.8/site-packages/airflow/example_dags/example_sensor_decorator.py
[2025-04-28T12:12:19.786+0000] {logging_mixin.py:188} INFO - [2025-04-28T12:12:19.786+0000] {dag.py:3033} INFO - Sync 1 DAGs
[2025-04-28T12:12:19.806+0000] {logging_mixin.py:188} INFO - [2025-04-28T12:12:19.805+0000] {dag.py:3820} INFO - Setting next_dagrun for example_sensor_decorator to None, run_after=None
[2025-04-28T12:12:19.847+0000] {processor.py:183} INFO - Processing /home/airflow/.local/lib/python3.8/site-packages/airflow/example_dags/example_sensor_decorator.py took 0.121 seconds
[2025-04-28T12:12:51.122+0000] {processor.py:161} INFO - Started process (PID=7823) to work on /home/airflow/.local/lib/python3.8/site-packages/airflow/example_dags/example_sensor_decorator.py
[2025-04-28T12:12:51.124+0000] {processor.py:830} INFO - Processing file /home/airflow/.local/lib/python3.8/site-packages/airflow/example_dags/example_sensor_decorator.py for tasks to queue
[2025-04-28T12:12:51.126+0000] {logging_mixin.py:188} INFO - [2025-04-28T12:12:51.125+0000] {dagbag.py:538} INFO - Filling up the DagBag from /home/airflow/.local/lib/python3.8/site-packages/airflow/example_dags/example_sensor_decorator.py
[2025-04-28T12:12:51.137+0000] {processor.py:840} INFO - DAG(s) 'example_sensor_decorator' retrieved from /home/airflow/.local/lib/python3.8/site-packages/airflow/example_dags/example_sensor_decorator.py
[2025-04-28T12:12:51.175+0000] {logging_mixin.py:188} INFO - [2025-04-28T12:12:51.175+0000] {dag.py:3033} INFO - Sync 1 DAGs
[2025-04-28T12:12:51.194+0000] {logging_mixin.py:188} INFO - [2025-04-28T12:12:51.194+0000] {dag.py:3820} INFO - Setting next_dagrun for example_sensor_decorator to None, run_after=None
[2025-04-28T12:12:51.231+0000] {processor.py:183} INFO - Processing /home/airflow/.local/lib/python3.8/site-packages/airflow/example_dags/example_sensor_decorator.py took 0.115 seconds
[2025-04-28T12:13:23.795+0000] {processor.py:161} INFO - Started process (PID=7879) to work on /home/airflow/.local/lib/python3.8/site-packages/airflow/example_dags/example_sensor_decorator.py
[2025-04-28T12:13:23.797+0000] {processor.py:830} INFO - Processing file /home/airflow/.local/lib/python3.8/site-packages/airflow/example_dags/example_sensor_decorator.py for tasks to queue
[2025-04-28T12:13:23.799+0000] {logging_mixin.py:188} INFO - [2025-04-28T12:13:23.798+0000] {dagbag.py:538} INFO - Filling up the DagBag from /home/airflow/.local/lib/python3.8/site-packages/airflow/example_dags/example_sensor_decorator.py
[2025-04-28T12:13:23.812+0000] {processor.py:840} INFO - DAG(s) 'example_sensor_decorator' retrieved from /home/airflow/.local/lib/python3.8/site-packages/airflow/example_dags/example_sensor_decorator.py
[2025-04-28T12:13:23.873+0000] {logging_mixin.py:188} INFO - [2025-04-28T12:13:23.873+0000] {dag.py:3033} INFO - Sync 1 DAGs
[2025-04-28T12:13:23.902+0000] {logging_mixin.py:188} INFO - [2025-04-28T12:13:23.901+0000] {dag.py:3820} INFO - Setting next_dagrun for example_sensor_decorator to None, run_after=None
[2025-04-28T12:13:23.950+0000] {processor.py:183} INFO - Processing /home/airflow/.local/lib/python3.8/site-packages/airflow/example_dags/example_sensor_decorator.py took 0.162 seconds
[2025-04-28T12:13:56.910+0000] {processor.py:161} INFO - Started process (PID=7936) to work on /home/airflow/.local/lib/python3.8/site-packages/airflow/example_dags/example_sensor_decorator.py
[2025-04-28T12:13:56.914+0000] {processor.py:830} INFO - Processing file /home/airflow/.local/lib/python3.8/site-packages/airflow/example_dags/example_sensor_decorator.py for tasks to queue
[2025-04-28T12:13:56.919+0000] {logging_mixin.py:188} INFO - [2025-04-28T12:13:56.918+0000] {dagbag.py:538} INFO - Filling up the DagBag from /home/airflow/.local/lib/python3.8/site-packages/airflow/example_dags/example_sensor_decorator.py
[2025-04-28T12:13:56.960+0000] {processor.py:840} INFO - DAG(s) 'example_sensor_decorator' retrieved from /home/airflow/.local/lib/python3.8/site-packages/airflow/example_dags/example_sensor_decorator.py
[2025-04-28T12:13:57.050+0000] {logging_mixin.py:188} INFO - [2025-04-28T12:13:57.050+0000] {dag.py:3033} INFO - Sync 1 DAGs
[2025-04-28T12:13:57.094+0000] {logging_mixin.py:188} INFO - [2025-04-28T12:13:57.094+0000] {dag.py:3820} INFO - Setting next_dagrun for example_sensor_decorator to None, run_after=None
[2025-04-28T12:13:57.157+0000] {processor.py:183} INFO - Processing /home/airflow/.local/lib/python3.8/site-packages/airflow/example_dags/example_sensor_decorator.py took 0.253 seconds
[2025-04-28T12:14:29.749+0000] {processor.py:161} INFO - Started process (PID=7992) to work on /home/airflow/.local/lib/python3.8/site-packages/airflow/example_dags/example_sensor_decorator.py
[2025-04-28T12:14:29.752+0000] {processor.py:830} INFO - Processing file /home/airflow/.local/lib/python3.8/site-packages/airflow/example_dags/example_sensor_decorator.py for tasks to queue
[2025-04-28T12:14:29.755+0000] {logging_mixin.py:188} INFO - [2025-04-28T12:14:29.754+0000] {dagbag.py:538} INFO - Filling up the DagBag from /home/airflow/.local/lib/python3.8/site-packages/airflow/example_dags/example_sensor_decorator.py
[2025-04-28T12:14:29.766+0000] {processor.py:840} INFO - DAG(s) 'example_sensor_decorator' retrieved from /home/airflow/.local/lib/python3.8/site-packages/airflow/example_dags/example_sensor_decorator.py
[2025-04-28T12:14:29.811+0000] {logging_mixin.py:188} INFO - [2025-04-28T12:14:29.810+0000] {dag.py:3033} INFO - Sync 1 DAGs
[2025-04-28T12:14:29.835+0000] {logging_mixin.py:188} INFO - [2025-04-28T12:14:29.835+0000] {dag.py:3820} INFO - Setting next_dagrun for example_sensor_decorator to None, run_after=None
[2025-04-28T12:14:29.880+0000] {processor.py:183} INFO - Processing /home/airflow/.local/lib/python3.8/site-packages/airflow/example_dags/example_sensor_decorator.py took 0.139 seconds
[2025-04-28T12:15:03.430+0000] {processor.py:161} INFO - Started process (PID=8048) to work on /home/airflow/.local/lib/python3.8/site-packages/airflow/example_dags/example_sensor_decorator.py
[2025-04-28T12:15:03.432+0000] {processor.py:830} INFO - Processing file /home/airflow/.local/lib/python3.8/site-packages/airflow/example_dags/example_sensor_decorator.py for tasks to queue
[2025-04-28T12:15:03.434+0000] {logging_mixin.py:188} INFO - [2025-04-28T12:15:03.434+0000] {dagbag.py:538} INFO - Filling up the DagBag from /home/airflow/.local/lib/python3.8/site-packages/airflow/example_dags/example_sensor_decorator.py
[2025-04-28T12:15:03.449+0000] {processor.py:840} INFO - DAG(s) 'example_sensor_decorator' retrieved from /home/airflow/.local/lib/python3.8/site-packages/airflow/example_dags/example_sensor_decorator.py
[2025-04-28T12:15:03.499+0000] {logging_mixin.py:188} INFO - [2025-04-28T12:15:03.498+0000] {dag.py:3033} INFO - Sync 1 DAGs
[2025-04-28T12:15:03.532+0000] {logging_mixin.py:188} INFO - [2025-04-28T12:15:03.531+0000] {dag.py:3820} INFO - Setting next_dagrun for example_sensor_decorator to None, run_after=None
[2025-04-28T12:15:03.584+0000] {processor.py:183} INFO - Processing /home/airflow/.local/lib/python3.8/site-packages/airflow/example_dags/example_sensor_decorator.py took 0.161 seconds
[2025-04-28T12:15:34.696+0000] {processor.py:161} INFO - Started process (PID=8104) to work on /home/airflow/.local/lib/python3.8/site-packages/airflow/example_dags/example_sensor_decorator.py
[2025-04-28T12:15:34.698+0000] {processor.py:830} INFO - Processing file /home/airflow/.local/lib/python3.8/site-packages/airflow/example_dags/example_sensor_decorator.py for tasks to queue
[2025-04-28T12:15:34.700+0000] {logging_mixin.py:188} INFO - [2025-04-28T12:15:34.699+0000] {dagbag.py:538} INFO - Filling up the DagBag from /home/airflow/.local/lib/python3.8/site-packages/airflow/example_dags/example_sensor_decorator.py
[2025-04-28T12:15:34.710+0000] {processor.py:840} INFO - DAG(s) 'example_sensor_decorator' retrieved from /home/airflow/.local/lib/python3.8/site-packages/airflow/example_dags/example_sensor_decorator.py
[2025-04-28T12:15:34.747+0000] {logging_mixin.py:188} INFO - [2025-04-28T12:15:34.747+0000] {dag.py:3033} INFO - Sync 1 DAGs
[2025-04-28T12:15:34.769+0000] {logging_mixin.py:188} INFO - [2025-04-28T12:15:34.769+0000] {dag.py:3820} INFO - Setting next_dagrun for example_sensor_decorator to None, run_after=None
[2025-04-28T12:15:34.813+0000] {processor.py:183} INFO - Processing /home/airflow/.local/lib/python3.8/site-packages/airflow/example_dags/example_sensor_decorator.py took 0.123 seconds
[2025-04-28T12:16:05.943+0000] {processor.py:161} INFO - Started process (PID=8160) to work on /home/airflow/.local/lib/python3.8/site-packages/airflow/example_dags/example_sensor_decorator.py
[2025-04-28T12:16:05.945+0000] {processor.py:830} INFO - Processing file /home/airflow/.local/lib/python3.8/site-packages/airflow/example_dags/example_sensor_decorator.py for tasks to queue
[2025-04-28T12:16:05.946+0000] {logging_mixin.py:188} INFO - [2025-04-28T12:16:05.946+0000] {dagbag.py:538} INFO - Filling up the DagBag from /home/airflow/.local/lib/python3.8/site-packages/airflow/example_dags/example_sensor_decorator.py
[2025-04-28T12:16:05.959+0000] {processor.py:840} INFO - DAG(s) 'example_sensor_decorator' retrieved from /home/airflow/.local/lib/python3.8/site-packages/airflow/example_dags/example_sensor_decorator.py
[2025-04-28T12:16:05.999+0000] {logging_mixin.py:188} INFO - [2025-04-28T12:16:05.999+0000] {dag.py:3033} INFO - Sync 1 DAGs
[2025-04-28T12:16:06.022+0000] {logging_mixin.py:188} INFO - [2025-04-28T12:16:06.022+0000] {dag.py:3820} INFO - Setting next_dagrun for example_sensor_decorator to None, run_after=None
[2025-04-28T12:16:06.065+0000] {processor.py:183} INFO - Processing /home/airflow/.local/lib/python3.8/site-packages/airflow/example_dags/example_sensor_decorator.py took 0.128 seconds
[2025-04-28T12:16:36.434+0000] {processor.py:161} INFO - Started process (PID=8216) to work on /home/airflow/.local/lib/python3.8/site-packages/airflow/example_dags/example_sensor_decorator.py
[2025-04-28T12:16:36.436+0000] {processor.py:830} INFO - Processing file /home/airflow/.local/lib/python3.8/site-packages/airflow/example_dags/example_sensor_decorator.py for tasks to queue
[2025-04-28T12:16:36.437+0000] {logging_mixin.py:188} INFO - [2025-04-28T12:16:36.437+0000] {dagbag.py:538} INFO - Filling up the DagBag from /home/airflow/.local/lib/python3.8/site-packages/airflow/example_dags/example_sensor_decorator.py
[2025-04-28T12:16:36.446+0000] {processor.py:840} INFO - DAG(s) 'example_sensor_decorator' retrieved from /home/airflow/.local/lib/python3.8/site-packages/airflow/example_dags/example_sensor_decorator.py
[2025-04-28T12:16:36.489+0000] {logging_mixin.py:188} INFO - [2025-04-28T12:16:36.489+0000] {dag.py:3033} INFO - Sync 1 DAGs
[2025-04-28T12:16:36.509+0000] {logging_mixin.py:188} INFO - [2025-04-28T12:16:36.509+0000] {dag.py:3820} INFO - Setting next_dagrun for example_sensor_decorator to None, run_after=None
[2025-04-28T12:16:36.549+0000] {processor.py:183} INFO - Processing /home/airflow/.local/lib/python3.8/site-packages/airflow/example_dags/example_sensor_decorator.py took 0.120 seconds
[2025-04-28T12:17:07.226+0000] {processor.py:161} INFO - Started process (PID=8266) to work on /home/airflow/.local/lib/python3.8/site-packages/airflow/example_dags/example_sensor_decorator.py
[2025-04-28T12:17:07.228+0000] {processor.py:830} INFO - Processing file /home/airflow/.local/lib/python3.8/site-packages/airflow/example_dags/example_sensor_decorator.py for tasks to queue
[2025-04-28T12:17:07.229+0000] {logging_mixin.py:188} INFO - [2025-04-28T12:17:07.229+0000] {dagbag.py:538} INFO - Filling up the DagBag from /home/airflow/.local/lib/python3.8/site-packages/airflow/example_dags/example_sensor_decorator.py
[2025-04-28T12:17:07.238+0000] {processor.py:840} INFO - DAG(s) 'example_sensor_decorator' retrieved from /home/airflow/.local/lib/python3.8/site-packages/airflow/example_dags/example_sensor_decorator.py
[2025-04-28T12:17:07.276+0000] {logging_mixin.py:188} INFO - [2025-04-28T12:17:07.274+0000] {dag.py:3033} INFO - Sync 1 DAGs
[2025-04-28T12:17:07.301+0000] {logging_mixin.py:188} INFO - [2025-04-28T12:17:07.301+0000] {dag.py:3820} INFO - Setting next_dagrun for example_sensor_decorator to None, run_after=None
[2025-04-28T12:17:07.349+0000] {processor.py:183} INFO - Processing /home/airflow/.local/lib/python3.8/site-packages/airflow/example_dags/example_sensor_decorator.py took 0.127 seconds
[2025-04-28T12:17:39.302+0000] {processor.py:161} INFO - Started process (PID=8322) to work on /home/airflow/.local/lib/python3.8/site-packages/airflow/example_dags/example_sensor_decorator.py
[2025-04-28T12:17:39.304+0000] {processor.py:830} INFO - Processing file /home/airflow/.local/lib/python3.8/site-packages/airflow/example_dags/example_sensor_decorator.py for tasks to queue
[2025-04-28T12:17:39.306+0000] {logging_mixin.py:188} INFO - [2025-04-28T12:17:39.305+0000] {dagbag.py:538} INFO - Filling up the DagBag from /home/airflow/.local/lib/python3.8/site-packages/airflow/example_dags/example_sensor_decorator.py
[2025-04-28T12:17:39.321+0000] {processor.py:840} INFO - DAG(s) 'example_sensor_decorator' retrieved from /home/airflow/.local/lib/python3.8/site-packages/airflow/example_dags/example_sensor_decorator.py
[2025-04-28T12:17:39.384+0000] {logging_mixin.py:188} INFO - [2025-04-28T12:17:39.384+0000] {dag.py:3033} INFO - Sync 1 DAGs
[2025-04-28T12:17:39.417+0000] {logging_mixin.py:188} INFO - [2025-04-28T12:17:39.417+0000] {dag.py:3820} INFO - Setting next_dagrun for example_sensor_decorator to None, run_after=None
[2025-04-28T12:17:39.462+0000] {processor.py:183} INFO - Processing /home/airflow/.local/lib/python3.8/site-packages/airflow/example_dags/example_sensor_decorator.py took 0.165 seconds
[2025-04-28T12:18:09.523+0000] {processor.py:161} INFO - Started process (PID=8378) to work on /home/airflow/.local/lib/python3.8/site-packages/airflow/example_dags/example_sensor_decorator.py
[2025-04-28T12:18:09.524+0000] {processor.py:830} INFO - Processing file /home/airflow/.local/lib/python3.8/site-packages/airflow/example_dags/example_sensor_decorator.py for tasks to queue
[2025-04-28T12:18:09.526+0000] {logging_mixin.py:188} INFO - [2025-04-28T12:18:09.526+0000] {dagbag.py:538} INFO - Filling up the DagBag from /home/airflow/.local/lib/python3.8/site-packages/airflow/example_dags/example_sensor_decorator.py
[2025-04-28T12:18:09.535+0000] {processor.py:840} INFO - DAG(s) 'example_sensor_decorator' retrieved from /home/airflow/.local/lib/python3.8/site-packages/airflow/example_dags/example_sensor_decorator.py
[2025-04-28T12:18:09.566+0000] {logging_mixin.py:188} INFO - [2025-04-28T12:18:09.566+0000] {dag.py:3033} INFO - Sync 1 DAGs
[2025-04-28T12:18:09.589+0000] {logging_mixin.py:188} INFO - [2025-04-28T12:18:09.588+0000] {dag.py:3820} INFO - Setting next_dagrun for example_sensor_decorator to None, run_after=None
[2025-04-28T12:18:09.625+0000] {processor.py:183} INFO - Processing /home/airflow/.local/lib/python3.8/site-packages/airflow/example_dags/example_sensor_decorator.py took 0.109 seconds
[2025-04-28T12:18:40.680+0000] {processor.py:161} INFO - Started process (PID=8435) to work on /home/airflow/.local/lib/python3.8/site-packages/airflow/example_dags/example_sensor_decorator.py
[2025-04-28T12:18:40.681+0000] {processor.py:830} INFO - Processing file /home/airflow/.local/lib/python3.8/site-packages/airflow/example_dags/example_sensor_decorator.py for tasks to queue
[2025-04-28T12:18:40.684+0000] {logging_mixin.py:188} INFO - [2025-04-28T12:18:40.683+0000] {dagbag.py:538} INFO - Filling up the DagBag from /home/airflow/.local/lib/python3.8/site-packages/airflow/example_dags/example_sensor_decorator.py
[2025-04-28T12:18:40.693+0000] {processor.py:840} INFO - DAG(s) 'example_sensor_decorator' retrieved from /home/airflow/.local/lib/python3.8/site-packages/airflow/example_dags/example_sensor_decorator.py
[2025-04-28T12:18:40.732+0000] {logging_mixin.py:188} INFO - [2025-04-28T12:18:40.731+0000] {dag.py:3033} INFO - Sync 1 DAGs
[2025-04-28T12:18:40.754+0000] {logging_mixin.py:188} INFO - [2025-04-28T12:18:40.753+0000] {dag.py:3820} INFO - Setting next_dagrun for example_sensor_decorator to None, run_after=None
[2025-04-28T12:18:40.788+0000] {processor.py:183} INFO - Processing /home/airflow/.local/lib/python3.8/site-packages/airflow/example_dags/example_sensor_decorator.py took 0.113 seconds
[2025-04-28T12:19:11.260+0000] {processor.py:161} INFO - Started process (PID=8491) to work on /home/airflow/.local/lib/python3.8/site-packages/airflow/example_dags/example_sensor_decorator.py
[2025-04-28T12:19:11.262+0000] {processor.py:830} INFO - Processing file /home/airflow/.local/lib/python3.8/site-packages/airflow/example_dags/example_sensor_decorator.py for tasks to queue
[2025-04-28T12:19:11.264+0000] {logging_mixin.py:188} INFO - [2025-04-28T12:19:11.264+0000] {dagbag.py:538} INFO - Filling up the DagBag from /home/airflow/.local/lib/python3.8/site-packages/airflow/example_dags/example_sensor_decorator.py
[2025-04-28T12:19:11.277+0000] {processor.py:840} INFO - DAG(s) 'example_sensor_decorator' retrieved from /home/airflow/.local/lib/python3.8/site-packages/airflow/example_dags/example_sensor_decorator.py
[2025-04-28T12:19:11.319+0000] {logging_mixin.py:188} INFO - [2025-04-28T12:19:11.319+0000] {dag.py:3033} INFO - Sync 1 DAGs
[2025-04-28T12:19:11.354+0000] {logging_mixin.py:188} INFO - [2025-04-28T12:19:11.354+0000] {dag.py:3820} INFO - Setting next_dagrun for example_sensor_decorator to None, run_after=None
[2025-04-28T12:19:11.394+0000] {processor.py:183} INFO - Processing /home/airflow/.local/lib/python3.8/site-packages/airflow/example_dags/example_sensor_decorator.py took 0.141 seconds
[2025-04-28T12:19:42.249+0000] {processor.py:161} INFO - Started process (PID=8549) to work on /home/airflow/.local/lib/python3.8/site-packages/airflow/example_dags/example_sensor_decorator.py
[2025-04-28T12:19:42.255+0000] {processor.py:830} INFO - Processing file /home/airflow/.local/lib/python3.8/site-packages/airflow/example_dags/example_sensor_decorator.py for tasks to queue
[2025-04-28T12:19:42.257+0000] {logging_mixin.py:188} INFO - [2025-04-28T12:19:42.257+0000] {dagbag.py:538} INFO - Filling up the DagBag from /home/airflow/.local/lib/python3.8/site-packages/airflow/example_dags/example_sensor_decorator.py
[2025-04-28T12:19:42.272+0000] {processor.py:840} INFO - DAG(s) 'example_sensor_decorator' retrieved from /home/airflow/.local/lib/python3.8/site-packages/airflow/example_dags/example_sensor_decorator.py
[2025-04-28T12:19:42.317+0000] {logging_mixin.py:188} INFO - [2025-04-28T12:19:42.317+0000] {dag.py:3033} INFO - Sync 1 DAGs
[2025-04-28T12:19:42.356+0000] {logging_mixin.py:188} INFO - [2025-04-28T12:19:42.355+0000] {dag.py:3820} INFO - Setting next_dagrun for example_sensor_decorator to None, run_after=None
[2025-04-28T12:19:42.424+0000] {processor.py:183} INFO - Processing /home/airflow/.local/lib/python3.8/site-packages/airflow/example_dags/example_sensor_decorator.py took 0.182 seconds
[2025-04-28T12:20:12.627+0000] {processor.py:161} INFO - Started process (PID=8605) to work on /home/airflow/.local/lib/python3.8/site-packages/airflow/example_dags/example_sensor_decorator.py
[2025-04-28T12:20:12.629+0000] {processor.py:830} INFO - Processing file /home/airflow/.local/lib/python3.8/site-packages/airflow/example_dags/example_sensor_decorator.py for tasks to queue
[2025-04-28T12:20:12.631+0000] {logging_mixin.py:188} INFO - [2025-04-28T12:20:12.630+0000] {dagbag.py:538} INFO - Filling up the DagBag from /home/airflow/.local/lib/python3.8/site-packages/airflow/example_dags/example_sensor_decorator.py
[2025-04-28T12:20:12.642+0000] {processor.py:840} INFO - DAG(s) 'example_sensor_decorator' retrieved from /home/airflow/.local/lib/python3.8/site-packages/airflow/example_dags/example_sensor_decorator.py
[2025-04-28T12:20:12.674+0000] {logging_mixin.py:188} INFO - [2025-04-28T12:20:12.674+0000] {dag.py:3033} INFO - Sync 1 DAGs
[2025-04-28T12:20:12.696+0000] {logging_mixin.py:188} INFO - [2025-04-28T12:20:12.696+0000] {dag.py:3820} INFO - Setting next_dagrun for example_sensor_decorator to None, run_after=None
[2025-04-28T12:20:12.738+0000] {processor.py:183} INFO - Processing /home/airflow/.local/lib/python3.8/site-packages/airflow/example_dags/example_sensor_decorator.py took 0.117 seconds
[2025-04-28T12:20:43.281+0000] {processor.py:161} INFO - Started process (PID=8662) to work on /home/airflow/.local/lib/python3.8/site-packages/airflow/example_dags/example_sensor_decorator.py
[2025-04-28T12:20:43.283+0000] {processor.py:830} INFO - Processing file /home/airflow/.local/lib/python3.8/site-packages/airflow/example_dags/example_sensor_decorator.py for tasks to queue
[2025-04-28T12:20:43.285+0000] {logging_mixin.py:188} INFO - [2025-04-28T12:20:43.284+0000] {dagbag.py:538} INFO - Filling up the DagBag from /home/airflow/.local/lib/python3.8/site-packages/airflow/example_dags/example_sensor_decorator.py
[2025-04-28T12:20:43.299+0000] {processor.py:840} INFO - DAG(s) 'example_sensor_decorator' retrieved from /home/airflow/.local/lib/python3.8/site-packages/airflow/example_dags/example_sensor_decorator.py
[2025-04-28T12:20:43.336+0000] {logging_mixin.py:188} INFO - [2025-04-28T12:20:43.336+0000] {dag.py:3033} INFO - Sync 1 DAGs
[2025-04-28T12:20:43.361+0000] {logging_mixin.py:188} INFO - [2025-04-28T12:20:43.361+0000] {dag.py:3820} INFO - Setting next_dagrun for example_sensor_decorator to None, run_after=None
[2025-04-28T12:20:43.404+0000] {processor.py:183} INFO - Processing /home/airflow/.local/lib/python3.8/site-packages/airflow/example_dags/example_sensor_decorator.py took 0.132 seconds
[2025-04-28T12:21:19.129+0000] {processor.py:161} INFO - Started process (PID=8717) to work on /home/airflow/.local/lib/python3.8/site-packages/airflow/example_dags/example_sensor_decorator.py
[2025-04-28T12:21:19.130+0000] {processor.py:830} INFO - Processing file /home/airflow/.local/lib/python3.8/site-packages/airflow/example_dags/example_sensor_decorator.py for tasks to queue
[2025-04-28T12:21:19.131+0000] {logging_mixin.py:188} INFO - [2025-04-28T12:21:19.131+0000] {dagbag.py:538} INFO - Filling up the DagBag from /home/airflow/.local/lib/python3.8/site-packages/airflow/example_dags/example_sensor_decorator.py
[2025-04-28T12:21:19.141+0000] {processor.py:840} INFO - DAG(s) 'example_sensor_decorator' retrieved from /home/airflow/.local/lib/python3.8/site-packages/airflow/example_dags/example_sensor_decorator.py
[2025-04-28T12:21:19.182+0000] {logging_mixin.py:188} INFO - [2025-04-28T12:21:19.182+0000] {dag.py:3033} INFO - Sync 1 DAGs
[2025-04-28T12:21:19.208+0000] {logging_mixin.py:188} INFO - [2025-04-28T12:21:19.208+0000] {dag.py:3820} INFO - Setting next_dagrun for example_sensor_decorator to None, run_after=None
[2025-04-28T12:21:19.267+0000] {processor.py:183} INFO - Processing /home/airflow/.local/lib/python3.8/site-packages/airflow/example_dags/example_sensor_decorator.py took 0.144 seconds
[2025-04-28T12:21:50.199+0000] {processor.py:161} INFO - Started process (PID=8772) to work on /home/airflow/.local/lib/python3.8/site-packages/airflow/example_dags/example_sensor_decorator.py
[2025-04-28T12:21:50.201+0000] {processor.py:830} INFO - Processing file /home/airflow/.local/lib/python3.8/site-packages/airflow/example_dags/example_sensor_decorator.py for tasks to queue
[2025-04-28T12:21:50.203+0000] {logging_mixin.py:188} INFO - [2025-04-28T12:21:50.202+0000] {dagbag.py:538} INFO - Filling up the DagBag from /home/airflow/.local/lib/python3.8/site-packages/airflow/example_dags/example_sensor_decorator.py
[2025-04-28T12:21:50.214+0000] {processor.py:840} INFO - DAG(s) 'example_sensor_decorator' retrieved from /home/airflow/.local/lib/python3.8/site-packages/airflow/example_dags/example_sensor_decorator.py
[2025-04-28T12:21:50.252+0000] {logging_mixin.py:188} INFO - [2025-04-28T12:21:50.251+0000] {dag.py:3033} INFO - Sync 1 DAGs
[2025-04-28T12:21:50.280+0000] {logging_mixin.py:188} INFO - [2025-04-28T12:21:50.279+0000] {dag.py:3820} INFO - Setting next_dagrun for example_sensor_decorator to None, run_after=None
[2025-04-28T12:21:50.331+0000] {processor.py:183} INFO - Processing /home/airflow/.local/lib/python3.8/site-packages/airflow/example_dags/example_sensor_decorator.py took 0.137 seconds
[2025-04-28T12:22:20.555+0000] {processor.py:161} INFO - Started process (PID=8828) to work on /home/airflow/.local/lib/python3.8/site-packages/airflow/example_dags/example_sensor_decorator.py
[2025-04-28T12:22:20.557+0000] {processor.py:830} INFO - Processing file /home/airflow/.local/lib/python3.8/site-packages/airflow/example_dags/example_sensor_decorator.py for tasks to queue
[2025-04-28T12:22:20.558+0000] {logging_mixin.py:188} INFO - [2025-04-28T12:22:20.558+0000] {dagbag.py:538} INFO - Filling up the DagBag from /home/airflow/.local/lib/python3.8/site-packages/airflow/example_dags/example_sensor_decorator.py
[2025-04-28T12:22:20.568+0000] {processor.py:840} INFO - DAG(s) 'example_sensor_decorator' retrieved from /home/airflow/.local/lib/python3.8/site-packages/airflow/example_dags/example_sensor_decorator.py
[2025-04-28T12:22:20.610+0000] {logging_mixin.py:188} INFO - [2025-04-28T12:22:20.610+0000] {dag.py:3033} INFO - Sync 1 DAGs
[2025-04-28T12:22:20.632+0000] {logging_mixin.py:188} INFO - [2025-04-28T12:22:20.631+0000] {dag.py:3820} INFO - Setting next_dagrun for example_sensor_decorator to None, run_after=None
[2025-04-28T12:22:20.668+0000] {processor.py:183} INFO - Processing /home/airflow/.local/lib/python3.8/site-packages/airflow/example_dags/example_sensor_decorator.py took 0.118 seconds
[2025-04-28T12:22:51.337+0000] {processor.py:161} INFO - Started process (PID=8884) to work on /home/airflow/.local/lib/python3.8/site-packages/airflow/example_dags/example_sensor_decorator.py
[2025-04-28T12:22:51.339+0000] {processor.py:830} INFO - Processing file /home/airflow/.local/lib/python3.8/site-packages/airflow/example_dags/example_sensor_decorator.py for tasks to queue
[2025-04-28T12:22:51.341+0000] {logging_mixin.py:188} INFO - [2025-04-28T12:22:51.340+0000] {dagbag.py:538} INFO - Filling up the DagBag from /home/airflow/.local/lib/python3.8/site-packages/airflow/example_dags/example_sensor_decorator.py
[2025-04-28T12:22:51.353+0000] {processor.py:840} INFO - DAG(s) 'example_sensor_decorator' retrieved from /home/airflow/.local/lib/python3.8/site-packages/airflow/example_dags/example_sensor_decorator.py
[2025-04-28T12:22:51.421+0000] {logging_mixin.py:188} INFO - [2025-04-28T12:22:51.420+0000] {dag.py:3033} INFO - Sync 1 DAGs
[2025-04-28T12:22:51.456+0000] {logging_mixin.py:188} INFO - [2025-04-28T12:22:51.456+0000] {dag.py:3820} INFO - Setting next_dagrun for example_sensor_decorator to None, run_after=None
[2025-04-28T12:22:51.510+0000] {processor.py:183} INFO - Processing /home/airflow/.local/lib/python3.8/site-packages/airflow/example_dags/example_sensor_decorator.py took 0.180 seconds
[2025-04-28T12:23:21.802+0000] {processor.py:161} INFO - Started process (PID=8941) to work on /home/airflow/.local/lib/python3.8/site-packages/airflow/example_dags/example_sensor_decorator.py
[2025-04-28T12:23:21.803+0000] {processor.py:830} INFO - Processing file /home/airflow/.local/lib/python3.8/site-packages/airflow/example_dags/example_sensor_decorator.py for tasks to queue
[2025-04-28T12:23:21.805+0000] {logging_mixin.py:188} INFO - [2025-04-28T12:23:21.804+0000] {dagbag.py:538} INFO - Filling up the DagBag from /home/airflow/.local/lib/python3.8/site-packages/airflow/example_dags/example_sensor_decorator.py
[2025-04-28T12:23:21.814+0000] {processor.py:840} INFO - DAG(s) 'example_sensor_decorator' retrieved from /home/airflow/.local/lib/python3.8/site-packages/airflow/example_dags/example_sensor_decorator.py
[2025-04-28T12:23:21.853+0000] {logging_mixin.py:188} INFO - [2025-04-28T12:23:21.853+0000] {dag.py:3033} INFO - Sync 1 DAGs
[2025-04-28T12:23:21.878+0000] {logging_mixin.py:188} INFO - [2025-04-28T12:23:21.878+0000] {dag.py:3820} INFO - Setting next_dagrun for example_sensor_decorator to None, run_after=None
[2025-04-28T12:23:21.933+0000] {processor.py:183} INFO - Processing /home/airflow/.local/lib/python3.8/site-packages/airflow/example_dags/example_sensor_decorator.py took 0.137 seconds
[2025-04-28T12:23:52.208+0000] {processor.py:161} INFO - Started process (PID=8996) to work on /home/airflow/.local/lib/python3.8/site-packages/airflow/example_dags/example_sensor_decorator.py
[2025-04-28T12:23:52.209+0000] {processor.py:830} INFO - Processing file /home/airflow/.local/lib/python3.8/site-packages/airflow/example_dags/example_sensor_decorator.py for tasks to queue
[2025-04-28T12:23:52.211+0000] {logging_mixin.py:188} INFO - [2025-04-28T12:23:52.211+0000] {dagbag.py:538} INFO - Filling up the DagBag from /home/airflow/.local/lib/python3.8/site-packages/airflow/example_dags/example_sensor_decorator.py
[2025-04-28T12:23:52.230+0000] {processor.py:840} INFO - DAG(s) 'example_sensor_decorator' retrieved from /home/airflow/.local/lib/python3.8/site-packages/airflow/example_dags/example_sensor_decorator.py
[2025-04-28T12:23:52.270+0000] {logging_mixin.py:188} INFO - [2025-04-28T12:23:52.270+0000] {dag.py:3033} INFO - Sync 1 DAGs
[2025-04-28T12:23:52.293+0000] {logging_mixin.py:188} INFO - [2025-04-28T12:23:52.293+0000] {dag.py:3820} INFO - Setting next_dagrun for example_sensor_decorator to None, run_after=None
[2025-04-28T12:23:52.332+0000] {processor.py:183} INFO - Processing /home/airflow/.local/lib/python3.8/site-packages/airflow/example_dags/example_sensor_decorator.py took 0.131 seconds
[2025-04-28T12:24:26.907+0000] {processor.py:161} INFO - Started process (PID=9052) to work on /home/airflow/.local/lib/python3.8/site-packages/airflow/example_dags/example_sensor_decorator.py
[2025-04-28T12:24:26.908+0000] {processor.py:830} INFO - Processing file /home/airflow/.local/lib/python3.8/site-packages/airflow/example_dags/example_sensor_decorator.py for tasks to queue
[2025-04-28T12:24:26.910+0000] {logging_mixin.py:188} INFO - [2025-04-28T12:24:26.909+0000] {dagbag.py:538} INFO - Filling up the DagBag from /home/airflow/.local/lib/python3.8/site-packages/airflow/example_dags/example_sensor_decorator.py
[2025-04-28T12:24:26.919+0000] {processor.py:840} INFO - DAG(s) 'example_sensor_decorator' retrieved from /home/airflow/.local/lib/python3.8/site-packages/airflow/example_dags/example_sensor_decorator.py
[2025-04-28T12:24:26.954+0000] {logging_mixin.py:188} INFO - [2025-04-28T12:24:26.953+0000] {dag.py:3033} INFO - Sync 1 DAGs
[2025-04-28T12:24:26.982+0000] {logging_mixin.py:188} INFO - [2025-04-28T12:24:26.982+0000] {dag.py:3820} INFO - Setting next_dagrun for example_sensor_decorator to None, run_after=None
[2025-04-28T12:24:27.017+0000] {processor.py:183} INFO - Processing /home/airflow/.local/lib/python3.8/site-packages/airflow/example_dags/example_sensor_decorator.py took 0.115 seconds
[2025-04-28T12:24:57.902+0000] {processor.py:161} INFO - Started process (PID=9109) to work on /home/airflow/.local/lib/python3.8/site-packages/airflow/example_dags/example_sensor_decorator.py
[2025-04-28T12:24:57.904+0000] {processor.py:830} INFO - Processing file /home/airflow/.local/lib/python3.8/site-packages/airflow/example_dags/example_sensor_decorator.py for tasks to queue
[2025-04-28T12:24:57.906+0000] {logging_mixin.py:188} INFO - [2025-04-28T12:24:57.905+0000] {dagbag.py:538} INFO - Filling up the DagBag from /home/airflow/.local/lib/python3.8/site-packages/airflow/example_dags/example_sensor_decorator.py
[2025-04-28T12:24:57.915+0000] {processor.py:840} INFO - DAG(s) 'example_sensor_decorator' retrieved from /home/airflow/.local/lib/python3.8/site-packages/airflow/example_dags/example_sensor_decorator.py
[2025-04-28T12:24:57.960+0000] {logging_mixin.py:188} INFO - [2025-04-28T12:24:57.959+0000] {dag.py:3033} INFO - Sync 1 DAGs
[2025-04-28T12:24:57.986+0000] {logging_mixin.py:188} INFO - [2025-04-28T12:24:57.986+0000] {dag.py:3820} INFO - Setting next_dagrun for example_sensor_decorator to None, run_after=None
[2025-04-28T12:24:58.028+0000] {processor.py:183} INFO - Processing /home/airflow/.local/lib/python3.8/site-packages/airflow/example_dags/example_sensor_decorator.py took 0.132 seconds
[2025-04-28T12:25:33.506+0000] {processor.py:161} INFO - Started process (PID=9166) to work on /home/airflow/.local/lib/python3.8/site-packages/airflow/example_dags/example_sensor_decorator.py
[2025-04-28T12:25:33.508+0000] {processor.py:830} INFO - Processing file /home/airflow/.local/lib/python3.8/site-packages/airflow/example_dags/example_sensor_decorator.py for tasks to queue
[2025-04-28T12:25:33.509+0000] {logging_mixin.py:188} INFO - [2025-04-28T12:25:33.509+0000] {dagbag.py:538} INFO - Filling up the DagBag from /home/airflow/.local/lib/python3.8/site-packages/airflow/example_dags/example_sensor_decorator.py
[2025-04-28T12:25:33.517+0000] {processor.py:840} INFO - DAG(s) 'example_sensor_decorator' retrieved from /home/airflow/.local/lib/python3.8/site-packages/airflow/example_dags/example_sensor_decorator.py
[2025-04-28T12:25:33.550+0000] {logging_mixin.py:188} INFO - [2025-04-28T12:25:33.550+0000] {dag.py:3033} INFO - Sync 1 DAGs
[2025-04-28T12:25:33.573+0000] {logging_mixin.py:188} INFO - [2025-04-28T12:25:33.572+0000] {dag.py:3820} INFO - Setting next_dagrun for example_sensor_decorator to None, run_after=None
[2025-04-28T12:25:33.612+0000] {processor.py:183} INFO - Processing /home/airflow/.local/lib/python3.8/site-packages/airflow/example_dags/example_sensor_decorator.py took 0.110 seconds
[2025-04-28T12:26:04.073+0000] {processor.py:161} INFO - Started process (PID=9222) to work on /home/airflow/.local/lib/python3.8/site-packages/airflow/example_dags/example_sensor_decorator.py
[2025-04-28T12:26:04.075+0000] {processor.py:830} INFO - Processing file /home/airflow/.local/lib/python3.8/site-packages/airflow/example_dags/example_sensor_decorator.py for tasks to queue
[2025-04-28T12:26:04.078+0000] {logging_mixin.py:188} INFO - [2025-04-28T12:26:04.078+0000] {dagbag.py:538} INFO - Filling up the DagBag from /home/airflow/.local/lib/python3.8/site-packages/airflow/example_dags/example_sensor_decorator.py
[2025-04-28T12:26:04.096+0000] {processor.py:840} INFO - DAG(s) 'example_sensor_decorator' retrieved from /home/airflow/.local/lib/python3.8/site-packages/airflow/example_dags/example_sensor_decorator.py
[2025-04-28T12:26:04.146+0000] {logging_mixin.py:188} INFO - [2025-04-28T12:26:04.142+0000] {dag.py:3033} INFO - Sync 1 DAGs
[2025-04-28T12:26:04.192+0000] {logging_mixin.py:188} INFO - [2025-04-28T12:26:04.192+0000] {dag.py:3820} INFO - Setting next_dagrun for example_sensor_decorator to None, run_after=None
[2025-04-28T12:26:04.259+0000] {processor.py:183} INFO - Processing /home/airflow/.local/lib/python3.8/site-packages/airflow/example_dags/example_sensor_decorator.py took 0.201 seconds
[2025-04-28T12:26:36.366+0000] {processor.py:161} INFO - Started process (PID=9278) to work on /home/airflow/.local/lib/python3.8/site-packages/airflow/example_dags/example_sensor_decorator.py
[2025-04-28T12:26:36.368+0000] {processor.py:830} INFO - Processing file /home/airflow/.local/lib/python3.8/site-packages/airflow/example_dags/example_sensor_decorator.py for tasks to queue
[2025-04-28T12:26:36.371+0000] {logging_mixin.py:188} INFO - [2025-04-28T12:26:36.370+0000] {dagbag.py:538} INFO - Filling up the DagBag from /home/airflow/.local/lib/python3.8/site-packages/airflow/example_dags/example_sensor_decorator.py
[2025-04-28T12:26:36.389+0000] {processor.py:840} INFO - DAG(s) 'example_sensor_decorator' retrieved from /home/airflow/.local/lib/python3.8/site-packages/airflow/example_dags/example_sensor_decorator.py
[2025-04-28T12:26:36.462+0000] {logging_mixin.py:188} INFO - [2025-04-28T12:26:36.462+0000] {dag.py:3033} INFO - Sync 1 DAGs
[2025-04-28T12:26:36.511+0000] {logging_mixin.py:188} INFO - [2025-04-28T12:26:36.510+0000] {dag.py:3820} INFO - Setting next_dagrun for example_sensor_decorator to None, run_after=None
[2025-04-28T12:26:36.574+0000] {processor.py:183} INFO - Processing /home/airflow/.local/lib/python3.8/site-packages/airflow/example_dags/example_sensor_decorator.py took 0.217 seconds
[2025-04-28T12:27:07.798+0000] {processor.py:161} INFO - Started process (PID=9335) to work on /home/airflow/.local/lib/python3.8/site-packages/airflow/example_dags/example_sensor_decorator.py
[2025-04-28T12:27:07.800+0000] {processor.py:830} INFO - Processing file /home/airflow/.local/lib/python3.8/site-packages/airflow/example_dags/example_sensor_decorator.py for tasks to queue
[2025-04-28T12:27:07.803+0000] {logging_mixin.py:188} INFO - [2025-04-28T12:27:07.802+0000] {dagbag.py:538} INFO - Filling up the DagBag from /home/airflow/.local/lib/python3.8/site-packages/airflow/example_dags/example_sensor_decorator.py
[2025-04-28T12:27:07.828+0000] {processor.py:840} INFO - DAG(s) 'example_sensor_decorator' retrieved from /home/airflow/.local/lib/python3.8/site-packages/airflow/example_dags/example_sensor_decorator.py
[2025-04-28T12:27:07.918+0000] {logging_mixin.py:188} INFO - [2025-04-28T12:27:07.918+0000] {dag.py:3033} INFO - Sync 1 DAGs
[2025-04-28T12:27:07.955+0000] {logging_mixin.py:188} INFO - [2025-04-28T12:27:07.955+0000] {dag.py:3820} INFO - Setting next_dagrun for example_sensor_decorator to None, run_after=None
[2025-04-28T12:27:08.020+0000] {processor.py:183} INFO - Processing /home/airflow/.local/lib/python3.8/site-packages/airflow/example_dags/example_sensor_decorator.py took 0.254 seconds
[2025-04-28T12:27:38.492+0000] {processor.py:161} INFO - Started process (PID=9391) to work on /home/airflow/.local/lib/python3.8/site-packages/airflow/example_dags/example_sensor_decorator.py
[2025-04-28T12:27:38.494+0000] {processor.py:830} INFO - Processing file /home/airflow/.local/lib/python3.8/site-packages/airflow/example_dags/example_sensor_decorator.py for tasks to queue
[2025-04-28T12:27:38.496+0000] {logging_mixin.py:188} INFO - [2025-04-28T12:27:38.496+0000] {dagbag.py:538} INFO - Filling up the DagBag from /home/airflow/.local/lib/python3.8/site-packages/airflow/example_dags/example_sensor_decorator.py
[2025-04-28T12:27:38.509+0000] {processor.py:840} INFO - DAG(s) 'example_sensor_decorator' retrieved from /home/airflow/.local/lib/python3.8/site-packages/airflow/example_dags/example_sensor_decorator.py
[2025-04-28T12:27:38.563+0000] {logging_mixin.py:188} INFO - [2025-04-28T12:27:38.563+0000] {dag.py:3033} INFO - Sync 1 DAGs
[2025-04-28T12:27:38.626+0000] {logging_mixin.py:188} INFO - [2025-04-28T12:27:38.625+0000] {dag.py:3820} INFO - Setting next_dagrun for example_sensor_decorator to None, run_after=None
[2025-04-28T12:27:38.728+0000] {processor.py:183} INFO - Processing /home/airflow/.local/lib/python3.8/site-packages/airflow/example_dags/example_sensor_decorator.py took 0.244 seconds
[2025-04-28T12:28:10.408+0000] {processor.py:161} INFO - Started process (PID=9448) to work on /home/airflow/.local/lib/python3.8/site-packages/airflow/example_dags/example_sensor_decorator.py
[2025-04-28T12:28:10.412+0000] {processor.py:830} INFO - Processing file /home/airflow/.local/lib/python3.8/site-packages/airflow/example_dags/example_sensor_decorator.py for tasks to queue
[2025-04-28T12:28:10.415+0000] {logging_mixin.py:188} INFO - [2025-04-28T12:28:10.415+0000] {dagbag.py:538} INFO - Filling up the DagBag from /home/airflow/.local/lib/python3.8/site-packages/airflow/example_dags/example_sensor_decorator.py
[2025-04-28T12:28:10.437+0000] {processor.py:840} INFO - DAG(s) 'example_sensor_decorator' retrieved from /home/airflow/.local/lib/python3.8/site-packages/airflow/example_dags/example_sensor_decorator.py
[2025-04-28T12:28:10.517+0000] {logging_mixin.py:188} INFO - [2025-04-28T12:28:10.517+0000] {dag.py:3033} INFO - Sync 1 DAGs
[2025-04-28T12:28:10.554+0000] {logging_mixin.py:188} INFO - [2025-04-28T12:28:10.554+0000] {dag.py:3820} INFO - Setting next_dagrun for example_sensor_decorator to None, run_after=None
[2025-04-28T12:28:10.641+0000] {processor.py:183} INFO - Processing /home/airflow/.local/lib/python3.8/site-packages/airflow/example_dags/example_sensor_decorator.py took 0.242 seconds
[2025-04-28T12:28:41.093+0000] {processor.py:161} INFO - Started process (PID=9503) to work on /home/airflow/.local/lib/python3.8/site-packages/airflow/example_dags/example_sensor_decorator.py
[2025-04-28T12:28:41.095+0000] {processor.py:830} INFO - Processing file /home/airflow/.local/lib/python3.8/site-packages/airflow/example_dags/example_sensor_decorator.py for tasks to queue
[2025-04-28T12:28:41.097+0000] {logging_mixin.py:188} INFO - [2025-04-28T12:28:41.097+0000] {dagbag.py:538} INFO - Filling up the DagBag from /home/airflow/.local/lib/python3.8/site-packages/airflow/example_dags/example_sensor_decorator.py
[2025-04-28T12:28:41.108+0000] {processor.py:840} INFO - DAG(s) 'example_sensor_decorator' retrieved from /home/airflow/.local/lib/python3.8/site-packages/airflow/example_dags/example_sensor_decorator.py
[2025-04-28T12:28:41.163+0000] {logging_mixin.py:188} INFO - [2025-04-28T12:28:41.163+0000] {dag.py:3033} INFO - Sync 1 DAGs
[2025-04-28T12:28:41.192+0000] {logging_mixin.py:188} INFO - [2025-04-28T12:28:41.191+0000] {dag.py:3820} INFO - Setting next_dagrun for example_sensor_decorator to None, run_after=None
[2025-04-28T12:28:41.242+0000] {processor.py:183} INFO - Processing /home/airflow/.local/lib/python3.8/site-packages/airflow/example_dags/example_sensor_decorator.py took 0.158 seconds
[2025-04-28T12:29:11.556+0000] {processor.py:161} INFO - Started process (PID=9559) to work on /home/airflow/.local/lib/python3.8/site-packages/airflow/example_dags/example_sensor_decorator.py
[2025-04-28T12:29:11.558+0000] {processor.py:830} INFO - Processing file /home/airflow/.local/lib/python3.8/site-packages/airflow/example_dags/example_sensor_decorator.py for tasks to queue
[2025-04-28T12:29:11.561+0000] {logging_mixin.py:188} INFO - [2025-04-28T12:29:11.560+0000] {dagbag.py:538} INFO - Filling up the DagBag from /home/airflow/.local/lib/python3.8/site-packages/airflow/example_dags/example_sensor_decorator.py
[2025-04-28T12:29:11.575+0000] {processor.py:840} INFO - DAG(s) 'example_sensor_decorator' retrieved from /home/airflow/.local/lib/python3.8/site-packages/airflow/example_dags/example_sensor_decorator.py
[2025-04-28T12:29:11.626+0000] {logging_mixin.py:188} INFO - [2025-04-28T12:29:11.626+0000] {dag.py:3033} INFO - Sync 1 DAGs
[2025-04-28T12:29:11.663+0000] {logging_mixin.py:188} INFO - [2025-04-28T12:29:11.662+0000] {dag.py:3820} INFO - Setting next_dagrun for example_sensor_decorator to None, run_after=None
[2025-04-28T12:29:11.751+0000] {processor.py:183} INFO - Processing /home/airflow/.local/lib/python3.8/site-packages/airflow/example_dags/example_sensor_decorator.py took 0.204 seconds
[2025-04-28T12:29:42.943+0000] {processor.py:161} INFO - Started process (PID=9616) to work on /home/airflow/.local/lib/python3.8/site-packages/airflow/example_dags/example_sensor_decorator.py
[2025-04-28T12:29:42.946+0000] {processor.py:830} INFO - Processing file /home/airflow/.local/lib/python3.8/site-packages/airflow/example_dags/example_sensor_decorator.py for tasks to queue
[2025-04-28T12:29:42.949+0000] {logging_mixin.py:188} INFO - [2025-04-28T12:29:42.948+0000] {dagbag.py:538} INFO - Filling up the DagBag from /home/airflow/.local/lib/python3.8/site-packages/airflow/example_dags/example_sensor_decorator.py
[2025-04-28T12:29:42.969+0000] {processor.py:840} INFO - DAG(s) 'example_sensor_decorator' retrieved from /home/airflow/.local/lib/python3.8/site-packages/airflow/example_dags/example_sensor_decorator.py
[2025-04-28T12:29:43.022+0000] {logging_mixin.py:188} INFO - [2025-04-28T12:29:43.022+0000] {dag.py:3033} INFO - Sync 1 DAGs
[2025-04-28T12:29:43.093+0000] {logging_mixin.py:188} INFO - [2025-04-28T12:29:43.093+0000] {dag.py:3820} INFO - Setting next_dagrun for example_sensor_decorator to None, run_after=None
[2025-04-28T12:29:43.149+0000] {processor.py:183} INFO - Processing /home/airflow/.local/lib/python3.8/site-packages/airflow/example_dags/example_sensor_decorator.py took 0.217 seconds
[2025-04-28T12:30:14.414+0000] {processor.py:161} INFO - Started process (PID=9678) to work on /home/airflow/.local/lib/python3.8/site-packages/airflow/example_dags/example_sensor_decorator.py
[2025-04-28T12:30:14.427+0000] {processor.py:830} INFO - Processing file /home/airflow/.local/lib/python3.8/site-packages/airflow/example_dags/example_sensor_decorator.py for tasks to queue
[2025-04-28T12:30:14.440+0000] {logging_mixin.py:188} INFO - [2025-04-28T12:30:14.439+0000] {dagbag.py:538} INFO - Filling up the DagBag from /home/airflow/.local/lib/python3.8/site-packages/airflow/example_dags/example_sensor_decorator.py
[2025-04-28T12:30:14.472+0000] {processor.py:840} INFO - DAG(s) 'example_sensor_decorator' retrieved from /home/airflow/.local/lib/python3.8/site-packages/airflow/example_dags/example_sensor_decorator.py
[2025-04-28T12:30:14.536+0000] {logging_mixin.py:188} INFO - [2025-04-28T12:30:14.535+0000] {dag.py:3033} INFO - Sync 1 DAGs
[2025-04-28T12:30:14.577+0000] {logging_mixin.py:188} INFO - [2025-04-28T12:30:14.577+0000] {dag.py:3820} INFO - Setting next_dagrun for example_sensor_decorator to None, run_after=None
[2025-04-28T12:30:14.633+0000] {processor.py:183} INFO - Processing /home/airflow/.local/lib/python3.8/site-packages/airflow/example_dags/example_sensor_decorator.py took 0.243 seconds
[2025-04-28T12:30:45.475+0000] {processor.py:161} INFO - Started process (PID=9735) to work on /home/airflow/.local/lib/python3.8/site-packages/airflow/example_dags/example_sensor_decorator.py
[2025-04-28T12:30:45.477+0000] {processor.py:830} INFO - Processing file /home/airflow/.local/lib/python3.8/site-packages/airflow/example_dags/example_sensor_decorator.py for tasks to queue
[2025-04-28T12:30:45.480+0000] {logging_mixin.py:188} INFO - [2025-04-28T12:30:45.479+0000] {dagbag.py:538} INFO - Filling up the DagBag from /home/airflow/.local/lib/python3.8/site-packages/airflow/example_dags/example_sensor_decorator.py
[2025-04-28T12:30:45.498+0000] {processor.py:840} INFO - DAG(s) 'example_sensor_decorator' retrieved from /home/airflow/.local/lib/python3.8/site-packages/airflow/example_dags/example_sensor_decorator.py
[2025-04-28T12:30:45.562+0000] {logging_mixin.py:188} INFO - [2025-04-28T12:30:45.561+0000] {dag.py:3033} INFO - Sync 1 DAGs
[2025-04-28T12:30:45.608+0000] {logging_mixin.py:188} INFO - [2025-04-28T12:30:45.608+0000] {dag.py:3820} INFO - Setting next_dagrun for example_sensor_decorator to None, run_after=None
[2025-04-28T12:30:45.661+0000] {processor.py:183} INFO - Processing /home/airflow/.local/lib/python3.8/site-packages/airflow/example_dags/example_sensor_decorator.py took 0.195 seconds
[2025-04-28T12:31:17.463+0000] {processor.py:161} INFO - Started process (PID=9791) to work on /home/airflow/.local/lib/python3.8/site-packages/airflow/example_dags/example_sensor_decorator.py
[2025-04-28T12:31:17.466+0000] {processor.py:830} INFO - Processing file /home/airflow/.local/lib/python3.8/site-packages/airflow/example_dags/example_sensor_decorator.py for tasks to queue
[2025-04-28T12:31:17.468+0000] {logging_mixin.py:188} INFO - [2025-04-28T12:31:17.468+0000] {dagbag.py:538} INFO - Filling up the DagBag from /home/airflow/.local/lib/python3.8/site-packages/airflow/example_dags/example_sensor_decorator.py
[2025-04-28T12:31:17.485+0000] {processor.py:840} INFO - DAG(s) 'example_sensor_decorator' retrieved from /home/airflow/.local/lib/python3.8/site-packages/airflow/example_dags/example_sensor_decorator.py
[2025-04-28T12:31:17.552+0000] {logging_mixin.py:188} INFO - [2025-04-28T12:31:17.552+0000] {dag.py:3033} INFO - Sync 1 DAGs
[2025-04-28T12:31:17.592+0000] {logging_mixin.py:188} INFO - [2025-04-28T12:31:17.592+0000] {dag.py:3820} INFO - Setting next_dagrun for example_sensor_decorator to None, run_after=None
[2025-04-28T12:31:17.644+0000] {processor.py:183} INFO - Processing /home/airflow/.local/lib/python3.8/site-packages/airflow/example_dags/example_sensor_decorator.py took 0.195 seconds
[2025-04-28T12:31:49.021+0000] {processor.py:161} INFO - Started process (PID=9847) to work on /home/airflow/.local/lib/python3.8/site-packages/airflow/example_dags/example_sensor_decorator.py
[2025-04-28T12:31:49.023+0000] {processor.py:830} INFO - Processing file /home/airflow/.local/lib/python3.8/site-packages/airflow/example_dags/example_sensor_decorator.py for tasks to queue
[2025-04-28T12:31:49.025+0000] {logging_mixin.py:188} INFO - [2025-04-28T12:31:49.025+0000] {dagbag.py:538} INFO - Filling up the DagBag from /home/airflow/.local/lib/python3.8/site-packages/airflow/example_dags/example_sensor_decorator.py
[2025-04-28T12:31:49.044+0000] {processor.py:840} INFO - DAG(s) 'example_sensor_decorator' retrieved from /home/airflow/.local/lib/python3.8/site-packages/airflow/example_dags/example_sensor_decorator.py
[2025-04-28T12:31:49.163+0000] {logging_mixin.py:188} INFO - [2025-04-28T12:31:49.163+0000] {dag.py:3033} INFO - Sync 1 DAGs
[2025-04-28T12:31:49.218+0000] {logging_mixin.py:188} INFO - [2025-04-28T12:31:49.217+0000] {dag.py:3820} INFO - Setting next_dagrun for example_sensor_decorator to None, run_after=None
[2025-04-28T12:31:49.308+0000] {processor.py:183} INFO - Processing /home/airflow/.local/lib/python3.8/site-packages/airflow/example_dags/example_sensor_decorator.py took 0.295 seconds
[2025-04-28T12:32:19.640+0000] {processor.py:161} INFO - Started process (PID=9903) to work on /home/airflow/.local/lib/python3.8/site-packages/airflow/example_dags/example_sensor_decorator.py
[2025-04-28T12:32:19.641+0000] {processor.py:830} INFO - Processing file /home/airflow/.local/lib/python3.8/site-packages/airflow/example_dags/example_sensor_decorator.py for tasks to queue
[2025-04-28T12:32:19.643+0000] {logging_mixin.py:188} INFO - [2025-04-28T12:32:19.643+0000] {dagbag.py:538} INFO - Filling up the DagBag from /home/airflow/.local/lib/python3.8/site-packages/airflow/example_dags/example_sensor_decorator.py
[2025-04-28T12:32:19.667+0000] {processor.py:840} INFO - DAG(s) 'example_sensor_decorator' retrieved from /home/airflow/.local/lib/python3.8/site-packages/airflow/example_dags/example_sensor_decorator.py
[2025-04-28T12:32:19.722+0000] {logging_mixin.py:188} INFO - [2025-04-28T12:32:19.721+0000] {dag.py:3033} INFO - Sync 1 DAGs
[2025-04-28T12:32:19.753+0000] {logging_mixin.py:188} INFO - [2025-04-28T12:32:19.753+0000] {dag.py:3820} INFO - Setting next_dagrun for example_sensor_decorator to None, run_after=None
[2025-04-28T12:32:19.805+0000] {processor.py:183} INFO - Processing /home/airflow/.local/lib/python3.8/site-packages/airflow/example_dags/example_sensor_decorator.py took 0.170 seconds
[2025-04-28T12:32:51.541+0000] {processor.py:161} INFO - Started process (PID=9962) to work on /home/airflow/.local/lib/python3.8/site-packages/airflow/example_dags/example_sensor_decorator.py
[2025-04-28T12:32:51.544+0000] {processor.py:830} INFO - Processing file /home/airflow/.local/lib/python3.8/site-packages/airflow/example_dags/example_sensor_decorator.py for tasks to queue
[2025-04-28T12:32:51.547+0000] {logging_mixin.py:188} INFO - [2025-04-28T12:32:51.547+0000] {dagbag.py:538} INFO - Filling up the DagBag from /home/airflow/.local/lib/python3.8/site-packages/airflow/example_dags/example_sensor_decorator.py
[2025-04-28T12:32:51.567+0000] {processor.py:840} INFO - DAG(s) 'example_sensor_decorator' retrieved from /home/airflow/.local/lib/python3.8/site-packages/airflow/example_dags/example_sensor_decorator.py
[2025-04-28T12:32:51.628+0000] {logging_mixin.py:188} INFO - [2025-04-28T12:32:51.628+0000] {dag.py:3033} INFO - Sync 1 DAGs
[2025-04-28T12:32:51.656+0000] {logging_mixin.py:188} INFO - [2025-04-28T12:32:51.656+0000] {dag.py:3820} INFO - Setting next_dagrun for example_sensor_decorator to None, run_after=None
[2025-04-28T12:32:51.699+0000] {processor.py:183} INFO - Processing /home/airflow/.local/lib/python3.8/site-packages/airflow/example_dags/example_sensor_decorator.py took 0.173 seconds
[2025-04-28T12:33:22.695+0000] {processor.py:161} INFO - Started process (PID=10019) to work on /home/airflow/.local/lib/python3.8/site-packages/airflow/example_dags/example_sensor_decorator.py
[2025-04-28T12:33:22.698+0000] {processor.py:830} INFO - Processing file /home/airflow/.local/lib/python3.8/site-packages/airflow/example_dags/example_sensor_decorator.py for tasks to queue
[2025-04-28T12:33:22.701+0000] {logging_mixin.py:188} INFO - [2025-04-28T12:33:22.700+0000] {dagbag.py:538} INFO - Filling up the DagBag from /home/airflow/.local/lib/python3.8/site-packages/airflow/example_dags/example_sensor_decorator.py
[2025-04-28T12:33:22.717+0000] {processor.py:840} INFO - DAG(s) 'example_sensor_decorator' retrieved from /home/airflow/.local/lib/python3.8/site-packages/airflow/example_dags/example_sensor_decorator.py
[2025-04-28T12:33:22.775+0000] {logging_mixin.py:188} INFO - [2025-04-28T12:33:22.774+0000] {dag.py:3033} INFO - Sync 1 DAGs
[2025-04-28T12:33:22.808+0000] {logging_mixin.py:188} INFO - [2025-04-28T12:33:22.808+0000] {dag.py:3820} INFO - Setting next_dagrun for example_sensor_decorator to None, run_after=None
[2025-04-28T12:33:22.862+0000] {processor.py:183} INFO - Processing /home/airflow/.local/lib/python3.8/site-packages/airflow/example_dags/example_sensor_decorator.py took 0.175 seconds
[2025-04-28T12:33:53.876+0000] {processor.py:161} INFO - Started process (PID=10075) to work on /home/airflow/.local/lib/python3.8/site-packages/airflow/example_dags/example_sensor_decorator.py
[2025-04-28T12:33:53.878+0000] {processor.py:830} INFO - Processing file /home/airflow/.local/lib/python3.8/site-packages/airflow/example_dags/example_sensor_decorator.py for tasks to queue
[2025-04-28T12:33:53.882+0000] {logging_mixin.py:188} INFO - [2025-04-28T12:33:53.880+0000] {dagbag.py:538} INFO - Filling up the DagBag from /home/airflow/.local/lib/python3.8/site-packages/airflow/example_dags/example_sensor_decorator.py
[2025-04-28T12:33:53.900+0000] {processor.py:840} INFO - DAG(s) 'example_sensor_decorator' retrieved from /home/airflow/.local/lib/python3.8/site-packages/airflow/example_dags/example_sensor_decorator.py
[2025-04-28T12:33:53.971+0000] {logging_mixin.py:188} INFO - [2025-04-28T12:33:53.970+0000] {dag.py:3033} INFO - Sync 1 DAGs
[2025-04-28T12:33:54.025+0000] {logging_mixin.py:188} INFO - [2025-04-28T12:33:54.025+0000] {dag.py:3820} INFO - Setting next_dagrun for example_sensor_decorator to None, run_after=None
[2025-04-28T12:33:54.112+0000] {processor.py:183} INFO - Processing /home/airflow/.local/lib/python3.8/site-packages/airflow/example_dags/example_sensor_decorator.py took 0.247 seconds
[2025-04-28T12:34:26.038+0000] {processor.py:161} INFO - Started process (PID=10132) to work on /home/airflow/.local/lib/python3.8/site-packages/airflow/example_dags/example_sensor_decorator.py
[2025-04-28T12:34:26.042+0000] {processor.py:830} INFO - Processing file /home/airflow/.local/lib/python3.8/site-packages/airflow/example_dags/example_sensor_decorator.py for tasks to queue
[2025-04-28T12:34:26.045+0000] {logging_mixin.py:188} INFO - [2025-04-28T12:34:26.044+0000] {dagbag.py:538} INFO - Filling up the DagBag from /home/airflow/.local/lib/python3.8/site-packages/airflow/example_dags/example_sensor_decorator.py
[2025-04-28T12:34:26.070+0000] {processor.py:840} INFO - DAG(s) 'example_sensor_decorator' retrieved from /home/airflow/.local/lib/python3.8/site-packages/airflow/example_dags/example_sensor_decorator.py
[2025-04-28T12:34:26.129+0000] {logging_mixin.py:188} INFO - [2025-04-28T12:34:26.129+0000] {dag.py:3033} INFO - Sync 1 DAGs
[2025-04-28T12:34:26.165+0000] {logging_mixin.py:188} INFO - [2025-04-28T12:34:26.165+0000] {dag.py:3820} INFO - Setting next_dagrun for example_sensor_decorator to None, run_after=None
[2025-04-28T12:34:26.236+0000] {processor.py:183} INFO - Processing /home/airflow/.local/lib/python3.8/site-packages/airflow/example_dags/example_sensor_decorator.py took 0.208 seconds
[2025-04-28T12:34:57.620+0000] {processor.py:161} INFO - Started process (PID=10190) to work on /home/airflow/.local/lib/python3.8/site-packages/airflow/example_dags/example_sensor_decorator.py
[2025-04-28T12:34:57.624+0000] {processor.py:830} INFO - Processing file /home/airflow/.local/lib/python3.8/site-packages/airflow/example_dags/example_sensor_decorator.py for tasks to queue
[2025-04-28T12:34:57.627+0000] {logging_mixin.py:188} INFO - [2025-04-28T12:34:57.626+0000] {dagbag.py:538} INFO - Filling up the DagBag from /home/airflow/.local/lib/python3.8/site-packages/airflow/example_dags/example_sensor_decorator.py
[2025-04-28T12:34:57.651+0000] {processor.py:840} INFO - DAG(s) 'example_sensor_decorator' retrieved from /home/airflow/.local/lib/python3.8/site-packages/airflow/example_dags/example_sensor_decorator.py
[2025-04-28T12:34:57.712+0000] {logging_mixin.py:188} INFO - [2025-04-28T12:34:57.711+0000] {dag.py:3033} INFO - Sync 1 DAGs
[2025-04-28T12:34:57.753+0000] {logging_mixin.py:188} INFO - [2025-04-28T12:34:57.753+0000] {dag.py:3820} INFO - Setting next_dagrun for example_sensor_decorator to None, run_after=None
[2025-04-28T12:34:58.230+0000] {processor.py:183} INFO - Processing /home/airflow/.local/lib/python3.8/site-packages/airflow/example_dags/example_sensor_decorator.py took 0.623 seconds
[2025-04-28T12:35:29.525+0000] {processor.py:161} INFO - Started process (PID=10246) to work on /home/airflow/.local/lib/python3.8/site-packages/airflow/example_dags/example_sensor_decorator.py
[2025-04-28T12:35:29.527+0000] {processor.py:830} INFO - Processing file /home/airflow/.local/lib/python3.8/site-packages/airflow/example_dags/example_sensor_decorator.py for tasks to queue
[2025-04-28T12:35:29.534+0000] {logging_mixin.py:188} INFO - [2025-04-28T12:35:29.529+0000] {dagbag.py:538} INFO - Filling up the DagBag from /home/airflow/.local/lib/python3.8/site-packages/airflow/example_dags/example_sensor_decorator.py
[2025-04-28T12:35:29.557+0000] {processor.py:840} INFO - DAG(s) 'example_sensor_decorator' retrieved from /home/airflow/.local/lib/python3.8/site-packages/airflow/example_dags/example_sensor_decorator.py
[2025-04-28T12:35:29.603+0000] {logging_mixin.py:188} INFO - [2025-04-28T12:35:29.602+0000] {dag.py:3033} INFO - Sync 1 DAGs
[2025-04-28T12:35:29.647+0000] {logging_mixin.py:188} INFO - [2025-04-28T12:35:29.646+0000] {dag.py:3820} INFO - Setting next_dagrun for example_sensor_decorator to None, run_after=None
[2025-04-28T12:35:29.694+0000] {processor.py:183} INFO - Processing /home/airflow/.local/lib/python3.8/site-packages/airflow/example_dags/example_sensor_decorator.py took 0.180 seconds
[2025-04-28T12:36:00.227+0000] {processor.py:161} INFO - Started process (PID=10302) to work on /home/airflow/.local/lib/python3.8/site-packages/airflow/example_dags/example_sensor_decorator.py
[2025-04-28T12:36:00.229+0000] {processor.py:830} INFO - Processing file /home/airflow/.local/lib/python3.8/site-packages/airflow/example_dags/example_sensor_decorator.py for tasks to queue
[2025-04-28T12:36:00.232+0000] {logging_mixin.py:188} INFO - [2025-04-28T12:36:00.232+0000] {dagbag.py:538} INFO - Filling up the DagBag from /home/airflow/.local/lib/python3.8/site-packages/airflow/example_dags/example_sensor_decorator.py
[2025-04-28T12:36:00.251+0000] {processor.py:840} INFO - DAG(s) 'example_sensor_decorator' retrieved from /home/airflow/.local/lib/python3.8/site-packages/airflow/example_dags/example_sensor_decorator.py
[2025-04-28T12:36:00.314+0000] {logging_mixin.py:188} INFO - [2025-04-28T12:36:00.313+0000] {dag.py:3033} INFO - Sync 1 DAGs
[2025-04-28T12:36:00.343+0000] {logging_mixin.py:188} INFO - [2025-04-28T12:36:00.342+0000] {dag.py:3820} INFO - Setting next_dagrun for example_sensor_decorator to None, run_after=None
[2025-04-28T12:36:00.394+0000] {processor.py:183} INFO - Processing /home/airflow/.local/lib/python3.8/site-packages/airflow/example_dags/example_sensor_decorator.py took 0.178 seconds
[2025-04-28T12:36:31.179+0000] {processor.py:161} INFO - Started process (PID=10357) to work on /home/airflow/.local/lib/python3.8/site-packages/airflow/example_dags/example_sensor_decorator.py
[2025-04-28T12:36:31.185+0000] {processor.py:830} INFO - Processing file /home/airflow/.local/lib/python3.8/site-packages/airflow/example_dags/example_sensor_decorator.py for tasks to queue
[2025-04-28T12:36:31.188+0000] {logging_mixin.py:188} INFO - [2025-04-28T12:36:31.187+0000] {dagbag.py:538} INFO - Filling up the DagBag from /home/airflow/.local/lib/python3.8/site-packages/airflow/example_dags/example_sensor_decorator.py
[2025-04-28T12:36:31.209+0000] {processor.py:840} INFO - DAG(s) 'example_sensor_decorator' retrieved from /home/airflow/.local/lib/python3.8/site-packages/airflow/example_dags/example_sensor_decorator.py
[2025-04-28T12:36:31.404+0000] {logging_mixin.py:188} INFO - [2025-04-28T12:36:31.403+0000] {dag.py:3033} INFO - Sync 1 DAGs
[2025-04-28T12:36:31.458+0000] {logging_mixin.py:188} INFO - [2025-04-28T12:36:31.458+0000] {dag.py:3820} INFO - Setting next_dagrun for example_sensor_decorator to None, run_after=None
[2025-04-28T12:36:31.537+0000] {processor.py:183} INFO - Processing /home/airflow/.local/lib/python3.8/site-packages/airflow/example_dags/example_sensor_decorator.py took 0.378 seconds
[2025-04-28T12:37:01.969+0000] {processor.py:161} INFO - Started process (PID=10413) to work on /home/airflow/.local/lib/python3.8/site-packages/airflow/example_dags/example_sensor_decorator.py
[2025-04-28T12:37:01.973+0000] {processor.py:830} INFO - Processing file /home/airflow/.local/lib/python3.8/site-packages/airflow/example_dags/example_sensor_decorator.py for tasks to queue
[2025-04-28T12:37:01.976+0000] {logging_mixin.py:188} INFO - [2025-04-28T12:37:01.975+0000] {dagbag.py:538} INFO - Filling up the DagBag from /home/airflow/.local/lib/python3.8/site-packages/airflow/example_dags/example_sensor_decorator.py
[2025-04-28T12:37:01.991+0000] {processor.py:840} INFO - DAG(s) 'example_sensor_decorator' retrieved from /home/airflow/.local/lib/python3.8/site-packages/airflow/example_dags/example_sensor_decorator.py
[2025-04-28T12:37:02.062+0000] {logging_mixin.py:188} INFO - [2025-04-28T12:37:02.061+0000] {dag.py:3033} INFO - Sync 1 DAGs
[2025-04-28T12:37:02.100+0000] {logging_mixin.py:188} INFO - [2025-04-28T12:37:02.100+0000] {dag.py:3820} INFO - Setting next_dagrun for example_sensor_decorator to None, run_after=None
[2025-04-28T12:37:02.145+0000] {processor.py:183} INFO - Processing /home/airflow/.local/lib/python3.8/site-packages/airflow/example_dags/example_sensor_decorator.py took 0.184 seconds
[2025-04-28T12:37:35.373+0000] {processor.py:161} INFO - Started process (PID=10470) to work on /home/airflow/.local/lib/python3.8/site-packages/airflow/example_dags/example_sensor_decorator.py
[2025-04-28T12:37:35.376+0000] {processor.py:830} INFO - Processing file /home/airflow/.local/lib/python3.8/site-packages/airflow/example_dags/example_sensor_decorator.py for tasks to queue
[2025-04-28T12:37:35.379+0000] {logging_mixin.py:188} INFO - [2025-04-28T12:37:35.378+0000] {dagbag.py:538} INFO - Filling up the DagBag from /home/airflow/.local/lib/python3.8/site-packages/airflow/example_dags/example_sensor_decorator.py
[2025-04-28T12:37:35.392+0000] {processor.py:840} INFO - DAG(s) 'example_sensor_decorator' retrieved from /home/airflow/.local/lib/python3.8/site-packages/airflow/example_dags/example_sensor_decorator.py
[2025-04-28T12:37:35.692+0000] {logging_mixin.py:188} INFO - [2025-04-28T12:37:35.692+0000] {dag.py:3033} INFO - Sync 1 DAGs
[2025-04-28T12:37:35.724+0000] {logging_mixin.py:188} INFO - [2025-04-28T12:37:35.724+0000] {dag.py:3820} INFO - Setting next_dagrun for example_sensor_decorator to None, run_after=None
[2025-04-28T12:37:35.767+0000] {processor.py:183} INFO - Processing /home/airflow/.local/lib/python3.8/site-packages/airflow/example_dags/example_sensor_decorator.py took 0.401 seconds
[2025-04-28T12:38:05.843+0000] {processor.py:161} INFO - Started process (PID=10526) to work on /home/airflow/.local/lib/python3.8/site-packages/airflow/example_dags/example_sensor_decorator.py
[2025-04-28T12:38:05.845+0000] {processor.py:830} INFO - Processing file /home/airflow/.local/lib/python3.8/site-packages/airflow/example_dags/example_sensor_decorator.py for tasks to queue
[2025-04-28T12:38:05.848+0000] {logging_mixin.py:188} INFO - [2025-04-28T12:38:05.847+0000] {dagbag.py:538} INFO - Filling up the DagBag from /home/airflow/.local/lib/python3.8/site-packages/airflow/example_dags/example_sensor_decorator.py
[2025-04-28T12:38:05.865+0000] {processor.py:840} INFO - DAG(s) 'example_sensor_decorator' retrieved from /home/airflow/.local/lib/python3.8/site-packages/airflow/example_dags/example_sensor_decorator.py
[2025-04-28T12:38:05.961+0000] {logging_mixin.py:188} INFO - [2025-04-28T12:38:05.960+0000] {dag.py:3033} INFO - Sync 1 DAGs
[2025-04-28T12:38:06.072+0000] {logging_mixin.py:188} INFO - [2025-04-28T12:38:06.072+0000] {dag.py:3820} INFO - Setting next_dagrun for example_sensor_decorator to None, run_after=None
[2025-04-28T12:38:06.228+0000] {processor.py:183} INFO - Processing /home/airflow/.local/lib/python3.8/site-packages/airflow/example_dags/example_sensor_decorator.py took 0.392 seconds
[2025-04-28T12:38:37.003+0000] {processor.py:161} INFO - Started process (PID=10582) to work on /home/airflow/.local/lib/python3.8/site-packages/airflow/example_dags/example_sensor_decorator.py
[2025-04-28T12:38:37.006+0000] {processor.py:830} INFO - Processing file /home/airflow/.local/lib/python3.8/site-packages/airflow/example_dags/example_sensor_decorator.py for tasks to queue
[2025-04-28T12:38:37.008+0000] {logging_mixin.py:188} INFO - [2025-04-28T12:38:37.008+0000] {dagbag.py:538} INFO - Filling up the DagBag from /home/airflow/.local/lib/python3.8/site-packages/airflow/example_dags/example_sensor_decorator.py
[2025-04-28T12:38:37.034+0000] {processor.py:840} INFO - DAG(s) 'example_sensor_decorator' retrieved from /home/airflow/.local/lib/python3.8/site-packages/airflow/example_dags/example_sensor_decorator.py
[2025-04-28T12:38:37.093+0000] {logging_mixin.py:188} INFO - [2025-04-28T12:38:37.092+0000] {dag.py:3033} INFO - Sync 1 DAGs
[2025-04-28T12:38:37.127+0000] {logging_mixin.py:188} INFO - [2025-04-28T12:38:37.127+0000] {dag.py:3820} INFO - Setting next_dagrun for example_sensor_decorator to None, run_after=None
[2025-04-28T12:38:37.185+0000] {processor.py:183} INFO - Processing /home/airflow/.local/lib/python3.8/site-packages/airflow/example_dags/example_sensor_decorator.py took 0.195 seconds
[2025-04-28T12:39:09.627+0000] {processor.py:161} INFO - Started process (PID=10638) to work on /home/airflow/.local/lib/python3.8/site-packages/airflow/example_dags/example_sensor_decorator.py
[2025-04-28T12:39:09.633+0000] {processor.py:830} INFO - Processing file /home/airflow/.local/lib/python3.8/site-packages/airflow/example_dags/example_sensor_decorator.py for tasks to queue
[2025-04-28T12:39:09.636+0000] {logging_mixin.py:188} INFO - [2025-04-28T12:39:09.635+0000] {dagbag.py:538} INFO - Filling up the DagBag from /home/airflow/.local/lib/python3.8/site-packages/airflow/example_dags/example_sensor_decorator.py
[2025-04-28T12:39:09.685+0000] {processor.py:840} INFO - DAG(s) 'example_sensor_decorator' retrieved from /home/airflow/.local/lib/python3.8/site-packages/airflow/example_dags/example_sensor_decorator.py
[2025-04-28T12:39:09.834+0000] {logging_mixin.py:188} INFO - [2025-04-28T12:39:09.833+0000] {dag.py:3033} INFO - Sync 1 DAGs
[2025-04-28T12:39:09.883+0000] {logging_mixin.py:188} INFO - [2025-04-28T12:39:09.882+0000] {dag.py:3820} INFO - Setting next_dagrun for example_sensor_decorator to None, run_after=None
[2025-04-28T12:39:09.943+0000] {processor.py:183} INFO - Processing /home/airflow/.local/lib/python3.8/site-packages/airflow/example_dags/example_sensor_decorator.py took 0.338 seconds
[2025-04-28T12:39:40.875+0000] {processor.py:161} INFO - Started process (PID=10695) to work on /home/airflow/.local/lib/python3.8/site-packages/airflow/example_dags/example_sensor_decorator.py
[2025-04-28T12:39:40.877+0000] {processor.py:830} INFO - Processing file /home/airflow/.local/lib/python3.8/site-packages/airflow/example_dags/example_sensor_decorator.py for tasks to queue
[2025-04-28T12:39:40.879+0000] {logging_mixin.py:188} INFO - [2025-04-28T12:39:40.879+0000] {dagbag.py:538} INFO - Filling up the DagBag from /home/airflow/.local/lib/python3.8/site-packages/airflow/example_dags/example_sensor_decorator.py
[2025-04-28T12:39:40.893+0000] {processor.py:840} INFO - DAG(s) 'example_sensor_decorator' retrieved from /home/airflow/.local/lib/python3.8/site-packages/airflow/example_dags/example_sensor_decorator.py
[2025-04-28T12:39:40.943+0000] {logging_mixin.py:188} INFO - [2025-04-28T12:39:40.943+0000] {dag.py:3033} INFO - Sync 1 DAGs
[2025-04-28T12:39:40.972+0000] {logging_mixin.py:188} INFO - [2025-04-28T12:39:40.972+0000] {dag.py:3820} INFO - Setting next_dagrun for example_sensor_decorator to None, run_after=None
[2025-04-28T12:39:41.031+0000] {processor.py:183} INFO - Processing /home/airflow/.local/lib/python3.8/site-packages/airflow/example_dags/example_sensor_decorator.py took 0.166 seconds
[2025-04-28T12:40:12.122+0000] {processor.py:161} INFO - Started process (PID=10752) to work on /home/airflow/.local/lib/python3.8/site-packages/airflow/example_dags/example_sensor_decorator.py
[2025-04-28T12:40:12.125+0000] {processor.py:830} INFO - Processing file /home/airflow/.local/lib/python3.8/site-packages/airflow/example_dags/example_sensor_decorator.py for tasks to queue
[2025-04-28T12:40:12.128+0000] {logging_mixin.py:188} INFO - [2025-04-28T12:40:12.127+0000] {dagbag.py:538} INFO - Filling up the DagBag from /home/airflow/.local/lib/python3.8/site-packages/airflow/example_dags/example_sensor_decorator.py
[2025-04-28T12:40:12.147+0000] {processor.py:840} INFO - DAG(s) 'example_sensor_decorator' retrieved from /home/airflow/.local/lib/python3.8/site-packages/airflow/example_dags/example_sensor_decorator.py
[2025-04-28T12:40:12.205+0000] {logging_mixin.py:188} INFO - [2025-04-28T12:40:12.205+0000] {dag.py:3033} INFO - Sync 1 DAGs
[2025-04-28T12:40:12.250+0000] {logging_mixin.py:188} INFO - [2025-04-28T12:40:12.250+0000] {dag.py:3820} INFO - Setting next_dagrun for example_sensor_decorator to None, run_after=None
[2025-04-28T12:40:12.336+0000] {processor.py:183} INFO - Processing /home/airflow/.local/lib/python3.8/site-packages/airflow/example_dags/example_sensor_decorator.py took 0.224 seconds
[2025-04-28T12:40:43.536+0000] {processor.py:161} INFO - Started process (PID=10808) to work on /home/airflow/.local/lib/python3.8/site-packages/airflow/example_dags/example_sensor_decorator.py
[2025-04-28T12:40:43.541+0000] {processor.py:830} INFO - Processing file /home/airflow/.local/lib/python3.8/site-packages/airflow/example_dags/example_sensor_decorator.py for tasks to queue
[2025-04-28T12:40:43.546+0000] {logging_mixin.py:188} INFO - [2025-04-28T12:40:43.545+0000] {dagbag.py:538} INFO - Filling up the DagBag from /home/airflow/.local/lib/python3.8/site-packages/airflow/example_dags/example_sensor_decorator.py
[2025-04-28T12:40:43.576+0000] {processor.py:840} INFO - DAG(s) 'example_sensor_decorator' retrieved from /home/airflow/.local/lib/python3.8/site-packages/airflow/example_dags/example_sensor_decorator.py
[2025-04-28T12:40:43.651+0000] {logging_mixin.py:188} INFO - [2025-04-28T12:40:43.651+0000] {dag.py:3033} INFO - Sync 1 DAGs
[2025-04-28T12:40:43.703+0000] {logging_mixin.py:188} INFO - [2025-04-28T12:40:43.702+0000] {dag.py:3820} INFO - Setting next_dagrun for example_sensor_decorator to None, run_after=None
[2025-04-28T12:40:43.773+0000] {processor.py:183} INFO - Processing /home/airflow/.local/lib/python3.8/site-packages/airflow/example_dags/example_sensor_decorator.py took 0.266 seconds
[2025-04-28T12:41:13.946+0000] {processor.py:161} INFO - Started process (PID=10864) to work on /home/airflow/.local/lib/python3.8/site-packages/airflow/example_dags/example_sensor_decorator.py
[2025-04-28T12:41:13.948+0000] {processor.py:830} INFO - Processing file /home/airflow/.local/lib/python3.8/site-packages/airflow/example_dags/example_sensor_decorator.py for tasks to queue
[2025-04-28T12:41:13.951+0000] {logging_mixin.py:188} INFO - [2025-04-28T12:41:13.950+0000] {dagbag.py:538} INFO - Filling up the DagBag from /home/airflow/.local/lib/python3.8/site-packages/airflow/example_dags/example_sensor_decorator.py
[2025-04-28T12:41:13.965+0000] {processor.py:840} INFO - DAG(s) 'example_sensor_decorator' retrieved from /home/airflow/.local/lib/python3.8/site-packages/airflow/example_dags/example_sensor_decorator.py
[2025-04-28T12:41:14.031+0000] {logging_mixin.py:188} INFO - [2025-04-28T12:41:14.031+0000] {dag.py:3033} INFO - Sync 1 DAGs
[2025-04-28T12:41:14.069+0000] {logging_mixin.py:188} INFO - [2025-04-28T12:41:14.069+0000] {dag.py:3820} INFO - Setting next_dagrun for example_sensor_decorator to None, run_after=None
[2025-04-28T12:41:14.130+0000] {processor.py:183} INFO - Processing /home/airflow/.local/lib/python3.8/site-packages/airflow/example_dags/example_sensor_decorator.py took 0.192 seconds
[2025-04-28T12:41:46.009+0000] {processor.py:161} INFO - Started process (PID=10920) to work on /home/airflow/.local/lib/python3.8/site-packages/airflow/example_dags/example_sensor_decorator.py
[2025-04-28T12:41:46.011+0000] {processor.py:830} INFO - Processing file /home/airflow/.local/lib/python3.8/site-packages/airflow/example_dags/example_sensor_decorator.py for tasks to queue
[2025-04-28T12:41:46.013+0000] {logging_mixin.py:188} INFO - [2025-04-28T12:41:46.013+0000] {dagbag.py:538} INFO - Filling up the DagBag from /home/airflow/.local/lib/python3.8/site-packages/airflow/example_dags/example_sensor_decorator.py
[2025-04-28T12:41:46.027+0000] {processor.py:840} INFO - DAG(s) 'example_sensor_decorator' retrieved from /home/airflow/.local/lib/python3.8/site-packages/airflow/example_dags/example_sensor_decorator.py
[2025-04-28T12:41:46.083+0000] {logging_mixin.py:188} INFO - [2025-04-28T12:41:46.082+0000] {dag.py:3033} INFO - Sync 1 DAGs
[2025-04-28T12:41:46.122+0000] {logging_mixin.py:188} INFO - [2025-04-28T12:41:46.121+0000] {dag.py:3820} INFO - Setting next_dagrun for example_sensor_decorator to None, run_after=None
[2025-04-28T12:41:46.189+0000] {processor.py:183} INFO - Processing /home/airflow/.local/lib/python3.8/site-packages/airflow/example_dags/example_sensor_decorator.py took 0.190 seconds
[2025-04-28T12:42:16.495+0000] {processor.py:161} INFO - Started process (PID=10976) to work on /home/airflow/.local/lib/python3.8/site-packages/airflow/example_dags/example_sensor_decorator.py
[2025-04-28T12:42:16.497+0000] {processor.py:830} INFO - Processing file /home/airflow/.local/lib/python3.8/site-packages/airflow/example_dags/example_sensor_decorator.py for tasks to queue
[2025-04-28T12:42:16.499+0000] {logging_mixin.py:188} INFO - [2025-04-28T12:42:16.498+0000] {dagbag.py:538} INFO - Filling up the DagBag from /home/airflow/.local/lib/python3.8/site-packages/airflow/example_dags/example_sensor_decorator.py
[2025-04-28T12:42:16.511+0000] {processor.py:840} INFO - DAG(s) 'example_sensor_decorator' retrieved from /home/airflow/.local/lib/python3.8/site-packages/airflow/example_dags/example_sensor_decorator.py
[2025-04-28T12:42:16.550+0000] {logging_mixin.py:188} INFO - [2025-04-28T12:42:16.550+0000] {dag.py:3033} INFO - Sync 1 DAGs
[2025-04-28T12:42:16.580+0000] {logging_mixin.py:188} INFO - [2025-04-28T12:42:16.580+0000] {dag.py:3820} INFO - Setting next_dagrun for example_sensor_decorator to None, run_after=None
[2025-04-28T12:42:16.643+0000] {processor.py:183} INFO - Processing /home/airflow/.local/lib/python3.8/site-packages/airflow/example_dags/example_sensor_decorator.py took 0.156 seconds
[2025-04-28T12:42:48.756+0000] {processor.py:161} INFO - Started process (PID=11032) to work on /home/airflow/.local/lib/python3.8/site-packages/airflow/example_dags/example_sensor_decorator.py
[2025-04-28T12:42:48.758+0000] {processor.py:830} INFO - Processing file /home/airflow/.local/lib/python3.8/site-packages/airflow/example_dags/example_sensor_decorator.py for tasks to queue
[2025-04-28T12:42:48.761+0000] {logging_mixin.py:188} INFO - [2025-04-28T12:42:48.760+0000] {dagbag.py:538} INFO - Filling up the DagBag from /home/airflow/.local/lib/python3.8/site-packages/airflow/example_dags/example_sensor_decorator.py
[2025-04-28T12:42:48.785+0000] {processor.py:840} INFO - DAG(s) 'example_sensor_decorator' retrieved from /home/airflow/.local/lib/python3.8/site-packages/airflow/example_dags/example_sensor_decorator.py
[2025-04-28T12:42:48.876+0000] {logging_mixin.py:188} INFO - [2025-04-28T12:42:48.875+0000] {dag.py:3033} INFO - Sync 1 DAGs
[2025-04-28T12:42:48.937+0000] {logging_mixin.py:188} INFO - [2025-04-28T12:42:48.937+0000] {dag.py:3820} INFO - Setting next_dagrun for example_sensor_decorator to None, run_after=None
[2025-04-28T12:42:49.024+0000] {processor.py:183} INFO - Processing /home/airflow/.local/lib/python3.8/site-packages/airflow/example_dags/example_sensor_decorator.py took 0.293 seconds
[2025-04-28T12:43:19.331+0000] {processor.py:161} INFO - Started process (PID=11089) to work on /home/airflow/.local/lib/python3.8/site-packages/airflow/example_dags/example_sensor_decorator.py
[2025-04-28T12:43:19.334+0000] {processor.py:830} INFO - Processing file /home/airflow/.local/lib/python3.8/site-packages/airflow/example_dags/example_sensor_decorator.py for tasks to queue
[2025-04-28T12:43:19.336+0000] {logging_mixin.py:188} INFO - [2025-04-28T12:43:19.335+0000] {dagbag.py:538} INFO - Filling up the DagBag from /home/airflow/.local/lib/python3.8/site-packages/airflow/example_dags/example_sensor_decorator.py
[2025-04-28T12:43:19.356+0000] {processor.py:840} INFO - DAG(s) 'example_sensor_decorator' retrieved from /home/airflow/.local/lib/python3.8/site-packages/airflow/example_dags/example_sensor_decorator.py
[2025-04-28T12:43:19.425+0000] {logging_mixin.py:188} INFO - [2025-04-28T12:43:19.424+0000] {dag.py:3033} INFO - Sync 1 DAGs
[2025-04-28T12:43:19.491+0000] {logging_mixin.py:188} INFO - [2025-04-28T12:43:19.491+0000] {dag.py:3820} INFO - Setting next_dagrun for example_sensor_decorator to None, run_after=None
[2025-04-28T12:43:19.574+0000] {processor.py:183} INFO - Processing /home/airflow/.local/lib/python3.8/site-packages/airflow/example_dags/example_sensor_decorator.py took 0.250 seconds
[2025-04-28T12:43:49.754+0000] {processor.py:161} INFO - Started process (PID=11145) to work on /home/airflow/.local/lib/python3.8/site-packages/airflow/example_dags/example_sensor_decorator.py
[2025-04-28T12:43:49.757+0000] {processor.py:830} INFO - Processing file /home/airflow/.local/lib/python3.8/site-packages/airflow/example_dags/example_sensor_decorator.py for tasks to queue
[2025-04-28T12:43:49.760+0000] {logging_mixin.py:188} INFO - [2025-04-28T12:43:49.759+0000] {dagbag.py:538} INFO - Filling up the DagBag from /home/airflow/.local/lib/python3.8/site-packages/airflow/example_dags/example_sensor_decorator.py
[2025-04-28T12:43:49.774+0000] {processor.py:840} INFO - DAG(s) 'example_sensor_decorator' retrieved from /home/airflow/.local/lib/python3.8/site-packages/airflow/example_dags/example_sensor_decorator.py
[2025-04-28T12:43:49.820+0000] {logging_mixin.py:188} INFO - [2025-04-28T12:43:49.820+0000] {dag.py:3033} INFO - Sync 1 DAGs
[2025-04-28T12:43:49.899+0000] {logging_mixin.py:188} INFO - [2025-04-28T12:43:49.899+0000] {dag.py:3820} INFO - Setting next_dagrun for example_sensor_decorator to None, run_after=None
[2025-04-28T12:43:50.008+0000] {processor.py:183} INFO - Processing /home/airflow/.local/lib/python3.8/site-packages/airflow/example_dags/example_sensor_decorator.py took 0.260 seconds
[2025-04-28T12:44:20.559+0000] {processor.py:161} INFO - Started process (PID=11201) to work on /home/airflow/.local/lib/python3.8/site-packages/airflow/example_dags/example_sensor_decorator.py
[2025-04-28T12:44:20.562+0000] {processor.py:830} INFO - Processing file /home/airflow/.local/lib/python3.8/site-packages/airflow/example_dags/example_sensor_decorator.py for tasks to queue
[2025-04-28T12:44:20.565+0000] {logging_mixin.py:188} INFO - [2025-04-28T12:44:20.564+0000] {dagbag.py:538} INFO - Filling up the DagBag from /home/airflow/.local/lib/python3.8/site-packages/airflow/example_dags/example_sensor_decorator.py
[2025-04-28T12:44:20.588+0000] {processor.py:840} INFO - DAG(s) 'example_sensor_decorator' retrieved from /home/airflow/.local/lib/python3.8/site-packages/airflow/example_dags/example_sensor_decorator.py
[2025-04-28T12:44:20.722+0000] {logging_mixin.py:188} INFO - [2025-04-28T12:44:20.722+0000] {dag.py:3033} INFO - Sync 1 DAGs
[2025-04-28T12:44:20.784+0000] {logging_mixin.py:188} INFO - [2025-04-28T12:44:20.783+0000] {dag.py:3820} INFO - Setting next_dagrun for example_sensor_decorator to None, run_after=None
[2025-04-28T12:44:20.892+0000] {processor.py:183} INFO - Processing /home/airflow/.local/lib/python3.8/site-packages/airflow/example_dags/example_sensor_decorator.py took 0.344 seconds
[2025-04-28T12:44:52.139+0000] {processor.py:161} INFO - Started process (PID=11252) to work on /home/airflow/.local/lib/python3.8/site-packages/airflow/example_dags/example_sensor_decorator.py
[2025-04-28T12:44:52.146+0000] {processor.py:830} INFO - Processing file /home/airflow/.local/lib/python3.8/site-packages/airflow/example_dags/example_sensor_decorator.py for tasks to queue
[2025-04-28T12:44:52.148+0000] {logging_mixin.py:188} INFO - [2025-04-28T12:44:52.148+0000] {dagbag.py:538} INFO - Filling up the DagBag from /home/airflow/.local/lib/python3.8/site-packages/airflow/example_dags/example_sensor_decorator.py
[2025-04-28T12:44:52.177+0000] {processor.py:840} INFO - DAG(s) 'example_sensor_decorator' retrieved from /home/airflow/.local/lib/python3.8/site-packages/airflow/example_dags/example_sensor_decorator.py
[2025-04-28T12:44:52.248+0000] {logging_mixin.py:188} INFO - [2025-04-28T12:44:52.248+0000] {dag.py:3033} INFO - Sync 1 DAGs
[2025-04-28T12:44:52.296+0000] {logging_mixin.py:188} INFO - [2025-04-28T12:44:52.295+0000] {dag.py:3820} INFO - Setting next_dagrun for example_sensor_decorator to None, run_after=None
[2025-04-28T12:44:52.351+0000] {processor.py:183} INFO - Processing /home/airflow/.local/lib/python3.8/site-packages/airflow/example_dags/example_sensor_decorator.py took 0.222 seconds
[2025-04-28T12:45:22.761+0000] {processor.py:161} INFO - Started process (PID=11314) to work on /home/airflow/.local/lib/python3.8/site-packages/airflow/example_dags/example_sensor_decorator.py
[2025-04-28T12:45:22.762+0000] {processor.py:830} INFO - Processing file /home/airflow/.local/lib/python3.8/site-packages/airflow/example_dags/example_sensor_decorator.py for tasks to queue
[2025-04-28T12:45:22.764+0000] {logging_mixin.py:188} INFO - [2025-04-28T12:45:22.764+0000] {dagbag.py:538} INFO - Filling up the DagBag from /home/airflow/.local/lib/python3.8/site-packages/airflow/example_dags/example_sensor_decorator.py
[2025-04-28T12:45:22.776+0000] {processor.py:840} INFO - DAG(s) 'example_sensor_decorator' retrieved from /home/airflow/.local/lib/python3.8/site-packages/airflow/example_dags/example_sensor_decorator.py
[2025-04-28T12:45:22.818+0000] {logging_mixin.py:188} INFO - [2025-04-28T12:45:22.818+0000] {dag.py:3033} INFO - Sync 1 DAGs
[2025-04-28T12:45:22.858+0000] {logging_mixin.py:188} INFO - [2025-04-28T12:45:22.857+0000] {dag.py:3820} INFO - Setting next_dagrun for example_sensor_decorator to None, run_after=None
[2025-04-28T12:45:22.909+0000] {processor.py:183} INFO - Processing /home/airflow/.local/lib/python3.8/site-packages/airflow/example_dags/example_sensor_decorator.py took 0.156 seconds
[2025-04-28T12:45:53.226+0000] {processor.py:161} INFO - Started process (PID=11371) to work on /home/airflow/.local/lib/python3.8/site-packages/airflow/example_dags/example_sensor_decorator.py
[2025-04-28T12:45:53.228+0000] {processor.py:830} INFO - Processing file /home/airflow/.local/lib/python3.8/site-packages/airflow/example_dags/example_sensor_decorator.py for tasks to queue
[2025-04-28T12:45:53.231+0000] {logging_mixin.py:188} INFO - [2025-04-28T12:45:53.230+0000] {dagbag.py:538} INFO - Filling up the DagBag from /home/airflow/.local/lib/python3.8/site-packages/airflow/example_dags/example_sensor_decorator.py
[2025-04-28T12:45:53.245+0000] {processor.py:840} INFO - DAG(s) 'example_sensor_decorator' retrieved from /home/airflow/.local/lib/python3.8/site-packages/airflow/example_dags/example_sensor_decorator.py
[2025-04-28T12:45:53.327+0000] {logging_mixin.py:188} INFO - [2025-04-28T12:45:53.327+0000] {dag.py:3033} INFO - Sync 1 DAGs
[2025-04-28T12:45:53.363+0000] {logging_mixin.py:188} INFO - [2025-04-28T12:45:53.363+0000] {dag.py:3820} INFO - Setting next_dagrun for example_sensor_decorator to None, run_after=None
[2025-04-28T12:45:53.409+0000] {processor.py:183} INFO - Processing /home/airflow/.local/lib/python3.8/site-packages/airflow/example_dags/example_sensor_decorator.py took 0.190 seconds
[2025-04-28T12:46:25.654+0000] {processor.py:161} INFO - Started process (PID=11421) to work on /home/airflow/.local/lib/python3.8/site-packages/airflow/example_dags/example_sensor_decorator.py
[2025-04-28T12:46:25.656+0000] {processor.py:830} INFO - Processing file /home/airflow/.local/lib/python3.8/site-packages/airflow/example_dags/example_sensor_decorator.py for tasks to queue
[2025-04-28T12:46:25.661+0000] {logging_mixin.py:188} INFO - [2025-04-28T12:46:25.658+0000] {dagbag.py:538} INFO - Filling up the DagBag from /home/airflow/.local/lib/python3.8/site-packages/airflow/example_dags/example_sensor_decorator.py
[2025-04-28T12:46:25.679+0000] {processor.py:840} INFO - DAG(s) 'example_sensor_decorator' retrieved from /home/airflow/.local/lib/python3.8/site-packages/airflow/example_dags/example_sensor_decorator.py
[2025-04-28T12:46:25.743+0000] {logging_mixin.py:188} INFO - [2025-04-28T12:46:25.743+0000] {dag.py:3033} INFO - Sync 1 DAGs
[2025-04-28T12:46:25.782+0000] {logging_mixin.py:188} INFO - [2025-04-28T12:46:25.782+0000] {dag.py:3820} INFO - Setting next_dagrun for example_sensor_decorator to None, run_after=None
[2025-04-28T12:46:25.831+0000] {processor.py:183} INFO - Processing /home/airflow/.local/lib/python3.8/site-packages/airflow/example_dags/example_sensor_decorator.py took 0.186 seconds
[2025-04-28T12:46:56.924+0000] {processor.py:161} INFO - Started process (PID=11476) to work on /home/airflow/.local/lib/python3.8/site-packages/airflow/example_dags/example_sensor_decorator.py
[2025-04-28T12:46:56.932+0000] {processor.py:830} INFO - Processing file /home/airflow/.local/lib/python3.8/site-packages/airflow/example_dags/example_sensor_decorator.py for tasks to queue
[2025-04-28T12:46:56.950+0000] {logging_mixin.py:188} INFO - [2025-04-28T12:46:56.949+0000] {dagbag.py:538} INFO - Filling up the DagBag from /home/airflow/.local/lib/python3.8/site-packages/airflow/example_dags/example_sensor_decorator.py
[2025-04-28T12:46:56.989+0000] {processor.py:840} INFO - DAG(s) 'example_sensor_decorator' retrieved from /home/airflow/.local/lib/python3.8/site-packages/airflow/example_dags/example_sensor_decorator.py
[2025-04-28T12:46:57.117+0000] {logging_mixin.py:188} INFO - [2025-04-28T12:46:57.117+0000] {dag.py:3033} INFO - Sync 1 DAGs
[2025-04-28T12:46:57.212+0000] {logging_mixin.py:188} INFO - [2025-04-28T12:46:57.210+0000] {dag.py:3820} INFO - Setting next_dagrun for example_sensor_decorator to None, run_after=None
[2025-04-28T12:46:57.389+0000] {processor.py:183} INFO - Processing /home/airflow/.local/lib/python3.8/site-packages/airflow/example_dags/example_sensor_decorator.py took 0.498 seconds
[2025-04-28T12:47:27.645+0000] {processor.py:161} INFO - Started process (PID=11537) to work on /home/airflow/.local/lib/python3.8/site-packages/airflow/example_dags/example_sensor_decorator.py
[2025-04-28T12:47:27.648+0000] {processor.py:830} INFO - Processing file /home/airflow/.local/lib/python3.8/site-packages/airflow/example_dags/example_sensor_decorator.py for tasks to queue
[2025-04-28T12:47:27.651+0000] {logging_mixin.py:188} INFO - [2025-04-28T12:47:27.650+0000] {dagbag.py:538} INFO - Filling up the DagBag from /home/airflow/.local/lib/python3.8/site-packages/airflow/example_dags/example_sensor_decorator.py
[2025-04-28T12:47:27.671+0000] {processor.py:840} INFO - DAG(s) 'example_sensor_decorator' retrieved from /home/airflow/.local/lib/python3.8/site-packages/airflow/example_dags/example_sensor_decorator.py
[2025-04-28T12:47:27.736+0000] {logging_mixin.py:188} INFO - [2025-04-28T12:47:27.736+0000] {dag.py:3033} INFO - Sync 1 DAGs
[2025-04-28T12:47:27.782+0000] {logging_mixin.py:188} INFO - [2025-04-28T12:47:27.779+0000] {dag.py:3820} INFO - Setting next_dagrun for example_sensor_decorator to None, run_after=None
[2025-04-28T12:47:27.865+0000] {processor.py:183} INFO - Processing /home/airflow/.local/lib/python3.8/site-packages/airflow/example_dags/example_sensor_decorator.py took 0.233 seconds
[2025-04-28T12:47:59.590+0000] {processor.py:161} INFO - Started process (PID=11587) to work on /home/airflow/.local/lib/python3.8/site-packages/airflow/example_dags/example_sensor_decorator.py
[2025-04-28T12:47:59.592+0000] {processor.py:830} INFO - Processing file /home/airflow/.local/lib/python3.8/site-packages/airflow/example_dags/example_sensor_decorator.py for tasks to queue
[2025-04-28T12:47:59.597+0000] {logging_mixin.py:188} INFO - [2025-04-28T12:47:59.596+0000] {dagbag.py:538} INFO - Filling up the DagBag from /home/airflow/.local/lib/python3.8/site-packages/airflow/example_dags/example_sensor_decorator.py
[2025-04-28T12:47:59.614+0000] {processor.py:840} INFO - DAG(s) 'example_sensor_decorator' retrieved from /home/airflow/.local/lib/python3.8/site-packages/airflow/example_dags/example_sensor_decorator.py
[2025-04-28T12:47:59.704+0000] {logging_mixin.py:188} INFO - [2025-04-28T12:47:59.703+0000] {dag.py:3033} INFO - Sync 1 DAGs
[2025-04-28T12:47:59.755+0000] {logging_mixin.py:188} INFO - [2025-04-28T12:47:59.755+0000] {dag.py:3820} INFO - Setting next_dagrun for example_sensor_decorator to None, run_after=None
[2025-04-28T12:47:59.824+0000] {processor.py:183} INFO - Processing /home/airflow/.local/lib/python3.8/site-packages/airflow/example_dags/example_sensor_decorator.py took 0.248 seconds
[2025-04-28T12:48:31.698+0000] {processor.py:161} INFO - Started process (PID=11643) to work on /home/airflow/.local/lib/python3.8/site-packages/airflow/example_dags/example_sensor_decorator.py
[2025-04-28T12:48:31.701+0000] {processor.py:830} INFO - Processing file /home/airflow/.local/lib/python3.8/site-packages/airflow/example_dags/example_sensor_decorator.py for tasks to queue
[2025-04-28T12:48:31.704+0000] {logging_mixin.py:188} INFO - [2025-04-28T12:48:31.703+0000] {dagbag.py:538} INFO - Filling up the DagBag from /home/airflow/.local/lib/python3.8/site-packages/airflow/example_dags/example_sensor_decorator.py
[2025-04-28T12:48:31.734+0000] {processor.py:840} INFO - DAG(s) 'example_sensor_decorator' retrieved from /home/airflow/.local/lib/python3.8/site-packages/airflow/example_dags/example_sensor_decorator.py
[2025-04-28T12:48:31.941+0000] {logging_mixin.py:188} INFO - [2025-04-28T12:48:31.940+0000] {dag.py:3033} INFO - Sync 1 DAGs
[2025-04-28T12:48:31.988+0000] {logging_mixin.py:188} INFO - [2025-04-28T12:48:31.988+0000] {dag.py:3820} INFO - Setting next_dagrun for example_sensor_decorator to None, run_after=None
[2025-04-28T12:48:32.064+0000] {processor.py:183} INFO - Processing /home/airflow/.local/lib/python3.8/site-packages/airflow/example_dags/example_sensor_decorator.py took 0.381 seconds
[2025-04-28T12:49:03.719+0000] {processor.py:161} INFO - Started process (PID=11705) to work on /home/airflow/.local/lib/python3.8/site-packages/airflow/example_dags/example_sensor_decorator.py
[2025-04-28T12:49:03.724+0000] {processor.py:830} INFO - Processing file /home/airflow/.local/lib/python3.8/site-packages/airflow/example_dags/example_sensor_decorator.py for tasks to queue
[2025-04-28T12:49:03.727+0000] {logging_mixin.py:188} INFO - [2025-04-28T12:49:03.726+0000] {dagbag.py:538} INFO - Filling up the DagBag from /home/airflow/.local/lib/python3.8/site-packages/airflow/example_dags/example_sensor_decorator.py
[2025-04-28T12:49:03.753+0000] {processor.py:840} INFO - DAG(s) 'example_sensor_decorator' retrieved from /home/airflow/.local/lib/python3.8/site-packages/airflow/example_dags/example_sensor_decorator.py
[2025-04-28T12:49:03.809+0000] {logging_mixin.py:188} INFO - [2025-04-28T12:49:03.808+0000] {dag.py:3033} INFO - Sync 1 DAGs
[2025-04-28T12:49:03.843+0000] {logging_mixin.py:188} INFO - [2025-04-28T12:49:03.843+0000] {dag.py:3820} INFO - Setting next_dagrun for example_sensor_decorator to None, run_after=None
[2025-04-28T12:49:03.917+0000] {processor.py:183} INFO - Processing /home/airflow/.local/lib/python3.8/site-packages/airflow/example_dags/example_sensor_decorator.py took 0.206 seconds
[2025-04-28T12:49:42.634+0000] {processor.py:161} INFO - Started process (PID=11762) to work on /home/airflow/.local/lib/python3.8/site-packages/airflow/example_dags/example_sensor_decorator.py
[2025-04-28T12:49:42.635+0000] {processor.py:830} INFO - Processing file /home/airflow/.local/lib/python3.8/site-packages/airflow/example_dags/example_sensor_decorator.py for tasks to queue
[2025-04-28T12:49:42.637+0000] {logging_mixin.py:188} INFO - [2025-04-28T12:49:42.637+0000] {dagbag.py:538} INFO - Filling up the DagBag from /home/airflow/.local/lib/python3.8/site-packages/airflow/example_dags/example_sensor_decorator.py
[2025-04-28T12:49:42.653+0000] {processor.py:840} INFO - DAG(s) 'example_sensor_decorator' retrieved from /home/airflow/.local/lib/python3.8/site-packages/airflow/example_dags/example_sensor_decorator.py
[2025-04-28T12:49:42.705+0000] {logging_mixin.py:188} INFO - [2025-04-28T12:49:42.705+0000] {dag.py:3033} INFO - Sync 1 DAGs
[2025-04-28T12:49:42.730+0000] {logging_mixin.py:188} INFO - [2025-04-28T12:49:42.729+0000] {dag.py:3820} INFO - Setting next_dagrun for example_sensor_decorator to None, run_after=None
[2025-04-28T12:49:42.777+0000] {processor.py:183} INFO - Processing /home/airflow/.local/lib/python3.8/site-packages/airflow/example_dags/example_sensor_decorator.py took 0.151 seconds
[2025-04-28T12:50:13.176+0000] {processor.py:161} INFO - Started process (PID=11817) to work on /home/airflow/.local/lib/python3.8/site-packages/airflow/example_dags/example_sensor_decorator.py
[2025-04-28T12:50:13.178+0000] {processor.py:830} INFO - Processing file /home/airflow/.local/lib/python3.8/site-packages/airflow/example_dags/example_sensor_decorator.py for tasks to queue
[2025-04-28T12:50:13.182+0000] {logging_mixin.py:188} INFO - [2025-04-28T12:50:13.181+0000] {dagbag.py:538} INFO - Filling up the DagBag from /home/airflow/.local/lib/python3.8/site-packages/airflow/example_dags/example_sensor_decorator.py
[2025-04-28T12:50:13.200+0000] {processor.py:840} INFO - DAG(s) 'example_sensor_decorator' retrieved from /home/airflow/.local/lib/python3.8/site-packages/airflow/example_dags/example_sensor_decorator.py
[2025-04-28T12:50:13.263+0000] {logging_mixin.py:188} INFO - [2025-04-28T12:50:13.263+0000] {dag.py:3033} INFO - Sync 1 DAGs
[2025-04-28T12:50:13.293+0000] {logging_mixin.py:188} INFO - [2025-04-28T12:50:13.292+0000] {dag.py:3820} INFO - Setting next_dagrun for example_sensor_decorator to None, run_after=None
[2025-04-28T12:50:13.340+0000] {processor.py:183} INFO - Processing /home/airflow/.local/lib/python3.8/site-packages/airflow/example_dags/example_sensor_decorator.py took 0.171 seconds
[2025-04-28T12:50:45.107+0000] {processor.py:161} INFO - Started process (PID=11872) to work on /home/airflow/.local/lib/python3.8/site-packages/airflow/example_dags/example_sensor_decorator.py
[2025-04-28T12:50:45.109+0000] {processor.py:830} INFO - Processing file /home/airflow/.local/lib/python3.8/site-packages/airflow/example_dags/example_sensor_decorator.py for tasks to queue
[2025-04-28T12:50:45.111+0000] {logging_mixin.py:188} INFO - [2025-04-28T12:50:45.111+0000] {dagbag.py:538} INFO - Filling up the DagBag from /home/airflow/.local/lib/python3.8/site-packages/airflow/example_dags/example_sensor_decorator.py
[2025-04-28T12:50:45.154+0000] {processor.py:840} INFO - DAG(s) 'example_sensor_decorator' retrieved from /home/airflow/.local/lib/python3.8/site-packages/airflow/example_dags/example_sensor_decorator.py
[2025-04-28T12:50:45.261+0000] {logging_mixin.py:188} INFO - [2025-04-28T12:50:45.260+0000] {dag.py:3033} INFO - Sync 1 DAGs
[2025-04-28T12:50:45.339+0000] {logging_mixin.py:188} INFO - [2025-04-28T12:50:45.339+0000] {dag.py:3820} INFO - Setting next_dagrun for example_sensor_decorator to None, run_after=None
[2025-04-28T12:50:45.409+0000] {processor.py:183} INFO - Processing /home/airflow/.local/lib/python3.8/site-packages/airflow/example_dags/example_sensor_decorator.py took 0.328 seconds
[2025-04-28T12:51:17.811+0000] {processor.py:161} INFO - Started process (PID=11928) to work on /home/airflow/.local/lib/python3.8/site-packages/airflow/example_dags/example_sensor_decorator.py
[2025-04-28T12:51:17.828+0000] {processor.py:830} INFO - Processing file /home/airflow/.local/lib/python3.8/site-packages/airflow/example_dags/example_sensor_decorator.py for tasks to queue
[2025-04-28T12:51:17.830+0000] {logging_mixin.py:188} INFO - [2025-04-28T12:51:17.830+0000] {dagbag.py:538} INFO - Filling up the DagBag from /home/airflow/.local/lib/python3.8/site-packages/airflow/example_dags/example_sensor_decorator.py
[2025-04-28T12:51:17.859+0000] {processor.py:840} INFO - DAG(s) 'example_sensor_decorator' retrieved from /home/airflow/.local/lib/python3.8/site-packages/airflow/example_dags/example_sensor_decorator.py
[2025-04-28T12:51:17.917+0000] {logging_mixin.py:188} INFO - [2025-04-28T12:51:17.917+0000] {dag.py:3033} INFO - Sync 1 DAGs
[2025-04-28T12:51:17.956+0000] {logging_mixin.py:188} INFO - [2025-04-28T12:51:17.956+0000] {dag.py:3820} INFO - Setting next_dagrun for example_sensor_decorator to None, run_after=None
[2025-04-28T12:51:18.023+0000] {processor.py:183} INFO - Processing /home/airflow/.local/lib/python3.8/site-packages/airflow/example_dags/example_sensor_decorator.py took 0.237 seconds
[2025-04-28T12:51:48.152+0000] {processor.py:161} INFO - Started process (PID=11977) to work on /home/airflow/.local/lib/python3.8/site-packages/airflow/example_dags/example_sensor_decorator.py
[2025-04-28T12:51:48.154+0000] {processor.py:830} INFO - Processing file /home/airflow/.local/lib/python3.8/site-packages/airflow/example_dags/example_sensor_decorator.py for tasks to queue
[2025-04-28T12:51:48.156+0000] {logging_mixin.py:188} INFO - [2025-04-28T12:51:48.155+0000] {dagbag.py:538} INFO - Filling up the DagBag from /home/airflow/.local/lib/python3.8/site-packages/airflow/example_dags/example_sensor_decorator.py
[2025-04-28T12:51:48.173+0000] {processor.py:840} INFO - DAG(s) 'example_sensor_decorator' retrieved from /home/airflow/.local/lib/python3.8/site-packages/airflow/example_dags/example_sensor_decorator.py
[2025-04-28T12:51:48.239+0000] {logging_mixin.py:188} INFO - [2025-04-28T12:51:48.239+0000] {dag.py:3033} INFO - Sync 1 DAGs
[2025-04-28T12:51:48.270+0000] {logging_mixin.py:188} INFO - [2025-04-28T12:51:48.269+0000] {dag.py:3820} INFO - Setting next_dagrun for example_sensor_decorator to None, run_after=None
[2025-04-28T12:51:48.364+0000] {processor.py:183} INFO - Processing /home/airflow/.local/lib/python3.8/site-packages/airflow/example_dags/example_sensor_decorator.py took 0.223 seconds
[2025-04-28T12:52:18.597+0000] {processor.py:161} INFO - Started process (PID=12033) to work on /home/airflow/.local/lib/python3.8/site-packages/airflow/example_dags/example_sensor_decorator.py
[2025-04-28T12:52:18.599+0000] {processor.py:830} INFO - Processing file /home/airflow/.local/lib/python3.8/site-packages/airflow/example_dags/example_sensor_decorator.py for tasks to queue
[2025-04-28T12:52:18.603+0000] {logging_mixin.py:188} INFO - [2025-04-28T12:52:18.602+0000] {dagbag.py:538} INFO - Filling up the DagBag from /home/airflow/.local/lib/python3.8/site-packages/airflow/example_dags/example_sensor_decorator.py
[2025-04-28T12:52:18.617+0000] {processor.py:840} INFO - DAG(s) 'example_sensor_decorator' retrieved from /home/airflow/.local/lib/python3.8/site-packages/airflow/example_dags/example_sensor_decorator.py
[2025-04-28T12:52:18.666+0000] {logging_mixin.py:188} INFO - [2025-04-28T12:52:18.666+0000] {dag.py:3033} INFO - Sync 1 DAGs
[2025-04-28T12:52:18.696+0000] {logging_mixin.py:188} INFO - [2025-04-28T12:52:18.696+0000] {dag.py:3820} INFO - Setting next_dagrun for example_sensor_decorator to None, run_after=None
[2025-04-28T12:52:18.743+0000] {processor.py:183} INFO - Processing /home/airflow/.local/lib/python3.8/site-packages/airflow/example_dags/example_sensor_decorator.py took 0.154 seconds
[2025-04-28T12:52:49.728+0000] {processor.py:161} INFO - Started process (PID=12090) to work on /home/airflow/.local/lib/python3.8/site-packages/airflow/example_dags/example_sensor_decorator.py
[2025-04-28T12:52:49.730+0000] {processor.py:830} INFO - Processing file /home/airflow/.local/lib/python3.8/site-packages/airflow/example_dags/example_sensor_decorator.py for tasks to queue
[2025-04-28T12:52:49.733+0000] {logging_mixin.py:188} INFO - [2025-04-28T12:52:49.732+0000] {dagbag.py:538} INFO - Filling up the DagBag from /home/airflow/.local/lib/python3.8/site-packages/airflow/example_dags/example_sensor_decorator.py
[2025-04-28T12:52:49.746+0000] {processor.py:840} INFO - DAG(s) 'example_sensor_decorator' retrieved from /home/airflow/.local/lib/python3.8/site-packages/airflow/example_dags/example_sensor_decorator.py
[2025-04-28T12:52:49.791+0000] {logging_mixin.py:188} INFO - [2025-04-28T12:52:49.791+0000] {dag.py:3033} INFO - Sync 1 DAGs
[2025-04-28T12:52:49.820+0000] {logging_mixin.py:188} INFO - [2025-04-28T12:52:49.820+0000] {dag.py:3820} INFO - Setting next_dagrun for example_sensor_decorator to None, run_after=None
[2025-04-28T12:52:49.871+0000] {processor.py:183} INFO - Processing /home/airflow/.local/lib/python3.8/site-packages/airflow/example_dags/example_sensor_decorator.py took 0.153 seconds
[2025-04-28T12:53:24.694+0000] {processor.py:161} INFO - Started process (PID=12146) to work on /home/airflow/.local/lib/python3.8/site-packages/airflow/example_dags/example_sensor_decorator.py
[2025-04-28T12:53:24.697+0000] {processor.py:830} INFO - Processing file /home/airflow/.local/lib/python3.8/site-packages/airflow/example_dags/example_sensor_decorator.py for tasks to queue
[2025-04-28T12:53:24.700+0000] {logging_mixin.py:188} INFO - [2025-04-28T12:53:24.699+0000] {dagbag.py:538} INFO - Filling up the DagBag from /home/airflow/.local/lib/python3.8/site-packages/airflow/example_dags/example_sensor_decorator.py
[2025-04-28T12:53:24.717+0000] {processor.py:840} INFO - DAG(s) 'example_sensor_decorator' retrieved from /home/airflow/.local/lib/python3.8/site-packages/airflow/example_dags/example_sensor_decorator.py
[2025-04-28T12:53:24.788+0000] {logging_mixin.py:188} INFO - [2025-04-28T12:53:24.788+0000] {dag.py:3033} INFO - Sync 1 DAGs
[2025-04-28T12:53:24.825+0000] {logging_mixin.py:188} INFO - [2025-04-28T12:53:24.825+0000] {dag.py:3820} INFO - Setting next_dagrun for example_sensor_decorator to None, run_after=None
[2025-04-28T12:53:24.904+0000] {processor.py:183} INFO - Processing /home/airflow/.local/lib/python3.8/site-packages/airflow/example_dags/example_sensor_decorator.py took 0.220 seconds
[2025-04-28T12:53:56.687+0000] {processor.py:161} INFO - Started process (PID=12202) to work on /home/airflow/.local/lib/python3.8/site-packages/airflow/example_dags/example_sensor_decorator.py
[2025-04-28T12:53:56.691+0000] {processor.py:830} INFO - Processing file /home/airflow/.local/lib/python3.8/site-packages/airflow/example_dags/example_sensor_decorator.py for tasks to queue
[2025-04-28T12:53:56.697+0000] {logging_mixin.py:188} INFO - [2025-04-28T12:53:56.696+0000] {dagbag.py:538} INFO - Filling up the DagBag from /home/airflow/.local/lib/python3.8/site-packages/airflow/example_dags/example_sensor_decorator.py
[2025-04-28T12:53:56.720+0000] {processor.py:840} INFO - DAG(s) 'example_sensor_decorator' retrieved from /home/airflow/.local/lib/python3.8/site-packages/airflow/example_dags/example_sensor_decorator.py
[2025-04-28T12:53:56.780+0000] {logging_mixin.py:188} INFO - [2025-04-28T12:53:56.780+0000] {dag.py:3033} INFO - Sync 1 DAGs
[2025-04-28T12:53:56.819+0000] {logging_mixin.py:188} INFO - [2025-04-28T12:53:56.819+0000] {dag.py:3820} INFO - Setting next_dagrun for example_sensor_decorator to None, run_after=None
[2025-04-28T12:53:56.882+0000] {processor.py:183} INFO - Processing /home/airflow/.local/lib/python3.8/site-packages/airflow/example_dags/example_sensor_decorator.py took 0.204 seconds
[2025-04-28T12:54:27.433+0000] {processor.py:161} INFO - Started process (PID=12258) to work on /home/airflow/.local/lib/python3.8/site-packages/airflow/example_dags/example_sensor_decorator.py
[2025-04-28T12:54:27.435+0000] {processor.py:830} INFO - Processing file /home/airflow/.local/lib/python3.8/site-packages/airflow/example_dags/example_sensor_decorator.py for tasks to queue
[2025-04-28T12:54:27.438+0000] {logging_mixin.py:188} INFO - [2025-04-28T12:54:27.437+0000] {dagbag.py:538} INFO - Filling up the DagBag from /home/airflow/.local/lib/python3.8/site-packages/airflow/example_dags/example_sensor_decorator.py
[2025-04-28T12:54:27.457+0000] {processor.py:840} INFO - DAG(s) 'example_sensor_decorator' retrieved from /home/airflow/.local/lib/python3.8/site-packages/airflow/example_dags/example_sensor_decorator.py
[2025-04-28T12:54:27.534+0000] {logging_mixin.py:188} INFO - [2025-04-28T12:54:27.533+0000] {dag.py:3033} INFO - Sync 1 DAGs
[2025-04-28T12:54:27.568+0000] {logging_mixin.py:188} INFO - [2025-04-28T12:54:27.568+0000] {dag.py:3820} INFO - Setting next_dagrun for example_sensor_decorator to None, run_after=None
[2025-04-28T12:54:27.623+0000] {processor.py:183} INFO - Processing /home/airflow/.local/lib/python3.8/site-packages/airflow/example_dags/example_sensor_decorator.py took 0.206 seconds
[2025-04-28T12:55:01.889+0000] {processor.py:161} INFO - Started process (PID=12315) to work on /home/airflow/.local/lib/python3.8/site-packages/airflow/example_dags/example_sensor_decorator.py
[2025-04-28T12:55:01.907+0000] {processor.py:830} INFO - Processing file /home/airflow/.local/lib/python3.8/site-packages/airflow/example_dags/example_sensor_decorator.py for tasks to queue
[2025-04-28T12:55:01.912+0000] {logging_mixin.py:188} INFO - [2025-04-28T12:55:01.911+0000] {dagbag.py:538} INFO - Filling up the DagBag from /home/airflow/.local/lib/python3.8/site-packages/airflow/example_dags/example_sensor_decorator.py
[2025-04-28T12:55:01.963+0000] {processor.py:840} INFO - DAG(s) 'example_sensor_decorator' retrieved from /home/airflow/.local/lib/python3.8/site-packages/airflow/example_dags/example_sensor_decorator.py
[2025-04-28T12:55:02.186+0000] {logging_mixin.py:188} INFO - [2025-04-28T12:55:02.176+0000] {dag.py:3033} INFO - Sync 1 DAGs
[2025-04-28T12:55:02.324+0000] {logging_mixin.py:188} INFO - [2025-04-28T12:55:02.316+0000] {dag.py:3820} INFO - Setting next_dagrun for example_sensor_decorator to None, run_after=None
[2025-04-28T12:55:02.605+0000] {processor.py:183} INFO - Processing /home/airflow/.local/lib/python3.8/site-packages/airflow/example_dags/example_sensor_decorator.py took 0.733 seconds
[2025-04-28T12:55:34.239+0000] {processor.py:161} INFO - Started process (PID=12372) to work on /home/airflow/.local/lib/python3.8/site-packages/airflow/example_dags/example_sensor_decorator.py
[2025-04-28T12:55:34.242+0000] {processor.py:830} INFO - Processing file /home/airflow/.local/lib/python3.8/site-packages/airflow/example_dags/example_sensor_decorator.py for tasks to queue
[2025-04-28T12:55:34.245+0000] {logging_mixin.py:188} INFO - [2025-04-28T12:55:34.244+0000] {dagbag.py:538} INFO - Filling up the DagBag from /home/airflow/.local/lib/python3.8/site-packages/airflow/example_dags/example_sensor_decorator.py
[2025-04-28T12:55:34.270+0000] {processor.py:840} INFO - DAG(s) 'example_sensor_decorator' retrieved from /home/airflow/.local/lib/python3.8/site-packages/airflow/example_dags/example_sensor_decorator.py
[2025-04-28T12:55:34.360+0000] {logging_mixin.py:188} INFO - [2025-04-28T12:55:34.357+0000] {dag.py:3033} INFO - Sync 1 DAGs
[2025-04-28T12:55:34.437+0000] {logging_mixin.py:188} INFO - [2025-04-28T12:55:34.437+0000] {dag.py:3820} INFO - Setting next_dagrun for example_sensor_decorator to None, run_after=None
[2025-04-28T12:55:34.638+0000] {processor.py:183} INFO - Processing /home/airflow/.local/lib/python3.8/site-packages/airflow/example_dags/example_sensor_decorator.py took 0.411 seconds
[2025-04-28T12:56:08.204+0000] {processor.py:161} INFO - Started process (PID=12428) to work on /home/airflow/.local/lib/python3.8/site-packages/airflow/example_dags/example_sensor_decorator.py
[2025-04-28T12:56:08.208+0000] {processor.py:830} INFO - Processing file /home/airflow/.local/lib/python3.8/site-packages/airflow/example_dags/example_sensor_decorator.py for tasks to queue
[2025-04-28T12:56:08.216+0000] {logging_mixin.py:188} INFO - [2025-04-28T12:56:08.213+0000] {dagbag.py:538} INFO - Filling up the DagBag from /home/airflow/.local/lib/python3.8/site-packages/airflow/example_dags/example_sensor_decorator.py
[2025-04-28T12:56:08.237+0000] {processor.py:840} INFO - DAG(s) 'example_sensor_decorator' retrieved from /home/airflow/.local/lib/python3.8/site-packages/airflow/example_dags/example_sensor_decorator.py
[2025-04-28T12:56:08.290+0000] {logging_mixin.py:188} INFO - [2025-04-28T12:56:08.290+0000] {dag.py:3033} INFO - Sync 1 DAGs
[2025-04-28T12:56:08.315+0000] {logging_mixin.py:188} INFO - [2025-04-28T12:56:08.315+0000] {dag.py:3820} INFO - Setting next_dagrun for example_sensor_decorator to None, run_after=None
[2025-04-28T12:56:08.369+0000] {processor.py:183} INFO - Processing /home/airflow/.local/lib/python3.8/site-packages/airflow/example_dags/example_sensor_decorator.py took 0.191 seconds
[2025-04-28T12:56:40.829+0000] {processor.py:161} INFO - Started process (PID=12484) to work on /home/airflow/.local/lib/python3.8/site-packages/airflow/example_dags/example_sensor_decorator.py
[2025-04-28T12:56:40.834+0000] {processor.py:830} INFO - Processing file /home/airflow/.local/lib/python3.8/site-packages/airflow/example_dags/example_sensor_decorator.py for tasks to queue
[2025-04-28T12:56:40.839+0000] {logging_mixin.py:188} INFO - [2025-04-28T12:56:40.838+0000] {dagbag.py:538} INFO - Filling up the DagBag from /home/airflow/.local/lib/python3.8/site-packages/airflow/example_dags/example_sensor_decorator.py
[2025-04-28T12:56:40.869+0000] {processor.py:840} INFO - DAG(s) 'example_sensor_decorator' retrieved from /home/airflow/.local/lib/python3.8/site-packages/airflow/example_dags/example_sensor_decorator.py
[2025-04-28T12:56:40.958+0000] {logging_mixin.py:188} INFO - [2025-04-28T12:56:40.958+0000] {dag.py:3033} INFO - Sync 1 DAGs
[2025-04-28T12:56:41.015+0000] {logging_mixin.py:188} INFO - [2025-04-28T12:56:41.014+0000] {dag.py:3820} INFO - Setting next_dagrun for example_sensor_decorator to None, run_after=None
[2025-04-28T12:56:41.112+0000] {processor.py:183} INFO - Processing /home/airflow/.local/lib/python3.8/site-packages/airflow/example_dags/example_sensor_decorator.py took 0.298 seconds
[2025-04-28T12:57:12.144+0000] {processor.py:161} INFO - Started process (PID=12542) to work on /home/airflow/.local/lib/python3.8/site-packages/airflow/example_dags/example_sensor_decorator.py
[2025-04-28T12:57:12.149+0000] {processor.py:830} INFO - Processing file /home/airflow/.local/lib/python3.8/site-packages/airflow/example_dags/example_sensor_decorator.py for tasks to queue
[2025-04-28T12:57:12.153+0000] {logging_mixin.py:188} INFO - [2025-04-28T12:57:12.152+0000] {dagbag.py:538} INFO - Filling up the DagBag from /home/airflow/.local/lib/python3.8/site-packages/airflow/example_dags/example_sensor_decorator.py
[2025-04-28T12:57:12.181+0000] {processor.py:840} INFO - DAG(s) 'example_sensor_decorator' retrieved from /home/airflow/.local/lib/python3.8/site-packages/airflow/example_dags/example_sensor_decorator.py
[2025-04-28T12:57:12.376+0000] {logging_mixin.py:188} INFO - [2025-04-28T12:57:12.375+0000] {dag.py:3033} INFO - Sync 1 DAGs
[2025-04-28T12:57:12.488+0000] {logging_mixin.py:188} INFO - [2025-04-28T12:57:12.487+0000] {dag.py:3820} INFO - Setting next_dagrun for example_sensor_decorator to None, run_after=None
[2025-04-28T12:57:12.567+0000] {processor.py:183} INFO - Processing /home/airflow/.local/lib/python3.8/site-packages/airflow/example_dags/example_sensor_decorator.py took 0.438 seconds
[2025-04-28T12:57:44.620+0000] {processor.py:161} INFO - Started process (PID=12602) to work on /home/airflow/.local/lib/python3.8/site-packages/airflow/example_dags/example_sensor_decorator.py
[2025-04-28T12:57:44.623+0000] {processor.py:830} INFO - Processing file /home/airflow/.local/lib/python3.8/site-packages/airflow/example_dags/example_sensor_decorator.py for tasks to queue
[2025-04-28T12:57:44.625+0000] {logging_mixin.py:188} INFO - [2025-04-28T12:57:44.624+0000] {dagbag.py:538} INFO - Filling up the DagBag from /home/airflow/.local/lib/python3.8/site-packages/airflow/example_dags/example_sensor_decorator.py
[2025-04-28T12:57:44.645+0000] {processor.py:840} INFO - DAG(s) 'example_sensor_decorator' retrieved from /home/airflow/.local/lib/python3.8/site-packages/airflow/example_dags/example_sensor_decorator.py
[2025-04-28T12:57:44.703+0000] {logging_mixin.py:188} INFO - [2025-04-28T12:57:44.702+0000] {dag.py:3033} INFO - Sync 1 DAGs
[2025-04-28T12:57:44.743+0000] {logging_mixin.py:188} INFO - [2025-04-28T12:57:44.742+0000] {dag.py:3820} INFO - Setting next_dagrun for example_sensor_decorator to None, run_after=None
[2025-04-28T12:57:44.801+0000] {processor.py:183} INFO - Processing /home/airflow/.local/lib/python3.8/site-packages/airflow/example_dags/example_sensor_decorator.py took 0.196 seconds
[2025-04-28T12:58:19.818+0000] {processor.py:161} INFO - Started process (PID=12661) to work on /home/airflow/.local/lib/python3.8/site-packages/airflow/example_dags/example_sensor_decorator.py
[2025-04-28T12:58:19.820+0000] {processor.py:830} INFO - Processing file /home/airflow/.local/lib/python3.8/site-packages/airflow/example_dags/example_sensor_decorator.py for tasks to queue
[2025-04-28T12:58:19.822+0000] {logging_mixin.py:188} INFO - [2025-04-28T12:58:19.821+0000] {dagbag.py:538} INFO - Filling up the DagBag from /home/airflow/.local/lib/python3.8/site-packages/airflow/example_dags/example_sensor_decorator.py
[2025-04-28T12:58:19.836+0000] {processor.py:840} INFO - DAG(s) 'example_sensor_decorator' retrieved from /home/airflow/.local/lib/python3.8/site-packages/airflow/example_dags/example_sensor_decorator.py
[2025-04-28T12:58:19.881+0000] {logging_mixin.py:188} INFO - [2025-04-28T12:58:19.881+0000] {dag.py:3033} INFO - Sync 1 DAGs
[2025-04-28T12:58:19.918+0000] {logging_mixin.py:188} INFO - [2025-04-28T12:58:19.918+0000] {dag.py:3820} INFO - Setting next_dagrun for example_sensor_decorator to None, run_after=None
[2025-04-28T12:58:19.974+0000] {processor.py:183} INFO - Processing /home/airflow/.local/lib/python3.8/site-packages/airflow/example_dags/example_sensor_decorator.py took 0.164 seconds
[2025-04-28T12:58:59.891+0000] {processor.py:161} INFO - Started process (PID=12723) to work on /home/airflow/.local/lib/python3.8/site-packages/airflow/example_dags/example_sensor_decorator.py
[2025-04-28T12:58:59.894+0000] {processor.py:830} INFO - Processing file /home/airflow/.local/lib/python3.8/site-packages/airflow/example_dags/example_sensor_decorator.py for tasks to queue
[2025-04-28T12:58:59.897+0000] {logging_mixin.py:188} INFO - [2025-04-28T12:58:59.896+0000] {dagbag.py:538} INFO - Filling up the DagBag from /home/airflow/.local/lib/python3.8/site-packages/airflow/example_dags/example_sensor_decorator.py
[2025-04-28T12:58:59.911+0000] {processor.py:840} INFO - DAG(s) 'example_sensor_decorator' retrieved from /home/airflow/.local/lib/python3.8/site-packages/airflow/example_dags/example_sensor_decorator.py
[2025-04-28T12:58:59.957+0000] {logging_mixin.py:188} INFO - [2025-04-28T12:58:59.957+0000] {dag.py:3033} INFO - Sync 1 DAGs
[2025-04-28T12:59:00.044+0000] {logging_mixin.py:188} INFO - [2025-04-28T12:59:00.043+0000] {dag.py:3820} INFO - Setting next_dagrun for example_sensor_decorator to None, run_after=None
[2025-04-28T12:59:00.171+0000] {processor.py:183} INFO - Processing /home/airflow/.local/lib/python3.8/site-packages/airflow/example_dags/example_sensor_decorator.py took 0.287 seconds
[2025-04-28T12:59:30.618+0000] {processor.py:161} INFO - Started process (PID=12779) to work on /home/airflow/.local/lib/python3.8/site-packages/airflow/example_dags/example_sensor_decorator.py
[2025-04-28T12:59:30.620+0000] {processor.py:830} INFO - Processing file /home/airflow/.local/lib/python3.8/site-packages/airflow/example_dags/example_sensor_decorator.py for tasks to queue
[2025-04-28T12:59:30.624+0000] {logging_mixin.py:188} INFO - [2025-04-28T12:59:30.623+0000] {dagbag.py:538} INFO - Filling up the DagBag from /home/airflow/.local/lib/python3.8/site-packages/airflow/example_dags/example_sensor_decorator.py
[2025-04-28T12:59:30.638+0000] {processor.py:840} INFO - DAG(s) 'example_sensor_decorator' retrieved from /home/airflow/.local/lib/python3.8/site-packages/airflow/example_dags/example_sensor_decorator.py
[2025-04-28T12:59:30.700+0000] {logging_mixin.py:188} INFO - [2025-04-28T12:59:30.699+0000] {dag.py:3033} INFO - Sync 1 DAGs
[2025-04-28T12:59:30.740+0000] {logging_mixin.py:188} INFO - [2025-04-28T12:59:30.740+0000] {dag.py:3820} INFO - Setting next_dagrun for example_sensor_decorator to None, run_after=None
[2025-04-28T12:59:30.799+0000] {processor.py:183} INFO - Processing /home/airflow/.local/lib/python3.8/site-packages/airflow/example_dags/example_sensor_decorator.py took 0.192 seconds
[2025-04-28T13:00:10.357+0000] {processor.py:161} INFO - Started process (PID=12835) to work on /home/airflow/.local/lib/python3.8/site-packages/airflow/example_dags/example_sensor_decorator.py
[2025-04-28T13:00:10.360+0000] {processor.py:830} INFO - Processing file /home/airflow/.local/lib/python3.8/site-packages/airflow/example_dags/example_sensor_decorator.py for tasks to queue
[2025-04-28T13:00:10.363+0000] {logging_mixin.py:188} INFO - [2025-04-28T13:00:10.362+0000] {dagbag.py:538} INFO - Filling up the DagBag from /home/airflow/.local/lib/python3.8/site-packages/airflow/example_dags/example_sensor_decorator.py
[2025-04-28T13:00:10.389+0000] {processor.py:840} INFO - DAG(s) 'example_sensor_decorator' retrieved from /home/airflow/.local/lib/python3.8/site-packages/airflow/example_dags/example_sensor_decorator.py
[2025-04-28T13:00:10.483+0000] {logging_mixin.py:188} INFO - [2025-04-28T13:00:10.482+0000] {dag.py:3033} INFO - Sync 1 DAGs
[2025-04-28T13:00:10.528+0000] {logging_mixin.py:188} INFO - [2025-04-28T13:00:10.528+0000] {dag.py:3820} INFO - Setting next_dagrun for example_sensor_decorator to None, run_after=None
[2025-04-28T13:00:10.606+0000] {processor.py:183} INFO - Processing /home/airflow/.local/lib/python3.8/site-packages/airflow/example_dags/example_sensor_decorator.py took 0.263 seconds
[2025-04-28T13:00:41.049+0000] {processor.py:161} INFO - Started process (PID=12891) to work on /home/airflow/.local/lib/python3.8/site-packages/airflow/example_dags/example_sensor_decorator.py
[2025-04-28T13:00:41.051+0000] {processor.py:830} INFO - Processing file /home/airflow/.local/lib/python3.8/site-packages/airflow/example_dags/example_sensor_decorator.py for tasks to queue
[2025-04-28T13:00:41.053+0000] {logging_mixin.py:188} INFO - [2025-04-28T13:00:41.052+0000] {dagbag.py:538} INFO - Filling up the DagBag from /home/airflow/.local/lib/python3.8/site-packages/airflow/example_dags/example_sensor_decorator.py
[2025-04-28T13:00:41.072+0000] {processor.py:840} INFO - DAG(s) 'example_sensor_decorator' retrieved from /home/airflow/.local/lib/python3.8/site-packages/airflow/example_dags/example_sensor_decorator.py
[2025-04-28T13:00:41.136+0000] {logging_mixin.py:188} INFO - [2025-04-28T13:00:41.136+0000] {dag.py:3033} INFO - Sync 1 DAGs
[2025-04-28T13:00:41.207+0000] {logging_mixin.py:188} INFO - [2025-04-28T13:00:41.207+0000] {dag.py:3820} INFO - Setting next_dagrun for example_sensor_decorator to None, run_after=None
[2025-04-28T13:00:41.352+0000] {processor.py:183} INFO - Processing /home/airflow/.local/lib/python3.8/site-packages/airflow/example_dags/example_sensor_decorator.py took 0.310 seconds
[2025-04-28T13:01:12.177+0000] {processor.py:161} INFO - Started process (PID=12947) to work on /home/airflow/.local/lib/python3.8/site-packages/airflow/example_dags/example_sensor_decorator.py
[2025-04-28T13:01:12.179+0000] {processor.py:830} INFO - Processing file /home/airflow/.local/lib/python3.8/site-packages/airflow/example_dags/example_sensor_decorator.py for tasks to queue
[2025-04-28T13:01:12.183+0000] {logging_mixin.py:188} INFO - [2025-04-28T13:01:12.181+0000] {dagbag.py:538} INFO - Filling up the DagBag from /home/airflow/.local/lib/python3.8/site-packages/airflow/example_dags/example_sensor_decorator.py
[2025-04-28T13:01:12.205+0000] {processor.py:840} INFO - DAG(s) 'example_sensor_decorator' retrieved from /home/airflow/.local/lib/python3.8/site-packages/airflow/example_dags/example_sensor_decorator.py
[2025-04-28T13:01:12.260+0000] {logging_mixin.py:188} INFO - [2025-04-28T13:01:12.260+0000] {dag.py:3033} INFO - Sync 1 DAGs
[2025-04-28T13:01:12.300+0000] {logging_mixin.py:188} INFO - [2025-04-28T13:01:12.299+0000] {dag.py:3820} INFO - Setting next_dagrun for example_sensor_decorator to None, run_after=None
[2025-04-28T13:01:12.373+0000] {processor.py:183} INFO - Processing /home/airflow/.local/lib/python3.8/site-packages/airflow/example_dags/example_sensor_decorator.py took 0.208 seconds
[2025-04-28T13:01:42.872+0000] {processor.py:161} INFO - Started process (PID=13003) to work on /home/airflow/.local/lib/python3.8/site-packages/airflow/example_dags/example_sensor_decorator.py
[2025-04-28T13:01:42.879+0000] {processor.py:830} INFO - Processing file /home/airflow/.local/lib/python3.8/site-packages/airflow/example_dags/example_sensor_decorator.py for tasks to queue
[2025-04-28T13:01:42.884+0000] {logging_mixin.py:188} INFO - [2025-04-28T13:01:42.883+0000] {dagbag.py:538} INFO - Filling up the DagBag from /home/airflow/.local/lib/python3.8/site-packages/airflow/example_dags/example_sensor_decorator.py
[2025-04-28T13:01:42.903+0000] {processor.py:840} INFO - DAG(s) 'example_sensor_decorator' retrieved from /home/airflow/.local/lib/python3.8/site-packages/airflow/example_dags/example_sensor_decorator.py
[2025-04-28T13:01:42.991+0000] {logging_mixin.py:188} INFO - [2025-04-28T13:01:42.990+0000] {dag.py:3033} INFO - Sync 1 DAGs
[2025-04-28T13:01:43.034+0000] {logging_mixin.py:188} INFO - [2025-04-28T13:01:43.033+0000] {dag.py:3820} INFO - Setting next_dagrun for example_sensor_decorator to None, run_after=None
[2025-04-28T13:01:43.085+0000] {processor.py:183} INFO - Processing /home/airflow/.local/lib/python3.8/site-packages/airflow/example_dags/example_sensor_decorator.py took 0.226 seconds
[2025-04-28T13:02:13.457+0000] {processor.py:161} INFO - Started process (PID=13053) to work on /home/airflow/.local/lib/python3.8/site-packages/airflow/example_dags/example_sensor_decorator.py
[2025-04-28T13:02:13.459+0000] {processor.py:830} INFO - Processing file /home/airflow/.local/lib/python3.8/site-packages/airflow/example_dags/example_sensor_decorator.py for tasks to queue
[2025-04-28T13:02:13.461+0000] {logging_mixin.py:188} INFO - [2025-04-28T13:02:13.461+0000] {dagbag.py:538} INFO - Filling up the DagBag from /home/airflow/.local/lib/python3.8/site-packages/airflow/example_dags/example_sensor_decorator.py
[2025-04-28T13:02:13.486+0000] {processor.py:840} INFO - DAG(s) 'example_sensor_decorator' retrieved from /home/airflow/.local/lib/python3.8/site-packages/airflow/example_dags/example_sensor_decorator.py
[2025-04-28T13:02:13.561+0000] {logging_mixin.py:188} INFO - [2025-04-28T13:02:13.560+0000] {dag.py:3033} INFO - Sync 1 DAGs
[2025-04-28T13:02:13.626+0000] {logging_mixin.py:188} INFO - [2025-04-28T13:02:13.625+0000] {dag.py:3820} INFO - Setting next_dagrun for example_sensor_decorator to None, run_after=None
[2025-04-28T13:02:13.700+0000] {processor.py:183} INFO - Processing /home/airflow/.local/lib/python3.8/site-packages/airflow/example_dags/example_sensor_decorator.py took 0.258 seconds
[2025-04-28T13:02:48.895+0000] {processor.py:161} INFO - Started process (PID=13115) to work on /home/airflow/.local/lib/python3.8/site-packages/airflow/example_dags/example_sensor_decorator.py
[2025-04-28T13:02:48.897+0000] {processor.py:830} INFO - Processing file /home/airflow/.local/lib/python3.8/site-packages/airflow/example_dags/example_sensor_decorator.py for tasks to queue
[2025-04-28T13:02:48.899+0000] {logging_mixin.py:188} INFO - [2025-04-28T13:02:48.898+0000] {dagbag.py:538} INFO - Filling up the DagBag from /home/airflow/.local/lib/python3.8/site-packages/airflow/example_dags/example_sensor_decorator.py
[2025-04-28T13:02:48.910+0000] {processor.py:840} INFO - DAG(s) 'example_sensor_decorator' retrieved from /home/airflow/.local/lib/python3.8/site-packages/airflow/example_dags/example_sensor_decorator.py
[2025-04-28T13:02:48.956+0000] {logging_mixin.py:188} INFO - [2025-04-28T13:02:48.955+0000] {dag.py:3033} INFO - Sync 1 DAGs
[2025-04-28T13:02:48.983+0000] {logging_mixin.py:188} INFO - [2025-04-28T13:02:48.983+0000] {dag.py:3820} INFO - Setting next_dagrun for example_sensor_decorator to None, run_after=None
[2025-04-28T13:02:49.026+0000] {processor.py:183} INFO - Processing /home/airflow/.local/lib/python3.8/site-packages/airflow/example_dags/example_sensor_decorator.py took 0.139 seconds
[2025-04-28T13:03:24.657+0000] {processor.py:161} INFO - Started process (PID=13169) to work on /home/airflow/.local/lib/python3.8/site-packages/airflow/example_dags/example_sensor_decorator.py
[2025-04-28T13:03:24.660+0000] {processor.py:830} INFO - Processing file /home/airflow/.local/lib/python3.8/site-packages/airflow/example_dags/example_sensor_decorator.py for tasks to queue
[2025-04-28T13:03:24.664+0000] {logging_mixin.py:188} INFO - [2025-04-28T13:03:24.663+0000] {dagbag.py:538} INFO - Filling up the DagBag from /home/airflow/.local/lib/python3.8/site-packages/airflow/example_dags/example_sensor_decorator.py
[2025-04-28T13:03:24.688+0000] {processor.py:840} INFO - DAG(s) 'example_sensor_decorator' retrieved from /home/airflow/.local/lib/python3.8/site-packages/airflow/example_dags/example_sensor_decorator.py
[2025-04-28T13:03:24.751+0000] {logging_mixin.py:188} INFO - [2025-04-28T13:03:24.750+0000] {dag.py:3033} INFO - Sync 1 DAGs
[2025-04-28T13:03:24.804+0000] {logging_mixin.py:188} INFO - [2025-04-28T13:03:24.804+0000] {dag.py:3820} INFO - Setting next_dagrun for example_sensor_decorator to None, run_after=None
[2025-04-28T13:03:24.868+0000] {processor.py:183} INFO - Processing /home/airflow/.local/lib/python3.8/site-packages/airflow/example_dags/example_sensor_decorator.py took 0.221 seconds
[2025-04-28T13:03:56.257+0000] {processor.py:161} INFO - Started process (PID=13225) to work on /home/airflow/.local/lib/python3.8/site-packages/airflow/example_dags/example_sensor_decorator.py
[2025-04-28T13:03:56.260+0000] {processor.py:830} INFO - Processing file /home/airflow/.local/lib/python3.8/site-packages/airflow/example_dags/example_sensor_decorator.py for tasks to queue
[2025-04-28T13:03:56.262+0000] {logging_mixin.py:188} INFO - [2025-04-28T13:03:56.262+0000] {dagbag.py:538} INFO - Filling up the DagBag from /home/airflow/.local/lib/python3.8/site-packages/airflow/example_dags/example_sensor_decorator.py
[2025-04-28T13:03:56.286+0000] {processor.py:840} INFO - DAG(s) 'example_sensor_decorator' retrieved from /home/airflow/.local/lib/python3.8/site-packages/airflow/example_dags/example_sensor_decorator.py
[2025-04-28T13:03:56.369+0000] {logging_mixin.py:188} INFO - [2025-04-28T13:03:56.368+0000] {dag.py:3033} INFO - Sync 1 DAGs
[2025-04-28T13:03:56.403+0000] {logging_mixin.py:188} INFO - [2025-04-28T13:03:56.403+0000] {dag.py:3820} INFO - Setting next_dagrun for example_sensor_decorator to None, run_after=None
[2025-04-28T13:03:56.460+0000] {processor.py:183} INFO - Processing /home/airflow/.local/lib/python3.8/site-packages/airflow/example_dags/example_sensor_decorator.py took 0.214 seconds
[2025-04-28T13:04:27.354+0000] {processor.py:161} INFO - Started process (PID=13280) to work on /home/airflow/.local/lib/python3.8/site-packages/airflow/example_dags/example_sensor_decorator.py
[2025-04-28T13:04:27.357+0000] {processor.py:830} INFO - Processing file /home/airflow/.local/lib/python3.8/site-packages/airflow/example_dags/example_sensor_decorator.py for tasks to queue
[2025-04-28T13:04:27.369+0000] {logging_mixin.py:188} INFO - [2025-04-28T13:04:27.368+0000] {dagbag.py:538} INFO - Filling up the DagBag from /home/airflow/.local/lib/python3.8/site-packages/airflow/example_dags/example_sensor_decorator.py
[2025-04-28T13:04:27.405+0000] {processor.py:840} INFO - DAG(s) 'example_sensor_decorator' retrieved from /home/airflow/.local/lib/python3.8/site-packages/airflow/example_dags/example_sensor_decorator.py
[2025-04-28T13:04:27.576+0000] {logging_mixin.py:188} INFO - [2025-04-28T13:04:27.575+0000] {dag.py:3033} INFO - Sync 1 DAGs
[2025-04-28T13:04:27.686+0000] {logging_mixin.py:188} INFO - [2025-04-28T13:04:27.674+0000] {dag.py:3820} INFO - Setting next_dagrun for example_sensor_decorator to None, run_after=None
[2025-04-28T13:04:27.940+0000] {processor.py:183} INFO - Processing /home/airflow/.local/lib/python3.8/site-packages/airflow/example_dags/example_sensor_decorator.py took 0.614 seconds
[2025-04-28T13:04:58.467+0000] {processor.py:161} INFO - Started process (PID=13330) to work on /home/airflow/.local/lib/python3.8/site-packages/airflow/example_dags/example_sensor_decorator.py
[2025-04-28T13:04:58.469+0000] {processor.py:830} INFO - Processing file /home/airflow/.local/lib/python3.8/site-packages/airflow/example_dags/example_sensor_decorator.py for tasks to queue
[2025-04-28T13:04:58.472+0000] {logging_mixin.py:188} INFO - [2025-04-28T13:04:58.471+0000] {dagbag.py:538} INFO - Filling up the DagBag from /home/airflow/.local/lib/python3.8/site-packages/airflow/example_dags/example_sensor_decorator.py
[2025-04-28T13:04:58.488+0000] {processor.py:840} INFO - DAG(s) 'example_sensor_decorator' retrieved from /home/airflow/.local/lib/python3.8/site-packages/airflow/example_dags/example_sensor_decorator.py
[2025-04-28T13:04:58.565+0000] {logging_mixin.py:188} INFO - [2025-04-28T13:04:58.565+0000] {dag.py:3033} INFO - Sync 1 DAGs
[2025-04-28T13:04:58.602+0000] {logging_mixin.py:188} INFO - [2025-04-28T13:04:58.602+0000] {dag.py:3820} INFO - Setting next_dagrun for example_sensor_decorator to None, run_after=None
[2025-04-28T13:04:58.668+0000] {processor.py:183} INFO - Processing /home/airflow/.local/lib/python3.8/site-packages/airflow/example_dags/example_sensor_decorator.py took 0.217 seconds
[2025-04-28T13:05:30.319+0000] {processor.py:161} INFO - Started process (PID=13388) to work on /home/airflow/.local/lib/python3.8/site-packages/airflow/example_dags/example_sensor_decorator.py
[2025-04-28T13:05:30.322+0000] {processor.py:830} INFO - Processing file /home/airflow/.local/lib/python3.8/site-packages/airflow/example_dags/example_sensor_decorator.py for tasks to queue
[2025-04-28T13:05:30.326+0000] {logging_mixin.py:188} INFO - [2025-04-28T13:05:30.325+0000] {dagbag.py:538} INFO - Filling up the DagBag from /home/airflow/.local/lib/python3.8/site-packages/airflow/example_dags/example_sensor_decorator.py
[2025-04-28T13:05:30.345+0000] {processor.py:840} INFO - DAG(s) 'example_sensor_decorator' retrieved from /home/airflow/.local/lib/python3.8/site-packages/airflow/example_dags/example_sensor_decorator.py
[2025-04-28T13:05:30.413+0000] {logging_mixin.py:188} INFO - [2025-04-28T13:05:30.413+0000] {dag.py:3033} INFO - Sync 1 DAGs
[2025-04-28T13:05:30.450+0000] {logging_mixin.py:188} INFO - [2025-04-28T13:05:30.449+0000] {dag.py:3820} INFO - Setting next_dagrun for example_sensor_decorator to None, run_after=None
[2025-04-28T13:05:30.506+0000] {processor.py:183} INFO - Processing /home/airflow/.local/lib/python3.8/site-packages/airflow/example_dags/example_sensor_decorator.py took 0.198 seconds
[2025-04-28T13:06:00.923+0000] {processor.py:161} INFO - Started process (PID=13444) to work on /home/airflow/.local/lib/python3.8/site-packages/airflow/example_dags/example_sensor_decorator.py
[2025-04-28T13:06:00.926+0000] {processor.py:830} INFO - Processing file /home/airflow/.local/lib/python3.8/site-packages/airflow/example_dags/example_sensor_decorator.py for tasks to queue
[2025-04-28T13:06:00.928+0000] {logging_mixin.py:188} INFO - [2025-04-28T13:06:00.927+0000] {dagbag.py:538} INFO - Filling up the DagBag from /home/airflow/.local/lib/python3.8/site-packages/airflow/example_dags/example_sensor_decorator.py
[2025-04-28T13:06:00.942+0000] {processor.py:840} INFO - DAG(s) 'example_sensor_decorator' retrieved from /home/airflow/.local/lib/python3.8/site-packages/airflow/example_dags/example_sensor_decorator.py
[2025-04-28T13:06:01.002+0000] {logging_mixin.py:188} INFO - [2025-04-28T13:06:01.002+0000] {dag.py:3033} INFO - Sync 1 DAGs
[2025-04-28T13:06:01.044+0000] {logging_mixin.py:188} INFO - [2025-04-28T13:06:01.044+0000] {dag.py:3820} INFO - Setting next_dagrun for example_sensor_decorator to None, run_after=None
[2025-04-28T13:06:01.111+0000] {processor.py:183} INFO - Processing /home/airflow/.local/lib/python3.8/site-packages/airflow/example_dags/example_sensor_decorator.py took 0.198 seconds
[2025-04-28T13:06:31.664+0000] {processor.py:161} INFO - Started process (PID=13500) to work on /home/airflow/.local/lib/python3.8/site-packages/airflow/example_dags/example_sensor_decorator.py
[2025-04-28T13:06:31.666+0000] {processor.py:830} INFO - Processing file /home/airflow/.local/lib/python3.8/site-packages/airflow/example_dags/example_sensor_decorator.py for tasks to queue
[2025-04-28T13:06:31.668+0000] {logging_mixin.py:188} INFO - [2025-04-28T13:06:31.667+0000] {dagbag.py:538} INFO - Filling up the DagBag from /home/airflow/.local/lib/python3.8/site-packages/airflow/example_dags/example_sensor_decorator.py
[2025-04-28T13:06:31.683+0000] {processor.py:840} INFO - DAG(s) 'example_sensor_decorator' retrieved from /home/airflow/.local/lib/python3.8/site-packages/airflow/example_dags/example_sensor_decorator.py
[2025-04-28T13:06:31.732+0000] {logging_mixin.py:188} INFO - [2025-04-28T13:06:31.731+0000] {dag.py:3033} INFO - Sync 1 DAGs
[2025-04-28T13:06:31.775+0000] {logging_mixin.py:188} INFO - [2025-04-28T13:06:31.775+0000] {dag.py:3820} INFO - Setting next_dagrun for example_sensor_decorator to None, run_after=None
[2025-04-28T13:06:31.820+0000] {processor.py:183} INFO - Processing /home/airflow/.local/lib/python3.8/site-packages/airflow/example_dags/example_sensor_decorator.py took 0.164 seconds
[2025-04-28T13:07:02.350+0000] {processor.py:161} INFO - Started process (PID=13556) to work on /home/airflow/.local/lib/python3.8/site-packages/airflow/example_dags/example_sensor_decorator.py
[2025-04-28T13:07:02.352+0000] {processor.py:830} INFO - Processing file /home/airflow/.local/lib/python3.8/site-packages/airflow/example_dags/example_sensor_decorator.py for tasks to queue
[2025-04-28T13:07:02.354+0000] {logging_mixin.py:188} INFO - [2025-04-28T13:07:02.354+0000] {dagbag.py:538} INFO - Filling up the DagBag from /home/airflow/.local/lib/python3.8/site-packages/airflow/example_dags/example_sensor_decorator.py
[2025-04-28T13:07:02.367+0000] {processor.py:840} INFO - DAG(s) 'example_sensor_decorator' retrieved from /home/airflow/.local/lib/python3.8/site-packages/airflow/example_dags/example_sensor_decorator.py
[2025-04-28T13:07:02.414+0000] {logging_mixin.py:188} INFO - [2025-04-28T13:07:02.414+0000] {dag.py:3033} INFO - Sync 1 DAGs
[2025-04-28T13:07:02.447+0000] {logging_mixin.py:188} INFO - [2025-04-28T13:07:02.447+0000] {dag.py:3820} INFO - Setting next_dagrun for example_sensor_decorator to None, run_after=None
[2025-04-28T13:07:02.495+0000] {processor.py:183} INFO - Processing /home/airflow/.local/lib/python3.8/site-packages/airflow/example_dags/example_sensor_decorator.py took 0.155 seconds
[2025-04-28T13:07:33.468+0000] {processor.py:161} INFO - Started process (PID=13611) to work on /home/airflow/.local/lib/python3.8/site-packages/airflow/example_dags/example_sensor_decorator.py
[2025-04-28T13:07:33.470+0000] {processor.py:830} INFO - Processing file /home/airflow/.local/lib/python3.8/site-packages/airflow/example_dags/example_sensor_decorator.py for tasks to queue
[2025-04-28T13:07:33.473+0000] {logging_mixin.py:188} INFO - [2025-04-28T13:07:33.472+0000] {dagbag.py:538} INFO - Filling up the DagBag from /home/airflow/.local/lib/python3.8/site-packages/airflow/example_dags/example_sensor_decorator.py
[2025-04-28T13:07:33.489+0000] {processor.py:840} INFO - DAG(s) 'example_sensor_decorator' retrieved from /home/airflow/.local/lib/python3.8/site-packages/airflow/example_dags/example_sensor_decorator.py
[2025-04-28T13:07:33.550+0000] {logging_mixin.py:188} INFO - [2025-04-28T13:07:33.550+0000] {dag.py:3033} INFO - Sync 1 DAGs
[2025-04-28T13:07:33.589+0000] {logging_mixin.py:188} INFO - [2025-04-28T13:07:33.589+0000] {dag.py:3820} INFO - Setting next_dagrun for example_sensor_decorator to None, run_after=None
[2025-04-28T13:07:33.688+0000] {processor.py:183} INFO - Processing /home/airflow/.local/lib/python3.8/site-packages/airflow/example_dags/example_sensor_decorator.py took 0.228 seconds
[2025-04-28T13:08:05.800+0000] {processor.py:161} INFO - Started process (PID=13667) to work on /home/airflow/.local/lib/python3.8/site-packages/airflow/example_dags/example_sensor_decorator.py
[2025-04-28T13:08:05.802+0000] {processor.py:830} INFO - Processing file /home/airflow/.local/lib/python3.8/site-packages/airflow/example_dags/example_sensor_decorator.py for tasks to queue
[2025-04-28T13:08:05.805+0000] {logging_mixin.py:188} INFO - [2025-04-28T13:08:05.804+0000] {dagbag.py:538} INFO - Filling up the DagBag from /home/airflow/.local/lib/python3.8/site-packages/airflow/example_dags/example_sensor_decorator.py
[2025-04-28T13:08:05.836+0000] {processor.py:840} INFO - DAG(s) 'example_sensor_decorator' retrieved from /home/airflow/.local/lib/python3.8/site-packages/airflow/example_dags/example_sensor_decorator.py
[2025-04-28T13:08:05.939+0000] {logging_mixin.py:188} INFO - [2025-04-28T13:08:05.938+0000] {dag.py:3033} INFO - Sync 1 DAGs
[2025-04-28T13:08:06.004+0000] {logging_mixin.py:188} INFO - [2025-04-28T13:08:06.003+0000] {dag.py:3820} INFO - Setting next_dagrun for example_sensor_decorator to None, run_after=None
[2025-04-28T13:08:06.088+0000] {processor.py:183} INFO - Processing /home/airflow/.local/lib/python3.8/site-packages/airflow/example_dags/example_sensor_decorator.py took 0.307 seconds
[2025-04-28T13:08:36.315+0000] {processor.py:161} INFO - Started process (PID=13723) to work on /home/airflow/.local/lib/python3.8/site-packages/airflow/example_dags/example_sensor_decorator.py
[2025-04-28T13:08:36.319+0000] {processor.py:830} INFO - Processing file /home/airflow/.local/lib/python3.8/site-packages/airflow/example_dags/example_sensor_decorator.py for tasks to queue
[2025-04-28T13:08:36.321+0000] {logging_mixin.py:188} INFO - [2025-04-28T13:08:36.320+0000] {dagbag.py:538} INFO - Filling up the DagBag from /home/airflow/.local/lib/python3.8/site-packages/airflow/example_dags/example_sensor_decorator.py
[2025-04-28T13:08:36.337+0000] {processor.py:840} INFO - DAG(s) 'example_sensor_decorator' retrieved from /home/airflow/.local/lib/python3.8/site-packages/airflow/example_dags/example_sensor_decorator.py
[2025-04-28T13:08:36.380+0000] {logging_mixin.py:188} INFO - [2025-04-28T13:08:36.379+0000] {dag.py:3033} INFO - Sync 1 DAGs
[2025-04-28T13:08:36.406+0000] {logging_mixin.py:188} INFO - [2025-04-28T13:08:36.406+0000] {dag.py:3820} INFO - Setting next_dagrun for example_sensor_decorator to None, run_after=None
[2025-04-28T13:08:36.468+0000] {processor.py:183} INFO - Processing /home/airflow/.local/lib/python3.8/site-packages/airflow/example_dags/example_sensor_decorator.py took 0.162 seconds
[2025-04-28T13:09:09.618+0000] {processor.py:161} INFO - Started process (PID=13780) to work on /home/airflow/.local/lib/python3.8/site-packages/airflow/example_dags/example_sensor_decorator.py
[2025-04-28T13:09:09.620+0000] {processor.py:830} INFO - Processing file /home/airflow/.local/lib/python3.8/site-packages/airflow/example_dags/example_sensor_decorator.py for tasks to queue
[2025-04-28T13:09:09.623+0000] {logging_mixin.py:188} INFO - [2025-04-28T13:09:09.623+0000] {dagbag.py:538} INFO - Filling up the DagBag from /home/airflow/.local/lib/python3.8/site-packages/airflow/example_dags/example_sensor_decorator.py
[2025-04-28T13:09:09.657+0000] {processor.py:840} INFO - DAG(s) 'example_sensor_decorator' retrieved from /home/airflow/.local/lib/python3.8/site-packages/airflow/example_dags/example_sensor_decorator.py
[2025-04-28T13:09:09.735+0000] {logging_mixin.py:188} INFO - [2025-04-28T13:09:09.735+0000] {dag.py:3033} INFO - Sync 1 DAGs
[2025-04-28T13:09:09.784+0000] {logging_mixin.py:188} INFO - [2025-04-28T13:09:09.784+0000] {dag.py:3820} INFO - Setting next_dagrun for example_sensor_decorator to None, run_after=None
[2025-04-28T13:09:09.866+0000] {processor.py:183} INFO - Processing /home/airflow/.local/lib/python3.8/site-packages/airflow/example_dags/example_sensor_decorator.py took 0.261 seconds
[2025-04-28T13:09:42.252+0000] {processor.py:161} INFO - Started process (PID=13837) to work on /home/airflow/.local/lib/python3.8/site-packages/airflow/example_dags/example_sensor_decorator.py
[2025-04-28T13:09:42.254+0000] {processor.py:830} INFO - Processing file /home/airflow/.local/lib/python3.8/site-packages/airflow/example_dags/example_sensor_decorator.py for tasks to queue
[2025-04-28T13:09:42.257+0000] {logging_mixin.py:188} INFO - [2025-04-28T13:09:42.256+0000] {dagbag.py:538} INFO - Filling up the DagBag from /home/airflow/.local/lib/python3.8/site-packages/airflow/example_dags/example_sensor_decorator.py
[2025-04-28T13:09:42.271+0000] {processor.py:840} INFO - DAG(s) 'example_sensor_decorator' retrieved from /home/airflow/.local/lib/python3.8/site-packages/airflow/example_dags/example_sensor_decorator.py
[2025-04-28T13:09:42.326+0000] {logging_mixin.py:188} INFO - [2025-04-28T13:09:42.326+0000] {dag.py:3033} INFO - Sync 1 DAGs
[2025-04-28T13:09:42.358+0000] {logging_mixin.py:188} INFO - [2025-04-28T13:09:42.358+0000] {dag.py:3820} INFO - Setting next_dagrun for example_sensor_decorator to None, run_after=None
[2025-04-28T13:09:42.412+0000] {processor.py:183} INFO - Processing /home/airflow/.local/lib/python3.8/site-packages/airflow/example_dags/example_sensor_decorator.py took 0.169 seconds
[2025-04-28T13:10:15.167+0000] {processor.py:161} INFO - Started process (PID=13893) to work on /home/airflow/.local/lib/python3.8/site-packages/airflow/example_dags/example_sensor_decorator.py
[2025-04-28T13:10:15.169+0000] {processor.py:830} INFO - Processing file /home/airflow/.local/lib/python3.8/site-packages/airflow/example_dags/example_sensor_decorator.py for tasks to queue
[2025-04-28T13:10:15.172+0000] {logging_mixin.py:188} INFO - [2025-04-28T13:10:15.171+0000] {dagbag.py:538} INFO - Filling up the DagBag from /home/airflow/.local/lib/python3.8/site-packages/airflow/example_dags/example_sensor_decorator.py
[2025-04-28T13:10:15.191+0000] {processor.py:840} INFO - DAG(s) 'example_sensor_decorator' retrieved from /home/airflow/.local/lib/python3.8/site-packages/airflow/example_dags/example_sensor_decorator.py
[2025-04-28T13:10:15.254+0000] {logging_mixin.py:188} INFO - [2025-04-28T13:10:15.254+0000] {dag.py:3033} INFO - Sync 1 DAGs
[2025-04-28T13:10:15.285+0000] {logging_mixin.py:188} INFO - [2025-04-28T13:10:15.285+0000] {dag.py:3820} INFO - Setting next_dagrun for example_sensor_decorator to None, run_after=None
[2025-04-28T13:10:15.331+0000] {processor.py:183} INFO - Processing /home/airflow/.local/lib/python3.8/site-packages/airflow/example_dags/example_sensor_decorator.py took 0.173 seconds
[2025-04-28T13:10:46.983+0000] {processor.py:161} INFO - Started process (PID=13948) to work on /home/airflow/.local/lib/python3.8/site-packages/airflow/example_dags/example_sensor_decorator.py
[2025-04-28T13:10:46.984+0000] {processor.py:830} INFO - Processing file /home/airflow/.local/lib/python3.8/site-packages/airflow/example_dags/example_sensor_decorator.py for tasks to queue
[2025-04-28T13:10:46.986+0000] {logging_mixin.py:188} INFO - [2025-04-28T13:10:46.986+0000] {dagbag.py:538} INFO - Filling up the DagBag from /home/airflow/.local/lib/python3.8/site-packages/airflow/example_dags/example_sensor_decorator.py
[2025-04-28T13:10:46.997+0000] {processor.py:840} INFO - DAG(s) 'example_sensor_decorator' retrieved from /home/airflow/.local/lib/python3.8/site-packages/airflow/example_dags/example_sensor_decorator.py
[2025-04-28T13:10:47.037+0000] {logging_mixin.py:188} INFO - [2025-04-28T13:10:47.037+0000] {dag.py:3033} INFO - Sync 1 DAGs
[2025-04-28T13:10:47.063+0000] {logging_mixin.py:188} INFO - [2025-04-28T13:10:47.063+0000] {dag.py:3820} INFO - Setting next_dagrun for example_sensor_decorator to None, run_after=None
[2025-04-28T13:10:47.118+0000] {processor.py:183} INFO - Processing /home/airflow/.local/lib/python3.8/site-packages/airflow/example_dags/example_sensor_decorator.py took 0.142 seconds
[2025-04-28T13:11:18.167+0000] {processor.py:161} INFO - Started process (PID=14004) to work on /home/airflow/.local/lib/python3.8/site-packages/airflow/example_dags/example_sensor_decorator.py
[2025-04-28T13:11:18.169+0000] {processor.py:830} INFO - Processing file /home/airflow/.local/lib/python3.8/site-packages/airflow/example_dags/example_sensor_decorator.py for tasks to queue
[2025-04-28T13:11:18.171+0000] {logging_mixin.py:188} INFO - [2025-04-28T13:11:18.171+0000] {dagbag.py:538} INFO - Filling up the DagBag from /home/airflow/.local/lib/python3.8/site-packages/airflow/example_dags/example_sensor_decorator.py
[2025-04-28T13:11:18.187+0000] {processor.py:840} INFO - DAG(s) 'example_sensor_decorator' retrieved from /home/airflow/.local/lib/python3.8/site-packages/airflow/example_dags/example_sensor_decorator.py
[2025-04-28T13:11:18.244+0000] {logging_mixin.py:188} INFO - [2025-04-28T13:11:18.244+0000] {dag.py:3033} INFO - Sync 1 DAGs
[2025-04-28T13:11:18.274+0000] {logging_mixin.py:188} INFO - [2025-04-28T13:11:18.274+0000] {dag.py:3820} INFO - Setting next_dagrun for example_sensor_decorator to None, run_after=None
[2025-04-28T13:11:18.329+0000] {processor.py:183} INFO - Processing /home/airflow/.local/lib/python3.8/site-packages/airflow/example_dags/example_sensor_decorator.py took 0.171 seconds
[2025-04-28T13:11:50.364+0000] {processor.py:161} INFO - Started process (PID=14060) to work on /home/airflow/.local/lib/python3.8/site-packages/airflow/example_dags/example_sensor_decorator.py
[2025-04-28T13:11:50.366+0000] {processor.py:830} INFO - Processing file /home/airflow/.local/lib/python3.8/site-packages/airflow/example_dags/example_sensor_decorator.py for tasks to queue
[2025-04-28T13:11:50.368+0000] {logging_mixin.py:188} INFO - [2025-04-28T13:11:50.368+0000] {dagbag.py:538} INFO - Filling up the DagBag from /home/airflow/.local/lib/python3.8/site-packages/airflow/example_dags/example_sensor_decorator.py
[2025-04-28T13:11:50.384+0000] {processor.py:840} INFO - DAG(s) 'example_sensor_decorator' retrieved from /home/airflow/.local/lib/python3.8/site-packages/airflow/example_dags/example_sensor_decorator.py
[2025-04-28T13:11:50.431+0000] {logging_mixin.py:188} INFO - [2025-04-28T13:11:50.430+0000] {dag.py:3033} INFO - Sync 1 DAGs
[2025-04-28T13:11:50.460+0000] {logging_mixin.py:188} INFO - [2025-04-28T13:11:50.460+0000] {dag.py:3820} INFO - Setting next_dagrun for example_sensor_decorator to None, run_after=None
[2025-04-28T13:11:50.538+0000] {processor.py:183} INFO - Processing /home/airflow/.local/lib/python3.8/site-packages/airflow/example_dags/example_sensor_decorator.py took 0.181 seconds
[2025-04-28T13:12:23.621+0000] {processor.py:161} INFO - Started process (PID=14116) to work on /home/airflow/.local/lib/python3.8/site-packages/airflow/example_dags/example_sensor_decorator.py
[2025-04-28T13:12:23.624+0000] {processor.py:830} INFO - Processing file /home/airflow/.local/lib/python3.8/site-packages/airflow/example_dags/example_sensor_decorator.py for tasks to queue
[2025-04-28T13:12:23.627+0000] {logging_mixin.py:188} INFO - [2025-04-28T13:12:23.627+0000] {dagbag.py:538} INFO - Filling up the DagBag from /home/airflow/.local/lib/python3.8/site-packages/airflow/example_dags/example_sensor_decorator.py
[2025-04-28T13:12:23.645+0000] {processor.py:840} INFO - DAG(s) 'example_sensor_decorator' retrieved from /home/airflow/.local/lib/python3.8/site-packages/airflow/example_dags/example_sensor_decorator.py
[2025-04-28T13:12:23.710+0000] {logging_mixin.py:188} INFO - [2025-04-28T13:12:23.710+0000] {dag.py:3033} INFO - Sync 1 DAGs
[2025-04-28T13:12:23.758+0000] {logging_mixin.py:188} INFO - [2025-04-28T13:12:23.757+0000] {dag.py:3820} INFO - Setting next_dagrun for example_sensor_decorator to None, run_after=None
[2025-04-28T13:12:23.887+0000] {processor.py:183} INFO - Processing /home/airflow/.local/lib/python3.8/site-packages/airflow/example_dags/example_sensor_decorator.py took 0.276 seconds
[2025-04-28T13:12:56.549+0000] {processor.py:161} INFO - Started process (PID=14172) to work on /home/airflow/.local/lib/python3.8/site-packages/airflow/example_dags/example_sensor_decorator.py
[2025-04-28T13:12:56.552+0000] {processor.py:830} INFO - Processing file /home/airflow/.local/lib/python3.8/site-packages/airflow/example_dags/example_sensor_decorator.py for tasks to queue
[2025-04-28T13:12:56.557+0000] {logging_mixin.py:188} INFO - [2025-04-28T13:12:56.555+0000] {dagbag.py:538} INFO - Filling up the DagBag from /home/airflow/.local/lib/python3.8/site-packages/airflow/example_dags/example_sensor_decorator.py
[2025-04-28T13:12:56.579+0000] {processor.py:840} INFO - DAG(s) 'example_sensor_decorator' retrieved from /home/airflow/.local/lib/python3.8/site-packages/airflow/example_dags/example_sensor_decorator.py
[2025-04-28T13:12:56.654+0000] {logging_mixin.py:188} INFO - [2025-04-28T13:12:56.653+0000] {dag.py:3033} INFO - Sync 1 DAGs
[2025-04-28T13:12:56.701+0000] {logging_mixin.py:188} INFO - [2025-04-28T13:12:56.700+0000] {dag.py:3820} INFO - Setting next_dagrun for example_sensor_decorator to None, run_after=None
[2025-04-28T13:12:56.803+0000] {processor.py:183} INFO - Processing /home/airflow/.local/lib/python3.8/site-packages/airflow/example_dags/example_sensor_decorator.py took 0.267 seconds
[2025-04-28T13:13:28.694+0000] {processor.py:161} INFO - Started process (PID=14228) to work on /home/airflow/.local/lib/python3.8/site-packages/airflow/example_dags/example_sensor_decorator.py
[2025-04-28T13:13:28.697+0000] {processor.py:830} INFO - Processing file /home/airflow/.local/lib/python3.8/site-packages/airflow/example_dags/example_sensor_decorator.py for tasks to queue
[2025-04-28T13:13:28.699+0000] {logging_mixin.py:188} INFO - [2025-04-28T13:13:28.699+0000] {dagbag.py:538} INFO - Filling up the DagBag from /home/airflow/.local/lib/python3.8/site-packages/airflow/example_dags/example_sensor_decorator.py
[2025-04-28T13:13:28.716+0000] {processor.py:840} INFO - DAG(s) 'example_sensor_decorator' retrieved from /home/airflow/.local/lib/python3.8/site-packages/airflow/example_dags/example_sensor_decorator.py
[2025-04-28T13:13:28.772+0000] {logging_mixin.py:188} INFO - [2025-04-28T13:13:28.771+0000] {dag.py:3033} INFO - Sync 1 DAGs
[2025-04-28T13:13:28.814+0000] {logging_mixin.py:188} INFO - [2025-04-28T13:13:28.813+0000] {dag.py:3820} INFO - Setting next_dagrun for example_sensor_decorator to None, run_after=None
[2025-04-28T13:13:28.876+0000] {processor.py:183} INFO - Processing /home/airflow/.local/lib/python3.8/site-packages/airflow/example_dags/example_sensor_decorator.py took 0.192 seconds
[2025-04-28T13:14:00.057+0000] {processor.py:161} INFO - Started process (PID=14283) to work on /home/airflow/.local/lib/python3.8/site-packages/airflow/example_dags/example_sensor_decorator.py
[2025-04-28T13:14:00.060+0000] {processor.py:830} INFO - Processing file /home/airflow/.local/lib/python3.8/site-packages/airflow/example_dags/example_sensor_decorator.py for tasks to queue
[2025-04-28T13:14:00.063+0000] {logging_mixin.py:188} INFO - [2025-04-28T13:14:00.062+0000] {dagbag.py:538} INFO - Filling up the DagBag from /home/airflow/.local/lib/python3.8/site-packages/airflow/example_dags/example_sensor_decorator.py
[2025-04-28T13:14:00.080+0000] {processor.py:840} INFO - DAG(s) 'example_sensor_decorator' retrieved from /home/airflow/.local/lib/python3.8/site-packages/airflow/example_dags/example_sensor_decorator.py
[2025-04-28T13:14:00.166+0000] {logging_mixin.py:188} INFO - [2025-04-28T13:14:00.166+0000] {dag.py:3033} INFO - Sync 1 DAGs
[2025-04-28T13:14:00.217+0000] {logging_mixin.py:188} INFO - [2025-04-28T13:14:00.217+0000] {dag.py:3820} INFO - Setting next_dagrun for example_sensor_decorator to None, run_after=None
[2025-04-28T13:14:00.381+0000] {processor.py:183} INFO - Processing /home/airflow/.local/lib/python3.8/site-packages/airflow/example_dags/example_sensor_decorator.py took 0.334 seconds
[2025-04-28T13:14:33.759+0000] {processor.py:161} INFO - Started process (PID=14340) to work on /home/airflow/.local/lib/python3.8/site-packages/airflow/example_dags/example_sensor_decorator.py
[2025-04-28T13:14:33.761+0000] {processor.py:830} INFO - Processing file /home/airflow/.local/lib/python3.8/site-packages/airflow/example_dags/example_sensor_decorator.py for tasks to queue
[2025-04-28T13:14:33.770+0000] {logging_mixin.py:188} INFO - [2025-04-28T13:14:33.764+0000] {dagbag.py:538} INFO - Filling up the DagBag from /home/airflow/.local/lib/python3.8/site-packages/airflow/example_dags/example_sensor_decorator.py
[2025-04-28T13:14:33.799+0000] {processor.py:840} INFO - DAG(s) 'example_sensor_decorator' retrieved from /home/airflow/.local/lib/python3.8/site-packages/airflow/example_dags/example_sensor_decorator.py
[2025-04-28T13:14:34.011+0000] {logging_mixin.py:188} INFO - [2025-04-28T13:14:34.011+0000] {dag.py:3033} INFO - Sync 1 DAGs
[2025-04-28T13:14:34.126+0000] {logging_mixin.py:188} INFO - [2025-04-28T13:14:34.126+0000] {dag.py:3820} INFO - Setting next_dagrun for example_sensor_decorator to None, run_after=None
[2025-04-28T13:14:34.214+0000] {processor.py:183} INFO - Processing /home/airflow/.local/lib/python3.8/site-packages/airflow/example_dags/example_sensor_decorator.py took 0.470 seconds
[2025-04-28T13:15:06.000+0000] {processor.py:161} INFO - Started process (PID=14395) to work on /home/airflow/.local/lib/python3.8/site-packages/airflow/example_dags/example_sensor_decorator.py
[2025-04-28T13:15:06.002+0000] {processor.py:830} INFO - Processing file /home/airflow/.local/lib/python3.8/site-packages/airflow/example_dags/example_sensor_decorator.py for tasks to queue
[2025-04-28T13:15:06.004+0000] {logging_mixin.py:188} INFO - [2025-04-28T13:15:06.004+0000] {dagbag.py:538} INFO - Filling up the DagBag from /home/airflow/.local/lib/python3.8/site-packages/airflow/example_dags/example_sensor_decorator.py
[2025-04-28T13:15:06.020+0000] {processor.py:840} INFO - DAG(s) 'example_sensor_decorator' retrieved from /home/airflow/.local/lib/python3.8/site-packages/airflow/example_dags/example_sensor_decorator.py
[2025-04-28T13:15:06.084+0000] {logging_mixin.py:188} INFO - [2025-04-28T13:15:06.084+0000] {dag.py:3033} INFO - Sync 1 DAGs
[2025-04-28T13:15:06.132+0000] {logging_mixin.py:188} INFO - [2025-04-28T13:15:06.131+0000] {dag.py:3820} INFO - Setting next_dagrun for example_sensor_decorator to None, run_after=None
[2025-04-28T13:15:06.210+0000] {processor.py:183} INFO - Processing /home/airflow/.local/lib/python3.8/site-packages/airflow/example_dags/example_sensor_decorator.py took 0.223 seconds
[2025-04-28T13:15:37.851+0000] {processor.py:161} INFO - Started process (PID=14451) to work on /home/airflow/.local/lib/python3.8/site-packages/airflow/example_dags/example_sensor_decorator.py
[2025-04-28T13:15:37.855+0000] {processor.py:830} INFO - Processing file /home/airflow/.local/lib/python3.8/site-packages/airflow/example_dags/example_sensor_decorator.py for tasks to queue
[2025-04-28T13:15:37.858+0000] {logging_mixin.py:188} INFO - [2025-04-28T13:15:37.857+0000] {dagbag.py:538} INFO - Filling up the DagBag from /home/airflow/.local/lib/python3.8/site-packages/airflow/example_dags/example_sensor_decorator.py
[2025-04-28T13:15:37.876+0000] {processor.py:840} INFO - DAG(s) 'example_sensor_decorator' retrieved from /home/airflow/.local/lib/python3.8/site-packages/airflow/example_dags/example_sensor_decorator.py
[2025-04-28T13:15:37.943+0000] {logging_mixin.py:188} INFO - [2025-04-28T13:15:37.943+0000] {dag.py:3033} INFO - Sync 1 DAGs
[2025-04-28T13:15:37.981+0000] {logging_mixin.py:188} INFO - [2025-04-28T13:15:37.981+0000] {dag.py:3820} INFO - Setting next_dagrun for example_sensor_decorator to None, run_after=None
[2025-04-28T13:15:38.040+0000] {processor.py:183} INFO - Processing /home/airflow/.local/lib/python3.8/site-packages/airflow/example_dags/example_sensor_decorator.py took 0.202 seconds
[2025-04-28T13:16:11.061+0000] {processor.py:161} INFO - Started process (PID=14506) to work on /home/airflow/.local/lib/python3.8/site-packages/airflow/example_dags/example_sensor_decorator.py
[2025-04-28T13:16:11.064+0000] {processor.py:830} INFO - Processing file /home/airflow/.local/lib/python3.8/site-packages/airflow/example_dags/example_sensor_decorator.py for tasks to queue
[2025-04-28T13:16:11.066+0000] {logging_mixin.py:188} INFO - [2025-04-28T13:16:11.065+0000] {dagbag.py:538} INFO - Filling up the DagBag from /home/airflow/.local/lib/python3.8/site-packages/airflow/example_dags/example_sensor_decorator.py
[2025-04-28T13:16:11.080+0000] {processor.py:840} INFO - DAG(s) 'example_sensor_decorator' retrieved from /home/airflow/.local/lib/python3.8/site-packages/airflow/example_dags/example_sensor_decorator.py
[2025-04-28T13:16:11.118+0000] {logging_mixin.py:188} INFO - [2025-04-28T13:16:11.118+0000] {dag.py:3033} INFO - Sync 1 DAGs
[2025-04-28T13:16:11.152+0000] {logging_mixin.py:188} INFO - [2025-04-28T13:16:11.151+0000] {dag.py:3820} INFO - Setting next_dagrun for example_sensor_decorator to None, run_after=None
[2025-04-28T13:16:11.237+0000] {processor.py:183} INFO - Processing /home/airflow/.local/lib/python3.8/site-packages/airflow/example_dags/example_sensor_decorator.py took 0.184 seconds
[2025-04-28T13:16:42.278+0000] {processor.py:161} INFO - Started process (PID=14562) to work on /home/airflow/.local/lib/python3.8/site-packages/airflow/example_dags/example_sensor_decorator.py
[2025-04-28T13:16:42.281+0000] {processor.py:830} INFO - Processing file /home/airflow/.local/lib/python3.8/site-packages/airflow/example_dags/example_sensor_decorator.py for tasks to queue
[2025-04-28T13:16:42.284+0000] {logging_mixin.py:188} INFO - [2025-04-28T13:16:42.283+0000] {dagbag.py:538} INFO - Filling up the DagBag from /home/airflow/.local/lib/python3.8/site-packages/airflow/example_dags/example_sensor_decorator.py
[2025-04-28T13:16:42.305+0000] {processor.py:840} INFO - DAG(s) 'example_sensor_decorator' retrieved from /home/airflow/.local/lib/python3.8/site-packages/airflow/example_dags/example_sensor_decorator.py
[2025-04-28T13:16:42.363+0000] {logging_mixin.py:188} INFO - [2025-04-28T13:16:42.362+0000] {dag.py:3033} INFO - Sync 1 DAGs
[2025-04-28T13:16:42.397+0000] {logging_mixin.py:188} INFO - [2025-04-28T13:16:42.397+0000] {dag.py:3820} INFO - Setting next_dagrun for example_sensor_decorator to None, run_after=None
[2025-04-28T13:16:42.449+0000] {processor.py:183} INFO - Processing /home/airflow/.local/lib/python3.8/site-packages/airflow/example_dags/example_sensor_decorator.py took 0.180 seconds
[2025-04-28T13:17:12.782+0000] {processor.py:161} INFO - Started process (PID=14619) to work on /home/airflow/.local/lib/python3.8/site-packages/airflow/example_dags/example_sensor_decorator.py
[2025-04-28T13:17:12.784+0000] {processor.py:830} INFO - Processing file /home/airflow/.local/lib/python3.8/site-packages/airflow/example_dags/example_sensor_decorator.py for tasks to queue
[2025-04-28T13:17:12.787+0000] {logging_mixin.py:188} INFO - [2025-04-28T13:17:12.786+0000] {dagbag.py:538} INFO - Filling up the DagBag from /home/airflow/.local/lib/python3.8/site-packages/airflow/example_dags/example_sensor_decorator.py
[2025-04-28T13:17:12.803+0000] {processor.py:840} INFO - DAG(s) 'example_sensor_decorator' retrieved from /home/airflow/.local/lib/python3.8/site-packages/airflow/example_dags/example_sensor_decorator.py
[2025-04-28T13:17:12.854+0000] {logging_mixin.py:188} INFO - [2025-04-28T13:17:12.854+0000] {dag.py:3033} INFO - Sync 1 DAGs
[2025-04-28T13:17:12.914+0000] {logging_mixin.py:188} INFO - [2025-04-28T13:17:12.913+0000] {dag.py:3820} INFO - Setting next_dagrun for example_sensor_decorator to None, run_after=None
[2025-04-28T13:17:12.979+0000] {processor.py:183} INFO - Processing /home/airflow/.local/lib/python3.8/site-packages/airflow/example_dags/example_sensor_decorator.py took 0.207 seconds
[2025-04-28T13:17:43.364+0000] {processor.py:161} INFO - Started process (PID=14675) to work on /home/airflow/.local/lib/python3.8/site-packages/airflow/example_dags/example_sensor_decorator.py
[2025-04-28T13:17:43.367+0000] {processor.py:830} INFO - Processing file /home/airflow/.local/lib/python3.8/site-packages/airflow/example_dags/example_sensor_decorator.py for tasks to queue
[2025-04-28T13:17:43.369+0000] {logging_mixin.py:188} INFO - [2025-04-28T13:17:43.368+0000] {dagbag.py:538} INFO - Filling up the DagBag from /home/airflow/.local/lib/python3.8/site-packages/airflow/example_dags/example_sensor_decorator.py
[2025-04-28T13:17:43.386+0000] {processor.py:840} INFO - DAG(s) 'example_sensor_decorator' retrieved from /home/airflow/.local/lib/python3.8/site-packages/airflow/example_dags/example_sensor_decorator.py
[2025-04-28T13:17:43.445+0000] {logging_mixin.py:188} INFO - [2025-04-28T13:17:43.445+0000] {dag.py:3033} INFO - Sync 1 DAGs
[2025-04-28T13:17:43.495+0000] {logging_mixin.py:188} INFO - [2025-04-28T13:17:43.495+0000] {dag.py:3820} INFO - Setting next_dagrun for example_sensor_decorator to None, run_after=None
[2025-04-28T13:17:43.561+0000] {processor.py:183} INFO - Processing /home/airflow/.local/lib/python3.8/site-packages/airflow/example_dags/example_sensor_decorator.py took 0.207 seconds
[2025-04-28T13:18:13.777+0000] {processor.py:161} INFO - Started process (PID=14731) to work on /home/airflow/.local/lib/python3.8/site-packages/airflow/example_dags/example_sensor_decorator.py
[2025-04-28T13:18:13.780+0000] {processor.py:830} INFO - Processing file /home/airflow/.local/lib/python3.8/site-packages/airflow/example_dags/example_sensor_decorator.py for tasks to queue
[2025-04-28T13:18:13.783+0000] {logging_mixin.py:188} INFO - [2025-04-28T13:18:13.782+0000] {dagbag.py:538} INFO - Filling up the DagBag from /home/airflow/.local/lib/python3.8/site-packages/airflow/example_dags/example_sensor_decorator.py
[2025-04-28T13:18:13.798+0000] {processor.py:840} INFO - DAG(s) 'example_sensor_decorator' retrieved from /home/airflow/.local/lib/python3.8/site-packages/airflow/example_dags/example_sensor_decorator.py
[2025-04-28T13:18:13.867+0000] {logging_mixin.py:188} INFO - [2025-04-28T13:18:13.866+0000] {dag.py:3033} INFO - Sync 1 DAGs
[2025-04-28T13:18:13.912+0000] {logging_mixin.py:188} INFO - [2025-04-28T13:18:13.911+0000] {dag.py:3820} INFO - Setting next_dagrun for example_sensor_decorator to None, run_after=None
[2025-04-28T13:18:13.959+0000] {processor.py:183} INFO - Processing /home/airflow/.local/lib/python3.8/site-packages/airflow/example_dags/example_sensor_decorator.py took 0.193 seconds
[2025-04-28T13:18:44.050+0000] {processor.py:161} INFO - Started process (PID=14786) to work on /home/airflow/.local/lib/python3.8/site-packages/airflow/example_dags/example_sensor_decorator.py
[2025-04-28T13:18:44.052+0000] {processor.py:830} INFO - Processing file /home/airflow/.local/lib/python3.8/site-packages/airflow/example_dags/example_sensor_decorator.py for tasks to queue
[2025-04-28T13:18:44.054+0000] {logging_mixin.py:188} INFO - [2025-04-28T13:18:44.054+0000] {dagbag.py:538} INFO - Filling up the DagBag from /home/airflow/.local/lib/python3.8/site-packages/airflow/example_dags/example_sensor_decorator.py
[2025-04-28T13:18:44.071+0000] {processor.py:840} INFO - DAG(s) 'example_sensor_decorator' retrieved from /home/airflow/.local/lib/python3.8/site-packages/airflow/example_dags/example_sensor_decorator.py
[2025-04-28T13:18:44.143+0000] {logging_mixin.py:188} INFO - [2025-04-28T13:18:44.143+0000] {dag.py:3033} INFO - Sync 1 DAGs
[2025-04-28T13:18:44.197+0000] {logging_mixin.py:188} INFO - [2025-04-28T13:18:44.197+0000] {dag.py:3820} INFO - Setting next_dagrun for example_sensor_decorator to None, run_after=None
[2025-04-28T13:18:44.255+0000] {processor.py:183} INFO - Processing /home/airflow/.local/lib/python3.8/site-packages/airflow/example_dags/example_sensor_decorator.py took 0.217 seconds
[2025-04-28T13:19:14.702+0000] {processor.py:161} INFO - Started process (PID=14843) to work on /home/airflow/.local/lib/python3.8/site-packages/airflow/example_dags/example_sensor_decorator.py
[2025-04-28T13:19:14.704+0000] {processor.py:830} INFO - Processing file /home/airflow/.local/lib/python3.8/site-packages/airflow/example_dags/example_sensor_decorator.py for tasks to queue
[2025-04-28T13:19:14.707+0000] {logging_mixin.py:188} INFO - [2025-04-28T13:19:14.706+0000] {dagbag.py:538} INFO - Filling up the DagBag from /home/airflow/.local/lib/python3.8/site-packages/airflow/example_dags/example_sensor_decorator.py
[2025-04-28T13:19:14.723+0000] {processor.py:840} INFO - DAG(s) 'example_sensor_decorator' retrieved from /home/airflow/.local/lib/python3.8/site-packages/airflow/example_dags/example_sensor_decorator.py
[2025-04-28T13:19:14.795+0000] {logging_mixin.py:188} INFO - [2025-04-28T13:19:14.795+0000] {dag.py:3033} INFO - Sync 1 DAGs
[2025-04-28T13:19:14.827+0000] {logging_mixin.py:188} INFO - [2025-04-28T13:19:14.826+0000] {dag.py:3820} INFO - Setting next_dagrun for example_sensor_decorator to None, run_after=None
[2025-04-28T13:19:14.896+0000] {processor.py:183} INFO - Processing /home/airflow/.local/lib/python3.8/site-packages/airflow/example_dags/example_sensor_decorator.py took 0.204 seconds
[2025-04-28T13:19:46.799+0000] {processor.py:161} INFO - Started process (PID=14898) to work on /home/airflow/.local/lib/python3.8/site-packages/airflow/example_dags/example_sensor_decorator.py
[2025-04-28T13:19:46.803+0000] {processor.py:830} INFO - Processing file /home/airflow/.local/lib/python3.8/site-packages/airflow/example_dags/example_sensor_decorator.py for tasks to queue
[2025-04-28T13:19:46.808+0000] {logging_mixin.py:188} INFO - [2025-04-28T13:19:46.805+0000] {dagbag.py:538} INFO - Filling up the DagBag from /home/airflow/.local/lib/python3.8/site-packages/airflow/example_dags/example_sensor_decorator.py
[2025-04-28T13:19:46.844+0000] {processor.py:840} INFO - DAG(s) 'example_sensor_decorator' retrieved from /home/airflow/.local/lib/python3.8/site-packages/airflow/example_dags/example_sensor_decorator.py
[2025-04-28T13:19:46.943+0000] {logging_mixin.py:188} INFO - [2025-04-28T13:19:46.941+0000] {dag.py:3033} INFO - Sync 1 DAGs
[2025-04-28T13:19:47.013+0000] {logging_mixin.py:188} INFO - [2025-04-28T13:19:47.012+0000] {dag.py:3820} INFO - Setting next_dagrun for example_sensor_decorator to None, run_after=None
[2025-04-28T13:19:47.110+0000] {processor.py:183} INFO - Processing /home/airflow/.local/lib/python3.8/site-packages/airflow/example_dags/example_sensor_decorator.py took 0.321 seconds
[2025-04-28T13:20:18.419+0000] {processor.py:161} INFO - Started process (PID=14952) to work on /home/airflow/.local/lib/python3.8/site-packages/airflow/example_dags/example_sensor_decorator.py
[2025-04-28T13:20:18.422+0000] {processor.py:830} INFO - Processing file /home/airflow/.local/lib/python3.8/site-packages/airflow/example_dags/example_sensor_decorator.py for tasks to queue
[2025-04-28T13:20:18.425+0000] {logging_mixin.py:188} INFO - [2025-04-28T13:20:18.425+0000] {dagbag.py:538} INFO - Filling up the DagBag from /home/airflow/.local/lib/python3.8/site-packages/airflow/example_dags/example_sensor_decorator.py
[2025-04-28T13:20:18.449+0000] {processor.py:840} INFO - DAG(s) 'example_sensor_decorator' retrieved from /home/airflow/.local/lib/python3.8/site-packages/airflow/example_dags/example_sensor_decorator.py
[2025-04-28T13:20:18.545+0000] {logging_mixin.py:188} INFO - [2025-04-28T13:20:18.544+0000] {dag.py:3033} INFO - Sync 1 DAGs
[2025-04-28T13:20:18.617+0000] {logging_mixin.py:188} INFO - [2025-04-28T13:20:18.616+0000] {dag.py:3820} INFO - Setting next_dagrun for example_sensor_decorator to None, run_after=None
[2025-04-28T13:20:18.696+0000] {processor.py:183} INFO - Processing /home/airflow/.local/lib/python3.8/site-packages/airflow/example_dags/example_sensor_decorator.py took 0.290 seconds
[2025-04-28T13:20:49.695+0000] {processor.py:161} INFO - Started process (PID=15010) to work on /home/airflow/.local/lib/python3.8/site-packages/airflow/example_dags/example_sensor_decorator.py
[2025-04-28T13:20:49.697+0000] {processor.py:830} INFO - Processing file /home/airflow/.local/lib/python3.8/site-packages/airflow/example_dags/example_sensor_decorator.py for tasks to queue
[2025-04-28T13:20:49.699+0000] {logging_mixin.py:188} INFO - [2025-04-28T13:20:49.699+0000] {dagbag.py:538} INFO - Filling up the DagBag from /home/airflow/.local/lib/python3.8/site-packages/airflow/example_dags/example_sensor_decorator.py
[2025-04-28T13:20:49.712+0000] {processor.py:840} INFO - DAG(s) 'example_sensor_decorator' retrieved from /home/airflow/.local/lib/python3.8/site-packages/airflow/example_dags/example_sensor_decorator.py
[2025-04-28T13:20:49.787+0000] {logging_mixin.py:188} INFO - [2025-04-28T13:20:49.786+0000] {dag.py:3033} INFO - Sync 1 DAGs
[2025-04-28T13:20:49.824+0000] {logging_mixin.py:188} INFO - [2025-04-28T13:20:49.824+0000] {dag.py:3820} INFO - Setting next_dagrun for example_sensor_decorator to None, run_after=None
[2025-04-28T13:20:49.886+0000] {processor.py:183} INFO - Processing /home/airflow/.local/lib/python3.8/site-packages/airflow/example_dags/example_sensor_decorator.py took 0.199 seconds
[2025-04-28T13:21:20.651+0000] {processor.py:161} INFO - Started process (PID=15066) to work on /home/airflow/.local/lib/python3.8/site-packages/airflow/example_dags/example_sensor_decorator.py
[2025-04-28T13:21:20.654+0000] {processor.py:830} INFO - Processing file /home/airflow/.local/lib/python3.8/site-packages/airflow/example_dags/example_sensor_decorator.py for tasks to queue
[2025-04-28T13:21:20.662+0000] {logging_mixin.py:188} INFO - [2025-04-28T13:21:20.660+0000] {dagbag.py:538} INFO - Filling up the DagBag from /home/airflow/.local/lib/python3.8/site-packages/airflow/example_dags/example_sensor_decorator.py
[2025-04-28T13:21:20.696+0000] {processor.py:840} INFO - DAG(s) 'example_sensor_decorator' retrieved from /home/airflow/.local/lib/python3.8/site-packages/airflow/example_dags/example_sensor_decorator.py
[2025-04-28T13:21:20.819+0000] {logging_mixin.py:188} INFO - [2025-04-28T13:21:20.819+0000] {dag.py:3033} INFO - Sync 1 DAGs
[2025-04-28T13:21:20.910+0000] {logging_mixin.py:188} INFO - [2025-04-28T13:21:20.909+0000] {dag.py:3820} INFO - Setting next_dagrun for example_sensor_decorator to None, run_after=None
[2025-04-28T13:21:21.037+0000] {processor.py:183} INFO - Processing /home/airflow/.local/lib/python3.8/site-packages/airflow/example_dags/example_sensor_decorator.py took 0.411 seconds
[2025-04-28T13:21:51.317+0000] {processor.py:161} INFO - Started process (PID=15116) to work on /home/airflow/.local/lib/python3.8/site-packages/airflow/example_dags/example_sensor_decorator.py
[2025-04-28T13:21:51.319+0000] {processor.py:830} INFO - Processing file /home/airflow/.local/lib/python3.8/site-packages/airflow/example_dags/example_sensor_decorator.py for tasks to queue
[2025-04-28T13:21:51.322+0000] {logging_mixin.py:188} INFO - [2025-04-28T13:21:51.321+0000] {dagbag.py:538} INFO - Filling up the DagBag from /home/airflow/.local/lib/python3.8/site-packages/airflow/example_dags/example_sensor_decorator.py
[2025-04-28T13:21:51.339+0000] {processor.py:840} INFO - DAG(s) 'example_sensor_decorator' retrieved from /home/airflow/.local/lib/python3.8/site-packages/airflow/example_dags/example_sensor_decorator.py
[2025-04-28T13:21:51.407+0000] {logging_mixin.py:188} INFO - [2025-04-28T13:21:51.407+0000] {dag.py:3033} INFO - Sync 1 DAGs
[2025-04-28T13:21:51.447+0000] {logging_mixin.py:188} INFO - [2025-04-28T13:21:51.446+0000] {dag.py:3820} INFO - Setting next_dagrun for example_sensor_decorator to None, run_after=None
[2025-04-28T13:21:51.498+0000] {processor.py:183} INFO - Processing /home/airflow/.local/lib/python3.8/site-packages/airflow/example_dags/example_sensor_decorator.py took 0.191 seconds
[2025-04-28T13:22:22.779+0000] {processor.py:161} INFO - Started process (PID=15180) to work on /home/airflow/.local/lib/python3.8/site-packages/airflow/example_dags/example_sensor_decorator.py
[2025-04-28T13:22:22.782+0000] {processor.py:830} INFO - Processing file /home/airflow/.local/lib/python3.8/site-packages/airflow/example_dags/example_sensor_decorator.py for tasks to queue
[2025-04-28T13:22:22.786+0000] {logging_mixin.py:188} INFO - [2025-04-28T13:22:22.784+0000] {dagbag.py:538} INFO - Filling up the DagBag from /home/airflow/.local/lib/python3.8/site-packages/airflow/example_dags/example_sensor_decorator.py
[2025-04-28T13:22:22.803+0000] {processor.py:840} INFO - DAG(s) 'example_sensor_decorator' retrieved from /home/airflow/.local/lib/python3.8/site-packages/airflow/example_dags/example_sensor_decorator.py
[2025-04-28T13:22:22.887+0000] {logging_mixin.py:188} INFO - [2025-04-28T13:22:22.886+0000] {dag.py:3033} INFO - Sync 1 DAGs
[2025-04-28T13:22:22.926+0000] {logging_mixin.py:188} INFO - [2025-04-28T13:22:22.925+0000] {dag.py:3820} INFO - Setting next_dagrun for example_sensor_decorator to None, run_after=None
[2025-04-28T13:22:23.002+0000] {processor.py:183} INFO - Processing /home/airflow/.local/lib/python3.8/site-packages/airflow/example_dags/example_sensor_decorator.py took 0.235 seconds
[2025-04-28T13:22:53.846+0000] {processor.py:161} INFO - Started process (PID=15236) to work on /home/airflow/.local/lib/python3.8/site-packages/airflow/example_dags/example_sensor_decorator.py
[2025-04-28T13:22:53.849+0000] {processor.py:830} INFO - Processing file /home/airflow/.local/lib/python3.8/site-packages/airflow/example_dags/example_sensor_decorator.py for tasks to queue
[2025-04-28T13:22:53.851+0000] {logging_mixin.py:188} INFO - [2025-04-28T13:22:53.851+0000] {dagbag.py:538} INFO - Filling up the DagBag from /home/airflow/.local/lib/python3.8/site-packages/airflow/example_dags/example_sensor_decorator.py
[2025-04-28T13:22:53.879+0000] {processor.py:840} INFO - DAG(s) 'example_sensor_decorator' retrieved from /home/airflow/.local/lib/python3.8/site-packages/airflow/example_dags/example_sensor_decorator.py
[2025-04-28T13:22:53.934+0000] {logging_mixin.py:188} INFO - [2025-04-28T13:22:53.934+0000] {dag.py:3033} INFO - Sync 1 DAGs
[2025-04-28T13:22:53.972+0000] {logging_mixin.py:188} INFO - [2025-04-28T13:22:53.972+0000] {dag.py:3820} INFO - Setting next_dagrun for example_sensor_decorator to None, run_after=None
[2025-04-28T13:22:54.035+0000] {processor.py:183} INFO - Processing /home/airflow/.local/lib/python3.8/site-packages/airflow/example_dags/example_sensor_decorator.py took 0.200 seconds
[2025-04-28T13:23:25.154+0000] {processor.py:161} INFO - Started process (PID=15292) to work on /home/airflow/.local/lib/python3.8/site-packages/airflow/example_dags/example_sensor_decorator.py
[2025-04-28T13:23:25.157+0000] {processor.py:830} INFO - Processing file /home/airflow/.local/lib/python3.8/site-packages/airflow/example_dags/example_sensor_decorator.py for tasks to queue
[2025-04-28T13:23:25.160+0000] {logging_mixin.py:188} INFO - [2025-04-28T13:23:25.159+0000] {dagbag.py:538} INFO - Filling up the DagBag from /home/airflow/.local/lib/python3.8/site-packages/airflow/example_dags/example_sensor_decorator.py
[2025-04-28T13:23:25.189+0000] {processor.py:840} INFO - DAG(s) 'example_sensor_decorator' retrieved from /home/airflow/.local/lib/python3.8/site-packages/airflow/example_dags/example_sensor_decorator.py
[2025-04-28T13:23:25.316+0000] {logging_mixin.py:188} INFO - [2025-04-28T13:23:25.315+0000] {dag.py:3033} INFO - Sync 1 DAGs
[2025-04-28T13:23:25.383+0000] {logging_mixin.py:188} INFO - [2025-04-28T13:23:25.382+0000] {dag.py:3820} INFO - Setting next_dagrun for example_sensor_decorator to None, run_after=None
[2025-04-28T13:23:25.511+0000] {processor.py:183} INFO - Processing /home/airflow/.local/lib/python3.8/site-packages/airflow/example_dags/example_sensor_decorator.py took 0.373 seconds
[2025-04-28T13:23:56.190+0000] {processor.py:161} INFO - Started process (PID=15348) to work on /home/airflow/.local/lib/python3.8/site-packages/airflow/example_dags/example_sensor_decorator.py
[2025-04-28T13:23:56.193+0000] {processor.py:830} INFO - Processing file /home/airflow/.local/lib/python3.8/site-packages/airflow/example_dags/example_sensor_decorator.py for tasks to queue
[2025-04-28T13:23:56.196+0000] {logging_mixin.py:188} INFO - [2025-04-28T13:23:56.195+0000] {dagbag.py:538} INFO - Filling up the DagBag from /home/airflow/.local/lib/python3.8/site-packages/airflow/example_dags/example_sensor_decorator.py
[2025-04-28T13:23:56.216+0000] {processor.py:840} INFO - DAG(s) 'example_sensor_decorator' retrieved from /home/airflow/.local/lib/python3.8/site-packages/airflow/example_dags/example_sensor_decorator.py
[2025-04-28T13:23:56.282+0000] {logging_mixin.py:188} INFO - [2025-04-28T13:23:56.281+0000] {dag.py:3033} INFO - Sync 1 DAGs
[2025-04-28T13:23:56.325+0000] {logging_mixin.py:188} INFO - [2025-04-28T13:23:56.324+0000] {dag.py:3820} INFO - Setting next_dagrun for example_sensor_decorator to None, run_after=None
[2025-04-28T13:23:56.397+0000] {processor.py:183} INFO - Processing /home/airflow/.local/lib/python3.8/site-packages/airflow/example_dags/example_sensor_decorator.py took 0.218 seconds
[2025-04-28T13:24:28.037+0000] {processor.py:161} INFO - Started process (PID=15404) to work on /home/airflow/.local/lib/python3.8/site-packages/airflow/example_dags/example_sensor_decorator.py
[2025-04-28T13:24:28.039+0000] {processor.py:830} INFO - Processing file /home/airflow/.local/lib/python3.8/site-packages/airflow/example_dags/example_sensor_decorator.py for tasks to queue
[2025-04-28T13:24:28.041+0000] {logging_mixin.py:188} INFO - [2025-04-28T13:24:28.041+0000] {dagbag.py:538} INFO - Filling up the DagBag from /home/airflow/.local/lib/python3.8/site-packages/airflow/example_dags/example_sensor_decorator.py
[2025-04-28T13:24:28.062+0000] {processor.py:840} INFO - DAG(s) 'example_sensor_decorator' retrieved from /home/airflow/.local/lib/python3.8/site-packages/airflow/example_dags/example_sensor_decorator.py
[2025-04-28T13:24:28.149+0000] {logging_mixin.py:188} INFO - [2025-04-28T13:24:28.148+0000] {dag.py:3033} INFO - Sync 1 DAGs
[2025-04-28T13:24:28.203+0000] {logging_mixin.py:188} INFO - [2025-04-28T13:24:28.203+0000] {dag.py:3820} INFO - Setting next_dagrun for example_sensor_decorator to None, run_after=None
[2025-04-28T13:24:28.278+0000] {processor.py:183} INFO - Processing /home/airflow/.local/lib/python3.8/site-packages/airflow/example_dags/example_sensor_decorator.py took 0.254 seconds
[2025-04-28T13:24:58.994+0000] {processor.py:161} INFO - Started process (PID=15460) to work on /home/airflow/.local/lib/python3.8/site-packages/airflow/example_dags/example_sensor_decorator.py
[2025-04-28T13:24:58.998+0000] {processor.py:830} INFO - Processing file /home/airflow/.local/lib/python3.8/site-packages/airflow/example_dags/example_sensor_decorator.py for tasks to queue
[2025-04-28T13:24:59.014+0000] {logging_mixin.py:188} INFO - [2025-04-28T13:24:59.013+0000] {dagbag.py:538} INFO - Filling up the DagBag from /home/airflow/.local/lib/python3.8/site-packages/airflow/example_dags/example_sensor_decorator.py
[2025-04-28T13:24:59.035+0000] {processor.py:840} INFO - DAG(s) 'example_sensor_decorator' retrieved from /home/airflow/.local/lib/python3.8/site-packages/airflow/example_dags/example_sensor_decorator.py
[2025-04-28T13:24:59.181+0000] {logging_mixin.py:188} INFO - [2025-04-28T13:24:59.167+0000] {dag.py:3033} INFO - Sync 1 DAGs
[2025-04-28T13:24:59.307+0000] {logging_mixin.py:188} INFO - [2025-04-28T13:24:59.307+0000] {dag.py:3820} INFO - Setting next_dagrun for example_sensor_decorator to None, run_after=None
[2025-04-28T13:24:59.444+0000] {processor.py:183} INFO - Processing /home/airflow/.local/lib/python3.8/site-packages/airflow/example_dags/example_sensor_decorator.py took 0.471 seconds
[2025-04-28T13:25:29.695+0000] {processor.py:161} INFO - Started process (PID=15516) to work on /home/airflow/.local/lib/python3.8/site-packages/airflow/example_dags/example_sensor_decorator.py
[2025-04-28T13:25:29.697+0000] {processor.py:830} INFO - Processing file /home/airflow/.local/lib/python3.8/site-packages/airflow/example_dags/example_sensor_decorator.py for tasks to queue
[2025-04-28T13:25:29.700+0000] {logging_mixin.py:188} INFO - [2025-04-28T13:25:29.699+0000] {dagbag.py:538} INFO - Filling up the DagBag from /home/airflow/.local/lib/python3.8/site-packages/airflow/example_dags/example_sensor_decorator.py
[2025-04-28T13:25:29.717+0000] {processor.py:840} INFO - DAG(s) 'example_sensor_decorator' retrieved from /home/airflow/.local/lib/python3.8/site-packages/airflow/example_dags/example_sensor_decorator.py
[2025-04-28T13:25:29.776+0000] {logging_mixin.py:188} INFO - [2025-04-28T13:25:29.775+0000] {dag.py:3033} INFO - Sync 1 DAGs
[2025-04-28T13:25:29.805+0000] {logging_mixin.py:188} INFO - [2025-04-28T13:25:29.805+0000] {dag.py:3820} INFO - Setting next_dagrun for example_sensor_decorator to None, run_after=None
[2025-04-28T13:25:29.849+0000] {processor.py:183} INFO - Processing /home/airflow/.local/lib/python3.8/site-packages/airflow/example_dags/example_sensor_decorator.py took 0.164 seconds
[2025-04-28T13:26:01.717+0000] {processor.py:161} INFO - Started process (PID=15572) to work on /home/airflow/.local/lib/python3.8/site-packages/airflow/example_dags/example_sensor_decorator.py
[2025-04-28T13:26:01.722+0000] {processor.py:830} INFO - Processing file /home/airflow/.local/lib/python3.8/site-packages/airflow/example_dags/example_sensor_decorator.py for tasks to queue
[2025-04-28T13:26:01.725+0000] {logging_mixin.py:188} INFO - [2025-04-28T13:26:01.723+0000] {dagbag.py:538} INFO - Filling up the DagBag from /home/airflow/.local/lib/python3.8/site-packages/airflow/example_dags/example_sensor_decorator.py
[2025-04-28T13:26:01.763+0000] {processor.py:840} INFO - DAG(s) 'example_sensor_decorator' retrieved from /home/airflow/.local/lib/python3.8/site-packages/airflow/example_dags/example_sensor_decorator.py
[2025-04-28T13:26:01.898+0000] {logging_mixin.py:188} INFO - [2025-04-28T13:26:01.897+0000] {dag.py:3033} INFO - Sync 1 DAGs
[2025-04-28T13:26:02.003+0000] {logging_mixin.py:188} INFO - [2025-04-28T13:26:01.992+0000] {dag.py:3820} INFO - Setting next_dagrun for example_sensor_decorator to None, run_after=None
[2025-04-28T13:26:02.101+0000] {processor.py:183} INFO - Processing /home/airflow/.local/lib/python3.8/site-packages/airflow/example_dags/example_sensor_decorator.py took 0.414 seconds
[2025-04-28T13:26:32.480+0000] {processor.py:161} INFO - Started process (PID=15629) to work on /home/airflow/.local/lib/python3.8/site-packages/airflow/example_dags/example_sensor_decorator.py
[2025-04-28T13:26:32.482+0000] {processor.py:830} INFO - Processing file /home/airflow/.local/lib/python3.8/site-packages/airflow/example_dags/example_sensor_decorator.py for tasks to queue
[2025-04-28T13:26:32.485+0000] {logging_mixin.py:188} INFO - [2025-04-28T13:26:32.484+0000] {dagbag.py:538} INFO - Filling up the DagBag from /home/airflow/.local/lib/python3.8/site-packages/airflow/example_dags/example_sensor_decorator.py
[2025-04-28T13:26:32.498+0000] {processor.py:840} INFO - DAG(s) 'example_sensor_decorator' retrieved from /home/airflow/.local/lib/python3.8/site-packages/airflow/example_dags/example_sensor_decorator.py
[2025-04-28T13:26:32.558+0000] {logging_mixin.py:188} INFO - [2025-04-28T13:26:32.558+0000] {dag.py:3033} INFO - Sync 1 DAGs
[2025-04-28T13:26:32.588+0000] {logging_mixin.py:188} INFO - [2025-04-28T13:26:32.587+0000] {dag.py:3820} INFO - Setting next_dagrun for example_sensor_decorator to None, run_after=None
[2025-04-28T13:26:32.644+0000] {processor.py:183} INFO - Processing /home/airflow/.local/lib/python3.8/site-packages/airflow/example_dags/example_sensor_decorator.py took 0.173 seconds
[2025-04-28T13:27:03.128+0000] {processor.py:161} INFO - Started process (PID=15686) to work on /home/airflow/.local/lib/python3.8/site-packages/airflow/example_dags/example_sensor_decorator.py
[2025-04-28T13:27:03.131+0000] {processor.py:830} INFO - Processing file /home/airflow/.local/lib/python3.8/site-packages/airflow/example_dags/example_sensor_decorator.py for tasks to queue
[2025-04-28T13:27:03.133+0000] {logging_mixin.py:188} INFO - [2025-04-28T13:27:03.133+0000] {dagbag.py:538} INFO - Filling up the DagBag from /home/airflow/.local/lib/python3.8/site-packages/airflow/example_dags/example_sensor_decorator.py
[2025-04-28T13:27:03.154+0000] {processor.py:840} INFO - DAG(s) 'example_sensor_decorator' retrieved from /home/airflow/.local/lib/python3.8/site-packages/airflow/example_dags/example_sensor_decorator.py
[2025-04-28T13:27:03.224+0000] {logging_mixin.py:188} INFO - [2025-04-28T13:27:03.223+0000] {dag.py:3033} INFO - Sync 1 DAGs
[2025-04-28T13:27:03.254+0000] {logging_mixin.py:188} INFO - [2025-04-28T13:27:03.254+0000] {dag.py:3820} INFO - Setting next_dagrun for example_sensor_decorator to None, run_after=None
[2025-04-28T13:27:03.301+0000] {processor.py:183} INFO - Processing /home/airflow/.local/lib/python3.8/site-packages/airflow/example_dags/example_sensor_decorator.py took 0.185 seconds
[2025-04-28T13:27:35.515+0000] {processor.py:161} INFO - Started process (PID=15742) to work on /home/airflow/.local/lib/python3.8/site-packages/airflow/example_dags/example_sensor_decorator.py
[2025-04-28T13:27:35.531+0000] {processor.py:830} INFO - Processing file /home/airflow/.local/lib/python3.8/site-packages/airflow/example_dags/example_sensor_decorator.py for tasks to queue
[2025-04-28T13:27:35.552+0000] {logging_mixin.py:188} INFO - [2025-04-28T13:27:35.552+0000] {dagbag.py:538} INFO - Filling up the DagBag from /home/airflow/.local/lib/python3.8/site-packages/airflow/example_dags/example_sensor_decorator.py
[2025-04-28T13:27:35.587+0000] {processor.py:840} INFO - DAG(s) 'example_sensor_decorator' retrieved from /home/airflow/.local/lib/python3.8/site-packages/airflow/example_dags/example_sensor_decorator.py
[2025-04-28T13:27:35.708+0000] {logging_mixin.py:188} INFO - [2025-04-28T13:27:35.708+0000] {dag.py:3033} INFO - Sync 1 DAGs
[2025-04-28T13:27:35.808+0000] {logging_mixin.py:188} INFO - [2025-04-28T13:27:35.808+0000] {dag.py:3820} INFO - Setting next_dagrun for example_sensor_decorator to None, run_after=None
[2025-04-28T13:27:35.909+0000] {processor.py:183} INFO - Processing /home/airflow/.local/lib/python3.8/site-packages/airflow/example_dags/example_sensor_decorator.py took 0.399 seconds
[2025-04-28T13:28:06.141+0000] {processor.py:161} INFO - Started process (PID=15798) to work on /home/airflow/.local/lib/python3.8/site-packages/airflow/example_dags/example_sensor_decorator.py
[2025-04-28T13:28:06.143+0000] {processor.py:830} INFO - Processing file /home/airflow/.local/lib/python3.8/site-packages/airflow/example_dags/example_sensor_decorator.py for tasks to queue
[2025-04-28T13:28:06.144+0000] {logging_mixin.py:188} INFO - [2025-04-28T13:28:06.144+0000] {dagbag.py:538} INFO - Filling up the DagBag from /home/airflow/.local/lib/python3.8/site-packages/airflow/example_dags/example_sensor_decorator.py
[2025-04-28T13:28:06.153+0000] {processor.py:840} INFO - DAG(s) 'example_sensor_decorator' retrieved from /home/airflow/.local/lib/python3.8/site-packages/airflow/example_dags/example_sensor_decorator.py
[2025-04-28T13:28:06.182+0000] {logging_mixin.py:188} INFO - [2025-04-28T13:28:06.181+0000] {dag.py:3033} INFO - Sync 1 DAGs
[2025-04-28T13:28:06.199+0000] {logging_mixin.py:188} INFO - [2025-04-28T13:28:06.198+0000] {dag.py:3820} INFO - Setting next_dagrun for example_sensor_decorator to None, run_after=None
[2025-04-28T13:28:06.230+0000] {processor.py:183} INFO - Processing /home/airflow/.local/lib/python3.8/site-packages/airflow/example_dags/example_sensor_decorator.py took 0.093 seconds
[2025-04-28T13:28:36.848+0000] {processor.py:161} INFO - Started process (PID=15855) to work on /home/airflow/.local/lib/python3.8/site-packages/airflow/example_dags/example_sensor_decorator.py
[2025-04-28T13:28:36.850+0000] {processor.py:830} INFO - Processing file /home/airflow/.local/lib/python3.8/site-packages/airflow/example_dags/example_sensor_decorator.py for tasks to queue
[2025-04-28T13:28:36.851+0000] {logging_mixin.py:188} INFO - [2025-04-28T13:28:36.851+0000] {dagbag.py:538} INFO - Filling up the DagBag from /home/airflow/.local/lib/python3.8/site-packages/airflow/example_dags/example_sensor_decorator.py
[2025-04-28T13:28:36.860+0000] {processor.py:840} INFO - DAG(s) 'example_sensor_decorator' retrieved from /home/airflow/.local/lib/python3.8/site-packages/airflow/example_dags/example_sensor_decorator.py
[2025-04-28T13:28:36.890+0000] {logging_mixin.py:188} INFO - [2025-04-28T13:28:36.890+0000] {dag.py:3033} INFO - Sync 1 DAGs
[2025-04-28T13:28:36.909+0000] {logging_mixin.py:188} INFO - [2025-04-28T13:28:36.909+0000] {dag.py:3820} INFO - Setting next_dagrun for example_sensor_decorator to None, run_after=None
[2025-04-28T13:28:36.946+0000] {processor.py:183} INFO - Processing /home/airflow/.local/lib/python3.8/site-packages/airflow/example_dags/example_sensor_decorator.py took 0.103 seconds
[2025-04-28T13:29:07.201+0000] {processor.py:161} INFO - Started process (PID=15910) to work on /home/airflow/.local/lib/python3.8/site-packages/airflow/example_dags/example_sensor_decorator.py
[2025-04-28T13:29:07.203+0000] {processor.py:830} INFO - Processing file /home/airflow/.local/lib/python3.8/site-packages/airflow/example_dags/example_sensor_decorator.py for tasks to queue
[2025-04-28T13:29:07.205+0000] {logging_mixin.py:188} INFO - [2025-04-28T13:29:07.205+0000] {dagbag.py:538} INFO - Filling up the DagBag from /home/airflow/.local/lib/python3.8/site-packages/airflow/example_dags/example_sensor_decorator.py
[2025-04-28T13:29:07.217+0000] {processor.py:840} INFO - DAG(s) 'example_sensor_decorator' retrieved from /home/airflow/.local/lib/python3.8/site-packages/airflow/example_dags/example_sensor_decorator.py
[2025-04-28T13:29:07.258+0000] {logging_mixin.py:188} INFO - [2025-04-28T13:29:07.258+0000] {dag.py:3033} INFO - Sync 1 DAGs
[2025-04-28T13:29:07.291+0000] {logging_mixin.py:188} INFO - [2025-04-28T13:29:07.291+0000] {dag.py:3820} INFO - Setting next_dagrun for example_sensor_decorator to None, run_after=None
[2025-04-28T13:29:07.333+0000] {processor.py:183} INFO - Processing /home/airflow/.local/lib/python3.8/site-packages/airflow/example_dags/example_sensor_decorator.py took 0.137 seconds
[2025-04-28T13:29:37.821+0000] {processor.py:161} INFO - Started process (PID=15966) to work on /home/airflow/.local/lib/python3.8/site-packages/airflow/example_dags/example_sensor_decorator.py
[2025-04-28T13:29:37.822+0000] {processor.py:830} INFO - Processing file /home/airflow/.local/lib/python3.8/site-packages/airflow/example_dags/example_sensor_decorator.py for tasks to queue
[2025-04-28T13:29:37.824+0000] {logging_mixin.py:188} INFO - [2025-04-28T13:29:37.824+0000] {dagbag.py:538} INFO - Filling up the DagBag from /home/airflow/.local/lib/python3.8/site-packages/airflow/example_dags/example_sensor_decorator.py
[2025-04-28T13:29:37.833+0000] {processor.py:840} INFO - DAG(s) 'example_sensor_decorator' retrieved from /home/airflow/.local/lib/python3.8/site-packages/airflow/example_dags/example_sensor_decorator.py
[2025-04-28T13:29:37.872+0000] {logging_mixin.py:188} INFO - [2025-04-28T13:29:37.872+0000] {dag.py:3033} INFO - Sync 1 DAGs
[2025-04-28T13:29:37.893+0000] {logging_mixin.py:188} INFO - [2025-04-28T13:29:37.892+0000] {dag.py:3820} INFO - Setting next_dagrun for example_sensor_decorator to None, run_after=None
[2025-04-28T13:29:37.927+0000] {processor.py:183} INFO - Processing /home/airflow/.local/lib/python3.8/site-packages/airflow/example_dags/example_sensor_decorator.py took 0.110 seconds
[2025-04-28T13:30:08.078+0000] {processor.py:161} INFO - Started process (PID=16023) to work on /home/airflow/.local/lib/python3.8/site-packages/airflow/example_dags/example_sensor_decorator.py
[2025-04-28T13:30:08.079+0000] {processor.py:830} INFO - Processing file /home/airflow/.local/lib/python3.8/site-packages/airflow/example_dags/example_sensor_decorator.py for tasks to queue
[2025-04-28T13:30:08.081+0000] {logging_mixin.py:188} INFO - [2025-04-28T13:30:08.081+0000] {dagbag.py:538} INFO - Filling up the DagBag from /home/airflow/.local/lib/python3.8/site-packages/airflow/example_dags/example_sensor_decorator.py
[2025-04-28T13:30:08.093+0000] {processor.py:840} INFO - DAG(s) 'example_sensor_decorator' retrieved from /home/airflow/.local/lib/python3.8/site-packages/airflow/example_dags/example_sensor_decorator.py
[2025-04-28T13:30:08.131+0000] {logging_mixin.py:188} INFO - [2025-04-28T13:30:08.130+0000] {dag.py:3033} INFO - Sync 1 DAGs
[2025-04-28T13:30:08.151+0000] {logging_mixin.py:188} INFO - [2025-04-28T13:30:08.151+0000] {dag.py:3820} INFO - Setting next_dagrun for example_sensor_decorator to None, run_after=None
[2025-04-28T13:30:08.183+0000] {processor.py:183} INFO - Processing /home/airflow/.local/lib/python3.8/site-packages/airflow/example_dags/example_sensor_decorator.py took 0.110 seconds
[2025-04-28T13:30:38.624+0000] {processor.py:161} INFO - Started process (PID=16079) to work on /home/airflow/.local/lib/python3.8/site-packages/airflow/example_dags/example_sensor_decorator.py
[2025-04-28T13:30:38.626+0000] {processor.py:830} INFO - Processing file /home/airflow/.local/lib/python3.8/site-packages/airflow/example_dags/example_sensor_decorator.py for tasks to queue
[2025-04-28T13:30:38.627+0000] {logging_mixin.py:188} INFO - [2025-04-28T13:30:38.627+0000] {dagbag.py:538} INFO - Filling up the DagBag from /home/airflow/.local/lib/python3.8/site-packages/airflow/example_dags/example_sensor_decorator.py
[2025-04-28T13:30:38.635+0000] {processor.py:840} INFO - DAG(s) 'example_sensor_decorator' retrieved from /home/airflow/.local/lib/python3.8/site-packages/airflow/example_dags/example_sensor_decorator.py
[2025-04-28T13:30:38.667+0000] {logging_mixin.py:188} INFO - [2025-04-28T13:30:38.666+0000] {dag.py:3033} INFO - Sync 1 DAGs
[2025-04-28T13:30:38.690+0000] {logging_mixin.py:188} INFO - [2025-04-28T13:30:38.690+0000] {dag.py:3820} INFO - Setting next_dagrun for example_sensor_decorator to None, run_after=None
[2025-04-28T13:30:38.734+0000] {processor.py:183} INFO - Processing /home/airflow/.local/lib/python3.8/site-packages/airflow/example_dags/example_sensor_decorator.py took 0.114 seconds
[2025-04-28T13:31:08.917+0000] {processor.py:161} INFO - Started process (PID=16135) to work on /home/airflow/.local/lib/python3.8/site-packages/airflow/example_dags/example_sensor_decorator.py
[2025-04-28T13:31:08.918+0000] {processor.py:830} INFO - Processing file /home/airflow/.local/lib/python3.8/site-packages/airflow/example_dags/example_sensor_decorator.py for tasks to queue
[2025-04-28T13:31:08.920+0000] {logging_mixin.py:188} INFO - [2025-04-28T13:31:08.920+0000] {dagbag.py:538} INFO - Filling up the DagBag from /home/airflow/.local/lib/python3.8/site-packages/airflow/example_dags/example_sensor_decorator.py
[2025-04-28T13:31:08.931+0000] {processor.py:840} INFO - DAG(s) 'example_sensor_decorator' retrieved from /home/airflow/.local/lib/python3.8/site-packages/airflow/example_dags/example_sensor_decorator.py
[2025-04-28T13:31:08.964+0000] {logging_mixin.py:188} INFO - [2025-04-28T13:31:08.964+0000] {dag.py:3033} INFO - Sync 1 DAGs
[2025-04-28T13:31:08.983+0000] {logging_mixin.py:188} INFO - [2025-04-28T13:31:08.983+0000] {dag.py:3820} INFO - Setting next_dagrun for example_sensor_decorator to None, run_after=None
[2025-04-28T13:31:09.015+0000] {processor.py:183} INFO - Processing /home/airflow/.local/lib/python3.8/site-packages/airflow/example_dags/example_sensor_decorator.py took 0.105 seconds
[2025-04-28T13:31:39.397+0000] {processor.py:161} INFO - Started process (PID=16191) to work on /home/airflow/.local/lib/python3.8/site-packages/airflow/example_dags/example_sensor_decorator.py
[2025-04-28T13:31:39.399+0000] {processor.py:830} INFO - Processing file /home/airflow/.local/lib/python3.8/site-packages/airflow/example_dags/example_sensor_decorator.py for tasks to queue
[2025-04-28T13:31:39.400+0000] {logging_mixin.py:188} INFO - [2025-04-28T13:31:39.400+0000] {dagbag.py:538} INFO - Filling up the DagBag from /home/airflow/.local/lib/python3.8/site-packages/airflow/example_dags/example_sensor_decorator.py
[2025-04-28T13:31:39.411+0000] {processor.py:840} INFO - DAG(s) 'example_sensor_decorator' retrieved from /home/airflow/.local/lib/python3.8/site-packages/airflow/example_dags/example_sensor_decorator.py
[2025-04-28T13:31:39.448+0000] {logging_mixin.py:188} INFO - [2025-04-28T13:31:39.448+0000] {dag.py:3033} INFO - Sync 1 DAGs
[2025-04-28T13:31:39.472+0000] {logging_mixin.py:188} INFO - [2025-04-28T13:31:39.471+0000] {dag.py:3820} INFO - Setting next_dagrun for example_sensor_decorator to None, run_after=None
[2025-04-28T13:31:39.503+0000] {processor.py:183} INFO - Processing /home/airflow/.local/lib/python3.8/site-packages/airflow/example_dags/example_sensor_decorator.py took 0.113 seconds
[2025-04-28T13:32:09.676+0000] {processor.py:161} INFO - Started process (PID=16247) to work on /home/airflow/.local/lib/python3.8/site-packages/airflow/example_dags/example_sensor_decorator.py
[2025-04-28T13:32:09.678+0000] {processor.py:830} INFO - Processing file /home/airflow/.local/lib/python3.8/site-packages/airflow/example_dags/example_sensor_decorator.py for tasks to queue
[2025-04-28T13:32:09.680+0000] {logging_mixin.py:188} INFO - [2025-04-28T13:32:09.679+0000] {dagbag.py:538} INFO - Filling up the DagBag from /home/airflow/.local/lib/python3.8/site-packages/airflow/example_dags/example_sensor_decorator.py
[2025-04-28T13:32:09.689+0000] {processor.py:840} INFO - DAG(s) 'example_sensor_decorator' retrieved from /home/airflow/.local/lib/python3.8/site-packages/airflow/example_dags/example_sensor_decorator.py
[2025-04-28T13:32:09.731+0000] {logging_mixin.py:188} INFO - [2025-04-28T13:32:09.731+0000] {dag.py:3033} INFO - Sync 1 DAGs
[2025-04-28T13:32:09.756+0000] {logging_mixin.py:188} INFO - [2025-04-28T13:32:09.756+0000] {dag.py:3820} INFO - Setting next_dagrun for example_sensor_decorator to None, run_after=None
[2025-04-28T13:32:09.795+0000] {processor.py:183} INFO - Processing /home/airflow/.local/lib/python3.8/site-packages/airflow/example_dags/example_sensor_decorator.py took 0.126 seconds
[2025-04-28T13:32:39.981+0000] {processor.py:161} INFO - Started process (PID=16303) to work on /home/airflow/.local/lib/python3.8/site-packages/airflow/example_dags/example_sensor_decorator.py
[2025-04-28T13:32:39.982+0000] {processor.py:830} INFO - Processing file /home/airflow/.local/lib/python3.8/site-packages/airflow/example_dags/example_sensor_decorator.py for tasks to queue
[2025-04-28T13:32:39.984+0000] {logging_mixin.py:188} INFO - [2025-04-28T13:32:39.984+0000] {dagbag.py:538} INFO - Filling up the DagBag from /home/airflow/.local/lib/python3.8/site-packages/airflow/example_dags/example_sensor_decorator.py
[2025-04-28T13:32:39.993+0000] {processor.py:840} INFO - DAG(s) 'example_sensor_decorator' retrieved from /home/airflow/.local/lib/python3.8/site-packages/airflow/example_dags/example_sensor_decorator.py
[2025-04-28T13:32:40.027+0000] {logging_mixin.py:188} INFO - [2025-04-28T13:32:40.026+0000] {dag.py:3033} INFO - Sync 1 DAGs
[2025-04-28T13:32:40.045+0000] {logging_mixin.py:188} INFO - [2025-04-28T13:32:40.045+0000] {dag.py:3820} INFO - Setting next_dagrun for example_sensor_decorator to None, run_after=None
[2025-04-28T13:32:40.087+0000] {processor.py:183} INFO - Processing /home/airflow/.local/lib/python3.8/site-packages/airflow/example_dags/example_sensor_decorator.py took 0.110 seconds
[2025-04-28T13:33:10.905+0000] {processor.py:161} INFO - Started process (PID=16360) to work on /home/airflow/.local/lib/python3.8/site-packages/airflow/example_dags/example_sensor_decorator.py
[2025-04-28T13:33:10.906+0000] {processor.py:830} INFO - Processing file /home/airflow/.local/lib/python3.8/site-packages/airflow/example_dags/example_sensor_decorator.py for tasks to queue
[2025-04-28T13:33:10.908+0000] {logging_mixin.py:188} INFO - [2025-04-28T13:33:10.908+0000] {dagbag.py:538} INFO - Filling up the DagBag from /home/airflow/.local/lib/python3.8/site-packages/airflow/example_dags/example_sensor_decorator.py
[2025-04-28T13:33:10.919+0000] {processor.py:840} INFO - DAG(s) 'example_sensor_decorator' retrieved from /home/airflow/.local/lib/python3.8/site-packages/airflow/example_dags/example_sensor_decorator.py
[2025-04-28T13:33:10.958+0000] {logging_mixin.py:188} INFO - [2025-04-28T13:33:10.958+0000] {dag.py:3033} INFO - Sync 1 DAGs
[2025-04-28T13:33:10.982+0000] {logging_mixin.py:188} INFO - [2025-04-28T13:33:10.981+0000] {dag.py:3820} INFO - Setting next_dagrun for example_sensor_decorator to None, run_after=None
[2025-04-28T13:33:11.017+0000] {processor.py:183} INFO - Processing /home/airflow/.local/lib/python3.8/site-packages/airflow/example_dags/example_sensor_decorator.py took 0.119 seconds
[2025-04-28T13:33:41.575+0000] {processor.py:161} INFO - Started process (PID=16417) to work on /home/airflow/.local/lib/python3.8/site-packages/airflow/example_dags/example_sensor_decorator.py
[2025-04-28T13:33:41.616+0000] {processor.py:830} INFO - Processing file /home/airflow/.local/lib/python3.8/site-packages/airflow/example_dags/example_sensor_decorator.py for tasks to queue
[2025-04-28T13:33:41.661+0000] {logging_mixin.py:188} INFO - [2025-04-28T13:33:41.661+0000] {dagbag.py:538} INFO - Filling up the DagBag from /home/airflow/.local/lib/python3.8/site-packages/airflow/example_dags/example_sensor_decorator.py
[2025-04-28T13:33:41.712+0000] {processor.py:840} INFO - DAG(s) 'example_sensor_decorator' retrieved from /home/airflow/.local/lib/python3.8/site-packages/airflow/example_dags/example_sensor_decorator.py
[2025-04-28T13:33:41.899+0000] {logging_mixin.py:188} INFO - [2025-04-28T13:33:41.898+0000] {dag.py:3033} INFO - Sync 1 DAGs
[2025-04-28T13:33:41.987+0000] {logging_mixin.py:188} INFO - [2025-04-28T13:33:41.987+0000] {dag.py:3820} INFO - Setting next_dagrun for example_sensor_decorator to None, run_after=None
[2025-04-28T13:33:42.124+0000] {processor.py:183} INFO - Processing /home/airflow/.local/lib/python3.8/site-packages/airflow/example_dags/example_sensor_decorator.py took 0.555 seconds
[2025-04-28T13:34:13.192+0000] {processor.py:161} INFO - Started process (PID=16473) to work on /home/airflow/.local/lib/python3.8/site-packages/airflow/example_dags/example_sensor_decorator.py
[2025-04-28T13:34:13.193+0000] {processor.py:830} INFO - Processing file /home/airflow/.local/lib/python3.8/site-packages/airflow/example_dags/example_sensor_decorator.py for tasks to queue
[2025-04-28T13:34:13.196+0000] {logging_mixin.py:188} INFO - [2025-04-28T13:34:13.195+0000] {dagbag.py:538} INFO - Filling up the DagBag from /home/airflow/.local/lib/python3.8/site-packages/airflow/example_dags/example_sensor_decorator.py
[2025-04-28T13:34:13.208+0000] {processor.py:840} INFO - DAG(s) 'example_sensor_decorator' retrieved from /home/airflow/.local/lib/python3.8/site-packages/airflow/example_dags/example_sensor_decorator.py
[2025-04-28T13:34:13.248+0000] {logging_mixin.py:188} INFO - [2025-04-28T13:34:13.248+0000] {dag.py:3033} INFO - Sync 1 DAGs
[2025-04-28T13:34:13.273+0000] {logging_mixin.py:188} INFO - [2025-04-28T13:34:13.273+0000] {dag.py:3820} INFO - Setting next_dagrun for example_sensor_decorator to None, run_after=None
[2025-04-28T13:34:13.307+0000] {processor.py:183} INFO - Processing /home/airflow/.local/lib/python3.8/site-packages/airflow/example_dags/example_sensor_decorator.py took 0.120 seconds
[2025-04-28T13:34:43.892+0000] {processor.py:161} INFO - Started process (PID=16529) to work on /home/airflow/.local/lib/python3.8/site-packages/airflow/example_dags/example_sensor_decorator.py
[2025-04-28T13:34:43.894+0000] {processor.py:830} INFO - Processing file /home/airflow/.local/lib/python3.8/site-packages/airflow/example_dags/example_sensor_decorator.py for tasks to queue
[2025-04-28T13:34:43.898+0000] {logging_mixin.py:188} INFO - [2025-04-28T13:34:43.896+0000] {dagbag.py:538} INFO - Filling up the DagBag from /home/airflow/.local/lib/python3.8/site-packages/airflow/example_dags/example_sensor_decorator.py
[2025-04-28T13:34:43.913+0000] {processor.py:840} INFO - DAG(s) 'example_sensor_decorator' retrieved from /home/airflow/.local/lib/python3.8/site-packages/airflow/example_dags/example_sensor_decorator.py
[2025-04-28T13:34:43.960+0000] {logging_mixin.py:188} INFO - [2025-04-28T13:34:43.959+0000] {dag.py:3033} INFO - Sync 1 DAGs
[2025-04-28T13:34:43.993+0000] {logging_mixin.py:188} INFO - [2025-04-28T13:34:43.993+0000] {dag.py:3820} INFO - Setting next_dagrun for example_sensor_decorator to None, run_after=None
[2025-04-28T13:34:44.041+0000] {processor.py:183} INFO - Processing /home/airflow/.local/lib/python3.8/site-packages/airflow/example_dags/example_sensor_decorator.py took 0.156 seconds
[2025-04-28T13:35:14.301+0000] {processor.py:161} INFO - Started process (PID=16585) to work on /home/airflow/.local/lib/python3.8/site-packages/airflow/example_dags/example_sensor_decorator.py
[2025-04-28T13:35:14.303+0000] {processor.py:830} INFO - Processing file /home/airflow/.local/lib/python3.8/site-packages/airflow/example_dags/example_sensor_decorator.py for tasks to queue
[2025-04-28T13:35:14.304+0000] {logging_mixin.py:188} INFO - [2025-04-28T13:35:14.304+0000] {dagbag.py:538} INFO - Filling up the DagBag from /home/airflow/.local/lib/python3.8/site-packages/airflow/example_dags/example_sensor_decorator.py
[2025-04-28T13:35:14.317+0000] {processor.py:840} INFO - DAG(s) 'example_sensor_decorator' retrieved from /home/airflow/.local/lib/python3.8/site-packages/airflow/example_dags/example_sensor_decorator.py
[2025-04-28T13:35:14.361+0000] {logging_mixin.py:188} INFO - [2025-04-28T13:35:14.361+0000] {dag.py:3033} INFO - Sync 1 DAGs
[2025-04-28T13:35:14.393+0000] {logging_mixin.py:188} INFO - [2025-04-28T13:35:14.392+0000] {dag.py:3820} INFO - Setting next_dagrun for example_sensor_decorator to None, run_after=None
[2025-04-28T13:35:14.431+0000] {processor.py:183} INFO - Processing /home/airflow/.local/lib/python3.8/site-packages/airflow/example_dags/example_sensor_decorator.py took 0.137 seconds
[2025-04-28T13:35:44.755+0000] {processor.py:161} INFO - Started process (PID=16641) to work on /home/airflow/.local/lib/python3.8/site-packages/airflow/example_dags/example_sensor_decorator.py
[2025-04-28T13:35:44.756+0000] {processor.py:830} INFO - Processing file /home/airflow/.local/lib/python3.8/site-packages/airflow/example_dags/example_sensor_decorator.py for tasks to queue
[2025-04-28T13:35:44.759+0000] {logging_mixin.py:188} INFO - [2025-04-28T13:35:44.758+0000] {dagbag.py:538} INFO - Filling up the DagBag from /home/airflow/.local/lib/python3.8/site-packages/airflow/example_dags/example_sensor_decorator.py
[2025-04-28T13:35:44.781+0000] {processor.py:840} INFO - DAG(s) 'example_sensor_decorator' retrieved from /home/airflow/.local/lib/python3.8/site-packages/airflow/example_dags/example_sensor_decorator.py
[2025-04-28T13:35:44.844+0000] {logging_mixin.py:188} INFO - [2025-04-28T13:35:44.844+0000] {dag.py:3033} INFO - Sync 1 DAGs
[2025-04-28T13:35:44.908+0000] {logging_mixin.py:188} INFO - [2025-04-28T13:35:44.908+0000] {dag.py:3820} INFO - Setting next_dagrun for example_sensor_decorator to None, run_after=None
[2025-04-28T13:35:44.977+0000] {processor.py:183} INFO - Processing /home/airflow/.local/lib/python3.8/site-packages/airflow/example_dags/example_sensor_decorator.py took 0.235 seconds
[2025-04-28T13:36:15.052+0000] {processor.py:161} INFO - Started process (PID=16697) to work on /home/airflow/.local/lib/python3.8/site-packages/airflow/example_dags/example_sensor_decorator.py
[2025-04-28T13:36:15.053+0000] {processor.py:830} INFO - Processing file /home/airflow/.local/lib/python3.8/site-packages/airflow/example_dags/example_sensor_decorator.py for tasks to queue
[2025-04-28T13:36:15.055+0000] {logging_mixin.py:188} INFO - [2025-04-28T13:36:15.055+0000] {dagbag.py:538} INFO - Filling up the DagBag from /home/airflow/.local/lib/python3.8/site-packages/airflow/example_dags/example_sensor_decorator.py
[2025-04-28T13:36:15.062+0000] {processor.py:840} INFO - DAG(s) 'example_sensor_decorator' retrieved from /home/airflow/.local/lib/python3.8/site-packages/airflow/example_dags/example_sensor_decorator.py
[2025-04-28T13:36:15.088+0000] {logging_mixin.py:188} INFO - [2025-04-28T13:36:15.087+0000] {dag.py:3033} INFO - Sync 1 DAGs
[2025-04-28T13:36:15.103+0000] {logging_mixin.py:188} INFO - [2025-04-28T13:36:15.102+0000] {dag.py:3820} INFO - Setting next_dagrun for example_sensor_decorator to None, run_after=None
[2025-04-28T13:36:15.130+0000] {processor.py:183} INFO - Processing /home/airflow/.local/lib/python3.8/site-packages/airflow/example_dags/example_sensor_decorator.py took 0.082 seconds
[2025-04-28T13:36:45.234+0000] {processor.py:161} INFO - Started process (PID=16753) to work on /home/airflow/.local/lib/python3.8/site-packages/airflow/example_dags/example_sensor_decorator.py
[2025-04-28T13:36:45.235+0000] {processor.py:830} INFO - Processing file /home/airflow/.local/lib/python3.8/site-packages/airflow/example_dags/example_sensor_decorator.py for tasks to queue
[2025-04-28T13:36:45.237+0000] {logging_mixin.py:188} INFO - [2025-04-28T13:36:45.236+0000] {dagbag.py:538} INFO - Filling up the DagBag from /home/airflow/.local/lib/python3.8/site-packages/airflow/example_dags/example_sensor_decorator.py
[2025-04-28T13:36:45.244+0000] {processor.py:840} INFO - DAG(s) 'example_sensor_decorator' retrieved from /home/airflow/.local/lib/python3.8/site-packages/airflow/example_dags/example_sensor_decorator.py
[2025-04-28T13:36:45.272+0000] {logging_mixin.py:188} INFO - [2025-04-28T13:36:45.272+0000] {dag.py:3033} INFO - Sync 1 DAGs
[2025-04-28T13:36:45.288+0000] {logging_mixin.py:188} INFO - [2025-04-28T13:36:45.288+0000] {dag.py:3820} INFO - Setting next_dagrun for example_sensor_decorator to None, run_after=None
[2025-04-28T13:36:45.316+0000] {processor.py:183} INFO - Processing /home/airflow/.local/lib/python3.8/site-packages/airflow/example_dags/example_sensor_decorator.py took 0.086 seconds
[2025-04-28T13:37:16.674+0000] {processor.py:161} INFO - Started process (PID=16809) to work on /home/airflow/.local/lib/python3.8/site-packages/airflow/example_dags/example_sensor_decorator.py
[2025-04-28T13:37:16.677+0000] {processor.py:830} INFO - Processing file /home/airflow/.local/lib/python3.8/site-packages/airflow/example_dags/example_sensor_decorator.py for tasks to queue
[2025-04-28T13:37:16.684+0000] {logging_mixin.py:188} INFO - [2025-04-28T13:37:16.683+0000] {dagbag.py:538} INFO - Filling up the DagBag from /home/airflow/.local/lib/python3.8/site-packages/airflow/example_dags/example_sensor_decorator.py
[2025-04-28T13:37:16.711+0000] {processor.py:840} INFO - DAG(s) 'example_sensor_decorator' retrieved from /home/airflow/.local/lib/python3.8/site-packages/airflow/example_dags/example_sensor_decorator.py
[2025-04-28T13:37:16.781+0000] {logging_mixin.py:188} INFO - [2025-04-28T13:37:16.781+0000] {dag.py:3033} INFO - Sync 1 DAGs
[2025-04-28T13:37:16.869+0000] {logging_mixin.py:188} INFO - [2025-04-28T13:37:16.869+0000] {dag.py:3820} INFO - Setting next_dagrun for example_sensor_decorator to None, run_after=None
[2025-04-28T13:37:16.960+0000] {processor.py:183} INFO - Processing /home/airflow/.local/lib/python3.8/site-packages/airflow/example_dags/example_sensor_decorator.py took 0.294 seconds
[2025-04-28T13:37:47.236+0000] {processor.py:161} INFO - Started process (PID=16865) to work on /home/airflow/.local/lib/python3.8/site-packages/airflow/example_dags/example_sensor_decorator.py
[2025-04-28T13:37:47.237+0000] {processor.py:830} INFO - Processing file /home/airflow/.local/lib/python3.8/site-packages/airflow/example_dags/example_sensor_decorator.py for tasks to queue
[2025-04-28T13:37:47.239+0000] {logging_mixin.py:188} INFO - [2025-04-28T13:37:47.239+0000] {dagbag.py:538} INFO - Filling up the DagBag from /home/airflow/.local/lib/python3.8/site-packages/airflow/example_dags/example_sensor_decorator.py
[2025-04-28T13:37:47.249+0000] {processor.py:840} INFO - DAG(s) 'example_sensor_decorator' retrieved from /home/airflow/.local/lib/python3.8/site-packages/airflow/example_dags/example_sensor_decorator.py
[2025-04-28T13:37:47.280+0000] {logging_mixin.py:188} INFO - [2025-04-28T13:37:47.280+0000] {dag.py:3033} INFO - Sync 1 DAGs
[2025-04-28T13:37:47.296+0000] {logging_mixin.py:188} INFO - [2025-04-28T13:37:47.296+0000] {dag.py:3820} INFO - Setting next_dagrun for example_sensor_decorator to None, run_after=None
[2025-04-28T13:37:47.337+0000] {processor.py:183} INFO - Processing /home/airflow/.local/lib/python3.8/site-packages/airflow/example_dags/example_sensor_decorator.py took 0.107 seconds
[2025-04-28T13:38:18.540+0000] {processor.py:161} INFO - Started process (PID=16919) to work on /home/airflow/.local/lib/python3.8/site-packages/airflow/example_dags/example_sensor_decorator.py
[2025-04-28T13:38:18.542+0000] {processor.py:830} INFO - Processing file /home/airflow/.local/lib/python3.8/site-packages/airflow/example_dags/example_sensor_decorator.py for tasks to queue
[2025-04-28T13:38:18.543+0000] {logging_mixin.py:188} INFO - [2025-04-28T13:38:18.543+0000] {dagbag.py:538} INFO - Filling up the DagBag from /home/airflow/.local/lib/python3.8/site-packages/airflow/example_dags/example_sensor_decorator.py
[2025-04-28T13:38:18.554+0000] {processor.py:840} INFO - DAG(s) 'example_sensor_decorator' retrieved from /home/airflow/.local/lib/python3.8/site-packages/airflow/example_dags/example_sensor_decorator.py
[2025-04-28T13:38:18.586+0000] {logging_mixin.py:188} INFO - [2025-04-28T13:38:18.586+0000] {dag.py:3033} INFO - Sync 1 DAGs
[2025-04-28T13:38:18.603+0000] {logging_mixin.py:188} INFO - [2025-04-28T13:38:18.603+0000] {dag.py:3820} INFO - Setting next_dagrun for example_sensor_decorator to None, run_after=None
[2025-04-28T13:38:18.631+0000] {processor.py:183} INFO - Processing /home/airflow/.local/lib/python3.8/site-packages/airflow/example_dags/example_sensor_decorator.py took 0.097 seconds
[2025-04-28T13:38:51.379+0000] {processor.py:161} INFO - Started process (PID=16972) to work on /home/airflow/.local/lib/python3.8/site-packages/airflow/example_dags/example_sensor_decorator.py
[2025-04-28T13:38:51.381+0000] {processor.py:830} INFO - Processing file /home/airflow/.local/lib/python3.8/site-packages/airflow/example_dags/example_sensor_decorator.py for tasks to queue
[2025-04-28T13:38:51.382+0000] {logging_mixin.py:188} INFO - [2025-04-28T13:38:51.382+0000] {dagbag.py:538} INFO - Filling up the DagBag from /home/airflow/.local/lib/python3.8/site-packages/airflow/example_dags/example_sensor_decorator.py
[2025-04-28T13:38:51.391+0000] {processor.py:840} INFO - DAG(s) 'example_sensor_decorator' retrieved from /home/airflow/.local/lib/python3.8/site-packages/airflow/example_dags/example_sensor_decorator.py
[2025-04-28T13:38:51.422+0000] {logging_mixin.py:188} INFO - [2025-04-28T13:38:51.422+0000] {dag.py:3033} INFO - Sync 1 DAGs
[2025-04-28T13:38:51.440+0000] {logging_mixin.py:188} INFO - [2025-04-28T13:38:51.439+0000] {dag.py:3820} INFO - Setting next_dagrun for example_sensor_decorator to None, run_after=None
[2025-04-28T13:38:51.469+0000] {processor.py:183} INFO - Processing /home/airflow/.local/lib/python3.8/site-packages/airflow/example_dags/example_sensor_decorator.py took 0.094 seconds
[2025-04-28T13:39:24.011+0000] {processor.py:161} INFO - Started process (PID=17028) to work on /home/airflow/.local/lib/python3.8/site-packages/airflow/example_dags/example_sensor_decorator.py
[2025-04-28T13:39:24.013+0000] {processor.py:830} INFO - Processing file /home/airflow/.local/lib/python3.8/site-packages/airflow/example_dags/example_sensor_decorator.py for tasks to queue
[2025-04-28T13:39:24.015+0000] {logging_mixin.py:188} INFO - [2025-04-28T13:39:24.014+0000] {dagbag.py:538} INFO - Filling up the DagBag from /home/airflow/.local/lib/python3.8/site-packages/airflow/example_dags/example_sensor_decorator.py
[2025-04-28T13:39:24.034+0000] {processor.py:840} INFO - DAG(s) 'example_sensor_decorator' retrieved from /home/airflow/.local/lib/python3.8/site-packages/airflow/example_dags/example_sensor_decorator.py
[2025-04-28T13:39:24.068+0000] {logging_mixin.py:188} INFO - [2025-04-28T13:39:24.067+0000] {dag.py:3033} INFO - Sync 1 DAGs
[2025-04-28T13:39:24.092+0000] {logging_mixin.py:188} INFO - [2025-04-28T13:39:24.092+0000] {dag.py:3820} INFO - Setting next_dagrun for example_sensor_decorator to None, run_after=None
[2025-04-28T13:39:24.127+0000] {processor.py:183} INFO - Processing /home/airflow/.local/lib/python3.8/site-packages/airflow/example_dags/example_sensor_decorator.py took 0.123 seconds
[2025-04-28T13:39:56.011+0000] {processor.py:161} INFO - Started process (PID=17084) to work on /home/airflow/.local/lib/python3.8/site-packages/airflow/example_dags/example_sensor_decorator.py
[2025-04-28T13:39:56.013+0000] {processor.py:830} INFO - Processing file /home/airflow/.local/lib/python3.8/site-packages/airflow/example_dags/example_sensor_decorator.py for tasks to queue
[2025-04-28T13:39:56.014+0000] {logging_mixin.py:188} INFO - [2025-04-28T13:39:56.014+0000] {dagbag.py:538} INFO - Filling up the DagBag from /home/airflow/.local/lib/python3.8/site-packages/airflow/example_dags/example_sensor_decorator.py
[2025-04-28T13:39:56.022+0000] {processor.py:840} INFO - DAG(s) 'example_sensor_decorator' retrieved from /home/airflow/.local/lib/python3.8/site-packages/airflow/example_dags/example_sensor_decorator.py
[2025-04-28T13:39:56.059+0000] {logging_mixin.py:188} INFO - [2025-04-28T13:39:56.059+0000] {dag.py:3033} INFO - Sync 1 DAGs
[2025-04-28T13:39:56.083+0000] {logging_mixin.py:188} INFO - [2025-04-28T13:39:56.083+0000] {dag.py:3820} INFO - Setting next_dagrun for example_sensor_decorator to None, run_after=None
[2025-04-28T13:39:56.115+0000] {processor.py:183} INFO - Processing /home/airflow/.local/lib/python3.8/site-packages/airflow/example_dags/example_sensor_decorator.py took 0.108 seconds
[2025-04-28T13:40:28.873+0000] {processor.py:161} INFO - Started process (PID=17142) to work on /home/airflow/.local/lib/python3.8/site-packages/airflow/example_dags/example_sensor_decorator.py
[2025-04-28T13:40:28.875+0000] {processor.py:830} INFO - Processing file /home/airflow/.local/lib/python3.8/site-packages/airflow/example_dags/example_sensor_decorator.py for tasks to queue
[2025-04-28T13:40:28.876+0000] {logging_mixin.py:188} INFO - [2025-04-28T13:40:28.876+0000] {dagbag.py:538} INFO - Filling up the DagBag from /home/airflow/.local/lib/python3.8/site-packages/airflow/example_dags/example_sensor_decorator.py
[2025-04-28T13:40:28.887+0000] {processor.py:840} INFO - DAG(s) 'example_sensor_decorator' retrieved from /home/airflow/.local/lib/python3.8/site-packages/airflow/example_dags/example_sensor_decorator.py
[2025-04-28T13:40:28.923+0000] {logging_mixin.py:188} INFO - [2025-04-28T13:40:28.923+0000] {dag.py:3033} INFO - Sync 1 DAGs
[2025-04-28T13:40:28.945+0000] {logging_mixin.py:188} INFO - [2025-04-28T13:40:28.945+0000] {dag.py:3820} INFO - Setting next_dagrun for example_sensor_decorator to None, run_after=None
[2025-04-28T13:40:28.975+0000] {processor.py:183} INFO - Processing /home/airflow/.local/lib/python3.8/site-packages/airflow/example_dags/example_sensor_decorator.py took 0.106 seconds
[2025-04-28T13:41:02.304+0000] {processor.py:161} INFO - Started process (PID=17200) to work on /home/airflow/.local/lib/python3.8/site-packages/airflow/example_dags/example_sensor_decorator.py
[2025-04-28T13:41:02.305+0000] {processor.py:830} INFO - Processing file /home/airflow/.local/lib/python3.8/site-packages/airflow/example_dags/example_sensor_decorator.py for tasks to queue
[2025-04-28T13:41:02.307+0000] {logging_mixin.py:188} INFO - [2025-04-28T13:41:02.306+0000] {dagbag.py:538} INFO - Filling up the DagBag from /home/airflow/.local/lib/python3.8/site-packages/airflow/example_dags/example_sensor_decorator.py
[2025-04-28T13:41:02.317+0000] {processor.py:840} INFO - DAG(s) 'example_sensor_decorator' retrieved from /home/airflow/.local/lib/python3.8/site-packages/airflow/example_dags/example_sensor_decorator.py
[2025-04-28T13:41:02.354+0000] {logging_mixin.py:188} INFO - [2025-04-28T13:41:02.353+0000] {dag.py:3033} INFO - Sync 1 DAGs
[2025-04-28T13:41:02.392+0000] {logging_mixin.py:188} INFO - [2025-04-28T13:41:02.392+0000] {dag.py:3820} INFO - Setting next_dagrun for example_sensor_decorator to None, run_after=None
[2025-04-28T13:41:02.427+0000] {processor.py:183} INFO - Processing /home/airflow/.local/lib/python3.8/site-packages/airflow/example_dags/example_sensor_decorator.py took 0.130 seconds
[2025-04-28T13:41:35.661+0000] {processor.py:161} INFO - Started process (PID=17256) to work on /home/airflow/.local/lib/python3.8/site-packages/airflow/example_dags/example_sensor_decorator.py
[2025-04-28T13:41:35.662+0000] {processor.py:830} INFO - Processing file /home/airflow/.local/lib/python3.8/site-packages/airflow/example_dags/example_sensor_decorator.py for tasks to queue
[2025-04-28T13:41:35.664+0000] {logging_mixin.py:188} INFO - [2025-04-28T13:41:35.663+0000] {dagbag.py:538} INFO - Filling up the DagBag from /home/airflow/.local/lib/python3.8/site-packages/airflow/example_dags/example_sensor_decorator.py
[2025-04-28T13:41:35.672+0000] {processor.py:840} INFO - DAG(s) 'example_sensor_decorator' retrieved from /home/airflow/.local/lib/python3.8/site-packages/airflow/example_dags/example_sensor_decorator.py
[2025-04-28T13:41:35.707+0000] {logging_mixin.py:188} INFO - [2025-04-28T13:41:35.707+0000] {dag.py:3033} INFO - Sync 1 DAGs
[2025-04-28T13:41:35.731+0000] {logging_mixin.py:188} INFO - [2025-04-28T13:41:35.731+0000] {dag.py:3820} INFO - Setting next_dagrun for example_sensor_decorator to None, run_after=None
[2025-04-28T13:41:35.761+0000] {processor.py:183} INFO - Processing /home/airflow/.local/lib/python3.8/site-packages/airflow/example_dags/example_sensor_decorator.py took 0.105 seconds
[2025-04-28T13:42:08.211+0000] {processor.py:161} INFO - Started process (PID=17312) to work on /home/airflow/.local/lib/python3.8/site-packages/airflow/example_dags/example_sensor_decorator.py
[2025-04-28T13:42:08.213+0000] {processor.py:830} INFO - Processing file /home/airflow/.local/lib/python3.8/site-packages/airflow/example_dags/example_sensor_decorator.py for tasks to queue
[2025-04-28T13:42:08.215+0000] {logging_mixin.py:188} INFO - [2025-04-28T13:42:08.214+0000] {dagbag.py:538} INFO - Filling up the DagBag from /home/airflow/.local/lib/python3.8/site-packages/airflow/example_dags/example_sensor_decorator.py
[2025-04-28T13:42:08.223+0000] {processor.py:840} INFO - DAG(s) 'example_sensor_decorator' retrieved from /home/airflow/.local/lib/python3.8/site-packages/airflow/example_dags/example_sensor_decorator.py
[2025-04-28T13:42:08.250+0000] {logging_mixin.py:188} INFO - [2025-04-28T13:42:08.250+0000] {dag.py:3033} INFO - Sync 1 DAGs
[2025-04-28T13:42:08.282+0000] {logging_mixin.py:188} INFO - [2025-04-28T13:42:08.281+0000] {dag.py:3820} INFO - Setting next_dagrun for example_sensor_decorator to None, run_after=None
[2025-04-28T13:42:08.343+0000] {processor.py:183} INFO - Processing /home/airflow/.local/lib/python3.8/site-packages/airflow/example_dags/example_sensor_decorator.py took 0.138 seconds
[2025-04-28T13:42:41.103+0000] {processor.py:161} INFO - Started process (PID=17368) to work on /home/airflow/.local/lib/python3.8/site-packages/airflow/example_dags/example_sensor_decorator.py
[2025-04-28T13:42:41.105+0000] {processor.py:830} INFO - Processing file /home/airflow/.local/lib/python3.8/site-packages/airflow/example_dags/example_sensor_decorator.py for tasks to queue
[2025-04-28T13:42:41.106+0000] {logging_mixin.py:188} INFO - [2025-04-28T13:42:41.106+0000] {dagbag.py:538} INFO - Filling up the DagBag from /home/airflow/.local/lib/python3.8/site-packages/airflow/example_dags/example_sensor_decorator.py
[2025-04-28T13:42:41.119+0000] {processor.py:840} INFO - DAG(s) 'example_sensor_decorator' retrieved from /home/airflow/.local/lib/python3.8/site-packages/airflow/example_dags/example_sensor_decorator.py
[2025-04-28T13:42:41.175+0000] {logging_mixin.py:188} INFO - [2025-04-28T13:42:41.174+0000] {dag.py:3033} INFO - Sync 1 DAGs
[2025-04-28T13:42:41.207+0000] {logging_mixin.py:188} INFO - [2025-04-28T13:42:41.207+0000] {dag.py:3820} INFO - Setting next_dagrun for example_sensor_decorator to None, run_after=None
[2025-04-28T13:42:41.260+0000] {processor.py:183} INFO - Processing /home/airflow/.local/lib/python3.8/site-packages/airflow/example_dags/example_sensor_decorator.py took 0.164 seconds
[2025-04-28T13:43:15.415+0000] {processor.py:161} INFO - Started process (PID=17424) to work on /home/airflow/.local/lib/python3.8/site-packages/airflow/example_dags/example_sensor_decorator.py
[2025-04-28T13:43:15.417+0000] {processor.py:830} INFO - Processing file /home/airflow/.local/lib/python3.8/site-packages/airflow/example_dags/example_sensor_decorator.py for tasks to queue
[2025-04-28T13:43:15.419+0000] {logging_mixin.py:188} INFO - [2025-04-28T13:43:15.418+0000] {dagbag.py:538} INFO - Filling up the DagBag from /home/airflow/.local/lib/python3.8/site-packages/airflow/example_dags/example_sensor_decorator.py
[2025-04-28T13:43:15.426+0000] {processor.py:840} INFO - DAG(s) 'example_sensor_decorator' retrieved from /home/airflow/.local/lib/python3.8/site-packages/airflow/example_dags/example_sensor_decorator.py
[2025-04-28T13:43:15.455+0000] {logging_mixin.py:188} INFO - [2025-04-28T13:43:15.455+0000] {dag.py:3033} INFO - Sync 1 DAGs
[2025-04-28T13:43:15.473+0000] {logging_mixin.py:188} INFO - [2025-04-28T13:43:15.473+0000] {dag.py:3820} INFO - Setting next_dagrun for example_sensor_decorator to None, run_after=None
[2025-04-28T13:43:15.501+0000] {processor.py:183} INFO - Processing /home/airflow/.local/lib/python3.8/site-packages/airflow/example_dags/example_sensor_decorator.py took 0.091 seconds
[2025-04-28T13:43:45.761+0000] {processor.py:161} INFO - Started process (PID=17482) to work on /home/airflow/.local/lib/python3.8/site-packages/airflow/example_dags/example_sensor_decorator.py
[2025-04-28T13:43:45.762+0000] {processor.py:830} INFO - Processing file /home/airflow/.local/lib/python3.8/site-packages/airflow/example_dags/example_sensor_decorator.py for tasks to queue
[2025-04-28T13:43:45.764+0000] {logging_mixin.py:188} INFO - [2025-04-28T13:43:45.763+0000] {dagbag.py:538} INFO - Filling up the DagBag from /home/airflow/.local/lib/python3.8/site-packages/airflow/example_dags/example_sensor_decorator.py
[2025-04-28T13:43:45.772+0000] {processor.py:840} INFO - DAG(s) 'example_sensor_decorator' retrieved from /home/airflow/.local/lib/python3.8/site-packages/airflow/example_dags/example_sensor_decorator.py
[2025-04-28T13:43:45.801+0000] {logging_mixin.py:188} INFO - [2025-04-28T13:43:45.801+0000] {dag.py:3033} INFO - Sync 1 DAGs
[2025-04-28T13:43:45.819+0000] {logging_mixin.py:188} INFO - [2025-04-28T13:43:45.819+0000] {dag.py:3820} INFO - Setting next_dagrun for example_sensor_decorator to None, run_after=None
[2025-04-28T13:43:45.851+0000] {processor.py:183} INFO - Processing /home/airflow/.local/lib/python3.8/site-packages/airflow/example_dags/example_sensor_decorator.py took 0.095 seconds
[2025-04-28T13:44:22.070+0000] {processor.py:161} INFO - Started process (PID=17545) to work on /home/airflow/.local/lib/python3.8/site-packages/airflow/example_dags/example_sensor_decorator.py
[2025-04-28T13:44:22.072+0000] {processor.py:830} INFO - Processing file /home/airflow/.local/lib/python3.8/site-packages/airflow/example_dags/example_sensor_decorator.py for tasks to queue
[2025-04-28T13:44:22.073+0000] {logging_mixin.py:188} INFO - [2025-04-28T13:44:22.073+0000] {dagbag.py:538} INFO - Filling up the DagBag from /home/airflow/.local/lib/python3.8/site-packages/airflow/example_dags/example_sensor_decorator.py
[2025-04-28T13:44:22.084+0000] {processor.py:840} INFO - DAG(s) 'example_sensor_decorator' retrieved from /home/airflow/.local/lib/python3.8/site-packages/airflow/example_dags/example_sensor_decorator.py
[2025-04-28T13:44:22.114+0000] {logging_mixin.py:188} INFO - [2025-04-28T13:44:22.114+0000] {dag.py:3033} INFO - Sync 1 DAGs
[2025-04-28T13:44:22.144+0000] {logging_mixin.py:188} INFO - [2025-04-28T13:44:22.143+0000] {dag.py:3820} INFO - Setting next_dagrun for example_sensor_decorator to None, run_after=None
[2025-04-28T13:44:22.176+0000] {processor.py:183} INFO - Processing /home/airflow/.local/lib/python3.8/site-packages/airflow/example_dags/example_sensor_decorator.py took 0.112 seconds
[2025-04-28T13:44:55.701+0000] {processor.py:161} INFO - Started process (PID=17611) to work on /home/airflow/.local/lib/python3.8/site-packages/airflow/example_dags/example_sensor_decorator.py
[2025-04-28T13:44:55.703+0000] {processor.py:830} INFO - Processing file /home/airflow/.local/lib/python3.8/site-packages/airflow/example_dags/example_sensor_decorator.py for tasks to queue
[2025-04-28T13:44:55.704+0000] {logging_mixin.py:188} INFO - [2025-04-28T13:44:55.704+0000] {dagbag.py:538} INFO - Filling up the DagBag from /home/airflow/.local/lib/python3.8/site-packages/airflow/example_dags/example_sensor_decorator.py
[2025-04-28T13:44:55.721+0000] {processor.py:840} INFO - DAG(s) 'example_sensor_decorator' retrieved from /home/airflow/.local/lib/python3.8/site-packages/airflow/example_dags/example_sensor_decorator.py
[2025-04-28T13:44:55.779+0000] {logging_mixin.py:188} INFO - [2025-04-28T13:44:55.779+0000] {dag.py:3033} INFO - Sync 1 DAGs
[2025-04-28T13:44:55.816+0000] {logging_mixin.py:188} INFO - [2025-04-28T13:44:55.815+0000] {dag.py:3820} INFO - Setting next_dagrun for example_sensor_decorator to None, run_after=None
[2025-04-28T13:44:55.899+0000] {processor.py:183} INFO - Processing /home/airflow/.local/lib/python3.8/site-packages/airflow/example_dags/example_sensor_decorator.py took 0.204 seconds
[2025-04-28T13:45:30.038+0000] {processor.py:161} INFO - Started process (PID=17667) to work on /home/airflow/.local/lib/python3.8/site-packages/airflow/example_dags/example_sensor_decorator.py
[2025-04-28T13:45:30.039+0000] {processor.py:830} INFO - Processing file /home/airflow/.local/lib/python3.8/site-packages/airflow/example_dags/example_sensor_decorator.py for tasks to queue
[2025-04-28T13:45:30.042+0000] {logging_mixin.py:188} INFO - [2025-04-28T13:45:30.040+0000] {dagbag.py:538} INFO - Filling up the DagBag from /home/airflow/.local/lib/python3.8/site-packages/airflow/example_dags/example_sensor_decorator.py
[2025-04-28T13:45:30.051+0000] {processor.py:840} INFO - DAG(s) 'example_sensor_decorator' retrieved from /home/airflow/.local/lib/python3.8/site-packages/airflow/example_dags/example_sensor_decorator.py
[2025-04-28T13:45:30.085+0000] {logging_mixin.py:188} INFO - [2025-04-28T13:45:30.084+0000] {dag.py:3033} INFO - Sync 1 DAGs
[2025-04-28T13:45:30.268+0000] {logging_mixin.py:188} INFO - [2025-04-28T13:45:30.268+0000] {dag.py:3820} INFO - Setting next_dagrun for example_sensor_decorator to None, run_after=None
[2025-04-28T13:45:30.303+0000] {processor.py:183} INFO - Processing /home/airflow/.local/lib/python3.8/site-packages/airflow/example_dags/example_sensor_decorator.py took 0.270 seconds
[2025-04-28T13:46:00.897+0000] {processor.py:161} INFO - Started process (PID=17724) to work on /home/airflow/.local/lib/python3.8/site-packages/airflow/example_dags/example_sensor_decorator.py
[2025-04-28T13:46:00.899+0000] {processor.py:830} INFO - Processing file /home/airflow/.local/lib/python3.8/site-packages/airflow/example_dags/example_sensor_decorator.py for tasks to queue
[2025-04-28T13:46:00.900+0000] {logging_mixin.py:188} INFO - [2025-04-28T13:46:00.900+0000] {dagbag.py:538} INFO - Filling up the DagBag from /home/airflow/.local/lib/python3.8/site-packages/airflow/example_dags/example_sensor_decorator.py
[2025-04-28T13:46:00.910+0000] {processor.py:840} INFO - DAG(s) 'example_sensor_decorator' retrieved from /home/airflow/.local/lib/python3.8/site-packages/airflow/example_dags/example_sensor_decorator.py
[2025-04-28T13:46:00.944+0000] {logging_mixin.py:188} INFO - [2025-04-28T13:46:00.943+0000] {dag.py:3033} INFO - Sync 1 DAGs
[2025-04-28T13:46:00.962+0000] {logging_mixin.py:188} INFO - [2025-04-28T13:46:00.962+0000] {dag.py:3820} INFO - Setting next_dagrun for example_sensor_decorator to None, run_after=None
[2025-04-28T13:46:00.995+0000] {processor.py:183} INFO - Processing /home/airflow/.local/lib/python3.8/site-packages/airflow/example_dags/example_sensor_decorator.py took 0.103 seconds
[2025-04-28T13:46:32.423+0000] {processor.py:161} INFO - Started process (PID=17780) to work on /home/airflow/.local/lib/python3.8/site-packages/airflow/example_dags/example_sensor_decorator.py
[2025-04-28T13:46:32.425+0000] {processor.py:830} INFO - Processing file /home/airflow/.local/lib/python3.8/site-packages/airflow/example_dags/example_sensor_decorator.py for tasks to queue
[2025-04-28T13:46:32.427+0000] {logging_mixin.py:188} INFO - [2025-04-28T13:46:32.426+0000] {dagbag.py:538} INFO - Filling up the DagBag from /home/airflow/.local/lib/python3.8/site-packages/airflow/example_dags/example_sensor_decorator.py
[2025-04-28T13:46:32.438+0000] {processor.py:840} INFO - DAG(s) 'example_sensor_decorator' retrieved from /home/airflow/.local/lib/python3.8/site-packages/airflow/example_dags/example_sensor_decorator.py
[2025-04-28T13:46:32.491+0000] {logging_mixin.py:188} INFO - [2025-04-28T13:46:32.491+0000] {dag.py:3033} INFO - Sync 1 DAGs
[2025-04-28T13:46:32.525+0000] {logging_mixin.py:188} INFO - [2025-04-28T13:46:32.525+0000] {dag.py:3820} INFO - Setting next_dagrun for example_sensor_decorator to None, run_after=None
[2025-04-28T13:46:32.571+0000] {processor.py:183} INFO - Processing /home/airflow/.local/lib/python3.8/site-packages/airflow/example_dags/example_sensor_decorator.py took 0.154 seconds
[2025-04-28T13:47:08.632+0000] {processor.py:161} INFO - Started process (PID=17837) to work on /home/airflow/.local/lib/python3.8/site-packages/airflow/example_dags/example_sensor_decorator.py
[2025-04-28T13:47:08.634+0000] {processor.py:830} INFO - Processing file /home/airflow/.local/lib/python3.8/site-packages/airflow/example_dags/example_sensor_decorator.py for tasks to queue
[2025-04-28T13:47:08.635+0000] {logging_mixin.py:188} INFO - [2025-04-28T13:47:08.635+0000] {dagbag.py:538} INFO - Filling up the DagBag from /home/airflow/.local/lib/python3.8/site-packages/airflow/example_dags/example_sensor_decorator.py
[2025-04-28T13:47:08.643+0000] {processor.py:840} INFO - DAG(s) 'example_sensor_decorator' retrieved from /home/airflow/.local/lib/python3.8/site-packages/airflow/example_dags/example_sensor_decorator.py
[2025-04-28T13:47:08.824+0000] {logging_mixin.py:188} INFO - [2025-04-28T13:47:08.824+0000] {dag.py:3033} INFO - Sync 1 DAGs
[2025-04-28T13:47:08.842+0000] {logging_mixin.py:188} INFO - [2025-04-28T13:47:08.841+0000] {dag.py:3820} INFO - Setting next_dagrun for example_sensor_decorator to None, run_after=None
[2025-04-28T13:47:08.876+0000] {processor.py:183} INFO - Processing /home/airflow/.local/lib/python3.8/site-packages/airflow/example_dags/example_sensor_decorator.py took 0.249 seconds
[2025-04-28T13:47:40.463+0000] {processor.py:161} INFO - Started process (PID=17894) to work on /home/airflow/.local/lib/python3.8/site-packages/airflow/example_dags/example_sensor_decorator.py
[2025-04-28T13:47:40.464+0000] {processor.py:830} INFO - Processing file /home/airflow/.local/lib/python3.8/site-packages/airflow/example_dags/example_sensor_decorator.py for tasks to queue
[2025-04-28T13:47:40.470+0000] {logging_mixin.py:188} INFO - [2025-04-28T13:47:40.470+0000] {dagbag.py:538} INFO - Filling up the DagBag from /home/airflow/.local/lib/python3.8/site-packages/airflow/example_dags/example_sensor_decorator.py
[2025-04-28T13:47:40.482+0000] {processor.py:840} INFO - DAG(s) 'example_sensor_decorator' retrieved from /home/airflow/.local/lib/python3.8/site-packages/airflow/example_dags/example_sensor_decorator.py
[2025-04-28T13:47:40.531+0000] {logging_mixin.py:188} INFO - [2025-04-28T13:47:40.530+0000] {dag.py:3033} INFO - Sync 1 DAGs
[2025-04-28T13:47:40.565+0000] {logging_mixin.py:188} INFO - [2025-04-28T13:47:40.564+0000] {dag.py:3820} INFO - Setting next_dagrun for example_sensor_decorator to None, run_after=None
[2025-04-28T13:47:40.886+0000] {processor.py:183} INFO - Processing /home/airflow/.local/lib/python3.8/site-packages/airflow/example_dags/example_sensor_decorator.py took 0.430 seconds
[2025-04-28T13:48:13.834+0000] {processor.py:161} INFO - Started process (PID=17950) to work on /home/airflow/.local/lib/python3.8/site-packages/airflow/example_dags/example_sensor_decorator.py
[2025-04-28T13:48:13.835+0000] {processor.py:830} INFO - Processing file /home/airflow/.local/lib/python3.8/site-packages/airflow/example_dags/example_sensor_decorator.py for tasks to queue
[2025-04-28T13:48:13.837+0000] {logging_mixin.py:188} INFO - [2025-04-28T13:48:13.837+0000] {dagbag.py:538} INFO - Filling up the DagBag from /home/airflow/.local/lib/python3.8/site-packages/airflow/example_dags/example_sensor_decorator.py
[2025-04-28T13:48:13.848+0000] {processor.py:840} INFO - DAG(s) 'example_sensor_decorator' retrieved from /home/airflow/.local/lib/python3.8/site-packages/airflow/example_dags/example_sensor_decorator.py
[2025-04-28T13:48:13.888+0000] {logging_mixin.py:188} INFO - [2025-04-28T13:48:13.888+0000] {dag.py:3033} INFO - Sync 1 DAGs
[2025-04-28T13:48:13.915+0000] {logging_mixin.py:188} INFO - [2025-04-28T13:48:13.915+0000] {dag.py:3820} INFO - Setting next_dagrun for example_sensor_decorator to None, run_after=None
[2025-04-28T13:48:13.950+0000] {processor.py:183} INFO - Processing /home/airflow/.local/lib/python3.8/site-packages/airflow/example_dags/example_sensor_decorator.py took 0.123 seconds
[2025-04-28T13:48:45.263+0000] {processor.py:161} INFO - Started process (PID=18006) to work on /home/airflow/.local/lib/python3.8/site-packages/airflow/example_dags/example_sensor_decorator.py
[2025-04-28T13:48:45.264+0000] {processor.py:830} INFO - Processing file /home/airflow/.local/lib/python3.8/site-packages/airflow/example_dags/example_sensor_decorator.py for tasks to queue
[2025-04-28T13:48:45.266+0000] {logging_mixin.py:188} INFO - [2025-04-28T13:48:45.266+0000] {dagbag.py:538} INFO - Filling up the DagBag from /home/airflow/.local/lib/python3.8/site-packages/airflow/example_dags/example_sensor_decorator.py
[2025-04-28T13:48:45.276+0000] {processor.py:840} INFO - DAG(s) 'example_sensor_decorator' retrieved from /home/airflow/.local/lib/python3.8/site-packages/airflow/example_dags/example_sensor_decorator.py
[2025-04-28T13:48:45.319+0000] {logging_mixin.py:188} INFO - [2025-04-28T13:48:45.319+0000] {dag.py:3033} INFO - Sync 1 DAGs
[2025-04-28T13:48:45.346+0000] {logging_mixin.py:188} INFO - [2025-04-28T13:48:45.345+0000] {dag.py:3820} INFO - Setting next_dagrun for example_sensor_decorator to None, run_after=None
[2025-04-28T13:48:45.382+0000] {processor.py:183} INFO - Processing /home/airflow/.local/lib/python3.8/site-packages/airflow/example_dags/example_sensor_decorator.py took 0.124 seconds
[2025-04-28T13:49:15.787+0000] {processor.py:161} INFO - Started process (PID=18063) to work on /home/airflow/.local/lib/python3.8/site-packages/airflow/example_dags/example_sensor_decorator.py
[2025-04-28T13:49:15.788+0000] {processor.py:830} INFO - Processing file /home/airflow/.local/lib/python3.8/site-packages/airflow/example_dags/example_sensor_decorator.py for tasks to queue
[2025-04-28T13:49:15.790+0000] {logging_mixin.py:188} INFO - [2025-04-28T13:49:15.790+0000] {dagbag.py:538} INFO - Filling up the DagBag from /home/airflow/.local/lib/python3.8/site-packages/airflow/example_dags/example_sensor_decorator.py
[2025-04-28T13:49:15.801+0000] {processor.py:840} INFO - DAG(s) 'example_sensor_decorator' retrieved from /home/airflow/.local/lib/python3.8/site-packages/airflow/example_dags/example_sensor_decorator.py
[2025-04-28T13:49:15.848+0000] {logging_mixin.py:188} INFO - [2025-04-28T13:49:15.848+0000] {dag.py:3033} INFO - Sync 1 DAGs
[2025-04-28T13:49:15.871+0000] {logging_mixin.py:188} INFO - [2025-04-28T13:49:15.871+0000] {dag.py:3820} INFO - Setting next_dagrun for example_sensor_decorator to None, run_after=None
[2025-04-28T13:49:15.903+0000] {processor.py:183} INFO - Processing /home/airflow/.local/lib/python3.8/site-packages/airflow/example_dags/example_sensor_decorator.py took 0.122 seconds
[2025-04-28T13:49:48.700+0000] {processor.py:161} INFO - Started process (PID=18119) to work on /home/airflow/.local/lib/python3.8/site-packages/airflow/example_dags/example_sensor_decorator.py
[2025-04-28T13:49:48.702+0000] {processor.py:830} INFO - Processing file /home/airflow/.local/lib/python3.8/site-packages/airflow/example_dags/example_sensor_decorator.py for tasks to queue
[2025-04-28T13:49:48.704+0000] {logging_mixin.py:188} INFO - [2025-04-28T13:49:48.703+0000] {dagbag.py:538} INFO - Filling up the DagBag from /home/airflow/.local/lib/python3.8/site-packages/airflow/example_dags/example_sensor_decorator.py
[2025-04-28T13:49:48.716+0000] {processor.py:840} INFO - DAG(s) 'example_sensor_decorator' retrieved from /home/airflow/.local/lib/python3.8/site-packages/airflow/example_dags/example_sensor_decorator.py
[2025-04-28T13:49:48.751+0000] {logging_mixin.py:188} INFO - [2025-04-28T13:49:48.751+0000] {dag.py:3033} INFO - Sync 1 DAGs
[2025-04-28T13:49:48.773+0000] {logging_mixin.py:188} INFO - [2025-04-28T13:49:48.773+0000] {dag.py:3820} INFO - Setting next_dagrun for example_sensor_decorator to None, run_after=None
[2025-04-28T13:49:48.804+0000] {processor.py:183} INFO - Processing /home/airflow/.local/lib/python3.8/site-packages/airflow/example_dags/example_sensor_decorator.py took 0.110 seconds
[2025-04-28T13:50:22.049+0000] {processor.py:161} INFO - Started process (PID=18175) to work on /home/airflow/.local/lib/python3.8/site-packages/airflow/example_dags/example_sensor_decorator.py
[2025-04-28T13:50:22.063+0000] {processor.py:830} INFO - Processing file /home/airflow/.local/lib/python3.8/site-packages/airflow/example_dags/example_sensor_decorator.py for tasks to queue
[2025-04-28T13:50:22.066+0000] {logging_mixin.py:188} INFO - [2025-04-28T13:50:22.066+0000] {dagbag.py:538} INFO - Filling up the DagBag from /home/airflow/.local/lib/python3.8/site-packages/airflow/example_dags/example_sensor_decorator.py
[2025-04-28T13:50:22.092+0000] {processor.py:840} INFO - DAG(s) 'example_sensor_decorator' retrieved from /home/airflow/.local/lib/python3.8/site-packages/airflow/example_dags/example_sensor_decorator.py
[2025-04-28T13:50:22.126+0000] {logging_mixin.py:188} INFO - [2025-04-28T13:50:22.125+0000] {dag.py:3033} INFO - Sync 1 DAGs
[2025-04-28T13:50:22.146+0000] {logging_mixin.py:188} INFO - [2025-04-28T13:50:22.145+0000] {dag.py:3820} INFO - Setting next_dagrun for example_sensor_decorator to None, run_after=None
[2025-04-28T13:50:22.179+0000] {processor.py:183} INFO - Processing /home/airflow/.local/lib/python3.8/site-packages/airflow/example_dags/example_sensor_decorator.py took 0.136 seconds
[2025-04-28T13:50:54.497+0000] {processor.py:161} INFO - Started process (PID=18231) to work on /home/airflow/.local/lib/python3.8/site-packages/airflow/example_dags/example_sensor_decorator.py
[2025-04-28T13:50:54.499+0000] {processor.py:830} INFO - Processing file /home/airflow/.local/lib/python3.8/site-packages/airflow/example_dags/example_sensor_decorator.py for tasks to queue
[2025-04-28T13:50:54.501+0000] {logging_mixin.py:188} INFO - [2025-04-28T13:50:54.500+0000] {dagbag.py:538} INFO - Filling up the DagBag from /home/airflow/.local/lib/python3.8/site-packages/airflow/example_dags/example_sensor_decorator.py
[2025-04-28T13:50:54.513+0000] {processor.py:840} INFO - DAG(s) 'example_sensor_decorator' retrieved from /home/airflow/.local/lib/python3.8/site-packages/airflow/example_dags/example_sensor_decorator.py
[2025-04-28T13:50:54.557+0000] {logging_mixin.py:188} INFO - [2025-04-28T13:50:54.556+0000] {dag.py:3033} INFO - Sync 1 DAGs
[2025-04-28T13:50:54.584+0000] {logging_mixin.py:188} INFO - [2025-04-28T13:50:54.583+0000] {dag.py:3820} INFO - Setting next_dagrun for example_sensor_decorator to None, run_after=None
[2025-04-28T13:50:54.618+0000] {processor.py:183} INFO - Processing /home/airflow/.local/lib/python3.8/site-packages/airflow/example_dags/example_sensor_decorator.py took 0.127 seconds
[2025-04-28T13:51:28.078+0000] {processor.py:161} INFO - Started process (PID=18287) to work on /home/airflow/.local/lib/python3.8/site-packages/airflow/example_dags/example_sensor_decorator.py
[2025-04-28T13:51:28.080+0000] {processor.py:830} INFO - Processing file /home/airflow/.local/lib/python3.8/site-packages/airflow/example_dags/example_sensor_decorator.py for tasks to queue
[2025-04-28T13:51:28.082+0000] {logging_mixin.py:188} INFO - [2025-04-28T13:51:28.082+0000] {dagbag.py:538} INFO - Filling up the DagBag from /home/airflow/.local/lib/python3.8/site-packages/airflow/example_dags/example_sensor_decorator.py
[2025-04-28T13:51:28.099+0000] {processor.py:840} INFO - DAG(s) 'example_sensor_decorator' retrieved from /home/airflow/.local/lib/python3.8/site-packages/airflow/example_dags/example_sensor_decorator.py
[2025-04-28T13:51:28.162+0000] {logging_mixin.py:188} INFO - [2025-04-28T13:51:28.162+0000] {dag.py:3033} INFO - Sync 1 DAGs
[2025-04-28T13:51:28.186+0000] {logging_mixin.py:188} INFO - [2025-04-28T13:51:28.186+0000] {dag.py:3820} INFO - Setting next_dagrun for example_sensor_decorator to None, run_after=None
[2025-04-28T13:51:28.222+0000] {processor.py:183} INFO - Processing /home/airflow/.local/lib/python3.8/site-packages/airflow/example_dags/example_sensor_decorator.py took 0.150 seconds
[2025-04-28T13:51:59.636+0000] {processor.py:161} INFO - Started process (PID=18343) to work on /home/airflow/.local/lib/python3.8/site-packages/airflow/example_dags/example_sensor_decorator.py
[2025-04-28T13:51:59.638+0000] {processor.py:830} INFO - Processing file /home/airflow/.local/lib/python3.8/site-packages/airflow/example_dags/example_sensor_decorator.py for tasks to queue
[2025-04-28T13:51:59.639+0000] {logging_mixin.py:188} INFO - [2025-04-28T13:51:59.639+0000] {dagbag.py:538} INFO - Filling up the DagBag from /home/airflow/.local/lib/python3.8/site-packages/airflow/example_dags/example_sensor_decorator.py
[2025-04-28T13:51:59.648+0000] {processor.py:840} INFO - DAG(s) 'example_sensor_decorator' retrieved from /home/airflow/.local/lib/python3.8/site-packages/airflow/example_dags/example_sensor_decorator.py
[2025-04-28T13:51:59.689+0000] {logging_mixin.py:188} INFO - [2025-04-28T13:51:59.689+0000] {dag.py:3033} INFO - Sync 1 DAGs
[2025-04-28T13:51:59.709+0000] {logging_mixin.py:188} INFO - [2025-04-28T13:51:59.708+0000] {dag.py:3820} INFO - Setting next_dagrun for example_sensor_decorator to None, run_after=None
[2025-04-28T13:51:59.747+0000] {processor.py:183} INFO - Processing /home/airflow/.local/lib/python3.8/site-packages/airflow/example_dags/example_sensor_decorator.py took 0.116 seconds
[2025-04-28T13:52:32.747+0000] {processor.py:161} INFO - Started process (PID=18399) to work on /home/airflow/.local/lib/python3.8/site-packages/airflow/example_dags/example_sensor_decorator.py
[2025-04-28T13:52:32.750+0000] {processor.py:830} INFO - Processing file /home/airflow/.local/lib/python3.8/site-packages/airflow/example_dags/example_sensor_decorator.py for tasks to queue
[2025-04-28T13:52:32.751+0000] {logging_mixin.py:188} INFO - [2025-04-28T13:52:32.751+0000] {dagbag.py:538} INFO - Filling up the DagBag from /home/airflow/.local/lib/python3.8/site-packages/airflow/example_dags/example_sensor_decorator.py
[2025-04-28T13:52:32.765+0000] {processor.py:840} INFO - DAG(s) 'example_sensor_decorator' retrieved from /home/airflow/.local/lib/python3.8/site-packages/airflow/example_dags/example_sensor_decorator.py
[2025-04-28T13:52:32.823+0000] {logging_mixin.py:188} INFO - [2025-04-28T13:52:32.823+0000] {dag.py:3033} INFO - Sync 1 DAGs
[2025-04-28T13:52:32.865+0000] {logging_mixin.py:188} INFO - [2025-04-28T13:52:32.865+0000] {dag.py:3820} INFO - Setting next_dagrun for example_sensor_decorator to None, run_after=None
[2025-04-28T13:52:32.905+0000] {processor.py:183} INFO - Processing /home/airflow/.local/lib/python3.8/site-packages/airflow/example_dags/example_sensor_decorator.py took 0.164 seconds
[2025-04-28T13:54:55.566+0000] {processor.py:161} INFO - Started process (PID=99) to work on /home/airflow/.local/lib/python3.8/site-packages/airflow/example_dags/example_sensor_decorator.py
[2025-04-28T13:54:55.567+0000] {processor.py:830} INFO - Processing file /home/airflow/.local/lib/python3.8/site-packages/airflow/example_dags/example_sensor_decorator.py for tasks to queue
[2025-04-28T13:54:55.571+0000] {logging_mixin.py:188} INFO - [2025-04-28T13:54:55.571+0000] {dagbag.py:538} INFO - Filling up the DagBag from /home/airflow/.local/lib/python3.8/site-packages/airflow/example_dags/example_sensor_decorator.py
[2025-04-28T13:54:55.584+0000] {processor.py:840} INFO - DAG(s) 'example_sensor_decorator' retrieved from /home/airflow/.local/lib/python3.8/site-packages/airflow/example_dags/example_sensor_decorator.py
[2025-04-28T13:54:55.832+0000] {logging_mixin.py:188} INFO - [2025-04-28T13:54:55.831+0000] {dag.py:3033} INFO - Sync 1 DAGs
[2025-04-28T13:54:55.855+0000] {logging_mixin.py:188} INFO - [2025-04-28T13:54:55.854+0000] {dag.py:3820} INFO - Setting next_dagrun for example_sensor_decorator to None, run_after=None
[2025-04-28T13:54:55.895+0000] {processor.py:183} INFO - Processing /home/airflow/.local/lib/python3.8/site-packages/airflow/example_dags/example_sensor_decorator.py took 0.334 seconds
[2025-04-28T13:55:26.020+0000] {processor.py:161} INFO - Started process (PID=155) to work on /home/airflow/.local/lib/python3.8/site-packages/airflow/example_dags/example_sensor_decorator.py
[2025-04-28T13:55:26.021+0000] {processor.py:830} INFO - Processing file /home/airflow/.local/lib/python3.8/site-packages/airflow/example_dags/example_sensor_decorator.py for tasks to queue
[2025-04-28T13:55:26.024+0000] {logging_mixin.py:188} INFO - [2025-04-28T13:55:26.024+0000] {dagbag.py:538} INFO - Filling up the DagBag from /home/airflow/.local/lib/python3.8/site-packages/airflow/example_dags/example_sensor_decorator.py
[2025-04-28T13:55:26.034+0000] {processor.py:840} INFO - DAG(s) 'example_sensor_decorator' retrieved from /home/airflow/.local/lib/python3.8/site-packages/airflow/example_dags/example_sensor_decorator.py
[2025-04-28T13:55:26.060+0000] {logging_mixin.py:188} INFO - [2025-04-28T13:55:26.060+0000] {dag.py:3033} INFO - Sync 1 DAGs
[2025-04-28T13:55:26.076+0000] {logging_mixin.py:188} INFO - [2025-04-28T13:55:26.075+0000] {dag.py:3820} INFO - Setting next_dagrun for example_sensor_decorator to None, run_after=None
[2025-04-28T13:55:26.103+0000] {processor.py:183} INFO - Processing /home/airflow/.local/lib/python3.8/site-packages/airflow/example_dags/example_sensor_decorator.py took 0.087 seconds
[2025-04-28T13:55:56.679+0000] {processor.py:161} INFO - Started process (PID=211) to work on /home/airflow/.local/lib/python3.8/site-packages/airflow/example_dags/example_sensor_decorator.py
[2025-04-28T13:55:56.681+0000] {processor.py:830} INFO - Processing file /home/airflow/.local/lib/python3.8/site-packages/airflow/example_dags/example_sensor_decorator.py for tasks to queue
[2025-04-28T13:55:56.685+0000] {logging_mixin.py:188} INFO - [2025-04-28T13:55:56.685+0000] {dagbag.py:538} INFO - Filling up the DagBag from /home/airflow/.local/lib/python3.8/site-packages/airflow/example_dags/example_sensor_decorator.py
[2025-04-28T13:55:56.697+0000] {processor.py:840} INFO - DAG(s) 'example_sensor_decorator' retrieved from /home/airflow/.local/lib/python3.8/site-packages/airflow/example_dags/example_sensor_decorator.py
[2025-04-28T13:55:56.733+0000] {logging_mixin.py:188} INFO - [2025-04-28T13:55:56.733+0000] {dag.py:3033} INFO - Sync 1 DAGs
[2025-04-28T13:55:56.754+0000] {logging_mixin.py:188} INFO - [2025-04-28T13:55:56.753+0000] {dag.py:3820} INFO - Setting next_dagrun for example_sensor_decorator to None, run_after=None
[2025-04-28T13:55:56.785+0000] {processor.py:183} INFO - Processing /home/airflow/.local/lib/python3.8/site-packages/airflow/example_dags/example_sensor_decorator.py took 0.111 seconds
[2025-04-28T13:56:26.935+0000] {processor.py:161} INFO - Started process (PID=266) to work on /home/airflow/.local/lib/python3.8/site-packages/airflow/example_dags/example_sensor_decorator.py
[2025-04-28T13:56:26.936+0000] {processor.py:830} INFO - Processing file /home/airflow/.local/lib/python3.8/site-packages/airflow/example_dags/example_sensor_decorator.py for tasks to queue
[2025-04-28T13:56:26.939+0000] {logging_mixin.py:188} INFO - [2025-04-28T13:56:26.938+0000] {dagbag.py:538} INFO - Filling up the DagBag from /home/airflow/.local/lib/python3.8/site-packages/airflow/example_dags/example_sensor_decorator.py
[2025-04-28T13:56:26.947+0000] {processor.py:840} INFO - DAG(s) 'example_sensor_decorator' retrieved from /home/airflow/.local/lib/python3.8/site-packages/airflow/example_dags/example_sensor_decorator.py
[2025-04-28T13:56:26.973+0000] {logging_mixin.py:188} INFO - [2025-04-28T13:56:26.973+0000] {dag.py:3033} INFO - Sync 1 DAGs
[2025-04-28T13:56:26.997+0000] {logging_mixin.py:188} INFO - [2025-04-28T13:56:26.996+0000] {dag.py:3820} INFO - Setting next_dagrun for example_sensor_decorator to None, run_after=None
[2025-04-28T13:56:27.029+0000] {processor.py:183} INFO - Processing /home/airflow/.local/lib/python3.8/site-packages/airflow/example_dags/example_sensor_decorator.py took 0.100 seconds
[2025-04-28T13:56:57.982+0000] {processor.py:161} INFO - Started process (PID=322) to work on /home/airflow/.local/lib/python3.8/site-packages/airflow/example_dags/example_sensor_decorator.py
[2025-04-28T13:56:57.984+0000] {processor.py:830} INFO - Processing file /home/airflow/.local/lib/python3.8/site-packages/airflow/example_dags/example_sensor_decorator.py for tasks to queue
[2025-04-28T13:56:57.988+0000] {logging_mixin.py:188} INFO - [2025-04-28T13:56:57.988+0000] {dagbag.py:538} INFO - Filling up the DagBag from /home/airflow/.local/lib/python3.8/site-packages/airflow/example_dags/example_sensor_decorator.py
[2025-04-28T13:56:58.001+0000] {processor.py:840} INFO - DAG(s) 'example_sensor_decorator' retrieved from /home/airflow/.local/lib/python3.8/site-packages/airflow/example_dags/example_sensor_decorator.py
[2025-04-28T13:56:58.043+0000] {logging_mixin.py:188} INFO - [2025-04-28T13:56:58.042+0000] {dag.py:3033} INFO - Sync 1 DAGs
[2025-04-28T13:56:58.079+0000] {logging_mixin.py:188} INFO - [2025-04-28T13:56:58.079+0000] {dag.py:3820} INFO - Setting next_dagrun for example_sensor_decorator to None, run_after=None
[2025-04-28T13:56:58.120+0000] {processor.py:183} INFO - Processing /home/airflow/.local/lib/python3.8/site-packages/airflow/example_dags/example_sensor_decorator.py took 0.146 seconds
[2025-04-28T13:57:28.718+0000] {processor.py:161} INFO - Started process (PID=378) to work on /home/airflow/.local/lib/python3.8/site-packages/airflow/example_dags/example_sensor_decorator.py
[2025-04-28T13:57:28.720+0000] {processor.py:830} INFO - Processing file /home/airflow/.local/lib/python3.8/site-packages/airflow/example_dags/example_sensor_decorator.py for tasks to queue
[2025-04-28T13:57:28.722+0000] {logging_mixin.py:188} INFO - [2025-04-28T13:57:28.722+0000] {dagbag.py:538} INFO - Filling up the DagBag from /home/airflow/.local/lib/python3.8/site-packages/airflow/example_dags/example_sensor_decorator.py
[2025-04-28T13:57:28.731+0000] {processor.py:840} INFO - DAG(s) 'example_sensor_decorator' retrieved from /home/airflow/.local/lib/python3.8/site-packages/airflow/example_dags/example_sensor_decorator.py
[2025-04-28T13:57:28.764+0000] {logging_mixin.py:188} INFO - [2025-04-28T13:57:28.764+0000] {dag.py:3033} INFO - Sync 1 DAGs
[2025-04-28T13:57:28.782+0000] {logging_mixin.py:188} INFO - [2025-04-28T13:57:28.782+0000] {dag.py:3820} INFO - Setting next_dagrun for example_sensor_decorator to None, run_after=None
[2025-04-28T13:57:28.810+0000] {processor.py:183} INFO - Processing /home/airflow/.local/lib/python3.8/site-packages/airflow/example_dags/example_sensor_decorator.py took 0.098 seconds
[2025-04-28T13:58:00.521+0000] {processor.py:161} INFO - Started process (PID=433) to work on /home/airflow/.local/lib/python3.8/site-packages/airflow/example_dags/example_sensor_decorator.py
[2025-04-28T13:58:00.522+0000] {processor.py:830} INFO - Processing file /home/airflow/.local/lib/python3.8/site-packages/airflow/example_dags/example_sensor_decorator.py for tasks to queue
[2025-04-28T13:58:00.526+0000] {logging_mixin.py:188} INFO - [2025-04-28T13:58:00.526+0000] {dagbag.py:538} INFO - Filling up the DagBag from /home/airflow/.local/lib/python3.8/site-packages/airflow/example_dags/example_sensor_decorator.py
[2025-04-28T13:58:00.536+0000] {processor.py:840} INFO - DAG(s) 'example_sensor_decorator' retrieved from /home/airflow/.local/lib/python3.8/site-packages/airflow/example_dags/example_sensor_decorator.py
[2025-04-28T13:58:00.565+0000] {logging_mixin.py:188} INFO - [2025-04-28T13:58:00.565+0000] {dag.py:3033} INFO - Sync 1 DAGs
[2025-04-28T13:58:00.588+0000] {logging_mixin.py:188} INFO - [2025-04-28T13:58:00.587+0000] {dag.py:3820} INFO - Setting next_dagrun for example_sensor_decorator to None, run_after=None
[2025-04-28T13:58:00.618+0000] {processor.py:183} INFO - Processing /home/airflow/.local/lib/python3.8/site-packages/airflow/example_dags/example_sensor_decorator.py took 0.103 seconds
[2025-04-28T13:58:34.536+0000] {processor.py:161} INFO - Started process (PID=489) to work on /home/airflow/.local/lib/python3.8/site-packages/airflow/example_dags/example_sensor_decorator.py
[2025-04-28T13:58:34.538+0000] {processor.py:830} INFO - Processing file /home/airflow/.local/lib/python3.8/site-packages/airflow/example_dags/example_sensor_decorator.py for tasks to queue
[2025-04-28T13:58:34.545+0000] {logging_mixin.py:188} INFO - [2025-04-28T13:58:34.544+0000] {dagbag.py:538} INFO - Filling up the DagBag from /home/airflow/.local/lib/python3.8/site-packages/airflow/example_dags/example_sensor_decorator.py
[2025-04-28T13:58:34.565+0000] {processor.py:840} INFO - DAG(s) 'example_sensor_decorator' retrieved from /home/airflow/.local/lib/python3.8/site-packages/airflow/example_dags/example_sensor_decorator.py
[2025-04-28T13:58:34.607+0000] {logging_mixin.py:188} INFO - [2025-04-28T13:58:34.606+0000] {dag.py:3033} INFO - Sync 1 DAGs
[2025-04-28T13:58:34.634+0000] {logging_mixin.py:188} INFO - [2025-04-28T13:58:34.634+0000] {dag.py:3820} INFO - Setting next_dagrun for example_sensor_decorator to None, run_after=None
[2025-04-28T13:58:34.668+0000] {processor.py:183} INFO - Processing /home/airflow/.local/lib/python3.8/site-packages/airflow/example_dags/example_sensor_decorator.py took 0.138 seconds
[2025-04-28T13:59:05.421+0000] {processor.py:161} INFO - Started process (PID=546) to work on /home/airflow/.local/lib/python3.8/site-packages/airflow/example_dags/example_sensor_decorator.py
[2025-04-28T13:59:05.422+0000] {processor.py:830} INFO - Processing file /home/airflow/.local/lib/python3.8/site-packages/airflow/example_dags/example_sensor_decorator.py for tasks to queue
[2025-04-28T13:59:05.425+0000] {logging_mixin.py:188} INFO - [2025-04-28T13:59:05.425+0000] {dagbag.py:538} INFO - Filling up the DagBag from /home/airflow/.local/lib/python3.8/site-packages/airflow/example_dags/example_sensor_decorator.py
[2025-04-28T13:59:05.436+0000] {processor.py:840} INFO - DAG(s) 'example_sensor_decorator' retrieved from /home/airflow/.local/lib/python3.8/site-packages/airflow/example_dags/example_sensor_decorator.py
[2025-04-28T13:59:05.469+0000] {logging_mixin.py:188} INFO - [2025-04-28T13:59:05.469+0000] {dag.py:3033} INFO - Sync 1 DAGs
[2025-04-28T13:59:05.491+0000] {logging_mixin.py:188} INFO - [2025-04-28T13:59:05.490+0000] {dag.py:3820} INFO - Setting next_dagrun for example_sensor_decorator to None, run_after=None
[2025-04-28T13:59:05.518+0000] {processor.py:183} INFO - Processing /home/airflow/.local/lib/python3.8/site-packages/airflow/example_dags/example_sensor_decorator.py took 0.102 seconds
[2025-04-28T13:59:45.457+0000] {processor.py:161} INFO - Started process (PID=602) to work on /home/airflow/.local/lib/python3.8/site-packages/airflow/example_dags/example_sensor_decorator.py
[2025-04-28T13:59:45.458+0000] {processor.py:830} INFO - Processing file /home/airflow/.local/lib/python3.8/site-packages/airflow/example_dags/example_sensor_decorator.py for tasks to queue
[2025-04-28T13:59:45.461+0000] {logging_mixin.py:188} INFO - [2025-04-28T13:59:45.461+0000] {dagbag.py:538} INFO - Filling up the DagBag from /home/airflow/.local/lib/python3.8/site-packages/airflow/example_dags/example_sensor_decorator.py
[2025-04-28T13:59:45.472+0000] {processor.py:840} INFO - DAG(s) 'example_sensor_decorator' retrieved from /home/airflow/.local/lib/python3.8/site-packages/airflow/example_dags/example_sensor_decorator.py
[2025-04-28T13:59:45.505+0000] {logging_mixin.py:188} INFO - [2025-04-28T13:59:45.505+0000] {dag.py:3033} INFO - Sync 1 DAGs
[2025-04-28T13:59:45.528+0000] {logging_mixin.py:188} INFO - [2025-04-28T13:59:45.528+0000] {dag.py:3820} INFO - Setting next_dagrun for example_sensor_decorator to None, run_after=None
[2025-04-28T13:59:45.567+0000] {processor.py:183} INFO - Processing /home/airflow/.local/lib/python3.8/site-packages/airflow/example_dags/example_sensor_decorator.py took 0.114 seconds
[2025-04-28T14:00:16.029+0000] {processor.py:161} INFO - Started process (PID=658) to work on /home/airflow/.local/lib/python3.8/site-packages/airflow/example_dags/example_sensor_decorator.py
[2025-04-28T14:00:16.031+0000] {processor.py:830} INFO - Processing file /home/airflow/.local/lib/python3.8/site-packages/airflow/example_dags/example_sensor_decorator.py for tasks to queue
[2025-04-28T14:00:16.036+0000] {logging_mixin.py:188} INFO - [2025-04-28T14:00:16.035+0000] {dagbag.py:538} INFO - Filling up the DagBag from /home/airflow/.local/lib/python3.8/site-packages/airflow/example_dags/example_sensor_decorator.py
[2025-04-28T14:00:16.051+0000] {processor.py:840} INFO - DAG(s) 'example_sensor_decorator' retrieved from /home/airflow/.local/lib/python3.8/site-packages/airflow/example_dags/example_sensor_decorator.py
[2025-04-28T14:00:16.089+0000] {logging_mixin.py:188} INFO - [2025-04-28T14:00:16.089+0000] {dag.py:3033} INFO - Sync 1 DAGs
[2025-04-28T14:00:16.120+0000] {logging_mixin.py:188} INFO - [2025-04-28T14:00:16.120+0000] {dag.py:3820} INFO - Setting next_dagrun for example_sensor_decorator to None, run_after=None
[2025-04-28T14:00:16.186+0000] {processor.py:183} INFO - Processing /home/airflow/.local/lib/python3.8/site-packages/airflow/example_dags/example_sensor_decorator.py took 0.165 seconds
[2025-04-28T14:00:47.223+0000] {processor.py:161} INFO - Started process (PID=713) to work on /home/airflow/.local/lib/python3.8/site-packages/airflow/example_dags/example_sensor_decorator.py
[2025-04-28T14:00:47.236+0000] {processor.py:830} INFO - Processing file /home/airflow/.local/lib/python3.8/site-packages/airflow/example_dags/example_sensor_decorator.py for tasks to queue
[2025-04-28T14:00:47.250+0000] {logging_mixin.py:188} INFO - [2025-04-28T14:00:47.249+0000] {dagbag.py:538} INFO - Filling up the DagBag from /home/airflow/.local/lib/python3.8/site-packages/airflow/example_dags/example_sensor_decorator.py
[2025-04-28T14:00:47.267+0000] {processor.py:840} INFO - DAG(s) 'example_sensor_decorator' retrieved from /home/airflow/.local/lib/python3.8/site-packages/airflow/example_dags/example_sensor_decorator.py
[2025-04-28T14:00:47.368+0000] {logging_mixin.py:188} INFO - [2025-04-28T14:00:47.368+0000] {dag.py:3033} INFO - Sync 1 DAGs
[2025-04-28T14:00:47.439+0000] {logging_mixin.py:188} INFO - [2025-04-28T14:00:47.438+0000] {dag.py:3820} INFO - Setting next_dagrun for example_sensor_decorator to None, run_after=None
[2025-04-28T14:00:47.524+0000] {processor.py:183} INFO - Processing /home/airflow/.local/lib/python3.8/site-packages/airflow/example_dags/example_sensor_decorator.py took 0.317 seconds
[2025-04-28T14:01:18.043+0000] {processor.py:161} INFO - Started process (PID=769) to work on /home/airflow/.local/lib/python3.8/site-packages/airflow/example_dags/example_sensor_decorator.py
[2025-04-28T14:01:18.054+0000] {processor.py:830} INFO - Processing file /home/airflow/.local/lib/python3.8/site-packages/airflow/example_dags/example_sensor_decorator.py for tasks to queue
[2025-04-28T14:01:18.069+0000] {logging_mixin.py:188} INFO - [2025-04-28T14:01:18.069+0000] {dagbag.py:538} INFO - Filling up the DagBag from /home/airflow/.local/lib/python3.8/site-packages/airflow/example_dags/example_sensor_decorator.py
[2025-04-28T14:01:18.102+0000] {processor.py:840} INFO - DAG(s) 'example_sensor_decorator' retrieved from /home/airflow/.local/lib/python3.8/site-packages/airflow/example_dags/example_sensor_decorator.py
[2025-04-28T14:01:18.204+0000] {logging_mixin.py:188} INFO - [2025-04-28T14:01:18.204+0000] {dag.py:3033} INFO - Sync 1 DAGs
[2025-04-28T14:01:18.281+0000] {logging_mixin.py:188} INFO - [2025-04-28T14:01:18.281+0000] {dag.py:3820} INFO - Setting next_dagrun for example_sensor_decorator to None, run_after=None
[2025-04-28T14:01:18.341+0000] {processor.py:183} INFO - Processing /home/airflow/.local/lib/python3.8/site-packages/airflow/example_dags/example_sensor_decorator.py took 0.304 seconds
[2025-04-28T14:01:48.718+0000] {processor.py:161} INFO - Started process (PID=825) to work on /home/airflow/.local/lib/python3.8/site-packages/airflow/example_dags/example_sensor_decorator.py
[2025-04-28T14:01:48.719+0000] {processor.py:830} INFO - Processing file /home/airflow/.local/lib/python3.8/site-packages/airflow/example_dags/example_sensor_decorator.py for tasks to queue
[2025-04-28T14:01:48.723+0000] {logging_mixin.py:188} INFO - [2025-04-28T14:01:48.723+0000] {dagbag.py:538} INFO - Filling up the DagBag from /home/airflow/.local/lib/python3.8/site-packages/airflow/example_dags/example_sensor_decorator.py
[2025-04-28T14:01:48.734+0000] {processor.py:840} INFO - DAG(s) 'example_sensor_decorator' retrieved from /home/airflow/.local/lib/python3.8/site-packages/airflow/example_dags/example_sensor_decorator.py
[2025-04-28T14:01:48.763+0000] {logging_mixin.py:188} INFO - [2025-04-28T14:01:48.763+0000] {dag.py:3033} INFO - Sync 1 DAGs
[2025-04-28T14:01:48.782+0000] {logging_mixin.py:188} INFO - [2025-04-28T14:01:48.781+0000] {dag.py:3820} INFO - Setting next_dagrun for example_sensor_decorator to None, run_after=None
[2025-04-28T14:01:48.819+0000] {processor.py:183} INFO - Processing /home/airflow/.local/lib/python3.8/site-packages/airflow/example_dags/example_sensor_decorator.py took 0.105 seconds
[2025-04-28T14:02:19.561+0000] {processor.py:161} INFO - Started process (PID=881) to work on /home/airflow/.local/lib/python3.8/site-packages/airflow/example_dags/example_sensor_decorator.py
[2025-04-28T14:02:19.562+0000] {processor.py:830} INFO - Processing file /home/airflow/.local/lib/python3.8/site-packages/airflow/example_dags/example_sensor_decorator.py for tasks to queue
[2025-04-28T14:02:19.567+0000] {logging_mixin.py:188} INFO - [2025-04-28T14:02:19.565+0000] {dagbag.py:538} INFO - Filling up the DagBag from /home/airflow/.local/lib/python3.8/site-packages/airflow/example_dags/example_sensor_decorator.py
[2025-04-28T14:02:19.577+0000] {processor.py:840} INFO - DAG(s) 'example_sensor_decorator' retrieved from /home/airflow/.local/lib/python3.8/site-packages/airflow/example_dags/example_sensor_decorator.py
[2025-04-28T14:02:19.618+0000] {logging_mixin.py:188} INFO - [2025-04-28T14:02:19.618+0000] {dag.py:3033} INFO - Sync 1 DAGs
[2025-04-28T14:02:19.642+0000] {logging_mixin.py:188} INFO - [2025-04-28T14:02:19.642+0000] {dag.py:3820} INFO - Setting next_dagrun for example_sensor_decorator to None, run_after=None
[2025-04-28T14:02:19.693+0000] {processor.py:183} INFO - Processing /home/airflow/.local/lib/python3.8/site-packages/airflow/example_dags/example_sensor_decorator.py took 0.138 seconds
[2025-04-28T14:02:50.871+0000] {processor.py:161} INFO - Started process (PID=937) to work on /home/airflow/.local/lib/python3.8/site-packages/airflow/example_dags/example_sensor_decorator.py
[2025-04-28T14:02:50.873+0000] {processor.py:830} INFO - Processing file /home/airflow/.local/lib/python3.8/site-packages/airflow/example_dags/example_sensor_decorator.py for tasks to queue
[2025-04-28T14:02:50.876+0000] {logging_mixin.py:188} INFO - [2025-04-28T14:02:50.876+0000] {dagbag.py:538} INFO - Filling up the DagBag from /home/airflow/.local/lib/python3.8/site-packages/airflow/example_dags/example_sensor_decorator.py
[2025-04-28T14:02:50.886+0000] {processor.py:840} INFO - DAG(s) 'example_sensor_decorator' retrieved from /home/airflow/.local/lib/python3.8/site-packages/airflow/example_dags/example_sensor_decorator.py
[2025-04-28T14:02:50.924+0000] {logging_mixin.py:188} INFO - [2025-04-28T14:02:50.923+0000] {dag.py:3033} INFO - Sync 1 DAGs
[2025-04-28T14:02:50.945+0000] {logging_mixin.py:188} INFO - [2025-04-28T14:02:50.944+0000] {dag.py:3820} INFO - Setting next_dagrun for example_sensor_decorator to None, run_after=None
[2025-04-28T14:02:50.990+0000] {processor.py:183} INFO - Processing /home/airflow/.local/lib/python3.8/site-packages/airflow/example_dags/example_sensor_decorator.py took 0.124 seconds
[2025-04-28T14:03:23.390+0000] {processor.py:161} INFO - Started process (PID=993) to work on /home/airflow/.local/lib/python3.8/site-packages/airflow/example_dags/example_sensor_decorator.py
[2025-04-28T14:03:23.391+0000] {processor.py:830} INFO - Processing file /home/airflow/.local/lib/python3.8/site-packages/airflow/example_dags/example_sensor_decorator.py for tasks to queue
[2025-04-28T14:03:23.394+0000] {logging_mixin.py:188} INFO - [2025-04-28T14:03:23.394+0000] {dagbag.py:538} INFO - Filling up the DagBag from /home/airflow/.local/lib/python3.8/site-packages/airflow/example_dags/example_sensor_decorator.py
[2025-04-28T14:03:23.404+0000] {processor.py:840} INFO - DAG(s) 'example_sensor_decorator' retrieved from /home/airflow/.local/lib/python3.8/site-packages/airflow/example_dags/example_sensor_decorator.py
[2025-04-28T14:03:23.447+0000] {logging_mixin.py:188} INFO - [2025-04-28T14:03:23.447+0000] {dag.py:3033} INFO - Sync 1 DAGs
[2025-04-28T14:03:23.469+0000] {logging_mixin.py:188} INFO - [2025-04-28T14:03:23.468+0000] {dag.py:3820} INFO - Setting next_dagrun for example_sensor_decorator to None, run_after=None
[2025-04-28T14:03:23.499+0000] {processor.py:183} INFO - Processing /home/airflow/.local/lib/python3.8/site-packages/airflow/example_dags/example_sensor_decorator.py took 0.115 seconds
[2025-04-28T14:03:56.633+0000] {processor.py:161} INFO - Started process (PID=1049) to work on /home/airflow/.local/lib/python3.8/site-packages/airflow/example_dags/example_sensor_decorator.py
[2025-04-28T14:03:56.635+0000] {processor.py:830} INFO - Processing file /home/airflow/.local/lib/python3.8/site-packages/airflow/example_dags/example_sensor_decorator.py for tasks to queue
[2025-04-28T14:03:56.645+0000] {logging_mixin.py:188} INFO - [2025-04-28T14:03:56.644+0000] {dagbag.py:538} INFO - Filling up the DagBag from /home/airflow/.local/lib/python3.8/site-packages/airflow/example_dags/example_sensor_decorator.py
[2025-04-28T14:03:56.659+0000] {processor.py:840} INFO - DAG(s) 'example_sensor_decorator' retrieved from /home/airflow/.local/lib/python3.8/site-packages/airflow/example_dags/example_sensor_decorator.py
[2025-04-28T14:03:56.696+0000] {logging_mixin.py:188} INFO - [2025-04-28T14:03:56.696+0000] {dag.py:3033} INFO - Sync 1 DAGs
[2025-04-28T14:03:56.725+0000] {logging_mixin.py:188} INFO - [2025-04-28T14:03:56.724+0000] {dag.py:3820} INFO - Setting next_dagrun for example_sensor_decorator to None, run_after=None
[2025-04-28T14:03:56.764+0000] {processor.py:183} INFO - Processing /home/airflow/.local/lib/python3.8/site-packages/airflow/example_dags/example_sensor_decorator.py took 0.144 seconds
[2025-04-28T14:04:29.525+0000] {processor.py:161} INFO - Started process (PID=1105) to work on /home/airflow/.local/lib/python3.8/site-packages/airflow/example_dags/example_sensor_decorator.py
[2025-04-28T14:04:29.529+0000] {processor.py:830} INFO - Processing file /home/airflow/.local/lib/python3.8/site-packages/airflow/example_dags/example_sensor_decorator.py for tasks to queue
[2025-04-28T14:04:29.533+0000] {logging_mixin.py:188} INFO - [2025-04-28T14:04:29.532+0000] {dagbag.py:538} INFO - Filling up the DagBag from /home/airflow/.local/lib/python3.8/site-packages/airflow/example_dags/example_sensor_decorator.py
[2025-04-28T14:04:29.544+0000] {processor.py:840} INFO - DAG(s) 'example_sensor_decorator' retrieved from /home/airflow/.local/lib/python3.8/site-packages/airflow/example_dags/example_sensor_decorator.py
[2025-04-28T14:04:29.603+0000] {logging_mixin.py:188} INFO - [2025-04-28T14:04:29.603+0000] {dag.py:3033} INFO - Sync 1 DAGs
[2025-04-28T14:04:29.628+0000] {logging_mixin.py:188} INFO - [2025-04-28T14:04:29.627+0000] {dag.py:3820} INFO - Setting next_dagrun for example_sensor_decorator to None, run_after=None
[2025-04-28T14:04:29.666+0000] {processor.py:183} INFO - Processing /home/airflow/.local/lib/python3.8/site-packages/airflow/example_dags/example_sensor_decorator.py took 0.152 seconds
[2025-04-28T14:05:02.836+0000] {processor.py:161} INFO - Started process (PID=1160) to work on /home/airflow/.local/lib/python3.8/site-packages/airflow/example_dags/example_sensor_decorator.py
[2025-04-28T14:05:02.837+0000] {processor.py:830} INFO - Processing file /home/airflow/.local/lib/python3.8/site-packages/airflow/example_dags/example_sensor_decorator.py for tasks to queue
[2025-04-28T14:05:02.841+0000] {logging_mixin.py:188} INFO - [2025-04-28T14:05:02.841+0000] {dagbag.py:538} INFO - Filling up the DagBag from /home/airflow/.local/lib/python3.8/site-packages/airflow/example_dags/example_sensor_decorator.py
[2025-04-28T14:05:02.858+0000] {processor.py:840} INFO - DAG(s) 'example_sensor_decorator' retrieved from /home/airflow/.local/lib/python3.8/site-packages/airflow/example_dags/example_sensor_decorator.py
[2025-04-28T14:05:02.900+0000] {logging_mixin.py:188} INFO - [2025-04-28T14:05:02.899+0000] {dag.py:3033} INFO - Sync 1 DAGs
[2025-04-28T14:05:02.934+0000] {logging_mixin.py:188} INFO - [2025-04-28T14:05:02.933+0000] {dag.py:3820} INFO - Setting next_dagrun for example_sensor_decorator to None, run_after=None
[2025-04-28T14:05:02.981+0000] {processor.py:183} INFO - Processing /home/airflow/.local/lib/python3.8/site-packages/airflow/example_dags/example_sensor_decorator.py took 0.158 seconds
[2025-04-28T14:05:35.291+0000] {processor.py:161} INFO - Started process (PID=1215) to work on /home/airflow/.local/lib/python3.8/site-packages/airflow/example_dags/example_sensor_decorator.py
[2025-04-28T14:05:35.292+0000] {processor.py:830} INFO - Processing file /home/airflow/.local/lib/python3.8/site-packages/airflow/example_dags/example_sensor_decorator.py for tasks to queue
[2025-04-28T14:05:35.296+0000] {logging_mixin.py:188} INFO - [2025-04-28T14:05:35.296+0000] {dagbag.py:538} INFO - Filling up the DagBag from /home/airflow/.local/lib/python3.8/site-packages/airflow/example_dags/example_sensor_decorator.py
[2025-04-28T14:05:35.307+0000] {processor.py:840} INFO - DAG(s) 'example_sensor_decorator' retrieved from /home/airflow/.local/lib/python3.8/site-packages/airflow/example_dags/example_sensor_decorator.py
[2025-04-28T14:05:35.347+0000] {logging_mixin.py:188} INFO - [2025-04-28T14:05:35.347+0000] {dag.py:3033} INFO - Sync 1 DAGs
[2025-04-28T14:05:35.370+0000] {logging_mixin.py:188} INFO - [2025-04-28T14:05:35.369+0000] {dag.py:3820} INFO - Setting next_dagrun for example_sensor_decorator to None, run_after=None
[2025-04-28T14:05:35.404+0000] {processor.py:183} INFO - Processing /home/airflow/.local/lib/python3.8/site-packages/airflow/example_dags/example_sensor_decorator.py took 0.119 seconds
[2025-04-28T14:06:06.982+0000] {processor.py:161} INFO - Started process (PID=1271) to work on /home/airflow/.local/lib/python3.8/site-packages/airflow/example_dags/example_sensor_decorator.py
[2025-04-28T14:06:06.983+0000] {processor.py:830} INFO - Processing file /home/airflow/.local/lib/python3.8/site-packages/airflow/example_dags/example_sensor_decorator.py for tasks to queue
[2025-04-28T14:06:06.987+0000] {logging_mixin.py:188} INFO - [2025-04-28T14:06:06.987+0000] {dagbag.py:538} INFO - Filling up the DagBag from /home/airflow/.local/lib/python3.8/site-packages/airflow/example_dags/example_sensor_decorator.py
[2025-04-28T14:06:06.998+0000] {processor.py:840} INFO - DAG(s) 'example_sensor_decorator' retrieved from /home/airflow/.local/lib/python3.8/site-packages/airflow/example_dags/example_sensor_decorator.py
[2025-04-28T14:06:07.037+0000] {logging_mixin.py:188} INFO - [2025-04-28T14:06:07.037+0000] {dag.py:3033} INFO - Sync 1 DAGs
[2025-04-28T14:06:07.056+0000] {logging_mixin.py:188} INFO - [2025-04-28T14:06:07.056+0000] {dag.py:3820} INFO - Setting next_dagrun for example_sensor_decorator to None, run_after=None
[2025-04-28T14:06:07.089+0000] {processor.py:183} INFO - Processing /home/airflow/.local/lib/python3.8/site-packages/airflow/example_dags/example_sensor_decorator.py took 0.113 seconds
[2025-04-28T14:06:41.140+0000] {processor.py:161} INFO - Started process (PID=1333) to work on /home/airflow/.local/lib/python3.8/site-packages/airflow/example_dags/example_sensor_decorator.py
[2025-04-28T14:06:41.146+0000] {processor.py:830} INFO - Processing file /home/airflow/.local/lib/python3.8/site-packages/airflow/example_dags/example_sensor_decorator.py for tasks to queue
[2025-04-28T14:06:41.150+0000] {logging_mixin.py:188} INFO - [2025-04-28T14:06:41.149+0000] {dagbag.py:538} INFO - Filling up the DagBag from /home/airflow/.local/lib/python3.8/site-packages/airflow/example_dags/example_sensor_decorator.py
[2025-04-28T14:06:41.161+0000] {processor.py:840} INFO - DAG(s) 'example_sensor_decorator' retrieved from /home/airflow/.local/lib/python3.8/site-packages/airflow/example_dags/example_sensor_decorator.py
[2025-04-28T14:06:41.206+0000] {logging_mixin.py:188} INFO - [2025-04-28T14:06:41.206+0000] {dag.py:3033} INFO - Sync 1 DAGs
[2025-04-28T14:06:41.231+0000] {logging_mixin.py:188} INFO - [2025-04-28T14:06:41.231+0000] {dag.py:3820} INFO - Setting next_dagrun for example_sensor_decorator to None, run_after=None
[2025-04-28T14:06:41.270+0000] {processor.py:183} INFO - Processing /home/airflow/.local/lib/python3.8/site-packages/airflow/example_dags/example_sensor_decorator.py took 0.135 seconds
[2025-04-28T14:07:13.754+0000] {processor.py:161} INFO - Started process (PID=1389) to work on /home/airflow/.local/lib/python3.8/site-packages/airflow/example_dags/example_sensor_decorator.py
[2025-04-28T14:07:13.756+0000] {processor.py:830} INFO - Processing file /home/airflow/.local/lib/python3.8/site-packages/airflow/example_dags/example_sensor_decorator.py for tasks to queue
[2025-04-28T14:07:13.760+0000] {logging_mixin.py:188} INFO - [2025-04-28T14:07:13.760+0000] {dagbag.py:538} INFO - Filling up the DagBag from /home/airflow/.local/lib/python3.8/site-packages/airflow/example_dags/example_sensor_decorator.py
[2025-04-28T14:07:13.769+0000] {processor.py:840} INFO - DAG(s) 'example_sensor_decorator' retrieved from /home/airflow/.local/lib/python3.8/site-packages/airflow/example_dags/example_sensor_decorator.py
[2025-04-28T14:07:13.798+0000] {logging_mixin.py:188} INFO - [2025-04-28T14:07:13.798+0000] {dag.py:3033} INFO - Sync 1 DAGs
[2025-04-28T14:07:13.822+0000] {logging_mixin.py:188} INFO - [2025-04-28T14:07:13.821+0000] {dag.py:3820} INFO - Setting next_dagrun for example_sensor_decorator to None, run_after=None
[2025-04-28T14:07:13.852+0000] {processor.py:183} INFO - Processing /home/airflow/.local/lib/python3.8/site-packages/airflow/example_dags/example_sensor_decorator.py took 0.103 seconds
[2025-04-28T14:07:44.424+0000] {processor.py:161} INFO - Started process (PID=1445) to work on /home/airflow/.local/lib/python3.8/site-packages/airflow/example_dags/example_sensor_decorator.py
[2025-04-28T14:07:44.425+0000] {processor.py:830} INFO - Processing file /home/airflow/.local/lib/python3.8/site-packages/airflow/example_dags/example_sensor_decorator.py for tasks to queue
[2025-04-28T14:07:44.429+0000] {logging_mixin.py:188} INFO - [2025-04-28T14:07:44.428+0000] {dagbag.py:538} INFO - Filling up the DagBag from /home/airflow/.local/lib/python3.8/site-packages/airflow/example_dags/example_sensor_decorator.py
[2025-04-28T14:07:44.446+0000] {processor.py:840} INFO - DAG(s) 'example_sensor_decorator' retrieved from /home/airflow/.local/lib/python3.8/site-packages/airflow/example_dags/example_sensor_decorator.py
[2025-04-28T14:07:44.484+0000] {logging_mixin.py:188} INFO - [2025-04-28T14:07:44.484+0000] {dag.py:3033} INFO - Sync 1 DAGs
[2025-04-28T14:07:44.509+0000] {logging_mixin.py:188} INFO - [2025-04-28T14:07:44.509+0000] {dag.py:3820} INFO - Setting next_dagrun for example_sensor_decorator to None, run_after=None
[2025-04-28T14:07:44.544+0000] {processor.py:183} INFO - Processing /home/airflow/.local/lib/python3.8/site-packages/airflow/example_dags/example_sensor_decorator.py took 0.130 seconds
[2025-04-28T14:08:11.218+0000] {processor.py:161} INFO - Started process (PID=1501) to work on /home/airflow/.local/lib/python3.8/site-packages/airflow/example_dags/example_sensor_decorator.py
[2025-04-28T14:08:11.219+0000] {processor.py:830} INFO - Processing file /home/airflow/.local/lib/python3.8/site-packages/airflow/example_dags/example_sensor_decorator.py for tasks to queue
[2025-04-28T14:08:11.222+0000] {logging_mixin.py:188} INFO - [2025-04-28T14:08:11.222+0000] {dagbag.py:538} INFO - Filling up the DagBag from /home/airflow/.local/lib/python3.8/site-packages/airflow/example_dags/example_sensor_decorator.py
[2025-04-28T14:08:11.231+0000] {processor.py:840} INFO - DAG(s) 'example_sensor_decorator' retrieved from /home/airflow/.local/lib/python3.8/site-packages/airflow/example_dags/example_sensor_decorator.py
[2025-04-28T14:08:11.263+0000] {logging_mixin.py:188} INFO - [2025-04-28T14:08:11.263+0000] {dag.py:3033} INFO - Sync 1 DAGs
[2025-04-28T14:08:11.282+0000] {logging_mixin.py:188} INFO - [2025-04-28T14:08:11.282+0000] {dag.py:3820} INFO - Setting next_dagrun for example_sensor_decorator to None, run_after=None
[2025-04-28T14:08:11.321+0000] {processor.py:183} INFO - Processing /home/airflow/.local/lib/python3.8/site-packages/airflow/example_dags/example_sensor_decorator.py took 0.109 seconds
[2025-04-28T14:08:52.014+0000] {processor.py:161} INFO - Started process (PID=1571) to work on /home/airflow/.local/lib/python3.8/site-packages/airflow/example_dags/example_sensor_decorator.py
[2025-04-28T14:08:52.015+0000] {processor.py:830} INFO - Processing file /home/airflow/.local/lib/python3.8/site-packages/airflow/example_dags/example_sensor_decorator.py for tasks to queue
[2025-04-28T14:08:52.019+0000] {logging_mixin.py:188} INFO - [2025-04-28T14:08:52.019+0000] {dagbag.py:538} INFO - Filling up the DagBag from /home/airflow/.local/lib/python3.8/site-packages/airflow/example_dags/example_sensor_decorator.py
[2025-04-28T14:08:52.029+0000] {processor.py:840} INFO - DAG(s) 'example_sensor_decorator' retrieved from /home/airflow/.local/lib/python3.8/site-packages/airflow/example_dags/example_sensor_decorator.py
[2025-04-28T14:08:52.063+0000] {logging_mixin.py:188} INFO - [2025-04-28T14:08:52.063+0000] {dag.py:3033} INFO - Sync 1 DAGs
[2025-04-28T14:08:52.083+0000] {logging_mixin.py:188} INFO - [2025-04-28T14:08:52.082+0000] {dag.py:3820} INFO - Setting next_dagrun for example_sensor_decorator to None, run_after=None
[2025-04-28T14:08:52.115+0000] {processor.py:183} INFO - Processing /home/airflow/.local/lib/python3.8/site-packages/airflow/example_dags/example_sensor_decorator.py took 0.106 seconds
[2025-04-28T14:09:23.894+0000] {processor.py:161} INFO - Started process (PID=1627) to work on /home/airflow/.local/lib/python3.8/site-packages/airflow/example_dags/example_sensor_decorator.py
[2025-04-28T14:09:23.895+0000] {processor.py:830} INFO - Processing file /home/airflow/.local/lib/python3.8/site-packages/airflow/example_dags/example_sensor_decorator.py for tasks to queue
[2025-04-28T14:09:23.898+0000] {logging_mixin.py:188} INFO - [2025-04-28T14:09:23.897+0000] {dagbag.py:538} INFO - Filling up the DagBag from /home/airflow/.local/lib/python3.8/site-packages/airflow/example_dags/example_sensor_decorator.py
[2025-04-28T14:09:23.907+0000] {processor.py:840} INFO - DAG(s) 'example_sensor_decorator' retrieved from /home/airflow/.local/lib/python3.8/site-packages/airflow/example_dags/example_sensor_decorator.py
[2025-04-28T14:09:23.951+0000] {logging_mixin.py:188} INFO - [2025-04-28T14:09:23.951+0000] {dag.py:3033} INFO - Sync 1 DAGs
[2025-04-28T14:09:23.970+0000] {logging_mixin.py:188} INFO - [2025-04-28T14:09:23.969+0000] {dag.py:3820} INFO - Setting next_dagrun for example_sensor_decorator to None, run_after=None
[2025-04-28T14:09:24.003+0000] {processor.py:183} INFO - Processing /home/airflow/.local/lib/python3.8/site-packages/airflow/example_dags/example_sensor_decorator.py took 0.115 seconds
[2025-04-28T14:09:56.878+0000] {processor.py:161} INFO - Started process (PID=1687) to work on /home/airflow/.local/lib/python3.8/site-packages/airflow/example_dags/example_sensor_decorator.py
[2025-04-28T14:09:56.879+0000] {processor.py:830} INFO - Processing file /home/airflow/.local/lib/python3.8/site-packages/airflow/example_dags/example_sensor_decorator.py for tasks to queue
[2025-04-28T14:09:56.882+0000] {logging_mixin.py:188} INFO - [2025-04-28T14:09:56.882+0000] {dagbag.py:538} INFO - Filling up the DagBag from /home/airflow/.local/lib/python3.8/site-packages/airflow/example_dags/example_sensor_decorator.py
[2025-04-28T14:09:56.901+0000] {processor.py:840} INFO - DAG(s) 'example_sensor_decorator' retrieved from /home/airflow/.local/lib/python3.8/site-packages/airflow/example_dags/example_sensor_decorator.py
[2025-04-28T14:09:56.941+0000] {logging_mixin.py:188} INFO - [2025-04-28T14:09:56.941+0000] {dag.py:3033} INFO - Sync 1 DAGs
[2025-04-28T14:09:56.975+0000] {logging_mixin.py:188} INFO - [2025-04-28T14:09:56.975+0000] {dag.py:3820} INFO - Setting next_dagrun for example_sensor_decorator to None, run_after=None
[2025-04-28T14:09:57.044+0000] {processor.py:183} INFO - Processing /home/airflow/.local/lib/python3.8/site-packages/airflow/example_dags/example_sensor_decorator.py took 0.171 seconds
[2025-04-28T14:12:15.957+0000] {processor.py:161} INFO - Started process (PID=104) to work on /home/airflow/.local/lib/python3.8/site-packages/airflow/example_dags/example_sensor_decorator.py
[2025-04-28T14:12:15.959+0000] {processor.py:830} INFO - Processing file /home/airflow/.local/lib/python3.8/site-packages/airflow/example_dags/example_sensor_decorator.py for tasks to queue
[2025-04-28T14:12:15.963+0000] {logging_mixin.py:188} INFO - [2025-04-28T14:12:15.963+0000] {dagbag.py:538} INFO - Filling up the DagBag from /home/airflow/.local/lib/python3.8/site-packages/airflow/example_dags/example_sensor_decorator.py
[2025-04-28T14:12:15.971+0000] {processor.py:840} INFO - DAG(s) 'example_sensor_decorator' retrieved from /home/airflow/.local/lib/python3.8/site-packages/airflow/example_dags/example_sensor_decorator.py
[2025-04-28T14:12:16.167+0000] {logging_mixin.py:188} INFO - [2025-04-28T14:12:16.166+0000] {dag.py:3033} INFO - Sync 1 DAGs
[2025-04-28T14:12:16.182+0000] {logging_mixin.py:188} INFO - [2025-04-28T14:12:16.182+0000] {dag.py:3820} INFO - Setting next_dagrun for example_sensor_decorator to None, run_after=None
[2025-04-28T14:12:16.215+0000] {processor.py:183} INFO - Processing /home/airflow/.local/lib/python3.8/site-packages/airflow/example_dags/example_sensor_decorator.py took 0.263 seconds
[2025-04-28T14:12:47.239+0000] {processor.py:161} INFO - Started process (PID=161) to work on /home/airflow/.local/lib/python3.8/site-packages/airflow/example_dags/example_sensor_decorator.py
[2025-04-28T14:12:47.254+0000] {processor.py:830} INFO - Processing file /home/airflow/.local/lib/python3.8/site-packages/airflow/example_dags/example_sensor_decorator.py for tasks to queue
[2025-04-28T14:12:47.263+0000] {logging_mixin.py:188} INFO - [2025-04-28T14:12:47.262+0000] {dagbag.py:538} INFO - Filling up the DagBag from /home/airflow/.local/lib/python3.8/site-packages/airflow/example_dags/example_sensor_decorator.py
[2025-04-28T14:12:47.284+0000] {processor.py:840} INFO - DAG(s) 'example_sensor_decorator' retrieved from /home/airflow/.local/lib/python3.8/site-packages/airflow/example_dags/example_sensor_decorator.py
[2025-04-28T14:12:47.397+0000] {logging_mixin.py:188} INFO - [2025-04-28T14:12:47.396+0000] {dag.py:3033} INFO - Sync 1 DAGs
[2025-04-28T14:12:47.472+0000] {logging_mixin.py:188} INFO - [2025-04-28T14:12:47.472+0000] {dag.py:3820} INFO - Setting next_dagrun for example_sensor_decorator to None, run_after=None
[2025-04-28T14:12:47.531+0000] {processor.py:183} INFO - Processing /home/airflow/.local/lib/python3.8/site-packages/airflow/example_dags/example_sensor_decorator.py took 0.297 seconds
[2025-04-28T14:13:17.786+0000] {processor.py:161} INFO - Started process (PID=217) to work on /home/airflow/.local/lib/python3.8/site-packages/airflow/example_dags/example_sensor_decorator.py
[2025-04-28T14:13:17.797+0000] {processor.py:830} INFO - Processing file /home/airflow/.local/lib/python3.8/site-packages/airflow/example_dags/example_sensor_decorator.py for tasks to queue
[2025-04-28T14:13:17.802+0000] {logging_mixin.py:188} INFO - [2025-04-28T14:13:17.801+0000] {dagbag.py:538} INFO - Filling up the DagBag from /home/airflow/.local/lib/python3.8/site-packages/airflow/example_dags/example_sensor_decorator.py
[2025-04-28T14:13:17.814+0000] {processor.py:840} INFO - DAG(s) 'example_sensor_decorator' retrieved from /home/airflow/.local/lib/python3.8/site-packages/airflow/example_dags/example_sensor_decorator.py
[2025-04-28T14:13:17.862+0000] {logging_mixin.py:188} INFO - [2025-04-28T14:13:17.862+0000] {dag.py:3033} INFO - Sync 1 DAGs
[2025-04-28T14:13:17.885+0000] {logging_mixin.py:188} INFO - [2025-04-28T14:13:17.884+0000] {dag.py:3820} INFO - Setting next_dagrun for example_sensor_decorator to None, run_after=None
[2025-04-28T14:13:17.920+0000] {processor.py:183} INFO - Processing /home/airflow/.local/lib/python3.8/site-packages/airflow/example_dags/example_sensor_decorator.py took 0.140 seconds
[2025-04-28T14:13:49.929+0000] {processor.py:161} INFO - Started process (PID=274) to work on /home/airflow/.local/lib/python3.8/site-packages/airflow/example_dags/example_sensor_decorator.py
[2025-04-28T14:13:49.931+0000] {processor.py:830} INFO - Processing file /home/airflow/.local/lib/python3.8/site-packages/airflow/example_dags/example_sensor_decorator.py for tasks to queue
[2025-04-28T14:13:49.942+0000] {logging_mixin.py:188} INFO - [2025-04-28T14:13:49.942+0000] {dagbag.py:538} INFO - Filling up the DagBag from /home/airflow/.local/lib/python3.8/site-packages/airflow/example_dags/example_sensor_decorator.py
[2025-04-28T14:13:49.960+0000] {processor.py:840} INFO - DAG(s) 'example_sensor_decorator' retrieved from /home/airflow/.local/lib/python3.8/site-packages/airflow/example_dags/example_sensor_decorator.py
[2025-04-28T14:13:50.019+0000] {logging_mixin.py:188} INFO - [2025-04-28T14:13:50.018+0000] {dag.py:3033} INFO - Sync 1 DAGs
[2025-04-28T14:13:50.051+0000] {logging_mixin.py:188} INFO - [2025-04-28T14:13:50.051+0000] {dag.py:3820} INFO - Setting next_dagrun for example_sensor_decorator to None, run_after=None
[2025-04-28T14:13:50.092+0000] {processor.py:183} INFO - Processing /home/airflow/.local/lib/python3.8/site-packages/airflow/example_dags/example_sensor_decorator.py took 0.173 seconds
[2025-04-28T14:14:20.274+0000] {processor.py:161} INFO - Started process (PID=330) to work on /home/airflow/.local/lib/python3.8/site-packages/airflow/example_dags/example_sensor_decorator.py
[2025-04-28T14:14:20.276+0000] {processor.py:830} INFO - Processing file /home/airflow/.local/lib/python3.8/site-packages/airflow/example_dags/example_sensor_decorator.py for tasks to queue
[2025-04-28T14:14:20.279+0000] {logging_mixin.py:188} INFO - [2025-04-28T14:14:20.279+0000] {dagbag.py:538} INFO - Filling up the DagBag from /home/airflow/.local/lib/python3.8/site-packages/airflow/example_dags/example_sensor_decorator.py
[2025-04-28T14:14:20.290+0000] {processor.py:840} INFO - DAG(s) 'example_sensor_decorator' retrieved from /home/airflow/.local/lib/python3.8/site-packages/airflow/example_dags/example_sensor_decorator.py
[2025-04-28T14:14:20.319+0000] {logging_mixin.py:188} INFO - [2025-04-28T14:14:20.319+0000] {dag.py:3033} INFO - Sync 1 DAGs
[2025-04-28T14:14:20.336+0000] {logging_mixin.py:188} INFO - [2025-04-28T14:14:20.336+0000] {dag.py:3820} INFO - Setting next_dagrun for example_sensor_decorator to None, run_after=None
[2025-04-28T14:14:20.365+0000] {processor.py:183} INFO - Processing /home/airflow/.local/lib/python3.8/site-packages/airflow/example_dags/example_sensor_decorator.py took 0.096 seconds
[2025-04-28T14:14:54.258+0000] {processor.py:161} INFO - Started process (PID=387) to work on /home/airflow/.local/lib/python3.8/site-packages/airflow/example_dags/example_sensor_decorator.py
[2025-04-28T14:14:54.259+0000] {processor.py:830} INFO - Processing file /home/airflow/.local/lib/python3.8/site-packages/airflow/example_dags/example_sensor_decorator.py for tasks to queue
[2025-04-28T14:14:54.262+0000] {logging_mixin.py:188} INFO - [2025-04-28T14:14:54.262+0000] {dagbag.py:538} INFO - Filling up the DagBag from /home/airflow/.local/lib/python3.8/site-packages/airflow/example_dags/example_sensor_decorator.py
[2025-04-28T14:14:54.273+0000] {processor.py:840} INFO - DAG(s) 'example_sensor_decorator' retrieved from /home/airflow/.local/lib/python3.8/site-packages/airflow/example_dags/example_sensor_decorator.py
[2025-04-28T14:14:54.302+0000] {logging_mixin.py:188} INFO - [2025-04-28T14:14:54.302+0000] {dag.py:3033} INFO - Sync 1 DAGs
[2025-04-28T14:14:54.323+0000] {logging_mixin.py:188} INFO - [2025-04-28T14:14:54.323+0000] {dag.py:3820} INFO - Setting next_dagrun for example_sensor_decorator to None, run_after=None
[2025-04-28T14:14:54.354+0000] {processor.py:183} INFO - Processing /home/airflow/.local/lib/python3.8/site-packages/airflow/example_dags/example_sensor_decorator.py took 0.101 seconds
[2025-04-28T14:15:25.657+0000] {processor.py:161} INFO - Started process (PID=442) to work on /home/airflow/.local/lib/python3.8/site-packages/airflow/example_dags/example_sensor_decorator.py
[2025-04-28T14:15:25.658+0000] {processor.py:830} INFO - Processing file /home/airflow/.local/lib/python3.8/site-packages/airflow/example_dags/example_sensor_decorator.py for tasks to queue
[2025-04-28T14:15:25.661+0000] {logging_mixin.py:188} INFO - [2025-04-28T14:15:25.661+0000] {dagbag.py:538} INFO - Filling up the DagBag from /home/airflow/.local/lib/python3.8/site-packages/airflow/example_dags/example_sensor_decorator.py
[2025-04-28T14:15:25.669+0000] {processor.py:840} INFO - DAG(s) 'example_sensor_decorator' retrieved from /home/airflow/.local/lib/python3.8/site-packages/airflow/example_dags/example_sensor_decorator.py
[2025-04-28T14:15:25.700+0000] {logging_mixin.py:188} INFO - [2025-04-28T14:15:25.699+0000] {dag.py:3033} INFO - Sync 1 DAGs
[2025-04-28T14:15:25.721+0000] {logging_mixin.py:188} INFO - [2025-04-28T14:15:25.720+0000] {dag.py:3820} INFO - Setting next_dagrun for example_sensor_decorator to None, run_after=None
[2025-04-28T14:15:25.751+0000] {processor.py:183} INFO - Processing /home/airflow/.local/lib/python3.8/site-packages/airflow/example_dags/example_sensor_decorator.py took 0.099 seconds
[2025-04-28T14:15:58.841+0000] {processor.py:161} INFO - Started process (PID=497) to work on /home/airflow/.local/lib/python3.8/site-packages/airflow/example_dags/example_sensor_decorator.py
[2025-04-28T14:15:58.842+0000] {processor.py:830} INFO - Processing file /home/airflow/.local/lib/python3.8/site-packages/airflow/example_dags/example_sensor_decorator.py for tasks to queue
[2025-04-28T14:15:58.845+0000] {logging_mixin.py:188} INFO - [2025-04-28T14:15:58.845+0000] {dagbag.py:538} INFO - Filling up the DagBag from /home/airflow/.local/lib/python3.8/site-packages/airflow/example_dags/example_sensor_decorator.py
[2025-04-28T14:15:58.856+0000] {processor.py:840} INFO - DAG(s) 'example_sensor_decorator' retrieved from /home/airflow/.local/lib/python3.8/site-packages/airflow/example_dags/example_sensor_decorator.py
[2025-04-28T14:15:58.895+0000] {logging_mixin.py:188} INFO - [2025-04-28T14:15:58.894+0000] {dag.py:3033} INFO - Sync 1 DAGs
[2025-04-28T14:15:58.915+0000] {logging_mixin.py:188} INFO - [2025-04-28T14:15:58.914+0000] {dag.py:3820} INFO - Setting next_dagrun for example_sensor_decorator to None, run_after=None
[2025-04-28T14:15:58.949+0000] {processor.py:183} INFO - Processing /home/airflow/.local/lib/python3.8/site-packages/airflow/example_dags/example_sensor_decorator.py took 0.122 seconds
[2025-04-28T14:16:31.645+0000] {processor.py:161} INFO - Started process (PID=553) to work on /home/airflow/.local/lib/python3.8/site-packages/airflow/example_dags/example_sensor_decorator.py
[2025-04-28T14:16:31.647+0000] {processor.py:830} INFO - Processing file /home/airflow/.local/lib/python3.8/site-packages/airflow/example_dags/example_sensor_decorator.py for tasks to queue
[2025-04-28T14:16:31.650+0000] {logging_mixin.py:188} INFO - [2025-04-28T14:16:31.650+0000] {dagbag.py:538} INFO - Filling up the DagBag from /home/airflow/.local/lib/python3.8/site-packages/airflow/example_dags/example_sensor_decorator.py
[2025-04-28T14:16:31.667+0000] {processor.py:840} INFO - DAG(s) 'example_sensor_decorator' retrieved from /home/airflow/.local/lib/python3.8/site-packages/airflow/example_dags/example_sensor_decorator.py
[2025-04-28T14:16:31.707+0000] {logging_mixin.py:188} INFO - [2025-04-28T14:16:31.707+0000] {dag.py:3033} INFO - Sync 1 DAGs
[2025-04-28T14:16:31.728+0000] {logging_mixin.py:188} INFO - [2025-04-28T14:16:31.727+0000] {dag.py:3820} INFO - Setting next_dagrun for example_sensor_decorator to None, run_after=None
[2025-04-28T14:16:31.761+0000] {processor.py:183} INFO - Processing /home/airflow/.local/lib/python3.8/site-packages/airflow/example_dags/example_sensor_decorator.py took 0.123 seconds
[2025-04-28T14:17:04.673+0000] {processor.py:161} INFO - Started process (PID=608) to work on /home/airflow/.local/lib/python3.8/site-packages/airflow/example_dags/example_sensor_decorator.py
[2025-04-28T14:17:04.675+0000] {processor.py:830} INFO - Processing file /home/airflow/.local/lib/python3.8/site-packages/airflow/example_dags/example_sensor_decorator.py for tasks to queue
[2025-04-28T14:17:04.682+0000] {logging_mixin.py:188} INFO - [2025-04-28T14:17:04.679+0000] {dagbag.py:538} INFO - Filling up the DagBag from /home/airflow/.local/lib/python3.8/site-packages/airflow/example_dags/example_sensor_decorator.py
[2025-04-28T14:17:04.691+0000] {processor.py:840} INFO - DAG(s) 'example_sensor_decorator' retrieved from /home/airflow/.local/lib/python3.8/site-packages/airflow/example_dags/example_sensor_decorator.py
[2025-04-28T14:17:04.720+0000] {logging_mixin.py:188} INFO - [2025-04-28T14:17:04.719+0000] {dag.py:3033} INFO - Sync 1 DAGs
[2025-04-28T14:17:04.739+0000] {logging_mixin.py:188} INFO - [2025-04-28T14:17:04.739+0000] {dag.py:3820} INFO - Setting next_dagrun for example_sensor_decorator to None, run_after=None
[2025-04-28T14:17:04.775+0000] {processor.py:183} INFO - Processing /home/airflow/.local/lib/python3.8/site-packages/airflow/example_dags/example_sensor_decorator.py took 0.109 seconds
[2025-04-28T14:17:37.568+0000] {processor.py:161} INFO - Started process (PID=664) to work on /home/airflow/.local/lib/python3.8/site-packages/airflow/example_dags/example_sensor_decorator.py
[2025-04-28T14:17:37.572+0000] {processor.py:830} INFO - Processing file /home/airflow/.local/lib/python3.8/site-packages/airflow/example_dags/example_sensor_decorator.py for tasks to queue
[2025-04-28T14:17:37.576+0000] {logging_mixin.py:188} INFO - [2025-04-28T14:17:37.576+0000] {dagbag.py:538} INFO - Filling up the DagBag from /home/airflow/.local/lib/python3.8/site-packages/airflow/example_dags/example_sensor_decorator.py
[2025-04-28T14:17:37.588+0000] {processor.py:840} INFO - DAG(s) 'example_sensor_decorator' retrieved from /home/airflow/.local/lib/python3.8/site-packages/airflow/example_dags/example_sensor_decorator.py
[2025-04-28T14:17:37.624+0000] {logging_mixin.py:188} INFO - [2025-04-28T14:17:37.623+0000] {dag.py:3033} INFO - Sync 1 DAGs
[2025-04-28T14:17:37.650+0000] {logging_mixin.py:188} INFO - [2025-04-28T14:17:37.649+0000] {dag.py:3820} INFO - Setting next_dagrun for example_sensor_decorator to None, run_after=None
[2025-04-28T14:17:37.685+0000] {processor.py:183} INFO - Processing /home/airflow/.local/lib/python3.8/site-packages/airflow/example_dags/example_sensor_decorator.py took 0.124 seconds
[2025-04-28T14:18:11.993+0000] {processor.py:161} INFO - Started process (PID=726) to work on /home/airflow/.local/lib/python3.8/site-packages/airflow/example_dags/example_sensor_decorator.py
[2025-04-28T14:18:11.994+0000] {processor.py:830} INFO - Processing file /home/airflow/.local/lib/python3.8/site-packages/airflow/example_dags/example_sensor_decorator.py for tasks to queue
[2025-04-28T14:18:11.998+0000] {logging_mixin.py:188} INFO - [2025-04-28T14:18:11.997+0000] {dagbag.py:538} INFO - Filling up the DagBag from /home/airflow/.local/lib/python3.8/site-packages/airflow/example_dags/example_sensor_decorator.py
[2025-04-28T14:18:12.009+0000] {processor.py:840} INFO - DAG(s) 'example_sensor_decorator' retrieved from /home/airflow/.local/lib/python3.8/site-packages/airflow/example_dags/example_sensor_decorator.py
[2025-04-28T14:18:12.058+0000] {logging_mixin.py:188} INFO - [2025-04-28T14:18:12.058+0000] {dag.py:3033} INFO - Sync 1 DAGs
[2025-04-28T14:18:12.092+0000] {logging_mixin.py:188} INFO - [2025-04-28T14:18:12.091+0000] {dag.py:3820} INFO - Setting next_dagrun for example_sensor_decorator to None, run_after=None
[2025-04-28T14:18:12.143+0000] {processor.py:183} INFO - Processing /home/airflow/.local/lib/python3.8/site-packages/airflow/example_dags/example_sensor_decorator.py took 0.157 seconds
[2025-04-28T14:18:42.935+0000] {processor.py:161} INFO - Started process (PID=783) to work on /home/airflow/.local/lib/python3.8/site-packages/airflow/example_dags/example_sensor_decorator.py
[2025-04-28T14:18:42.936+0000] {processor.py:830} INFO - Processing file /home/airflow/.local/lib/python3.8/site-packages/airflow/example_dags/example_sensor_decorator.py for tasks to queue
[2025-04-28T14:18:42.941+0000] {logging_mixin.py:188} INFO - [2025-04-28T14:18:42.941+0000] {dagbag.py:538} INFO - Filling up the DagBag from /home/airflow/.local/lib/python3.8/site-packages/airflow/example_dags/example_sensor_decorator.py
[2025-04-28T14:18:42.953+0000] {processor.py:840} INFO - DAG(s) 'example_sensor_decorator' retrieved from /home/airflow/.local/lib/python3.8/site-packages/airflow/example_dags/example_sensor_decorator.py
[2025-04-28T14:18:42.997+0000] {logging_mixin.py:188} INFO - [2025-04-28T14:18:42.996+0000] {dag.py:3033} INFO - Sync 1 DAGs
[2025-04-28T14:18:43.026+0000] {logging_mixin.py:188} INFO - [2025-04-28T14:18:43.026+0000] {dag.py:3820} INFO - Setting next_dagrun for example_sensor_decorator to None, run_after=None
[2025-04-28T14:18:43.071+0000] {processor.py:183} INFO - Processing /home/airflow/.local/lib/python3.8/site-packages/airflow/example_dags/example_sensor_decorator.py took 0.142 seconds
[2025-04-28T14:19:15.188+0000] {processor.py:161} INFO - Started process (PID=839) to work on /home/airflow/.local/lib/python3.8/site-packages/airflow/example_dags/example_sensor_decorator.py
[2025-04-28T14:19:15.189+0000] {processor.py:830} INFO - Processing file /home/airflow/.local/lib/python3.8/site-packages/airflow/example_dags/example_sensor_decorator.py for tasks to queue
[2025-04-28T14:19:15.193+0000] {logging_mixin.py:188} INFO - [2025-04-28T14:19:15.192+0000] {dagbag.py:538} INFO - Filling up the DagBag from /home/airflow/.local/lib/python3.8/site-packages/airflow/example_dags/example_sensor_decorator.py
[2025-04-28T14:19:15.203+0000] {processor.py:840} INFO - DAG(s) 'example_sensor_decorator' retrieved from /home/airflow/.local/lib/python3.8/site-packages/airflow/example_dags/example_sensor_decorator.py
[2025-04-28T14:19:15.234+0000] {logging_mixin.py:188} INFO - [2025-04-28T14:19:15.234+0000] {dag.py:3033} INFO - Sync 1 DAGs
[2025-04-28T14:19:15.255+0000] {logging_mixin.py:188} INFO - [2025-04-28T14:19:15.255+0000] {dag.py:3820} INFO - Setting next_dagrun for example_sensor_decorator to None, run_after=None
[2025-04-28T14:19:15.287+0000] {processor.py:183} INFO - Processing /home/airflow/.local/lib/python3.8/site-packages/airflow/example_dags/example_sensor_decorator.py took 0.103 seconds
[2025-04-28T14:19:48.242+0000] {processor.py:161} INFO - Started process (PID=895) to work on /home/airflow/.local/lib/python3.8/site-packages/airflow/example_dags/example_sensor_decorator.py
[2025-04-28T14:19:48.243+0000] {processor.py:830} INFO - Processing file /home/airflow/.local/lib/python3.8/site-packages/airflow/example_dags/example_sensor_decorator.py for tasks to queue
[2025-04-28T14:19:48.249+0000] {logging_mixin.py:188} INFO - [2025-04-28T14:19:48.248+0000] {dagbag.py:538} INFO - Filling up the DagBag from /home/airflow/.local/lib/python3.8/site-packages/airflow/example_dags/example_sensor_decorator.py
[2025-04-28T14:19:48.265+0000] {processor.py:840} INFO - DAG(s) 'example_sensor_decorator' retrieved from /home/airflow/.local/lib/python3.8/site-packages/airflow/example_dags/example_sensor_decorator.py
[2025-04-28T14:19:48.302+0000] {logging_mixin.py:188} INFO - [2025-04-28T14:19:48.302+0000] {dag.py:3033} INFO - Sync 1 DAGs
[2025-04-28T14:19:48.356+0000] {logging_mixin.py:188} INFO - [2025-04-28T14:19:48.356+0000] {dag.py:3820} INFO - Setting next_dagrun for example_sensor_decorator to None, run_after=None
[2025-04-28T14:19:48.409+0000] {processor.py:183} INFO - Processing /home/airflow/.local/lib/python3.8/site-packages/airflow/example_dags/example_sensor_decorator.py took 0.174 seconds
[2025-04-28T14:20:22.283+0000] {processor.py:161} INFO - Started process (PID=951) to work on /home/airflow/.local/lib/python3.8/site-packages/airflow/example_dags/example_sensor_decorator.py
[2025-04-28T14:20:22.286+0000] {processor.py:830} INFO - Processing file /home/airflow/.local/lib/python3.8/site-packages/airflow/example_dags/example_sensor_decorator.py for tasks to queue
[2025-04-28T14:20:22.291+0000] {logging_mixin.py:188} INFO - [2025-04-28T14:20:22.291+0000] {dagbag.py:538} INFO - Filling up the DagBag from /home/airflow/.local/lib/python3.8/site-packages/airflow/example_dags/example_sensor_decorator.py
[2025-04-28T14:20:22.302+0000] {processor.py:840} INFO - DAG(s) 'example_sensor_decorator' retrieved from /home/airflow/.local/lib/python3.8/site-packages/airflow/example_dags/example_sensor_decorator.py
[2025-04-28T14:20:22.342+0000] {logging_mixin.py:188} INFO - [2025-04-28T14:20:22.341+0000] {dag.py:3033} INFO - Sync 1 DAGs
[2025-04-28T14:20:22.388+0000] {logging_mixin.py:188} INFO - [2025-04-28T14:20:22.388+0000] {dag.py:3820} INFO - Setting next_dagrun for example_sensor_decorator to None, run_after=None
[2025-04-28T14:20:22.439+0000] {processor.py:183} INFO - Processing /home/airflow/.local/lib/python3.8/site-packages/airflow/example_dags/example_sensor_decorator.py took 0.162 seconds
[2025-04-28T14:20:53.584+0000] {processor.py:161} INFO - Started process (PID=1007) to work on /home/airflow/.local/lib/python3.8/site-packages/airflow/example_dags/example_sensor_decorator.py
[2025-04-28T14:20:53.585+0000] {processor.py:830} INFO - Processing file /home/airflow/.local/lib/python3.8/site-packages/airflow/example_dags/example_sensor_decorator.py for tasks to queue
[2025-04-28T14:20:53.589+0000] {logging_mixin.py:188} INFO - [2025-04-28T14:20:53.588+0000] {dagbag.py:538} INFO - Filling up the DagBag from /home/airflow/.local/lib/python3.8/site-packages/airflow/example_dags/example_sensor_decorator.py
[2025-04-28T14:20:53.597+0000] {processor.py:840} INFO - DAG(s) 'example_sensor_decorator' retrieved from /home/airflow/.local/lib/python3.8/site-packages/airflow/example_dags/example_sensor_decorator.py
[2025-04-28T14:20:53.631+0000] {logging_mixin.py:188} INFO - [2025-04-28T14:20:53.631+0000] {dag.py:3033} INFO - Sync 1 DAGs
[2025-04-28T14:20:53.653+0000] {logging_mixin.py:188} INFO - [2025-04-28T14:20:53.652+0000] {dag.py:3820} INFO - Setting next_dagrun for example_sensor_decorator to None, run_after=None
[2025-04-28T14:20:53.695+0000] {processor.py:183} INFO - Processing /home/airflow/.local/lib/python3.8/site-packages/airflow/example_dags/example_sensor_decorator.py took 0.115 seconds
[2025-04-28T14:21:27.308+0000] {processor.py:161} INFO - Started process (PID=1062) to work on /home/airflow/.local/lib/python3.8/site-packages/airflow/example_dags/example_sensor_decorator.py
[2025-04-28T14:21:27.310+0000] {processor.py:830} INFO - Processing file /home/airflow/.local/lib/python3.8/site-packages/airflow/example_dags/example_sensor_decorator.py for tasks to queue
[2025-04-28T14:21:27.314+0000] {logging_mixin.py:188} INFO - [2025-04-28T14:21:27.313+0000] {dagbag.py:538} INFO - Filling up the DagBag from /home/airflow/.local/lib/python3.8/site-packages/airflow/example_dags/example_sensor_decorator.py
[2025-04-28T14:21:27.326+0000] {processor.py:840} INFO - DAG(s) 'example_sensor_decorator' retrieved from /home/airflow/.local/lib/python3.8/site-packages/airflow/example_dags/example_sensor_decorator.py
[2025-04-28T14:21:27.394+0000] {logging_mixin.py:188} INFO - [2025-04-28T14:21:27.394+0000] {dag.py:3033} INFO - Sync 1 DAGs
[2025-04-28T14:21:27.436+0000] {logging_mixin.py:188} INFO - [2025-04-28T14:21:27.436+0000] {dag.py:3820} INFO - Setting next_dagrun for example_sensor_decorator to None, run_after=None
[2025-04-28T14:21:27.485+0000] {processor.py:183} INFO - Processing /home/airflow/.local/lib/python3.8/site-packages/airflow/example_dags/example_sensor_decorator.py took 0.183 seconds
[2025-04-28T14:22:00.446+0000] {processor.py:161} INFO - Started process (PID=1118) to work on /home/airflow/.local/lib/python3.8/site-packages/airflow/example_dags/example_sensor_decorator.py
[2025-04-28T14:22:00.447+0000] {processor.py:830} INFO - Processing file /home/airflow/.local/lib/python3.8/site-packages/airflow/example_dags/example_sensor_decorator.py for tasks to queue
[2025-04-28T14:22:00.450+0000] {logging_mixin.py:188} INFO - [2025-04-28T14:22:00.450+0000] {dagbag.py:538} INFO - Filling up the DagBag from /home/airflow/.local/lib/python3.8/site-packages/airflow/example_dags/example_sensor_decorator.py
[2025-04-28T14:22:00.458+0000] {processor.py:840} INFO - DAG(s) 'example_sensor_decorator' retrieved from /home/airflow/.local/lib/python3.8/site-packages/airflow/example_dags/example_sensor_decorator.py
[2025-04-28T14:22:00.486+0000] {logging_mixin.py:188} INFO - [2025-04-28T14:22:00.486+0000] {dag.py:3033} INFO - Sync 1 DAGs
[2025-04-28T14:22:00.504+0000] {logging_mixin.py:188} INFO - [2025-04-28T14:22:00.503+0000] {dag.py:3820} INFO - Setting next_dagrun for example_sensor_decorator to None, run_after=None
[2025-04-28T14:22:00.533+0000] {processor.py:183} INFO - Processing /home/airflow/.local/lib/python3.8/site-packages/airflow/example_dags/example_sensor_decorator.py took 0.091 seconds
[2025-04-28T14:22:32.336+0000] {processor.py:161} INFO - Started process (PID=1173) to work on /home/airflow/.local/lib/python3.8/site-packages/airflow/example_dags/example_sensor_decorator.py
[2025-04-28T14:22:32.339+0000] {processor.py:830} INFO - Processing file /home/airflow/.local/lib/python3.8/site-packages/airflow/example_dags/example_sensor_decorator.py for tasks to queue
[2025-04-28T14:22:32.344+0000] {logging_mixin.py:188} INFO - [2025-04-28T14:22:32.344+0000] {dagbag.py:538} INFO - Filling up the DagBag from /home/airflow/.local/lib/python3.8/site-packages/airflow/example_dags/example_sensor_decorator.py
[2025-04-28T14:22:32.356+0000] {processor.py:840} INFO - DAG(s) 'example_sensor_decorator' retrieved from /home/airflow/.local/lib/python3.8/site-packages/airflow/example_dags/example_sensor_decorator.py
[2025-04-28T14:22:32.398+0000] {logging_mixin.py:188} INFO - [2025-04-28T14:22:32.398+0000] {dag.py:3033} INFO - Sync 1 DAGs
[2025-04-28T14:22:32.420+0000] {logging_mixin.py:188} INFO - [2025-04-28T14:22:32.420+0000] {dag.py:3820} INFO - Setting next_dagrun for example_sensor_decorator to None, run_after=None
[2025-04-28T14:22:32.452+0000] {processor.py:183} INFO - Processing /home/airflow/.local/lib/python3.8/site-packages/airflow/example_dags/example_sensor_decorator.py took 0.122 seconds
[2025-04-28T14:23:05.192+0000] {processor.py:161} INFO - Started process (PID=1229) to work on /home/airflow/.local/lib/python3.8/site-packages/airflow/example_dags/example_sensor_decorator.py
[2025-04-28T14:23:05.194+0000] {processor.py:830} INFO - Processing file /home/airflow/.local/lib/python3.8/site-packages/airflow/example_dags/example_sensor_decorator.py for tasks to queue
[2025-04-28T14:23:05.198+0000] {logging_mixin.py:188} INFO - [2025-04-28T14:23:05.197+0000] {dagbag.py:538} INFO - Filling up the DagBag from /home/airflow/.local/lib/python3.8/site-packages/airflow/example_dags/example_sensor_decorator.py
[2025-04-28T14:23:05.208+0000] {processor.py:840} INFO - DAG(s) 'example_sensor_decorator' retrieved from /home/airflow/.local/lib/python3.8/site-packages/airflow/example_dags/example_sensor_decorator.py
[2025-04-28T14:23:05.240+0000] {logging_mixin.py:188} INFO - [2025-04-28T14:23:05.240+0000] {dag.py:3033} INFO - Sync 1 DAGs
[2025-04-28T14:23:05.262+0000] {logging_mixin.py:188} INFO - [2025-04-28T14:23:05.262+0000] {dag.py:3820} INFO - Setting next_dagrun for example_sensor_decorator to None, run_after=None
[2025-04-28T14:23:05.295+0000] {processor.py:183} INFO - Processing /home/airflow/.local/lib/python3.8/site-packages/airflow/example_dags/example_sensor_decorator.py took 0.108 seconds
[2025-04-28T14:23:37.377+0000] {processor.py:161} INFO - Started process (PID=1284) to work on /home/airflow/.local/lib/python3.8/site-packages/airflow/example_dags/example_sensor_decorator.py
[2025-04-28T14:23:37.379+0000] {processor.py:830} INFO - Processing file /home/airflow/.local/lib/python3.8/site-packages/airflow/example_dags/example_sensor_decorator.py for tasks to queue
[2025-04-28T14:23:37.382+0000] {logging_mixin.py:188} INFO - [2025-04-28T14:23:37.382+0000] {dagbag.py:538} INFO - Filling up the DagBag from /home/airflow/.local/lib/python3.8/site-packages/airflow/example_dags/example_sensor_decorator.py
[2025-04-28T14:23:37.391+0000] {processor.py:840} INFO - DAG(s) 'example_sensor_decorator' retrieved from /home/airflow/.local/lib/python3.8/site-packages/airflow/example_dags/example_sensor_decorator.py
[2025-04-28T14:23:37.424+0000] {logging_mixin.py:188} INFO - [2025-04-28T14:23:37.423+0000] {dag.py:3033} INFO - Sync 1 DAGs
[2025-04-28T14:23:37.440+0000] {logging_mixin.py:188} INFO - [2025-04-28T14:23:37.440+0000] {dag.py:3820} INFO - Setting next_dagrun for example_sensor_decorator to None, run_after=None
[2025-04-28T14:23:37.478+0000] {processor.py:183} INFO - Processing /home/airflow/.local/lib/python3.8/site-packages/airflow/example_dags/example_sensor_decorator.py took 0.106 seconds
[2025-04-28T14:24:10.253+0000] {processor.py:161} INFO - Started process (PID=1340) to work on /home/airflow/.local/lib/python3.8/site-packages/airflow/example_dags/example_sensor_decorator.py
[2025-04-28T14:24:10.254+0000] {processor.py:830} INFO - Processing file /home/airflow/.local/lib/python3.8/site-packages/airflow/example_dags/example_sensor_decorator.py for tasks to queue
[2025-04-28T14:24:10.257+0000] {logging_mixin.py:188} INFO - [2025-04-28T14:24:10.257+0000] {dagbag.py:538} INFO - Filling up the DagBag from /home/airflow/.local/lib/python3.8/site-packages/airflow/example_dags/example_sensor_decorator.py
[2025-04-28T14:24:10.267+0000] {processor.py:840} INFO - DAG(s) 'example_sensor_decorator' retrieved from /home/airflow/.local/lib/python3.8/site-packages/airflow/example_dags/example_sensor_decorator.py
[2025-04-28T14:24:10.312+0000] {logging_mixin.py:188} INFO - [2025-04-28T14:24:10.311+0000] {dag.py:3033} INFO - Sync 1 DAGs
[2025-04-28T14:24:10.335+0000] {logging_mixin.py:188} INFO - [2025-04-28T14:24:10.335+0000] {dag.py:3820} INFO - Setting next_dagrun for example_sensor_decorator to None, run_after=None
[2025-04-28T14:24:10.386+0000] {processor.py:183} INFO - Processing /home/airflow/.local/lib/python3.8/site-packages/airflow/example_dags/example_sensor_decorator.py took 0.138 seconds
[2025-04-28T14:24:42.539+0000] {processor.py:161} INFO - Started process (PID=1396) to work on /home/airflow/.local/lib/python3.8/site-packages/airflow/example_dags/example_sensor_decorator.py
[2025-04-28T14:24:42.541+0000] {processor.py:830} INFO - Processing file /home/airflow/.local/lib/python3.8/site-packages/airflow/example_dags/example_sensor_decorator.py for tasks to queue
[2025-04-28T14:24:42.544+0000] {logging_mixin.py:188} INFO - [2025-04-28T14:24:42.543+0000] {dagbag.py:538} INFO - Filling up the DagBag from /home/airflow/.local/lib/python3.8/site-packages/airflow/example_dags/example_sensor_decorator.py
[2025-04-28T14:24:42.556+0000] {processor.py:840} INFO - DAG(s) 'example_sensor_decorator' retrieved from /home/airflow/.local/lib/python3.8/site-packages/airflow/example_dags/example_sensor_decorator.py
[2025-04-28T14:24:42.593+0000] {logging_mixin.py:188} INFO - [2025-04-28T14:24:42.593+0000] {dag.py:3033} INFO - Sync 1 DAGs
[2025-04-28T14:24:42.610+0000] {logging_mixin.py:188} INFO - [2025-04-28T14:24:42.609+0000] {dag.py:3820} INFO - Setting next_dagrun for example_sensor_decorator to None, run_after=None
[2025-04-28T14:24:42.643+0000] {processor.py:183} INFO - Processing /home/airflow/.local/lib/python3.8/site-packages/airflow/example_dags/example_sensor_decorator.py took 0.110 seconds
[2025-04-28T14:25:17.220+0000] {processor.py:161} INFO - Started process (PID=1452) to work on /home/airflow/.local/lib/python3.8/site-packages/airflow/example_dags/example_sensor_decorator.py
[2025-04-28T14:25:17.231+0000] {processor.py:830} INFO - Processing file /home/airflow/.local/lib/python3.8/site-packages/airflow/example_dags/example_sensor_decorator.py for tasks to queue
[2025-04-28T14:25:17.236+0000] {logging_mixin.py:188} INFO - [2025-04-28T14:25:17.235+0000] {dagbag.py:538} INFO - Filling up the DagBag from /home/airflow/.local/lib/python3.8/site-packages/airflow/example_dags/example_sensor_decorator.py
[2025-04-28T14:25:17.270+0000] {processor.py:840} INFO - DAG(s) 'example_sensor_decorator' retrieved from /home/airflow/.local/lib/python3.8/site-packages/airflow/example_dags/example_sensor_decorator.py
[2025-04-28T14:25:17.409+0000] {logging_mixin.py:188} INFO - [2025-04-28T14:25:17.408+0000] {dag.py:3033} INFO - Sync 1 DAGs
[2025-04-28T14:25:17.458+0000] {logging_mixin.py:188} INFO - [2025-04-28T14:25:17.458+0000] {dag.py:3820} INFO - Setting next_dagrun for example_sensor_decorator to None, run_after=None
[2025-04-28T14:25:17.629+0000] {processor.py:183} INFO - Processing /home/airflow/.local/lib/python3.8/site-packages/airflow/example_dags/example_sensor_decorator.py took 0.433 seconds
[2025-04-28T14:25:50.985+0000] {processor.py:161} INFO - Started process (PID=1509) to work on /home/airflow/.local/lib/python3.8/site-packages/airflow/example_dags/example_sensor_decorator.py
[2025-04-28T14:25:50.987+0000] {processor.py:830} INFO - Processing file /home/airflow/.local/lib/python3.8/site-packages/airflow/example_dags/example_sensor_decorator.py for tasks to queue
[2025-04-28T14:25:50.990+0000] {logging_mixin.py:188} INFO - [2025-04-28T14:25:50.990+0000] {dagbag.py:538} INFO - Filling up the DagBag from /home/airflow/.local/lib/python3.8/site-packages/airflow/example_dags/example_sensor_decorator.py
[2025-04-28T14:25:50.999+0000] {processor.py:840} INFO - DAG(s) 'example_sensor_decorator' retrieved from /home/airflow/.local/lib/python3.8/site-packages/airflow/example_dags/example_sensor_decorator.py
[2025-04-28T14:25:51.030+0000] {logging_mixin.py:188} INFO - [2025-04-28T14:25:51.030+0000] {dag.py:3033} INFO - Sync 1 DAGs
[2025-04-28T14:25:51.057+0000] {logging_mixin.py:188} INFO - [2025-04-28T14:25:51.057+0000] {dag.py:3820} INFO - Setting next_dagrun for example_sensor_decorator to None, run_after=None
[2025-04-28T14:25:51.116+0000] {processor.py:183} INFO - Processing /home/airflow/.local/lib/python3.8/site-packages/airflow/example_dags/example_sensor_decorator.py took 0.137 seconds
[2025-04-28T14:26:25.380+0000] {processor.py:161} INFO - Started process (PID=1565) to work on /home/airflow/.local/lib/python3.8/site-packages/airflow/example_dags/example_sensor_decorator.py
[2025-04-28T14:26:25.381+0000] {processor.py:830} INFO - Processing file /home/airflow/.local/lib/python3.8/site-packages/airflow/example_dags/example_sensor_decorator.py for tasks to queue
[2025-04-28T14:26:25.385+0000] {logging_mixin.py:188} INFO - [2025-04-28T14:26:25.385+0000] {dagbag.py:538} INFO - Filling up the DagBag from /home/airflow/.local/lib/python3.8/site-packages/airflow/example_dags/example_sensor_decorator.py
[2025-04-28T14:26:25.396+0000] {processor.py:840} INFO - DAG(s) 'example_sensor_decorator' retrieved from /home/airflow/.local/lib/python3.8/site-packages/airflow/example_dags/example_sensor_decorator.py
[2025-04-28T14:26:25.442+0000] {logging_mixin.py:188} INFO - [2025-04-28T14:26:25.442+0000] {dag.py:3033} INFO - Sync 1 DAGs
[2025-04-28T14:26:25.468+0000] {logging_mixin.py:188} INFO - [2025-04-28T14:26:25.467+0000] {dag.py:3820} INFO - Setting next_dagrun for example_sensor_decorator to None, run_after=None
[2025-04-28T14:26:25.511+0000] {processor.py:183} INFO - Processing /home/airflow/.local/lib/python3.8/site-packages/airflow/example_dags/example_sensor_decorator.py took 0.138 seconds
[2025-04-28T14:26:56.445+0000] {processor.py:161} INFO - Started process (PID=1621) to work on /home/airflow/.local/lib/python3.8/site-packages/airflow/example_dags/example_sensor_decorator.py
[2025-04-28T14:26:56.454+0000] {processor.py:830} INFO - Processing file /home/airflow/.local/lib/python3.8/site-packages/airflow/example_dags/example_sensor_decorator.py for tasks to queue
[2025-04-28T14:26:56.461+0000] {logging_mixin.py:188} INFO - [2025-04-28T14:26:56.460+0000] {dagbag.py:538} INFO - Filling up the DagBag from /home/airflow/.local/lib/python3.8/site-packages/airflow/example_dags/example_sensor_decorator.py
[2025-04-28T14:26:56.492+0000] {processor.py:840} INFO - DAG(s) 'example_sensor_decorator' retrieved from /home/airflow/.local/lib/python3.8/site-packages/airflow/example_dags/example_sensor_decorator.py
[2025-04-28T14:26:56.547+0000] {logging_mixin.py:188} INFO - [2025-04-28T14:26:56.547+0000] {dag.py:3033} INFO - Sync 1 DAGs
[2025-04-28T14:26:56.577+0000] {logging_mixin.py:188} INFO - [2025-04-28T14:26:56.577+0000] {dag.py:3820} INFO - Setting next_dagrun for example_sensor_decorator to None, run_after=None
[2025-04-28T14:26:56.628+0000] {processor.py:183} INFO - Processing /home/airflow/.local/lib/python3.8/site-packages/airflow/example_dags/example_sensor_decorator.py took 0.189 seconds
[2025-04-28T14:27:26.984+0000] {processor.py:161} INFO - Started process (PID=1677) to work on /home/airflow/.local/lib/python3.8/site-packages/airflow/example_dags/example_sensor_decorator.py
[2025-04-28T14:27:26.985+0000] {processor.py:830} INFO - Processing file /home/airflow/.local/lib/python3.8/site-packages/airflow/example_dags/example_sensor_decorator.py for tasks to queue
[2025-04-28T14:27:26.988+0000] {logging_mixin.py:188} INFO - [2025-04-28T14:27:26.988+0000] {dagbag.py:538} INFO - Filling up the DagBag from /home/airflow/.local/lib/python3.8/site-packages/airflow/example_dags/example_sensor_decorator.py
[2025-04-28T14:27:26.998+0000] {processor.py:840} INFO - DAG(s) 'example_sensor_decorator' retrieved from /home/airflow/.local/lib/python3.8/site-packages/airflow/example_dags/example_sensor_decorator.py
[2025-04-28T14:27:27.043+0000] {logging_mixin.py:188} INFO - [2025-04-28T14:27:27.043+0000] {dag.py:3033} INFO - Sync 1 DAGs
[2025-04-28T14:27:27.069+0000] {logging_mixin.py:188} INFO - [2025-04-28T14:27:27.069+0000] {dag.py:3820} INFO - Setting next_dagrun for example_sensor_decorator to None, run_after=None
[2025-04-28T14:27:27.106+0000] {processor.py:183} INFO - Processing /home/airflow/.local/lib/python3.8/site-packages/airflow/example_dags/example_sensor_decorator.py took 0.127 seconds
[2025-04-28T14:28:00.669+0000] {processor.py:161} INFO - Started process (PID=1733) to work on /home/airflow/.local/lib/python3.8/site-packages/airflow/example_dags/example_sensor_decorator.py
[2025-04-28T14:28:00.671+0000] {processor.py:830} INFO - Processing file /home/airflow/.local/lib/python3.8/site-packages/airflow/example_dags/example_sensor_decorator.py for tasks to queue
[2025-04-28T14:28:00.676+0000] {logging_mixin.py:188} INFO - [2025-04-28T14:28:00.675+0000] {dagbag.py:538} INFO - Filling up the DagBag from /home/airflow/.local/lib/python3.8/site-packages/airflow/example_dags/example_sensor_decorator.py
[2025-04-28T14:28:00.686+0000] {processor.py:840} INFO - DAG(s) 'example_sensor_decorator' retrieved from /home/airflow/.local/lib/python3.8/site-packages/airflow/example_dags/example_sensor_decorator.py
[2025-04-28T14:28:00.733+0000] {logging_mixin.py:188} INFO - [2025-04-28T14:28:00.733+0000] {dag.py:3033} INFO - Sync 1 DAGs
[2025-04-28T14:28:00.759+0000] {logging_mixin.py:188} INFO - [2025-04-28T14:28:00.758+0000] {dag.py:3820} INFO - Setting next_dagrun for example_sensor_decorator to None, run_after=None
[2025-04-28T14:28:00.801+0000] {processor.py:183} INFO - Processing /home/airflow/.local/lib/python3.8/site-packages/airflow/example_dags/example_sensor_decorator.py took 0.138 seconds
[2025-04-28T14:28:31.844+0000] {processor.py:161} INFO - Started process (PID=1789) to work on /home/airflow/.local/lib/python3.8/site-packages/airflow/example_dags/example_sensor_decorator.py
[2025-04-28T14:28:31.845+0000] {processor.py:830} INFO - Processing file /home/airflow/.local/lib/python3.8/site-packages/airflow/example_dags/example_sensor_decorator.py for tasks to queue
[2025-04-28T14:28:31.849+0000] {logging_mixin.py:188} INFO - [2025-04-28T14:28:31.849+0000] {dagbag.py:538} INFO - Filling up the DagBag from /home/airflow/.local/lib/python3.8/site-packages/airflow/example_dags/example_sensor_decorator.py
[2025-04-28T14:28:31.859+0000] {processor.py:840} INFO - DAG(s) 'example_sensor_decorator' retrieved from /home/airflow/.local/lib/python3.8/site-packages/airflow/example_dags/example_sensor_decorator.py
[2025-04-28T14:28:31.891+0000] {logging_mixin.py:188} INFO - [2025-04-28T14:28:31.890+0000] {dag.py:3033} INFO - Sync 1 DAGs
[2025-04-28T14:28:31.918+0000] {logging_mixin.py:188} INFO - [2025-04-28T14:28:31.917+0000] {dag.py:3820} INFO - Setting next_dagrun for example_sensor_decorator to None, run_after=None
[2025-04-28T14:28:31.954+0000] {processor.py:183} INFO - Processing /home/airflow/.local/lib/python3.8/site-packages/airflow/example_dags/example_sensor_decorator.py took 0.116 seconds
[2025-04-28T14:29:06.757+0000] {processor.py:161} INFO - Started process (PID=1847) to work on /home/airflow/.local/lib/python3.8/site-packages/airflow/example_dags/example_sensor_decorator.py
[2025-04-28T14:29:06.759+0000] {processor.py:830} INFO - Processing file /home/airflow/.local/lib/python3.8/site-packages/airflow/example_dags/example_sensor_decorator.py for tasks to queue
[2025-04-28T14:29:06.765+0000] {logging_mixin.py:188} INFO - [2025-04-28T14:29:06.764+0000] {dagbag.py:538} INFO - Filling up the DagBag from /home/airflow/.local/lib/python3.8/site-packages/airflow/example_dags/example_sensor_decorator.py
[2025-04-28T14:29:06.775+0000] {processor.py:840} INFO - DAG(s) 'example_sensor_decorator' retrieved from /home/airflow/.local/lib/python3.8/site-packages/airflow/example_dags/example_sensor_decorator.py
[2025-04-28T14:29:06.823+0000] {logging_mixin.py:188} INFO - [2025-04-28T14:29:06.823+0000] {dag.py:3033} INFO - Sync 1 DAGs
[2025-04-28T14:29:06.854+0000] {logging_mixin.py:188} INFO - [2025-04-28T14:29:06.854+0000] {dag.py:3820} INFO - Setting next_dagrun for example_sensor_decorator to None, run_after=None
[2025-04-28T14:29:06.919+0000] {processor.py:183} INFO - Processing /home/airflow/.local/lib/python3.8/site-packages/airflow/example_dags/example_sensor_decorator.py took 0.169 seconds
[2025-04-28T14:29:38.668+0000] {processor.py:161} INFO - Started process (PID=1904) to work on /home/airflow/.local/lib/python3.8/site-packages/airflow/example_dags/example_sensor_decorator.py
[2025-04-28T14:29:38.669+0000] {processor.py:830} INFO - Processing file /home/airflow/.local/lib/python3.8/site-packages/airflow/example_dags/example_sensor_decorator.py for tasks to queue
[2025-04-28T14:29:38.673+0000] {logging_mixin.py:188} INFO - [2025-04-28T14:29:38.672+0000] {dagbag.py:538} INFO - Filling up the DagBag from /home/airflow/.local/lib/python3.8/site-packages/airflow/example_dags/example_sensor_decorator.py
[2025-04-28T14:29:38.685+0000] {processor.py:840} INFO - DAG(s) 'example_sensor_decorator' retrieved from /home/airflow/.local/lib/python3.8/site-packages/airflow/example_dags/example_sensor_decorator.py
[2025-04-28T14:29:38.724+0000] {logging_mixin.py:188} INFO - [2025-04-28T14:29:38.724+0000] {dag.py:3033} INFO - Sync 1 DAGs
[2025-04-28T14:29:38.750+0000] {logging_mixin.py:188} INFO - [2025-04-28T14:29:38.750+0000] {dag.py:3820} INFO - Setting next_dagrun for example_sensor_decorator to None, run_after=None
[2025-04-28T14:29:38.790+0000] {processor.py:183} INFO - Processing /home/airflow/.local/lib/python3.8/site-packages/airflow/example_dags/example_sensor_decorator.py took 0.128 seconds
[2025-04-28T14:30:10.688+0000] {processor.py:161} INFO - Started process (PID=1960) to work on /home/airflow/.local/lib/python3.8/site-packages/airflow/example_dags/example_sensor_decorator.py
[2025-04-28T14:30:10.689+0000] {processor.py:830} INFO - Processing file /home/airflow/.local/lib/python3.8/site-packages/airflow/example_dags/example_sensor_decorator.py for tasks to queue
[2025-04-28T14:30:10.693+0000] {logging_mixin.py:188} INFO - [2025-04-28T14:30:10.692+0000] {dagbag.py:538} INFO - Filling up the DagBag from /home/airflow/.local/lib/python3.8/site-packages/airflow/example_dags/example_sensor_decorator.py
[2025-04-28T14:30:10.704+0000] {processor.py:840} INFO - DAG(s) 'example_sensor_decorator' retrieved from /home/airflow/.local/lib/python3.8/site-packages/airflow/example_dags/example_sensor_decorator.py
[2025-04-28T14:30:10.737+0000] {logging_mixin.py:188} INFO - [2025-04-28T14:30:10.736+0000] {dag.py:3033} INFO - Sync 1 DAGs
[2025-04-28T14:30:10.755+0000] {logging_mixin.py:188} INFO - [2025-04-28T14:30:10.755+0000] {dag.py:3820} INFO - Setting next_dagrun for example_sensor_decorator to None, run_after=None
[2025-04-28T14:30:10.785+0000] {processor.py:183} INFO - Processing /home/airflow/.local/lib/python3.8/site-packages/airflow/example_dags/example_sensor_decorator.py took 0.103 seconds
[2025-04-28T14:30:43.816+0000] {processor.py:161} INFO - Started process (PID=2015) to work on /home/airflow/.local/lib/python3.8/site-packages/airflow/example_dags/example_sensor_decorator.py
[2025-04-28T14:30:43.819+0000] {processor.py:830} INFO - Processing file /home/airflow/.local/lib/python3.8/site-packages/airflow/example_dags/example_sensor_decorator.py for tasks to queue
[2025-04-28T14:30:43.824+0000] {logging_mixin.py:188} INFO - [2025-04-28T14:30:43.823+0000] {dagbag.py:538} INFO - Filling up the DagBag from /home/airflow/.local/lib/python3.8/site-packages/airflow/example_dags/example_sensor_decorator.py
[2025-04-28T14:30:43.840+0000] {processor.py:840} INFO - DAG(s) 'example_sensor_decorator' retrieved from /home/airflow/.local/lib/python3.8/site-packages/airflow/example_dags/example_sensor_decorator.py
[2025-04-28T14:30:43.877+0000] {logging_mixin.py:188} INFO - [2025-04-28T14:30:43.877+0000] {dag.py:3033} INFO - Sync 1 DAGs
[2025-04-28T14:30:43.903+0000] {logging_mixin.py:188} INFO - [2025-04-28T14:30:43.902+0000] {dag.py:3820} INFO - Setting next_dagrun for example_sensor_decorator to None, run_after=None
[2025-04-28T14:30:43.942+0000] {processor.py:183} INFO - Processing /home/airflow/.local/lib/python3.8/site-packages/airflow/example_dags/example_sensor_decorator.py took 0.132 seconds
[2025-04-28T14:31:16.302+0000] {processor.py:161} INFO - Started process (PID=2071) to work on /home/airflow/.local/lib/python3.8/site-packages/airflow/example_dags/example_sensor_decorator.py
[2025-04-28T14:31:16.304+0000] {processor.py:830} INFO - Processing file /home/airflow/.local/lib/python3.8/site-packages/airflow/example_dags/example_sensor_decorator.py for tasks to queue
[2025-04-28T14:31:16.310+0000] {logging_mixin.py:188} INFO - [2025-04-28T14:31:16.309+0000] {dagbag.py:538} INFO - Filling up the DagBag from /home/airflow/.local/lib/python3.8/site-packages/airflow/example_dags/example_sensor_decorator.py
[2025-04-28T14:31:16.323+0000] {processor.py:840} INFO - DAG(s) 'example_sensor_decorator' retrieved from /home/airflow/.local/lib/python3.8/site-packages/airflow/example_dags/example_sensor_decorator.py
[2025-04-28T14:31:16.354+0000] {logging_mixin.py:188} INFO - [2025-04-28T14:31:16.353+0000] {dag.py:3033} INFO - Sync 1 DAGs
[2025-04-28T14:31:16.375+0000] {logging_mixin.py:188} INFO - [2025-04-28T14:31:16.375+0000] {dag.py:3820} INFO - Setting next_dagrun for example_sensor_decorator to None, run_after=None
[2025-04-28T14:31:16.406+0000] {processor.py:183} INFO - Processing /home/airflow/.local/lib/python3.8/site-packages/airflow/example_dags/example_sensor_decorator.py took 0.112 seconds
[2025-04-28T14:31:48.167+0000] {processor.py:161} INFO - Started process (PID=2127) to work on /home/airflow/.local/lib/python3.8/site-packages/airflow/example_dags/example_sensor_decorator.py
[2025-04-28T14:31:48.168+0000] {processor.py:830} INFO - Processing file /home/airflow/.local/lib/python3.8/site-packages/airflow/example_dags/example_sensor_decorator.py for tasks to queue
[2025-04-28T14:31:48.172+0000] {logging_mixin.py:188} INFO - [2025-04-28T14:31:48.172+0000] {dagbag.py:538} INFO - Filling up the DagBag from /home/airflow/.local/lib/python3.8/site-packages/airflow/example_dags/example_sensor_decorator.py
[2025-04-28T14:31:48.182+0000] {processor.py:840} INFO - DAG(s) 'example_sensor_decorator' retrieved from /home/airflow/.local/lib/python3.8/site-packages/airflow/example_dags/example_sensor_decorator.py
[2025-04-28T14:31:48.220+0000] {logging_mixin.py:188} INFO - [2025-04-28T14:31:48.220+0000] {dag.py:3033} INFO - Sync 1 DAGs
[2025-04-28T14:31:48.245+0000] {logging_mixin.py:188} INFO - [2025-04-28T14:31:48.245+0000] {dag.py:3820} INFO - Setting next_dagrun for example_sensor_decorator to None, run_after=None
[2025-04-28T14:31:48.283+0000] {processor.py:183} INFO - Processing /home/airflow/.local/lib/python3.8/site-packages/airflow/example_dags/example_sensor_decorator.py took 0.121 seconds
[2025-04-28T14:32:21.089+0000] {processor.py:161} INFO - Started process (PID=2183) to work on /home/airflow/.local/lib/python3.8/site-packages/airflow/example_dags/example_sensor_decorator.py
[2025-04-28T14:32:21.091+0000] {processor.py:830} INFO - Processing file /home/airflow/.local/lib/python3.8/site-packages/airflow/example_dags/example_sensor_decorator.py for tasks to queue
[2025-04-28T14:32:21.095+0000] {logging_mixin.py:188} INFO - [2025-04-28T14:32:21.094+0000] {dagbag.py:538} INFO - Filling up the DagBag from /home/airflow/.local/lib/python3.8/site-packages/airflow/example_dags/example_sensor_decorator.py
[2025-04-28T14:32:21.109+0000] {processor.py:840} INFO - DAG(s) 'example_sensor_decorator' retrieved from /home/airflow/.local/lib/python3.8/site-packages/airflow/example_dags/example_sensor_decorator.py
[2025-04-28T14:32:21.158+0000] {logging_mixin.py:188} INFO - [2025-04-28T14:32:21.158+0000] {dag.py:3033} INFO - Sync 1 DAGs
[2025-04-28T14:32:21.182+0000] {logging_mixin.py:188} INFO - [2025-04-28T14:32:21.182+0000] {dag.py:3820} INFO - Setting next_dagrun for example_sensor_decorator to None, run_after=None
[2025-04-28T14:32:21.213+0000] {processor.py:183} INFO - Processing /home/airflow/.local/lib/python3.8/site-packages/airflow/example_dags/example_sensor_decorator.py took 0.134 seconds
[2025-04-28T14:32:55.039+0000] {processor.py:161} INFO - Started process (PID=2238) to work on /home/airflow/.local/lib/python3.8/site-packages/airflow/example_dags/example_sensor_decorator.py
[2025-04-28T14:32:55.042+0000] {processor.py:830} INFO - Processing file /home/airflow/.local/lib/python3.8/site-packages/airflow/example_dags/example_sensor_decorator.py for tasks to queue
[2025-04-28T14:32:55.052+0000] {logging_mixin.py:188} INFO - [2025-04-28T14:32:55.052+0000] {dagbag.py:538} INFO - Filling up the DagBag from /home/airflow/.local/lib/python3.8/site-packages/airflow/example_dags/example_sensor_decorator.py
[2025-04-28T14:32:55.068+0000] {processor.py:840} INFO - DAG(s) 'example_sensor_decorator' retrieved from /home/airflow/.local/lib/python3.8/site-packages/airflow/example_dags/example_sensor_decorator.py
[2025-04-28T14:32:55.143+0000] {logging_mixin.py:188} INFO - [2025-04-28T14:32:55.143+0000] {dag.py:3033} INFO - Sync 1 DAGs
[2025-04-28T14:32:55.183+0000] {logging_mixin.py:188} INFO - [2025-04-28T14:32:55.182+0000] {dag.py:3820} INFO - Setting next_dagrun for example_sensor_decorator to None, run_after=None
[2025-04-28T14:32:55.229+0000] {processor.py:183} INFO - Processing /home/airflow/.local/lib/python3.8/site-packages/airflow/example_dags/example_sensor_decorator.py took 0.195 seconds
[2025-04-28T14:33:27.114+0000] {processor.py:161} INFO - Started process (PID=2295) to work on /home/airflow/.local/lib/python3.8/site-packages/airflow/example_dags/example_sensor_decorator.py
[2025-04-28T14:33:27.116+0000] {processor.py:830} INFO - Processing file /home/airflow/.local/lib/python3.8/site-packages/airflow/example_dags/example_sensor_decorator.py for tasks to queue
[2025-04-28T14:33:27.120+0000] {logging_mixin.py:188} INFO - [2025-04-28T14:33:27.119+0000] {dagbag.py:538} INFO - Filling up the DagBag from /home/airflow/.local/lib/python3.8/site-packages/airflow/example_dags/example_sensor_decorator.py
[2025-04-28T14:33:27.130+0000] {processor.py:840} INFO - DAG(s) 'example_sensor_decorator' retrieved from /home/airflow/.local/lib/python3.8/site-packages/airflow/example_dags/example_sensor_decorator.py
[2025-04-28T14:33:27.165+0000] {logging_mixin.py:188} INFO - [2025-04-28T14:33:27.164+0000] {dag.py:3033} INFO - Sync 1 DAGs
[2025-04-28T14:33:27.189+0000] {logging_mixin.py:188} INFO - [2025-04-28T14:33:27.188+0000] {dag.py:3820} INFO - Setting next_dagrun for example_sensor_decorator to None, run_after=None
[2025-04-28T14:33:27.225+0000] {processor.py:183} INFO - Processing /home/airflow/.local/lib/python3.8/site-packages/airflow/example_dags/example_sensor_decorator.py took 0.117 seconds
[2025-04-28T14:33:59.650+0000] {processor.py:161} INFO - Started process (PID=2351) to work on /home/airflow/.local/lib/python3.8/site-packages/airflow/example_dags/example_sensor_decorator.py
[2025-04-28T14:33:59.651+0000] {processor.py:830} INFO - Processing file /home/airflow/.local/lib/python3.8/site-packages/airflow/example_dags/example_sensor_decorator.py for tasks to queue
[2025-04-28T14:33:59.654+0000] {logging_mixin.py:188} INFO - [2025-04-28T14:33:59.654+0000] {dagbag.py:538} INFO - Filling up the DagBag from /home/airflow/.local/lib/python3.8/site-packages/airflow/example_dags/example_sensor_decorator.py
[2025-04-28T14:33:59.664+0000] {processor.py:840} INFO - DAG(s) 'example_sensor_decorator' retrieved from /home/airflow/.local/lib/python3.8/site-packages/airflow/example_dags/example_sensor_decorator.py
[2025-04-28T14:33:59.698+0000] {logging_mixin.py:188} INFO - [2025-04-28T14:33:59.698+0000] {dag.py:3033} INFO - Sync 1 DAGs
[2025-04-28T14:33:59.723+0000] {logging_mixin.py:188} INFO - [2025-04-28T14:33:59.723+0000] {dag.py:3820} INFO - Setting next_dagrun for example_sensor_decorator to None, run_after=None
[2025-04-28T14:33:59.754+0000] {processor.py:183} INFO - Processing /home/airflow/.local/lib/python3.8/site-packages/airflow/example_dags/example_sensor_decorator.py took 0.109 seconds
[2025-04-28T14:34:34.078+0000] {processor.py:161} INFO - Started process (PID=2408) to work on /home/airflow/.local/lib/python3.8/site-packages/airflow/example_dags/example_sensor_decorator.py
[2025-04-28T14:34:34.079+0000] {processor.py:830} INFO - Processing file /home/airflow/.local/lib/python3.8/site-packages/airflow/example_dags/example_sensor_decorator.py for tasks to queue
[2025-04-28T14:34:34.083+0000] {logging_mixin.py:188} INFO - [2025-04-28T14:34:34.083+0000] {dagbag.py:538} INFO - Filling up the DagBag from /home/airflow/.local/lib/python3.8/site-packages/airflow/example_dags/example_sensor_decorator.py
[2025-04-28T14:34:34.095+0000] {processor.py:840} INFO - DAG(s) 'example_sensor_decorator' retrieved from /home/airflow/.local/lib/python3.8/site-packages/airflow/example_dags/example_sensor_decorator.py
[2025-04-28T14:34:34.129+0000] {logging_mixin.py:188} INFO - [2025-04-28T14:34:34.128+0000] {dag.py:3033} INFO - Sync 1 DAGs
[2025-04-28T14:34:34.148+0000] {logging_mixin.py:188} INFO - [2025-04-28T14:34:34.148+0000] {dag.py:3820} INFO - Setting next_dagrun for example_sensor_decorator to None, run_after=None
[2025-04-28T14:34:34.197+0000] {processor.py:183} INFO - Processing /home/airflow/.local/lib/python3.8/site-packages/airflow/example_dags/example_sensor_decorator.py took 0.124 seconds
[2025-04-28T14:35:04.779+0000] {processor.py:161} INFO - Started process (PID=2465) to work on /home/airflow/.local/lib/python3.8/site-packages/airflow/example_dags/example_sensor_decorator.py
[2025-04-28T14:35:04.781+0000] {processor.py:830} INFO - Processing file /home/airflow/.local/lib/python3.8/site-packages/airflow/example_dags/example_sensor_decorator.py for tasks to queue
[2025-04-28T14:35:04.784+0000] {logging_mixin.py:188} INFO - [2025-04-28T14:35:04.784+0000] {dagbag.py:538} INFO - Filling up the DagBag from /home/airflow/.local/lib/python3.8/site-packages/airflow/example_dags/example_sensor_decorator.py
[2025-04-28T14:35:04.792+0000] {processor.py:840} INFO - DAG(s) 'example_sensor_decorator' retrieved from /home/airflow/.local/lib/python3.8/site-packages/airflow/example_dags/example_sensor_decorator.py
[2025-04-28T14:35:04.825+0000] {logging_mixin.py:188} INFO - [2025-04-28T14:35:04.825+0000] {dag.py:3033} INFO - Sync 1 DAGs
[2025-04-28T14:35:04.862+0000] {logging_mixin.py:188} INFO - [2025-04-28T14:35:04.861+0000] {dag.py:3820} INFO - Setting next_dagrun for example_sensor_decorator to None, run_after=None
[2025-04-28T14:35:04.913+0000] {processor.py:183} INFO - Processing /home/airflow/.local/lib/python3.8/site-packages/airflow/example_dags/example_sensor_decorator.py took 0.139 seconds
[2025-04-28T14:35:38.088+0000] {processor.py:161} INFO - Started process (PID=2521) to work on /home/airflow/.local/lib/python3.8/site-packages/airflow/example_dags/example_sensor_decorator.py
[2025-04-28T14:35:38.090+0000] {processor.py:830} INFO - Processing file /home/airflow/.local/lib/python3.8/site-packages/airflow/example_dags/example_sensor_decorator.py for tasks to queue
[2025-04-28T14:35:38.093+0000] {logging_mixin.py:188} INFO - [2025-04-28T14:35:38.093+0000] {dagbag.py:538} INFO - Filling up the DagBag from /home/airflow/.local/lib/python3.8/site-packages/airflow/example_dags/example_sensor_decorator.py
[2025-04-28T14:35:38.101+0000] {processor.py:840} INFO - DAG(s) 'example_sensor_decorator' retrieved from /home/airflow/.local/lib/python3.8/site-packages/airflow/example_dags/example_sensor_decorator.py
[2025-04-28T14:35:38.134+0000] {logging_mixin.py:188} INFO - [2025-04-28T14:35:38.134+0000] {dag.py:3033} INFO - Sync 1 DAGs
[2025-04-28T14:35:38.155+0000] {logging_mixin.py:188} INFO - [2025-04-28T14:35:38.154+0000] {dag.py:3820} INFO - Setting next_dagrun for example_sensor_decorator to None, run_after=None
[2025-04-28T14:35:38.188+0000] {processor.py:183} INFO - Processing /home/airflow/.local/lib/python3.8/site-packages/airflow/example_dags/example_sensor_decorator.py took 0.104 seconds
[2025-04-28T14:36:10.652+0000] {processor.py:161} INFO - Started process (PID=2577) to work on /home/airflow/.local/lib/python3.8/site-packages/airflow/example_dags/example_sensor_decorator.py
[2025-04-28T14:36:10.653+0000] {processor.py:830} INFO - Processing file /home/airflow/.local/lib/python3.8/site-packages/airflow/example_dags/example_sensor_decorator.py for tasks to queue
[2025-04-28T14:36:10.658+0000] {logging_mixin.py:188} INFO - [2025-04-28T14:36:10.657+0000] {dagbag.py:538} INFO - Filling up the DagBag from /home/airflow/.local/lib/python3.8/site-packages/airflow/example_dags/example_sensor_decorator.py
[2025-04-28T14:36:10.670+0000] {processor.py:840} INFO - DAG(s) 'example_sensor_decorator' retrieved from /home/airflow/.local/lib/python3.8/site-packages/airflow/example_dags/example_sensor_decorator.py
[2025-04-28T14:36:10.702+0000] {logging_mixin.py:188} INFO - [2025-04-28T14:36:10.702+0000] {dag.py:3033} INFO - Sync 1 DAGs
[2025-04-28T14:36:10.723+0000] {logging_mixin.py:188} INFO - [2025-04-28T14:36:10.723+0000] {dag.py:3820} INFO - Setting next_dagrun for example_sensor_decorator to None, run_after=None
[2025-04-28T14:36:10.911+0000] {processor.py:183} INFO - Processing /home/airflow/.local/lib/python3.8/site-packages/airflow/example_dags/example_sensor_decorator.py took 0.265 seconds
[2025-04-28T14:36:41.794+0000] {processor.py:161} INFO - Started process (PID=2634) to work on /home/airflow/.local/lib/python3.8/site-packages/airflow/example_dags/example_sensor_decorator.py
[2025-04-28T14:36:41.795+0000] {processor.py:830} INFO - Processing file /home/airflow/.local/lib/python3.8/site-packages/airflow/example_dags/example_sensor_decorator.py for tasks to queue
[2025-04-28T14:36:41.800+0000] {logging_mixin.py:188} INFO - [2025-04-28T14:36:41.799+0000] {dagbag.py:538} INFO - Filling up the DagBag from /home/airflow/.local/lib/python3.8/site-packages/airflow/example_dags/example_sensor_decorator.py
[2025-04-28T14:36:41.808+0000] {processor.py:840} INFO - DAG(s) 'example_sensor_decorator' retrieved from /home/airflow/.local/lib/python3.8/site-packages/airflow/example_dags/example_sensor_decorator.py
[2025-04-28T14:36:41.842+0000] {logging_mixin.py:188} INFO - [2025-04-28T14:36:41.842+0000] {dag.py:3033} INFO - Sync 1 DAGs
[2025-04-28T14:36:41.867+0000] {logging_mixin.py:188} INFO - [2025-04-28T14:36:41.867+0000] {dag.py:3820} INFO - Setting next_dagrun for example_sensor_decorator to None, run_after=None
[2025-04-28T14:36:41.904+0000] {processor.py:183} INFO - Processing /home/airflow/.local/lib/python3.8/site-packages/airflow/example_dags/example_sensor_decorator.py took 0.115 seconds
[2025-04-28T14:37:14.259+0000] {processor.py:161} INFO - Started process (PID=2690) to work on /home/airflow/.local/lib/python3.8/site-packages/airflow/example_dags/example_sensor_decorator.py
[2025-04-28T14:37:14.260+0000] {processor.py:830} INFO - Processing file /home/airflow/.local/lib/python3.8/site-packages/airflow/example_dags/example_sensor_decorator.py for tasks to queue
[2025-04-28T14:37:14.264+0000] {logging_mixin.py:188} INFO - [2025-04-28T14:37:14.264+0000] {dagbag.py:538} INFO - Filling up the DagBag from /home/airflow/.local/lib/python3.8/site-packages/airflow/example_dags/example_sensor_decorator.py
[2025-04-28T14:37:14.275+0000] {processor.py:840} INFO - DAG(s) 'example_sensor_decorator' retrieved from /home/airflow/.local/lib/python3.8/site-packages/airflow/example_dags/example_sensor_decorator.py
[2025-04-28T14:37:14.309+0000] {logging_mixin.py:188} INFO - [2025-04-28T14:37:14.309+0000] {dag.py:3033} INFO - Sync 1 DAGs
[2025-04-28T14:37:14.338+0000] {logging_mixin.py:188} INFO - [2025-04-28T14:37:14.338+0000] {dag.py:3820} INFO - Setting next_dagrun for example_sensor_decorator to None, run_after=None
[2025-04-28T14:37:14.373+0000] {processor.py:183} INFO - Processing /home/airflow/.local/lib/python3.8/site-packages/airflow/example_dags/example_sensor_decorator.py took 0.120 seconds
[2025-04-28T14:37:49.381+0000] {processor.py:161} INFO - Started process (PID=2746) to work on /home/airflow/.local/lib/python3.8/site-packages/airflow/example_dags/example_sensor_decorator.py
[2025-04-28T14:37:49.386+0000] {processor.py:830} INFO - Processing file /home/airflow/.local/lib/python3.8/site-packages/airflow/example_dags/example_sensor_decorator.py for tasks to queue
[2025-04-28T14:37:49.401+0000] {logging_mixin.py:188} INFO - [2025-04-28T14:37:49.401+0000] {dagbag.py:538} INFO - Filling up the DagBag from /home/airflow/.local/lib/python3.8/site-packages/airflow/example_dags/example_sensor_decorator.py
[2025-04-28T14:37:49.418+0000] {processor.py:840} INFO - DAG(s) 'example_sensor_decorator' retrieved from /home/airflow/.local/lib/python3.8/site-packages/airflow/example_dags/example_sensor_decorator.py
[2025-04-28T14:37:49.506+0000] {logging_mixin.py:188} INFO - [2025-04-28T14:37:49.505+0000] {dag.py:3033} INFO - Sync 1 DAGs
[2025-04-28T14:37:49.771+0000] {logging_mixin.py:188} INFO - [2025-04-28T14:37:49.771+0000] {dag.py:3820} INFO - Setting next_dagrun for example_sensor_decorator to None, run_after=None
[2025-04-28T14:37:49.851+0000] {processor.py:183} INFO - Processing /home/airflow/.local/lib/python3.8/site-packages/airflow/example_dags/example_sensor_decorator.py took 0.477 seconds
[2025-04-28T14:38:20.616+0000] {processor.py:161} INFO - Started process (PID=2802) to work on /home/airflow/.local/lib/python3.8/site-packages/airflow/example_dags/example_sensor_decorator.py
[2025-04-28T14:38:20.617+0000] {processor.py:830} INFO - Processing file /home/airflow/.local/lib/python3.8/site-packages/airflow/example_dags/example_sensor_decorator.py for tasks to queue
[2025-04-28T14:38:20.621+0000] {logging_mixin.py:188} INFO - [2025-04-28T14:38:20.620+0000] {dagbag.py:538} INFO - Filling up the DagBag from /home/airflow/.local/lib/python3.8/site-packages/airflow/example_dags/example_sensor_decorator.py
[2025-04-28T14:38:20.632+0000] {processor.py:840} INFO - DAG(s) 'example_sensor_decorator' retrieved from /home/airflow/.local/lib/python3.8/site-packages/airflow/example_dags/example_sensor_decorator.py
[2025-04-28T14:38:20.669+0000] {logging_mixin.py:188} INFO - [2025-04-28T14:38:20.668+0000] {dag.py:3033} INFO - Sync 1 DAGs
[2025-04-28T14:38:20.693+0000] {logging_mixin.py:188} INFO - [2025-04-28T14:38:20.693+0000] {dag.py:3820} INFO - Setting next_dagrun for example_sensor_decorator to None, run_after=None
[2025-04-28T14:38:20.728+0000] {processor.py:183} INFO - Processing /home/airflow/.local/lib/python3.8/site-packages/airflow/example_dags/example_sensor_decorator.py took 0.119 seconds
[2025-04-28T14:38:52.901+0000] {processor.py:161} INFO - Started process (PID=2859) to work on /home/airflow/.local/lib/python3.8/site-packages/airflow/example_dags/example_sensor_decorator.py
[2025-04-28T14:38:52.902+0000] {processor.py:830} INFO - Processing file /home/airflow/.local/lib/python3.8/site-packages/airflow/example_dags/example_sensor_decorator.py for tasks to queue
[2025-04-28T14:38:52.907+0000] {logging_mixin.py:188} INFO - [2025-04-28T14:38:52.907+0000] {dagbag.py:538} INFO - Filling up the DagBag from /home/airflow/.local/lib/python3.8/site-packages/airflow/example_dags/example_sensor_decorator.py
[2025-04-28T14:38:52.916+0000] {processor.py:840} INFO - DAG(s) 'example_sensor_decorator' retrieved from /home/airflow/.local/lib/python3.8/site-packages/airflow/example_dags/example_sensor_decorator.py
[2025-04-28T14:38:52.954+0000] {logging_mixin.py:188} INFO - [2025-04-28T14:38:52.953+0000] {dag.py:3033} INFO - Sync 1 DAGs
[2025-04-28T14:38:52.974+0000] {logging_mixin.py:188} INFO - [2025-04-28T14:38:52.974+0000] {dag.py:3820} INFO - Setting next_dagrun for example_sensor_decorator to None, run_after=None
[2025-04-28T14:38:53.019+0000] {processor.py:183} INFO - Processing /home/airflow/.local/lib/python3.8/site-packages/airflow/example_dags/example_sensor_decorator.py took 0.122 seconds
[2025-04-28T14:39:23.846+0000] {processor.py:161} INFO - Started process (PID=2916) to work on /home/airflow/.local/lib/python3.8/site-packages/airflow/example_dags/example_sensor_decorator.py
[2025-04-28T14:39:23.847+0000] {processor.py:830} INFO - Processing file /home/airflow/.local/lib/python3.8/site-packages/airflow/example_dags/example_sensor_decorator.py for tasks to queue
[2025-04-28T14:39:23.850+0000] {logging_mixin.py:188} INFO - [2025-04-28T14:39:23.849+0000] {dagbag.py:538} INFO - Filling up the DagBag from /home/airflow/.local/lib/python3.8/site-packages/airflow/example_dags/example_sensor_decorator.py
[2025-04-28T14:39:23.859+0000] {processor.py:840} INFO - DAG(s) 'example_sensor_decorator' retrieved from /home/airflow/.local/lib/python3.8/site-packages/airflow/example_dags/example_sensor_decorator.py
[2025-04-28T14:39:23.893+0000] {logging_mixin.py:188} INFO - [2025-04-28T14:39:23.893+0000] {dag.py:3033} INFO - Sync 1 DAGs
[2025-04-28T14:39:23.914+0000] {logging_mixin.py:188} INFO - [2025-04-28T14:39:23.913+0000] {dag.py:3820} INFO - Setting next_dagrun for example_sensor_decorator to None, run_after=None
[2025-04-28T14:39:23.945+0000] {processor.py:183} INFO - Processing /home/airflow/.local/lib/python3.8/site-packages/airflow/example_dags/example_sensor_decorator.py took 0.104 seconds
[2025-04-28T14:39:57.192+0000] {processor.py:161} INFO - Started process (PID=2972) to work on /home/airflow/.local/lib/python3.8/site-packages/airflow/example_dags/example_sensor_decorator.py
[2025-04-28T14:39:57.194+0000] {processor.py:830} INFO - Processing file /home/airflow/.local/lib/python3.8/site-packages/airflow/example_dags/example_sensor_decorator.py for tasks to queue
[2025-04-28T14:39:57.197+0000] {logging_mixin.py:188} INFO - [2025-04-28T14:39:57.197+0000] {dagbag.py:538} INFO - Filling up the DagBag from /home/airflow/.local/lib/python3.8/site-packages/airflow/example_dags/example_sensor_decorator.py
[2025-04-28T14:39:57.207+0000] {processor.py:840} INFO - DAG(s) 'example_sensor_decorator' retrieved from /home/airflow/.local/lib/python3.8/site-packages/airflow/example_dags/example_sensor_decorator.py
[2025-04-28T14:39:57.240+0000] {logging_mixin.py:188} INFO - [2025-04-28T14:39:57.240+0000] {dag.py:3033} INFO - Sync 1 DAGs
[2025-04-28T14:39:57.283+0000] {logging_mixin.py:188} INFO - [2025-04-28T14:39:57.282+0000] {dag.py:3820} INFO - Setting next_dagrun for example_sensor_decorator to None, run_after=None
[2025-04-28T14:39:57.321+0000] {processor.py:183} INFO - Processing /home/airflow/.local/lib/python3.8/site-packages/airflow/example_dags/example_sensor_decorator.py took 0.135 seconds
[2025-04-28T14:40:31.898+0000] {processor.py:161} INFO - Started process (PID=3027) to work on /home/airflow/.local/lib/python3.8/site-packages/airflow/example_dags/example_sensor_decorator.py
[2025-04-28T14:40:31.901+0000] {processor.py:830} INFO - Processing file /home/airflow/.local/lib/python3.8/site-packages/airflow/example_dags/example_sensor_decorator.py for tasks to queue
[2025-04-28T14:40:31.906+0000] {logging_mixin.py:188} INFO - [2025-04-28T14:40:31.905+0000] {dagbag.py:538} INFO - Filling up the DagBag from /home/airflow/.local/lib/python3.8/site-packages/airflow/example_dags/example_sensor_decorator.py
[2025-04-28T14:40:31.920+0000] {processor.py:840} INFO - DAG(s) 'example_sensor_decorator' retrieved from /home/airflow/.local/lib/python3.8/site-packages/airflow/example_dags/example_sensor_decorator.py
[2025-04-28T14:40:31.968+0000] {logging_mixin.py:188} INFO - [2025-04-28T14:40:31.967+0000] {dag.py:3033} INFO - Sync 1 DAGs
[2025-04-28T14:40:31.997+0000] {logging_mixin.py:188} INFO - [2025-04-28T14:40:31.997+0000] {dag.py:3820} INFO - Setting next_dagrun for example_sensor_decorator to None, run_after=None
[2025-04-28T14:40:32.044+0000] {processor.py:183} INFO - Processing /home/airflow/.local/lib/python3.8/site-packages/airflow/example_dags/example_sensor_decorator.py took 0.155 seconds
[2025-04-28T14:41:03.353+0000] {processor.py:161} INFO - Started process (PID=3083) to work on /home/airflow/.local/lib/python3.8/site-packages/airflow/example_dags/example_sensor_decorator.py
[2025-04-28T14:41:03.354+0000] {processor.py:830} INFO - Processing file /home/airflow/.local/lib/python3.8/site-packages/airflow/example_dags/example_sensor_decorator.py for tasks to queue
[2025-04-28T14:41:03.359+0000] {logging_mixin.py:188} INFO - [2025-04-28T14:41:03.359+0000] {dagbag.py:538} INFO - Filling up the DagBag from /home/airflow/.local/lib/python3.8/site-packages/airflow/example_dags/example_sensor_decorator.py
[2025-04-28T14:41:03.369+0000] {processor.py:840} INFO - DAG(s) 'example_sensor_decorator' retrieved from /home/airflow/.local/lib/python3.8/site-packages/airflow/example_dags/example_sensor_decorator.py
[2025-04-28T14:41:03.408+0000] {logging_mixin.py:188} INFO - [2025-04-28T14:41:03.408+0000] {dag.py:3033} INFO - Sync 1 DAGs
[2025-04-28T14:41:03.429+0000] {logging_mixin.py:188} INFO - [2025-04-28T14:41:03.429+0000] {dag.py:3820} INFO - Setting next_dagrun for example_sensor_decorator to None, run_after=None
[2025-04-28T14:41:03.459+0000] {processor.py:183} INFO - Processing /home/airflow/.local/lib/python3.8/site-packages/airflow/example_dags/example_sensor_decorator.py took 0.112 seconds
[2025-04-28T14:41:35.172+0000] {processor.py:161} INFO - Started process (PID=3138) to work on /home/airflow/.local/lib/python3.8/site-packages/airflow/example_dags/example_sensor_decorator.py
[2025-04-28T14:41:35.173+0000] {processor.py:830} INFO - Processing file /home/airflow/.local/lib/python3.8/site-packages/airflow/example_dags/example_sensor_decorator.py for tasks to queue
[2025-04-28T14:41:35.176+0000] {logging_mixin.py:188} INFO - [2025-04-28T14:41:35.176+0000] {dagbag.py:538} INFO - Filling up the DagBag from /home/airflow/.local/lib/python3.8/site-packages/airflow/example_dags/example_sensor_decorator.py
[2025-04-28T14:41:35.184+0000] {processor.py:840} INFO - DAG(s) 'example_sensor_decorator' retrieved from /home/airflow/.local/lib/python3.8/site-packages/airflow/example_dags/example_sensor_decorator.py
[2025-04-28T14:41:35.214+0000] {logging_mixin.py:188} INFO - [2025-04-28T14:41:35.214+0000] {dag.py:3033} INFO - Sync 1 DAGs
[2025-04-28T14:41:35.237+0000] {logging_mixin.py:188} INFO - [2025-04-28T14:41:35.237+0000] {dag.py:3820} INFO - Setting next_dagrun for example_sensor_decorator to None, run_after=None
[2025-04-28T14:41:35.271+0000] {processor.py:183} INFO - Processing /home/airflow/.local/lib/python3.8/site-packages/airflow/example_dags/example_sensor_decorator.py took 0.103 seconds
[2025-04-28T14:42:07.609+0000] {processor.py:161} INFO - Started process (PID=3194) to work on /home/airflow/.local/lib/python3.8/site-packages/airflow/example_dags/example_sensor_decorator.py
[2025-04-28T14:42:07.611+0000] {processor.py:830} INFO - Processing file /home/airflow/.local/lib/python3.8/site-packages/airflow/example_dags/example_sensor_decorator.py for tasks to queue
[2025-04-28T14:42:07.613+0000] {logging_mixin.py:188} INFO - [2025-04-28T14:42:07.613+0000] {dagbag.py:538} INFO - Filling up the DagBag from /home/airflow/.local/lib/python3.8/site-packages/airflow/example_dags/example_sensor_decorator.py
[2025-04-28T14:42:07.622+0000] {processor.py:840} INFO - DAG(s) 'example_sensor_decorator' retrieved from /home/airflow/.local/lib/python3.8/site-packages/airflow/example_dags/example_sensor_decorator.py
[2025-04-28T14:42:07.655+0000] {logging_mixin.py:188} INFO - [2025-04-28T14:42:07.654+0000] {dag.py:3033} INFO - Sync 1 DAGs
[2025-04-28T14:42:07.673+0000] {logging_mixin.py:188} INFO - [2025-04-28T14:42:07.673+0000] {dag.py:3820} INFO - Setting next_dagrun for example_sensor_decorator to None, run_after=None
[2025-04-28T14:42:07.703+0000] {processor.py:183} INFO - Processing /home/airflow/.local/lib/python3.8/site-packages/airflow/example_dags/example_sensor_decorator.py took 0.099 seconds
[2025-04-28T14:42:41.247+0000] {processor.py:161} INFO - Started process (PID=3250) to work on /home/airflow/.local/lib/python3.8/site-packages/airflow/example_dags/example_sensor_decorator.py
[2025-04-28T14:42:41.249+0000] {processor.py:830} INFO - Processing file /home/airflow/.local/lib/python3.8/site-packages/airflow/example_dags/example_sensor_decorator.py for tasks to queue
[2025-04-28T14:42:41.253+0000] {logging_mixin.py:188} INFO - [2025-04-28T14:42:41.253+0000] {dagbag.py:538} INFO - Filling up the DagBag from /home/airflow/.local/lib/python3.8/site-packages/airflow/example_dags/example_sensor_decorator.py
[2025-04-28T14:42:41.267+0000] {processor.py:840} INFO - DAG(s) 'example_sensor_decorator' retrieved from /home/airflow/.local/lib/python3.8/site-packages/airflow/example_dags/example_sensor_decorator.py
[2025-04-28T14:42:41.308+0000] {logging_mixin.py:188} INFO - [2025-04-28T14:42:41.308+0000] {dag.py:3033} INFO - Sync 1 DAGs
[2025-04-28T14:42:41.332+0000] {logging_mixin.py:188} INFO - [2025-04-28T14:42:41.332+0000] {dag.py:3820} INFO - Setting next_dagrun for example_sensor_decorator to None, run_after=None
[2025-04-28T14:42:41.376+0000] {processor.py:183} INFO - Processing /home/airflow/.local/lib/python3.8/site-packages/airflow/example_dags/example_sensor_decorator.py took 0.134 seconds
[2025-04-28T14:43:14.279+0000] {processor.py:161} INFO - Started process (PID=3306) to work on /home/airflow/.local/lib/python3.8/site-packages/airflow/example_dags/example_sensor_decorator.py
[2025-04-28T14:43:14.280+0000] {processor.py:830} INFO - Processing file /home/airflow/.local/lib/python3.8/site-packages/airflow/example_dags/example_sensor_decorator.py for tasks to queue
[2025-04-28T14:43:14.286+0000] {logging_mixin.py:188} INFO - [2025-04-28T14:43:14.285+0000] {dagbag.py:538} INFO - Filling up the DagBag from /home/airflow/.local/lib/python3.8/site-packages/airflow/example_dags/example_sensor_decorator.py
[2025-04-28T14:43:14.296+0000] {processor.py:840} INFO - DAG(s) 'example_sensor_decorator' retrieved from /home/airflow/.local/lib/python3.8/site-packages/airflow/example_dags/example_sensor_decorator.py
[2025-04-28T14:43:14.335+0000] {logging_mixin.py:188} INFO - [2025-04-28T14:43:14.335+0000] {dag.py:3033} INFO - Sync 1 DAGs
[2025-04-28T14:43:14.358+0000] {logging_mixin.py:188} INFO - [2025-04-28T14:43:14.357+0000] {dag.py:3820} INFO - Setting next_dagrun for example_sensor_decorator to None, run_after=None
[2025-04-28T14:43:14.398+0000] {processor.py:183} INFO - Processing /home/airflow/.local/lib/python3.8/site-packages/airflow/example_dags/example_sensor_decorator.py took 0.128 seconds
[2025-04-28T14:43:46.024+0000] {processor.py:161} INFO - Started process (PID=3362) to work on /home/airflow/.local/lib/python3.8/site-packages/airflow/example_dags/example_sensor_decorator.py
[2025-04-28T14:43:46.025+0000] {processor.py:830} INFO - Processing file /home/airflow/.local/lib/python3.8/site-packages/airflow/example_dags/example_sensor_decorator.py for tasks to queue
[2025-04-28T14:43:46.029+0000] {logging_mixin.py:188} INFO - [2025-04-28T14:43:46.029+0000] {dagbag.py:538} INFO - Filling up the DagBag from /home/airflow/.local/lib/python3.8/site-packages/airflow/example_dags/example_sensor_decorator.py
[2025-04-28T14:43:46.039+0000] {processor.py:840} INFO - DAG(s) 'example_sensor_decorator' retrieved from /home/airflow/.local/lib/python3.8/site-packages/airflow/example_dags/example_sensor_decorator.py
[2025-04-28T14:43:46.069+0000] {logging_mixin.py:188} INFO - [2025-04-28T14:43:46.068+0000] {dag.py:3033} INFO - Sync 1 DAGs
[2025-04-28T14:43:46.088+0000] {logging_mixin.py:188} INFO - [2025-04-28T14:43:46.088+0000] {dag.py:3820} INFO - Setting next_dagrun for example_sensor_decorator to None, run_after=None
[2025-04-28T14:43:46.120+0000] {processor.py:183} INFO - Processing /home/airflow/.local/lib/python3.8/site-packages/airflow/example_dags/example_sensor_decorator.py took 0.102 seconds
[2025-04-28T14:44:20.452+0000] {processor.py:161} INFO - Started process (PID=3422) to work on /home/airflow/.local/lib/python3.8/site-packages/airflow/example_dags/example_sensor_decorator.py
[2025-04-28T14:44:20.453+0000] {processor.py:830} INFO - Processing file /home/airflow/.local/lib/python3.8/site-packages/airflow/example_dags/example_sensor_decorator.py for tasks to queue
[2025-04-28T14:44:20.456+0000] {logging_mixin.py:188} INFO - [2025-04-28T14:44:20.456+0000] {dagbag.py:538} INFO - Filling up the DagBag from /home/airflow/.local/lib/python3.8/site-packages/airflow/example_dags/example_sensor_decorator.py
[2025-04-28T14:44:20.476+0000] {processor.py:840} INFO - DAG(s) 'example_sensor_decorator' retrieved from /home/airflow/.local/lib/python3.8/site-packages/airflow/example_dags/example_sensor_decorator.py
[2025-04-28T14:44:20.565+0000] {logging_mixin.py:188} INFO - [2025-04-28T14:44:20.564+0000] {dag.py:3033} INFO - Sync 1 DAGs
[2025-04-28T14:44:20.604+0000] {logging_mixin.py:188} INFO - [2025-04-28T14:44:20.604+0000] {dag.py:3820} INFO - Setting next_dagrun for example_sensor_decorator to None, run_after=None
[2025-04-28T14:44:20.677+0000] {processor.py:183} INFO - Processing /home/airflow/.local/lib/python3.8/site-packages/airflow/example_dags/example_sensor_decorator.py took 0.239 seconds
[2025-04-28T14:44:54.225+0000] {processor.py:161} INFO - Started process (PID=3482) to work on /home/airflow/.local/lib/python3.8/site-packages/airflow/example_dags/example_sensor_decorator.py
[2025-04-28T14:44:54.227+0000] {processor.py:830} INFO - Processing file /home/airflow/.local/lib/python3.8/site-packages/airflow/example_dags/example_sensor_decorator.py for tasks to queue
[2025-04-28T14:44:54.232+0000] {logging_mixin.py:188} INFO - [2025-04-28T14:44:54.231+0000] {dagbag.py:538} INFO - Filling up the DagBag from /home/airflow/.local/lib/python3.8/site-packages/airflow/example_dags/example_sensor_decorator.py
[2025-04-28T14:44:54.243+0000] {processor.py:840} INFO - DAG(s) 'example_sensor_decorator' retrieved from /home/airflow/.local/lib/python3.8/site-packages/airflow/example_dags/example_sensor_decorator.py
[2025-04-28T14:44:54.321+0000] {logging_mixin.py:188} INFO - [2025-04-28T14:44:54.321+0000] {dag.py:3033} INFO - Sync 1 DAGs
[2025-04-28T14:44:54.364+0000] {logging_mixin.py:188} INFO - [2025-04-28T14:44:54.363+0000] {dag.py:3820} INFO - Setting next_dagrun for example_sensor_decorator to None, run_after=None
[2025-04-28T14:44:54.411+0000] {processor.py:183} INFO - Processing /home/airflow/.local/lib/python3.8/site-packages/airflow/example_dags/example_sensor_decorator.py took 0.192 seconds
[2025-04-28T14:45:25.950+0000] {processor.py:161} INFO - Started process (PID=3538) to work on /home/airflow/.local/lib/python3.8/site-packages/airflow/example_dags/example_sensor_decorator.py
[2025-04-28T14:45:25.951+0000] {processor.py:830} INFO - Processing file /home/airflow/.local/lib/python3.8/site-packages/airflow/example_dags/example_sensor_decorator.py for tasks to queue
[2025-04-28T14:45:25.955+0000] {logging_mixin.py:188} INFO - [2025-04-28T14:45:25.954+0000] {dagbag.py:538} INFO - Filling up the DagBag from /home/airflow/.local/lib/python3.8/site-packages/airflow/example_dags/example_sensor_decorator.py
[2025-04-28T14:45:25.966+0000] {processor.py:840} INFO - DAG(s) 'example_sensor_decorator' retrieved from /home/airflow/.local/lib/python3.8/site-packages/airflow/example_dags/example_sensor_decorator.py
[2025-04-28T14:45:25.998+0000] {logging_mixin.py:188} INFO - [2025-04-28T14:45:25.998+0000] {dag.py:3033} INFO - Sync 1 DAGs
[2025-04-28T14:45:26.034+0000] {logging_mixin.py:188} INFO - [2025-04-28T14:45:26.033+0000] {dag.py:3820} INFO - Setting next_dagrun for example_sensor_decorator to None, run_after=None
[2025-04-28T14:45:26.140+0000] {processor.py:183} INFO - Processing /home/airflow/.local/lib/python3.8/site-packages/airflow/example_dags/example_sensor_decorator.py took 0.196 seconds
[2025-04-28T14:49:06.337+0000] {processor.py:161} INFO - Started process (PID=102) to work on /home/airflow/.local/lib/python3.8/site-packages/airflow/example_dags/example_sensor_decorator.py
[2025-04-28T14:49:06.341+0000] {processor.py:830} INFO - Processing file /home/airflow/.local/lib/python3.8/site-packages/airflow/example_dags/example_sensor_decorator.py for tasks to queue
[2025-04-28T14:49:06.350+0000] {logging_mixin.py:188} INFO - [2025-04-28T14:49:06.349+0000] {dagbag.py:538} INFO - Filling up the DagBag from /home/airflow/.local/lib/python3.8/site-packages/airflow/example_dags/example_sensor_decorator.py
[2025-04-28T14:49:06.382+0000] {processor.py:840} INFO - DAG(s) 'example_sensor_decorator' retrieved from /home/airflow/.local/lib/python3.8/site-packages/airflow/example_dags/example_sensor_decorator.py
[2025-04-28T14:49:06.616+0000] {logging_mixin.py:188} INFO - [2025-04-28T14:49:06.616+0000] {dag.py:3033} INFO - Sync 1 DAGs
[2025-04-28T14:49:06.641+0000] {logging_mixin.py:188} INFO - [2025-04-28T14:49:06.641+0000] {dag.py:3820} INFO - Setting next_dagrun for example_sensor_decorator to None, run_after=None
[2025-04-28T14:49:06.721+0000] {processor.py:183} INFO - Processing /home/airflow/.local/lib/python3.8/site-packages/airflow/example_dags/example_sensor_decorator.py took 0.392 seconds
[2025-04-28T14:49:37.366+0000] {processor.py:161} INFO - Started process (PID=158) to work on /home/airflow/.local/lib/python3.8/site-packages/airflow/example_dags/example_sensor_decorator.py
[2025-04-28T14:49:37.368+0000] {processor.py:830} INFO - Processing file /home/airflow/.local/lib/python3.8/site-packages/airflow/example_dags/example_sensor_decorator.py for tasks to queue
[2025-04-28T14:49:37.372+0000] {logging_mixin.py:188} INFO - [2025-04-28T14:49:37.372+0000] {dagbag.py:538} INFO - Filling up the DagBag from /home/airflow/.local/lib/python3.8/site-packages/airflow/example_dags/example_sensor_decorator.py
[2025-04-28T14:49:37.383+0000] {processor.py:840} INFO - DAG(s) 'example_sensor_decorator' retrieved from /home/airflow/.local/lib/python3.8/site-packages/airflow/example_dags/example_sensor_decorator.py
[2025-04-28T14:49:37.420+0000] {logging_mixin.py:188} INFO - [2025-04-28T14:49:37.420+0000] {dag.py:3033} INFO - Sync 1 DAGs
[2025-04-28T14:49:37.442+0000] {logging_mixin.py:188} INFO - [2025-04-28T14:49:37.441+0000] {dag.py:3820} INFO - Setting next_dagrun for example_sensor_decorator to None, run_after=None
[2025-04-28T14:49:37.475+0000] {processor.py:183} INFO - Processing /home/airflow/.local/lib/python3.8/site-packages/airflow/example_dags/example_sensor_decorator.py took 0.114 seconds
[2025-04-28T14:50:08.245+0000] {processor.py:161} INFO - Started process (PID=215) to work on /home/airflow/.local/lib/python3.8/site-packages/airflow/example_dags/example_sensor_decorator.py
[2025-04-28T14:50:08.249+0000] {processor.py:830} INFO - Processing file /home/airflow/.local/lib/python3.8/site-packages/airflow/example_dags/example_sensor_decorator.py for tasks to queue
[2025-04-28T14:50:08.254+0000] {logging_mixin.py:188} INFO - [2025-04-28T14:50:08.254+0000] {dagbag.py:538} INFO - Filling up the DagBag from /home/airflow/.local/lib/python3.8/site-packages/airflow/example_dags/example_sensor_decorator.py
[2025-04-28T14:50:08.272+0000] {processor.py:840} INFO - DAG(s) 'example_sensor_decorator' retrieved from /home/airflow/.local/lib/python3.8/site-packages/airflow/example_dags/example_sensor_decorator.py
[2025-04-28T14:50:08.333+0000] {logging_mixin.py:188} INFO - [2025-04-28T14:50:08.332+0000] {dag.py:3033} INFO - Sync 1 DAGs
[2025-04-28T14:50:08.381+0000] {logging_mixin.py:188} INFO - [2025-04-28T14:50:08.380+0000] {dag.py:3820} INFO - Setting next_dagrun for example_sensor_decorator to None, run_after=None
[2025-04-28T14:50:08.437+0000] {processor.py:183} INFO - Processing /home/airflow/.local/lib/python3.8/site-packages/airflow/example_dags/example_sensor_decorator.py took 0.200 seconds
[2025-04-28T14:50:39.039+0000] {processor.py:161} INFO - Started process (PID=270) to work on /home/airflow/.local/lib/python3.8/site-packages/airflow/example_dags/example_sensor_decorator.py
[2025-04-28T14:50:39.040+0000] {processor.py:830} INFO - Processing file /home/airflow/.local/lib/python3.8/site-packages/airflow/example_dags/example_sensor_decorator.py for tasks to queue
[2025-04-28T14:50:39.044+0000] {logging_mixin.py:188} INFO - [2025-04-28T14:50:39.043+0000] {dagbag.py:538} INFO - Filling up the DagBag from /home/airflow/.local/lib/python3.8/site-packages/airflow/example_dags/example_sensor_decorator.py
[2025-04-28T14:50:39.053+0000] {processor.py:840} INFO - DAG(s) 'example_sensor_decorator' retrieved from /home/airflow/.local/lib/python3.8/site-packages/airflow/example_dags/example_sensor_decorator.py
[2025-04-28T14:50:39.086+0000] {logging_mixin.py:188} INFO - [2025-04-28T14:50:39.086+0000] {dag.py:3033} INFO - Sync 1 DAGs
[2025-04-28T14:50:39.111+0000] {logging_mixin.py:188} INFO - [2025-04-28T14:50:39.110+0000] {dag.py:3820} INFO - Setting next_dagrun for example_sensor_decorator to None, run_after=None
[2025-04-28T14:50:39.144+0000] {processor.py:183} INFO - Processing /home/airflow/.local/lib/python3.8/site-packages/airflow/example_dags/example_sensor_decorator.py took 0.110 seconds
[2025-04-28T14:51:10.344+0000] {processor.py:161} INFO - Started process (PID=327) to work on /home/airflow/.local/lib/python3.8/site-packages/airflow/example_dags/example_sensor_decorator.py
[2025-04-28T14:51:10.347+0000] {processor.py:830} INFO - Processing file /home/airflow/.local/lib/python3.8/site-packages/airflow/example_dags/example_sensor_decorator.py for tasks to queue
[2025-04-28T14:51:10.362+0000] {logging_mixin.py:188} INFO - [2025-04-28T14:51:10.361+0000] {dagbag.py:538} INFO - Filling up the DagBag from /home/airflow/.local/lib/python3.8/site-packages/airflow/example_dags/example_sensor_decorator.py
[2025-04-28T14:51:10.389+0000] {processor.py:840} INFO - DAG(s) 'example_sensor_decorator' retrieved from /home/airflow/.local/lib/python3.8/site-packages/airflow/example_dags/example_sensor_decorator.py
[2025-04-28T14:51:10.442+0000] {logging_mixin.py:188} INFO - [2025-04-28T14:51:10.442+0000] {dag.py:3033} INFO - Sync 1 DAGs
[2025-04-28T14:51:10.488+0000] {logging_mixin.py:188} INFO - [2025-04-28T14:51:10.488+0000] {dag.py:3820} INFO - Setting next_dagrun for example_sensor_decorator to None, run_after=None
[2025-04-28T14:51:10.571+0000] {processor.py:183} INFO - Processing /home/airflow/.local/lib/python3.8/site-packages/airflow/example_dags/example_sensor_decorator.py took 0.252 seconds
[2025-04-28T14:51:41.094+0000] {processor.py:161} INFO - Started process (PID=383) to work on /home/airflow/.local/lib/python3.8/site-packages/airflow/example_dags/example_sensor_decorator.py
[2025-04-28T14:51:41.096+0000] {processor.py:830} INFO - Processing file /home/airflow/.local/lib/python3.8/site-packages/airflow/example_dags/example_sensor_decorator.py for tasks to queue
[2025-04-28T14:51:41.100+0000] {logging_mixin.py:188} INFO - [2025-04-28T14:51:41.100+0000] {dagbag.py:538} INFO - Filling up the DagBag from /home/airflow/.local/lib/python3.8/site-packages/airflow/example_dags/example_sensor_decorator.py
[2025-04-28T14:51:41.111+0000] {processor.py:840} INFO - DAG(s) 'example_sensor_decorator' retrieved from /home/airflow/.local/lib/python3.8/site-packages/airflow/example_dags/example_sensor_decorator.py
[2025-04-28T14:51:41.151+0000] {logging_mixin.py:188} INFO - [2025-04-28T14:51:41.151+0000] {dag.py:3033} INFO - Sync 1 DAGs
[2025-04-28T14:51:41.192+0000] {logging_mixin.py:188} INFO - [2025-04-28T14:51:41.191+0000] {dag.py:3820} INFO - Setting next_dagrun for example_sensor_decorator to None, run_after=None
[2025-04-28T14:51:41.235+0000] {processor.py:183} INFO - Processing /home/airflow/.local/lib/python3.8/site-packages/airflow/example_dags/example_sensor_decorator.py took 0.147 seconds
[2025-04-28T14:52:14.273+0000] {processor.py:161} INFO - Started process (PID=437) to work on /home/airflow/.local/lib/python3.8/site-packages/airflow/example_dags/example_sensor_decorator.py
[2025-04-28T14:52:14.274+0000] {processor.py:830} INFO - Processing file /home/airflow/.local/lib/python3.8/site-packages/airflow/example_dags/example_sensor_decorator.py for tasks to queue
[2025-04-28T14:52:14.278+0000] {logging_mixin.py:188} INFO - [2025-04-28T14:52:14.277+0000] {dagbag.py:538} INFO - Filling up the DagBag from /home/airflow/.local/lib/python3.8/site-packages/airflow/example_dags/example_sensor_decorator.py
[2025-04-28T14:52:14.287+0000] {processor.py:840} INFO - DAG(s) 'example_sensor_decorator' retrieved from /home/airflow/.local/lib/python3.8/site-packages/airflow/example_dags/example_sensor_decorator.py
[2025-04-28T14:52:14.322+0000] {logging_mixin.py:188} INFO - [2025-04-28T14:52:14.322+0000] {dag.py:3033} INFO - Sync 1 DAGs
[2025-04-28T14:52:14.343+0000] {logging_mixin.py:188} INFO - [2025-04-28T14:52:14.343+0000] {dag.py:3820} INFO - Setting next_dagrun for example_sensor_decorator to None, run_after=None
[2025-04-28T14:52:14.386+0000] {processor.py:183} INFO - Processing /home/airflow/.local/lib/python3.8/site-packages/airflow/example_dags/example_sensor_decorator.py took 0.119 seconds
[2025-04-28T14:52:45.408+0000] {processor.py:161} INFO - Started process (PID=493) to work on /home/airflow/.local/lib/python3.8/site-packages/airflow/example_dags/example_sensor_decorator.py
[2025-04-28T14:52:45.413+0000] {processor.py:830} INFO - Processing file /home/airflow/.local/lib/python3.8/site-packages/airflow/example_dags/example_sensor_decorator.py for tasks to queue
[2025-04-28T14:52:45.417+0000] {logging_mixin.py:188} INFO - [2025-04-28T14:52:45.417+0000] {dagbag.py:538} INFO - Filling up the DagBag from /home/airflow/.local/lib/python3.8/site-packages/airflow/example_dags/example_sensor_decorator.py
[2025-04-28T14:52:45.432+0000] {processor.py:840} INFO - DAG(s) 'example_sensor_decorator' retrieved from /home/airflow/.local/lib/python3.8/site-packages/airflow/example_dags/example_sensor_decorator.py
[2025-04-28T14:52:45.467+0000] {logging_mixin.py:188} INFO - [2025-04-28T14:52:45.467+0000] {dag.py:3033} INFO - Sync 1 DAGs
[2025-04-28T14:52:45.489+0000] {logging_mixin.py:188} INFO - [2025-04-28T14:52:45.488+0000] {dag.py:3820} INFO - Setting next_dagrun for example_sensor_decorator to None, run_after=None
[2025-04-28T14:52:45.518+0000] {processor.py:183} INFO - Processing /home/airflow/.local/lib/python3.8/site-packages/airflow/example_dags/example_sensor_decorator.py took 0.115 seconds
[2025-04-28T14:53:16.858+0000] {processor.py:161} INFO - Started process (PID=550) to work on /home/airflow/.local/lib/python3.8/site-packages/airflow/example_dags/example_sensor_decorator.py
[2025-04-28T14:53:16.861+0000] {processor.py:830} INFO - Processing file /home/airflow/.local/lib/python3.8/site-packages/airflow/example_dags/example_sensor_decorator.py for tasks to queue
[2025-04-28T14:53:16.869+0000] {logging_mixin.py:188} INFO - [2025-04-28T14:53:16.869+0000] {dagbag.py:538} INFO - Filling up the DagBag from /home/airflow/.local/lib/python3.8/site-packages/airflow/example_dags/example_sensor_decorator.py
[2025-04-28T14:53:16.886+0000] {processor.py:840} INFO - DAG(s) 'example_sensor_decorator' retrieved from /home/airflow/.local/lib/python3.8/site-packages/airflow/example_dags/example_sensor_decorator.py
[2025-04-28T14:53:16.962+0000] {logging_mixin.py:188} INFO - [2025-04-28T14:53:16.962+0000] {dag.py:3033} INFO - Sync 1 DAGs
[2025-04-28T14:53:17.021+0000] {logging_mixin.py:188} INFO - [2025-04-28T14:53:17.021+0000] {dag.py:3820} INFO - Setting next_dagrun for example_sensor_decorator to None, run_after=None
[2025-04-28T14:53:17.101+0000] {processor.py:183} INFO - Processing /home/airflow/.local/lib/python3.8/site-packages/airflow/example_dags/example_sensor_decorator.py took 0.254 seconds
[2025-04-28T14:53:47.572+0000] {processor.py:161} INFO - Started process (PID=606) to work on /home/airflow/.local/lib/python3.8/site-packages/airflow/example_dags/example_sensor_decorator.py
[2025-04-28T14:53:47.573+0000] {processor.py:830} INFO - Processing file /home/airflow/.local/lib/python3.8/site-packages/airflow/example_dags/example_sensor_decorator.py for tasks to queue
[2025-04-28T14:53:47.577+0000] {logging_mixin.py:188} INFO - [2025-04-28T14:53:47.576+0000] {dagbag.py:538} INFO - Filling up the DagBag from /home/airflow/.local/lib/python3.8/site-packages/airflow/example_dags/example_sensor_decorator.py
[2025-04-28T14:53:47.587+0000] {processor.py:840} INFO - DAG(s) 'example_sensor_decorator' retrieved from /home/airflow/.local/lib/python3.8/site-packages/airflow/example_dags/example_sensor_decorator.py
[2025-04-28T14:53:47.623+0000] {logging_mixin.py:188} INFO - [2025-04-28T14:53:47.623+0000] {dag.py:3033} INFO - Sync 1 DAGs
[2025-04-28T14:53:47.641+0000] {logging_mixin.py:188} INFO - [2025-04-28T14:53:47.641+0000] {dag.py:3820} INFO - Setting next_dagrun for example_sensor_decorator to None, run_after=None
[2025-04-28T14:53:47.671+0000] {processor.py:183} INFO - Processing /home/airflow/.local/lib/python3.8/site-packages/airflow/example_dags/example_sensor_decorator.py took 0.105 seconds
[2025-04-28T14:54:18.277+0000] {processor.py:161} INFO - Started process (PID=663) to work on /home/airflow/.local/lib/python3.8/site-packages/airflow/example_dags/example_sensor_decorator.py
[2025-04-28T14:54:18.279+0000] {processor.py:830} INFO - Processing file /home/airflow/.local/lib/python3.8/site-packages/airflow/example_dags/example_sensor_decorator.py for tasks to queue
[2025-04-28T14:54:18.281+0000] {logging_mixin.py:188} INFO - [2025-04-28T14:54:18.281+0000] {dagbag.py:538} INFO - Filling up the DagBag from /home/airflow/.local/lib/python3.8/site-packages/airflow/example_dags/example_sensor_decorator.py
[2025-04-28T14:54:18.292+0000] {processor.py:840} INFO - DAG(s) 'example_sensor_decorator' retrieved from /home/airflow/.local/lib/python3.8/site-packages/airflow/example_dags/example_sensor_decorator.py
[2025-04-28T14:54:18.326+0000] {logging_mixin.py:188} INFO - [2025-04-28T14:54:18.326+0000] {dag.py:3033} INFO - Sync 1 DAGs
[2025-04-28T14:54:18.356+0000] {logging_mixin.py:188} INFO - [2025-04-28T14:54:18.355+0000] {dag.py:3820} INFO - Setting next_dagrun for example_sensor_decorator to None, run_after=None
[2025-04-28T14:54:18.402+0000] {processor.py:183} INFO - Processing /home/airflow/.local/lib/python3.8/site-packages/airflow/example_dags/example_sensor_decorator.py took 0.129 seconds
[2025-04-28T14:54:48.704+0000] {processor.py:161} INFO - Started process (PID=720) to work on /home/airflow/.local/lib/python3.8/site-packages/airflow/example_dags/example_sensor_decorator.py
[2025-04-28T14:54:48.707+0000] {processor.py:830} INFO - Processing file /home/airflow/.local/lib/python3.8/site-packages/airflow/example_dags/example_sensor_decorator.py for tasks to queue
[2025-04-28T14:54:48.712+0000] {logging_mixin.py:188} INFO - [2025-04-28T14:54:48.711+0000] {dagbag.py:538} INFO - Filling up the DagBag from /home/airflow/.local/lib/python3.8/site-packages/airflow/example_dags/example_sensor_decorator.py
[2025-04-28T14:54:48.726+0000] {processor.py:840} INFO - DAG(s) 'example_sensor_decorator' retrieved from /home/airflow/.local/lib/python3.8/site-packages/airflow/example_dags/example_sensor_decorator.py
[2025-04-28T14:54:48.777+0000] {logging_mixin.py:188} INFO - [2025-04-28T14:54:48.777+0000] {dag.py:3033} INFO - Sync 1 DAGs
[2025-04-28T14:54:48.803+0000] {logging_mixin.py:188} INFO - [2025-04-28T14:54:48.803+0000] {dag.py:3820} INFO - Setting next_dagrun for example_sensor_decorator to None, run_after=None
[2025-04-28T14:54:48.848+0000] {processor.py:183} INFO - Processing /home/airflow/.local/lib/python3.8/site-packages/airflow/example_dags/example_sensor_decorator.py took 0.150 seconds
[2025-04-28T14:55:22.047+0000] {processor.py:161} INFO - Started process (PID=777) to work on /home/airflow/.local/lib/python3.8/site-packages/airflow/example_dags/example_sensor_decorator.py
[2025-04-28T14:55:22.049+0000] {processor.py:830} INFO - Processing file /home/airflow/.local/lib/python3.8/site-packages/airflow/example_dags/example_sensor_decorator.py for tasks to queue
[2025-04-28T14:55:22.054+0000] {logging_mixin.py:188} INFO - [2025-04-28T14:55:22.054+0000] {dagbag.py:538} INFO - Filling up the DagBag from /home/airflow/.local/lib/python3.8/site-packages/airflow/example_dags/example_sensor_decorator.py
[2025-04-28T14:55:22.067+0000] {processor.py:840} INFO - DAG(s) 'example_sensor_decorator' retrieved from /home/airflow/.local/lib/python3.8/site-packages/airflow/example_dags/example_sensor_decorator.py
[2025-04-28T14:55:22.110+0000] {logging_mixin.py:188} INFO - [2025-04-28T14:55:22.109+0000] {dag.py:3033} INFO - Sync 1 DAGs
[2025-04-28T14:55:22.138+0000] {logging_mixin.py:188} INFO - [2025-04-28T14:55:22.138+0000] {dag.py:3820} INFO - Setting next_dagrun for example_sensor_decorator to None, run_after=None
[2025-04-28T14:55:22.174+0000] {processor.py:183} INFO - Processing /home/airflow/.local/lib/python3.8/site-packages/airflow/example_dags/example_sensor_decorator.py took 0.132 seconds
[2025-04-28T14:55:52.928+0000] {processor.py:161} INFO - Started process (PID=833) to work on /home/airflow/.local/lib/python3.8/site-packages/airflow/example_dags/example_sensor_decorator.py
[2025-04-28T14:55:52.930+0000] {processor.py:830} INFO - Processing file /home/airflow/.local/lib/python3.8/site-packages/airflow/example_dags/example_sensor_decorator.py for tasks to queue
[2025-04-28T14:55:52.933+0000] {logging_mixin.py:188} INFO - [2025-04-28T14:55:52.933+0000] {dagbag.py:538} INFO - Filling up the DagBag from /home/airflow/.local/lib/python3.8/site-packages/airflow/example_dags/example_sensor_decorator.py
[2025-04-28T14:55:52.940+0000] {processor.py:840} INFO - DAG(s) 'example_sensor_decorator' retrieved from /home/airflow/.local/lib/python3.8/site-packages/airflow/example_dags/example_sensor_decorator.py
[2025-04-28T14:55:52.971+0000] {logging_mixin.py:188} INFO - [2025-04-28T14:55:52.970+0000] {dag.py:3033} INFO - Sync 1 DAGs
[2025-04-28T14:55:52.994+0000] {logging_mixin.py:188} INFO - [2025-04-28T14:55:52.993+0000] {dag.py:3820} INFO - Setting next_dagrun for example_sensor_decorator to None, run_after=None
[2025-04-28T14:55:53.025+0000] {processor.py:183} INFO - Processing /home/airflow/.local/lib/python3.8/site-packages/airflow/example_dags/example_sensor_decorator.py took 0.102 seconds
[2025-04-28T14:56:24.251+0000] {processor.py:161} INFO - Started process (PID=889) to work on /home/airflow/.local/lib/python3.8/site-packages/airflow/example_dags/example_sensor_decorator.py
[2025-04-28T14:56:24.253+0000] {processor.py:830} INFO - Processing file /home/airflow/.local/lib/python3.8/site-packages/airflow/example_dags/example_sensor_decorator.py for tasks to queue
[2025-04-28T14:56:24.256+0000] {logging_mixin.py:188} INFO - [2025-04-28T14:56:24.256+0000] {dagbag.py:538} INFO - Filling up the DagBag from /home/airflow/.local/lib/python3.8/site-packages/airflow/example_dags/example_sensor_decorator.py
[2025-04-28T14:56:24.266+0000] {processor.py:840} INFO - DAG(s) 'example_sensor_decorator' retrieved from /home/airflow/.local/lib/python3.8/site-packages/airflow/example_dags/example_sensor_decorator.py
[2025-04-28T14:56:24.295+0000] {logging_mixin.py:188} INFO - [2025-04-28T14:56:24.295+0000] {dag.py:3033} INFO - Sync 1 DAGs
[2025-04-28T14:56:24.313+0000] {logging_mixin.py:188} INFO - [2025-04-28T14:56:24.313+0000] {dag.py:3820} INFO - Setting next_dagrun for example_sensor_decorator to None, run_after=None
[2025-04-28T14:56:24.342+0000] {processor.py:183} INFO - Processing /home/airflow/.local/lib/python3.8/site-packages/airflow/example_dags/example_sensor_decorator.py took 0.096 seconds
[2025-04-28T14:56:56.396+0000] {processor.py:161} INFO - Started process (PID=945) to work on /home/airflow/.local/lib/python3.8/site-packages/airflow/example_dags/example_sensor_decorator.py
[2025-04-28T14:56:56.397+0000] {processor.py:830} INFO - Processing file /home/airflow/.local/lib/python3.8/site-packages/airflow/example_dags/example_sensor_decorator.py for tasks to queue
[2025-04-28T14:56:56.400+0000] {logging_mixin.py:188} INFO - [2025-04-28T14:56:56.400+0000] {dagbag.py:538} INFO - Filling up the DagBag from /home/airflow/.local/lib/python3.8/site-packages/airflow/example_dags/example_sensor_decorator.py
[2025-04-28T14:56:56.413+0000] {processor.py:840} INFO - DAG(s) 'example_sensor_decorator' retrieved from /home/airflow/.local/lib/python3.8/site-packages/airflow/example_dags/example_sensor_decorator.py
[2025-04-28T14:56:56.461+0000] {logging_mixin.py:188} INFO - [2025-04-28T14:56:56.460+0000] {dag.py:3033} INFO - Sync 1 DAGs
[2025-04-28T14:56:56.489+0000] {logging_mixin.py:188} INFO - [2025-04-28T14:56:56.489+0000] {dag.py:3820} INFO - Setting next_dagrun for example_sensor_decorator to None, run_after=None
[2025-04-28T14:56:56.533+0000] {processor.py:183} INFO - Processing /home/airflow/.local/lib/python3.8/site-packages/airflow/example_dags/example_sensor_decorator.py took 0.145 seconds
[2025-04-28T14:57:27.910+0000] {processor.py:161} INFO - Started process (PID=995) to work on /home/airflow/.local/lib/python3.8/site-packages/airflow/example_dags/example_sensor_decorator.py
[2025-04-28T14:57:27.911+0000] {processor.py:830} INFO - Processing file /home/airflow/.local/lib/python3.8/site-packages/airflow/example_dags/example_sensor_decorator.py for tasks to queue
[2025-04-28T14:57:27.915+0000] {logging_mixin.py:188} INFO - [2025-04-28T14:57:27.915+0000] {dagbag.py:538} INFO - Filling up the DagBag from /home/airflow/.local/lib/python3.8/site-packages/airflow/example_dags/example_sensor_decorator.py
[2025-04-28T14:57:27.957+0000] {processor.py:840} INFO - DAG(s) 'example_sensor_decorator' retrieved from /home/airflow/.local/lib/python3.8/site-packages/airflow/example_dags/example_sensor_decorator.py
[2025-04-28T14:57:28.011+0000] {logging_mixin.py:188} INFO - [2025-04-28T14:57:28.010+0000] {dag.py:3033} INFO - Sync 1 DAGs
[2025-04-28T14:57:28.036+0000] {logging_mixin.py:188} INFO - [2025-04-28T14:57:28.036+0000] {dag.py:3820} INFO - Setting next_dagrun for example_sensor_decorator to None, run_after=None
[2025-04-28T14:57:28.076+0000] {processor.py:183} INFO - Processing /home/airflow/.local/lib/python3.8/site-packages/airflow/example_dags/example_sensor_decorator.py took 0.172 seconds
[2025-04-28T14:58:02.603+0000] {processor.py:161} INFO - Started process (PID=1055) to work on /home/airflow/.local/lib/python3.8/site-packages/airflow/example_dags/example_sensor_decorator.py
[2025-04-28T14:58:02.604+0000] {processor.py:830} INFO - Processing file /home/airflow/.local/lib/python3.8/site-packages/airflow/example_dags/example_sensor_decorator.py for tasks to queue
[2025-04-28T14:58:02.609+0000] {logging_mixin.py:188} INFO - [2025-04-28T14:58:02.609+0000] {dagbag.py:538} INFO - Filling up the DagBag from /home/airflow/.local/lib/python3.8/site-packages/airflow/example_dags/example_sensor_decorator.py
[2025-04-28T14:58:02.619+0000] {processor.py:840} INFO - DAG(s) 'example_sensor_decorator' retrieved from /home/airflow/.local/lib/python3.8/site-packages/airflow/example_dags/example_sensor_decorator.py
[2025-04-28T14:58:02.653+0000] {logging_mixin.py:188} INFO - [2025-04-28T14:58:02.652+0000] {dag.py:3033} INFO - Sync 1 DAGs
[2025-04-28T14:58:02.696+0000] {logging_mixin.py:188} INFO - [2025-04-28T14:58:02.695+0000] {dag.py:3820} INFO - Setting next_dagrun for example_sensor_decorator to None, run_after=None
[2025-04-28T14:58:02.747+0000] {processor.py:183} INFO - Processing /home/airflow/.local/lib/python3.8/site-packages/airflow/example_dags/example_sensor_decorator.py took 0.153 seconds
[2025-04-28T14:58:33.472+0000] {processor.py:161} INFO - Started process (PID=1106) to work on /home/airflow/.local/lib/python3.8/site-packages/airflow/example_dags/example_sensor_decorator.py
[2025-04-28T14:58:33.473+0000] {processor.py:830} INFO - Processing file /home/airflow/.local/lib/python3.8/site-packages/airflow/example_dags/example_sensor_decorator.py for tasks to queue
[2025-04-28T14:58:33.476+0000] {logging_mixin.py:188} INFO - [2025-04-28T14:58:33.476+0000] {dagbag.py:538} INFO - Filling up the DagBag from /home/airflow/.local/lib/python3.8/site-packages/airflow/example_dags/example_sensor_decorator.py
[2025-04-28T14:58:33.488+0000] {processor.py:840} INFO - DAG(s) 'example_sensor_decorator' retrieved from /home/airflow/.local/lib/python3.8/site-packages/airflow/example_dags/example_sensor_decorator.py
[2025-04-28T14:58:33.523+0000] {logging_mixin.py:188} INFO - [2025-04-28T14:58:33.523+0000] {dag.py:3033} INFO - Sync 1 DAGs
[2025-04-28T14:58:33.579+0000] {logging_mixin.py:188} INFO - [2025-04-28T14:58:33.577+0000] {dag.py:3820} INFO - Setting next_dagrun for example_sensor_decorator to None, run_after=None
[2025-04-28T14:58:33.647+0000] {processor.py:183} INFO - Processing /home/airflow/.local/lib/python3.8/site-packages/airflow/example_dags/example_sensor_decorator.py took 0.179 seconds
[2025-04-28T14:59:10.842+0000] {processor.py:161} INFO - Started process (PID=1170) to work on /home/airflow/.local/lib/python3.8/site-packages/airflow/example_dags/example_sensor_decorator.py
[2025-04-28T14:59:10.843+0000] {processor.py:830} INFO - Processing file /home/airflow/.local/lib/python3.8/site-packages/airflow/example_dags/example_sensor_decorator.py for tasks to queue
[2025-04-28T14:59:10.850+0000] {logging_mixin.py:188} INFO - [2025-04-28T14:59:10.849+0000] {dagbag.py:538} INFO - Filling up the DagBag from /home/airflow/.local/lib/python3.8/site-packages/airflow/example_dags/example_sensor_decorator.py
[2025-04-28T14:59:10.859+0000] {processor.py:840} INFO - DAG(s) 'example_sensor_decorator' retrieved from /home/airflow/.local/lib/python3.8/site-packages/airflow/example_dags/example_sensor_decorator.py
[2025-04-28T14:59:10.900+0000] {logging_mixin.py:188} INFO - [2025-04-28T14:59:10.900+0000] {dag.py:3033} INFO - Sync 1 DAGs
[2025-04-28T14:59:10.920+0000] {logging_mixin.py:188} INFO - [2025-04-28T14:59:10.920+0000] {dag.py:3820} INFO - Setting next_dagrun for example_sensor_decorator to None, run_after=None
[2025-04-28T14:59:10.961+0000] {processor.py:183} INFO - Processing /home/airflow/.local/lib/python3.8/site-packages/airflow/example_dags/example_sensor_decorator.py took 0.125 seconds
[2025-04-28T14:59:41.549+0000] {processor.py:161} INFO - Started process (PID=1226) to work on /home/airflow/.local/lib/python3.8/site-packages/airflow/example_dags/example_sensor_decorator.py
[2025-04-28T14:59:41.550+0000] {processor.py:830} INFO - Processing file /home/airflow/.local/lib/python3.8/site-packages/airflow/example_dags/example_sensor_decorator.py for tasks to queue
[2025-04-28T14:59:41.553+0000] {logging_mixin.py:188} INFO - [2025-04-28T14:59:41.553+0000] {dagbag.py:538} INFO - Filling up the DagBag from /home/airflow/.local/lib/python3.8/site-packages/airflow/example_dags/example_sensor_decorator.py
[2025-04-28T14:59:41.563+0000] {processor.py:840} INFO - DAG(s) 'example_sensor_decorator' retrieved from /home/airflow/.local/lib/python3.8/site-packages/airflow/example_dags/example_sensor_decorator.py
[2025-04-28T14:59:41.598+0000] {logging_mixin.py:188} INFO - [2025-04-28T14:59:41.598+0000] {dag.py:3033} INFO - Sync 1 DAGs
[2025-04-28T14:59:41.625+0000] {logging_mixin.py:188} INFO - [2025-04-28T14:59:41.624+0000] {dag.py:3820} INFO - Setting next_dagrun for example_sensor_decorator to None, run_after=None
[2025-04-28T14:59:41.668+0000] {processor.py:183} INFO - Processing /home/airflow/.local/lib/python3.8/site-packages/airflow/example_dags/example_sensor_decorator.py took 0.123 seconds
[2025-04-28T15:00:12.264+0000] {processor.py:161} INFO - Started process (PID=1282) to work on /home/airflow/.local/lib/python3.8/site-packages/airflow/example_dags/example_sensor_decorator.py
[2025-04-28T15:00:12.265+0000] {processor.py:830} INFO - Processing file /home/airflow/.local/lib/python3.8/site-packages/airflow/example_dags/example_sensor_decorator.py for tasks to queue
[2025-04-28T15:00:12.269+0000] {logging_mixin.py:188} INFO - [2025-04-28T15:00:12.268+0000] {dagbag.py:538} INFO - Filling up the DagBag from /home/airflow/.local/lib/python3.8/site-packages/airflow/example_dags/example_sensor_decorator.py
[2025-04-28T15:00:12.278+0000] {processor.py:840} INFO - DAG(s) 'example_sensor_decorator' retrieved from /home/airflow/.local/lib/python3.8/site-packages/airflow/example_dags/example_sensor_decorator.py
[2025-04-28T15:00:12.303+0000] {logging_mixin.py:188} INFO - [2025-04-28T15:00:12.303+0000] {dag.py:3033} INFO - Sync 1 DAGs
[2025-04-28T15:00:12.325+0000] {logging_mixin.py:188} INFO - [2025-04-28T15:00:12.325+0000] {dag.py:3820} INFO - Setting next_dagrun for example_sensor_decorator to None, run_after=None
[2025-04-28T15:00:12.374+0000] {processor.py:183} INFO - Processing /home/airflow/.local/lib/python3.8/site-packages/airflow/example_dags/example_sensor_decorator.py took 0.115 seconds
[2025-04-28T15:00:45.426+0000] {processor.py:161} INFO - Started process (PID=1339) to work on /home/airflow/.local/lib/python3.8/site-packages/airflow/example_dags/example_sensor_decorator.py
[2025-04-28T15:00:45.428+0000] {processor.py:830} INFO - Processing file /home/airflow/.local/lib/python3.8/site-packages/airflow/example_dags/example_sensor_decorator.py for tasks to queue
[2025-04-28T15:00:45.432+0000] {logging_mixin.py:188} INFO - [2025-04-28T15:00:45.431+0000] {dagbag.py:538} INFO - Filling up the DagBag from /home/airflow/.local/lib/python3.8/site-packages/airflow/example_dags/example_sensor_decorator.py
[2025-04-28T15:00:45.444+0000] {processor.py:840} INFO - DAG(s) 'example_sensor_decorator' retrieved from /home/airflow/.local/lib/python3.8/site-packages/airflow/example_dags/example_sensor_decorator.py
[2025-04-28T15:00:45.490+0000] {logging_mixin.py:188} INFO - [2025-04-28T15:00:45.489+0000] {dag.py:3033} INFO - Sync 1 DAGs
[2025-04-28T15:00:45.524+0000] {logging_mixin.py:188} INFO - [2025-04-28T15:00:45.524+0000] {dag.py:3820} INFO - Setting next_dagrun for example_sensor_decorator to None, run_after=None
[2025-04-28T15:00:45.592+0000] {processor.py:183} INFO - Processing /home/airflow/.local/lib/python3.8/site-packages/airflow/example_dags/example_sensor_decorator.py took 0.172 seconds
[2025-04-28T15:01:18.999+0000] {processor.py:161} INFO - Started process (PID=1398) to work on /home/airflow/.local/lib/python3.8/site-packages/airflow/example_dags/example_sensor_decorator.py
[2025-04-28T15:01:19.003+0000] {processor.py:830} INFO - Processing file /home/airflow/.local/lib/python3.8/site-packages/airflow/example_dags/example_sensor_decorator.py for tasks to queue
[2025-04-28T15:01:19.008+0000] {logging_mixin.py:188} INFO - [2025-04-28T15:01:19.007+0000] {dagbag.py:538} INFO - Filling up the DagBag from /home/airflow/.local/lib/python3.8/site-packages/airflow/example_dags/example_sensor_decorator.py
[2025-04-28T15:01:19.024+0000] {processor.py:840} INFO - DAG(s) 'example_sensor_decorator' retrieved from /home/airflow/.local/lib/python3.8/site-packages/airflow/example_dags/example_sensor_decorator.py
[2025-04-28T15:01:19.068+0000] {logging_mixin.py:188} INFO - [2025-04-28T15:01:19.068+0000] {dag.py:3033} INFO - Sync 1 DAGs
[2025-04-28T15:01:19.106+0000] {logging_mixin.py:188} INFO - [2025-04-28T15:01:19.106+0000] {dag.py:3820} INFO - Setting next_dagrun for example_sensor_decorator to None, run_after=None
[2025-04-28T15:01:19.166+0000] {processor.py:183} INFO - Processing /home/airflow/.local/lib/python3.8/site-packages/airflow/example_dags/example_sensor_decorator.py took 0.173 seconds
[2025-04-28T15:01:53.597+0000] {processor.py:161} INFO - Started process (PID=1457) to work on /home/airflow/.local/lib/python3.8/site-packages/airflow/example_dags/example_sensor_decorator.py
[2025-04-28T15:01:53.599+0000] {processor.py:830} INFO - Processing file /home/airflow/.local/lib/python3.8/site-packages/airflow/example_dags/example_sensor_decorator.py for tasks to queue
[2025-04-28T15:01:53.612+0000] {logging_mixin.py:188} INFO - [2025-04-28T15:01:53.606+0000] {dagbag.py:538} INFO - Filling up the DagBag from /home/airflow/.local/lib/python3.8/site-packages/airflow/example_dags/example_sensor_decorator.py
[2025-04-28T15:01:53.658+0000] {processor.py:840} INFO - DAG(s) 'example_sensor_decorator' retrieved from /home/airflow/.local/lib/python3.8/site-packages/airflow/example_dags/example_sensor_decorator.py
[2025-04-28T15:01:53.733+0000] {logging_mixin.py:188} INFO - [2025-04-28T15:01:53.732+0000] {dag.py:3033} INFO - Sync 1 DAGs
[2025-04-28T15:01:53.782+0000] {logging_mixin.py:188} INFO - [2025-04-28T15:01:53.782+0000] {dag.py:3820} INFO - Setting next_dagrun for example_sensor_decorator to None, run_after=None
[2025-04-28T15:01:53.855+0000] {processor.py:183} INFO - Processing /home/airflow/.local/lib/python3.8/site-packages/airflow/example_dags/example_sensor_decorator.py took 0.273 seconds
[2025-04-28T15:02:25.106+0000] {processor.py:161} INFO - Started process (PID=1513) to work on /home/airflow/.local/lib/python3.8/site-packages/airflow/example_dags/example_sensor_decorator.py
[2025-04-28T15:02:25.107+0000] {processor.py:830} INFO - Processing file /home/airflow/.local/lib/python3.8/site-packages/airflow/example_dags/example_sensor_decorator.py for tasks to queue
[2025-04-28T15:02:25.109+0000] {logging_mixin.py:188} INFO - [2025-04-28T15:02:25.109+0000] {dagbag.py:538} INFO - Filling up the DagBag from /home/airflow/.local/lib/python3.8/site-packages/airflow/example_dags/example_sensor_decorator.py
[2025-04-28T15:02:25.118+0000] {processor.py:840} INFO - DAG(s) 'example_sensor_decorator' retrieved from /home/airflow/.local/lib/python3.8/site-packages/airflow/example_dags/example_sensor_decorator.py
[2025-04-28T15:02:25.143+0000] {logging_mixin.py:188} INFO - [2025-04-28T15:02:25.143+0000] {dag.py:3033} INFO - Sync 1 DAGs
[2025-04-28T15:02:25.159+0000] {logging_mixin.py:188} INFO - [2025-04-28T15:02:25.158+0000] {dag.py:3820} INFO - Setting next_dagrun for example_sensor_decorator to None, run_after=None
[2025-04-28T15:02:25.186+0000] {processor.py:183} INFO - Processing /home/airflow/.local/lib/python3.8/site-packages/airflow/example_dags/example_sensor_decorator.py took 0.084 seconds
[2025-04-28T15:02:55.510+0000] {processor.py:161} INFO - Started process (PID=1564) to work on /home/airflow/.local/lib/python3.8/site-packages/airflow/example_dags/example_sensor_decorator.py
[2025-04-28T15:02:55.544+0000] {processor.py:830} INFO - Processing file /home/airflow/.local/lib/python3.8/site-packages/airflow/example_dags/example_sensor_decorator.py for tasks to queue
[2025-04-28T15:02:55.556+0000] {logging_mixin.py:188} INFO - [2025-04-28T15:02:55.556+0000] {dagbag.py:538} INFO - Filling up the DagBag from /home/airflow/.local/lib/python3.8/site-packages/airflow/example_dags/example_sensor_decorator.py
[2025-04-28T15:02:55.567+0000] {processor.py:840} INFO - DAG(s) 'example_sensor_decorator' retrieved from /home/airflow/.local/lib/python3.8/site-packages/airflow/example_dags/example_sensor_decorator.py
[2025-04-28T15:02:55.603+0000] {logging_mixin.py:188} INFO - [2025-04-28T15:02:55.603+0000] {dag.py:3033} INFO - Sync 1 DAGs
[2025-04-28T15:02:55.627+0000] {logging_mixin.py:188} INFO - [2025-04-28T15:02:55.627+0000] {dag.py:3820} INFO - Setting next_dagrun for example_sensor_decorator to None, run_after=None
[2025-04-28T15:02:55.763+0000] {processor.py:183} INFO - Processing /home/airflow/.local/lib/python3.8/site-packages/airflow/example_dags/example_sensor_decorator.py took 0.260 seconds
[2025-04-28T15:03:28.806+0000] {processor.py:161} INFO - Started process (PID=1623) to work on /home/airflow/.local/lib/python3.8/site-packages/airflow/example_dags/example_sensor_decorator.py
[2025-04-28T15:03:28.807+0000] {processor.py:830} INFO - Processing file /home/airflow/.local/lib/python3.8/site-packages/airflow/example_dags/example_sensor_decorator.py for tasks to queue
[2025-04-28T15:03:28.811+0000] {logging_mixin.py:188} INFO - [2025-04-28T15:03:28.810+0000] {dagbag.py:538} INFO - Filling up the DagBag from /home/airflow/.local/lib/python3.8/site-packages/airflow/example_dags/example_sensor_decorator.py
[2025-04-28T15:03:28.822+0000] {processor.py:840} INFO - DAG(s) 'example_sensor_decorator' retrieved from /home/airflow/.local/lib/python3.8/site-packages/airflow/example_dags/example_sensor_decorator.py
[2025-04-28T15:03:28.880+0000] {logging_mixin.py:188} INFO - [2025-04-28T15:03:28.879+0000] {dag.py:3033} INFO - Sync 1 DAGs
[2025-04-28T15:03:28.921+0000] {logging_mixin.py:188} INFO - [2025-04-28T15:03:28.921+0000] {dag.py:3820} INFO - Setting next_dagrun for example_sensor_decorator to None, run_after=None
[2025-04-28T15:03:28.987+0000] {processor.py:183} INFO - Processing /home/airflow/.local/lib/python3.8/site-packages/airflow/example_dags/example_sensor_decorator.py took 0.189 seconds
[2025-04-28T15:04:01.379+0000] {processor.py:161} INFO - Started process (PID=1680) to work on /home/airflow/.local/lib/python3.8/site-packages/airflow/example_dags/example_sensor_decorator.py
[2025-04-28T15:04:01.381+0000] {processor.py:830} INFO - Processing file /home/airflow/.local/lib/python3.8/site-packages/airflow/example_dags/example_sensor_decorator.py for tasks to queue
[2025-04-28T15:04:01.387+0000] {logging_mixin.py:188} INFO - [2025-04-28T15:04:01.386+0000] {dagbag.py:538} INFO - Filling up the DagBag from /home/airflow/.local/lib/python3.8/site-packages/airflow/example_dags/example_sensor_decorator.py
[2025-04-28T15:04:01.400+0000] {processor.py:840} INFO - DAG(s) 'example_sensor_decorator' retrieved from /home/airflow/.local/lib/python3.8/site-packages/airflow/example_dags/example_sensor_decorator.py
[2025-04-28T15:04:01.437+0000] {logging_mixin.py:188} INFO - [2025-04-28T15:04:01.437+0000] {dag.py:3033} INFO - Sync 1 DAGs
[2025-04-28T15:04:01.467+0000] {logging_mixin.py:188} INFO - [2025-04-28T15:04:01.466+0000] {dag.py:3820} INFO - Setting next_dagrun for example_sensor_decorator to None, run_after=None
[2025-04-28T15:04:01.545+0000] {processor.py:183} INFO - Processing /home/airflow/.local/lib/python3.8/site-packages/airflow/example_dags/example_sensor_decorator.py took 0.172 seconds
[2025-04-28T15:04:31.853+0000] {processor.py:161} INFO - Started process (PID=1736) to work on /home/airflow/.local/lib/python3.8/site-packages/airflow/example_dags/example_sensor_decorator.py
[2025-04-28T15:04:31.854+0000] {processor.py:830} INFO - Processing file /home/airflow/.local/lib/python3.8/site-packages/airflow/example_dags/example_sensor_decorator.py for tasks to queue
[2025-04-28T15:04:31.858+0000] {logging_mixin.py:188} INFO - [2025-04-28T15:04:31.858+0000] {dagbag.py:538} INFO - Filling up the DagBag from /home/airflow/.local/lib/python3.8/site-packages/airflow/example_dags/example_sensor_decorator.py
[2025-04-28T15:04:31.868+0000] {processor.py:840} INFO - DAG(s) 'example_sensor_decorator' retrieved from /home/airflow/.local/lib/python3.8/site-packages/airflow/example_dags/example_sensor_decorator.py
[2025-04-28T15:04:31.894+0000] {logging_mixin.py:188} INFO - [2025-04-28T15:04:31.894+0000] {dag.py:3033} INFO - Sync 1 DAGs
[2025-04-28T15:04:31.913+0000] {logging_mixin.py:188} INFO - [2025-04-28T15:04:31.912+0000] {dag.py:3820} INFO - Setting next_dagrun for example_sensor_decorator to None, run_after=None
[2025-04-28T15:04:31.943+0000] {processor.py:183} INFO - Processing /home/airflow/.local/lib/python3.8/site-packages/airflow/example_dags/example_sensor_decorator.py took 0.095 seconds
[2025-04-28T15:05:04.583+0000] {processor.py:161} INFO - Started process (PID=1793) to work on /home/airflow/.local/lib/python3.8/site-packages/airflow/example_dags/example_sensor_decorator.py
[2025-04-28T15:05:04.585+0000] {processor.py:830} INFO - Processing file /home/airflow/.local/lib/python3.8/site-packages/airflow/example_dags/example_sensor_decorator.py for tasks to queue
[2025-04-28T15:05:04.586+0000] {logging_mixin.py:188} INFO - [2025-04-28T15:05:04.586+0000] {dagbag.py:538} INFO - Filling up the DagBag from /home/airflow/.local/lib/python3.8/site-packages/airflow/example_dags/example_sensor_decorator.py
[2025-04-28T15:05:04.597+0000] {processor.py:840} INFO - DAG(s) 'example_sensor_decorator' retrieved from /home/airflow/.local/lib/python3.8/site-packages/airflow/example_dags/example_sensor_decorator.py
[2025-04-28T15:05:04.631+0000] {logging_mixin.py:188} INFO - [2025-04-28T15:05:04.631+0000] {dag.py:3033} INFO - Sync 1 DAGs
[2025-04-28T15:05:04.649+0000] {logging_mixin.py:188} INFO - [2025-04-28T15:05:04.649+0000] {dag.py:3820} INFO - Setting next_dagrun for example_sensor_decorator to None, run_after=None
[2025-04-28T15:05:04.682+0000] {processor.py:183} INFO - Processing /home/airflow/.local/lib/python3.8/site-packages/airflow/example_dags/example_sensor_decorator.py took 0.104 seconds
[2025-04-28T15:05:40.909+0000] {processor.py:161} INFO - Started process (PID=1856) to work on /home/airflow/.local/lib/python3.8/site-packages/airflow/example_dags/example_sensor_decorator.py
[2025-04-28T15:05:40.911+0000] {processor.py:830} INFO - Processing file /home/airflow/.local/lib/python3.8/site-packages/airflow/example_dags/example_sensor_decorator.py for tasks to queue
[2025-04-28T15:05:40.912+0000] {logging_mixin.py:188} INFO - [2025-04-28T15:05:40.912+0000] {dagbag.py:538} INFO - Filling up the DagBag from /home/airflow/.local/lib/python3.8/site-packages/airflow/example_dags/example_sensor_decorator.py
[2025-04-28T15:05:40.921+0000] {processor.py:840} INFO - DAG(s) 'example_sensor_decorator' retrieved from /home/airflow/.local/lib/python3.8/site-packages/airflow/example_dags/example_sensor_decorator.py
[2025-04-28T15:05:40.953+0000] {logging_mixin.py:188} INFO - [2025-04-28T15:05:40.952+0000] {dag.py:3033} INFO - Sync 1 DAGs
[2025-04-28T15:05:40.971+0000] {logging_mixin.py:188} INFO - [2025-04-28T15:05:40.970+0000] {dag.py:3820} INFO - Setting next_dagrun for example_sensor_decorator to None, run_after=None
[2025-04-28T15:05:41.006+0000] {processor.py:183} INFO - Processing /home/airflow/.local/lib/python3.8/site-packages/airflow/example_dags/example_sensor_decorator.py took 0.102 seconds
[2025-04-28T15:06:11.748+0000] {processor.py:161} INFO - Started process (PID=1906) to work on /home/airflow/.local/lib/python3.8/site-packages/airflow/example_dags/example_sensor_decorator.py
[2025-04-28T15:06:11.749+0000] {processor.py:830} INFO - Processing file /home/airflow/.local/lib/python3.8/site-packages/airflow/example_dags/example_sensor_decorator.py for tasks to queue
[2025-04-28T15:06:11.751+0000] {logging_mixin.py:188} INFO - [2025-04-28T15:06:11.750+0000] {dagbag.py:538} INFO - Filling up the DagBag from /home/airflow/.local/lib/python3.8/site-packages/airflow/example_dags/example_sensor_decorator.py
[2025-04-28T15:06:11.761+0000] {processor.py:840} INFO - DAG(s) 'example_sensor_decorator' retrieved from /home/airflow/.local/lib/python3.8/site-packages/airflow/example_dags/example_sensor_decorator.py
[2025-04-28T15:06:11.797+0000] {logging_mixin.py:188} INFO - [2025-04-28T15:06:11.797+0000] {dag.py:3033} INFO - Sync 1 DAGs
[2025-04-28T15:06:11.822+0000] {logging_mixin.py:188} INFO - [2025-04-28T15:06:11.822+0000] {dag.py:3820} INFO - Setting next_dagrun for example_sensor_decorator to None, run_after=None
[2025-04-28T15:06:11.877+0000] {processor.py:183} INFO - Processing /home/airflow/.local/lib/python3.8/site-packages/airflow/example_dags/example_sensor_decorator.py took 0.135 seconds
[2025-04-28T15:06:42.628+0000] {processor.py:161} INFO - Started process (PID=1962) to work on /home/airflow/.local/lib/python3.8/site-packages/airflow/example_dags/example_sensor_decorator.py
[2025-04-28T15:06:42.629+0000] {processor.py:830} INFO - Processing file /home/airflow/.local/lib/python3.8/site-packages/airflow/example_dags/example_sensor_decorator.py for tasks to queue
[2025-04-28T15:06:42.631+0000] {logging_mixin.py:188} INFO - [2025-04-28T15:06:42.630+0000] {dagbag.py:538} INFO - Filling up the DagBag from /home/airflow/.local/lib/python3.8/site-packages/airflow/example_dags/example_sensor_decorator.py
[2025-04-28T15:06:42.641+0000] {processor.py:840} INFO - DAG(s) 'example_sensor_decorator' retrieved from /home/airflow/.local/lib/python3.8/site-packages/airflow/example_dags/example_sensor_decorator.py
[2025-04-28T15:06:42.680+0000] {logging_mixin.py:188} INFO - [2025-04-28T15:06:42.680+0000] {dag.py:3033} INFO - Sync 1 DAGs
[2025-04-28T15:06:42.707+0000] {logging_mixin.py:188} INFO - [2025-04-28T15:06:42.707+0000] {dag.py:3820} INFO - Setting next_dagrun for example_sensor_decorator to None, run_after=None
[2025-04-28T15:06:42.744+0000] {processor.py:183} INFO - Processing /home/airflow/.local/lib/python3.8/site-packages/airflow/example_dags/example_sensor_decorator.py took 0.124 seconds
[2025-04-28T15:07:17.629+0000] {processor.py:161} INFO - Started process (PID=2018) to work on /home/airflow/.local/lib/python3.8/site-packages/airflow/example_dags/example_sensor_decorator.py
[2025-04-28T15:07:17.631+0000] {processor.py:830} INFO - Processing file /home/airflow/.local/lib/python3.8/site-packages/airflow/example_dags/example_sensor_decorator.py for tasks to queue
[2025-04-28T15:07:17.634+0000] {logging_mixin.py:188} INFO - [2025-04-28T15:07:17.633+0000] {dagbag.py:538} INFO - Filling up the DagBag from /home/airflow/.local/lib/python3.8/site-packages/airflow/example_dags/example_sensor_decorator.py
[2025-04-28T15:07:17.644+0000] {processor.py:840} INFO - DAG(s) 'example_sensor_decorator' retrieved from /home/airflow/.local/lib/python3.8/site-packages/airflow/example_dags/example_sensor_decorator.py
[2025-04-28T15:07:17.672+0000] {logging_mixin.py:188} INFO - [2025-04-28T15:07:17.672+0000] {dag.py:3033} INFO - Sync 1 DAGs
[2025-04-28T15:07:17.689+0000] {logging_mixin.py:188} INFO - [2025-04-28T15:07:17.689+0000] {dag.py:3820} INFO - Setting next_dagrun for example_sensor_decorator to None, run_after=None
[2025-04-28T15:07:17.716+0000] {processor.py:183} INFO - Processing /home/airflow/.local/lib/python3.8/site-packages/airflow/example_dags/example_sensor_decorator.py took 0.093 seconds
[2025-04-28T15:07:48.218+0000] {processor.py:161} INFO - Started process (PID=2074) to work on /home/airflow/.local/lib/python3.8/site-packages/airflow/example_dags/example_sensor_decorator.py
[2025-04-28T15:07:48.219+0000] {processor.py:830} INFO - Processing file /home/airflow/.local/lib/python3.8/site-packages/airflow/example_dags/example_sensor_decorator.py for tasks to queue
[2025-04-28T15:07:48.220+0000] {logging_mixin.py:188} INFO - [2025-04-28T15:07:48.220+0000] {dagbag.py:538} INFO - Filling up the DagBag from /home/airflow/.local/lib/python3.8/site-packages/airflow/example_dags/example_sensor_decorator.py
[2025-04-28T15:07:48.227+0000] {processor.py:840} INFO - DAG(s) 'example_sensor_decorator' retrieved from /home/airflow/.local/lib/python3.8/site-packages/airflow/example_dags/example_sensor_decorator.py
[2025-04-28T15:07:48.253+0000] {logging_mixin.py:188} INFO - [2025-04-28T15:07:48.253+0000] {dag.py:3033} INFO - Sync 1 DAGs
[2025-04-28T15:07:48.269+0000] {logging_mixin.py:188} INFO - [2025-04-28T15:07:48.269+0000] {dag.py:3820} INFO - Setting next_dagrun for example_sensor_decorator to None, run_after=None
[2025-04-28T15:07:48.302+0000] {processor.py:183} INFO - Processing /home/airflow/.local/lib/python3.8/site-packages/airflow/example_dags/example_sensor_decorator.py took 0.089 seconds
[2025-04-28T15:08:22.268+0000] {processor.py:161} INFO - Started process (PID=2130) to work on /home/airflow/.local/lib/python3.8/site-packages/airflow/example_dags/example_sensor_decorator.py
[2025-04-28T15:08:22.270+0000] {processor.py:830} INFO - Processing file /home/airflow/.local/lib/python3.8/site-packages/airflow/example_dags/example_sensor_decorator.py for tasks to queue
[2025-04-28T15:08:22.272+0000] {logging_mixin.py:188} INFO - [2025-04-28T15:08:22.271+0000] {dagbag.py:538} INFO - Filling up the DagBag from /home/airflow/.local/lib/python3.8/site-packages/airflow/example_dags/example_sensor_decorator.py
[2025-04-28T15:08:22.282+0000] {processor.py:840} INFO - DAG(s) 'example_sensor_decorator' retrieved from /home/airflow/.local/lib/python3.8/site-packages/airflow/example_dags/example_sensor_decorator.py
[2025-04-28T15:08:22.318+0000] {logging_mixin.py:188} INFO - [2025-04-28T15:08:22.318+0000] {dag.py:3033} INFO - Sync 1 DAGs
[2025-04-28T15:08:22.341+0000] {logging_mixin.py:188} INFO - [2025-04-28T15:08:22.341+0000] {dag.py:3820} INFO - Setting next_dagrun for example_sensor_decorator to None, run_after=None
[2025-04-28T15:08:22.375+0000] {processor.py:183} INFO - Processing /home/airflow/.local/lib/python3.8/site-packages/airflow/example_dags/example_sensor_decorator.py took 0.113 seconds
[2025-04-28T15:08:56.512+0000] {processor.py:161} INFO - Started process (PID=2186) to work on /home/airflow/.local/lib/python3.8/site-packages/airflow/example_dags/example_sensor_decorator.py
[2025-04-28T15:08:56.514+0000] {processor.py:830} INFO - Processing file /home/airflow/.local/lib/python3.8/site-packages/airflow/example_dags/example_sensor_decorator.py for tasks to queue
[2025-04-28T15:08:56.515+0000] {logging_mixin.py:188} INFO - [2025-04-28T15:08:56.515+0000] {dagbag.py:538} INFO - Filling up the DagBag from /home/airflow/.local/lib/python3.8/site-packages/airflow/example_dags/example_sensor_decorator.py
[2025-04-28T15:08:56.525+0000] {processor.py:840} INFO - DAG(s) 'example_sensor_decorator' retrieved from /home/airflow/.local/lib/python3.8/site-packages/airflow/example_dags/example_sensor_decorator.py
[2025-04-28T15:08:56.555+0000] {logging_mixin.py:188} INFO - [2025-04-28T15:08:56.554+0000] {dag.py:3033} INFO - Sync 1 DAGs
[2025-04-28T15:08:56.757+0000] {logging_mixin.py:188} INFO - [2025-04-28T15:08:56.757+0000] {dag.py:3820} INFO - Setting next_dagrun for example_sensor_decorator to None, run_after=None
[2025-04-28T15:08:56.794+0000] {processor.py:183} INFO - Processing /home/airflow/.local/lib/python3.8/site-packages/airflow/example_dags/example_sensor_decorator.py took 0.287 seconds
[2025-04-28T15:09:26.940+0000] {processor.py:161} INFO - Started process (PID=2241) to work on /home/airflow/.local/lib/python3.8/site-packages/airflow/example_dags/example_sensor_decorator.py
[2025-04-28T15:09:26.942+0000] {processor.py:830} INFO - Processing file /home/airflow/.local/lib/python3.8/site-packages/airflow/example_dags/example_sensor_decorator.py for tasks to queue
[2025-04-28T15:09:26.943+0000] {logging_mixin.py:188} INFO - [2025-04-28T15:09:26.943+0000] {dagbag.py:538} INFO - Filling up the DagBag from /home/airflow/.local/lib/python3.8/site-packages/airflow/example_dags/example_sensor_decorator.py
[2025-04-28T15:09:26.953+0000] {processor.py:840} INFO - DAG(s) 'example_sensor_decorator' retrieved from /home/airflow/.local/lib/python3.8/site-packages/airflow/example_dags/example_sensor_decorator.py
[2025-04-28T15:09:26.982+0000] {logging_mixin.py:188} INFO - [2025-04-28T15:09:26.982+0000] {dag.py:3033} INFO - Sync 1 DAGs
[2025-04-28T15:09:26.999+0000] {logging_mixin.py:188} INFO - [2025-04-28T15:09:26.999+0000] {dag.py:3820} INFO - Setting next_dagrun for example_sensor_decorator to None, run_after=None
[2025-04-28T15:09:27.033+0000] {processor.py:183} INFO - Processing /home/airflow/.local/lib/python3.8/site-packages/airflow/example_dags/example_sensor_decorator.py took 0.098 seconds
[2025-04-28T15:10:00.122+0000] {processor.py:161} INFO - Started process (PID=2297) to work on /home/airflow/.local/lib/python3.8/site-packages/airflow/example_dags/example_sensor_decorator.py
[2025-04-28T15:10:00.124+0000] {processor.py:830} INFO - Processing file /home/airflow/.local/lib/python3.8/site-packages/airflow/example_dags/example_sensor_decorator.py for tasks to queue
[2025-04-28T15:10:00.125+0000] {logging_mixin.py:188} INFO - [2025-04-28T15:10:00.125+0000] {dagbag.py:538} INFO - Filling up the DagBag from /home/airflow/.local/lib/python3.8/site-packages/airflow/example_dags/example_sensor_decorator.py
[2025-04-28T15:10:00.142+0000] {processor.py:840} INFO - DAG(s) 'example_sensor_decorator' retrieved from /home/airflow/.local/lib/python3.8/site-packages/airflow/example_dags/example_sensor_decorator.py
[2025-04-28T15:10:00.194+0000] {logging_mixin.py:188} INFO - [2025-04-28T15:10:00.194+0000] {dag.py:3033} INFO - Sync 1 DAGs
[2025-04-28T15:10:00.228+0000] {logging_mixin.py:188} INFO - [2025-04-28T15:10:00.227+0000] {dag.py:3820} INFO - Setting next_dagrun for example_sensor_decorator to None, run_after=None
[2025-04-28T15:10:00.283+0000] {processor.py:183} INFO - Processing /home/airflow/.local/lib/python3.8/site-packages/airflow/example_dags/example_sensor_decorator.py took 0.172 seconds
[2025-04-28T15:10:36.031+0000] {processor.py:161} INFO - Started process (PID=2359) to work on /home/airflow/.local/lib/python3.8/site-packages/airflow/example_dags/example_sensor_decorator.py
[2025-04-28T15:10:36.033+0000] {processor.py:830} INFO - Processing file /home/airflow/.local/lib/python3.8/site-packages/airflow/example_dags/example_sensor_decorator.py for tasks to queue
[2025-04-28T15:10:36.036+0000] {logging_mixin.py:188} INFO - [2025-04-28T15:10:36.035+0000] {dagbag.py:538} INFO - Filling up the DagBag from /home/airflow/.local/lib/python3.8/site-packages/airflow/example_dags/example_sensor_decorator.py
[2025-04-28T15:10:36.045+0000] {processor.py:840} INFO - DAG(s) 'example_sensor_decorator' retrieved from /home/airflow/.local/lib/python3.8/site-packages/airflow/example_dags/example_sensor_decorator.py
[2025-04-28T15:10:36.270+0000] {logging_mixin.py:188} INFO - [2025-04-28T15:10:36.270+0000] {dag.py:3033} INFO - Sync 1 DAGs
[2025-04-28T15:10:36.287+0000] {logging_mixin.py:188} INFO - [2025-04-28T15:10:36.287+0000] {dag.py:3820} INFO - Setting next_dagrun for example_sensor_decorator to None, run_after=None
[2025-04-28T15:10:36.356+0000] {processor.py:183} INFO - Processing /home/airflow/.local/lib/python3.8/site-packages/airflow/example_dags/example_sensor_decorator.py took 0.331 seconds
[2025-04-28T15:11:07.389+0000] {processor.py:161} INFO - Started process (PID=2409) to work on /home/airflow/.local/lib/python3.8/site-packages/airflow/example_dags/example_sensor_decorator.py
[2025-04-28T15:11:07.392+0000] {processor.py:830} INFO - Processing file /home/airflow/.local/lib/python3.8/site-packages/airflow/example_dags/example_sensor_decorator.py for tasks to queue
[2025-04-28T15:11:07.394+0000] {logging_mixin.py:188} INFO - [2025-04-28T15:11:07.393+0000] {dagbag.py:538} INFO - Filling up the DagBag from /home/airflow/.local/lib/python3.8/site-packages/airflow/example_dags/example_sensor_decorator.py
[2025-04-28T15:11:07.409+0000] {processor.py:840} INFO - DAG(s) 'example_sensor_decorator' retrieved from /home/airflow/.local/lib/python3.8/site-packages/airflow/example_dags/example_sensor_decorator.py
[2025-04-28T15:11:07.440+0000] {logging_mixin.py:188} INFO - [2025-04-28T15:11:07.440+0000] {dag.py:3033} INFO - Sync 1 DAGs
[2025-04-28T15:11:07.457+0000] {logging_mixin.py:188} INFO - [2025-04-28T15:11:07.457+0000] {dag.py:3820} INFO - Setting next_dagrun for example_sensor_decorator to None, run_after=None
[2025-04-28T15:11:07.505+0000] {processor.py:183} INFO - Processing /home/airflow/.local/lib/python3.8/site-packages/airflow/example_dags/example_sensor_decorator.py took 0.121 seconds
[2025-04-28T15:11:39.840+0000] {processor.py:161} INFO - Started process (PID=2465) to work on /home/airflow/.local/lib/python3.8/site-packages/airflow/example_dags/example_sensor_decorator.py
[2025-04-28T15:11:39.842+0000] {processor.py:830} INFO - Processing file /home/airflow/.local/lib/python3.8/site-packages/airflow/example_dags/example_sensor_decorator.py for tasks to queue
[2025-04-28T15:11:39.844+0000] {logging_mixin.py:188} INFO - [2025-04-28T15:11:39.843+0000] {dagbag.py:538} INFO - Filling up the DagBag from /home/airflow/.local/lib/python3.8/site-packages/airflow/example_dags/example_sensor_decorator.py
[2025-04-28T15:11:39.854+0000] {processor.py:840} INFO - DAG(s) 'example_sensor_decorator' retrieved from /home/airflow/.local/lib/python3.8/site-packages/airflow/example_dags/example_sensor_decorator.py
[2025-04-28T15:11:39.885+0000] {logging_mixin.py:188} INFO - [2025-04-28T15:11:39.885+0000] {dag.py:3033} INFO - Sync 1 DAGs
[2025-04-28T15:11:39.909+0000] {logging_mixin.py:188} INFO - [2025-04-28T15:11:39.908+0000] {dag.py:3820} INFO - Setting next_dagrun for example_sensor_decorator to None, run_after=None
[2025-04-28T15:11:39.942+0000] {processor.py:183} INFO - Processing /home/airflow/.local/lib/python3.8/site-packages/airflow/example_dags/example_sensor_decorator.py took 0.107 seconds
[2025-04-28T15:12:11.547+0000] {processor.py:161} INFO - Started process (PID=2521) to work on /home/airflow/.local/lib/python3.8/site-packages/airflow/example_dags/example_sensor_decorator.py
[2025-04-28T15:12:11.550+0000] {processor.py:830} INFO - Processing file /home/airflow/.local/lib/python3.8/site-packages/airflow/example_dags/example_sensor_decorator.py for tasks to queue
[2025-04-28T15:12:11.553+0000] {logging_mixin.py:188} INFO - [2025-04-28T15:12:11.552+0000] {dagbag.py:538} INFO - Filling up the DagBag from /home/airflow/.local/lib/python3.8/site-packages/airflow/example_dags/example_sensor_decorator.py
[2025-04-28T15:12:11.565+0000] {processor.py:840} INFO - DAG(s) 'example_sensor_decorator' retrieved from /home/airflow/.local/lib/python3.8/site-packages/airflow/example_dags/example_sensor_decorator.py
[2025-04-28T15:12:11.608+0000] {logging_mixin.py:188} INFO - [2025-04-28T15:12:11.608+0000] {dag.py:3033} INFO - Sync 1 DAGs
[2025-04-28T15:12:11.635+0000] {logging_mixin.py:188} INFO - [2025-04-28T15:12:11.635+0000] {dag.py:3820} INFO - Setting next_dagrun for example_sensor_decorator to None, run_after=None
[2025-04-28T15:12:11.671+0000] {processor.py:183} INFO - Processing /home/airflow/.local/lib/python3.8/site-packages/airflow/example_dags/example_sensor_decorator.py took 0.131 seconds
[2025-04-28T15:12:45.285+0000] {processor.py:161} INFO - Started process (PID=2577) to work on /home/airflow/.local/lib/python3.8/site-packages/airflow/example_dags/example_sensor_decorator.py
[2025-04-28T15:12:45.287+0000] {processor.py:830} INFO - Processing file /home/airflow/.local/lib/python3.8/site-packages/airflow/example_dags/example_sensor_decorator.py for tasks to queue
[2025-04-28T15:12:45.288+0000] {logging_mixin.py:188} INFO - [2025-04-28T15:12:45.288+0000] {dagbag.py:538} INFO - Filling up the DagBag from /home/airflow/.local/lib/python3.8/site-packages/airflow/example_dags/example_sensor_decorator.py
[2025-04-28T15:12:45.301+0000] {processor.py:840} INFO - DAG(s) 'example_sensor_decorator' retrieved from /home/airflow/.local/lib/python3.8/site-packages/airflow/example_dags/example_sensor_decorator.py
[2025-04-28T15:12:45.344+0000] {logging_mixin.py:188} INFO - [2025-04-28T15:12:45.343+0000] {dag.py:3033} INFO - Sync 1 DAGs
[2025-04-28T15:12:45.365+0000] {logging_mixin.py:188} INFO - [2025-04-28T15:12:45.365+0000] {dag.py:3820} INFO - Setting next_dagrun for example_sensor_decorator to None, run_after=None
[2025-04-28T15:12:45.400+0000] {processor.py:183} INFO - Processing /home/airflow/.local/lib/python3.8/site-packages/airflow/example_dags/example_sensor_decorator.py took 0.123 seconds
[2025-04-28T15:13:16.710+0000] {processor.py:161} INFO - Started process (PID=2638) to work on /home/airflow/.local/lib/python3.8/site-packages/airflow/example_dags/example_sensor_decorator.py
[2025-04-28T15:13:16.712+0000] {processor.py:830} INFO - Processing file /home/airflow/.local/lib/python3.8/site-packages/airflow/example_dags/example_sensor_decorator.py for tasks to queue
[2025-04-28T15:13:16.714+0000] {logging_mixin.py:188} INFO - [2025-04-28T15:13:16.714+0000] {dagbag.py:538} INFO - Filling up the DagBag from /home/airflow/.local/lib/python3.8/site-packages/airflow/example_dags/example_sensor_decorator.py
[2025-04-28T15:13:16.733+0000] {processor.py:840} INFO - DAG(s) 'example_sensor_decorator' retrieved from /home/airflow/.local/lib/python3.8/site-packages/airflow/example_dags/example_sensor_decorator.py
[2025-04-28T15:13:16.798+0000] {logging_mixin.py:188} INFO - [2025-04-28T15:13:16.798+0000] {dag.py:3033} INFO - Sync 1 DAGs
[2025-04-28T15:13:16.839+0000] {logging_mixin.py:188} INFO - [2025-04-28T15:13:16.839+0000] {dag.py:3820} INFO - Setting next_dagrun for example_sensor_decorator to None, run_after=None
[2025-04-28T15:13:16.895+0000] {processor.py:183} INFO - Processing /home/airflow/.local/lib/python3.8/site-packages/airflow/example_dags/example_sensor_decorator.py took 0.194 seconds
[2025-04-28T15:13:49.648+0000] {processor.py:161} INFO - Started process (PID=2688) to work on /home/airflow/.local/lib/python3.8/site-packages/airflow/example_dags/example_sensor_decorator.py
[2025-04-28T15:13:49.651+0000] {processor.py:830} INFO - Processing file /home/airflow/.local/lib/python3.8/site-packages/airflow/example_dags/example_sensor_decorator.py for tasks to queue
[2025-04-28T15:13:49.654+0000] {logging_mixin.py:188} INFO - [2025-04-28T15:13:49.653+0000] {dagbag.py:538} INFO - Filling up the DagBag from /home/airflow/.local/lib/python3.8/site-packages/airflow/example_dags/example_sensor_decorator.py
[2025-04-28T15:13:49.707+0000] {processor.py:840} INFO - DAG(s) 'example_sensor_decorator' retrieved from /home/airflow/.local/lib/python3.8/site-packages/airflow/example_dags/example_sensor_decorator.py
[2025-04-28T15:13:49.809+0000] {logging_mixin.py:188} INFO - [2025-04-28T15:13:49.808+0000] {dag.py:3033} INFO - Sync 1 DAGs
[2025-04-28T15:13:49.845+0000] {logging_mixin.py:188} INFO - [2025-04-28T15:13:49.845+0000] {dag.py:3820} INFO - Setting next_dagrun for example_sensor_decorator to None, run_after=None
[2025-04-28T15:13:49.935+0000] {processor.py:183} INFO - Processing /home/airflow/.local/lib/python3.8/site-packages/airflow/example_dags/example_sensor_decorator.py took 0.302 seconds
[2025-04-28T15:14:20.160+0000] {processor.py:161} INFO - Started process (PID=2743) to work on /home/airflow/.local/lib/python3.8/site-packages/airflow/example_dags/example_sensor_decorator.py
[2025-04-28T15:14:20.163+0000] {processor.py:830} INFO - Processing file /home/airflow/.local/lib/python3.8/site-packages/airflow/example_dags/example_sensor_decorator.py for tasks to queue
[2025-04-28T15:14:20.165+0000] {logging_mixin.py:188} INFO - [2025-04-28T15:14:20.165+0000] {dagbag.py:538} INFO - Filling up the DagBag from /home/airflow/.local/lib/python3.8/site-packages/airflow/example_dags/example_sensor_decorator.py
[2025-04-28T15:14:20.176+0000] {processor.py:840} INFO - DAG(s) 'example_sensor_decorator' retrieved from /home/airflow/.local/lib/python3.8/site-packages/airflow/example_dags/example_sensor_decorator.py
[2025-04-28T15:14:20.212+0000] {logging_mixin.py:188} INFO - [2025-04-28T15:14:20.212+0000] {dag.py:3033} INFO - Sync 1 DAGs
[2025-04-28T15:14:20.231+0000] {logging_mixin.py:188} INFO - [2025-04-28T15:14:20.231+0000] {dag.py:3820} INFO - Setting next_dagrun for example_sensor_decorator to None, run_after=None
[2025-04-28T15:14:20.266+0000] {processor.py:183} INFO - Processing /home/airflow/.local/lib/python3.8/site-packages/airflow/example_dags/example_sensor_decorator.py took 0.112 seconds
[2025-04-28T15:14:52.301+0000] {processor.py:161} INFO - Started process (PID=2799) to work on /home/airflow/.local/lib/python3.8/site-packages/airflow/example_dags/example_sensor_decorator.py
[2025-04-28T15:14:52.303+0000] {processor.py:830} INFO - Processing file /home/airflow/.local/lib/python3.8/site-packages/airflow/example_dags/example_sensor_decorator.py for tasks to queue
[2025-04-28T15:14:52.304+0000] {logging_mixin.py:188} INFO - [2025-04-28T15:14:52.304+0000] {dagbag.py:538} INFO - Filling up the DagBag from /home/airflow/.local/lib/python3.8/site-packages/airflow/example_dags/example_sensor_decorator.py
[2025-04-28T15:14:52.315+0000] {processor.py:840} INFO - DAG(s) 'example_sensor_decorator' retrieved from /home/airflow/.local/lib/python3.8/site-packages/airflow/example_dags/example_sensor_decorator.py
[2025-04-28T15:14:52.352+0000] {logging_mixin.py:188} INFO - [2025-04-28T15:14:52.351+0000] {dag.py:3033} INFO - Sync 1 DAGs
[2025-04-28T15:14:52.380+0000] {logging_mixin.py:188} INFO - [2025-04-28T15:14:52.380+0000] {dag.py:3820} INFO - Setting next_dagrun for example_sensor_decorator to None, run_after=None
[2025-04-28T15:14:52.412+0000] {processor.py:183} INFO - Processing /home/airflow/.local/lib/python3.8/site-packages/airflow/example_dags/example_sensor_decorator.py took 0.116 seconds
[2025-04-28T15:15:25.128+0000] {processor.py:161} INFO - Started process (PID=2856) to work on /home/airflow/.local/lib/python3.8/site-packages/airflow/example_dags/example_sensor_decorator.py
[2025-04-28T15:15:25.130+0000] {processor.py:830} INFO - Processing file /home/airflow/.local/lib/python3.8/site-packages/airflow/example_dags/example_sensor_decorator.py for tasks to queue
[2025-04-28T15:15:25.132+0000] {logging_mixin.py:188} INFO - [2025-04-28T15:15:25.131+0000] {dagbag.py:538} INFO - Filling up the DagBag from /home/airflow/.local/lib/python3.8/site-packages/airflow/example_dags/example_sensor_decorator.py
[2025-04-28T15:15:25.144+0000] {processor.py:840} INFO - DAG(s) 'example_sensor_decorator' retrieved from /home/airflow/.local/lib/python3.8/site-packages/airflow/example_dags/example_sensor_decorator.py
[2025-04-28T15:15:25.185+0000] {logging_mixin.py:188} INFO - [2025-04-28T15:15:25.184+0000] {dag.py:3033} INFO - Sync 1 DAGs
[2025-04-28T15:15:25.221+0000] {logging_mixin.py:188} INFO - [2025-04-28T15:15:25.221+0000] {dag.py:3820} INFO - Setting next_dagrun for example_sensor_decorator to None, run_after=None
[2025-04-28T15:15:25.266+0000] {processor.py:183} INFO - Processing /home/airflow/.local/lib/python3.8/site-packages/airflow/example_dags/example_sensor_decorator.py took 0.143 seconds
[2025-04-28T15:15:58.051+0000] {processor.py:161} INFO - Started process (PID=2912) to work on /home/airflow/.local/lib/python3.8/site-packages/airflow/example_dags/example_sensor_decorator.py
[2025-04-28T15:15:58.052+0000] {processor.py:830} INFO - Processing file /home/airflow/.local/lib/python3.8/site-packages/airflow/example_dags/example_sensor_decorator.py for tasks to queue
[2025-04-28T15:15:58.054+0000] {logging_mixin.py:188} INFO - [2025-04-28T15:15:58.054+0000] {dagbag.py:538} INFO - Filling up the DagBag from /home/airflow/.local/lib/python3.8/site-packages/airflow/example_dags/example_sensor_decorator.py
[2025-04-28T15:15:58.066+0000] {processor.py:840} INFO - DAG(s) 'example_sensor_decorator' retrieved from /home/airflow/.local/lib/python3.8/site-packages/airflow/example_dags/example_sensor_decorator.py
[2025-04-28T15:15:58.102+0000] {logging_mixin.py:188} INFO - [2025-04-28T15:15:58.102+0000] {dag.py:3033} INFO - Sync 1 DAGs
[2025-04-28T15:15:58.126+0000] {logging_mixin.py:188} INFO - [2025-04-28T15:15:58.126+0000] {dag.py:3820} INFO - Setting next_dagrun for example_sensor_decorator to None, run_after=None
[2025-04-28T15:15:58.167+0000] {processor.py:183} INFO - Processing /home/airflow/.local/lib/python3.8/site-packages/airflow/example_dags/example_sensor_decorator.py took 0.122 seconds
[2025-04-28T15:16:30.623+0000] {processor.py:161} INFO - Started process (PID=2968) to work on /home/airflow/.local/lib/python3.8/site-packages/airflow/example_dags/example_sensor_decorator.py
[2025-04-28T15:16:30.626+0000] {processor.py:830} INFO - Processing file /home/airflow/.local/lib/python3.8/site-packages/airflow/example_dags/example_sensor_decorator.py for tasks to queue
[2025-04-28T15:16:30.628+0000] {logging_mixin.py:188} INFO - [2025-04-28T15:16:30.627+0000] {dagbag.py:538} INFO - Filling up the DagBag from /home/airflow/.local/lib/python3.8/site-packages/airflow/example_dags/example_sensor_decorator.py
[2025-04-28T15:16:30.641+0000] {processor.py:840} INFO - DAG(s) 'example_sensor_decorator' retrieved from /home/airflow/.local/lib/python3.8/site-packages/airflow/example_dags/example_sensor_decorator.py
[2025-04-28T15:16:30.676+0000] {logging_mixin.py:188} INFO - [2025-04-28T15:16:30.676+0000] {dag.py:3033} INFO - Sync 1 DAGs
[2025-04-28T15:16:30.703+0000] {logging_mixin.py:188} INFO - [2025-04-28T15:16:30.703+0000] {dag.py:3820} INFO - Setting next_dagrun for example_sensor_decorator to None, run_after=None
[2025-04-28T15:16:30.745+0000] {processor.py:183} INFO - Processing /home/airflow/.local/lib/python3.8/site-packages/airflow/example_dags/example_sensor_decorator.py took 0.128 seconds
[2025-04-28T15:17:03.119+0000] {processor.py:161} INFO - Started process (PID=3024) to work on /home/airflow/.local/lib/python3.8/site-packages/airflow/example_dags/example_sensor_decorator.py
[2025-04-28T15:17:03.122+0000] {processor.py:830} INFO - Processing file /home/airflow/.local/lib/python3.8/site-packages/airflow/example_dags/example_sensor_decorator.py for tasks to queue
[2025-04-28T15:17:03.125+0000] {logging_mixin.py:188} INFO - [2025-04-28T15:17:03.125+0000] {dagbag.py:538} INFO - Filling up the DagBag from /home/airflow/.local/lib/python3.8/site-packages/airflow/example_dags/example_sensor_decorator.py
[2025-04-28T15:17:03.137+0000] {processor.py:840} INFO - DAG(s) 'example_sensor_decorator' retrieved from /home/airflow/.local/lib/python3.8/site-packages/airflow/example_dags/example_sensor_decorator.py
[2025-04-28T15:17:03.197+0000] {logging_mixin.py:188} INFO - [2025-04-28T15:17:03.197+0000] {dag.py:3033} INFO - Sync 1 DAGs
[2025-04-28T15:17:03.227+0000] {logging_mixin.py:188} INFO - [2025-04-28T15:17:03.227+0000] {dag.py:3820} INFO - Setting next_dagrun for example_sensor_decorator to None, run_after=None
[2025-04-28T15:17:03.268+0000] {processor.py:183} INFO - Processing /home/airflow/.local/lib/python3.8/site-packages/airflow/example_dags/example_sensor_decorator.py took 0.155 seconds
[2025-04-28T15:17:35.722+0000] {processor.py:161} INFO - Started process (PID=3080) to work on /home/airflow/.local/lib/python3.8/site-packages/airflow/example_dags/example_sensor_decorator.py
[2025-04-28T15:17:35.723+0000] {processor.py:830} INFO - Processing file /home/airflow/.local/lib/python3.8/site-packages/airflow/example_dags/example_sensor_decorator.py for tasks to queue
[2025-04-28T15:17:35.725+0000] {logging_mixin.py:188} INFO - [2025-04-28T15:17:35.725+0000] {dagbag.py:538} INFO - Filling up the DagBag from /home/airflow/.local/lib/python3.8/site-packages/airflow/example_dags/example_sensor_decorator.py
[2025-04-28T15:17:35.736+0000] {processor.py:840} INFO - DAG(s) 'example_sensor_decorator' retrieved from /home/airflow/.local/lib/python3.8/site-packages/airflow/example_dags/example_sensor_decorator.py
[2025-04-28T15:17:35.775+0000] {logging_mixin.py:188} INFO - [2025-04-28T15:17:35.775+0000] {dag.py:3033} INFO - Sync 1 DAGs
[2025-04-28T15:17:35.794+0000] {logging_mixin.py:188} INFO - [2025-04-28T15:17:35.794+0000] {dag.py:3820} INFO - Setting next_dagrun for example_sensor_decorator to None, run_after=None
[2025-04-28T15:17:35.829+0000] {processor.py:183} INFO - Processing /home/airflow/.local/lib/python3.8/site-packages/airflow/example_dags/example_sensor_decorator.py took 0.112 seconds
[2025-04-28T15:18:09.435+0000] {processor.py:161} INFO - Started process (PID=3135) to work on /home/airflow/.local/lib/python3.8/site-packages/airflow/example_dags/example_sensor_decorator.py
[2025-04-28T15:18:09.437+0000] {processor.py:830} INFO - Processing file /home/airflow/.local/lib/python3.8/site-packages/airflow/example_dags/example_sensor_decorator.py for tasks to queue
[2025-04-28T15:18:09.439+0000] {logging_mixin.py:188} INFO - [2025-04-28T15:18:09.438+0000] {dagbag.py:538} INFO - Filling up the DagBag from /home/airflow/.local/lib/python3.8/site-packages/airflow/example_dags/example_sensor_decorator.py
[2025-04-28T15:18:09.450+0000] {processor.py:840} INFO - DAG(s) 'example_sensor_decorator' retrieved from /home/airflow/.local/lib/python3.8/site-packages/airflow/example_dags/example_sensor_decorator.py
[2025-04-28T15:18:09.488+0000] {logging_mixin.py:188} INFO - [2025-04-28T15:18:09.488+0000] {dag.py:3033} INFO - Sync 1 DAGs
[2025-04-28T15:18:09.512+0000] {logging_mixin.py:188} INFO - [2025-04-28T15:18:09.512+0000] {dag.py:3820} INFO - Setting next_dagrun for example_sensor_decorator to None, run_after=None
[2025-04-28T15:18:09.634+0000] {processor.py:183} INFO - Processing /home/airflow/.local/lib/python3.8/site-packages/airflow/example_dags/example_sensor_decorator.py took 0.205 seconds
[2025-04-28T15:18:41.119+0000] {processor.py:161} INFO - Started process (PID=3191) to work on /home/airflow/.local/lib/python3.8/site-packages/airflow/example_dags/example_sensor_decorator.py
[2025-04-28T15:18:41.120+0000] {processor.py:830} INFO - Processing file /home/airflow/.local/lib/python3.8/site-packages/airflow/example_dags/example_sensor_decorator.py for tasks to queue
[2025-04-28T15:18:41.122+0000] {logging_mixin.py:188} INFO - [2025-04-28T15:18:41.122+0000] {dagbag.py:538} INFO - Filling up the DagBag from /home/airflow/.local/lib/python3.8/site-packages/airflow/example_dags/example_sensor_decorator.py
[2025-04-28T15:18:41.133+0000] {processor.py:840} INFO - DAG(s) 'example_sensor_decorator' retrieved from /home/airflow/.local/lib/python3.8/site-packages/airflow/example_dags/example_sensor_decorator.py
[2025-04-28T15:18:41.205+0000] {logging_mixin.py:188} INFO - [2025-04-28T15:18:41.205+0000] {dag.py:3033} INFO - Sync 1 DAGs
[2025-04-28T15:18:41.254+0000] {logging_mixin.py:188} INFO - [2025-04-28T15:18:41.254+0000] {dag.py:3820} INFO - Setting next_dagrun for example_sensor_decorator to None, run_after=None
[2025-04-28T15:18:41.300+0000] {processor.py:183} INFO - Processing /home/airflow/.local/lib/python3.8/site-packages/airflow/example_dags/example_sensor_decorator.py took 0.189 seconds
[2025-04-28T15:19:13.863+0000] {processor.py:161} INFO - Started process (PID=3247) to work on /home/airflow/.local/lib/python3.8/site-packages/airflow/example_dags/example_sensor_decorator.py
[2025-04-28T15:19:13.865+0000] {processor.py:830} INFO - Processing file /home/airflow/.local/lib/python3.8/site-packages/airflow/example_dags/example_sensor_decorator.py for tasks to queue
[2025-04-28T15:19:13.867+0000] {logging_mixin.py:188} INFO - [2025-04-28T15:19:13.866+0000] {dagbag.py:538} INFO - Filling up the DagBag from /home/airflow/.local/lib/python3.8/site-packages/airflow/example_dags/example_sensor_decorator.py
[2025-04-28T15:19:13.883+0000] {processor.py:840} INFO - DAG(s) 'example_sensor_decorator' retrieved from /home/airflow/.local/lib/python3.8/site-packages/airflow/example_dags/example_sensor_decorator.py
[2025-04-28T15:19:13.929+0000] {logging_mixin.py:188} INFO - [2025-04-28T15:19:13.928+0000] {dag.py:3033} INFO - Sync 1 DAGs
[2025-04-28T15:19:13.956+0000] {logging_mixin.py:188} INFO - [2025-04-28T15:19:13.956+0000] {dag.py:3820} INFO - Setting next_dagrun for example_sensor_decorator to None, run_after=None
[2025-04-28T15:19:14.007+0000] {processor.py:183} INFO - Processing /home/airflow/.local/lib/python3.8/site-packages/airflow/example_dags/example_sensor_decorator.py took 0.150 seconds
[2025-04-28T15:19:47.310+0000] {processor.py:161} INFO - Started process (PID=3304) to work on /home/airflow/.local/lib/python3.8/site-packages/airflow/example_dags/example_sensor_decorator.py
[2025-04-28T15:19:47.311+0000] {processor.py:830} INFO - Processing file /home/airflow/.local/lib/python3.8/site-packages/airflow/example_dags/example_sensor_decorator.py for tasks to queue
[2025-04-28T15:19:47.313+0000] {logging_mixin.py:188} INFO - [2025-04-28T15:19:47.313+0000] {dagbag.py:538} INFO - Filling up the DagBag from /home/airflow/.local/lib/python3.8/site-packages/airflow/example_dags/example_sensor_decorator.py
[2025-04-28T15:19:47.324+0000] {processor.py:840} INFO - DAG(s) 'example_sensor_decorator' retrieved from /home/airflow/.local/lib/python3.8/site-packages/airflow/example_dags/example_sensor_decorator.py
[2025-04-28T15:19:47.361+0000] {logging_mixin.py:188} INFO - [2025-04-28T15:19:47.361+0000] {dag.py:3033} INFO - Sync 1 DAGs
[2025-04-28T15:19:47.388+0000] {logging_mixin.py:188} INFO - [2025-04-28T15:19:47.388+0000] {dag.py:3820} INFO - Setting next_dagrun for example_sensor_decorator to None, run_after=None
[2025-04-28T15:19:47.443+0000] {processor.py:183} INFO - Processing /home/airflow/.local/lib/python3.8/site-packages/airflow/example_dags/example_sensor_decorator.py took 0.140 seconds
[2025-04-28T15:20:19.927+0000] {processor.py:161} INFO - Started process (PID=3359) to work on /home/airflow/.local/lib/python3.8/site-packages/airflow/example_dags/example_sensor_decorator.py
[2025-04-28T15:20:19.928+0000] {processor.py:830} INFO - Processing file /home/airflow/.local/lib/python3.8/site-packages/airflow/example_dags/example_sensor_decorator.py for tasks to queue
[2025-04-28T15:20:19.930+0000] {logging_mixin.py:188} INFO - [2025-04-28T15:20:19.929+0000] {dagbag.py:538} INFO - Filling up the DagBag from /home/airflow/.local/lib/python3.8/site-packages/airflow/example_dags/example_sensor_decorator.py
[2025-04-28T15:20:19.939+0000] {processor.py:840} INFO - DAG(s) 'example_sensor_decorator' retrieved from /home/airflow/.local/lib/python3.8/site-packages/airflow/example_dags/example_sensor_decorator.py
[2025-04-28T15:20:19.967+0000] {logging_mixin.py:188} INFO - [2025-04-28T15:20:19.967+0000] {dag.py:3033} INFO - Sync 1 DAGs
[2025-04-28T15:20:19.987+0000] {logging_mixin.py:188} INFO - [2025-04-28T15:20:19.987+0000] {dag.py:3820} INFO - Setting next_dagrun for example_sensor_decorator to None, run_after=None
[2025-04-28T15:20:20.021+0000] {processor.py:183} INFO - Processing /home/airflow/.local/lib/python3.8/site-packages/airflow/example_dags/example_sensor_decorator.py took 0.099 seconds
[2025-04-28T15:20:53.117+0000] {processor.py:161} INFO - Started process (PID=3418) to work on /home/airflow/.local/lib/python3.8/site-packages/airflow/example_dags/example_sensor_decorator.py
[2025-04-28T15:20:53.127+0000] {processor.py:830} INFO - Processing file /home/airflow/.local/lib/python3.8/site-packages/airflow/example_dags/example_sensor_decorator.py for tasks to queue
[2025-04-28T15:20:53.129+0000] {logging_mixin.py:188} INFO - [2025-04-28T15:20:53.128+0000] {dagbag.py:538} INFO - Filling up the DagBag from /home/airflow/.local/lib/python3.8/site-packages/airflow/example_dags/example_sensor_decorator.py
[2025-04-28T15:20:53.143+0000] {processor.py:840} INFO - DAG(s) 'example_sensor_decorator' retrieved from /home/airflow/.local/lib/python3.8/site-packages/airflow/example_dags/example_sensor_decorator.py
[2025-04-28T15:20:53.204+0000] {logging_mixin.py:188} INFO - [2025-04-28T15:20:53.203+0000] {dag.py:3033} INFO - Sync 1 DAGs
[2025-04-28T15:20:53.234+0000] {logging_mixin.py:188} INFO - [2025-04-28T15:20:53.234+0000] {dag.py:3820} INFO - Setting next_dagrun for example_sensor_decorator to None, run_after=None
[2025-04-28T15:20:53.283+0000] {processor.py:183} INFO - Processing /home/airflow/.local/lib/python3.8/site-packages/airflow/example_dags/example_sensor_decorator.py took 0.172 seconds
[2025-04-28T15:21:31.141+0000] {processor.py:161} INFO - Started process (PID=3489) to work on /home/airflow/.local/lib/python3.8/site-packages/airflow/example_dags/example_sensor_decorator.py
[2025-04-28T15:21:31.144+0000] {processor.py:830} INFO - Processing file /home/airflow/.local/lib/python3.8/site-packages/airflow/example_dags/example_sensor_decorator.py for tasks to queue
[2025-04-28T15:21:31.147+0000] {logging_mixin.py:188} INFO - [2025-04-28T15:21:31.146+0000] {dagbag.py:538} INFO - Filling up the DagBag from /home/airflow/.local/lib/python3.8/site-packages/airflow/example_dags/example_sensor_decorator.py
[2025-04-28T15:21:31.162+0000] {processor.py:840} INFO - DAG(s) 'example_sensor_decorator' retrieved from /home/airflow/.local/lib/python3.8/site-packages/airflow/example_dags/example_sensor_decorator.py
[2025-04-28T15:21:31.239+0000] {logging_mixin.py:188} INFO - [2025-04-28T15:21:31.239+0000] {dag.py:3033} INFO - Sync 1 DAGs
[2025-04-28T15:21:31.276+0000] {logging_mixin.py:188} INFO - [2025-04-28T15:21:31.276+0000] {dag.py:3820} INFO - Setting next_dagrun for example_sensor_decorator to None, run_after=None
[2025-04-28T15:21:31.342+0000] {processor.py:183} INFO - Processing /home/airflow/.local/lib/python3.8/site-packages/airflow/example_dags/example_sensor_decorator.py took 0.214 seconds
[2025-04-28T15:22:02.015+0000] {processor.py:161} INFO - Started process (PID=3544) to work on /home/airflow/.local/lib/python3.8/site-packages/airflow/example_dags/example_sensor_decorator.py
[2025-04-28T15:22:02.018+0000] {processor.py:830} INFO - Processing file /home/airflow/.local/lib/python3.8/site-packages/airflow/example_dags/example_sensor_decorator.py for tasks to queue
[2025-04-28T15:22:02.019+0000] {logging_mixin.py:188} INFO - [2025-04-28T15:22:02.019+0000] {dagbag.py:538} INFO - Filling up the DagBag from /home/airflow/.local/lib/python3.8/site-packages/airflow/example_dags/example_sensor_decorator.py
[2025-04-28T15:22:02.034+0000] {processor.py:840} INFO - DAG(s) 'example_sensor_decorator' retrieved from /home/airflow/.local/lib/python3.8/site-packages/airflow/example_dags/example_sensor_decorator.py
[2025-04-28T15:22:02.090+0000] {logging_mixin.py:188} INFO - [2025-04-28T15:22:02.090+0000] {dag.py:3033} INFO - Sync 1 DAGs
[2025-04-28T15:22:02.125+0000] {logging_mixin.py:188} INFO - [2025-04-28T15:22:02.125+0000] {dag.py:3820} INFO - Setting next_dagrun for example_sensor_decorator to None, run_after=None
[2025-04-28T15:22:02.164+0000] {processor.py:183} INFO - Processing /home/airflow/.local/lib/python3.8/site-packages/airflow/example_dags/example_sensor_decorator.py took 0.156 seconds
[2025-04-28T15:22:32.269+0000] {processor.py:161} INFO - Started process (PID=3601) to work on /home/airflow/.local/lib/python3.8/site-packages/airflow/example_dags/example_sensor_decorator.py
[2025-04-28T15:22:32.270+0000] {processor.py:830} INFO - Processing file /home/airflow/.local/lib/python3.8/site-packages/airflow/example_dags/example_sensor_decorator.py for tasks to queue
[2025-04-28T15:22:32.272+0000] {logging_mixin.py:188} INFO - [2025-04-28T15:22:32.271+0000] {dagbag.py:538} INFO - Filling up the DagBag from /home/airflow/.local/lib/python3.8/site-packages/airflow/example_dags/example_sensor_decorator.py
[2025-04-28T15:22:32.279+0000] {processor.py:840} INFO - DAG(s) 'example_sensor_decorator' retrieved from /home/airflow/.local/lib/python3.8/site-packages/airflow/example_dags/example_sensor_decorator.py
[2025-04-28T15:22:32.307+0000] {logging_mixin.py:188} INFO - [2025-04-28T15:22:32.307+0000] {dag.py:3033} INFO - Sync 1 DAGs
[2025-04-28T15:22:32.326+0000] {logging_mixin.py:188} INFO - [2025-04-28T15:22:32.325+0000] {dag.py:3820} INFO - Setting next_dagrun for example_sensor_decorator to None, run_after=None
[2025-04-28T15:22:32.353+0000] {processor.py:183} INFO - Processing /home/airflow/.local/lib/python3.8/site-packages/airflow/example_dags/example_sensor_decorator.py took 0.088 seconds
[2025-04-28T15:23:05.548+0000] {processor.py:161} INFO - Started process (PID=3657) to work on /home/airflow/.local/lib/python3.8/site-packages/airflow/example_dags/example_sensor_decorator.py
[2025-04-28T15:23:05.550+0000] {processor.py:830} INFO - Processing file /home/airflow/.local/lib/python3.8/site-packages/airflow/example_dags/example_sensor_decorator.py for tasks to queue
[2025-04-28T15:23:05.551+0000] {logging_mixin.py:188} INFO - [2025-04-28T15:23:05.551+0000] {dagbag.py:538} INFO - Filling up the DagBag from /home/airflow/.local/lib/python3.8/site-packages/airflow/example_dags/example_sensor_decorator.py
[2025-04-28T15:23:05.560+0000] {processor.py:840} INFO - DAG(s) 'example_sensor_decorator' retrieved from /home/airflow/.local/lib/python3.8/site-packages/airflow/example_dags/example_sensor_decorator.py
[2025-04-28T15:23:05.592+0000] {logging_mixin.py:188} INFO - [2025-04-28T15:23:05.592+0000] {dag.py:3033} INFO - Sync 1 DAGs
[2025-04-28T15:23:05.613+0000] {logging_mixin.py:188} INFO - [2025-04-28T15:23:05.613+0000] {dag.py:3820} INFO - Setting next_dagrun for example_sensor_decorator to None, run_after=None
[2025-04-28T15:23:05.646+0000] {processor.py:183} INFO - Processing /home/airflow/.local/lib/python3.8/site-packages/airflow/example_dags/example_sensor_decorator.py took 0.103 seconds
[2025-04-28T15:23:37.968+0000] {processor.py:161} INFO - Started process (PID=3713) to work on /home/airflow/.local/lib/python3.8/site-packages/airflow/example_dags/example_sensor_decorator.py
[2025-04-28T15:23:37.970+0000] {processor.py:830} INFO - Processing file /home/airflow/.local/lib/python3.8/site-packages/airflow/example_dags/example_sensor_decorator.py for tasks to queue
[2025-04-28T15:23:37.972+0000] {logging_mixin.py:188} INFO - [2025-04-28T15:23:37.972+0000] {dagbag.py:538} INFO - Filling up the DagBag from /home/airflow/.local/lib/python3.8/site-packages/airflow/example_dags/example_sensor_decorator.py
[2025-04-28T15:23:37.988+0000] {processor.py:840} INFO - DAG(s) 'example_sensor_decorator' retrieved from /home/airflow/.local/lib/python3.8/site-packages/airflow/example_dags/example_sensor_decorator.py
[2025-04-28T15:23:38.041+0000] {logging_mixin.py:188} INFO - [2025-04-28T15:23:38.041+0000] {dag.py:3033} INFO - Sync 1 DAGs
[2025-04-28T15:23:38.069+0000] {logging_mixin.py:188} INFO - [2025-04-28T15:23:38.069+0000] {dag.py:3820} INFO - Setting next_dagrun for example_sensor_decorator to None, run_after=None
[2025-04-28T15:23:38.106+0000] {processor.py:183} INFO - Processing /home/airflow/.local/lib/python3.8/site-packages/airflow/example_dags/example_sensor_decorator.py took 0.142 seconds
[2025-04-28T15:24:09.819+0000] {processor.py:161} INFO - Started process (PID=3769) to work on /home/airflow/.local/lib/python3.8/site-packages/airflow/example_dags/example_sensor_decorator.py
[2025-04-28T15:24:09.820+0000] {processor.py:830} INFO - Processing file /home/airflow/.local/lib/python3.8/site-packages/airflow/example_dags/example_sensor_decorator.py for tasks to queue
[2025-04-28T15:24:09.822+0000] {logging_mixin.py:188} INFO - [2025-04-28T15:24:09.821+0000] {dagbag.py:538} INFO - Filling up the DagBag from /home/airflow/.local/lib/python3.8/site-packages/airflow/example_dags/example_sensor_decorator.py
[2025-04-28T15:24:09.831+0000] {processor.py:840} INFO - DAG(s) 'example_sensor_decorator' retrieved from /home/airflow/.local/lib/python3.8/site-packages/airflow/example_dags/example_sensor_decorator.py
[2025-04-28T15:24:09.868+0000] {logging_mixin.py:188} INFO - [2025-04-28T15:24:09.867+0000] {dag.py:3033} INFO - Sync 1 DAGs
[2025-04-28T15:24:09.900+0000] {logging_mixin.py:188} INFO - [2025-04-28T15:24:09.899+0000] {dag.py:3820} INFO - Setting next_dagrun for example_sensor_decorator to None, run_after=None
[2025-04-28T15:24:09.942+0000] {processor.py:183} INFO - Processing /home/airflow/.local/lib/python3.8/site-packages/airflow/example_dags/example_sensor_decorator.py took 0.129 seconds
[2025-04-28T15:24:43.156+0000] {processor.py:161} INFO - Started process (PID=3826) to work on /home/airflow/.local/lib/python3.8/site-packages/airflow/example_dags/example_sensor_decorator.py
[2025-04-28T15:24:43.158+0000] {processor.py:830} INFO - Processing file /home/airflow/.local/lib/python3.8/site-packages/airflow/example_dags/example_sensor_decorator.py for tasks to queue
[2025-04-28T15:24:43.159+0000] {logging_mixin.py:188} INFO - [2025-04-28T15:24:43.159+0000] {dagbag.py:538} INFO - Filling up the DagBag from /home/airflow/.local/lib/python3.8/site-packages/airflow/example_dags/example_sensor_decorator.py
[2025-04-28T15:24:43.167+0000] {processor.py:840} INFO - DAG(s) 'example_sensor_decorator' retrieved from /home/airflow/.local/lib/python3.8/site-packages/airflow/example_dags/example_sensor_decorator.py
[2025-04-28T15:24:43.195+0000] {logging_mixin.py:188} INFO - [2025-04-28T15:24:43.195+0000] {dag.py:3033} INFO - Sync 1 DAGs
[2025-04-28T15:24:43.217+0000] {logging_mixin.py:188} INFO - [2025-04-28T15:24:43.217+0000] {dag.py:3820} INFO - Setting next_dagrun for example_sensor_decorator to None, run_after=None
[2025-04-28T15:24:43.250+0000] {processor.py:183} INFO - Processing /home/airflow/.local/lib/python3.8/site-packages/airflow/example_dags/example_sensor_decorator.py took 0.099 seconds
[2025-04-28T15:25:16.342+0000] {processor.py:161} INFO - Started process (PID=3883) to work on /home/airflow/.local/lib/python3.8/site-packages/airflow/example_dags/example_sensor_decorator.py
[2025-04-28T15:25:16.344+0000] {processor.py:830} INFO - Processing file /home/airflow/.local/lib/python3.8/site-packages/airflow/example_dags/example_sensor_decorator.py for tasks to queue
[2025-04-28T15:25:16.345+0000] {logging_mixin.py:188} INFO - [2025-04-28T15:25:16.345+0000] {dagbag.py:538} INFO - Filling up the DagBag from /home/airflow/.local/lib/python3.8/site-packages/airflow/example_dags/example_sensor_decorator.py
[2025-04-28T15:25:16.354+0000] {processor.py:840} INFO - DAG(s) 'example_sensor_decorator' retrieved from /home/airflow/.local/lib/python3.8/site-packages/airflow/example_dags/example_sensor_decorator.py
[2025-04-28T15:25:16.396+0000] {logging_mixin.py:188} INFO - [2025-04-28T15:25:16.394+0000] {dag.py:3033} INFO - Sync 1 DAGs
[2025-04-28T15:25:16.416+0000] {logging_mixin.py:188} INFO - [2025-04-28T15:25:16.416+0000] {dag.py:3820} INFO - Setting next_dagrun for example_sensor_decorator to None, run_after=None
[2025-04-28T15:25:16.448+0000] {processor.py:183} INFO - Processing /home/airflow/.local/lib/python3.8/site-packages/airflow/example_dags/example_sensor_decorator.py took 0.110 seconds
[2025-04-28T15:25:48.087+0000] {processor.py:161} INFO - Started process (PID=3939) to work on /home/airflow/.local/lib/python3.8/site-packages/airflow/example_dags/example_sensor_decorator.py
[2025-04-28T15:25:48.089+0000] {processor.py:830} INFO - Processing file /home/airflow/.local/lib/python3.8/site-packages/airflow/example_dags/example_sensor_decorator.py for tasks to queue
[2025-04-28T15:25:48.090+0000] {logging_mixin.py:188} INFO - [2025-04-28T15:25:48.090+0000] {dagbag.py:538} INFO - Filling up the DagBag from /home/airflow/.local/lib/python3.8/site-packages/airflow/example_dags/example_sensor_decorator.py
[2025-04-28T15:25:48.101+0000] {processor.py:840} INFO - DAG(s) 'example_sensor_decorator' retrieved from /home/airflow/.local/lib/python3.8/site-packages/airflow/example_dags/example_sensor_decorator.py
[2025-04-28T15:25:48.139+0000] {logging_mixin.py:188} INFO - [2025-04-28T15:25:48.139+0000] {dag.py:3033} INFO - Sync 1 DAGs
[2025-04-28T15:25:48.164+0000] {logging_mixin.py:188} INFO - [2025-04-28T15:25:48.164+0000] {dag.py:3820} INFO - Setting next_dagrun for example_sensor_decorator to None, run_after=None
[2025-04-28T15:25:48.200+0000] {processor.py:183} INFO - Processing /home/airflow/.local/lib/python3.8/site-packages/airflow/example_dags/example_sensor_decorator.py took 0.119 seconds
[2025-04-28T15:26:21.295+0000] {processor.py:161} INFO - Started process (PID=3994) to work on /home/airflow/.local/lib/python3.8/site-packages/airflow/example_dags/example_sensor_decorator.py
[2025-04-28T15:26:21.296+0000] {processor.py:830} INFO - Processing file /home/airflow/.local/lib/python3.8/site-packages/airflow/example_dags/example_sensor_decorator.py for tasks to queue
[2025-04-28T15:26:21.297+0000] {logging_mixin.py:188} INFO - [2025-04-28T15:26:21.297+0000] {dagbag.py:538} INFO - Filling up the DagBag from /home/airflow/.local/lib/python3.8/site-packages/airflow/example_dags/example_sensor_decorator.py
[2025-04-28T15:26:21.305+0000] {processor.py:840} INFO - DAG(s) 'example_sensor_decorator' retrieved from /home/airflow/.local/lib/python3.8/site-packages/airflow/example_dags/example_sensor_decorator.py
[2025-04-28T15:26:21.334+0000] {logging_mixin.py:188} INFO - [2025-04-28T15:26:21.333+0000] {dag.py:3033} INFO - Sync 1 DAGs
[2025-04-28T15:26:21.357+0000] {logging_mixin.py:188} INFO - [2025-04-28T15:26:21.356+0000] {dag.py:3820} INFO - Setting next_dagrun for example_sensor_decorator to None, run_after=None
[2025-04-28T15:26:21.392+0000] {processor.py:183} INFO - Processing /home/airflow/.local/lib/python3.8/site-packages/airflow/example_dags/example_sensor_decorator.py took 0.101 seconds
[2025-04-28T15:26:53.807+0000] {processor.py:161} INFO - Started process (PID=4050) to work on /home/airflow/.local/lib/python3.8/site-packages/airflow/example_dags/example_sensor_decorator.py
[2025-04-28T15:26:53.809+0000] {processor.py:830} INFO - Processing file /home/airflow/.local/lib/python3.8/site-packages/airflow/example_dags/example_sensor_decorator.py for tasks to queue
[2025-04-28T15:26:53.810+0000] {logging_mixin.py:188} INFO - [2025-04-28T15:26:53.810+0000] {dagbag.py:538} INFO - Filling up the DagBag from /home/airflow/.local/lib/python3.8/site-packages/airflow/example_dags/example_sensor_decorator.py
[2025-04-28T15:26:53.820+0000] {processor.py:840} INFO - DAG(s) 'example_sensor_decorator' retrieved from /home/airflow/.local/lib/python3.8/site-packages/airflow/example_dags/example_sensor_decorator.py
[2025-04-28T15:26:53.854+0000] {logging_mixin.py:188} INFO - [2025-04-28T15:26:53.854+0000] {dag.py:3033} INFO - Sync 1 DAGs
[2025-04-28T15:26:53.876+0000] {logging_mixin.py:188} INFO - [2025-04-28T15:26:53.876+0000] {dag.py:3820} INFO - Setting next_dagrun for example_sensor_decorator to None, run_after=None
[2025-04-28T15:26:53.908+0000] {processor.py:183} INFO - Processing /home/airflow/.local/lib/python3.8/site-packages/airflow/example_dags/example_sensor_decorator.py took 0.106 seconds
[2025-04-28T15:27:29.559+0000] {processor.py:161} INFO - Started process (PID=4106) to work on /home/airflow/.local/lib/python3.8/site-packages/airflow/example_dags/example_sensor_decorator.py
[2025-04-28T15:27:29.561+0000] {processor.py:830} INFO - Processing file /home/airflow/.local/lib/python3.8/site-packages/airflow/example_dags/example_sensor_decorator.py for tasks to queue
[2025-04-28T15:27:29.562+0000] {logging_mixin.py:188} INFO - [2025-04-28T15:27:29.562+0000] {dagbag.py:538} INFO - Filling up the DagBag from /home/airflow/.local/lib/python3.8/site-packages/airflow/example_dags/example_sensor_decorator.py
[2025-04-28T15:27:29.573+0000] {processor.py:840} INFO - DAG(s) 'example_sensor_decorator' retrieved from /home/airflow/.local/lib/python3.8/site-packages/airflow/example_dags/example_sensor_decorator.py
[2025-04-28T15:27:29.604+0000] {logging_mixin.py:188} INFO - [2025-04-28T15:27:29.604+0000] {dag.py:3033} INFO - Sync 1 DAGs
[2025-04-28T15:27:29.624+0000] {logging_mixin.py:188} INFO - [2025-04-28T15:27:29.623+0000] {dag.py:3820} INFO - Setting next_dagrun for example_sensor_decorator to None, run_after=None
[2025-04-28T15:27:29.661+0000] {processor.py:183} INFO - Processing /home/airflow/.local/lib/python3.8/site-packages/airflow/example_dags/example_sensor_decorator.py took 0.109 seconds
[2025-04-28T15:28:00.462+0000] {processor.py:161} INFO - Started process (PID=4161) to work on /home/airflow/.local/lib/python3.8/site-packages/airflow/example_dags/example_sensor_decorator.py
[2025-04-28T15:28:00.464+0000] {processor.py:830} INFO - Processing file /home/airflow/.local/lib/python3.8/site-packages/airflow/example_dags/example_sensor_decorator.py for tasks to queue
[2025-04-28T15:28:00.466+0000] {logging_mixin.py:188} INFO - [2025-04-28T15:28:00.466+0000] {dagbag.py:538} INFO - Filling up the DagBag from /home/airflow/.local/lib/python3.8/site-packages/airflow/example_dags/example_sensor_decorator.py
[2025-04-28T15:28:00.475+0000] {processor.py:840} INFO - DAG(s) 'example_sensor_decorator' retrieved from /home/airflow/.local/lib/python3.8/site-packages/airflow/example_dags/example_sensor_decorator.py
[2025-04-28T15:28:00.507+0000] {logging_mixin.py:188} INFO - [2025-04-28T15:28:00.507+0000] {dag.py:3033} INFO - Sync 1 DAGs
[2025-04-28T15:28:00.527+0000] {logging_mixin.py:188} INFO - [2025-04-28T15:28:00.527+0000] {dag.py:3820} INFO - Setting next_dagrun for example_sensor_decorator to None, run_after=None
[2025-04-28T15:28:00.559+0000] {processor.py:183} INFO - Processing /home/airflow/.local/lib/python3.8/site-packages/airflow/example_dags/example_sensor_decorator.py took 0.102 seconds
[2025-04-28T15:28:31.908+0000] {processor.py:161} INFO - Started process (PID=4217) to work on /home/airflow/.local/lib/python3.8/site-packages/airflow/example_dags/example_sensor_decorator.py
[2025-04-28T15:28:31.910+0000] {processor.py:830} INFO - Processing file /home/airflow/.local/lib/python3.8/site-packages/airflow/example_dags/example_sensor_decorator.py for tasks to queue
[2025-04-28T15:28:31.911+0000] {logging_mixin.py:188} INFO - [2025-04-28T15:28:31.911+0000] {dagbag.py:538} INFO - Filling up the DagBag from /home/airflow/.local/lib/python3.8/site-packages/airflow/example_dags/example_sensor_decorator.py
[2025-04-28T15:28:31.923+0000] {processor.py:840} INFO - DAG(s) 'example_sensor_decorator' retrieved from /home/airflow/.local/lib/python3.8/site-packages/airflow/example_dags/example_sensor_decorator.py
[2025-04-28T15:28:31.957+0000] {logging_mixin.py:188} INFO - [2025-04-28T15:28:31.957+0000] {dag.py:3033} INFO - Sync 1 DAGs
[2025-04-28T15:28:31.981+0000] {logging_mixin.py:188} INFO - [2025-04-28T15:28:31.981+0000] {dag.py:3820} INFO - Setting next_dagrun for example_sensor_decorator to None, run_after=None
[2025-04-28T15:28:32.020+0000] {processor.py:183} INFO - Processing /home/airflow/.local/lib/python3.8/site-packages/airflow/example_dags/example_sensor_decorator.py took 0.117 seconds
[2025-04-28T15:29:05.665+0000] {processor.py:161} INFO - Started process (PID=4273) to work on /home/airflow/.local/lib/python3.8/site-packages/airflow/example_dags/example_sensor_decorator.py
[2025-04-28T15:29:05.666+0000] {processor.py:830} INFO - Processing file /home/airflow/.local/lib/python3.8/site-packages/airflow/example_dags/example_sensor_decorator.py for tasks to queue
[2025-04-28T15:29:05.668+0000] {logging_mixin.py:188} INFO - [2025-04-28T15:29:05.667+0000] {dagbag.py:538} INFO - Filling up the DagBag from /home/airflow/.local/lib/python3.8/site-packages/airflow/example_dags/example_sensor_decorator.py
[2025-04-28T15:29:05.679+0000] {processor.py:840} INFO - DAG(s) 'example_sensor_decorator' retrieved from /home/airflow/.local/lib/python3.8/site-packages/airflow/example_dags/example_sensor_decorator.py
[2025-04-28T15:29:05.713+0000] {logging_mixin.py:188} INFO - [2025-04-28T15:29:05.713+0000] {dag.py:3033} INFO - Sync 1 DAGs
[2025-04-28T15:29:05.731+0000] {logging_mixin.py:188} INFO - [2025-04-28T15:29:05.730+0000] {dag.py:3820} INFO - Setting next_dagrun for example_sensor_decorator to None, run_after=None
[2025-04-28T15:29:05.762+0000] {processor.py:183} INFO - Processing /home/airflow/.local/lib/python3.8/site-packages/airflow/example_dags/example_sensor_decorator.py took 0.103 seconds
[2025-04-28T15:29:39.856+0000] {processor.py:161} INFO - Started process (PID=4329) to work on /home/airflow/.local/lib/python3.8/site-packages/airflow/example_dags/example_sensor_decorator.py
[2025-04-28T15:29:39.858+0000] {processor.py:830} INFO - Processing file /home/airflow/.local/lib/python3.8/site-packages/airflow/example_dags/example_sensor_decorator.py for tasks to queue
[2025-04-28T15:29:39.862+0000] {logging_mixin.py:188} INFO - [2025-04-28T15:29:39.861+0000] {dagbag.py:538} INFO - Filling up the DagBag from /home/airflow/.local/lib/python3.8/site-packages/airflow/example_dags/example_sensor_decorator.py
[2025-04-28T15:29:39.878+0000] {processor.py:840} INFO - DAG(s) 'example_sensor_decorator' retrieved from /home/airflow/.local/lib/python3.8/site-packages/airflow/example_dags/example_sensor_decorator.py
[2025-04-28T15:29:39.953+0000] {logging_mixin.py:188} INFO - [2025-04-28T15:29:39.953+0000] {dag.py:3033} INFO - Sync 1 DAGs
[2025-04-28T15:29:40.010+0000] {logging_mixin.py:188} INFO - [2025-04-28T15:29:40.009+0000] {dag.py:3820} INFO - Setting next_dagrun for example_sensor_decorator to None, run_after=None
[2025-04-28T15:29:40.082+0000] {processor.py:183} INFO - Processing /home/airflow/.local/lib/python3.8/site-packages/airflow/example_dags/example_sensor_decorator.py took 0.236 seconds
[2025-04-28T15:30:13.527+0000] {processor.py:161} INFO - Started process (PID=4384) to work on /home/airflow/.local/lib/python3.8/site-packages/airflow/example_dags/example_sensor_decorator.py
[2025-04-28T15:30:13.529+0000] {processor.py:830} INFO - Processing file /home/airflow/.local/lib/python3.8/site-packages/airflow/example_dags/example_sensor_decorator.py for tasks to queue
[2025-04-28T15:30:13.531+0000] {logging_mixin.py:188} INFO - [2025-04-28T15:30:13.530+0000] {dagbag.py:538} INFO - Filling up the DagBag from /home/airflow/.local/lib/python3.8/site-packages/airflow/example_dags/example_sensor_decorator.py
[2025-04-28T15:30:13.545+0000] {processor.py:840} INFO - DAG(s) 'example_sensor_decorator' retrieved from /home/airflow/.local/lib/python3.8/site-packages/airflow/example_dags/example_sensor_decorator.py
[2025-04-28T15:30:13.590+0000] {logging_mixin.py:188} INFO - [2025-04-28T15:30:13.589+0000] {dag.py:3033} INFO - Sync 1 DAGs
[2025-04-28T15:30:13.625+0000] {logging_mixin.py:188} INFO - [2025-04-28T15:30:13.625+0000] {dag.py:3820} INFO - Setting next_dagrun for example_sensor_decorator to None, run_after=None
[2025-04-28T15:30:13.664+0000] {processor.py:183} INFO - Processing /home/airflow/.local/lib/python3.8/site-packages/airflow/example_dags/example_sensor_decorator.py took 0.142 seconds
[2025-04-28T15:30:44.537+0000] {processor.py:161} INFO - Started process (PID=4439) to work on /home/airflow/.local/lib/python3.8/site-packages/airflow/example_dags/example_sensor_decorator.py
[2025-04-28T15:30:44.539+0000] {processor.py:830} INFO - Processing file /home/airflow/.local/lib/python3.8/site-packages/airflow/example_dags/example_sensor_decorator.py for tasks to queue
[2025-04-28T15:30:44.542+0000] {logging_mixin.py:188} INFO - [2025-04-28T15:30:44.542+0000] {dagbag.py:538} INFO - Filling up the DagBag from /home/airflow/.local/lib/python3.8/site-packages/airflow/example_dags/example_sensor_decorator.py
[2025-04-28T15:30:44.554+0000] {processor.py:840} INFO - DAG(s) 'example_sensor_decorator' retrieved from /home/airflow/.local/lib/python3.8/site-packages/airflow/example_dags/example_sensor_decorator.py
[2025-04-28T15:30:44.587+0000] {logging_mixin.py:188} INFO - [2025-04-28T15:30:44.587+0000] {dag.py:3033} INFO - Sync 1 DAGs
[2025-04-28T15:30:44.608+0000] {logging_mixin.py:188} INFO - [2025-04-28T15:30:44.608+0000] {dag.py:3820} INFO - Setting next_dagrun for example_sensor_decorator to None, run_after=None
[2025-04-28T15:30:44.641+0000] {processor.py:183} INFO - Processing /home/airflow/.local/lib/python3.8/site-packages/airflow/example_dags/example_sensor_decorator.py took 0.111 seconds
[2025-04-28T15:31:17.985+0000] {processor.py:161} INFO - Started process (PID=4495) to work on /home/airflow/.local/lib/python3.8/site-packages/airflow/example_dags/example_sensor_decorator.py
[2025-04-28T15:31:17.987+0000] {processor.py:830} INFO - Processing file /home/airflow/.local/lib/python3.8/site-packages/airflow/example_dags/example_sensor_decorator.py for tasks to queue
[2025-04-28T15:31:17.989+0000] {logging_mixin.py:188} INFO - [2025-04-28T15:31:17.988+0000] {dagbag.py:538} INFO - Filling up the DagBag from /home/airflow/.local/lib/python3.8/site-packages/airflow/example_dags/example_sensor_decorator.py
[2025-04-28T15:31:17.998+0000] {processor.py:840} INFO - DAG(s) 'example_sensor_decorator' retrieved from /home/airflow/.local/lib/python3.8/site-packages/airflow/example_dags/example_sensor_decorator.py
[2025-04-28T15:31:18.042+0000] {logging_mixin.py:188} INFO - [2025-04-28T15:31:18.042+0000] {dag.py:3033} INFO - Sync 1 DAGs
[2025-04-28T15:31:18.066+0000] {logging_mixin.py:188} INFO - [2025-04-28T15:31:18.065+0000] {dag.py:3820} INFO - Setting next_dagrun for example_sensor_decorator to None, run_after=None
[2025-04-28T15:31:18.097+0000] {processor.py:183} INFO - Processing /home/airflow/.local/lib/python3.8/site-packages/airflow/example_dags/example_sensor_decorator.py took 0.117 seconds
[2025-04-28T15:31:48.337+0000] {processor.py:161} INFO - Started process (PID=4551) to work on /home/airflow/.local/lib/python3.8/site-packages/airflow/example_dags/example_sensor_decorator.py
[2025-04-28T15:31:48.339+0000] {processor.py:830} INFO - Processing file /home/airflow/.local/lib/python3.8/site-packages/airflow/example_dags/example_sensor_decorator.py for tasks to queue
[2025-04-28T15:31:48.340+0000] {logging_mixin.py:188} INFO - [2025-04-28T15:31:48.340+0000] {dagbag.py:538} INFO - Filling up the DagBag from /home/airflow/.local/lib/python3.8/site-packages/airflow/example_dags/example_sensor_decorator.py
[2025-04-28T15:31:48.351+0000] {processor.py:840} INFO - DAG(s) 'example_sensor_decorator' retrieved from /home/airflow/.local/lib/python3.8/site-packages/airflow/example_dags/example_sensor_decorator.py
[2025-04-28T15:31:48.384+0000] {logging_mixin.py:188} INFO - [2025-04-28T15:31:48.384+0000] {dag.py:3033} INFO - Sync 1 DAGs
[2025-04-28T15:31:48.404+0000] {logging_mixin.py:188} INFO - [2025-04-28T15:31:48.404+0000] {dag.py:3820} INFO - Setting next_dagrun for example_sensor_decorator to None, run_after=None
[2025-04-28T15:31:48.436+0000] {processor.py:183} INFO - Processing /home/airflow/.local/lib/python3.8/site-packages/airflow/example_dags/example_sensor_decorator.py took 0.103 seconds
[2025-04-28T15:32:20.872+0000] {processor.py:161} INFO - Started process (PID=4608) to work on /home/airflow/.local/lib/python3.8/site-packages/airflow/example_dags/example_sensor_decorator.py
[2025-04-28T15:32:20.873+0000] {processor.py:830} INFO - Processing file /home/airflow/.local/lib/python3.8/site-packages/airflow/example_dags/example_sensor_decorator.py for tasks to queue
[2025-04-28T15:32:20.875+0000] {logging_mixin.py:188} INFO - [2025-04-28T15:32:20.874+0000] {dagbag.py:538} INFO - Filling up the DagBag from /home/airflow/.local/lib/python3.8/site-packages/airflow/example_dags/example_sensor_decorator.py
[2025-04-28T15:32:20.884+0000] {processor.py:840} INFO - DAG(s) 'example_sensor_decorator' retrieved from /home/airflow/.local/lib/python3.8/site-packages/airflow/example_dags/example_sensor_decorator.py
[2025-04-28T15:32:20.911+0000] {logging_mixin.py:188} INFO - [2025-04-28T15:32:20.911+0000] {dag.py:3033} INFO - Sync 1 DAGs
[2025-04-28T15:32:20.926+0000] {logging_mixin.py:188} INFO - [2025-04-28T15:32:20.926+0000] {dag.py:3820} INFO - Setting next_dagrun for example_sensor_decorator to None, run_after=None
[2025-04-28T15:32:20.951+0000] {processor.py:183} INFO - Processing /home/airflow/.local/lib/python3.8/site-packages/airflow/example_dags/example_sensor_decorator.py took 0.086 seconds
[2025-04-28T15:32:53.728+0000] {processor.py:161} INFO - Started process (PID=4664) to work on /home/airflow/.local/lib/python3.8/site-packages/airflow/example_dags/example_sensor_decorator.py
[2025-04-28T15:32:53.729+0000] {processor.py:830} INFO - Processing file /home/airflow/.local/lib/python3.8/site-packages/airflow/example_dags/example_sensor_decorator.py for tasks to queue
[2025-04-28T15:32:53.731+0000] {logging_mixin.py:188} INFO - [2025-04-28T15:32:53.730+0000] {dagbag.py:538} INFO - Filling up the DagBag from /home/airflow/.local/lib/python3.8/site-packages/airflow/example_dags/example_sensor_decorator.py
[2025-04-28T15:32:53.740+0000] {processor.py:840} INFO - DAG(s) 'example_sensor_decorator' retrieved from /home/airflow/.local/lib/python3.8/site-packages/airflow/example_dags/example_sensor_decorator.py
[2025-04-28T15:32:53.770+0000] {logging_mixin.py:188} INFO - [2025-04-28T15:32:53.770+0000] {dag.py:3033} INFO - Sync 1 DAGs
[2025-04-28T15:32:53.791+0000] {logging_mixin.py:188} INFO - [2025-04-28T15:32:53.790+0000] {dag.py:3820} INFO - Setting next_dagrun for example_sensor_decorator to None, run_after=None
[2025-04-28T15:32:53.823+0000] {processor.py:183} INFO - Processing /home/airflow/.local/lib/python3.8/site-packages/airflow/example_dags/example_sensor_decorator.py took 0.101 seconds
[2025-04-28T15:33:26.470+0000] {processor.py:161} INFO - Started process (PID=4720) to work on /home/airflow/.local/lib/python3.8/site-packages/airflow/example_dags/example_sensor_decorator.py
[2025-04-28T15:33:26.472+0000] {processor.py:830} INFO - Processing file /home/airflow/.local/lib/python3.8/site-packages/airflow/example_dags/example_sensor_decorator.py for tasks to queue
[2025-04-28T15:33:26.473+0000] {logging_mixin.py:188} INFO - [2025-04-28T15:33:26.473+0000] {dagbag.py:538} INFO - Filling up the DagBag from /home/airflow/.local/lib/python3.8/site-packages/airflow/example_dags/example_sensor_decorator.py
[2025-04-28T15:33:26.483+0000] {processor.py:840} INFO - DAG(s) 'example_sensor_decorator' retrieved from /home/airflow/.local/lib/python3.8/site-packages/airflow/example_dags/example_sensor_decorator.py
[2025-04-28T15:33:26.523+0000] {logging_mixin.py:188} INFO - [2025-04-28T15:33:26.523+0000] {dag.py:3033} INFO - Sync 1 DAGs
[2025-04-28T15:33:26.553+0000] {logging_mixin.py:188} INFO - [2025-04-28T15:33:26.553+0000] {dag.py:3820} INFO - Setting next_dagrun for example_sensor_decorator to None, run_after=None
[2025-04-28T15:33:26.593+0000] {processor.py:183} INFO - Processing /home/airflow/.local/lib/python3.8/site-packages/airflow/example_dags/example_sensor_decorator.py took 0.127 seconds
[2025-04-28T15:33:59.657+0000] {processor.py:161} INFO - Started process (PID=4775) to work on /home/airflow/.local/lib/python3.8/site-packages/airflow/example_dags/example_sensor_decorator.py
[2025-04-28T15:33:59.659+0000] {processor.py:830} INFO - Processing file /home/airflow/.local/lib/python3.8/site-packages/airflow/example_dags/example_sensor_decorator.py for tasks to queue
[2025-04-28T15:33:59.661+0000] {logging_mixin.py:188} INFO - [2025-04-28T15:33:59.660+0000] {dagbag.py:538} INFO - Filling up the DagBag from /home/airflow/.local/lib/python3.8/site-packages/airflow/example_dags/example_sensor_decorator.py
[2025-04-28T15:33:59.672+0000] {processor.py:840} INFO - DAG(s) 'example_sensor_decorator' retrieved from /home/airflow/.local/lib/python3.8/site-packages/airflow/example_dags/example_sensor_decorator.py
[2025-04-28T15:33:59.718+0000] {logging_mixin.py:188} INFO - [2025-04-28T15:33:59.718+0000] {dag.py:3033} INFO - Sync 1 DAGs
[2025-04-28T15:33:59.743+0000] {logging_mixin.py:188} INFO - [2025-04-28T15:33:59.743+0000] {dag.py:3820} INFO - Setting next_dagrun for example_sensor_decorator to None, run_after=None
[2025-04-28T15:33:59.782+0000] {processor.py:183} INFO - Processing /home/airflow/.local/lib/python3.8/site-packages/airflow/example_dags/example_sensor_decorator.py took 0.132 seconds
