[2025-04-28T10:03:16.578+0000] {processor.py:161} INFO - Started process (PID=99) to work on /home/airflow/.local/lib/python3.8/site-packages/airflow/example_dags/tutorial.py
[2025-04-28T10:03:16.580+0000] {processor.py:830} INFO - Processing file /home/airflow/.local/lib/python3.8/site-packages/airflow/example_dags/tutorial.py for tasks to queue
[2025-04-28T10:03:16.586+0000] {logging_mixin.py:188} INFO - [2025-04-28T10:03:16.585+0000] {dagbag.py:538} INFO - Filling up the DagBag from /home/airflow/.local/lib/python3.8/site-packages/airflow/example_dags/tutorial.py
[2025-04-28T10:03:16.626+0000] {processor.py:840} INFO - DAG(s) 'tutorial' retrieved from /home/airflow/.local/lib/python3.8/site-packages/airflow/example_dags/tutorial.py
[2025-04-28T10:03:17.205+0000] {logging_mixin.py:188} INFO - [2025-04-28T10:03:17.205+0000] {dag.py:3033} INFO - Sync 1 DAGs
[2025-04-28T10:03:17.297+0000] {logging_mixin.py:188} INFO - [2025-04-28T10:03:17.296+0000] {dag.py:3820} INFO - Setting next_dagrun for tutorial to 2025-04-27T00:00:00+00:00, run_after=2025-04-28T00:00:00+00:00
[2025-04-28T10:03:17.399+0000] {processor.py:183} INFO - Processing /home/airflow/.local/lib/python3.8/site-packages/airflow/example_dags/tutorial.py took 0.828 seconds
[2025-04-28T10:03:47.485+0000] {processor.py:161} INFO - Started process (PID=155) to work on /home/airflow/.local/lib/python3.8/site-packages/airflow/example_dags/tutorial.py
[2025-04-28T10:03:47.486+0000] {processor.py:830} INFO - Processing file /home/airflow/.local/lib/python3.8/site-packages/airflow/example_dags/tutorial.py for tasks to queue
[2025-04-28T10:03:47.490+0000] {logging_mixin.py:188} INFO - [2025-04-28T10:03:47.490+0000] {dagbag.py:538} INFO - Filling up the DagBag from /home/airflow/.local/lib/python3.8/site-packages/airflow/example_dags/tutorial.py
[2025-04-28T10:03:47.500+0000] {processor.py:840} INFO - DAG(s) 'tutorial' retrieved from /home/airflow/.local/lib/python3.8/site-packages/airflow/example_dags/tutorial.py
[2025-04-28T10:03:47.537+0000] {logging_mixin.py:188} INFO - [2025-04-28T10:03:47.535+0000] {dag.py:3033} INFO - Sync 1 DAGs
[2025-04-28T10:03:47.600+0000] {logging_mixin.py:188} INFO - [2025-04-28T10:03:47.599+0000] {dag.py:3820} INFO - Setting next_dagrun for tutorial to 2025-04-27T00:00:00+00:00, run_after=2025-04-28T00:00:00+00:00
[2025-04-28T10:03:47.642+0000] {processor.py:183} INFO - Processing /home/airflow/.local/lib/python3.8/site-packages/airflow/example_dags/tutorial.py took 0.162 seconds
[2025-04-28T10:04:17.808+0000] {processor.py:161} INFO - Started process (PID=210) to work on /home/airflow/.local/lib/python3.8/site-packages/airflow/example_dags/tutorial.py
[2025-04-28T10:04:17.809+0000] {processor.py:830} INFO - Processing file /home/airflow/.local/lib/python3.8/site-packages/airflow/example_dags/tutorial.py for tasks to queue
[2025-04-28T10:04:17.815+0000] {logging_mixin.py:188} INFO - [2025-04-28T10:04:17.814+0000] {dagbag.py:538} INFO - Filling up the DagBag from /home/airflow/.local/lib/python3.8/site-packages/airflow/example_dags/tutorial.py
[2025-04-28T10:04:17.823+0000] {processor.py:840} INFO - DAG(s) 'tutorial' retrieved from /home/airflow/.local/lib/python3.8/site-packages/airflow/example_dags/tutorial.py
[2025-04-28T10:04:17.860+0000] {logging_mixin.py:188} INFO - [2025-04-28T10:04:17.860+0000] {dag.py:3033} INFO - Sync 1 DAGs
[2025-04-28T10:04:17.896+0000] {logging_mixin.py:188} INFO - [2025-04-28T10:04:17.896+0000] {dag.py:3820} INFO - Setting next_dagrun for tutorial to 2025-04-27T00:00:00+00:00, run_after=2025-04-28T00:00:00+00:00
[2025-04-28T10:04:17.928+0000] {processor.py:183} INFO - Processing /home/airflow/.local/lib/python3.8/site-packages/airflow/example_dags/tutorial.py took 0.125 seconds
[2025-04-28T10:04:48.672+0000] {processor.py:161} INFO - Started process (PID=266) to work on /home/airflow/.local/lib/python3.8/site-packages/airflow/example_dags/tutorial.py
[2025-04-28T10:04:48.673+0000] {processor.py:830} INFO - Processing file /home/airflow/.local/lib/python3.8/site-packages/airflow/example_dags/tutorial.py for tasks to queue
[2025-04-28T10:04:48.677+0000] {logging_mixin.py:188} INFO - [2025-04-28T10:04:48.676+0000] {dagbag.py:538} INFO - Filling up the DagBag from /home/airflow/.local/lib/python3.8/site-packages/airflow/example_dags/tutorial.py
[2025-04-28T10:04:48.686+0000] {processor.py:840} INFO - DAG(s) 'tutorial' retrieved from /home/airflow/.local/lib/python3.8/site-packages/airflow/example_dags/tutorial.py
[2025-04-28T10:04:48.721+0000] {logging_mixin.py:188} INFO - [2025-04-28T10:04:48.721+0000] {dag.py:3033} INFO - Sync 1 DAGs
[2025-04-28T10:04:48.760+0000] {logging_mixin.py:188} INFO - [2025-04-28T10:04:48.760+0000] {dag.py:3820} INFO - Setting next_dagrun for tutorial to 2025-04-27T00:00:00+00:00, run_after=2025-04-28T00:00:00+00:00
[2025-04-28T10:04:48.798+0000] {processor.py:183} INFO - Processing /home/airflow/.local/lib/python3.8/site-packages/airflow/example_dags/tutorial.py took 0.133 seconds
[2025-04-28T10:05:18.853+0000] {processor.py:161} INFO - Started process (PID=320) to work on /home/airflow/.local/lib/python3.8/site-packages/airflow/example_dags/tutorial.py
[2025-04-28T10:05:18.855+0000] {processor.py:830} INFO - Processing file /home/airflow/.local/lib/python3.8/site-packages/airflow/example_dags/tutorial.py for tasks to queue
[2025-04-28T10:05:18.859+0000] {logging_mixin.py:188} INFO - [2025-04-28T10:05:18.858+0000] {dagbag.py:538} INFO - Filling up the DagBag from /home/airflow/.local/lib/python3.8/site-packages/airflow/example_dags/tutorial.py
[2025-04-28T10:05:18.867+0000] {processor.py:840} INFO - DAG(s) 'tutorial' retrieved from /home/airflow/.local/lib/python3.8/site-packages/airflow/example_dags/tutorial.py
[2025-04-28T10:05:18.896+0000] {logging_mixin.py:188} INFO - [2025-04-28T10:05:18.896+0000] {dag.py:3033} INFO - Sync 1 DAGs
[2025-04-28T10:05:18.935+0000] {logging_mixin.py:188} INFO - [2025-04-28T10:05:18.934+0000] {dag.py:3820} INFO - Setting next_dagrun for tutorial to 2025-04-27T00:00:00+00:00, run_after=2025-04-28T00:00:00+00:00
[2025-04-28T10:05:18.967+0000] {processor.py:183} INFO - Processing /home/airflow/.local/lib/python3.8/site-packages/airflow/example_dags/tutorial.py took 0.118 seconds
[2025-04-28T10:05:49.109+0000] {processor.py:161} INFO - Started process (PID=376) to work on /home/airflow/.local/lib/python3.8/site-packages/airflow/example_dags/tutorial.py
[2025-04-28T10:05:49.111+0000] {processor.py:830} INFO - Processing file /home/airflow/.local/lib/python3.8/site-packages/airflow/example_dags/tutorial.py for tasks to queue
[2025-04-28T10:05:49.116+0000] {logging_mixin.py:188} INFO - [2025-04-28T10:05:49.116+0000] {dagbag.py:538} INFO - Filling up the DagBag from /home/airflow/.local/lib/python3.8/site-packages/airflow/example_dags/tutorial.py
[2025-04-28T10:05:49.126+0000] {processor.py:840} INFO - DAG(s) 'tutorial' retrieved from /home/airflow/.local/lib/python3.8/site-packages/airflow/example_dags/tutorial.py
[2025-04-28T10:05:49.162+0000] {logging_mixin.py:188} INFO - [2025-04-28T10:05:49.162+0000] {dag.py:3033} INFO - Sync 1 DAGs
[2025-04-28T10:05:49.204+0000] {logging_mixin.py:188} INFO - [2025-04-28T10:05:49.204+0000] {dag.py:3820} INFO - Setting next_dagrun for tutorial to 2025-04-27T00:00:00+00:00, run_after=2025-04-28T00:00:00+00:00
[2025-04-28T10:05:49.262+0000] {processor.py:183} INFO - Processing /home/airflow/.local/lib/python3.8/site-packages/airflow/example_dags/tutorial.py took 0.157 seconds
[2025-04-28T10:06:19.540+0000] {processor.py:161} INFO - Started process (PID=432) to work on /home/airflow/.local/lib/python3.8/site-packages/airflow/example_dags/tutorial.py
[2025-04-28T10:06:19.541+0000] {processor.py:830} INFO - Processing file /home/airflow/.local/lib/python3.8/site-packages/airflow/example_dags/tutorial.py for tasks to queue
[2025-04-28T10:06:19.546+0000] {logging_mixin.py:188} INFO - [2025-04-28T10:06:19.546+0000] {dagbag.py:538} INFO - Filling up the DagBag from /home/airflow/.local/lib/python3.8/site-packages/airflow/example_dags/tutorial.py
[2025-04-28T10:06:19.555+0000] {processor.py:840} INFO - DAG(s) 'tutorial' retrieved from /home/airflow/.local/lib/python3.8/site-packages/airflow/example_dags/tutorial.py
[2025-04-28T10:06:19.594+0000] {logging_mixin.py:188} INFO - [2025-04-28T10:06:19.594+0000] {dag.py:3033} INFO - Sync 1 DAGs
[2025-04-28T10:06:19.644+0000] {logging_mixin.py:188} INFO - [2025-04-28T10:06:19.643+0000] {dag.py:3820} INFO - Setting next_dagrun for tutorial to 2025-04-27T00:00:00+00:00, run_after=2025-04-28T00:00:00+00:00
[2025-04-28T10:06:19.685+0000] {processor.py:183} INFO - Processing /home/airflow/.local/lib/python3.8/site-packages/airflow/example_dags/tutorial.py took 0.149 seconds
[2025-04-28T10:06:49.783+0000] {processor.py:161} INFO - Started process (PID=482) to work on /home/airflow/.local/lib/python3.8/site-packages/airflow/example_dags/tutorial.py
[2025-04-28T10:06:49.785+0000] {processor.py:830} INFO - Processing file /home/airflow/.local/lib/python3.8/site-packages/airflow/example_dags/tutorial.py for tasks to queue
[2025-04-28T10:06:49.789+0000] {logging_mixin.py:188} INFO - [2025-04-28T10:06:49.789+0000] {dagbag.py:538} INFO - Filling up the DagBag from /home/airflow/.local/lib/python3.8/site-packages/airflow/example_dags/tutorial.py
[2025-04-28T10:06:49.805+0000] {processor.py:840} INFO - DAG(s) 'tutorial' retrieved from /home/airflow/.local/lib/python3.8/site-packages/airflow/example_dags/tutorial.py
[2025-04-28T10:06:49.880+0000] {logging_mixin.py:188} INFO - [2025-04-28T10:06:49.880+0000] {dag.py:3033} INFO - Sync 1 DAGs
[2025-04-28T10:06:49.933+0000] {logging_mixin.py:188} INFO - [2025-04-28T10:06:49.932+0000] {dag.py:3820} INFO - Setting next_dagrun for tutorial to 2025-04-27T00:00:00+00:00, run_after=2025-04-28T00:00:00+00:00
[2025-04-28T10:06:49.988+0000] {processor.py:183} INFO - Processing /home/airflow/.local/lib/python3.8/site-packages/airflow/example_dags/tutorial.py took 0.211 seconds
[2025-04-28T10:07:20.163+0000] {processor.py:161} INFO - Started process (PID=539) to work on /home/airflow/.local/lib/python3.8/site-packages/airflow/example_dags/tutorial.py
[2025-04-28T10:07:20.165+0000] {processor.py:830} INFO - Processing file /home/airflow/.local/lib/python3.8/site-packages/airflow/example_dags/tutorial.py for tasks to queue
[2025-04-28T10:07:20.170+0000] {logging_mixin.py:188} INFO - [2025-04-28T10:07:20.169+0000] {dagbag.py:538} INFO - Filling up the DagBag from /home/airflow/.local/lib/python3.8/site-packages/airflow/example_dags/tutorial.py
[2025-04-28T10:07:20.179+0000] {processor.py:840} INFO - DAG(s) 'tutorial' retrieved from /home/airflow/.local/lib/python3.8/site-packages/airflow/example_dags/tutorial.py
[2025-04-28T10:07:20.221+0000] {logging_mixin.py:188} INFO - [2025-04-28T10:07:20.220+0000] {dag.py:3033} INFO - Sync 1 DAGs
[2025-04-28T10:07:20.305+0000] {logging_mixin.py:188} INFO - [2025-04-28T10:07:20.304+0000] {dag.py:3820} INFO - Setting next_dagrun for tutorial to 2025-04-27T00:00:00+00:00, run_after=2025-04-28T00:00:00+00:00
[2025-04-28T10:07:20.355+0000] {processor.py:183} INFO - Processing /home/airflow/.local/lib/python3.8/site-packages/airflow/example_dags/tutorial.py took 0.198 seconds
[2025-04-28T10:07:50.822+0000] {processor.py:161} INFO - Started process (PID=596) to work on /home/airflow/.local/lib/python3.8/site-packages/airflow/example_dags/tutorial.py
[2025-04-28T10:07:50.824+0000] {processor.py:830} INFO - Processing file /home/airflow/.local/lib/python3.8/site-packages/airflow/example_dags/tutorial.py for tasks to queue
[2025-04-28T10:07:50.828+0000] {logging_mixin.py:188} INFO - [2025-04-28T10:07:50.827+0000] {dagbag.py:538} INFO - Filling up the DagBag from /home/airflow/.local/lib/python3.8/site-packages/airflow/example_dags/tutorial.py
[2025-04-28T10:07:50.838+0000] {processor.py:840} INFO - DAG(s) 'tutorial' retrieved from /home/airflow/.local/lib/python3.8/site-packages/airflow/example_dags/tutorial.py
[2025-04-28T10:07:50.875+0000] {logging_mixin.py:188} INFO - [2025-04-28T10:07:50.874+0000] {dag.py:3033} INFO - Sync 1 DAGs
[2025-04-28T10:07:50.923+0000] {logging_mixin.py:188} INFO - [2025-04-28T10:07:50.922+0000] {dag.py:3820} INFO - Setting next_dagrun for tutorial to 2025-04-27T00:00:00+00:00, run_after=2025-04-28T00:00:00+00:00
[2025-04-28T10:07:50.955+0000] {processor.py:183} INFO - Processing /home/airflow/.local/lib/python3.8/site-packages/airflow/example_dags/tutorial.py took 0.138 seconds
[2025-04-28T10:08:22.774+0000] {processor.py:161} INFO - Started process (PID=640) to work on /home/airflow/.local/lib/python3.8/site-packages/airflow/example_dags/tutorial.py
[2025-04-28T10:08:22.775+0000] {processor.py:830} INFO - Processing file /home/airflow/.local/lib/python3.8/site-packages/airflow/example_dags/tutorial.py for tasks to queue
[2025-04-28T10:08:22.779+0000] {logging_mixin.py:188} INFO - [2025-04-28T10:08:22.779+0000] {dagbag.py:538} INFO - Filling up the DagBag from /home/airflow/.local/lib/python3.8/site-packages/airflow/example_dags/tutorial.py
[2025-04-28T10:08:22.789+0000] {processor.py:840} INFO - DAG(s) 'tutorial' retrieved from /home/airflow/.local/lib/python3.8/site-packages/airflow/example_dags/tutorial.py
[2025-04-28T10:08:22.823+0000] {logging_mixin.py:188} INFO - [2025-04-28T10:08:22.822+0000] {dag.py:3033} INFO - Sync 1 DAGs
[2025-04-28T10:08:22.869+0000] {logging_mixin.py:188} INFO - [2025-04-28T10:08:22.869+0000] {dag.py:3820} INFO - Setting next_dagrun for tutorial to 2025-04-27T00:00:00+00:00, run_after=2025-04-28T00:00:00+00:00
[2025-04-28T10:08:22.906+0000] {processor.py:183} INFO - Processing /home/airflow/.local/lib/python3.8/site-packages/airflow/example_dags/tutorial.py took 0.138 seconds
[2025-04-28T10:08:54.368+0000] {processor.py:161} INFO - Started process (PID=696) to work on /home/airflow/.local/lib/python3.8/site-packages/airflow/example_dags/tutorial.py
[2025-04-28T10:08:54.370+0000] {processor.py:830} INFO - Processing file /home/airflow/.local/lib/python3.8/site-packages/airflow/example_dags/tutorial.py for tasks to queue
[2025-04-28T10:08:54.374+0000] {logging_mixin.py:188} INFO - [2025-04-28T10:08:54.373+0000] {dagbag.py:538} INFO - Filling up the DagBag from /home/airflow/.local/lib/python3.8/site-packages/airflow/example_dags/tutorial.py
[2025-04-28T10:08:54.386+0000] {processor.py:840} INFO - DAG(s) 'tutorial' retrieved from /home/airflow/.local/lib/python3.8/site-packages/airflow/example_dags/tutorial.py
[2025-04-28T10:08:54.423+0000] {logging_mixin.py:188} INFO - [2025-04-28T10:08:54.423+0000] {dag.py:3033} INFO - Sync 1 DAGs
[2025-04-28T10:08:54.466+0000] {logging_mixin.py:188} INFO - [2025-04-28T10:08:54.465+0000] {dag.py:3820} INFO - Setting next_dagrun for tutorial to 2025-04-27T00:00:00+00:00, run_after=2025-04-28T00:00:00+00:00
[2025-04-28T10:08:54.506+0000] {processor.py:183} INFO - Processing /home/airflow/.local/lib/python3.8/site-packages/airflow/example_dags/tutorial.py took 0.143 seconds
[2025-04-28T10:09:26.578+0000] {processor.py:161} INFO - Started process (PID=753) to work on /home/airflow/.local/lib/python3.8/site-packages/airflow/example_dags/tutorial.py
[2025-04-28T10:09:26.580+0000] {processor.py:830} INFO - Processing file /home/airflow/.local/lib/python3.8/site-packages/airflow/example_dags/tutorial.py for tasks to queue
[2025-04-28T10:09:26.582+0000] {logging_mixin.py:188} INFO - [2025-04-28T10:09:26.582+0000] {dagbag.py:538} INFO - Filling up the DagBag from /home/airflow/.local/lib/python3.8/site-packages/airflow/example_dags/tutorial.py
[2025-04-28T10:09:26.591+0000] {processor.py:840} INFO - DAG(s) 'tutorial' retrieved from /home/airflow/.local/lib/python3.8/site-packages/airflow/example_dags/tutorial.py
[2025-04-28T10:09:26.627+0000] {logging_mixin.py:188} INFO - [2025-04-28T10:09:26.627+0000] {dag.py:3033} INFO - Sync 1 DAGs
[2025-04-28T10:09:26.667+0000] {logging_mixin.py:188} INFO - [2025-04-28T10:09:26.666+0000] {dag.py:3820} INFO - Setting next_dagrun for tutorial to 2025-04-27T00:00:00+00:00, run_after=2025-04-28T00:00:00+00:00
[2025-04-28T10:09:26.699+0000] {processor.py:183} INFO - Processing /home/airflow/.local/lib/python3.8/site-packages/airflow/example_dags/tutorial.py took 0.126 seconds
[2025-04-28T10:10:00.023+0000] {processor.py:161} INFO - Started process (PID=809) to work on /home/airflow/.local/lib/python3.8/site-packages/airflow/example_dags/tutorial.py
[2025-04-28T10:10:00.027+0000] {processor.py:830} INFO - Processing file /home/airflow/.local/lib/python3.8/site-packages/airflow/example_dags/tutorial.py for tasks to queue
[2025-04-28T10:10:00.030+0000] {logging_mixin.py:188} INFO - [2025-04-28T10:10:00.029+0000] {dagbag.py:538} INFO - Filling up the DagBag from /home/airflow/.local/lib/python3.8/site-packages/airflow/example_dags/tutorial.py
[2025-04-28T10:10:00.041+0000] {processor.py:840} INFO - DAG(s) 'tutorial' retrieved from /home/airflow/.local/lib/python3.8/site-packages/airflow/example_dags/tutorial.py
[2025-04-28T10:10:00.077+0000] {logging_mixin.py:188} INFO - [2025-04-28T10:10:00.077+0000] {dag.py:3033} INFO - Sync 1 DAGs
[2025-04-28T10:10:00.115+0000] {logging_mixin.py:188} INFO - [2025-04-28T10:10:00.115+0000] {dag.py:3820} INFO - Setting next_dagrun for tutorial to 2025-04-27T00:00:00+00:00, run_after=2025-04-28T00:00:00+00:00
[2025-04-28T10:10:00.152+0000] {processor.py:183} INFO - Processing /home/airflow/.local/lib/python3.8/site-packages/airflow/example_dags/tutorial.py took 0.133 seconds
[2025-04-28T10:10:32.986+0000] {processor.py:161} INFO - Started process (PID=865) to work on /home/airflow/.local/lib/python3.8/site-packages/airflow/example_dags/tutorial.py
[2025-04-28T10:10:32.988+0000] {processor.py:830} INFO - Processing file /home/airflow/.local/lib/python3.8/site-packages/airflow/example_dags/tutorial.py for tasks to queue
[2025-04-28T10:10:32.992+0000] {logging_mixin.py:188} INFO - [2025-04-28T10:10:32.991+0000] {dagbag.py:538} INFO - Filling up the DagBag from /home/airflow/.local/lib/python3.8/site-packages/airflow/example_dags/tutorial.py
[2025-04-28T10:10:33.003+0000] {processor.py:840} INFO - DAG(s) 'tutorial' retrieved from /home/airflow/.local/lib/python3.8/site-packages/airflow/example_dags/tutorial.py
[2025-04-28T10:10:33.050+0000] {logging_mixin.py:188} INFO - [2025-04-28T10:10:33.049+0000] {dag.py:3033} INFO - Sync 1 DAGs
[2025-04-28T10:10:33.113+0000] {logging_mixin.py:188} INFO - [2025-04-28T10:10:33.113+0000] {dag.py:3820} INFO - Setting next_dagrun for tutorial to 2025-04-27T00:00:00+00:00, run_after=2025-04-28T00:00:00+00:00
[2025-04-28T10:10:33.170+0000] {processor.py:183} INFO - Processing /home/airflow/.local/lib/python3.8/site-packages/airflow/example_dags/tutorial.py took 0.191 seconds
[2025-04-28T10:11:13.143+0000] {processor.py:161} INFO - Started process (PID=921) to work on /home/airflow/.local/lib/python3.8/site-packages/airflow/example_dags/tutorial.py
[2025-04-28T10:11:13.144+0000] {processor.py:830} INFO - Processing file /home/airflow/.local/lib/python3.8/site-packages/airflow/example_dags/tutorial.py for tasks to queue
[2025-04-28T10:11:13.148+0000] {logging_mixin.py:188} INFO - [2025-04-28T10:11:13.147+0000] {dagbag.py:538} INFO - Filling up the DagBag from /home/airflow/.local/lib/python3.8/site-packages/airflow/example_dags/tutorial.py
[2025-04-28T10:11:13.156+0000] {processor.py:840} INFO - DAG(s) 'tutorial' retrieved from /home/airflow/.local/lib/python3.8/site-packages/airflow/example_dags/tutorial.py
[2025-04-28T10:11:13.190+0000] {logging_mixin.py:188} INFO - [2025-04-28T10:11:13.190+0000] {dag.py:3033} INFO - Sync 1 DAGs
[2025-04-28T10:11:13.226+0000] {logging_mixin.py:188} INFO - [2025-04-28T10:11:13.226+0000] {dag.py:3820} INFO - Setting next_dagrun for tutorial to 2025-04-27T00:00:00+00:00, run_after=2025-04-28T00:00:00+00:00
[2025-04-28T10:11:13.258+0000] {processor.py:183} INFO - Processing /home/airflow/.local/lib/python3.8/site-packages/airflow/example_dags/tutorial.py took 0.121 seconds
[2025-04-28T10:11:43.423+0000] {processor.py:161} INFO - Started process (PID=977) to work on /home/airflow/.local/lib/python3.8/site-packages/airflow/example_dags/tutorial.py
[2025-04-28T10:11:43.425+0000] {processor.py:830} INFO - Processing file /home/airflow/.local/lib/python3.8/site-packages/airflow/example_dags/tutorial.py for tasks to queue
[2025-04-28T10:11:43.428+0000] {logging_mixin.py:188} INFO - [2025-04-28T10:11:43.427+0000] {dagbag.py:538} INFO - Filling up the DagBag from /home/airflow/.local/lib/python3.8/site-packages/airflow/example_dags/tutorial.py
[2025-04-28T10:11:43.436+0000] {processor.py:840} INFO - DAG(s) 'tutorial' retrieved from /home/airflow/.local/lib/python3.8/site-packages/airflow/example_dags/tutorial.py
[2025-04-28T10:11:43.471+0000] {logging_mixin.py:188} INFO - [2025-04-28T10:11:43.471+0000] {dag.py:3033} INFO - Sync 1 DAGs
[2025-04-28T10:11:43.509+0000] {logging_mixin.py:188} INFO - [2025-04-28T10:11:43.509+0000] {dag.py:3820} INFO - Setting next_dagrun for tutorial to 2025-04-27T00:00:00+00:00, run_after=2025-04-28T00:00:00+00:00
[2025-04-28T10:11:43.542+0000] {processor.py:183} INFO - Processing /home/airflow/.local/lib/python3.8/site-packages/airflow/example_dags/tutorial.py took 0.123 seconds
[2025-04-28T10:12:14.095+0000] {processor.py:161} INFO - Started process (PID=1033) to work on /home/airflow/.local/lib/python3.8/site-packages/airflow/example_dags/tutorial.py
[2025-04-28T10:12:14.097+0000] {processor.py:830} INFO - Processing file /home/airflow/.local/lib/python3.8/site-packages/airflow/example_dags/tutorial.py for tasks to queue
[2025-04-28T10:12:14.101+0000] {logging_mixin.py:188} INFO - [2025-04-28T10:12:14.100+0000] {dagbag.py:538} INFO - Filling up the DagBag from /home/airflow/.local/lib/python3.8/site-packages/airflow/example_dags/tutorial.py
[2025-04-28T10:12:14.112+0000] {processor.py:840} INFO - DAG(s) 'tutorial' retrieved from /home/airflow/.local/lib/python3.8/site-packages/airflow/example_dags/tutorial.py
[2025-04-28T10:12:14.154+0000] {logging_mixin.py:188} INFO - [2025-04-28T10:12:14.154+0000] {dag.py:3033} INFO - Sync 1 DAGs
[2025-04-28T10:12:14.214+0000] {logging_mixin.py:188} INFO - [2025-04-28T10:12:14.213+0000] {dag.py:3820} INFO - Setting next_dagrun for tutorial to 2025-04-27T00:00:00+00:00, run_after=2025-04-28T00:00:00+00:00
[2025-04-28T10:12:14.249+0000] {processor.py:183} INFO - Processing /home/airflow/.local/lib/python3.8/site-packages/airflow/example_dags/tutorial.py took 0.161 seconds
[2025-04-28T10:12:44.610+0000] {processor.py:161} INFO - Started process (PID=1090) to work on /home/airflow/.local/lib/python3.8/site-packages/airflow/example_dags/tutorial.py
[2025-04-28T10:12:44.611+0000] {processor.py:830} INFO - Processing file /home/airflow/.local/lib/python3.8/site-packages/airflow/example_dags/tutorial.py for tasks to queue
[2025-04-28T10:12:44.614+0000] {logging_mixin.py:188} INFO - [2025-04-28T10:12:44.613+0000] {dagbag.py:538} INFO - Filling up the DagBag from /home/airflow/.local/lib/python3.8/site-packages/airflow/example_dags/tutorial.py
[2025-04-28T10:12:44.623+0000] {processor.py:840} INFO - DAG(s) 'tutorial' retrieved from /home/airflow/.local/lib/python3.8/site-packages/airflow/example_dags/tutorial.py
[2025-04-28T10:12:44.657+0000] {logging_mixin.py:188} INFO - [2025-04-28T10:12:44.656+0000] {dag.py:3033} INFO - Sync 1 DAGs
[2025-04-28T10:12:44.699+0000] {logging_mixin.py:188} INFO - [2025-04-28T10:12:44.699+0000] {dag.py:3820} INFO - Setting next_dagrun for tutorial to 2025-04-27T00:00:00+00:00, run_after=2025-04-28T00:00:00+00:00
[2025-04-28T10:12:44.733+0000] {processor.py:183} INFO - Processing /home/airflow/.local/lib/python3.8/site-packages/airflow/example_dags/tutorial.py took 0.129 seconds
[2025-04-28T10:13:14.987+0000] {processor.py:161} INFO - Started process (PID=1146) to work on /home/airflow/.local/lib/python3.8/site-packages/airflow/example_dags/tutorial.py
[2025-04-28T10:13:14.996+0000] {processor.py:830} INFO - Processing file /home/airflow/.local/lib/python3.8/site-packages/airflow/example_dags/tutorial.py for tasks to queue
[2025-04-28T10:13:15.001+0000] {logging_mixin.py:188} INFO - [2025-04-28T10:13:15.000+0000] {dagbag.py:538} INFO - Filling up the DagBag from /home/airflow/.local/lib/python3.8/site-packages/airflow/example_dags/tutorial.py
[2025-04-28T10:13:15.019+0000] {processor.py:840} INFO - DAG(s) 'tutorial' retrieved from /home/airflow/.local/lib/python3.8/site-packages/airflow/example_dags/tutorial.py
[2025-04-28T10:13:15.102+0000] {logging_mixin.py:188} INFO - [2025-04-28T10:13:15.102+0000] {dag.py:3033} INFO - Sync 1 DAGs
[2025-04-28T10:13:15.166+0000] {logging_mixin.py:188} INFO - [2025-04-28T10:13:15.166+0000] {dag.py:3820} INFO - Setting next_dagrun for tutorial to 2025-04-27T00:00:00+00:00, run_after=2025-04-28T00:00:00+00:00
[2025-04-28T10:13:15.231+0000] {processor.py:183} INFO - Processing /home/airflow/.local/lib/python3.8/site-packages/airflow/example_dags/tutorial.py took 0.255 seconds
[2025-04-28T10:13:48.272+0000] {processor.py:161} INFO - Started process (PID=1202) to work on /home/airflow/.local/lib/python3.8/site-packages/airflow/example_dags/tutorial.py
[2025-04-28T10:13:48.274+0000] {processor.py:830} INFO - Processing file /home/airflow/.local/lib/python3.8/site-packages/airflow/example_dags/tutorial.py for tasks to queue
[2025-04-28T10:13:48.277+0000] {logging_mixin.py:188} INFO - [2025-04-28T10:13:48.276+0000] {dagbag.py:538} INFO - Filling up the DagBag from /home/airflow/.local/lib/python3.8/site-packages/airflow/example_dags/tutorial.py
[2025-04-28T10:13:48.290+0000] {processor.py:840} INFO - DAG(s) 'tutorial' retrieved from /home/airflow/.local/lib/python3.8/site-packages/airflow/example_dags/tutorial.py
[2025-04-28T10:13:48.325+0000] {logging_mixin.py:188} INFO - [2025-04-28T10:13:48.325+0000] {dag.py:3033} INFO - Sync 1 DAGs
[2025-04-28T10:13:48.365+0000] {logging_mixin.py:188} INFO - [2025-04-28T10:13:48.364+0000] {dag.py:3820} INFO - Setting next_dagrun for tutorial to 2025-04-27T00:00:00+00:00, run_after=2025-04-28T00:00:00+00:00
[2025-04-28T10:13:48.403+0000] {processor.py:183} INFO - Processing /home/airflow/.local/lib/python3.8/site-packages/airflow/example_dags/tutorial.py took 0.137 seconds
[2025-04-28T10:14:21.101+0000] {processor.py:161} INFO - Started process (PID=1257) to work on /home/airflow/.local/lib/python3.8/site-packages/airflow/example_dags/tutorial.py
[2025-04-28T10:14:21.103+0000] {processor.py:830} INFO - Processing file /home/airflow/.local/lib/python3.8/site-packages/airflow/example_dags/tutorial.py for tasks to queue
[2025-04-28T10:14:21.108+0000] {logging_mixin.py:188} INFO - [2025-04-28T10:14:21.107+0000] {dagbag.py:538} INFO - Filling up the DagBag from /home/airflow/.local/lib/python3.8/site-packages/airflow/example_dags/tutorial.py
[2025-04-28T10:14:21.136+0000] {processor.py:840} INFO - DAG(s) 'tutorial' retrieved from /home/airflow/.local/lib/python3.8/site-packages/airflow/example_dags/tutorial.py
[2025-04-28T10:14:21.211+0000] {logging_mixin.py:188} INFO - [2025-04-28T10:14:21.210+0000] {dag.py:3033} INFO - Sync 1 DAGs
[2025-04-28T10:14:21.260+0000] {logging_mixin.py:188} INFO - [2025-04-28T10:14:21.260+0000] {dag.py:3820} INFO - Setting next_dagrun for tutorial to 2025-04-27T00:00:00+00:00, run_after=2025-04-28T00:00:00+00:00
[2025-04-28T10:14:21.292+0000] {processor.py:183} INFO - Processing /home/airflow/.local/lib/python3.8/site-packages/airflow/example_dags/tutorial.py took 0.206 seconds
[2025-04-28T10:14:53.101+0000] {processor.py:161} INFO - Started process (PID=1313) to work on /home/airflow/.local/lib/python3.8/site-packages/airflow/example_dags/tutorial.py
[2025-04-28T10:14:53.103+0000] {processor.py:830} INFO - Processing file /home/airflow/.local/lib/python3.8/site-packages/airflow/example_dags/tutorial.py for tasks to queue
[2025-04-28T10:14:53.106+0000] {logging_mixin.py:188} INFO - [2025-04-28T10:14:53.106+0000] {dagbag.py:538} INFO - Filling up the DagBag from /home/airflow/.local/lib/python3.8/site-packages/airflow/example_dags/tutorial.py
[2025-04-28T10:14:53.118+0000] {processor.py:840} INFO - DAG(s) 'tutorial' retrieved from /home/airflow/.local/lib/python3.8/site-packages/airflow/example_dags/tutorial.py
[2025-04-28T10:14:53.154+0000] {logging_mixin.py:188} INFO - [2025-04-28T10:14:53.154+0000] {dag.py:3033} INFO - Sync 1 DAGs
[2025-04-28T10:14:53.224+0000] {logging_mixin.py:188} INFO - [2025-04-28T10:14:53.224+0000] {dag.py:3820} INFO - Setting next_dagrun for tutorial to 2025-04-27T00:00:00+00:00, run_after=2025-04-28T00:00:00+00:00
[2025-04-28T10:14:53.265+0000] {processor.py:183} INFO - Processing /home/airflow/.local/lib/python3.8/site-packages/airflow/example_dags/tutorial.py took 0.170 seconds
[2025-04-28T10:15:25.869+0000] {processor.py:161} INFO - Started process (PID=1370) to work on /home/airflow/.local/lib/python3.8/site-packages/airflow/example_dags/tutorial.py
[2025-04-28T10:15:25.870+0000] {processor.py:830} INFO - Processing file /home/airflow/.local/lib/python3.8/site-packages/airflow/example_dags/tutorial.py for tasks to queue
[2025-04-28T10:15:25.874+0000] {logging_mixin.py:188} INFO - [2025-04-28T10:15:25.874+0000] {dagbag.py:538} INFO - Filling up the DagBag from /home/airflow/.local/lib/python3.8/site-packages/airflow/example_dags/tutorial.py
[2025-04-28T10:15:25.884+0000] {processor.py:840} INFO - DAG(s) 'tutorial' retrieved from /home/airflow/.local/lib/python3.8/site-packages/airflow/example_dags/tutorial.py
[2025-04-28T10:15:25.916+0000] {logging_mixin.py:188} INFO - [2025-04-28T10:15:25.916+0000] {dag.py:3033} INFO - Sync 1 DAGs
[2025-04-28T10:15:25.952+0000] {logging_mixin.py:188} INFO - [2025-04-28T10:15:25.952+0000] {dag.py:3820} INFO - Setting next_dagrun for tutorial to 2025-04-27T00:00:00+00:00, run_after=2025-04-28T00:00:00+00:00
[2025-04-28T10:15:25.985+0000] {processor.py:183} INFO - Processing /home/airflow/.local/lib/python3.8/site-packages/airflow/example_dags/tutorial.py took 0.123 seconds
[2025-04-28T10:15:58.707+0000] {processor.py:161} INFO - Started process (PID=1425) to work on /home/airflow/.local/lib/python3.8/site-packages/airflow/example_dags/tutorial.py
[2025-04-28T10:15:58.709+0000] {processor.py:830} INFO - Processing file /home/airflow/.local/lib/python3.8/site-packages/airflow/example_dags/tutorial.py for tasks to queue
[2025-04-28T10:15:58.712+0000] {logging_mixin.py:188} INFO - [2025-04-28T10:15:58.712+0000] {dagbag.py:538} INFO - Filling up the DagBag from /home/airflow/.local/lib/python3.8/site-packages/airflow/example_dags/tutorial.py
[2025-04-28T10:15:58.721+0000] {processor.py:840} INFO - DAG(s) 'tutorial' retrieved from /home/airflow/.local/lib/python3.8/site-packages/airflow/example_dags/tutorial.py
[2025-04-28T10:15:58.761+0000] {logging_mixin.py:188} INFO - [2025-04-28T10:15:58.761+0000] {dag.py:3033} INFO - Sync 1 DAGs
[2025-04-28T10:15:58.794+0000] {logging_mixin.py:188} INFO - [2025-04-28T10:15:58.793+0000] {dag.py:3820} INFO - Setting next_dagrun for tutorial to 2025-04-27T00:00:00+00:00, run_after=2025-04-28T00:00:00+00:00
[2025-04-28T10:15:58.823+0000] {processor.py:183} INFO - Processing /home/airflow/.local/lib/python3.8/site-packages/airflow/example_dags/tutorial.py took 0.121 seconds
[2025-04-28T10:16:30.694+0000] {processor.py:161} INFO - Started process (PID=1480) to work on /home/airflow/.local/lib/python3.8/site-packages/airflow/example_dags/tutorial.py
[2025-04-28T10:16:30.695+0000] {processor.py:830} INFO - Processing file /home/airflow/.local/lib/python3.8/site-packages/airflow/example_dags/tutorial.py for tasks to queue
[2025-04-28T10:16:30.698+0000] {logging_mixin.py:188} INFO - [2025-04-28T10:16:30.698+0000] {dagbag.py:538} INFO - Filling up the DagBag from /home/airflow/.local/lib/python3.8/site-packages/airflow/example_dags/tutorial.py
[2025-04-28T10:16:30.707+0000] {processor.py:840} INFO - DAG(s) 'tutorial' retrieved from /home/airflow/.local/lib/python3.8/site-packages/airflow/example_dags/tutorial.py
[2025-04-28T10:16:30.738+0000] {logging_mixin.py:188} INFO - [2025-04-28T10:16:30.738+0000] {dag.py:3033} INFO - Sync 1 DAGs
[2025-04-28T10:16:30.794+0000] {logging_mixin.py:188} INFO - [2025-04-28T10:16:30.793+0000] {dag.py:3820} INFO - Setting next_dagrun for tutorial to 2025-04-27T00:00:00+00:00, run_after=2025-04-28T00:00:00+00:00
[2025-04-28T10:16:30.848+0000] {processor.py:183} INFO - Processing /home/airflow/.local/lib/python3.8/site-packages/airflow/example_dags/tutorial.py took 0.159 seconds
[2025-04-28T10:17:09.535+0000] {processor.py:161} INFO - Started process (PID=1536) to work on /home/airflow/.local/lib/python3.8/site-packages/airflow/example_dags/tutorial.py
[2025-04-28T10:17:09.540+0000] {processor.py:830} INFO - Processing file /home/airflow/.local/lib/python3.8/site-packages/airflow/example_dags/tutorial.py for tasks to queue
[2025-04-28T10:17:09.547+0000] {logging_mixin.py:188} INFO - [2025-04-28T10:17:09.546+0000] {dagbag.py:538} INFO - Filling up the DagBag from /home/airflow/.local/lib/python3.8/site-packages/airflow/example_dags/tutorial.py
[2025-04-28T10:17:09.584+0000] {processor.py:840} INFO - DAG(s) 'tutorial' retrieved from /home/airflow/.local/lib/python3.8/site-packages/airflow/example_dags/tutorial.py
[2025-04-28T10:17:09.685+0000] {logging_mixin.py:188} INFO - [2025-04-28T10:17:09.678+0000] {dag.py:3033} INFO - Sync 1 DAGs
[2025-04-28T10:17:09.829+0000] {logging_mixin.py:188} INFO - [2025-04-28T10:17:09.829+0000] {dag.py:3820} INFO - Setting next_dagrun for tutorial to 2025-04-27T00:00:00+00:00, run_after=2025-04-28T00:00:00+00:00
[2025-04-28T10:17:10.003+0000] {processor.py:183} INFO - Processing /home/airflow/.local/lib/python3.8/site-packages/airflow/example_dags/tutorial.py took 0.486 seconds
[2025-04-28T10:17:40.122+0000] {processor.py:161} INFO - Started process (PID=1592) to work on /home/airflow/.local/lib/python3.8/site-packages/airflow/example_dags/tutorial.py
[2025-04-28T10:17:40.127+0000] {processor.py:830} INFO - Processing file /home/airflow/.local/lib/python3.8/site-packages/airflow/example_dags/tutorial.py for tasks to queue
[2025-04-28T10:17:40.139+0000] {logging_mixin.py:188} INFO - [2025-04-28T10:17:40.138+0000] {dagbag.py:538} INFO - Filling up the DagBag from /home/airflow/.local/lib/python3.8/site-packages/airflow/example_dags/tutorial.py
[2025-04-28T10:17:40.162+0000] {processor.py:840} INFO - DAG(s) 'tutorial' retrieved from /home/airflow/.local/lib/python3.8/site-packages/airflow/example_dags/tutorial.py
[2025-04-28T10:17:40.265+0000] {logging_mixin.py:188} INFO - [2025-04-28T10:17:40.265+0000] {dag.py:3033} INFO - Sync 1 DAGs
[2025-04-28T10:17:40.358+0000] {logging_mixin.py:188} INFO - [2025-04-28T10:17:40.357+0000] {dag.py:3820} INFO - Setting next_dagrun for tutorial to 2025-04-27T00:00:00+00:00, run_after=2025-04-28T00:00:00+00:00
[2025-04-28T10:17:40.429+0000] {processor.py:183} INFO - Processing /home/airflow/.local/lib/python3.8/site-packages/airflow/example_dags/tutorial.py took 0.319 seconds
[2025-04-28T10:18:12.132+0000] {processor.py:161} INFO - Started process (PID=1648) to work on /home/airflow/.local/lib/python3.8/site-packages/airflow/example_dags/tutorial.py
[2025-04-28T10:18:12.139+0000] {processor.py:830} INFO - Processing file /home/airflow/.local/lib/python3.8/site-packages/airflow/example_dags/tutorial.py for tasks to queue
[2025-04-28T10:18:12.146+0000] {logging_mixin.py:188} INFO - [2025-04-28T10:18:12.145+0000] {dagbag.py:538} INFO - Filling up the DagBag from /home/airflow/.local/lib/python3.8/site-packages/airflow/example_dags/tutorial.py
[2025-04-28T10:18:12.169+0000] {processor.py:840} INFO - DAG(s) 'tutorial' retrieved from /home/airflow/.local/lib/python3.8/site-packages/airflow/example_dags/tutorial.py
[2025-04-28T10:18:12.243+0000] {logging_mixin.py:188} INFO - [2025-04-28T10:18:12.242+0000] {dag.py:3033} INFO - Sync 1 DAGs
[2025-04-28T10:18:12.346+0000] {logging_mixin.py:188} INFO - [2025-04-28T10:18:12.345+0000] {dag.py:3820} INFO - Setting next_dagrun for tutorial to 2025-04-27T00:00:00+00:00, run_after=2025-04-28T00:00:00+00:00
[2025-04-28T10:18:12.412+0000] {processor.py:183} INFO - Processing /home/airflow/.local/lib/python3.8/site-packages/airflow/example_dags/tutorial.py took 0.286 seconds
[2025-04-28T10:18:42.734+0000] {processor.py:161} INFO - Started process (PID=1704) to work on /home/airflow/.local/lib/python3.8/site-packages/airflow/example_dags/tutorial.py
[2025-04-28T10:18:42.735+0000] {processor.py:830} INFO - Processing file /home/airflow/.local/lib/python3.8/site-packages/airflow/example_dags/tutorial.py for tasks to queue
[2025-04-28T10:18:42.738+0000] {logging_mixin.py:188} INFO - [2025-04-28T10:18:42.738+0000] {dagbag.py:538} INFO - Filling up the DagBag from /home/airflow/.local/lib/python3.8/site-packages/airflow/example_dags/tutorial.py
[2025-04-28T10:18:42.747+0000] {processor.py:840} INFO - DAG(s) 'tutorial' retrieved from /home/airflow/.local/lib/python3.8/site-packages/airflow/example_dags/tutorial.py
[2025-04-28T10:18:42.790+0000] {logging_mixin.py:188} INFO - [2025-04-28T10:18:42.790+0000] {dag.py:3033} INFO - Sync 1 DAGs
[2025-04-28T10:18:42.849+0000] {logging_mixin.py:188} INFO - [2025-04-28T10:18:42.848+0000] {dag.py:3820} INFO - Setting next_dagrun for tutorial to 2025-04-27T00:00:00+00:00, run_after=2025-04-28T00:00:00+00:00
[2025-04-28T10:18:42.907+0000] {processor.py:183} INFO - Processing /home/airflow/.local/lib/python3.8/site-packages/airflow/example_dags/tutorial.py took 0.177 seconds
[2025-04-28T10:19:15.252+0000] {processor.py:161} INFO - Started process (PID=1760) to work on /home/airflow/.local/lib/python3.8/site-packages/airflow/example_dags/tutorial.py
[2025-04-28T10:19:15.253+0000] {processor.py:830} INFO - Processing file /home/airflow/.local/lib/python3.8/site-packages/airflow/example_dags/tutorial.py for tasks to queue
[2025-04-28T10:19:15.257+0000] {logging_mixin.py:188} INFO - [2025-04-28T10:19:15.257+0000] {dagbag.py:538} INFO - Filling up the DagBag from /home/airflow/.local/lib/python3.8/site-packages/airflow/example_dags/tutorial.py
[2025-04-28T10:19:15.270+0000] {processor.py:840} INFO - DAG(s) 'tutorial' retrieved from /home/airflow/.local/lib/python3.8/site-packages/airflow/example_dags/tutorial.py
[2025-04-28T10:19:15.311+0000] {logging_mixin.py:188} INFO - [2025-04-28T10:19:15.311+0000] {dag.py:3033} INFO - Sync 1 DAGs
[2025-04-28T10:19:15.350+0000] {logging_mixin.py:188} INFO - [2025-04-28T10:19:15.350+0000] {dag.py:3820} INFO - Setting next_dagrun for tutorial to 2025-04-27T00:00:00+00:00, run_after=2025-04-28T00:00:00+00:00
[2025-04-28T10:19:15.386+0000] {processor.py:183} INFO - Processing /home/airflow/.local/lib/python3.8/site-packages/airflow/example_dags/tutorial.py took 0.141 seconds
[2025-04-28T10:19:47.687+0000] {processor.py:161} INFO - Started process (PID=1820) to work on /home/airflow/.local/lib/python3.8/site-packages/airflow/example_dags/tutorial.py
[2025-04-28T10:19:47.689+0000] {processor.py:830} INFO - Processing file /home/airflow/.local/lib/python3.8/site-packages/airflow/example_dags/tutorial.py for tasks to queue
[2025-04-28T10:19:47.693+0000] {logging_mixin.py:188} INFO - [2025-04-28T10:19:47.693+0000] {dagbag.py:538} INFO - Filling up the DagBag from /home/airflow/.local/lib/python3.8/site-packages/airflow/example_dags/tutorial.py
[2025-04-28T10:19:47.702+0000] {processor.py:840} INFO - DAG(s) 'tutorial' retrieved from /home/airflow/.local/lib/python3.8/site-packages/airflow/example_dags/tutorial.py
[2025-04-28T10:19:47.736+0000] {logging_mixin.py:188} INFO - [2025-04-28T10:19:47.736+0000] {dag.py:3033} INFO - Sync 1 DAGs
[2025-04-28T10:19:47.772+0000] {logging_mixin.py:188} INFO - [2025-04-28T10:19:47.771+0000] {dag.py:3820} INFO - Setting next_dagrun for tutorial to 2025-04-27T00:00:00+00:00, run_after=2025-04-28T00:00:00+00:00
[2025-04-28T10:19:47.807+0000] {processor.py:183} INFO - Processing /home/airflow/.local/lib/python3.8/site-packages/airflow/example_dags/tutorial.py took 0.125 seconds
[2025-04-28T10:20:20.321+0000] {processor.py:161} INFO - Started process (PID=1876) to work on /home/airflow/.local/lib/python3.8/site-packages/airflow/example_dags/tutorial.py
[2025-04-28T10:20:20.323+0000] {processor.py:830} INFO - Processing file /home/airflow/.local/lib/python3.8/site-packages/airflow/example_dags/tutorial.py for tasks to queue
[2025-04-28T10:20:20.327+0000] {logging_mixin.py:188} INFO - [2025-04-28T10:20:20.326+0000] {dagbag.py:538} INFO - Filling up the DagBag from /home/airflow/.local/lib/python3.8/site-packages/airflow/example_dags/tutorial.py
[2025-04-28T10:20:20.338+0000] {processor.py:840} INFO - DAG(s) 'tutorial' retrieved from /home/airflow/.local/lib/python3.8/site-packages/airflow/example_dags/tutorial.py
[2025-04-28T10:20:20.384+0000] {logging_mixin.py:188} INFO - [2025-04-28T10:20:20.383+0000] {dag.py:3033} INFO - Sync 1 DAGs
[2025-04-28T10:20:20.437+0000] {logging_mixin.py:188} INFO - [2025-04-28T10:20:20.437+0000] {dag.py:3820} INFO - Setting next_dagrun for tutorial to 2025-04-27T00:00:00+00:00, run_after=2025-04-28T00:00:00+00:00
[2025-04-28T10:20:20.478+0000] {processor.py:183} INFO - Processing /home/airflow/.local/lib/python3.8/site-packages/airflow/example_dags/tutorial.py took 0.161 seconds
[2025-04-28T10:20:50.838+0000] {processor.py:161} INFO - Started process (PID=1933) to work on /home/airflow/.local/lib/python3.8/site-packages/airflow/example_dags/tutorial.py
[2025-04-28T10:20:50.839+0000] {processor.py:830} INFO - Processing file /home/airflow/.local/lib/python3.8/site-packages/airflow/example_dags/tutorial.py for tasks to queue
[2025-04-28T10:20:50.847+0000] {logging_mixin.py:188} INFO - [2025-04-28T10:20:50.845+0000] {dagbag.py:538} INFO - Filling up the DagBag from /home/airflow/.local/lib/python3.8/site-packages/airflow/example_dags/tutorial.py
[2025-04-28T10:20:50.859+0000] {processor.py:840} INFO - DAG(s) 'tutorial' retrieved from /home/airflow/.local/lib/python3.8/site-packages/airflow/example_dags/tutorial.py
[2025-04-28T10:20:50.890+0000] {logging_mixin.py:188} INFO - [2025-04-28T10:20:50.890+0000] {dag.py:3033} INFO - Sync 1 DAGs
[2025-04-28T10:20:50.933+0000] {logging_mixin.py:188} INFO - [2025-04-28T10:20:50.932+0000] {dag.py:3820} INFO - Setting next_dagrun for tutorial to 2025-04-27T00:00:00+00:00, run_after=2025-04-28T00:00:00+00:00
[2025-04-28T10:20:50.971+0000] {processor.py:183} INFO - Processing /home/airflow/.local/lib/python3.8/site-packages/airflow/example_dags/tutorial.py took 0.138 seconds
[2025-04-28T10:21:27.810+0000] {processor.py:161} INFO - Started process (PID=1992) to work on /home/airflow/.local/lib/python3.8/site-packages/airflow/example_dags/tutorial.py
[2025-04-28T10:21:27.811+0000] {processor.py:830} INFO - Processing file /home/airflow/.local/lib/python3.8/site-packages/airflow/example_dags/tutorial.py for tasks to queue
[2025-04-28T10:21:27.815+0000] {logging_mixin.py:188} INFO - [2025-04-28T10:21:27.815+0000] {dagbag.py:538} INFO - Filling up the DagBag from /home/airflow/.local/lib/python3.8/site-packages/airflow/example_dags/tutorial.py
[2025-04-28T10:21:27.835+0000] {processor.py:840} INFO - DAG(s) 'tutorial' retrieved from /home/airflow/.local/lib/python3.8/site-packages/airflow/example_dags/tutorial.py
[2025-04-28T10:21:27.881+0000] {logging_mixin.py:188} INFO - [2025-04-28T10:21:27.881+0000] {dag.py:3033} INFO - Sync 1 DAGs
[2025-04-28T10:21:27.941+0000] {logging_mixin.py:188} INFO - [2025-04-28T10:21:27.940+0000] {dag.py:3820} INFO - Setting next_dagrun for tutorial to 2025-04-27T00:00:00+00:00, run_after=2025-04-28T00:00:00+00:00
[2025-04-28T10:21:27.990+0000] {processor.py:183} INFO - Processing /home/airflow/.local/lib/python3.8/site-packages/airflow/example_dags/tutorial.py took 0.192 seconds
[2025-04-28T10:21:58.722+0000] {processor.py:161} INFO - Started process (PID=2048) to work on /home/airflow/.local/lib/python3.8/site-packages/airflow/example_dags/tutorial.py
[2025-04-28T10:21:58.724+0000] {processor.py:830} INFO - Processing file /home/airflow/.local/lib/python3.8/site-packages/airflow/example_dags/tutorial.py for tasks to queue
[2025-04-28T10:21:58.727+0000] {logging_mixin.py:188} INFO - [2025-04-28T10:21:58.727+0000] {dagbag.py:538} INFO - Filling up the DagBag from /home/airflow/.local/lib/python3.8/site-packages/airflow/example_dags/tutorial.py
[2025-04-28T10:21:58.739+0000] {processor.py:840} INFO - DAG(s) 'tutorial' retrieved from /home/airflow/.local/lib/python3.8/site-packages/airflow/example_dags/tutorial.py
[2025-04-28T10:21:58.779+0000] {logging_mixin.py:188} INFO - [2025-04-28T10:21:58.779+0000] {dag.py:3033} INFO - Sync 1 DAGs
[2025-04-28T10:21:58.813+0000] {logging_mixin.py:188} INFO - [2025-04-28T10:21:58.813+0000] {dag.py:3820} INFO - Setting next_dagrun for tutorial to 2025-04-27T00:00:00+00:00, run_after=2025-04-28T00:00:00+00:00
[2025-04-28T10:21:59.005+0000] {processor.py:183} INFO - Processing /home/airflow/.local/lib/python3.8/site-packages/airflow/example_dags/tutorial.py took 0.288 seconds
[2025-04-28T10:22:29.145+0000] {processor.py:161} INFO - Started process (PID=2105) to work on /home/airflow/.local/lib/python3.8/site-packages/airflow/example_dags/tutorial.py
[2025-04-28T10:22:29.146+0000] {processor.py:830} INFO - Processing file /home/airflow/.local/lib/python3.8/site-packages/airflow/example_dags/tutorial.py for tasks to queue
[2025-04-28T10:22:29.151+0000] {logging_mixin.py:188} INFO - [2025-04-28T10:22:29.150+0000] {dagbag.py:538} INFO - Filling up the DagBag from /home/airflow/.local/lib/python3.8/site-packages/airflow/example_dags/tutorial.py
[2025-04-28T10:22:29.162+0000] {processor.py:840} INFO - DAG(s) 'tutorial' retrieved from /home/airflow/.local/lib/python3.8/site-packages/airflow/example_dags/tutorial.py
[2025-04-28T10:22:29.196+0000] {logging_mixin.py:188} INFO - [2025-04-28T10:22:29.196+0000] {dag.py:3033} INFO - Sync 1 DAGs
[2025-04-28T10:22:29.230+0000] {logging_mixin.py:188} INFO - [2025-04-28T10:22:29.229+0000] {dag.py:3820} INFO - Setting next_dagrun for tutorial to 2025-04-27T00:00:00+00:00, run_after=2025-04-28T00:00:00+00:00
[2025-04-28T10:22:29.261+0000] {processor.py:183} INFO - Processing /home/airflow/.local/lib/python3.8/site-packages/airflow/example_dags/tutorial.py took 0.123 seconds
[2025-04-28T10:23:00.327+0000] {processor.py:161} INFO - Started process (PID=2161) to work on /home/airflow/.local/lib/python3.8/site-packages/airflow/example_dags/tutorial.py
[2025-04-28T10:23:00.329+0000] {processor.py:830} INFO - Processing file /home/airflow/.local/lib/python3.8/site-packages/airflow/example_dags/tutorial.py for tasks to queue
[2025-04-28T10:23:00.332+0000] {logging_mixin.py:188} INFO - [2025-04-28T10:23:00.332+0000] {dagbag.py:538} INFO - Filling up the DagBag from /home/airflow/.local/lib/python3.8/site-packages/airflow/example_dags/tutorial.py
[2025-04-28T10:23:00.341+0000] {processor.py:840} INFO - DAG(s) 'tutorial' retrieved from /home/airflow/.local/lib/python3.8/site-packages/airflow/example_dags/tutorial.py
[2025-04-28T10:23:00.375+0000] {logging_mixin.py:188} INFO - [2025-04-28T10:23:00.375+0000] {dag.py:3033} INFO - Sync 1 DAGs
[2025-04-28T10:23:00.414+0000] {logging_mixin.py:188} INFO - [2025-04-28T10:23:00.414+0000] {dag.py:3820} INFO - Setting next_dagrun for tutorial to 2025-04-27T00:00:00+00:00, run_after=2025-04-28T00:00:00+00:00
[2025-04-28T10:23:00.445+0000] {processor.py:183} INFO - Processing /home/airflow/.local/lib/python3.8/site-packages/airflow/example_dags/tutorial.py took 0.123 seconds
[2025-04-28T10:23:34.658+0000] {processor.py:161} INFO - Started process (PID=2224) to work on /home/airflow/.local/lib/python3.8/site-packages/airflow/example_dags/tutorial.py
[2025-04-28T10:23:34.659+0000] {processor.py:830} INFO - Processing file /home/airflow/.local/lib/python3.8/site-packages/airflow/example_dags/tutorial.py for tasks to queue
[2025-04-28T10:23:34.663+0000] {logging_mixin.py:188} INFO - [2025-04-28T10:23:34.662+0000] {dagbag.py:538} INFO - Filling up the DagBag from /home/airflow/.local/lib/python3.8/site-packages/airflow/example_dags/tutorial.py
[2025-04-28T10:23:34.674+0000] {processor.py:840} INFO - DAG(s) 'tutorial' retrieved from /home/airflow/.local/lib/python3.8/site-packages/airflow/example_dags/tutorial.py
[2025-04-28T10:23:34.706+0000] {logging_mixin.py:188} INFO - [2025-04-28T10:23:34.706+0000] {dag.py:3033} INFO - Sync 1 DAGs
[2025-04-28T10:23:35.204+0000] {logging_mixin.py:188} INFO - [2025-04-28T10:23:35.203+0000] {dag.py:3820} INFO - Setting next_dagrun for tutorial to 2025-04-27T00:00:00+00:00, run_after=2025-04-28T00:00:00+00:00
[2025-04-28T10:23:35.282+0000] {processor.py:183} INFO - Processing /home/airflow/.local/lib/python3.8/site-packages/airflow/example_dags/tutorial.py took 0.629 seconds
[2025-04-28T10:24:05.458+0000] {processor.py:161} INFO - Started process (PID=2280) to work on /home/airflow/.local/lib/python3.8/site-packages/airflow/example_dags/tutorial.py
[2025-04-28T10:24:05.459+0000] {processor.py:830} INFO - Processing file /home/airflow/.local/lib/python3.8/site-packages/airflow/example_dags/tutorial.py for tasks to queue
[2025-04-28T10:24:05.463+0000] {logging_mixin.py:188} INFO - [2025-04-28T10:24:05.463+0000] {dagbag.py:538} INFO - Filling up the DagBag from /home/airflow/.local/lib/python3.8/site-packages/airflow/example_dags/tutorial.py
[2025-04-28T10:24:05.472+0000] {processor.py:840} INFO - DAG(s) 'tutorial' retrieved from /home/airflow/.local/lib/python3.8/site-packages/airflow/example_dags/tutorial.py
[2025-04-28T10:24:05.508+0000] {logging_mixin.py:188} INFO - [2025-04-28T10:24:05.508+0000] {dag.py:3033} INFO - Sync 1 DAGs
[2025-04-28T10:24:05.539+0000] {logging_mixin.py:188} INFO - [2025-04-28T10:24:05.539+0000] {dag.py:3820} INFO - Setting next_dagrun for tutorial to 2025-04-27T00:00:00+00:00, run_after=2025-04-28T00:00:00+00:00
[2025-04-28T10:24:05.587+0000] {processor.py:183} INFO - Processing /home/airflow/.local/lib/python3.8/site-packages/airflow/example_dags/tutorial.py took 0.137 seconds
[2025-04-28T10:24:40.598+0000] {processor.py:161} INFO - Started process (PID=2337) to work on /home/airflow/.local/lib/python3.8/site-packages/airflow/example_dags/tutorial.py
[2025-04-28T10:24:40.601+0000] {processor.py:830} INFO - Processing file /home/airflow/.local/lib/python3.8/site-packages/airflow/example_dags/tutorial.py for tasks to queue
[2025-04-28T10:24:40.605+0000] {logging_mixin.py:188} INFO - [2025-04-28T10:24:40.604+0000] {dagbag.py:538} INFO - Filling up the DagBag from /home/airflow/.local/lib/python3.8/site-packages/airflow/example_dags/tutorial.py
[2025-04-28T10:24:40.619+0000] {processor.py:840} INFO - DAG(s) 'tutorial' retrieved from /home/airflow/.local/lib/python3.8/site-packages/airflow/example_dags/tutorial.py
[2025-04-28T10:24:40.678+0000] {logging_mixin.py:188} INFO - [2025-04-28T10:24:40.678+0000] {dag.py:3033} INFO - Sync 1 DAGs
[2025-04-28T10:24:40.723+0000] {logging_mixin.py:188} INFO - [2025-04-28T10:24:40.723+0000] {dag.py:3820} INFO - Setting next_dagrun for tutorial to 2025-04-27T00:00:00+00:00, run_after=2025-04-28T00:00:00+00:00
[2025-04-28T10:24:40.759+0000] {processor.py:183} INFO - Processing /home/airflow/.local/lib/python3.8/site-packages/airflow/example_dags/tutorial.py took 0.166 seconds
[2025-04-28T10:25:14.887+0000] {processor.py:161} INFO - Started process (PID=2393) to work on /home/airflow/.local/lib/python3.8/site-packages/airflow/example_dags/tutorial.py
[2025-04-28T10:25:14.889+0000] {processor.py:830} INFO - Processing file /home/airflow/.local/lib/python3.8/site-packages/airflow/example_dags/tutorial.py for tasks to queue
[2025-04-28T10:25:14.893+0000] {logging_mixin.py:188} INFO - [2025-04-28T10:25:14.893+0000] {dagbag.py:538} INFO - Filling up the DagBag from /home/airflow/.local/lib/python3.8/site-packages/airflow/example_dags/tutorial.py
[2025-04-28T10:25:14.907+0000] {processor.py:840} INFO - DAG(s) 'tutorial' retrieved from /home/airflow/.local/lib/python3.8/site-packages/airflow/example_dags/tutorial.py
[2025-04-28T10:25:14.964+0000] {logging_mixin.py:188} INFO - [2025-04-28T10:25:14.964+0000] {dag.py:3033} INFO - Sync 1 DAGs
[2025-04-28T10:25:15.207+0000] {logging_mixin.py:188} INFO - [2025-04-28T10:25:15.207+0000] {dag.py:3820} INFO - Setting next_dagrun for tutorial to 2025-04-27T00:00:00+00:00, run_after=2025-04-28T00:00:00+00:00
[2025-04-28T10:25:15.240+0000] {processor.py:183} INFO - Processing /home/airflow/.local/lib/python3.8/site-packages/airflow/example_dags/tutorial.py took 0.358 seconds
[2025-04-28T10:25:45.503+0000] {processor.py:161} INFO - Started process (PID=2449) to work on /home/airflow/.local/lib/python3.8/site-packages/airflow/example_dags/tutorial.py
[2025-04-28T10:25:45.509+0000] {processor.py:830} INFO - Processing file /home/airflow/.local/lib/python3.8/site-packages/airflow/example_dags/tutorial.py for tasks to queue
[2025-04-28T10:25:45.517+0000] {logging_mixin.py:188} INFO - [2025-04-28T10:25:45.516+0000] {dagbag.py:538} INFO - Filling up the DagBag from /home/airflow/.local/lib/python3.8/site-packages/airflow/example_dags/tutorial.py
[2025-04-28T10:25:45.529+0000] {processor.py:840} INFO - DAG(s) 'tutorial' retrieved from /home/airflow/.local/lib/python3.8/site-packages/airflow/example_dags/tutorial.py
[2025-04-28T10:25:45.561+0000] {logging_mixin.py:188} INFO - [2025-04-28T10:25:45.561+0000] {dag.py:3033} INFO - Sync 1 DAGs
[2025-04-28T10:25:45.612+0000] {logging_mixin.py:188} INFO - [2025-04-28T10:25:45.612+0000] {dag.py:3820} INFO - Setting next_dagrun for tutorial to 2025-04-27T00:00:00+00:00, run_after=2025-04-28T00:00:00+00:00
[2025-04-28T10:25:45.650+0000] {processor.py:183} INFO - Processing /home/airflow/.local/lib/python3.8/site-packages/airflow/example_dags/tutorial.py took 0.155 seconds
[2025-04-28T10:26:19.047+0000] {processor.py:161} INFO - Started process (PID=2505) to work on /home/airflow/.local/lib/python3.8/site-packages/airflow/example_dags/tutorial.py
[2025-04-28T10:26:19.050+0000] {processor.py:830} INFO - Processing file /home/airflow/.local/lib/python3.8/site-packages/airflow/example_dags/tutorial.py for tasks to queue
[2025-04-28T10:26:19.055+0000] {logging_mixin.py:188} INFO - [2025-04-28T10:26:19.054+0000] {dagbag.py:538} INFO - Filling up the DagBag from /home/airflow/.local/lib/python3.8/site-packages/airflow/example_dags/tutorial.py
[2025-04-28T10:26:19.273+0000] {processor.py:840} INFO - DAG(s) 'tutorial' retrieved from /home/airflow/.local/lib/python3.8/site-packages/airflow/example_dags/tutorial.py
[2025-04-28T10:26:19.305+0000] {logging_mixin.py:188} INFO - [2025-04-28T10:26:19.305+0000] {dag.py:3033} INFO - Sync 1 DAGs
[2025-04-28T10:26:19.350+0000] {logging_mixin.py:188} INFO - [2025-04-28T10:26:19.350+0000] {dag.py:3820} INFO - Setting next_dagrun for tutorial to 2025-04-27T00:00:00+00:00, run_after=2025-04-28T00:00:00+00:00
[2025-04-28T10:26:19.388+0000] {processor.py:183} INFO - Processing /home/airflow/.local/lib/python3.8/site-packages/airflow/example_dags/tutorial.py took 0.346 seconds
[2025-04-28T10:28:41.129+0000] {processor.py:161} INFO - Started process (PID=97) to work on /home/airflow/.local/lib/python3.8/site-packages/airflow/example_dags/tutorial.py
[2025-04-28T10:28:41.131+0000] {processor.py:830} INFO - Processing file /home/airflow/.local/lib/python3.8/site-packages/airflow/example_dags/tutorial.py for tasks to queue
[2025-04-28T10:28:41.141+0000] {logging_mixin.py:188} INFO - [2025-04-28T10:28:41.141+0000] {dagbag.py:538} INFO - Filling up the DagBag from /home/airflow/.local/lib/python3.8/site-packages/airflow/example_dags/tutorial.py
[2025-04-28T10:28:41.160+0000] {processor.py:840} INFO - DAG(s) 'tutorial' retrieved from /home/airflow/.local/lib/python3.8/site-packages/airflow/example_dags/tutorial.py
[2025-04-28T10:28:41.461+0000] {logging_mixin.py:188} INFO - [2025-04-28T10:28:41.461+0000] {dag.py:3033} INFO - Sync 1 DAGs
[2025-04-28T10:28:41.511+0000] {logging_mixin.py:188} INFO - [2025-04-28T10:28:41.510+0000] {dag.py:3820} INFO - Setting next_dagrun for tutorial to 2025-04-27T00:00:00+00:00, run_after=2025-04-28T00:00:00+00:00
[2025-04-28T10:28:41.569+0000] {processor.py:183} INFO - Processing /home/airflow/.local/lib/python3.8/site-packages/airflow/example_dags/tutorial.py took 0.453 seconds
[2025-04-28T10:29:12.095+0000] {processor.py:161} INFO - Started process (PID=152) to work on /home/airflow/.local/lib/python3.8/site-packages/airflow/example_dags/tutorial.py
[2025-04-28T10:29:12.096+0000] {processor.py:830} INFO - Processing file /home/airflow/.local/lib/python3.8/site-packages/airflow/example_dags/tutorial.py for tasks to queue
[2025-04-28T10:29:12.102+0000] {logging_mixin.py:188} INFO - [2025-04-28T10:29:12.101+0000] {dagbag.py:538} INFO - Filling up the DagBag from /home/airflow/.local/lib/python3.8/site-packages/airflow/example_dags/tutorial.py
[2025-04-28T10:29:12.112+0000] {processor.py:840} INFO - DAG(s) 'tutorial' retrieved from /home/airflow/.local/lib/python3.8/site-packages/airflow/example_dags/tutorial.py
[2025-04-28T10:29:12.162+0000] {logging_mixin.py:188} INFO - [2025-04-28T10:29:12.162+0000] {dag.py:3033} INFO - Sync 1 DAGs
[2025-04-28T10:29:12.207+0000] {logging_mixin.py:188} INFO - [2025-04-28T10:29:12.207+0000] {dag.py:3820} INFO - Setting next_dagrun for tutorial to 2025-04-27T00:00:00+00:00, run_after=2025-04-28T00:00:00+00:00
[2025-04-28T10:29:12.241+0000] {processor.py:183} INFO - Processing /home/airflow/.local/lib/python3.8/site-packages/airflow/example_dags/tutorial.py took 0.151 seconds
[2025-04-28T10:29:42.789+0000] {processor.py:161} INFO - Started process (PID=208) to work on /home/airflow/.local/lib/python3.8/site-packages/airflow/example_dags/tutorial.py
[2025-04-28T10:29:42.791+0000] {processor.py:830} INFO - Processing file /home/airflow/.local/lib/python3.8/site-packages/airflow/example_dags/tutorial.py for tasks to queue
[2025-04-28T10:29:42.795+0000] {logging_mixin.py:188} INFO - [2025-04-28T10:29:42.795+0000] {dagbag.py:538} INFO - Filling up the DagBag from /home/airflow/.local/lib/python3.8/site-packages/airflow/example_dags/tutorial.py
[2025-04-28T10:29:42.805+0000] {processor.py:840} INFO - DAG(s) 'tutorial' retrieved from /home/airflow/.local/lib/python3.8/site-packages/airflow/example_dags/tutorial.py
[2025-04-28T10:29:42.846+0000] {logging_mixin.py:188} INFO - [2025-04-28T10:29:42.846+0000] {dag.py:3033} INFO - Sync 1 DAGs
[2025-04-28T10:29:42.881+0000] {logging_mixin.py:188} INFO - [2025-04-28T10:29:42.881+0000] {dag.py:3820} INFO - Setting next_dagrun for tutorial to 2025-04-27T00:00:00+00:00, run_after=2025-04-28T00:00:00+00:00
[2025-04-28T10:29:42.936+0000] {processor.py:183} INFO - Processing /home/airflow/.local/lib/python3.8/site-packages/airflow/example_dags/tutorial.py took 0.151 seconds
[2025-04-28T10:30:13.751+0000] {processor.py:161} INFO - Started process (PID=264) to work on /home/airflow/.local/lib/python3.8/site-packages/airflow/example_dags/tutorial.py
[2025-04-28T10:30:13.752+0000] {processor.py:830} INFO - Processing file /home/airflow/.local/lib/python3.8/site-packages/airflow/example_dags/tutorial.py for tasks to queue
[2025-04-28T10:30:13.758+0000] {logging_mixin.py:188} INFO - [2025-04-28T10:30:13.757+0000] {dagbag.py:538} INFO - Filling up the DagBag from /home/airflow/.local/lib/python3.8/site-packages/airflow/example_dags/tutorial.py
[2025-04-28T10:30:13.768+0000] {processor.py:840} INFO - DAG(s) 'tutorial' retrieved from /home/airflow/.local/lib/python3.8/site-packages/airflow/example_dags/tutorial.py
[2025-04-28T10:30:13.816+0000] {logging_mixin.py:188} INFO - [2025-04-28T10:30:13.816+0000] {dag.py:3033} INFO - Sync 1 DAGs
[2025-04-28T10:30:13.854+0000] {logging_mixin.py:188} INFO - [2025-04-28T10:30:13.853+0000] {dag.py:3820} INFO - Setting next_dagrun for tutorial to 2025-04-27T00:00:00+00:00, run_after=2025-04-28T00:00:00+00:00
[2025-04-28T10:30:13.889+0000] {processor.py:183} INFO - Processing /home/airflow/.local/lib/python3.8/site-packages/airflow/example_dags/tutorial.py took 0.151 seconds
[2025-04-28T10:30:44.698+0000] {processor.py:161} INFO - Started process (PID=320) to work on /home/airflow/.local/lib/python3.8/site-packages/airflow/example_dags/tutorial.py
[2025-04-28T10:30:44.700+0000] {processor.py:830} INFO - Processing file /home/airflow/.local/lib/python3.8/site-packages/airflow/example_dags/tutorial.py for tasks to queue
[2025-04-28T10:30:44.706+0000] {logging_mixin.py:188} INFO - [2025-04-28T10:30:44.705+0000] {dagbag.py:538} INFO - Filling up the DagBag from /home/airflow/.local/lib/python3.8/site-packages/airflow/example_dags/tutorial.py
[2025-04-28T10:30:44.723+0000] {processor.py:840} INFO - DAG(s) 'tutorial' retrieved from /home/airflow/.local/lib/python3.8/site-packages/airflow/example_dags/tutorial.py
[2025-04-28T10:30:44.762+0000] {logging_mixin.py:188} INFO - [2025-04-28T10:30:44.761+0000] {dag.py:3033} INFO - Sync 1 DAGs
[2025-04-28T10:30:44.816+0000] {logging_mixin.py:188} INFO - [2025-04-28T10:30:44.816+0000] {dag.py:3820} INFO - Setting next_dagrun for tutorial to 2025-04-27T00:00:00+00:00, run_after=2025-04-28T00:00:00+00:00
[2025-04-28T10:30:44.852+0000] {processor.py:183} INFO - Processing /home/airflow/.local/lib/python3.8/site-packages/airflow/example_dags/tutorial.py took 0.159 seconds
[2025-04-28T10:31:15.477+0000] {processor.py:161} INFO - Started process (PID=376) to work on /home/airflow/.local/lib/python3.8/site-packages/airflow/example_dags/tutorial.py
[2025-04-28T10:31:15.478+0000] {processor.py:830} INFO - Processing file /home/airflow/.local/lib/python3.8/site-packages/airflow/example_dags/tutorial.py for tasks to queue
[2025-04-28T10:31:15.489+0000] {logging_mixin.py:188} INFO - [2025-04-28T10:31:15.484+0000] {dagbag.py:538} INFO - Filling up the DagBag from /home/airflow/.local/lib/python3.8/site-packages/airflow/example_dags/tutorial.py
[2025-04-28T10:31:15.514+0000] {processor.py:840} INFO - DAG(s) 'tutorial' retrieved from /home/airflow/.local/lib/python3.8/site-packages/airflow/example_dags/tutorial.py
[2025-04-28T10:31:15.586+0000] {logging_mixin.py:188} INFO - [2025-04-28T10:31:15.585+0000] {dag.py:3033} INFO - Sync 1 DAGs
[2025-04-28T10:31:15.659+0000] {logging_mixin.py:188} INFO - [2025-04-28T10:31:15.659+0000] {dag.py:3820} INFO - Setting next_dagrun for tutorial to 2025-04-27T00:00:00+00:00, run_after=2025-04-28T00:00:00+00:00
[2025-04-28T10:31:15.706+0000] {processor.py:183} INFO - Processing /home/airflow/.local/lib/python3.8/site-packages/airflow/example_dags/tutorial.py took 0.236 seconds
[2025-04-28T10:31:45.912+0000] {processor.py:161} INFO - Started process (PID=432) to work on /home/airflow/.local/lib/python3.8/site-packages/airflow/example_dags/tutorial.py
[2025-04-28T10:31:45.917+0000] {processor.py:830} INFO - Processing file /home/airflow/.local/lib/python3.8/site-packages/airflow/example_dags/tutorial.py for tasks to queue
[2025-04-28T10:31:45.921+0000] {logging_mixin.py:188} INFO - [2025-04-28T10:31:45.921+0000] {dagbag.py:538} INFO - Filling up the DagBag from /home/airflow/.local/lib/python3.8/site-packages/airflow/example_dags/tutorial.py
[2025-04-28T10:31:45.934+0000] {processor.py:840} INFO - DAG(s) 'tutorial' retrieved from /home/airflow/.local/lib/python3.8/site-packages/airflow/example_dags/tutorial.py
[2025-04-28T10:31:45.994+0000] {logging_mixin.py:188} INFO - [2025-04-28T10:31:45.994+0000] {dag.py:3033} INFO - Sync 1 DAGs
[2025-04-28T10:31:46.048+0000] {logging_mixin.py:188} INFO - [2025-04-28T10:31:46.048+0000] {dag.py:3820} INFO - Setting next_dagrun for tutorial to 2025-04-27T00:00:00+00:00, run_after=2025-04-28T00:00:00+00:00
[2025-04-28T10:31:46.093+0000] {processor.py:183} INFO - Processing /home/airflow/.local/lib/python3.8/site-packages/airflow/example_dags/tutorial.py took 0.188 seconds
[2025-04-28T10:32:16.794+0000] {processor.py:161} INFO - Started process (PID=488) to work on /home/airflow/.local/lib/python3.8/site-packages/airflow/example_dags/tutorial.py
[2025-04-28T10:32:16.796+0000] {processor.py:830} INFO - Processing file /home/airflow/.local/lib/python3.8/site-packages/airflow/example_dags/tutorial.py for tasks to queue
[2025-04-28T10:32:16.801+0000] {logging_mixin.py:188} INFO - [2025-04-28T10:32:16.801+0000] {dagbag.py:538} INFO - Filling up the DagBag from /home/airflow/.local/lib/python3.8/site-packages/airflow/example_dags/tutorial.py
[2025-04-28T10:32:16.813+0000] {processor.py:840} INFO - DAG(s) 'tutorial' retrieved from /home/airflow/.local/lib/python3.8/site-packages/airflow/example_dags/tutorial.py
[2025-04-28T10:32:16.869+0000] {logging_mixin.py:188} INFO - [2025-04-28T10:32:16.869+0000] {dag.py:3033} INFO - Sync 1 DAGs
[2025-04-28T10:32:16.981+0000] {logging_mixin.py:188} INFO - [2025-04-28T10:32:16.981+0000] {dag.py:3820} INFO - Setting next_dagrun for tutorial to 2025-04-27T00:00:00+00:00, run_after=2025-04-28T00:00:00+00:00
[2025-04-28T10:32:17.095+0000] {processor.py:183} INFO - Processing /home/airflow/.local/lib/python3.8/site-packages/airflow/example_dags/tutorial.py took 0.307 seconds
[2025-04-28T10:32:49.329+0000] {processor.py:161} INFO - Started process (PID=544) to work on /home/airflow/.local/lib/python3.8/site-packages/airflow/example_dags/tutorial.py
[2025-04-28T10:32:49.331+0000] {processor.py:830} INFO - Processing file /home/airflow/.local/lib/python3.8/site-packages/airflow/example_dags/tutorial.py for tasks to queue
[2025-04-28T10:32:49.334+0000] {logging_mixin.py:188} INFO - [2025-04-28T10:32:49.334+0000] {dagbag.py:538} INFO - Filling up the DagBag from /home/airflow/.local/lib/python3.8/site-packages/airflow/example_dags/tutorial.py
[2025-04-28T10:32:49.345+0000] {processor.py:840} INFO - DAG(s) 'tutorial' retrieved from /home/airflow/.local/lib/python3.8/site-packages/airflow/example_dags/tutorial.py
[2025-04-28T10:32:49.393+0000] {logging_mixin.py:188} INFO - [2025-04-28T10:32:49.391+0000] {dag.py:3033} INFO - Sync 1 DAGs
[2025-04-28T10:32:49.466+0000] {logging_mixin.py:188} INFO - [2025-04-28T10:32:49.466+0000] {dag.py:3820} INFO - Setting next_dagrun for tutorial to 2025-04-27T00:00:00+00:00, run_after=2025-04-28T00:00:00+00:00
[2025-04-28T10:32:49.497+0000] {processor.py:183} INFO - Processing /home/airflow/.local/lib/python3.8/site-packages/airflow/example_dags/tutorial.py took 0.174 seconds
[2025-04-28T10:33:22.956+0000] {processor.py:161} INFO - Started process (PID=600) to work on /home/airflow/.local/lib/python3.8/site-packages/airflow/example_dags/tutorial.py
[2025-04-28T10:33:22.961+0000] {processor.py:830} INFO - Processing file /home/airflow/.local/lib/python3.8/site-packages/airflow/example_dags/tutorial.py for tasks to queue
[2025-04-28T10:33:22.965+0000] {logging_mixin.py:188} INFO - [2025-04-28T10:33:22.965+0000] {dagbag.py:538} INFO - Filling up the DagBag from /home/airflow/.local/lib/python3.8/site-packages/airflow/example_dags/tutorial.py
[2025-04-28T10:33:22.977+0000] {processor.py:840} INFO - DAG(s) 'tutorial' retrieved from /home/airflow/.local/lib/python3.8/site-packages/airflow/example_dags/tutorial.py
[2025-04-28T10:33:23.024+0000] {logging_mixin.py:188} INFO - [2025-04-28T10:33:23.024+0000] {dag.py:3033} INFO - Sync 1 DAGs
[2025-04-28T10:33:23.073+0000] {logging_mixin.py:188} INFO - [2025-04-28T10:33:23.072+0000] {dag.py:3820} INFO - Setting next_dagrun for tutorial to 2025-04-27T00:00:00+00:00, run_after=2025-04-28T00:00:00+00:00
[2025-04-28T10:33:23.128+0000] {processor.py:183} INFO - Processing /home/airflow/.local/lib/python3.8/site-packages/airflow/example_dags/tutorial.py took 0.177 seconds
[2025-04-28T10:33:57.825+0000] {processor.py:161} INFO - Started process (PID=656) to work on /home/airflow/.local/lib/python3.8/site-packages/airflow/example_dags/tutorial.py
[2025-04-28T10:33:57.828+0000] {processor.py:830} INFO - Processing file /home/airflow/.local/lib/python3.8/site-packages/airflow/example_dags/tutorial.py for tasks to queue
[2025-04-28T10:33:57.836+0000] {logging_mixin.py:188} INFO - [2025-04-28T10:33:57.836+0000] {dagbag.py:538} INFO - Filling up the DagBag from /home/airflow/.local/lib/python3.8/site-packages/airflow/example_dags/tutorial.py
[2025-04-28T10:33:57.848+0000] {processor.py:840} INFO - DAG(s) 'tutorial' retrieved from /home/airflow/.local/lib/python3.8/site-packages/airflow/example_dags/tutorial.py
[2025-04-28T10:33:57.886+0000] {logging_mixin.py:188} INFO - [2025-04-28T10:33:57.885+0000] {dag.py:3033} INFO - Sync 1 DAGs
[2025-04-28T10:33:57.930+0000] {logging_mixin.py:188} INFO - [2025-04-28T10:33:57.928+0000] {dag.py:3820} INFO - Setting next_dagrun for tutorial to 2025-04-27T00:00:00+00:00, run_after=2025-04-28T00:00:00+00:00
[2025-04-28T10:33:57.968+0000] {processor.py:183} INFO - Processing /home/airflow/.local/lib/python3.8/site-packages/airflow/example_dags/tutorial.py took 0.150 seconds
[2025-04-28T10:34:28.592+0000] {processor.py:161} INFO - Started process (PID=712) to work on /home/airflow/.local/lib/python3.8/site-packages/airflow/example_dags/tutorial.py
[2025-04-28T10:34:28.593+0000] {processor.py:830} INFO - Processing file /home/airflow/.local/lib/python3.8/site-packages/airflow/example_dags/tutorial.py for tasks to queue
[2025-04-28T10:34:28.596+0000] {logging_mixin.py:188} INFO - [2025-04-28T10:34:28.596+0000] {dagbag.py:538} INFO - Filling up the DagBag from /home/airflow/.local/lib/python3.8/site-packages/airflow/example_dags/tutorial.py
[2025-04-28T10:34:28.608+0000] {processor.py:840} INFO - DAG(s) 'tutorial' retrieved from /home/airflow/.local/lib/python3.8/site-packages/airflow/example_dags/tutorial.py
[2025-04-28T10:34:28.643+0000] {logging_mixin.py:188} INFO - [2025-04-28T10:34:28.643+0000] {dag.py:3033} INFO - Sync 1 DAGs
[2025-04-28T10:34:28.711+0000] {logging_mixin.py:188} INFO - [2025-04-28T10:34:28.711+0000] {dag.py:3820} INFO - Setting next_dagrun for tutorial to 2025-04-27T00:00:00+00:00, run_after=2025-04-28T00:00:00+00:00
[2025-04-28T10:34:28.766+0000] {processor.py:183} INFO - Processing /home/airflow/.local/lib/python3.8/site-packages/airflow/example_dags/tutorial.py took 0.181 seconds
[2025-04-28T10:35:01.151+0000] {processor.py:161} INFO - Started process (PID=768) to work on /home/airflow/.local/lib/python3.8/site-packages/airflow/example_dags/tutorial.py
[2025-04-28T10:35:01.153+0000] {processor.py:830} INFO - Processing file /home/airflow/.local/lib/python3.8/site-packages/airflow/example_dags/tutorial.py for tasks to queue
[2025-04-28T10:35:01.163+0000] {logging_mixin.py:188} INFO - [2025-04-28T10:35:01.162+0000] {dagbag.py:538} INFO - Filling up the DagBag from /home/airflow/.local/lib/python3.8/site-packages/airflow/example_dags/tutorial.py
[2025-04-28T10:35:01.176+0000] {processor.py:840} INFO - DAG(s) 'tutorial' retrieved from /home/airflow/.local/lib/python3.8/site-packages/airflow/example_dags/tutorial.py
[2025-04-28T10:35:01.266+0000] {logging_mixin.py:188} INFO - [2025-04-28T10:35:01.265+0000] {dag.py:3033} INFO - Sync 1 DAGs
[2025-04-28T10:35:01.321+0000] {logging_mixin.py:188} INFO - [2025-04-28T10:35:01.321+0000] {dag.py:3820} INFO - Setting next_dagrun for tutorial to 2025-04-27T00:00:00+00:00, run_after=2025-04-28T00:00:00+00:00
[2025-04-28T10:35:01.360+0000] {processor.py:183} INFO - Processing /home/airflow/.local/lib/python3.8/site-packages/airflow/example_dags/tutorial.py took 0.227 seconds
[2025-04-28T10:35:33.540+0000] {processor.py:161} INFO - Started process (PID=824) to work on /home/airflow/.local/lib/python3.8/site-packages/airflow/example_dags/tutorial.py
[2025-04-28T10:35:33.542+0000] {processor.py:830} INFO - Processing file /home/airflow/.local/lib/python3.8/site-packages/airflow/example_dags/tutorial.py for tasks to queue
[2025-04-28T10:35:33.545+0000] {logging_mixin.py:188} INFO - [2025-04-28T10:35:33.544+0000] {dagbag.py:538} INFO - Filling up the DagBag from /home/airflow/.local/lib/python3.8/site-packages/airflow/example_dags/tutorial.py
[2025-04-28T10:35:33.553+0000] {processor.py:840} INFO - DAG(s) 'tutorial' retrieved from /home/airflow/.local/lib/python3.8/site-packages/airflow/example_dags/tutorial.py
[2025-04-28T10:35:33.586+0000] {logging_mixin.py:188} INFO - [2025-04-28T10:35:33.585+0000] {dag.py:3033} INFO - Sync 1 DAGs
[2025-04-28T10:35:33.623+0000] {logging_mixin.py:188} INFO - [2025-04-28T10:35:33.623+0000] {dag.py:3820} INFO - Setting next_dagrun for tutorial to 2025-04-27T00:00:00+00:00, run_after=2025-04-28T00:00:00+00:00
[2025-04-28T10:35:33.665+0000] {processor.py:183} INFO - Processing /home/airflow/.local/lib/python3.8/site-packages/airflow/example_dags/tutorial.py took 0.131 seconds
[2025-04-28T10:36:05.763+0000] {processor.py:161} INFO - Started process (PID=881) to work on /home/airflow/.local/lib/python3.8/site-packages/airflow/example_dags/tutorial.py
[2025-04-28T10:36:05.764+0000] {processor.py:830} INFO - Processing file /home/airflow/.local/lib/python3.8/site-packages/airflow/example_dags/tutorial.py for tasks to queue
[2025-04-28T10:36:05.768+0000] {logging_mixin.py:188} INFO - [2025-04-28T10:36:05.768+0000] {dagbag.py:538} INFO - Filling up the DagBag from /home/airflow/.local/lib/python3.8/site-packages/airflow/example_dags/tutorial.py
[2025-04-28T10:36:05.778+0000] {processor.py:840} INFO - DAG(s) 'tutorial' retrieved from /home/airflow/.local/lib/python3.8/site-packages/airflow/example_dags/tutorial.py
[2025-04-28T10:36:05.812+0000] {logging_mixin.py:188} INFO - [2025-04-28T10:36:05.812+0000] {dag.py:3033} INFO - Sync 1 DAGs
[2025-04-28T10:36:05.863+0000] {logging_mixin.py:188} INFO - [2025-04-28T10:36:05.863+0000] {dag.py:3820} INFO - Setting next_dagrun for tutorial to 2025-04-27T00:00:00+00:00, run_after=2025-04-28T00:00:00+00:00
[2025-04-28T10:36:05.923+0000] {processor.py:183} INFO - Processing /home/airflow/.local/lib/python3.8/site-packages/airflow/example_dags/tutorial.py took 0.165 seconds
[2025-04-28T10:36:38.485+0000] {processor.py:161} INFO - Started process (PID=937) to work on /home/airflow/.local/lib/python3.8/site-packages/airflow/example_dags/tutorial.py
[2025-04-28T10:36:38.487+0000] {processor.py:830} INFO - Processing file /home/airflow/.local/lib/python3.8/site-packages/airflow/example_dags/tutorial.py for tasks to queue
[2025-04-28T10:36:38.490+0000] {logging_mixin.py:188} INFO - [2025-04-28T10:36:38.490+0000] {dagbag.py:538} INFO - Filling up the DagBag from /home/airflow/.local/lib/python3.8/site-packages/airflow/example_dags/tutorial.py
[2025-04-28T10:36:38.500+0000] {processor.py:840} INFO - DAG(s) 'tutorial' retrieved from /home/airflow/.local/lib/python3.8/site-packages/airflow/example_dags/tutorial.py
[2025-04-28T10:36:38.532+0000] {logging_mixin.py:188} INFO - [2025-04-28T10:36:38.531+0000] {dag.py:3033} INFO - Sync 1 DAGs
[2025-04-28T10:36:38.577+0000] {logging_mixin.py:188} INFO - [2025-04-28T10:36:38.577+0000] {dag.py:3820} INFO - Setting next_dagrun for tutorial to 2025-04-27T00:00:00+00:00, run_after=2025-04-28T00:00:00+00:00
[2025-04-28T10:36:38.620+0000] {processor.py:183} INFO - Processing /home/airflow/.local/lib/python3.8/site-packages/airflow/example_dags/tutorial.py took 0.141 seconds
[2025-04-28T10:37:12.022+0000] {processor.py:161} INFO - Started process (PID=993) to work on /home/airflow/.local/lib/python3.8/site-packages/airflow/example_dags/tutorial.py
[2025-04-28T10:37:12.028+0000] {processor.py:830} INFO - Processing file /home/airflow/.local/lib/python3.8/site-packages/airflow/example_dags/tutorial.py for tasks to queue
[2025-04-28T10:37:12.032+0000] {logging_mixin.py:188} INFO - [2025-04-28T10:37:12.031+0000] {dagbag.py:538} INFO - Filling up the DagBag from /home/airflow/.local/lib/python3.8/site-packages/airflow/example_dags/tutorial.py
[2025-04-28T10:37:12.045+0000] {processor.py:840} INFO - DAG(s) 'tutorial' retrieved from /home/airflow/.local/lib/python3.8/site-packages/airflow/example_dags/tutorial.py
[2025-04-28T10:37:12.095+0000] {logging_mixin.py:188} INFO - [2025-04-28T10:37:12.094+0000] {dag.py:3033} INFO - Sync 1 DAGs
[2025-04-28T10:37:12.152+0000] {logging_mixin.py:188} INFO - [2025-04-28T10:37:12.152+0000] {dag.py:3820} INFO - Setting next_dagrun for tutorial to 2025-04-27T00:00:00+00:00, run_after=2025-04-28T00:00:00+00:00
[2025-04-28T10:37:12.188+0000] {processor.py:183} INFO - Processing /home/airflow/.local/lib/python3.8/site-packages/airflow/example_dags/tutorial.py took 0.172 seconds
[2025-04-28T10:37:44.639+0000] {processor.py:161} INFO - Started process (PID=1050) to work on /home/airflow/.local/lib/python3.8/site-packages/airflow/example_dags/tutorial.py
[2025-04-28T10:37:44.640+0000] {processor.py:830} INFO - Processing file /home/airflow/.local/lib/python3.8/site-packages/airflow/example_dags/tutorial.py for tasks to queue
[2025-04-28T10:37:44.644+0000] {logging_mixin.py:188} INFO - [2025-04-28T10:37:44.643+0000] {dagbag.py:538} INFO - Filling up the DagBag from /home/airflow/.local/lib/python3.8/site-packages/airflow/example_dags/tutorial.py
[2025-04-28T10:37:44.657+0000] {processor.py:840} INFO - DAG(s) 'tutorial' retrieved from /home/airflow/.local/lib/python3.8/site-packages/airflow/example_dags/tutorial.py
[2025-04-28T10:37:44.696+0000] {logging_mixin.py:188} INFO - [2025-04-28T10:37:44.696+0000] {dag.py:3033} INFO - Sync 1 DAGs
[2025-04-28T10:37:44.739+0000] {logging_mixin.py:188} INFO - [2025-04-28T10:37:44.738+0000] {dag.py:3820} INFO - Setting next_dagrun for tutorial to 2025-04-27T00:00:00+00:00, run_after=2025-04-28T00:00:00+00:00
[2025-04-28T10:37:44.781+0000] {processor.py:183} INFO - Processing /home/airflow/.local/lib/python3.8/site-packages/airflow/example_dags/tutorial.py took 0.149 seconds
[2025-04-28T10:38:16.905+0000] {processor.py:161} INFO - Started process (PID=1106) to work on /home/airflow/.local/lib/python3.8/site-packages/airflow/example_dags/tutorial.py
[2025-04-28T10:38:16.907+0000] {processor.py:830} INFO - Processing file /home/airflow/.local/lib/python3.8/site-packages/airflow/example_dags/tutorial.py for tasks to queue
[2025-04-28T10:38:16.911+0000] {logging_mixin.py:188} INFO - [2025-04-28T10:38:16.911+0000] {dagbag.py:538} INFO - Filling up the DagBag from /home/airflow/.local/lib/python3.8/site-packages/airflow/example_dags/tutorial.py
[2025-04-28T10:38:16.922+0000] {processor.py:840} INFO - DAG(s) 'tutorial' retrieved from /home/airflow/.local/lib/python3.8/site-packages/airflow/example_dags/tutorial.py
[2025-04-28T10:38:16.956+0000] {logging_mixin.py:188} INFO - [2025-04-28T10:38:16.956+0000] {dag.py:3033} INFO - Sync 1 DAGs
[2025-04-28T10:38:16.999+0000] {logging_mixin.py:188} INFO - [2025-04-28T10:38:16.999+0000] {dag.py:3820} INFO - Setting next_dagrun for tutorial to 2025-04-27T00:00:00+00:00, run_after=2025-04-28T00:00:00+00:00
[2025-04-28T10:38:17.037+0000] {processor.py:183} INFO - Processing /home/airflow/.local/lib/python3.8/site-packages/airflow/example_dags/tutorial.py took 0.138 seconds
[2025-04-28T10:38:49.540+0000] {processor.py:161} INFO - Started process (PID=1162) to work on /home/airflow/.local/lib/python3.8/site-packages/airflow/example_dags/tutorial.py
[2025-04-28T10:38:49.541+0000] {processor.py:830} INFO - Processing file /home/airflow/.local/lib/python3.8/site-packages/airflow/example_dags/tutorial.py for tasks to queue
[2025-04-28T10:38:49.544+0000] {logging_mixin.py:188} INFO - [2025-04-28T10:38:49.544+0000] {dagbag.py:538} INFO - Filling up the DagBag from /home/airflow/.local/lib/python3.8/site-packages/airflow/example_dags/tutorial.py
[2025-04-28T10:38:49.553+0000] {processor.py:840} INFO - DAG(s) 'tutorial' retrieved from /home/airflow/.local/lib/python3.8/site-packages/airflow/example_dags/tutorial.py
[2025-04-28T10:38:49.583+0000] {logging_mixin.py:188} INFO - [2025-04-28T10:38:49.583+0000] {dag.py:3033} INFO - Sync 1 DAGs
[2025-04-28T10:38:49.622+0000] {logging_mixin.py:188} INFO - [2025-04-28T10:38:49.622+0000] {dag.py:3820} INFO - Setting next_dagrun for tutorial to 2025-04-27T00:00:00+00:00, run_after=2025-04-28T00:00:00+00:00
[2025-04-28T10:38:49.664+0000] {processor.py:183} INFO - Processing /home/airflow/.local/lib/python3.8/site-packages/airflow/example_dags/tutorial.py took 0.129 seconds
[2025-04-28T10:39:23.729+0000] {processor.py:161} INFO - Started process (PID=1218) to work on /home/airflow/.local/lib/python3.8/site-packages/airflow/example_dags/tutorial.py
[2025-04-28T10:39:23.731+0000] {processor.py:830} INFO - Processing file /home/airflow/.local/lib/python3.8/site-packages/airflow/example_dags/tutorial.py for tasks to queue
[2025-04-28T10:39:23.734+0000] {logging_mixin.py:188} INFO - [2025-04-28T10:39:23.734+0000] {dagbag.py:538} INFO - Filling up the DagBag from /home/airflow/.local/lib/python3.8/site-packages/airflow/example_dags/tutorial.py
[2025-04-28T10:39:23.746+0000] {processor.py:840} INFO - DAG(s) 'tutorial' retrieved from /home/airflow/.local/lib/python3.8/site-packages/airflow/example_dags/tutorial.py
[2025-04-28T10:39:23.783+0000] {logging_mixin.py:188} INFO - [2025-04-28T10:39:23.782+0000] {dag.py:3033} INFO - Sync 1 DAGs
[2025-04-28T10:39:23.819+0000] {logging_mixin.py:188} INFO - [2025-04-28T10:39:23.819+0000] {dag.py:3820} INFO - Setting next_dagrun for tutorial to 2025-04-27T00:00:00+00:00, run_after=2025-04-28T00:00:00+00:00
[2025-04-28T10:39:23.852+0000] {processor.py:183} INFO - Processing /home/airflow/.local/lib/python3.8/site-packages/airflow/example_dags/tutorial.py took 0.129 seconds
[2025-04-28T10:39:54.839+0000] {processor.py:161} INFO - Started process (PID=1276) to work on /home/airflow/.local/lib/python3.8/site-packages/airflow/example_dags/tutorial.py
[2025-04-28T10:39:54.841+0000] {processor.py:830} INFO - Processing file /home/airflow/.local/lib/python3.8/site-packages/airflow/example_dags/tutorial.py for tasks to queue
[2025-04-28T10:39:54.844+0000] {logging_mixin.py:188} INFO - [2025-04-28T10:39:54.844+0000] {dagbag.py:538} INFO - Filling up the DagBag from /home/airflow/.local/lib/python3.8/site-packages/airflow/example_dags/tutorial.py
[2025-04-28T10:39:54.852+0000] {processor.py:840} INFO - DAG(s) 'tutorial' retrieved from /home/airflow/.local/lib/python3.8/site-packages/airflow/example_dags/tutorial.py
[2025-04-28T10:39:54.883+0000] {logging_mixin.py:188} INFO - [2025-04-28T10:39:54.883+0000] {dag.py:3033} INFO - Sync 1 DAGs
[2025-04-28T10:39:54.914+0000] {logging_mixin.py:188} INFO - [2025-04-28T10:39:54.913+0000] {dag.py:3820} INFO - Setting next_dagrun for tutorial to 2025-04-27T00:00:00+00:00, run_after=2025-04-28T00:00:00+00:00
[2025-04-28T10:39:54.942+0000] {processor.py:183} INFO - Processing /home/airflow/.local/lib/python3.8/site-packages/airflow/example_dags/tutorial.py took 0.108 seconds
[2025-04-28T10:40:27.282+0000] {processor.py:161} INFO - Started process (PID=1331) to work on /home/airflow/.local/lib/python3.8/site-packages/airflow/example_dags/tutorial.py
[2025-04-28T10:40:27.283+0000] {processor.py:830} INFO - Processing file /home/airflow/.local/lib/python3.8/site-packages/airflow/example_dags/tutorial.py for tasks to queue
[2025-04-28T10:40:27.286+0000] {logging_mixin.py:188} INFO - [2025-04-28T10:40:27.285+0000] {dagbag.py:538} INFO - Filling up the DagBag from /home/airflow/.local/lib/python3.8/site-packages/airflow/example_dags/tutorial.py
[2025-04-28T10:40:27.295+0000] {processor.py:840} INFO - DAG(s) 'tutorial' retrieved from /home/airflow/.local/lib/python3.8/site-packages/airflow/example_dags/tutorial.py
[2025-04-28T10:40:27.329+0000] {logging_mixin.py:188} INFO - [2025-04-28T10:40:27.329+0000] {dag.py:3033} INFO - Sync 1 DAGs
[2025-04-28T10:40:27.360+0000] {logging_mixin.py:188} INFO - [2025-04-28T10:40:27.360+0000] {dag.py:3820} INFO - Setting next_dagrun for tutorial to 2025-04-27T00:00:00+00:00, run_after=2025-04-28T00:00:00+00:00
[2025-04-28T10:40:27.408+0000] {processor.py:183} INFO - Processing /home/airflow/.local/lib/python3.8/site-packages/airflow/example_dags/tutorial.py took 0.130 seconds
[2025-04-28T10:41:00.375+0000] {processor.py:161} INFO - Started process (PID=1387) to work on /home/airflow/.local/lib/python3.8/site-packages/airflow/example_dags/tutorial.py
[2025-04-28T10:41:00.377+0000] {processor.py:830} INFO - Processing file /home/airflow/.local/lib/python3.8/site-packages/airflow/example_dags/tutorial.py for tasks to queue
[2025-04-28T10:41:00.380+0000] {logging_mixin.py:188} INFO - [2025-04-28T10:41:00.380+0000] {dagbag.py:538} INFO - Filling up the DagBag from /home/airflow/.local/lib/python3.8/site-packages/airflow/example_dags/tutorial.py
[2025-04-28T10:41:00.393+0000] {processor.py:840} INFO - DAG(s) 'tutorial' retrieved from /home/airflow/.local/lib/python3.8/site-packages/airflow/example_dags/tutorial.py
[2025-04-28T10:41:00.438+0000] {logging_mixin.py:188} INFO - [2025-04-28T10:41:00.438+0000] {dag.py:3033} INFO - Sync 1 DAGs
[2025-04-28T10:41:00.478+0000] {logging_mixin.py:188} INFO - [2025-04-28T10:41:00.477+0000] {dag.py:3820} INFO - Setting next_dagrun for tutorial to 2025-04-27T00:00:00+00:00, run_after=2025-04-28T00:00:00+00:00
[2025-04-28T10:41:00.504+0000] {processor.py:183} INFO - Processing /home/airflow/.local/lib/python3.8/site-packages/airflow/example_dags/tutorial.py took 0.133 seconds
[2025-04-28T10:43:33.156+0000] {processor.py:161} INFO - Started process (PID=98) to work on /home/airflow/.local/lib/python3.8/site-packages/airflow/example_dags/tutorial.py
[2025-04-28T10:43:33.173+0000] {processor.py:830} INFO - Processing file /home/airflow/.local/lib/python3.8/site-packages/airflow/example_dags/tutorial.py for tasks to queue
[2025-04-28T10:43:33.195+0000] {logging_mixin.py:188} INFO - [2025-04-28T10:43:33.194+0000] {dagbag.py:538} INFO - Filling up the DagBag from /home/airflow/.local/lib/python3.8/site-packages/airflow/example_dags/tutorial.py
[2025-04-28T10:43:33.210+0000] {processor.py:840} INFO - DAG(s) 'tutorial' retrieved from /home/airflow/.local/lib/python3.8/site-packages/airflow/example_dags/tutorial.py
[2025-04-28T10:43:33.499+0000] {logging_mixin.py:188} INFO - [2025-04-28T10:43:33.499+0000] {dag.py:3033} INFO - Sync 1 DAGs
[2025-04-28T10:43:33.563+0000] {logging_mixin.py:188} INFO - [2025-04-28T10:43:33.562+0000] {dag.py:3820} INFO - Setting next_dagrun for tutorial to 2025-04-27T00:00:00+00:00, run_after=2025-04-28T00:00:00+00:00
[2025-04-28T10:43:33.629+0000] {processor.py:183} INFO - Processing /home/airflow/.local/lib/python3.8/site-packages/airflow/example_dags/tutorial.py took 0.481 seconds
[2025-04-28T10:44:04.523+0000] {processor.py:161} INFO - Started process (PID=154) to work on /home/airflow/.local/lib/python3.8/site-packages/airflow/example_dags/tutorial.py
[2025-04-28T10:44:04.524+0000] {processor.py:830} INFO - Processing file /home/airflow/.local/lib/python3.8/site-packages/airflow/example_dags/tutorial.py for tasks to queue
[2025-04-28T10:44:04.529+0000] {logging_mixin.py:188} INFO - [2025-04-28T10:44:04.528+0000] {dagbag.py:538} INFO - Filling up the DagBag from /home/airflow/.local/lib/python3.8/site-packages/airflow/example_dags/tutorial.py
[2025-04-28T10:44:04.544+0000] {processor.py:840} INFO - DAG(s) 'tutorial' retrieved from /home/airflow/.local/lib/python3.8/site-packages/airflow/example_dags/tutorial.py
[2025-04-28T10:44:04.578+0000] {logging_mixin.py:188} INFO - [2025-04-28T10:44:04.578+0000] {dag.py:3033} INFO - Sync 1 DAGs
[2025-04-28T10:44:04.621+0000] {logging_mixin.py:188} INFO - [2025-04-28T10:44:04.621+0000] {dag.py:3820} INFO - Setting next_dagrun for tutorial to 2025-04-27T00:00:00+00:00, run_after=2025-04-28T00:00:00+00:00
[2025-04-28T10:44:04.652+0000] {processor.py:183} INFO - Processing /home/airflow/.local/lib/python3.8/site-packages/airflow/example_dags/tutorial.py took 0.136 seconds
[2025-04-28T10:44:34.782+0000] {processor.py:161} INFO - Started process (PID=210) to work on /home/airflow/.local/lib/python3.8/site-packages/airflow/example_dags/tutorial.py
[2025-04-28T10:44:34.786+0000] {processor.py:830} INFO - Processing file /home/airflow/.local/lib/python3.8/site-packages/airflow/example_dags/tutorial.py for tasks to queue
[2025-04-28T10:44:34.794+0000] {logging_mixin.py:188} INFO - [2025-04-28T10:44:34.793+0000] {dagbag.py:538} INFO - Filling up the DagBag from /home/airflow/.local/lib/python3.8/site-packages/airflow/example_dags/tutorial.py
[2025-04-28T10:44:34.813+0000] {processor.py:840} INFO - DAG(s) 'tutorial' retrieved from /home/airflow/.local/lib/python3.8/site-packages/airflow/example_dags/tutorial.py
[2025-04-28T10:44:34.846+0000] {logging_mixin.py:188} INFO - [2025-04-28T10:44:34.846+0000] {dag.py:3033} INFO - Sync 1 DAGs
[2025-04-28T10:44:34.880+0000] {logging_mixin.py:188} INFO - [2025-04-28T10:44:34.879+0000] {dag.py:3820} INFO - Setting next_dagrun for tutorial to 2025-04-27T00:00:00+00:00, run_after=2025-04-28T00:00:00+00:00
[2025-04-28T10:44:34.908+0000] {processor.py:183} INFO - Processing /home/airflow/.local/lib/python3.8/site-packages/airflow/example_dags/tutorial.py took 0.133 seconds
[2025-04-28T10:45:05.134+0000] {processor.py:161} INFO - Started process (PID=265) to work on /home/airflow/.local/lib/python3.8/site-packages/airflow/example_dags/tutorial.py
[2025-04-28T10:45:05.136+0000] {processor.py:830} INFO - Processing file /home/airflow/.local/lib/python3.8/site-packages/airflow/example_dags/tutorial.py for tasks to queue
[2025-04-28T10:45:05.139+0000] {logging_mixin.py:188} INFO - [2025-04-28T10:45:05.139+0000] {dagbag.py:538} INFO - Filling up the DagBag from /home/airflow/.local/lib/python3.8/site-packages/airflow/example_dags/tutorial.py
[2025-04-28T10:45:05.150+0000] {processor.py:840} INFO - DAG(s) 'tutorial' retrieved from /home/airflow/.local/lib/python3.8/site-packages/airflow/example_dags/tutorial.py
[2025-04-28T10:45:05.181+0000] {logging_mixin.py:188} INFO - [2025-04-28T10:45:05.180+0000] {dag.py:3033} INFO - Sync 1 DAGs
[2025-04-28T10:45:05.222+0000] {logging_mixin.py:188} INFO - [2025-04-28T10:45:05.222+0000] {dag.py:3820} INFO - Setting next_dagrun for tutorial to 2025-04-27T00:00:00+00:00, run_after=2025-04-28T00:00:00+00:00
[2025-04-28T10:45:05.288+0000] {processor.py:183} INFO - Processing /home/airflow/.local/lib/python3.8/site-packages/airflow/example_dags/tutorial.py took 0.161 seconds
[2025-04-28T10:45:36.133+0000] {processor.py:161} INFO - Started process (PID=321) to work on /home/airflow/.local/lib/python3.8/site-packages/airflow/example_dags/tutorial.py
[2025-04-28T10:45:36.135+0000] {processor.py:830} INFO - Processing file /home/airflow/.local/lib/python3.8/site-packages/airflow/example_dags/tutorial.py for tasks to queue
[2025-04-28T10:45:36.139+0000] {logging_mixin.py:188} INFO - [2025-04-28T10:45:36.138+0000] {dagbag.py:538} INFO - Filling up the DagBag from /home/airflow/.local/lib/python3.8/site-packages/airflow/example_dags/tutorial.py
[2025-04-28T10:45:36.145+0000] {processor.py:840} INFO - DAG(s) 'tutorial' retrieved from /home/airflow/.local/lib/python3.8/site-packages/airflow/example_dags/tutorial.py
[2025-04-28T10:45:36.180+0000] {logging_mixin.py:188} INFO - [2025-04-28T10:45:36.180+0000] {dag.py:3033} INFO - Sync 1 DAGs
[2025-04-28T10:45:36.211+0000] {logging_mixin.py:188} INFO - [2025-04-28T10:45:36.211+0000] {dag.py:3820} INFO - Setting next_dagrun for tutorial to 2025-04-27T00:00:00+00:00, run_after=2025-04-28T00:00:00+00:00
[2025-04-28T10:45:36.249+0000] {processor.py:183} INFO - Processing /home/airflow/.local/lib/python3.8/site-packages/airflow/example_dags/tutorial.py took 0.120 seconds
[2025-04-28T10:46:06.711+0000] {processor.py:161} INFO - Started process (PID=377) to work on /home/airflow/.local/lib/python3.8/site-packages/airflow/example_dags/tutorial.py
[2025-04-28T10:46:06.712+0000] {processor.py:830} INFO - Processing file /home/airflow/.local/lib/python3.8/site-packages/airflow/example_dags/tutorial.py for tasks to queue
[2025-04-28T10:46:06.717+0000] {logging_mixin.py:188} INFO - [2025-04-28T10:46:06.716+0000] {dagbag.py:538} INFO - Filling up the DagBag from /home/airflow/.local/lib/python3.8/site-packages/airflow/example_dags/tutorial.py
[2025-04-28T10:46:06.725+0000] {processor.py:840} INFO - DAG(s) 'tutorial' retrieved from /home/airflow/.local/lib/python3.8/site-packages/airflow/example_dags/tutorial.py
[2025-04-28T10:46:06.774+0000] {logging_mixin.py:188} INFO - [2025-04-28T10:46:06.773+0000] {dag.py:3033} INFO - Sync 1 DAGs
[2025-04-28T10:46:06.822+0000] {logging_mixin.py:188} INFO - [2025-04-28T10:46:06.822+0000] {dag.py:3820} INFO - Setting next_dagrun for tutorial to 2025-04-27T00:00:00+00:00, run_after=2025-04-28T00:00:00+00:00
[2025-04-28T10:46:06.858+0000] {processor.py:183} INFO - Processing /home/airflow/.local/lib/python3.8/site-packages/airflow/example_dags/tutorial.py took 0.152 seconds
[2025-04-28T10:46:41.297+0000] {processor.py:161} INFO - Started process (PID=434) to work on /home/airflow/.local/lib/python3.8/site-packages/airflow/example_dags/tutorial.py
[2025-04-28T10:46:41.299+0000] {processor.py:830} INFO - Processing file /home/airflow/.local/lib/python3.8/site-packages/airflow/example_dags/tutorial.py for tasks to queue
[2025-04-28T10:46:41.304+0000] {logging_mixin.py:188} INFO - [2025-04-28T10:46:41.303+0000] {dagbag.py:538} INFO - Filling up the DagBag from /home/airflow/.local/lib/python3.8/site-packages/airflow/example_dags/tutorial.py
[2025-04-28T10:46:41.312+0000] {processor.py:840} INFO - DAG(s) 'tutorial' retrieved from /home/airflow/.local/lib/python3.8/site-packages/airflow/example_dags/tutorial.py
[2025-04-28T10:46:41.339+0000] {logging_mixin.py:188} INFO - [2025-04-28T10:46:41.339+0000] {dag.py:3033} INFO - Sync 1 DAGs
[2025-04-28T10:46:41.371+0000] {logging_mixin.py:188} INFO - [2025-04-28T10:46:41.371+0000] {dag.py:3820} INFO - Setting next_dagrun for tutorial to 2025-04-27T00:00:00+00:00, run_after=2025-04-28T00:00:00+00:00
[2025-04-28T10:46:41.397+0000] {processor.py:183} INFO - Processing /home/airflow/.local/lib/python3.8/site-packages/airflow/example_dags/tutorial.py took 0.105 seconds
[2025-04-28T10:47:11.534+0000] {processor.py:161} INFO - Started process (PID=490) to work on /home/airflow/.local/lib/python3.8/site-packages/airflow/example_dags/tutorial.py
[2025-04-28T10:47:11.535+0000] {processor.py:830} INFO - Processing file /home/airflow/.local/lib/python3.8/site-packages/airflow/example_dags/tutorial.py for tasks to queue
[2025-04-28T10:47:11.538+0000] {logging_mixin.py:188} INFO - [2025-04-28T10:47:11.538+0000] {dagbag.py:538} INFO - Filling up the DagBag from /home/airflow/.local/lib/python3.8/site-packages/airflow/example_dags/tutorial.py
[2025-04-28T10:47:11.546+0000] {processor.py:840} INFO - DAG(s) 'tutorial' retrieved from /home/airflow/.local/lib/python3.8/site-packages/airflow/example_dags/tutorial.py
[2025-04-28T10:47:11.580+0000] {logging_mixin.py:188} INFO - [2025-04-28T10:47:11.580+0000] {dag.py:3033} INFO - Sync 1 DAGs
[2025-04-28T10:47:11.612+0000] {logging_mixin.py:188} INFO - [2025-04-28T10:47:11.611+0000] {dag.py:3820} INFO - Setting next_dagrun for tutorial to 2025-04-27T00:00:00+00:00, run_after=2025-04-28T00:00:00+00:00
[2025-04-28T10:47:11.641+0000] {processor.py:183} INFO - Processing /home/airflow/.local/lib/python3.8/site-packages/airflow/example_dags/tutorial.py took 0.111 seconds
[2025-04-28T10:47:42.134+0000] {processor.py:161} INFO - Started process (PID=547) to work on /home/airflow/.local/lib/python3.8/site-packages/airflow/example_dags/tutorial.py
[2025-04-28T10:47:42.135+0000] {processor.py:830} INFO - Processing file /home/airflow/.local/lib/python3.8/site-packages/airflow/example_dags/tutorial.py for tasks to queue
[2025-04-28T10:47:42.139+0000] {logging_mixin.py:188} INFO - [2025-04-28T10:47:42.138+0000] {dagbag.py:538} INFO - Filling up the DagBag from /home/airflow/.local/lib/python3.8/site-packages/airflow/example_dags/tutorial.py
[2025-04-28T10:47:42.148+0000] {processor.py:840} INFO - DAG(s) 'tutorial' retrieved from /home/airflow/.local/lib/python3.8/site-packages/airflow/example_dags/tutorial.py
[2025-04-28T10:47:42.178+0000] {logging_mixin.py:188} INFO - [2025-04-28T10:47:42.178+0000] {dag.py:3033} INFO - Sync 1 DAGs
[2025-04-28T10:47:42.216+0000] {logging_mixin.py:188} INFO - [2025-04-28T10:47:42.216+0000] {dag.py:3820} INFO - Setting next_dagrun for tutorial to 2025-04-27T00:00:00+00:00, run_after=2025-04-28T00:00:00+00:00
[2025-04-28T10:47:42.248+0000] {processor.py:183} INFO - Processing /home/airflow/.local/lib/python3.8/site-packages/airflow/example_dags/tutorial.py took 0.118 seconds
[2025-04-28T10:48:12.494+0000] {processor.py:161} INFO - Started process (PID=597) to work on /home/airflow/.local/lib/python3.8/site-packages/airflow/example_dags/tutorial.py
[2025-04-28T10:48:12.496+0000] {processor.py:830} INFO - Processing file /home/airflow/.local/lib/python3.8/site-packages/airflow/example_dags/tutorial.py for tasks to queue
[2025-04-28T10:48:12.498+0000] {logging_mixin.py:188} INFO - [2025-04-28T10:48:12.498+0000] {dagbag.py:538} INFO - Filling up the DagBag from /home/airflow/.local/lib/python3.8/site-packages/airflow/example_dags/tutorial.py
[2025-04-28T10:48:12.508+0000] {processor.py:840} INFO - DAG(s) 'tutorial' retrieved from /home/airflow/.local/lib/python3.8/site-packages/airflow/example_dags/tutorial.py
[2025-04-28T10:48:12.544+0000] {logging_mixin.py:188} INFO - [2025-04-28T10:48:12.544+0000] {dag.py:3033} INFO - Sync 1 DAGs
[2025-04-28T10:48:12.587+0000] {logging_mixin.py:188} INFO - [2025-04-28T10:48:12.587+0000] {dag.py:3820} INFO - Setting next_dagrun for tutorial to 2025-04-27T00:00:00+00:00, run_after=2025-04-28T00:00:00+00:00
[2025-04-28T10:48:12.628+0000] {processor.py:183} INFO - Processing /home/airflow/.local/lib/python3.8/site-packages/airflow/example_dags/tutorial.py took 0.139 seconds
[2025-04-28T10:48:43.569+0000] {processor.py:161} INFO - Started process (PID=659) to work on /home/airflow/.local/lib/python3.8/site-packages/airflow/example_dags/tutorial.py
[2025-04-28T10:48:43.570+0000] {processor.py:830} INFO - Processing file /home/airflow/.local/lib/python3.8/site-packages/airflow/example_dags/tutorial.py for tasks to queue
[2025-04-28T10:48:43.574+0000] {logging_mixin.py:188} INFO - [2025-04-28T10:48:43.573+0000] {dagbag.py:538} INFO - Filling up the DagBag from /home/airflow/.local/lib/python3.8/site-packages/airflow/example_dags/tutorial.py
[2025-04-28T10:48:43.582+0000] {processor.py:840} INFO - DAG(s) 'tutorial' retrieved from /home/airflow/.local/lib/python3.8/site-packages/airflow/example_dags/tutorial.py
[2025-04-28T10:48:43.617+0000] {logging_mixin.py:188} INFO - [2025-04-28T10:48:43.616+0000] {dag.py:3033} INFO - Sync 1 DAGs
[2025-04-28T10:48:43.654+0000] {logging_mixin.py:188} INFO - [2025-04-28T10:48:43.654+0000] {dag.py:3820} INFO - Setting next_dagrun for tutorial to 2025-04-27T00:00:00+00:00, run_after=2025-04-28T00:00:00+00:00
[2025-04-28T10:48:43.695+0000] {processor.py:183} INFO - Processing /home/airflow/.local/lib/python3.8/site-packages/airflow/example_dags/tutorial.py took 0.129 seconds
[2025-04-28T10:49:13.824+0000] {processor.py:161} INFO - Started process (PID=709) to work on /home/airflow/.local/lib/python3.8/site-packages/airflow/example_dags/tutorial.py
[2025-04-28T10:49:13.825+0000] {processor.py:830} INFO - Processing file /home/airflow/.local/lib/python3.8/site-packages/airflow/example_dags/tutorial.py for tasks to queue
[2025-04-28T10:49:13.829+0000] {logging_mixin.py:188} INFO - [2025-04-28T10:49:13.829+0000] {dagbag.py:538} INFO - Filling up the DagBag from /home/airflow/.local/lib/python3.8/site-packages/airflow/example_dags/tutorial.py
[2025-04-28T10:49:13.839+0000] {processor.py:840} INFO - DAG(s) 'tutorial' retrieved from /home/airflow/.local/lib/python3.8/site-packages/airflow/example_dags/tutorial.py
[2025-04-28T10:49:13.869+0000] {logging_mixin.py:188} INFO - [2025-04-28T10:49:13.869+0000] {dag.py:3033} INFO - Sync 1 DAGs
[2025-04-28T10:49:13.900+0000] {logging_mixin.py:188} INFO - [2025-04-28T10:49:13.900+0000] {dag.py:3820} INFO - Setting next_dagrun for tutorial to 2025-04-27T00:00:00+00:00, run_after=2025-04-28T00:00:00+00:00
[2025-04-28T10:49:13.942+0000] {processor.py:183} INFO - Processing /home/airflow/.local/lib/python3.8/site-packages/airflow/example_dags/tutorial.py took 0.124 seconds
[2025-04-28T10:49:46.582+0000] {processor.py:161} INFO - Started process (PID=765) to work on /home/airflow/.local/lib/python3.8/site-packages/airflow/example_dags/tutorial.py
[2025-04-28T10:49:46.583+0000] {processor.py:830} INFO - Processing file /home/airflow/.local/lib/python3.8/site-packages/airflow/example_dags/tutorial.py for tasks to queue
[2025-04-28T10:49:46.587+0000] {logging_mixin.py:188} INFO - [2025-04-28T10:49:46.586+0000] {dagbag.py:538} INFO - Filling up the DagBag from /home/airflow/.local/lib/python3.8/site-packages/airflow/example_dags/tutorial.py
[2025-04-28T10:49:46.595+0000] {processor.py:840} INFO - DAG(s) 'tutorial' retrieved from /home/airflow/.local/lib/python3.8/site-packages/airflow/example_dags/tutorial.py
[2025-04-28T10:49:46.628+0000] {logging_mixin.py:188} INFO - [2025-04-28T10:49:46.628+0000] {dag.py:3033} INFO - Sync 1 DAGs
[2025-04-28T10:49:46.722+0000] {logging_mixin.py:188} INFO - [2025-04-28T10:49:46.722+0000] {dag.py:3820} INFO - Setting next_dagrun for tutorial to 2025-04-27T00:00:00+00:00, run_after=2025-04-28T00:00:00+00:00
[2025-04-28T10:49:46.797+0000] {processor.py:183} INFO - Processing /home/airflow/.local/lib/python3.8/site-packages/airflow/example_dags/tutorial.py took 0.222 seconds
[2025-04-28T10:50:17.438+0000] {processor.py:161} INFO - Started process (PID=827) to work on /home/airflow/.local/lib/python3.8/site-packages/airflow/example_dags/tutorial.py
[2025-04-28T10:50:17.439+0000] {processor.py:830} INFO - Processing file /home/airflow/.local/lib/python3.8/site-packages/airflow/example_dags/tutorial.py for tasks to queue
[2025-04-28T10:50:17.443+0000] {logging_mixin.py:188} INFO - [2025-04-28T10:50:17.443+0000] {dagbag.py:538} INFO - Filling up the DagBag from /home/airflow/.local/lib/python3.8/site-packages/airflow/example_dags/tutorial.py
[2025-04-28T10:50:17.454+0000] {processor.py:840} INFO - DAG(s) 'tutorial' retrieved from /home/airflow/.local/lib/python3.8/site-packages/airflow/example_dags/tutorial.py
[2025-04-28T10:50:17.486+0000] {logging_mixin.py:188} INFO - [2025-04-28T10:50:17.485+0000] {dag.py:3033} INFO - Sync 1 DAGs
[2025-04-28T10:50:17.525+0000] {logging_mixin.py:188} INFO - [2025-04-28T10:50:17.524+0000] {dag.py:3820} INFO - Setting next_dagrun for tutorial to 2025-04-27T00:00:00+00:00, run_after=2025-04-28T00:00:00+00:00
[2025-04-28T10:50:17.552+0000] {processor.py:183} INFO - Processing /home/airflow/.local/lib/python3.8/site-packages/airflow/example_dags/tutorial.py took 0.120 seconds
[2025-04-28T10:50:48.290+0000] {processor.py:161} INFO - Started process (PID=877) to work on /home/airflow/.local/lib/python3.8/site-packages/airflow/example_dags/tutorial.py
[2025-04-28T10:50:48.291+0000] {processor.py:830} INFO - Processing file /home/airflow/.local/lib/python3.8/site-packages/airflow/example_dags/tutorial.py for tasks to queue
[2025-04-28T10:50:48.294+0000] {logging_mixin.py:188} INFO - [2025-04-28T10:50:48.294+0000] {dagbag.py:538} INFO - Filling up the DagBag from /home/airflow/.local/lib/python3.8/site-packages/airflow/example_dags/tutorial.py
[2025-04-28T10:50:48.303+0000] {processor.py:840} INFO - DAG(s) 'tutorial' retrieved from /home/airflow/.local/lib/python3.8/site-packages/airflow/example_dags/tutorial.py
[2025-04-28T10:50:48.333+0000] {logging_mixin.py:188} INFO - [2025-04-28T10:50:48.333+0000] {dag.py:3033} INFO - Sync 1 DAGs
[2025-04-28T10:50:48.370+0000] {logging_mixin.py:188} INFO - [2025-04-28T10:50:48.370+0000] {dag.py:3820} INFO - Setting next_dagrun for tutorial to 2025-04-27T00:00:00+00:00, run_after=2025-04-28T00:00:00+00:00
[2025-04-28T10:50:48.401+0000] {processor.py:183} INFO - Processing /home/airflow/.local/lib/python3.8/site-packages/airflow/example_dags/tutorial.py took 0.116 seconds
[2025-04-28T10:51:20.274+0000] {processor.py:161} INFO - Started process (PID=933) to work on /home/airflow/.local/lib/python3.8/site-packages/airflow/example_dags/tutorial.py
[2025-04-28T10:51:20.276+0000] {processor.py:830} INFO - Processing file /home/airflow/.local/lib/python3.8/site-packages/airflow/example_dags/tutorial.py for tasks to queue
[2025-04-28T10:51:20.279+0000] {logging_mixin.py:188} INFO - [2025-04-28T10:51:20.279+0000] {dagbag.py:538} INFO - Filling up the DagBag from /home/airflow/.local/lib/python3.8/site-packages/airflow/example_dags/tutorial.py
[2025-04-28T10:51:20.290+0000] {processor.py:840} INFO - DAG(s) 'tutorial' retrieved from /home/airflow/.local/lib/python3.8/site-packages/airflow/example_dags/tutorial.py
[2025-04-28T10:51:20.325+0000] {logging_mixin.py:188} INFO - [2025-04-28T10:51:20.324+0000] {dag.py:3033} INFO - Sync 1 DAGs
[2025-04-28T10:51:20.367+0000] {logging_mixin.py:188} INFO - [2025-04-28T10:51:20.367+0000] {dag.py:3820} INFO - Setting next_dagrun for tutorial to 2025-04-27T00:00:00+00:00, run_after=2025-04-28T00:00:00+00:00
[2025-04-28T10:51:20.408+0000] {processor.py:183} INFO - Processing /home/airflow/.local/lib/python3.8/site-packages/airflow/example_dags/tutorial.py took 0.140 seconds
[2025-04-28T10:51:53.921+0000] {processor.py:161} INFO - Started process (PID=989) to work on /home/airflow/.local/lib/python3.8/site-packages/airflow/example_dags/tutorial.py
[2025-04-28T10:51:53.923+0000] {processor.py:830} INFO - Processing file /home/airflow/.local/lib/python3.8/site-packages/airflow/example_dags/tutorial.py for tasks to queue
[2025-04-28T10:51:53.926+0000] {logging_mixin.py:188} INFO - [2025-04-28T10:51:53.926+0000] {dagbag.py:538} INFO - Filling up the DagBag from /home/airflow/.local/lib/python3.8/site-packages/airflow/example_dags/tutorial.py
[2025-04-28T10:51:53.943+0000] {processor.py:840} INFO - DAG(s) 'tutorial' retrieved from /home/airflow/.local/lib/python3.8/site-packages/airflow/example_dags/tutorial.py
[2025-04-28T10:51:53.999+0000] {logging_mixin.py:188} INFO - [2025-04-28T10:51:53.998+0000] {dag.py:3033} INFO - Sync 1 DAGs
[2025-04-28T10:51:54.047+0000] {logging_mixin.py:188} INFO - [2025-04-28T10:51:54.046+0000] {dag.py:3820} INFO - Setting next_dagrun for tutorial to 2025-04-27T00:00:00+00:00, run_after=2025-04-28T00:00:00+00:00
[2025-04-28T10:51:54.076+0000] {processor.py:183} INFO - Processing /home/airflow/.local/lib/python3.8/site-packages/airflow/example_dags/tutorial.py took 0.160 seconds
[2025-04-28T10:52:26.484+0000] {processor.py:161} INFO - Started process (PID=1045) to work on /home/airflow/.local/lib/python3.8/site-packages/airflow/example_dags/tutorial.py
[2025-04-28T10:52:26.486+0000] {processor.py:830} INFO - Processing file /home/airflow/.local/lib/python3.8/site-packages/airflow/example_dags/tutorial.py for tasks to queue
[2025-04-28T10:52:26.489+0000] {logging_mixin.py:188} INFO - [2025-04-28T10:52:26.489+0000] {dagbag.py:538} INFO - Filling up the DagBag from /home/airflow/.local/lib/python3.8/site-packages/airflow/example_dags/tutorial.py
[2025-04-28T10:52:26.500+0000] {processor.py:840} INFO - DAG(s) 'tutorial' retrieved from /home/airflow/.local/lib/python3.8/site-packages/airflow/example_dags/tutorial.py
[2025-04-28T10:52:26.536+0000] {logging_mixin.py:188} INFO - [2025-04-28T10:52:26.536+0000] {dag.py:3033} INFO - Sync 1 DAGs
[2025-04-28T10:52:26.590+0000] {logging_mixin.py:188} INFO - [2025-04-28T10:52:26.589+0000] {dag.py:3820} INFO - Setting next_dagrun for tutorial to 2025-04-27T00:00:00+00:00, run_after=2025-04-28T00:00:00+00:00
[2025-04-28T10:52:26.645+0000] {processor.py:183} INFO - Processing /home/airflow/.local/lib/python3.8/site-packages/airflow/example_dags/tutorial.py took 0.167 seconds
[2025-04-28T10:52:59.126+0000] {processor.py:161} INFO - Started process (PID=1102) to work on /home/airflow/.local/lib/python3.8/site-packages/airflow/example_dags/tutorial.py
[2025-04-28T10:52:59.127+0000] {processor.py:830} INFO - Processing file /home/airflow/.local/lib/python3.8/site-packages/airflow/example_dags/tutorial.py for tasks to queue
[2025-04-28T10:52:59.130+0000] {logging_mixin.py:188} INFO - [2025-04-28T10:52:59.130+0000] {dagbag.py:538} INFO - Filling up the DagBag from /home/airflow/.local/lib/python3.8/site-packages/airflow/example_dags/tutorial.py
[2025-04-28T10:52:59.139+0000] {processor.py:840} INFO - DAG(s) 'tutorial' retrieved from /home/airflow/.local/lib/python3.8/site-packages/airflow/example_dags/tutorial.py
[2025-04-28T10:52:59.172+0000] {logging_mixin.py:188} INFO - [2025-04-28T10:52:59.172+0000] {dag.py:3033} INFO - Sync 1 DAGs
[2025-04-28T10:52:59.211+0000] {logging_mixin.py:188} INFO - [2025-04-28T10:52:59.211+0000] {dag.py:3820} INFO - Setting next_dagrun for tutorial to 2025-04-27T00:00:00+00:00, run_after=2025-04-28T00:00:00+00:00
[2025-04-28T10:52:59.247+0000] {processor.py:183} INFO - Processing /home/airflow/.local/lib/python3.8/site-packages/airflow/example_dags/tutorial.py took 0.126 seconds
[2025-04-28T10:53:31.227+0000] {processor.py:161} INFO - Started process (PID=1158) to work on /home/airflow/.local/lib/python3.8/site-packages/airflow/example_dags/tutorial.py
[2025-04-28T10:53:31.228+0000] {processor.py:830} INFO - Processing file /home/airflow/.local/lib/python3.8/site-packages/airflow/example_dags/tutorial.py for tasks to queue
[2025-04-28T10:53:31.231+0000] {logging_mixin.py:188} INFO - [2025-04-28T10:53:31.231+0000] {dagbag.py:538} INFO - Filling up the DagBag from /home/airflow/.local/lib/python3.8/site-packages/airflow/example_dags/tutorial.py
[2025-04-28T10:53:31.240+0000] {processor.py:840} INFO - DAG(s) 'tutorial' retrieved from /home/airflow/.local/lib/python3.8/site-packages/airflow/example_dags/tutorial.py
[2025-04-28T10:53:31.266+0000] {logging_mixin.py:188} INFO - [2025-04-28T10:53:31.265+0000] {dag.py:3033} INFO - Sync 1 DAGs
[2025-04-28T10:53:31.301+0000] {logging_mixin.py:188} INFO - [2025-04-28T10:53:31.301+0000] {dag.py:3820} INFO - Setting next_dagrun for tutorial to 2025-04-27T00:00:00+00:00, run_after=2025-04-28T00:00:00+00:00
[2025-04-28T10:53:31.339+0000] {processor.py:183} INFO - Processing /home/airflow/.local/lib/python3.8/site-packages/airflow/example_dags/tutorial.py took 0.117 seconds
[2025-04-28T10:54:04.368+0000] {processor.py:161} INFO - Started process (PID=1215) to work on /home/airflow/.local/lib/python3.8/site-packages/airflow/example_dags/tutorial.py
[2025-04-28T10:54:04.370+0000] {processor.py:830} INFO - Processing file /home/airflow/.local/lib/python3.8/site-packages/airflow/example_dags/tutorial.py for tasks to queue
[2025-04-28T10:54:04.372+0000] {logging_mixin.py:188} INFO - [2025-04-28T10:54:04.372+0000] {dagbag.py:538} INFO - Filling up the DagBag from /home/airflow/.local/lib/python3.8/site-packages/airflow/example_dags/tutorial.py
[2025-04-28T10:54:04.380+0000] {processor.py:840} INFO - DAG(s) 'tutorial' retrieved from /home/airflow/.local/lib/python3.8/site-packages/airflow/example_dags/tutorial.py
[2025-04-28T10:54:04.408+0000] {logging_mixin.py:188} INFO - [2025-04-28T10:54:04.408+0000] {dag.py:3033} INFO - Sync 1 DAGs
[2025-04-28T10:54:04.450+0000] {logging_mixin.py:188} INFO - [2025-04-28T10:54:04.450+0000] {dag.py:3820} INFO - Setting next_dagrun for tutorial to 2025-04-27T00:00:00+00:00, run_after=2025-04-28T00:00:00+00:00
[2025-04-28T10:54:04.489+0000] {processor.py:183} INFO - Processing /home/airflow/.local/lib/python3.8/site-packages/airflow/example_dags/tutorial.py took 0.125 seconds
[2025-04-28T10:54:36.868+0000] {processor.py:161} INFO - Started process (PID=1271) to work on /home/airflow/.local/lib/python3.8/site-packages/airflow/example_dags/tutorial.py
[2025-04-28T10:54:36.869+0000] {processor.py:830} INFO - Processing file /home/airflow/.local/lib/python3.8/site-packages/airflow/example_dags/tutorial.py for tasks to queue
[2025-04-28T10:54:36.872+0000] {logging_mixin.py:188} INFO - [2025-04-28T10:54:36.872+0000] {dagbag.py:538} INFO - Filling up the DagBag from /home/airflow/.local/lib/python3.8/site-packages/airflow/example_dags/tutorial.py
[2025-04-28T10:54:36.887+0000] {processor.py:840} INFO - DAG(s) 'tutorial' retrieved from /home/airflow/.local/lib/python3.8/site-packages/airflow/example_dags/tutorial.py
[2025-04-28T10:54:36.948+0000] {logging_mixin.py:188} INFO - [2025-04-28T10:54:36.948+0000] {dag.py:3033} INFO - Sync 1 DAGs
[2025-04-28T10:54:36.981+0000] {logging_mixin.py:188} INFO - [2025-04-28T10:54:36.980+0000] {dag.py:3820} INFO - Setting next_dagrun for tutorial to 2025-04-27T00:00:00+00:00, run_after=2025-04-28T00:00:00+00:00
[2025-04-28T10:54:37.010+0000] {processor.py:183} INFO - Processing /home/airflow/.local/lib/python3.8/site-packages/airflow/example_dags/tutorial.py took 0.147 seconds
[2025-04-28T10:55:09.711+0000] {processor.py:161} INFO - Started process (PID=1328) to work on /home/airflow/.local/lib/python3.8/site-packages/airflow/example_dags/tutorial.py
[2025-04-28T10:55:09.712+0000] {processor.py:830} INFO - Processing file /home/airflow/.local/lib/python3.8/site-packages/airflow/example_dags/tutorial.py for tasks to queue
[2025-04-28T10:55:09.715+0000] {logging_mixin.py:188} INFO - [2025-04-28T10:55:09.715+0000] {dagbag.py:538} INFO - Filling up the DagBag from /home/airflow/.local/lib/python3.8/site-packages/airflow/example_dags/tutorial.py
[2025-04-28T10:55:09.726+0000] {processor.py:840} INFO - DAG(s) 'tutorial' retrieved from /home/airflow/.local/lib/python3.8/site-packages/airflow/example_dags/tutorial.py
[2025-04-28T10:55:09.758+0000] {logging_mixin.py:188} INFO - [2025-04-28T10:55:09.757+0000] {dag.py:3033} INFO - Sync 1 DAGs
[2025-04-28T10:55:09.800+0000] {logging_mixin.py:188} INFO - [2025-04-28T10:55:09.800+0000] {dag.py:3820} INFO - Setting next_dagrun for tutorial to 2025-04-27T00:00:00+00:00, run_after=2025-04-28T00:00:00+00:00
[2025-04-28T10:55:09.842+0000] {processor.py:183} INFO - Processing /home/airflow/.local/lib/python3.8/site-packages/airflow/example_dags/tutorial.py took 0.136 seconds
[2025-04-28T10:55:43.188+0000] {processor.py:161} INFO - Started process (PID=1385) to work on /home/airflow/.local/lib/python3.8/site-packages/airflow/example_dags/tutorial.py
[2025-04-28T10:55:43.190+0000] {processor.py:830} INFO - Processing file /home/airflow/.local/lib/python3.8/site-packages/airflow/example_dags/tutorial.py for tasks to queue
[2025-04-28T10:55:43.192+0000] {logging_mixin.py:188} INFO - [2025-04-28T10:55:43.192+0000] {dagbag.py:538} INFO - Filling up the DagBag from /home/airflow/.local/lib/python3.8/site-packages/airflow/example_dags/tutorial.py
[2025-04-28T10:55:43.200+0000] {processor.py:840} INFO - DAG(s) 'tutorial' retrieved from /home/airflow/.local/lib/python3.8/site-packages/airflow/example_dags/tutorial.py
[2025-04-28T10:55:43.230+0000] {logging_mixin.py:188} INFO - [2025-04-28T10:55:43.229+0000] {dag.py:3033} INFO - Sync 1 DAGs
[2025-04-28T10:55:43.271+0000] {logging_mixin.py:188} INFO - [2025-04-28T10:55:43.271+0000] {dag.py:3820} INFO - Setting next_dagrun for tutorial to 2025-04-27T00:00:00+00:00, run_after=2025-04-28T00:00:00+00:00
[2025-04-28T10:55:43.298+0000] {processor.py:183} INFO - Processing /home/airflow/.local/lib/python3.8/site-packages/airflow/example_dags/tutorial.py took 0.115 seconds
[2025-04-28T10:56:16.636+0000] {processor.py:161} INFO - Started process (PID=1441) to work on /home/airflow/.local/lib/python3.8/site-packages/airflow/example_dags/tutorial.py
[2025-04-28T10:56:16.638+0000] {processor.py:830} INFO - Processing file /home/airflow/.local/lib/python3.8/site-packages/airflow/example_dags/tutorial.py for tasks to queue
[2025-04-28T10:56:16.641+0000] {logging_mixin.py:188} INFO - [2025-04-28T10:56:16.641+0000] {dagbag.py:538} INFO - Filling up the DagBag from /home/airflow/.local/lib/python3.8/site-packages/airflow/example_dags/tutorial.py
[2025-04-28T10:56:16.652+0000] {processor.py:840} INFO - DAG(s) 'tutorial' retrieved from /home/airflow/.local/lib/python3.8/site-packages/airflow/example_dags/tutorial.py
[2025-04-28T10:56:16.688+0000] {logging_mixin.py:188} INFO - [2025-04-28T10:56:16.688+0000] {dag.py:3033} INFO - Sync 1 DAGs
[2025-04-28T10:56:16.729+0000] {logging_mixin.py:188} INFO - [2025-04-28T10:56:16.729+0000] {dag.py:3820} INFO - Setting next_dagrun for tutorial to 2025-04-27T00:00:00+00:00, run_after=2025-04-28T00:00:00+00:00
[2025-04-28T10:56:16.759+0000] {processor.py:183} INFO - Processing /home/airflow/.local/lib/python3.8/site-packages/airflow/example_dags/tutorial.py took 0.128 seconds
[2025-04-28T10:56:48.683+0000] {processor.py:161} INFO - Started process (PID=1496) to work on /home/airflow/.local/lib/python3.8/site-packages/airflow/example_dags/tutorial.py
[2025-04-28T10:56:48.684+0000] {processor.py:830} INFO - Processing file /home/airflow/.local/lib/python3.8/site-packages/airflow/example_dags/tutorial.py for tasks to queue
[2025-04-28T10:56:48.688+0000] {logging_mixin.py:188} INFO - [2025-04-28T10:56:48.687+0000] {dagbag.py:538} INFO - Filling up the DagBag from /home/airflow/.local/lib/python3.8/site-packages/airflow/example_dags/tutorial.py
[2025-04-28T10:56:48.698+0000] {processor.py:840} INFO - DAG(s) 'tutorial' retrieved from /home/airflow/.local/lib/python3.8/site-packages/airflow/example_dags/tutorial.py
[2025-04-28T10:56:48.729+0000] {logging_mixin.py:188} INFO - [2025-04-28T10:56:48.729+0000] {dag.py:3033} INFO - Sync 1 DAGs
[2025-04-28T10:56:48.781+0000] {logging_mixin.py:188} INFO - [2025-04-28T10:56:48.781+0000] {dag.py:3820} INFO - Setting next_dagrun for tutorial to 2025-04-27T00:00:00+00:00, run_after=2025-04-28T00:00:00+00:00
[2025-04-28T10:56:48.827+0000] {processor.py:183} INFO - Processing /home/airflow/.local/lib/python3.8/site-packages/airflow/example_dags/tutorial.py took 0.150 seconds
[2025-04-28T10:59:47.982+0000] {processor.py:161} INFO - Started process (PID=103) to work on /home/airflow/.local/lib/python3.8/site-packages/airflow/example_dags/tutorial.py
[2025-04-28T10:59:47.989+0000] {processor.py:830} INFO - Processing file /home/airflow/.local/lib/python3.8/site-packages/airflow/example_dags/tutorial.py for tasks to queue
[2025-04-28T10:59:47.995+0000] {logging_mixin.py:188} INFO - [2025-04-28T10:59:47.994+0000] {dagbag.py:538} INFO - Filling up the DagBag from /home/airflow/.local/lib/python3.8/site-packages/airflow/example_dags/tutorial.py
[2025-04-28T10:59:48.026+0000] {processor.py:840} INFO - DAG(s) 'tutorial' retrieved from /home/airflow/.local/lib/python3.8/site-packages/airflow/example_dags/tutorial.py
[2025-04-28T10:59:48.457+0000] {logging_mixin.py:188} INFO - [2025-04-28T10:59:48.457+0000] {dag.py:3033} INFO - Sync 1 DAGs
[2025-04-28T10:59:48.507+0000] {logging_mixin.py:188} INFO - [2025-04-28T10:59:48.507+0000] {dag.py:3820} INFO - Setting next_dagrun for tutorial to 2025-04-27T00:00:00+00:00, run_after=2025-04-28T00:00:00+00:00
[2025-04-28T10:59:48.602+0000] {processor.py:183} INFO - Processing /home/airflow/.local/lib/python3.8/site-packages/airflow/example_dags/tutorial.py took 0.627 seconds
[2025-04-28T11:00:18.716+0000] {processor.py:161} INFO - Started process (PID=153) to work on /home/airflow/.local/lib/python3.8/site-packages/airflow/example_dags/tutorial.py
[2025-04-28T11:00:18.718+0000] {processor.py:830} INFO - Processing file /home/airflow/.local/lib/python3.8/site-packages/airflow/example_dags/tutorial.py for tasks to queue
[2025-04-28T11:00:18.721+0000] {logging_mixin.py:188} INFO - [2025-04-28T11:00:18.721+0000] {dagbag.py:538} INFO - Filling up the DagBag from /home/airflow/.local/lib/python3.8/site-packages/airflow/example_dags/tutorial.py
[2025-04-28T11:00:18.732+0000] {processor.py:840} INFO - DAG(s) 'tutorial' retrieved from /home/airflow/.local/lib/python3.8/site-packages/airflow/example_dags/tutorial.py
[2025-04-28T11:00:18.764+0000] {logging_mixin.py:188} INFO - [2025-04-28T11:00:18.764+0000] {dag.py:3033} INFO - Sync 1 DAGs
[2025-04-28T11:00:18.798+0000] {logging_mixin.py:188} INFO - [2025-04-28T11:00:18.798+0000] {dag.py:3820} INFO - Setting next_dagrun for tutorial to 2025-04-27T00:00:00+00:00, run_after=2025-04-28T00:00:00+00:00
[2025-04-28T11:00:18.879+0000] {processor.py:183} INFO - Processing /home/airflow/.local/lib/python3.8/site-packages/airflow/example_dags/tutorial.py took 0.167 seconds
[2025-04-28T11:00:49.337+0000] {processor.py:161} INFO - Started process (PID=209) to work on /home/airflow/.local/lib/python3.8/site-packages/airflow/example_dags/tutorial.py
[2025-04-28T11:00:49.338+0000] {processor.py:830} INFO - Processing file /home/airflow/.local/lib/python3.8/site-packages/airflow/example_dags/tutorial.py for tasks to queue
[2025-04-28T11:00:49.342+0000] {logging_mixin.py:188} INFO - [2025-04-28T11:00:49.342+0000] {dagbag.py:538} INFO - Filling up the DagBag from /home/airflow/.local/lib/python3.8/site-packages/airflow/example_dags/tutorial.py
[2025-04-28T11:00:49.354+0000] {processor.py:840} INFO - DAG(s) 'tutorial' retrieved from /home/airflow/.local/lib/python3.8/site-packages/airflow/example_dags/tutorial.py
[2025-04-28T11:00:49.385+0000] {logging_mixin.py:188} INFO - [2025-04-28T11:00:49.384+0000] {dag.py:3033} INFO - Sync 1 DAGs
[2025-04-28T11:00:49.415+0000] {logging_mixin.py:188} INFO - [2025-04-28T11:00:49.415+0000] {dag.py:3820} INFO - Setting next_dagrun for tutorial to 2025-04-27T00:00:00+00:00, run_after=2025-04-28T00:00:00+00:00
[2025-04-28T11:00:49.444+0000] {processor.py:183} INFO - Processing /home/airflow/.local/lib/python3.8/site-packages/airflow/example_dags/tutorial.py took 0.111 seconds
[2025-04-28T11:01:19.698+0000] {processor.py:161} INFO - Started process (PID=266) to work on /home/airflow/.local/lib/python3.8/site-packages/airflow/example_dags/tutorial.py
[2025-04-28T11:01:19.699+0000] {processor.py:830} INFO - Processing file /home/airflow/.local/lib/python3.8/site-packages/airflow/example_dags/tutorial.py for tasks to queue
[2025-04-28T11:01:19.704+0000] {logging_mixin.py:188} INFO - [2025-04-28T11:01:19.703+0000] {dagbag.py:538} INFO - Filling up the DagBag from /home/airflow/.local/lib/python3.8/site-packages/airflow/example_dags/tutorial.py
[2025-04-28T11:01:19.718+0000] {processor.py:840} INFO - DAG(s) 'tutorial' retrieved from /home/airflow/.local/lib/python3.8/site-packages/airflow/example_dags/tutorial.py
[2025-04-28T11:01:19.756+0000] {logging_mixin.py:188} INFO - [2025-04-28T11:01:19.756+0000] {dag.py:3033} INFO - Sync 1 DAGs
[2025-04-28T11:01:19.797+0000] {logging_mixin.py:188} INFO - [2025-04-28T11:01:19.796+0000] {dag.py:3820} INFO - Setting next_dagrun for tutorial to 2025-04-27T00:00:00+00:00, run_after=2025-04-28T00:00:00+00:00
[2025-04-28T11:01:19.826+0000] {processor.py:183} INFO - Processing /home/airflow/.local/lib/python3.8/site-packages/airflow/example_dags/tutorial.py took 0.133 seconds
[2025-04-28T11:01:50.006+0000] {processor.py:161} INFO - Started process (PID=322) to work on /home/airflow/.local/lib/python3.8/site-packages/airflow/example_dags/tutorial.py
[2025-04-28T11:01:50.007+0000] {processor.py:830} INFO - Processing file /home/airflow/.local/lib/python3.8/site-packages/airflow/example_dags/tutorial.py for tasks to queue
[2025-04-28T11:01:50.011+0000] {logging_mixin.py:188} INFO - [2025-04-28T11:01:50.010+0000] {dagbag.py:538} INFO - Filling up the DagBag from /home/airflow/.local/lib/python3.8/site-packages/airflow/example_dags/tutorial.py
[2025-04-28T11:01:50.019+0000] {processor.py:840} INFO - DAG(s) 'tutorial' retrieved from /home/airflow/.local/lib/python3.8/site-packages/airflow/example_dags/tutorial.py
[2025-04-28T11:01:50.081+0000] {logging_mixin.py:188} INFO - [2025-04-28T11:01:50.080+0000] {dag.py:3033} INFO - Sync 1 DAGs
[2025-04-28T11:01:50.142+0000] {logging_mixin.py:188} INFO - [2025-04-28T11:01:50.141+0000] {dag.py:3820} INFO - Setting next_dagrun for tutorial to 2025-04-27T00:00:00+00:00, run_after=2025-04-28T00:00:00+00:00
[2025-04-28T11:01:50.174+0000] {processor.py:183} INFO - Processing /home/airflow/.local/lib/python3.8/site-packages/airflow/example_dags/tutorial.py took 0.174 seconds
[2025-04-28T11:02:20.792+0000] {processor.py:161} INFO - Started process (PID=378) to work on /home/airflow/.local/lib/python3.8/site-packages/airflow/example_dags/tutorial.py
[2025-04-28T11:02:20.793+0000] {processor.py:830} INFO - Processing file /home/airflow/.local/lib/python3.8/site-packages/airflow/example_dags/tutorial.py for tasks to queue
[2025-04-28T11:02:20.796+0000] {logging_mixin.py:188} INFO - [2025-04-28T11:02:20.796+0000] {dagbag.py:538} INFO - Filling up the DagBag from /home/airflow/.local/lib/python3.8/site-packages/airflow/example_dags/tutorial.py
[2025-04-28T11:02:20.806+0000] {processor.py:840} INFO - DAG(s) 'tutorial' retrieved from /home/airflow/.local/lib/python3.8/site-packages/airflow/example_dags/tutorial.py
[2025-04-28T11:02:20.838+0000] {logging_mixin.py:188} INFO - [2025-04-28T11:02:20.838+0000] {dag.py:3033} INFO - Sync 1 DAGs
[2025-04-28T11:02:20.869+0000] {logging_mixin.py:188} INFO - [2025-04-28T11:02:20.869+0000] {dag.py:3820} INFO - Setting next_dagrun for tutorial to 2025-04-27T00:00:00+00:00, run_after=2025-04-28T00:00:00+00:00
[2025-04-28T11:02:20.896+0000] {processor.py:183} INFO - Processing /home/airflow/.local/lib/python3.8/site-packages/airflow/example_dags/tutorial.py took 0.109 seconds
[2025-04-28T11:02:51.014+0000] {processor.py:161} INFO - Started process (PID=434) to work on /home/airflow/.local/lib/python3.8/site-packages/airflow/example_dags/tutorial.py
[2025-04-28T11:02:51.015+0000] {processor.py:830} INFO - Processing file /home/airflow/.local/lib/python3.8/site-packages/airflow/example_dags/tutorial.py for tasks to queue
[2025-04-28T11:02:51.019+0000] {logging_mixin.py:188} INFO - [2025-04-28T11:02:51.018+0000] {dagbag.py:538} INFO - Filling up the DagBag from /home/airflow/.local/lib/python3.8/site-packages/airflow/example_dags/tutorial.py
[2025-04-28T11:02:51.028+0000] {processor.py:840} INFO - DAG(s) 'tutorial' retrieved from /home/airflow/.local/lib/python3.8/site-packages/airflow/example_dags/tutorial.py
[2025-04-28T11:02:51.059+0000] {logging_mixin.py:188} INFO - [2025-04-28T11:02:51.059+0000] {dag.py:3033} INFO - Sync 1 DAGs
[2025-04-28T11:02:51.101+0000] {logging_mixin.py:188} INFO - [2025-04-28T11:02:51.101+0000] {dag.py:3820} INFO - Setting next_dagrun for tutorial to 2025-04-27T00:00:00+00:00, run_after=2025-04-28T00:00:00+00:00
[2025-04-28T11:02:51.129+0000] {processor.py:183} INFO - Processing /home/airflow/.local/lib/python3.8/site-packages/airflow/example_dags/tutorial.py took 0.120 seconds
[2025-04-28T11:03:22.169+0000] {processor.py:161} INFO - Started process (PID=490) to work on /home/airflow/.local/lib/python3.8/site-packages/airflow/example_dags/tutorial.py
[2025-04-28T11:03:22.171+0000] {processor.py:830} INFO - Processing file /home/airflow/.local/lib/python3.8/site-packages/airflow/example_dags/tutorial.py for tasks to queue
[2025-04-28T11:03:22.175+0000] {logging_mixin.py:188} INFO - [2025-04-28T11:03:22.175+0000] {dagbag.py:538} INFO - Filling up the DagBag from /home/airflow/.local/lib/python3.8/site-packages/airflow/example_dags/tutorial.py
[2025-04-28T11:03:22.184+0000] {processor.py:840} INFO - DAG(s) 'tutorial' retrieved from /home/airflow/.local/lib/python3.8/site-packages/airflow/example_dags/tutorial.py
[2025-04-28T11:03:22.214+0000] {logging_mixin.py:188} INFO - [2025-04-28T11:03:22.214+0000] {dag.py:3033} INFO - Sync 1 DAGs
[2025-04-28T11:03:22.253+0000] {logging_mixin.py:188} INFO - [2025-04-28T11:03:22.252+0000] {dag.py:3820} INFO - Setting next_dagrun for tutorial to 2025-04-27T00:00:00+00:00, run_after=2025-04-28T00:00:00+00:00
[2025-04-28T11:03:22.322+0000] {processor.py:183} INFO - Processing /home/airflow/.local/lib/python3.8/site-packages/airflow/example_dags/tutorial.py took 0.158 seconds
[2025-04-28T11:03:55.922+0000] {processor.py:161} INFO - Started process (PID=546) to work on /home/airflow/.local/lib/python3.8/site-packages/airflow/example_dags/tutorial.py
[2025-04-28T11:03:55.923+0000] {processor.py:830} INFO - Processing file /home/airflow/.local/lib/python3.8/site-packages/airflow/example_dags/tutorial.py for tasks to queue
[2025-04-28T11:03:55.928+0000] {logging_mixin.py:188} INFO - [2025-04-28T11:03:55.927+0000] {dagbag.py:538} INFO - Filling up the DagBag from /home/airflow/.local/lib/python3.8/site-packages/airflow/example_dags/tutorial.py
[2025-04-28T11:03:55.937+0000] {processor.py:840} INFO - DAG(s) 'tutorial' retrieved from /home/airflow/.local/lib/python3.8/site-packages/airflow/example_dags/tutorial.py
[2025-04-28T11:03:55.968+0000] {logging_mixin.py:188} INFO - [2025-04-28T11:03:55.967+0000] {dag.py:3033} INFO - Sync 1 DAGs
[2025-04-28T11:03:56.006+0000] {logging_mixin.py:188} INFO - [2025-04-28T11:03:56.006+0000] {dag.py:3820} INFO - Setting next_dagrun for tutorial to 2025-04-27T00:00:00+00:00, run_after=2025-04-28T00:00:00+00:00
[2025-04-28T11:03:56.053+0000] {processor.py:183} INFO - Processing /home/airflow/.local/lib/python3.8/site-packages/airflow/example_dags/tutorial.py took 0.136 seconds
[2025-04-28T11:04:29.296+0000] {processor.py:161} INFO - Started process (PID=602) to work on /home/airflow/.local/lib/python3.8/site-packages/airflow/example_dags/tutorial.py
[2025-04-28T11:04:29.298+0000] {processor.py:830} INFO - Processing file /home/airflow/.local/lib/python3.8/site-packages/airflow/example_dags/tutorial.py for tasks to queue
[2025-04-28T11:04:29.306+0000] {logging_mixin.py:188} INFO - [2025-04-28T11:04:29.306+0000] {dagbag.py:538} INFO - Filling up the DagBag from /home/airflow/.local/lib/python3.8/site-packages/airflow/example_dags/tutorial.py
[2025-04-28T11:04:29.326+0000] {processor.py:840} INFO - DAG(s) 'tutorial' retrieved from /home/airflow/.local/lib/python3.8/site-packages/airflow/example_dags/tutorial.py
[2025-04-28T11:04:29.395+0000] {logging_mixin.py:188} INFO - [2025-04-28T11:04:29.395+0000] {dag.py:3033} INFO - Sync 1 DAGs
[2025-04-28T11:04:29.465+0000] {logging_mixin.py:188} INFO - [2025-04-28T11:04:29.465+0000] {dag.py:3820} INFO - Setting next_dagrun for tutorial to 2025-04-27T00:00:00+00:00, run_after=2025-04-28T00:00:00+00:00
[2025-04-28T11:04:29.503+0000] {processor.py:183} INFO - Processing /home/airflow/.local/lib/python3.8/site-packages/airflow/example_dags/tutorial.py took 0.216 seconds
[2025-04-28T11:05:00.036+0000] {processor.py:161} INFO - Started process (PID=658) to work on /home/airflow/.local/lib/python3.8/site-packages/airflow/example_dags/tutorial.py
[2025-04-28T11:05:00.037+0000] {processor.py:830} INFO - Processing file /home/airflow/.local/lib/python3.8/site-packages/airflow/example_dags/tutorial.py for tasks to queue
[2025-04-28T11:05:00.040+0000] {logging_mixin.py:188} INFO - [2025-04-28T11:05:00.040+0000] {dagbag.py:538} INFO - Filling up the DagBag from /home/airflow/.local/lib/python3.8/site-packages/airflow/example_dags/tutorial.py
[2025-04-28T11:05:00.048+0000] {processor.py:840} INFO - DAG(s) 'tutorial' retrieved from /home/airflow/.local/lib/python3.8/site-packages/airflow/example_dags/tutorial.py
[2025-04-28T11:05:00.090+0000] {logging_mixin.py:188} INFO - [2025-04-28T11:05:00.089+0000] {dag.py:3033} INFO - Sync 1 DAGs
[2025-04-28T11:05:00.140+0000] {logging_mixin.py:188} INFO - [2025-04-28T11:05:00.140+0000] {dag.py:3820} INFO - Setting next_dagrun for tutorial to 2025-04-27T00:00:00+00:00, run_after=2025-04-28T00:00:00+00:00
[2025-04-28T11:05:00.170+0000] {processor.py:183} INFO - Processing /home/airflow/.local/lib/python3.8/site-packages/airflow/example_dags/tutorial.py took 0.140 seconds
[2025-04-28T11:05:31.763+0000] {processor.py:161} INFO - Started process (PID=715) to work on /home/airflow/.local/lib/python3.8/site-packages/airflow/example_dags/tutorial.py
[2025-04-28T11:05:31.765+0000] {processor.py:830} INFO - Processing file /home/airflow/.local/lib/python3.8/site-packages/airflow/example_dags/tutorial.py for tasks to queue
[2025-04-28T11:05:31.769+0000] {logging_mixin.py:188} INFO - [2025-04-28T11:05:31.769+0000] {dagbag.py:538} INFO - Filling up the DagBag from /home/airflow/.local/lib/python3.8/site-packages/airflow/example_dags/tutorial.py
[2025-04-28T11:05:31.779+0000] {processor.py:840} INFO - DAG(s) 'tutorial' retrieved from /home/airflow/.local/lib/python3.8/site-packages/airflow/example_dags/tutorial.py
[2025-04-28T11:05:31.816+0000] {logging_mixin.py:188} INFO - [2025-04-28T11:05:31.816+0000] {dag.py:3033} INFO - Sync 1 DAGs
[2025-04-28T11:05:31.869+0000] {logging_mixin.py:188} INFO - [2025-04-28T11:05:31.869+0000] {dag.py:3820} INFO - Setting next_dagrun for tutorial to 2025-04-27T00:00:00+00:00, run_after=2025-04-28T00:00:00+00:00
[2025-04-28T11:05:31.909+0000] {processor.py:183} INFO - Processing /home/airflow/.local/lib/python3.8/site-packages/airflow/example_dags/tutorial.py took 0.150 seconds
[2025-04-28T11:06:05.286+0000] {processor.py:161} INFO - Started process (PID=771) to work on /home/airflow/.local/lib/python3.8/site-packages/airflow/example_dags/tutorial.py
[2025-04-28T11:06:05.288+0000] {processor.py:830} INFO - Processing file /home/airflow/.local/lib/python3.8/site-packages/airflow/example_dags/tutorial.py for tasks to queue
[2025-04-28T11:06:05.292+0000] {logging_mixin.py:188} INFO - [2025-04-28T11:06:05.291+0000] {dagbag.py:538} INFO - Filling up the DagBag from /home/airflow/.local/lib/python3.8/site-packages/airflow/example_dags/tutorial.py
[2025-04-28T11:06:05.301+0000] {processor.py:840} INFO - DAG(s) 'tutorial' retrieved from /home/airflow/.local/lib/python3.8/site-packages/airflow/example_dags/tutorial.py
[2025-04-28T11:06:05.335+0000] {logging_mixin.py:188} INFO - [2025-04-28T11:06:05.335+0000] {dag.py:3033} INFO - Sync 1 DAGs
[2025-04-28T11:06:05.370+0000] {logging_mixin.py:188} INFO - [2025-04-28T11:06:05.370+0000] {dag.py:3820} INFO - Setting next_dagrun for tutorial to 2025-04-27T00:00:00+00:00, run_after=2025-04-28T00:00:00+00:00
[2025-04-28T11:06:05.402+0000] {processor.py:183} INFO - Processing /home/airflow/.local/lib/python3.8/site-packages/airflow/example_dags/tutorial.py took 0.124 seconds
[2025-04-28T11:06:37.959+0000] {processor.py:161} INFO - Started process (PID=827) to work on /home/airflow/.local/lib/python3.8/site-packages/airflow/example_dags/tutorial.py
[2025-04-28T11:06:37.960+0000] {processor.py:830} INFO - Processing file /home/airflow/.local/lib/python3.8/site-packages/airflow/example_dags/tutorial.py for tasks to queue
[2025-04-28T11:06:37.964+0000] {logging_mixin.py:188} INFO - [2025-04-28T11:06:37.963+0000] {dagbag.py:538} INFO - Filling up the DagBag from /home/airflow/.local/lib/python3.8/site-packages/airflow/example_dags/tutorial.py
[2025-04-28T11:06:37.974+0000] {processor.py:840} INFO - DAG(s) 'tutorial' retrieved from /home/airflow/.local/lib/python3.8/site-packages/airflow/example_dags/tutorial.py
[2025-04-28T11:06:38.021+0000] {logging_mixin.py:188} INFO - [2025-04-28T11:06:38.020+0000] {dag.py:3033} INFO - Sync 1 DAGs
[2025-04-28T11:06:38.062+0000] {logging_mixin.py:188} INFO - [2025-04-28T11:06:38.061+0000] {dag.py:3820} INFO - Setting next_dagrun for tutorial to 2025-04-27T00:00:00+00:00, run_after=2025-04-28T00:00:00+00:00
[2025-04-28T11:06:38.096+0000] {processor.py:183} INFO - Processing /home/airflow/.local/lib/python3.8/site-packages/airflow/example_dags/tutorial.py took 0.142 seconds
[2025-04-28T11:07:11.962+0000] {processor.py:161} INFO - Started process (PID=882) to work on /home/airflow/.local/lib/python3.8/site-packages/airflow/example_dags/tutorial.py
[2025-04-28T11:07:11.977+0000] {processor.py:830} INFO - Processing file /home/airflow/.local/lib/python3.8/site-packages/airflow/example_dags/tutorial.py for tasks to queue
[2025-04-28T11:07:11.987+0000] {logging_mixin.py:188} INFO - [2025-04-28T11:07:11.987+0000] {dagbag.py:538} INFO - Filling up the DagBag from /home/airflow/.local/lib/python3.8/site-packages/airflow/example_dags/tutorial.py
[2025-04-28T11:07:12.009+0000] {processor.py:840} INFO - DAG(s) 'tutorial' retrieved from /home/airflow/.local/lib/python3.8/site-packages/airflow/example_dags/tutorial.py
[2025-04-28T11:07:12.055+0000] {logging_mixin.py:188} INFO - [2025-04-28T11:07:12.055+0000] {dag.py:3033} INFO - Sync 1 DAGs
[2025-04-28T11:07:12.196+0000] {logging_mixin.py:188} INFO - [2025-04-28T11:07:12.195+0000] {dag.py:3820} INFO - Setting next_dagrun for tutorial to 2025-04-27T00:00:00+00:00, run_after=2025-04-28T00:00:00+00:00
[2025-04-28T11:07:12.312+0000] {processor.py:183} INFO - Processing /home/airflow/.local/lib/python3.8/site-packages/airflow/example_dags/tutorial.py took 0.357 seconds
[2025-04-28T11:07:42.718+0000] {processor.py:161} INFO - Started process (PID=939) to work on /home/airflow/.local/lib/python3.8/site-packages/airflow/example_dags/tutorial.py
[2025-04-28T11:07:42.719+0000] {processor.py:830} INFO - Processing file /home/airflow/.local/lib/python3.8/site-packages/airflow/example_dags/tutorial.py for tasks to queue
[2025-04-28T11:07:42.723+0000] {logging_mixin.py:188} INFO - [2025-04-28T11:07:42.722+0000] {dagbag.py:538} INFO - Filling up the DagBag from /home/airflow/.local/lib/python3.8/site-packages/airflow/example_dags/tutorial.py
[2025-04-28T11:07:42.732+0000] {processor.py:840} INFO - DAG(s) 'tutorial' retrieved from /home/airflow/.local/lib/python3.8/site-packages/airflow/example_dags/tutorial.py
[2025-04-28T11:07:42.768+0000] {logging_mixin.py:188} INFO - [2025-04-28T11:07:42.768+0000] {dag.py:3033} INFO - Sync 1 DAGs
[2025-04-28T11:07:42.821+0000] {logging_mixin.py:188} INFO - [2025-04-28T11:07:42.821+0000] {dag.py:3820} INFO - Setting next_dagrun for tutorial to 2025-04-27T00:00:00+00:00, run_after=2025-04-28T00:00:00+00:00
[2025-04-28T11:07:42.860+0000] {processor.py:183} INFO - Processing /home/airflow/.local/lib/python3.8/site-packages/airflow/example_dags/tutorial.py took 0.147 seconds
[2025-04-28T11:08:16.735+0000] {processor.py:161} INFO - Started process (PID=997) to work on /home/airflow/.local/lib/python3.8/site-packages/airflow/example_dags/tutorial.py
[2025-04-28T11:08:16.737+0000] {processor.py:830} INFO - Processing file /home/airflow/.local/lib/python3.8/site-packages/airflow/example_dags/tutorial.py for tasks to queue
[2025-04-28T11:08:16.740+0000] {logging_mixin.py:188} INFO - [2025-04-28T11:08:16.740+0000] {dagbag.py:538} INFO - Filling up the DagBag from /home/airflow/.local/lib/python3.8/site-packages/airflow/example_dags/tutorial.py
[2025-04-28T11:08:16.752+0000] {processor.py:840} INFO - DAG(s) 'tutorial' retrieved from /home/airflow/.local/lib/python3.8/site-packages/airflow/example_dags/tutorial.py
[2025-04-28T11:08:16.799+0000] {logging_mixin.py:188} INFO - [2025-04-28T11:08:16.799+0000] {dag.py:3033} INFO - Sync 1 DAGs
[2025-04-28T11:08:16.846+0000] {logging_mixin.py:188} INFO - [2025-04-28T11:08:16.846+0000] {dag.py:3820} INFO - Setting next_dagrun for tutorial to 2025-04-27T00:00:00+00:00, run_after=2025-04-28T00:00:00+00:00
[2025-04-28T11:08:16.889+0000] {processor.py:183} INFO - Processing /home/airflow/.local/lib/python3.8/site-packages/airflow/example_dags/tutorial.py took 0.159 seconds
[2025-04-28T11:08:49.458+0000] {processor.py:161} INFO - Started process (PID=1055) to work on /home/airflow/.local/lib/python3.8/site-packages/airflow/example_dags/tutorial.py
[2025-04-28T11:08:49.459+0000] {processor.py:830} INFO - Processing file /home/airflow/.local/lib/python3.8/site-packages/airflow/example_dags/tutorial.py for tasks to queue
[2025-04-28T11:08:49.464+0000] {logging_mixin.py:188} INFO - [2025-04-28T11:08:49.463+0000] {dagbag.py:538} INFO - Filling up the DagBag from /home/airflow/.local/lib/python3.8/site-packages/airflow/example_dags/tutorial.py
[2025-04-28T11:08:49.474+0000] {processor.py:840} INFO - DAG(s) 'tutorial' retrieved from /home/airflow/.local/lib/python3.8/site-packages/airflow/example_dags/tutorial.py
[2025-04-28T11:08:49.525+0000] {logging_mixin.py:188} INFO - [2025-04-28T11:08:49.524+0000] {dag.py:3033} INFO - Sync 1 DAGs
[2025-04-28T11:08:49.604+0000] {logging_mixin.py:188} INFO - [2025-04-28T11:08:49.603+0000] {dag.py:3820} INFO - Setting next_dagrun for tutorial to 2025-04-27T00:00:00+00:00, run_after=2025-04-28T00:00:00+00:00
[2025-04-28T11:08:49.661+0000] {processor.py:183} INFO - Processing /home/airflow/.local/lib/python3.8/site-packages/airflow/example_dags/tutorial.py took 0.209 seconds
[2025-04-28T11:09:24.040+0000] {processor.py:161} INFO - Started process (PID=1112) to work on /home/airflow/.local/lib/python3.8/site-packages/airflow/example_dags/tutorial.py
[2025-04-28T11:09:24.041+0000] {processor.py:830} INFO - Processing file /home/airflow/.local/lib/python3.8/site-packages/airflow/example_dags/tutorial.py for tasks to queue
[2025-04-28T11:09:24.047+0000] {logging_mixin.py:188} INFO - [2025-04-28T11:09:24.046+0000] {dagbag.py:538} INFO - Filling up the DagBag from /home/airflow/.local/lib/python3.8/site-packages/airflow/example_dags/tutorial.py
[2025-04-28T11:09:24.060+0000] {processor.py:840} INFO - DAG(s) 'tutorial' retrieved from /home/airflow/.local/lib/python3.8/site-packages/airflow/example_dags/tutorial.py
[2025-04-28T11:09:24.103+0000] {logging_mixin.py:188} INFO - [2025-04-28T11:09:24.103+0000] {dag.py:3033} INFO - Sync 1 DAGs
[2025-04-28T11:09:24.150+0000] {logging_mixin.py:188} INFO - [2025-04-28T11:09:24.149+0000] {dag.py:3820} INFO - Setting next_dagrun for tutorial to 2025-04-27T00:00:00+00:00, run_after=2025-04-28T00:00:00+00:00
[2025-04-28T11:09:24.192+0000] {processor.py:183} INFO - Processing /home/airflow/.local/lib/python3.8/site-packages/airflow/example_dags/tutorial.py took 0.158 seconds
[2025-04-28T11:10:00.092+0000] {processor.py:161} INFO - Started process (PID=1183) to work on /home/airflow/.local/lib/python3.8/site-packages/airflow/example_dags/tutorial.py
[2025-04-28T11:10:00.170+0000] {processor.py:830} INFO - Processing file /home/airflow/.local/lib/python3.8/site-packages/airflow/example_dags/tutorial.py for tasks to queue
[2025-04-28T11:10:00.184+0000] {logging_mixin.py:188} INFO - [2025-04-28T11:10:00.183+0000] {dagbag.py:538} INFO - Filling up the DagBag from /home/airflow/.local/lib/python3.8/site-packages/airflow/example_dags/tutorial.py
[2025-04-28T11:10:00.270+0000] {processor.py:840} INFO - DAG(s) 'tutorial' retrieved from /home/airflow/.local/lib/python3.8/site-packages/airflow/example_dags/tutorial.py
[2025-04-28T11:10:00.453+0000] {logging_mixin.py:188} INFO - [2025-04-28T11:10:00.453+0000] {dag.py:3033} INFO - Sync 1 DAGs
[2025-04-28T11:10:00.595+0000] {logging_mixin.py:188} INFO - [2025-04-28T11:10:00.595+0000] {dag.py:3820} INFO - Setting next_dagrun for tutorial to 2025-04-27T00:00:00+00:00, run_after=2025-04-28T00:00:00+00:00
[2025-04-28T11:10:00.703+0000] {processor.py:183} INFO - Processing /home/airflow/.local/lib/python3.8/site-packages/airflow/example_dags/tutorial.py took 0.628 seconds
[2025-04-28T11:10:30.927+0000] {processor.py:161} INFO - Started process (PID=1239) to work on /home/airflow/.local/lib/python3.8/site-packages/airflow/example_dags/tutorial.py
[2025-04-28T11:10:30.928+0000] {processor.py:830} INFO - Processing file /home/airflow/.local/lib/python3.8/site-packages/airflow/example_dags/tutorial.py for tasks to queue
[2025-04-28T11:10:30.931+0000] {logging_mixin.py:188} INFO - [2025-04-28T11:10:30.931+0000] {dagbag.py:538} INFO - Filling up the DagBag from /home/airflow/.local/lib/python3.8/site-packages/airflow/example_dags/tutorial.py
[2025-04-28T11:10:30.941+0000] {processor.py:840} INFO - DAG(s) 'tutorial' retrieved from /home/airflow/.local/lib/python3.8/site-packages/airflow/example_dags/tutorial.py
[2025-04-28T11:10:30.975+0000] {logging_mixin.py:188} INFO - [2025-04-28T11:10:30.974+0000] {dag.py:3033} INFO - Sync 1 DAGs
[2025-04-28T11:10:31.004+0000] {logging_mixin.py:188} INFO - [2025-04-28T11:10:31.004+0000] {dag.py:3820} INFO - Setting next_dagrun for tutorial to 2025-04-27T00:00:00+00:00, run_after=2025-04-28T00:00:00+00:00
[2025-04-28T11:10:31.029+0000] {processor.py:183} INFO - Processing /home/airflow/.local/lib/python3.8/site-packages/airflow/example_dags/tutorial.py took 0.108 seconds
[2025-04-28T11:11:01.978+0000] {processor.py:161} INFO - Started process (PID=1296) to work on /home/airflow/.local/lib/python3.8/site-packages/airflow/example_dags/tutorial.py
[2025-04-28T11:11:01.980+0000] {processor.py:830} INFO - Processing file /home/airflow/.local/lib/python3.8/site-packages/airflow/example_dags/tutorial.py for tasks to queue
[2025-04-28T11:11:01.986+0000] {logging_mixin.py:188} INFO - [2025-04-28T11:11:01.983+0000] {dagbag.py:538} INFO - Filling up the DagBag from /home/airflow/.local/lib/python3.8/site-packages/airflow/example_dags/tutorial.py
[2025-04-28T11:11:01.996+0000] {processor.py:840} INFO - DAG(s) 'tutorial' retrieved from /home/airflow/.local/lib/python3.8/site-packages/airflow/example_dags/tutorial.py
[2025-04-28T11:11:02.047+0000] {logging_mixin.py:188} INFO - [2025-04-28T11:11:02.044+0000] {dag.py:3033} INFO - Sync 1 DAGs
[2025-04-28T11:11:02.117+0000] {logging_mixin.py:188} INFO - [2025-04-28T11:11:02.117+0000] {dag.py:3820} INFO - Setting next_dagrun for tutorial to 2025-04-27T00:00:00+00:00, run_after=2025-04-28T00:00:00+00:00
[2025-04-28T11:11:02.168+0000] {processor.py:183} INFO - Processing /home/airflow/.local/lib/python3.8/site-packages/airflow/example_dags/tutorial.py took 0.200 seconds
[2025-04-28T11:11:32.784+0000] {processor.py:161} INFO - Started process (PID=1353) to work on /home/airflow/.local/lib/python3.8/site-packages/airflow/example_dags/tutorial.py
[2025-04-28T11:11:32.785+0000] {processor.py:830} INFO - Processing file /home/airflow/.local/lib/python3.8/site-packages/airflow/example_dags/tutorial.py for tasks to queue
[2025-04-28T11:11:32.789+0000] {logging_mixin.py:188} INFO - [2025-04-28T11:11:32.788+0000] {dagbag.py:538} INFO - Filling up the DagBag from /home/airflow/.local/lib/python3.8/site-packages/airflow/example_dags/tutorial.py
[2025-04-28T11:11:32.799+0000] {processor.py:840} INFO - DAG(s) 'tutorial' retrieved from /home/airflow/.local/lib/python3.8/site-packages/airflow/example_dags/tutorial.py
[2025-04-28T11:11:32.834+0000] {logging_mixin.py:188} INFO - [2025-04-28T11:11:32.833+0000] {dag.py:3033} INFO - Sync 1 DAGs
[2025-04-28T11:11:32.875+0000] {logging_mixin.py:188} INFO - [2025-04-28T11:11:32.875+0000] {dag.py:3820} INFO - Setting next_dagrun for tutorial to 2025-04-27T00:00:00+00:00, run_after=2025-04-28T00:00:00+00:00
[2025-04-28T11:11:32.905+0000] {processor.py:183} INFO - Processing /home/airflow/.local/lib/python3.8/site-packages/airflow/example_dags/tutorial.py took 0.127 seconds
[2025-04-28T11:12:05.165+0000] {processor.py:161} INFO - Started process (PID=1410) to work on /home/airflow/.local/lib/python3.8/site-packages/airflow/example_dags/tutorial.py
[2025-04-28T11:12:05.166+0000] {processor.py:830} INFO - Processing file /home/airflow/.local/lib/python3.8/site-packages/airflow/example_dags/tutorial.py for tasks to queue
[2025-04-28T11:12:05.170+0000] {logging_mixin.py:188} INFO - [2025-04-28T11:12:05.169+0000] {dagbag.py:538} INFO - Filling up the DagBag from /home/airflow/.local/lib/python3.8/site-packages/airflow/example_dags/tutorial.py
[2025-04-28T11:12:05.181+0000] {processor.py:840} INFO - DAG(s) 'tutorial' retrieved from /home/airflow/.local/lib/python3.8/site-packages/airflow/example_dags/tutorial.py
[2025-04-28T11:12:05.219+0000] {logging_mixin.py:188} INFO - [2025-04-28T11:12:05.219+0000] {dag.py:3033} INFO - Sync 1 DAGs
[2025-04-28T11:12:05.269+0000] {logging_mixin.py:188} INFO - [2025-04-28T11:12:05.269+0000] {dag.py:3820} INFO - Setting next_dagrun for tutorial to 2025-04-27T00:00:00+00:00, run_after=2025-04-28T00:00:00+00:00
[2025-04-28T11:12:05.306+0000] {processor.py:183} INFO - Processing /home/airflow/.local/lib/python3.8/site-packages/airflow/example_dags/tutorial.py took 0.145 seconds
[2025-04-28T11:12:38.074+0000] {processor.py:161} INFO - Started process (PID=1467) to work on /home/airflow/.local/lib/python3.8/site-packages/airflow/example_dags/tutorial.py
[2025-04-28T11:12:38.076+0000] {processor.py:830} INFO - Processing file /home/airflow/.local/lib/python3.8/site-packages/airflow/example_dags/tutorial.py for tasks to queue
[2025-04-28T11:12:38.079+0000] {logging_mixin.py:188} INFO - [2025-04-28T11:12:38.079+0000] {dagbag.py:538} INFO - Filling up the DagBag from /home/airflow/.local/lib/python3.8/site-packages/airflow/example_dags/tutorial.py
[2025-04-28T11:12:38.089+0000] {processor.py:840} INFO - DAG(s) 'tutorial' retrieved from /home/airflow/.local/lib/python3.8/site-packages/airflow/example_dags/tutorial.py
[2025-04-28T11:12:38.122+0000] {logging_mixin.py:188} INFO - [2025-04-28T11:12:38.121+0000] {dag.py:3033} INFO - Sync 1 DAGs
[2025-04-28T11:12:38.165+0000] {logging_mixin.py:188} INFO - [2025-04-28T11:12:38.164+0000] {dag.py:3820} INFO - Setting next_dagrun for tutorial to 2025-04-27T00:00:00+00:00, run_after=2025-04-28T00:00:00+00:00
[2025-04-28T11:12:38.198+0000] {processor.py:183} INFO - Processing /home/airflow/.local/lib/python3.8/site-packages/airflow/example_dags/tutorial.py took 0.134 seconds
[2025-04-28T11:13:11.514+0000] {processor.py:161} INFO - Started process (PID=1524) to work on /home/airflow/.local/lib/python3.8/site-packages/airflow/example_dags/tutorial.py
[2025-04-28T11:13:11.515+0000] {processor.py:830} INFO - Processing file /home/airflow/.local/lib/python3.8/site-packages/airflow/example_dags/tutorial.py for tasks to queue
[2025-04-28T11:13:11.520+0000] {logging_mixin.py:188} INFO - [2025-04-28T11:13:11.520+0000] {dagbag.py:538} INFO - Filling up the DagBag from /home/airflow/.local/lib/python3.8/site-packages/airflow/example_dags/tutorial.py
[2025-04-28T11:13:11.535+0000] {processor.py:840} INFO - DAG(s) 'tutorial' retrieved from /home/airflow/.local/lib/python3.8/site-packages/airflow/example_dags/tutorial.py
[2025-04-28T11:13:11.573+0000] {logging_mixin.py:188} INFO - [2025-04-28T11:13:11.573+0000] {dag.py:3033} INFO - Sync 1 DAGs
[2025-04-28T11:13:11.624+0000] {logging_mixin.py:188} INFO - [2025-04-28T11:13:11.624+0000] {dag.py:3820} INFO - Setting next_dagrun for tutorial to 2025-04-27T00:00:00+00:00, run_after=2025-04-28T00:00:00+00:00
[2025-04-28T11:13:11.697+0000] {processor.py:183} INFO - Processing /home/airflow/.local/lib/python3.8/site-packages/airflow/example_dags/tutorial.py took 0.188 seconds
[2025-04-28T11:13:43.296+0000] {processor.py:161} INFO - Started process (PID=1585) to work on /home/airflow/.local/lib/python3.8/site-packages/airflow/example_dags/tutorial.py
[2025-04-28T11:13:43.298+0000] {processor.py:830} INFO - Processing file /home/airflow/.local/lib/python3.8/site-packages/airflow/example_dags/tutorial.py for tasks to queue
[2025-04-28T11:13:43.302+0000] {logging_mixin.py:188} INFO - [2025-04-28T11:13:43.301+0000] {dagbag.py:538} INFO - Filling up the DagBag from /home/airflow/.local/lib/python3.8/site-packages/airflow/example_dags/tutorial.py
[2025-04-28T11:13:43.313+0000] {processor.py:840} INFO - DAG(s) 'tutorial' retrieved from /home/airflow/.local/lib/python3.8/site-packages/airflow/example_dags/tutorial.py
[2025-04-28T11:13:43.358+0000] {logging_mixin.py:188} INFO - [2025-04-28T11:13:43.356+0000] {dag.py:3033} INFO - Sync 1 DAGs
[2025-04-28T11:13:43.397+0000] {logging_mixin.py:188} INFO - [2025-04-28T11:13:43.397+0000] {dag.py:3820} INFO - Setting next_dagrun for tutorial to 2025-04-27T00:00:00+00:00, run_after=2025-04-28T00:00:00+00:00
[2025-04-28T11:13:43.430+0000] {processor.py:183} INFO - Processing /home/airflow/.local/lib/python3.8/site-packages/airflow/example_dags/tutorial.py took 0.139 seconds
[2025-04-28T11:14:16.925+0000] {processor.py:161} INFO - Started process (PID=1647) to work on /home/airflow/.local/lib/python3.8/site-packages/airflow/example_dags/tutorial.py
[2025-04-28T11:14:16.927+0000] {processor.py:830} INFO - Processing file /home/airflow/.local/lib/python3.8/site-packages/airflow/example_dags/tutorial.py for tasks to queue
[2025-04-28T11:14:16.930+0000] {logging_mixin.py:188} INFO - [2025-04-28T11:14:16.930+0000] {dagbag.py:538} INFO - Filling up the DagBag from /home/airflow/.local/lib/python3.8/site-packages/airflow/example_dags/tutorial.py
[2025-04-28T11:14:16.940+0000] {processor.py:840} INFO - DAG(s) 'tutorial' retrieved from /home/airflow/.local/lib/python3.8/site-packages/airflow/example_dags/tutorial.py
[2025-04-28T11:14:16.973+0000] {logging_mixin.py:188} INFO - [2025-04-28T11:14:16.973+0000] {dag.py:3033} INFO - Sync 1 DAGs
[2025-04-28T11:14:17.014+0000] {logging_mixin.py:188} INFO - [2025-04-28T11:14:17.014+0000] {dag.py:3820} INFO - Setting next_dagrun for tutorial to 2025-04-27T00:00:00+00:00, run_after=2025-04-28T00:00:00+00:00
[2025-04-28T11:14:17.046+0000] {processor.py:183} INFO - Processing /home/airflow/.local/lib/python3.8/site-packages/airflow/example_dags/tutorial.py took 0.126 seconds
[2025-04-28T11:14:50.002+0000] {processor.py:161} INFO - Started process (PID=1711) to work on /home/airflow/.local/lib/python3.8/site-packages/airflow/example_dags/tutorial.py
[2025-04-28T11:14:50.004+0000] {processor.py:830} INFO - Processing file /home/airflow/.local/lib/python3.8/site-packages/airflow/example_dags/tutorial.py for tasks to queue
[2025-04-28T11:14:50.008+0000] {logging_mixin.py:188} INFO - [2025-04-28T11:14:50.008+0000] {dagbag.py:538} INFO - Filling up the DagBag from /home/airflow/.local/lib/python3.8/site-packages/airflow/example_dags/tutorial.py
[2025-04-28T11:14:50.016+0000] {processor.py:840} INFO - DAG(s) 'tutorial' retrieved from /home/airflow/.local/lib/python3.8/site-packages/airflow/example_dags/tutorial.py
[2025-04-28T11:14:50.047+0000] {logging_mixin.py:188} INFO - [2025-04-28T11:14:50.046+0000] {dag.py:3033} INFO - Sync 1 DAGs
[2025-04-28T11:14:50.086+0000] {logging_mixin.py:188} INFO - [2025-04-28T11:14:50.086+0000] {dag.py:3820} INFO - Setting next_dagrun for tutorial to 2025-04-27T00:00:00+00:00, run_after=2025-04-28T00:00:00+00:00
[2025-04-28T11:14:50.119+0000] {processor.py:183} INFO - Processing /home/airflow/.local/lib/python3.8/site-packages/airflow/example_dags/tutorial.py took 0.124 seconds
[2025-04-28T11:15:23.028+0000] {processor.py:161} INFO - Started process (PID=1768) to work on /home/airflow/.local/lib/python3.8/site-packages/airflow/example_dags/tutorial.py
[2025-04-28T11:15:23.029+0000] {processor.py:830} INFO - Processing file /home/airflow/.local/lib/python3.8/site-packages/airflow/example_dags/tutorial.py for tasks to queue
[2025-04-28T11:15:23.032+0000] {logging_mixin.py:188} INFO - [2025-04-28T11:15:23.032+0000] {dagbag.py:538} INFO - Filling up the DagBag from /home/airflow/.local/lib/python3.8/site-packages/airflow/example_dags/tutorial.py
[2025-04-28T11:15:23.044+0000] {processor.py:840} INFO - DAG(s) 'tutorial' retrieved from /home/airflow/.local/lib/python3.8/site-packages/airflow/example_dags/tutorial.py
[2025-04-28T11:15:23.076+0000] {logging_mixin.py:188} INFO - [2025-04-28T11:15:23.076+0000] {dag.py:3033} INFO - Sync 1 DAGs
[2025-04-28T11:15:23.111+0000] {logging_mixin.py:188} INFO - [2025-04-28T11:15:23.111+0000] {dag.py:3820} INFO - Setting next_dagrun for tutorial to 2025-04-27T00:00:00+00:00, run_after=2025-04-28T00:00:00+00:00
[2025-04-28T11:15:23.145+0000] {processor.py:183} INFO - Processing /home/airflow/.local/lib/python3.8/site-packages/airflow/example_dags/tutorial.py took 0.122 seconds
[2025-04-28T11:15:58.396+0000] {processor.py:161} INFO - Started process (PID=1825) to work on /home/airflow/.local/lib/python3.8/site-packages/airflow/example_dags/tutorial.py
[2025-04-28T11:15:58.398+0000] {processor.py:830} INFO - Processing file /home/airflow/.local/lib/python3.8/site-packages/airflow/example_dags/tutorial.py for tasks to queue
[2025-04-28T11:15:58.408+0000] {logging_mixin.py:188} INFO - [2025-04-28T11:15:58.408+0000] {dagbag.py:538} INFO - Filling up the DagBag from /home/airflow/.local/lib/python3.8/site-packages/airflow/example_dags/tutorial.py
[2025-04-28T11:15:58.428+0000] {processor.py:840} INFO - DAG(s) 'tutorial' retrieved from /home/airflow/.local/lib/python3.8/site-packages/airflow/example_dags/tutorial.py
[2025-04-28T11:15:58.499+0000] {logging_mixin.py:188} INFO - [2025-04-28T11:15:58.499+0000] {dag.py:3033} INFO - Sync 1 DAGs
[2025-04-28T11:15:58.572+0000] {logging_mixin.py:188} INFO - [2025-04-28T11:15:58.572+0000] {dag.py:3820} INFO - Setting next_dagrun for tutorial to 2025-04-27T00:00:00+00:00, run_after=2025-04-28T00:00:00+00:00
[2025-04-28T11:15:58.621+0000] {processor.py:183} INFO - Processing /home/airflow/.local/lib/python3.8/site-packages/airflow/example_dags/tutorial.py took 0.230 seconds
[2025-04-28T11:16:28.977+0000] {processor.py:161} INFO - Started process (PID=1882) to work on /home/airflow/.local/lib/python3.8/site-packages/airflow/example_dags/tutorial.py
[2025-04-28T11:16:28.983+0000] {processor.py:830} INFO - Processing file /home/airflow/.local/lib/python3.8/site-packages/airflow/example_dags/tutorial.py for tasks to queue
[2025-04-28T11:16:28.991+0000] {logging_mixin.py:188} INFO - [2025-04-28T11:16:28.991+0000] {dagbag.py:538} INFO - Filling up the DagBag from /home/airflow/.local/lib/python3.8/site-packages/airflow/example_dags/tutorial.py
[2025-04-28T11:16:29.008+0000] {processor.py:840} INFO - DAG(s) 'tutorial' retrieved from /home/airflow/.local/lib/python3.8/site-packages/airflow/example_dags/tutorial.py
[2025-04-28T11:16:29.048+0000] {logging_mixin.py:188} INFO - [2025-04-28T11:16:29.048+0000] {dag.py:3033} INFO - Sync 1 DAGs
[2025-04-28T11:16:29.097+0000] {logging_mixin.py:188} INFO - [2025-04-28T11:16:29.097+0000] {dag.py:3820} INFO - Setting next_dagrun for tutorial to 2025-04-27T00:00:00+00:00, run_after=2025-04-28T00:00:00+00:00
[2025-04-28T11:16:29.137+0000] {processor.py:183} INFO - Processing /home/airflow/.local/lib/python3.8/site-packages/airflow/example_dags/tutorial.py took 0.168 seconds
[2025-04-28T11:17:01.342+0000] {processor.py:161} INFO - Started process (PID=1939) to work on /home/airflow/.local/lib/python3.8/site-packages/airflow/example_dags/tutorial.py
[2025-04-28T11:17:01.343+0000] {processor.py:830} INFO - Processing file /home/airflow/.local/lib/python3.8/site-packages/airflow/example_dags/tutorial.py for tasks to queue
[2025-04-28T11:17:01.346+0000] {logging_mixin.py:188} INFO - [2025-04-28T11:17:01.346+0000] {dagbag.py:538} INFO - Filling up the DagBag from /home/airflow/.local/lib/python3.8/site-packages/airflow/example_dags/tutorial.py
[2025-04-28T11:17:01.360+0000] {processor.py:840} INFO - DAG(s) 'tutorial' retrieved from /home/airflow/.local/lib/python3.8/site-packages/airflow/example_dags/tutorial.py
[2025-04-28T11:17:01.414+0000] {logging_mixin.py:188} INFO - [2025-04-28T11:17:01.414+0000] {dag.py:3033} INFO - Sync 1 DAGs
[2025-04-28T11:17:01.462+0000] {logging_mixin.py:188} INFO - [2025-04-28T11:17:01.462+0000] {dag.py:3820} INFO - Setting next_dagrun for tutorial to 2025-04-27T00:00:00+00:00, run_after=2025-04-28T00:00:00+00:00
[2025-04-28T11:17:01.522+0000] {processor.py:183} INFO - Processing /home/airflow/.local/lib/python3.8/site-packages/airflow/example_dags/tutorial.py took 0.188 seconds
[2025-04-28T11:17:33.860+0000] {processor.py:161} INFO - Started process (PID=1996) to work on /home/airflow/.local/lib/python3.8/site-packages/airflow/example_dags/tutorial.py
[2025-04-28T11:17:33.861+0000] {processor.py:830} INFO - Processing file /home/airflow/.local/lib/python3.8/site-packages/airflow/example_dags/tutorial.py for tasks to queue
[2025-04-28T11:17:33.866+0000] {logging_mixin.py:188} INFO - [2025-04-28T11:17:33.865+0000] {dagbag.py:538} INFO - Filling up the DagBag from /home/airflow/.local/lib/python3.8/site-packages/airflow/example_dags/tutorial.py
[2025-04-28T11:17:33.876+0000] {processor.py:840} INFO - DAG(s) 'tutorial' retrieved from /home/airflow/.local/lib/python3.8/site-packages/airflow/example_dags/tutorial.py
[2025-04-28T11:17:33.909+0000] {logging_mixin.py:188} INFO - [2025-04-28T11:17:33.908+0000] {dag.py:3033} INFO - Sync 1 DAGs
[2025-04-28T11:17:33.952+0000] {logging_mixin.py:188} INFO - [2025-04-28T11:17:33.952+0000] {dag.py:3820} INFO - Setting next_dagrun for tutorial to 2025-04-27T00:00:00+00:00, run_after=2025-04-28T00:00:00+00:00
[2025-04-28T11:17:33.986+0000] {processor.py:183} INFO - Processing /home/airflow/.local/lib/python3.8/site-packages/airflow/example_dags/tutorial.py took 0.133 seconds
[2025-04-28T11:18:06.913+0000] {processor.py:161} INFO - Started process (PID=2053) to work on /home/airflow/.local/lib/python3.8/site-packages/airflow/example_dags/tutorial.py
[2025-04-28T11:18:06.915+0000] {processor.py:830} INFO - Processing file /home/airflow/.local/lib/python3.8/site-packages/airflow/example_dags/tutorial.py for tasks to queue
[2025-04-28T11:18:06.919+0000] {logging_mixin.py:188} INFO - [2025-04-28T11:18:06.918+0000] {dagbag.py:538} INFO - Filling up the DagBag from /home/airflow/.local/lib/python3.8/site-packages/airflow/example_dags/tutorial.py
[2025-04-28T11:18:06.933+0000] {processor.py:840} INFO - DAG(s) 'tutorial' retrieved from /home/airflow/.local/lib/python3.8/site-packages/airflow/example_dags/tutorial.py
[2025-04-28T11:18:06.973+0000] {logging_mixin.py:188} INFO - [2025-04-28T11:18:06.973+0000] {dag.py:3033} INFO - Sync 1 DAGs
[2025-04-28T11:18:07.009+0000] {logging_mixin.py:188} INFO - [2025-04-28T11:18:07.009+0000] {dag.py:3820} INFO - Setting next_dagrun for tutorial to 2025-04-27T00:00:00+00:00, run_after=2025-04-28T00:00:00+00:00
[2025-04-28T11:18:07.042+0000] {processor.py:183} INFO - Processing /home/airflow/.local/lib/python3.8/site-packages/airflow/example_dags/tutorial.py took 0.135 seconds
[2025-04-28T11:18:41.861+0000] {processor.py:161} INFO - Started process (PID=2112) to work on /home/airflow/.local/lib/python3.8/site-packages/airflow/example_dags/tutorial.py
[2025-04-28T11:18:41.863+0000] {processor.py:830} INFO - Processing file /home/airflow/.local/lib/python3.8/site-packages/airflow/example_dags/tutorial.py for tasks to queue
[2025-04-28T11:18:41.866+0000] {logging_mixin.py:188} INFO - [2025-04-28T11:18:41.866+0000] {dagbag.py:538} INFO - Filling up the DagBag from /home/airflow/.local/lib/python3.8/site-packages/airflow/example_dags/tutorial.py
[2025-04-28T11:18:41.879+0000] {processor.py:840} INFO - DAG(s) 'tutorial' retrieved from /home/airflow/.local/lib/python3.8/site-packages/airflow/example_dags/tutorial.py
[2025-04-28T11:18:41.915+0000] {logging_mixin.py:188} INFO - [2025-04-28T11:18:41.915+0000] {dag.py:3033} INFO - Sync 1 DAGs
[2025-04-28T11:18:41.950+0000] {logging_mixin.py:188} INFO - [2025-04-28T11:18:41.949+0000] {dag.py:3820} INFO - Setting next_dagrun for tutorial to 2025-04-27T00:00:00+00:00, run_after=2025-04-28T00:00:00+00:00
[2025-04-28T11:18:42.009+0000] {processor.py:183} INFO - Processing /home/airflow/.local/lib/python3.8/site-packages/airflow/example_dags/tutorial.py took 0.154 seconds
[2025-04-28T11:19:12.918+0000] {processor.py:161} INFO - Started process (PID=2169) to work on /home/airflow/.local/lib/python3.8/site-packages/airflow/example_dags/tutorial.py
[2025-04-28T11:19:12.919+0000] {processor.py:830} INFO - Processing file /home/airflow/.local/lib/python3.8/site-packages/airflow/example_dags/tutorial.py for tasks to queue
[2025-04-28T11:19:12.922+0000] {logging_mixin.py:188} INFO - [2025-04-28T11:19:12.922+0000] {dagbag.py:538} INFO - Filling up the DagBag from /home/airflow/.local/lib/python3.8/site-packages/airflow/example_dags/tutorial.py
[2025-04-28T11:19:12.934+0000] {processor.py:840} INFO - DAG(s) 'tutorial' retrieved from /home/airflow/.local/lib/python3.8/site-packages/airflow/example_dags/tutorial.py
[2025-04-28T11:19:12.965+0000] {logging_mixin.py:188} INFO - [2025-04-28T11:19:12.964+0000] {dag.py:3033} INFO - Sync 1 DAGs
[2025-04-28T11:19:13.002+0000] {logging_mixin.py:188} INFO - [2025-04-28T11:19:13.002+0000] {dag.py:3820} INFO - Setting next_dagrun for tutorial to 2025-04-27T00:00:00+00:00, run_after=2025-04-28T00:00:00+00:00
[2025-04-28T11:19:13.039+0000] {processor.py:183} INFO - Processing /home/airflow/.local/lib/python3.8/site-packages/airflow/example_dags/tutorial.py took 0.125 seconds
[2025-04-28T11:19:47.838+0000] {processor.py:161} INFO - Started process (PID=2226) to work on /home/airflow/.local/lib/python3.8/site-packages/airflow/example_dags/tutorial.py
[2025-04-28T11:19:47.844+0000] {processor.py:830} INFO - Processing file /home/airflow/.local/lib/python3.8/site-packages/airflow/example_dags/tutorial.py for tasks to queue
[2025-04-28T11:19:47.855+0000] {logging_mixin.py:188} INFO - [2025-04-28T11:19:47.854+0000] {dagbag.py:538} INFO - Filling up the DagBag from /home/airflow/.local/lib/python3.8/site-packages/airflow/example_dags/tutorial.py
[2025-04-28T11:19:47.877+0000] {processor.py:840} INFO - DAG(s) 'tutorial' retrieved from /home/airflow/.local/lib/python3.8/site-packages/airflow/example_dags/tutorial.py
[2025-04-28T11:19:47.953+0000] {logging_mixin.py:188} INFO - [2025-04-28T11:19:47.953+0000] {dag.py:3033} INFO - Sync 1 DAGs
[2025-04-28T11:19:48.024+0000] {logging_mixin.py:188} INFO - [2025-04-28T11:19:48.024+0000] {dag.py:3820} INFO - Setting next_dagrun for tutorial to 2025-04-27T00:00:00+00:00, run_after=2025-04-28T00:00:00+00:00
[2025-04-28T11:19:48.066+0000] {processor.py:183} INFO - Processing /home/airflow/.local/lib/python3.8/site-packages/airflow/example_dags/tutorial.py took 0.241 seconds
[2025-04-28T11:20:21.614+0000] {processor.py:161} INFO - Started process (PID=2283) to work on /home/airflow/.local/lib/python3.8/site-packages/airflow/example_dags/tutorial.py
[2025-04-28T11:20:21.616+0000] {processor.py:830} INFO - Processing file /home/airflow/.local/lib/python3.8/site-packages/airflow/example_dags/tutorial.py for tasks to queue
[2025-04-28T11:20:21.620+0000] {logging_mixin.py:188} INFO - [2025-04-28T11:20:21.619+0000] {dagbag.py:538} INFO - Filling up the DagBag from /home/airflow/.local/lib/python3.8/site-packages/airflow/example_dags/tutorial.py
[2025-04-28T11:20:21.629+0000] {processor.py:840} INFO - DAG(s) 'tutorial' retrieved from /home/airflow/.local/lib/python3.8/site-packages/airflow/example_dags/tutorial.py
[2025-04-28T11:20:21.668+0000] {logging_mixin.py:188} INFO - [2025-04-28T11:20:21.667+0000] {dag.py:3033} INFO - Sync 1 DAGs
[2025-04-28T11:20:21.730+0000] {logging_mixin.py:188} INFO - [2025-04-28T11:20:21.730+0000] {dag.py:3820} INFO - Setting next_dagrun for tutorial to 2025-04-27T00:00:00+00:00, run_after=2025-04-28T00:00:00+00:00
[2025-04-28T11:20:21.780+0000] {processor.py:183} INFO - Processing /home/airflow/.local/lib/python3.8/site-packages/airflow/example_dags/tutorial.py took 0.171 seconds
[2025-04-28T11:20:52.207+0000] {processor.py:161} INFO - Started process (PID=2339) to work on /home/airflow/.local/lib/python3.8/site-packages/airflow/example_dags/tutorial.py
[2025-04-28T11:20:52.209+0000] {processor.py:830} INFO - Processing file /home/airflow/.local/lib/python3.8/site-packages/airflow/example_dags/tutorial.py for tasks to queue
[2025-04-28T11:20:52.212+0000] {logging_mixin.py:188} INFO - [2025-04-28T11:20:52.212+0000] {dagbag.py:538} INFO - Filling up the DagBag from /home/airflow/.local/lib/python3.8/site-packages/airflow/example_dags/tutorial.py
[2025-04-28T11:20:52.220+0000] {processor.py:840} INFO - DAG(s) 'tutorial' retrieved from /home/airflow/.local/lib/python3.8/site-packages/airflow/example_dags/tutorial.py
[2025-04-28T11:20:52.258+0000] {logging_mixin.py:188} INFO - [2025-04-28T11:20:52.258+0000] {dag.py:3033} INFO - Sync 1 DAGs
[2025-04-28T11:20:52.300+0000] {logging_mixin.py:188} INFO - [2025-04-28T11:20:52.300+0000] {dag.py:3820} INFO - Setting next_dagrun for tutorial to 2025-04-27T00:00:00+00:00, run_after=2025-04-28T00:00:00+00:00
[2025-04-28T11:20:52.499+0000] {processor.py:183} INFO - Processing /home/airflow/.local/lib/python3.8/site-packages/airflow/example_dags/tutorial.py took 0.297 seconds
[2025-04-28T11:21:24.223+0000] {processor.py:161} INFO - Started process (PID=2397) to work on /home/airflow/.local/lib/python3.8/site-packages/airflow/example_dags/tutorial.py
[2025-04-28T11:21:24.225+0000] {processor.py:830} INFO - Processing file /home/airflow/.local/lib/python3.8/site-packages/airflow/example_dags/tutorial.py for tasks to queue
[2025-04-28T11:21:24.228+0000] {logging_mixin.py:188} INFO - [2025-04-28T11:21:24.228+0000] {dagbag.py:538} INFO - Filling up the DagBag from /home/airflow/.local/lib/python3.8/site-packages/airflow/example_dags/tutorial.py
[2025-04-28T11:21:24.242+0000] {processor.py:840} INFO - DAG(s) 'tutorial' retrieved from /home/airflow/.local/lib/python3.8/site-packages/airflow/example_dags/tutorial.py
[2025-04-28T11:21:24.285+0000] {logging_mixin.py:188} INFO - [2025-04-28T11:21:24.284+0000] {dag.py:3033} INFO - Sync 1 DAGs
[2025-04-28T11:21:24.333+0000] {logging_mixin.py:188} INFO - [2025-04-28T11:21:24.332+0000] {dag.py:3820} INFO - Setting next_dagrun for tutorial to 2025-04-27T00:00:00+00:00, run_after=2025-04-28T00:00:00+00:00
[2025-04-28T11:21:24.375+0000] {processor.py:183} INFO - Processing /home/airflow/.local/lib/python3.8/site-packages/airflow/example_dags/tutorial.py took 0.161 seconds
[2025-04-28T11:21:59.818+0000] {processor.py:161} INFO - Started process (PID=2454) to work on /home/airflow/.local/lib/python3.8/site-packages/airflow/example_dags/tutorial.py
[2025-04-28T11:21:59.869+0000] {processor.py:830} INFO - Processing file /home/airflow/.local/lib/python3.8/site-packages/airflow/example_dags/tutorial.py for tasks to queue
[2025-04-28T11:21:59.889+0000] {logging_mixin.py:188} INFO - [2025-04-28T11:21:59.889+0000] {dagbag.py:538} INFO - Filling up the DagBag from /home/airflow/.local/lib/python3.8/site-packages/airflow/example_dags/tutorial.py
[2025-04-28T11:21:59.925+0000] {processor.py:840} INFO - DAG(s) 'tutorial' retrieved from /home/airflow/.local/lib/python3.8/site-packages/airflow/example_dags/tutorial.py
[2025-04-28T11:22:00.077+0000] {logging_mixin.py:188} INFO - [2025-04-28T11:22:00.077+0000] {dag.py:3033} INFO - Sync 1 DAGs
[2025-04-28T11:22:00.164+0000] {logging_mixin.py:188} INFO - [2025-04-28T11:22:00.164+0000] {dag.py:3820} INFO - Setting next_dagrun for tutorial to 2025-04-27T00:00:00+00:00, run_after=2025-04-28T00:00:00+00:00
[2025-04-28T11:22:00.229+0000] {processor.py:183} INFO - Processing /home/airflow/.local/lib/python3.8/site-packages/airflow/example_dags/tutorial.py took 0.453 seconds
[2025-04-28T11:22:31.149+0000] {processor.py:161} INFO - Started process (PID=2511) to work on /home/airflow/.local/lib/python3.8/site-packages/airflow/example_dags/tutorial.py
[2025-04-28T11:22:31.151+0000] {processor.py:830} INFO - Processing file /home/airflow/.local/lib/python3.8/site-packages/airflow/example_dags/tutorial.py for tasks to queue
[2025-04-28T11:22:31.154+0000] {logging_mixin.py:188} INFO - [2025-04-28T11:22:31.153+0000] {dagbag.py:538} INFO - Filling up the DagBag from /home/airflow/.local/lib/python3.8/site-packages/airflow/example_dags/tutorial.py
[2025-04-28T11:22:31.166+0000] {processor.py:840} INFO - DAG(s) 'tutorial' retrieved from /home/airflow/.local/lib/python3.8/site-packages/airflow/example_dags/tutorial.py
[2025-04-28T11:22:31.202+0000] {logging_mixin.py:188} INFO - [2025-04-28T11:22:31.202+0000] {dag.py:3033} INFO - Sync 1 DAGs
[2025-04-28T11:22:31.416+0000] {logging_mixin.py:188} INFO - [2025-04-28T11:22:31.416+0000] {dag.py:3820} INFO - Setting next_dagrun for tutorial to 2025-04-27T00:00:00+00:00, run_after=2025-04-28T00:00:00+00:00
[2025-04-28T11:22:31.458+0000] {processor.py:183} INFO - Processing /home/airflow/.local/lib/python3.8/site-packages/airflow/example_dags/tutorial.py took 0.316 seconds
[2025-04-28T11:23:02.334+0000] {processor.py:161} INFO - Started process (PID=2568) to work on /home/airflow/.local/lib/python3.8/site-packages/airflow/example_dags/tutorial.py
[2025-04-28T11:23:02.335+0000] {processor.py:830} INFO - Processing file /home/airflow/.local/lib/python3.8/site-packages/airflow/example_dags/tutorial.py for tasks to queue
[2025-04-28T11:23:02.339+0000] {logging_mixin.py:188} INFO - [2025-04-28T11:23:02.339+0000] {dagbag.py:538} INFO - Filling up the DagBag from /home/airflow/.local/lib/python3.8/site-packages/airflow/example_dags/tutorial.py
[2025-04-28T11:23:02.349+0000] {processor.py:840} INFO - DAG(s) 'tutorial' retrieved from /home/airflow/.local/lib/python3.8/site-packages/airflow/example_dags/tutorial.py
[2025-04-28T11:23:02.383+0000] {logging_mixin.py:188} INFO - [2025-04-28T11:23:02.383+0000] {dag.py:3033} INFO - Sync 1 DAGs
[2025-04-28T11:23:02.418+0000] {logging_mixin.py:188} INFO - [2025-04-28T11:23:02.418+0000] {dag.py:3820} INFO - Setting next_dagrun for tutorial to 2025-04-27T00:00:00+00:00, run_after=2025-04-28T00:00:00+00:00
[2025-04-28T11:23:02.456+0000] {processor.py:183} INFO - Processing /home/airflow/.local/lib/python3.8/site-packages/airflow/example_dags/tutorial.py took 0.129 seconds
[2025-04-28T11:23:41.186+0000] {processor.py:161} INFO - Started process (PID=2625) to work on /home/airflow/.local/lib/python3.8/site-packages/airflow/example_dags/tutorial.py
[2025-04-28T11:23:41.189+0000] {processor.py:830} INFO - Processing file /home/airflow/.local/lib/python3.8/site-packages/airflow/example_dags/tutorial.py for tasks to queue
[2025-04-28T11:23:41.195+0000] {logging_mixin.py:188} INFO - [2025-04-28T11:23:41.195+0000] {dagbag.py:538} INFO - Filling up the DagBag from /home/airflow/.local/lib/python3.8/site-packages/airflow/example_dags/tutorial.py
[2025-04-28T11:23:41.204+0000] {processor.py:840} INFO - DAG(s) 'tutorial' retrieved from /home/airflow/.local/lib/python3.8/site-packages/airflow/example_dags/tutorial.py
[2025-04-28T11:23:41.456+0000] {logging_mixin.py:188} INFO - [2025-04-28T11:23:41.455+0000] {dag.py:3033} INFO - Sync 1 DAGs
[2025-04-28T11:23:41.516+0000] {logging_mixin.py:188} INFO - [2025-04-28T11:23:41.515+0000] {dag.py:3820} INFO - Setting next_dagrun for tutorial to 2025-04-27T00:00:00+00:00, run_after=2025-04-28T00:00:00+00:00
[2025-04-28T11:23:41.563+0000] {processor.py:183} INFO - Processing /home/airflow/.local/lib/python3.8/site-packages/airflow/example_dags/tutorial.py took 0.382 seconds
[2025-04-28T11:24:11.709+0000] {processor.py:161} INFO - Started process (PID=2683) to work on /home/airflow/.local/lib/python3.8/site-packages/airflow/example_dags/tutorial.py
[2025-04-28T11:24:11.713+0000] {processor.py:830} INFO - Processing file /home/airflow/.local/lib/python3.8/site-packages/airflow/example_dags/tutorial.py for tasks to queue
[2025-04-28T11:24:11.716+0000] {logging_mixin.py:188} INFO - [2025-04-28T11:24:11.716+0000] {dagbag.py:538} INFO - Filling up the DagBag from /home/airflow/.local/lib/python3.8/site-packages/airflow/example_dags/tutorial.py
[2025-04-28T11:24:11.729+0000] {processor.py:840} INFO - DAG(s) 'tutorial' retrieved from /home/airflow/.local/lib/python3.8/site-packages/airflow/example_dags/tutorial.py
[2025-04-28T11:24:11.797+0000] {logging_mixin.py:188} INFO - [2025-04-28T11:24:11.797+0000] {dag.py:3033} INFO - Sync 1 DAGs
[2025-04-28T11:24:12.102+0000] {logging_mixin.py:188} INFO - [2025-04-28T11:24:12.102+0000] {dag.py:3820} INFO - Setting next_dagrun for tutorial to 2025-04-27T00:00:00+00:00, run_after=2025-04-28T00:00:00+00:00
[2025-04-28T11:24:12.139+0000] {processor.py:183} INFO - Processing /home/airflow/.local/lib/python3.8/site-packages/airflow/example_dags/tutorial.py took 0.436 seconds
[2025-04-28T11:24:43.122+0000] {processor.py:161} INFO - Started process (PID=2739) to work on /home/airflow/.local/lib/python3.8/site-packages/airflow/example_dags/tutorial.py
[2025-04-28T11:24:43.123+0000] {processor.py:830} INFO - Processing file /home/airflow/.local/lib/python3.8/site-packages/airflow/example_dags/tutorial.py for tasks to queue
[2025-04-28T11:24:43.126+0000] {logging_mixin.py:188} INFO - [2025-04-28T11:24:43.126+0000] {dagbag.py:538} INFO - Filling up the DagBag from /home/airflow/.local/lib/python3.8/site-packages/airflow/example_dags/tutorial.py
[2025-04-28T11:24:43.139+0000] {processor.py:840} INFO - DAG(s) 'tutorial' retrieved from /home/airflow/.local/lib/python3.8/site-packages/airflow/example_dags/tutorial.py
[2025-04-28T11:24:43.182+0000] {logging_mixin.py:188} INFO - [2025-04-28T11:24:43.181+0000] {dag.py:3033} INFO - Sync 1 DAGs
[2025-04-28T11:24:43.234+0000] {logging_mixin.py:188} INFO - [2025-04-28T11:24:43.233+0000] {dag.py:3820} INFO - Setting next_dagrun for tutorial to 2025-04-27T00:00:00+00:00, run_after=2025-04-28T00:00:00+00:00
[2025-04-28T11:24:43.269+0000] {processor.py:183} INFO - Processing /home/airflow/.local/lib/python3.8/site-packages/airflow/example_dags/tutorial.py took 0.153 seconds
[2025-04-28T11:25:13.475+0000] {processor.py:161} INFO - Started process (PID=2795) to work on /home/airflow/.local/lib/python3.8/site-packages/airflow/example_dags/tutorial.py
[2025-04-28T11:25:13.477+0000] {processor.py:830} INFO - Processing file /home/airflow/.local/lib/python3.8/site-packages/airflow/example_dags/tutorial.py for tasks to queue
[2025-04-28T11:25:13.481+0000] {logging_mixin.py:188} INFO - [2025-04-28T11:25:13.480+0000] {dagbag.py:538} INFO - Filling up the DagBag from /home/airflow/.local/lib/python3.8/site-packages/airflow/example_dags/tutorial.py
[2025-04-28T11:25:13.491+0000] {processor.py:840} INFO - DAG(s) 'tutorial' retrieved from /home/airflow/.local/lib/python3.8/site-packages/airflow/example_dags/tutorial.py
[2025-04-28T11:25:13.543+0000] {logging_mixin.py:188} INFO - [2025-04-28T11:25:13.543+0000] {dag.py:3033} INFO - Sync 1 DAGs
[2025-04-28T11:25:13.641+0000] {logging_mixin.py:188} INFO - [2025-04-28T11:25:13.641+0000] {dag.py:3820} INFO - Setting next_dagrun for tutorial to 2025-04-27T00:00:00+00:00, run_after=2025-04-28T00:00:00+00:00
[2025-04-28T11:25:13.717+0000] {processor.py:183} INFO - Processing /home/airflow/.local/lib/python3.8/site-packages/airflow/example_dags/tutorial.py took 0.248 seconds
[2025-04-28T11:25:44.167+0000] {processor.py:161} INFO - Started process (PID=2851) to work on /home/airflow/.local/lib/python3.8/site-packages/airflow/example_dags/tutorial.py
[2025-04-28T11:25:44.168+0000] {processor.py:830} INFO - Processing file /home/airflow/.local/lib/python3.8/site-packages/airflow/example_dags/tutorial.py for tasks to queue
[2025-04-28T11:25:44.171+0000] {logging_mixin.py:188} INFO - [2025-04-28T11:25:44.171+0000] {dagbag.py:538} INFO - Filling up the DagBag from /home/airflow/.local/lib/python3.8/site-packages/airflow/example_dags/tutorial.py
[2025-04-28T11:25:44.180+0000] {processor.py:840} INFO - DAG(s) 'tutorial' retrieved from /home/airflow/.local/lib/python3.8/site-packages/airflow/example_dags/tutorial.py
[2025-04-28T11:25:44.215+0000] {logging_mixin.py:188} INFO - [2025-04-28T11:25:44.215+0000] {dag.py:3033} INFO - Sync 1 DAGs
[2025-04-28T11:25:44.255+0000] {logging_mixin.py:188} INFO - [2025-04-28T11:25:44.255+0000] {dag.py:3820} INFO - Setting next_dagrun for tutorial to 2025-04-27T00:00:00+00:00, run_after=2025-04-28T00:00:00+00:00
[2025-04-28T11:25:44.285+0000] {processor.py:183} INFO - Processing /home/airflow/.local/lib/python3.8/site-packages/airflow/example_dags/tutorial.py took 0.123 seconds
[2025-04-28T11:26:17.257+0000] {processor.py:161} INFO - Started process (PID=2907) to work on /home/airflow/.local/lib/python3.8/site-packages/airflow/example_dags/tutorial.py
[2025-04-28T11:26:17.279+0000] {processor.py:830} INFO - Processing file /home/airflow/.local/lib/python3.8/site-packages/airflow/example_dags/tutorial.py for tasks to queue
[2025-04-28T11:26:17.289+0000] {logging_mixin.py:188} INFO - [2025-04-28T11:26:17.289+0000] {dagbag.py:538} INFO - Filling up the DagBag from /home/airflow/.local/lib/python3.8/site-packages/airflow/example_dags/tutorial.py
[2025-04-28T11:26:17.313+0000] {processor.py:840} INFO - DAG(s) 'tutorial' retrieved from /home/airflow/.local/lib/python3.8/site-packages/airflow/example_dags/tutorial.py
[2025-04-28T11:26:17.409+0000] {logging_mixin.py:188} INFO - [2025-04-28T11:26:17.408+0000] {dag.py:3033} INFO - Sync 1 DAGs
[2025-04-28T11:26:17.556+0000] {logging_mixin.py:188} INFO - [2025-04-28T11:26:17.555+0000] {dag.py:3820} INFO - Setting next_dagrun for tutorial to 2025-04-27T00:00:00+00:00, run_after=2025-04-28T00:00:00+00:00
[2025-04-28T11:26:17.636+0000] {processor.py:183} INFO - Processing /home/airflow/.local/lib/python3.8/site-packages/airflow/example_dags/tutorial.py took 0.384 seconds
[2025-04-28T11:26:50.474+0000] {processor.py:161} INFO - Started process (PID=2964) to work on /home/airflow/.local/lib/python3.8/site-packages/airflow/example_dags/tutorial.py
[2025-04-28T11:26:50.476+0000] {processor.py:830} INFO - Processing file /home/airflow/.local/lib/python3.8/site-packages/airflow/example_dags/tutorial.py for tasks to queue
[2025-04-28T11:26:50.478+0000] {logging_mixin.py:188} INFO - [2025-04-28T11:26:50.477+0000] {dagbag.py:538} INFO - Filling up the DagBag from /home/airflow/.local/lib/python3.8/site-packages/airflow/example_dags/tutorial.py
[2025-04-28T11:26:50.500+0000] {processor.py:840} INFO - DAG(s) 'tutorial' retrieved from /home/airflow/.local/lib/python3.8/site-packages/airflow/example_dags/tutorial.py
[2025-04-28T11:26:50.558+0000] {logging_mixin.py:188} INFO - [2025-04-28T11:26:50.558+0000] {dag.py:3033} INFO - Sync 1 DAGs
[2025-04-28T11:26:50.620+0000] {logging_mixin.py:188} INFO - [2025-04-28T11:26:50.620+0000] {dag.py:3820} INFO - Setting next_dagrun for tutorial to 2025-04-27T00:00:00+00:00, run_after=2025-04-28T00:00:00+00:00
[2025-04-28T11:26:50.678+0000] {processor.py:183} INFO - Processing /home/airflow/.local/lib/python3.8/site-packages/airflow/example_dags/tutorial.py took 0.212 seconds
[2025-04-28T11:27:23.174+0000] {processor.py:161} INFO - Started process (PID=3020) to work on /home/airflow/.local/lib/python3.8/site-packages/airflow/example_dags/tutorial.py
[2025-04-28T11:27:23.175+0000] {processor.py:830} INFO - Processing file /home/airflow/.local/lib/python3.8/site-packages/airflow/example_dags/tutorial.py for tasks to queue
[2025-04-28T11:27:23.176+0000] {logging_mixin.py:188} INFO - [2025-04-28T11:27:23.176+0000] {dagbag.py:538} INFO - Filling up the DagBag from /home/airflow/.local/lib/python3.8/site-packages/airflow/example_dags/tutorial.py
[2025-04-28T11:27:23.187+0000] {processor.py:840} INFO - DAG(s) 'tutorial' retrieved from /home/airflow/.local/lib/python3.8/site-packages/airflow/example_dags/tutorial.py
[2025-04-28T11:27:23.233+0000] {logging_mixin.py:188} INFO - [2025-04-28T11:27:23.233+0000] {dag.py:3033} INFO - Sync 1 DAGs
[2025-04-28T11:27:23.275+0000] {logging_mixin.py:188} INFO - [2025-04-28T11:27:23.275+0000] {dag.py:3820} INFO - Setting next_dagrun for tutorial to 2025-04-27T00:00:00+00:00, run_after=2025-04-28T00:00:00+00:00
[2025-04-28T11:27:23.317+0000] {processor.py:183} INFO - Processing /home/airflow/.local/lib/python3.8/site-packages/airflow/example_dags/tutorial.py took 0.148 seconds
[2025-04-28T11:27:56.460+0000] {processor.py:161} INFO - Started process (PID=3076) to work on /home/airflow/.local/lib/python3.8/site-packages/airflow/example_dags/tutorial.py
[2025-04-28T11:27:56.462+0000] {processor.py:830} INFO - Processing file /home/airflow/.local/lib/python3.8/site-packages/airflow/example_dags/tutorial.py for tasks to queue
[2025-04-28T11:27:56.464+0000] {logging_mixin.py:188} INFO - [2025-04-28T11:27:56.464+0000] {dagbag.py:538} INFO - Filling up the DagBag from /home/airflow/.local/lib/python3.8/site-packages/airflow/example_dags/tutorial.py
[2025-04-28T11:27:56.475+0000] {processor.py:840} INFO - DAG(s) 'tutorial' retrieved from /home/airflow/.local/lib/python3.8/site-packages/airflow/example_dags/tutorial.py
[2025-04-28T11:27:56.540+0000] {logging_mixin.py:188} INFO - [2025-04-28T11:27:56.540+0000] {dag.py:3033} INFO - Sync 1 DAGs
[2025-04-28T11:27:56.581+0000] {logging_mixin.py:188} INFO - [2025-04-28T11:27:56.580+0000] {dag.py:3820} INFO - Setting next_dagrun for tutorial to 2025-04-27T00:00:00+00:00, run_after=2025-04-28T00:00:00+00:00
[2025-04-28T11:27:56.614+0000] {processor.py:183} INFO - Processing /home/airflow/.local/lib/python3.8/site-packages/airflow/example_dags/tutorial.py took 0.160 seconds
[2025-04-28T11:28:28.679+0000] {processor.py:161} INFO - Started process (PID=3132) to work on /home/airflow/.local/lib/python3.8/site-packages/airflow/example_dags/tutorial.py
[2025-04-28T11:28:28.680+0000] {processor.py:830} INFO - Processing file /home/airflow/.local/lib/python3.8/site-packages/airflow/example_dags/tutorial.py for tasks to queue
[2025-04-28T11:28:28.683+0000] {logging_mixin.py:188} INFO - [2025-04-28T11:28:28.682+0000] {dagbag.py:538} INFO - Filling up the DagBag from /home/airflow/.local/lib/python3.8/site-packages/airflow/example_dags/tutorial.py
[2025-04-28T11:28:28.702+0000] {processor.py:840} INFO - DAG(s) 'tutorial' retrieved from /home/airflow/.local/lib/python3.8/site-packages/airflow/example_dags/tutorial.py
[2025-04-28T11:28:28.744+0000] {logging_mixin.py:188} INFO - [2025-04-28T11:28:28.743+0000] {dag.py:3033} INFO - Sync 1 DAGs
[2025-04-28T11:28:28.801+0000] {logging_mixin.py:188} INFO - [2025-04-28T11:28:28.801+0000] {dag.py:3820} INFO - Setting next_dagrun for tutorial to 2025-04-27T00:00:00+00:00, run_after=2025-04-28T00:00:00+00:00
[2025-04-28T11:28:28.842+0000] {processor.py:183} INFO - Processing /home/airflow/.local/lib/python3.8/site-packages/airflow/example_dags/tutorial.py took 0.169 seconds
[2025-04-28T11:29:00.642+0000] {processor.py:161} INFO - Started process (PID=3188) to work on /home/airflow/.local/lib/python3.8/site-packages/airflow/example_dags/tutorial.py
[2025-04-28T11:29:00.644+0000] {processor.py:830} INFO - Processing file /home/airflow/.local/lib/python3.8/site-packages/airflow/example_dags/tutorial.py for tasks to queue
[2025-04-28T11:29:00.645+0000] {logging_mixin.py:188} INFO - [2025-04-28T11:29:00.645+0000] {dagbag.py:538} INFO - Filling up the DagBag from /home/airflow/.local/lib/python3.8/site-packages/airflow/example_dags/tutorial.py
[2025-04-28T11:29:00.658+0000] {processor.py:840} INFO - DAG(s) 'tutorial' retrieved from /home/airflow/.local/lib/python3.8/site-packages/airflow/example_dags/tutorial.py
[2025-04-28T11:29:00.704+0000] {logging_mixin.py:188} INFO - [2025-04-28T11:29:00.704+0000] {dag.py:3033} INFO - Sync 1 DAGs
[2025-04-28T11:29:00.749+0000] {logging_mixin.py:188} INFO - [2025-04-28T11:29:00.748+0000] {dag.py:3820} INFO - Setting next_dagrun for tutorial to 2025-04-27T00:00:00+00:00, run_after=2025-04-28T00:00:00+00:00
[2025-04-28T11:29:00.795+0000] {processor.py:183} INFO - Processing /home/airflow/.local/lib/python3.8/site-packages/airflow/example_dags/tutorial.py took 0.159 seconds
[2025-04-28T11:29:33.184+0000] {processor.py:161} INFO - Started process (PID=3245) to work on /home/airflow/.local/lib/python3.8/site-packages/airflow/example_dags/tutorial.py
[2025-04-28T11:29:33.186+0000] {processor.py:830} INFO - Processing file /home/airflow/.local/lib/python3.8/site-packages/airflow/example_dags/tutorial.py for tasks to queue
[2025-04-28T11:29:33.187+0000] {logging_mixin.py:188} INFO - [2025-04-28T11:29:33.187+0000] {dagbag.py:538} INFO - Filling up the DagBag from /home/airflow/.local/lib/python3.8/site-packages/airflow/example_dags/tutorial.py
[2025-04-28T11:29:33.199+0000] {processor.py:840} INFO - DAG(s) 'tutorial' retrieved from /home/airflow/.local/lib/python3.8/site-packages/airflow/example_dags/tutorial.py
[2025-04-28T11:29:33.240+0000] {logging_mixin.py:188} INFO - [2025-04-28T11:29:33.240+0000] {dag.py:3033} INFO - Sync 1 DAGs
[2025-04-28T11:29:33.295+0000] {logging_mixin.py:188} INFO - [2025-04-28T11:29:33.294+0000] {dag.py:3820} INFO - Setting next_dagrun for tutorial to 2025-04-27T00:00:00+00:00, run_after=2025-04-28T00:00:00+00:00
[2025-04-28T11:29:33.349+0000] {processor.py:183} INFO - Processing /home/airflow/.local/lib/python3.8/site-packages/airflow/example_dags/tutorial.py took 0.171 seconds
[2025-04-28T11:30:07.395+0000] {processor.py:161} INFO - Started process (PID=3300) to work on /home/airflow/.local/lib/python3.8/site-packages/airflow/example_dags/tutorial.py
[2025-04-28T11:30:07.396+0000] {processor.py:830} INFO - Processing file /home/airflow/.local/lib/python3.8/site-packages/airflow/example_dags/tutorial.py for tasks to queue
[2025-04-28T11:30:07.403+0000] {logging_mixin.py:188} INFO - [2025-04-28T11:30:07.397+0000] {dagbag.py:538} INFO - Filling up the DagBag from /home/airflow/.local/lib/python3.8/site-packages/airflow/example_dags/tutorial.py
[2025-04-28T11:30:07.419+0000] {processor.py:840} INFO - DAG(s) 'tutorial' retrieved from /home/airflow/.local/lib/python3.8/site-packages/airflow/example_dags/tutorial.py
[2025-04-28T11:30:07.483+0000] {logging_mixin.py:188} INFO - [2025-04-28T11:30:07.483+0000] {dag.py:3033} INFO - Sync 1 DAGs
[2025-04-28T11:30:07.586+0000] {logging_mixin.py:188} INFO - [2025-04-28T11:30:07.586+0000] {dag.py:3820} INFO - Setting next_dagrun for tutorial to 2025-04-27T00:00:00+00:00, run_after=2025-04-28T00:00:00+00:00
[2025-04-28T11:30:08.035+0000] {processor.py:183} INFO - Processing /home/airflow/.local/lib/python3.8/site-packages/airflow/example_dags/tutorial.py took 0.648 seconds
[2025-04-28T11:30:40.799+0000] {processor.py:161} INFO - Started process (PID=3358) to work on /home/airflow/.local/lib/python3.8/site-packages/airflow/example_dags/tutorial.py
[2025-04-28T11:30:40.803+0000] {processor.py:830} INFO - Processing file /home/airflow/.local/lib/python3.8/site-packages/airflow/example_dags/tutorial.py for tasks to queue
[2025-04-28T11:30:40.809+0000] {logging_mixin.py:188} INFO - [2025-04-28T11:30:40.808+0000] {dagbag.py:538} INFO - Filling up the DagBag from /home/airflow/.local/lib/python3.8/site-packages/airflow/example_dags/tutorial.py
[2025-04-28T11:30:40.828+0000] {processor.py:840} INFO - DAG(s) 'tutorial' retrieved from /home/airflow/.local/lib/python3.8/site-packages/airflow/example_dags/tutorial.py
[2025-04-28T11:30:40.884+0000] {logging_mixin.py:188} INFO - [2025-04-28T11:30:40.884+0000] {dag.py:3033} INFO - Sync 1 DAGs
[2025-04-28T11:30:40.942+0000] {logging_mixin.py:188} INFO - [2025-04-28T11:30:40.942+0000] {dag.py:3820} INFO - Setting next_dagrun for tutorial to 2025-04-27T00:00:00+00:00, run_after=2025-04-28T00:00:00+00:00
[2025-04-28T11:30:40.991+0000] {processor.py:183} INFO - Processing /home/airflow/.local/lib/python3.8/site-packages/airflow/example_dags/tutorial.py took 0.198 seconds
[2025-04-28T11:31:12.521+0000] {processor.py:161} INFO - Started process (PID=3414) to work on /home/airflow/.local/lib/python3.8/site-packages/airflow/example_dags/tutorial.py
[2025-04-28T11:31:12.523+0000] {processor.py:830} INFO - Processing file /home/airflow/.local/lib/python3.8/site-packages/airflow/example_dags/tutorial.py for tasks to queue
[2025-04-28T11:31:12.524+0000] {logging_mixin.py:188} INFO - [2025-04-28T11:31:12.524+0000] {dagbag.py:538} INFO - Filling up the DagBag from /home/airflow/.local/lib/python3.8/site-packages/airflow/example_dags/tutorial.py
[2025-04-28T11:31:12.536+0000] {processor.py:840} INFO - DAG(s) 'tutorial' retrieved from /home/airflow/.local/lib/python3.8/site-packages/airflow/example_dags/tutorial.py
[2025-04-28T11:31:12.587+0000] {logging_mixin.py:188} INFO - [2025-04-28T11:31:12.587+0000] {dag.py:3033} INFO - Sync 1 DAGs
[2025-04-28T11:31:12.634+0000] {logging_mixin.py:188} INFO - [2025-04-28T11:31:12.634+0000] {dag.py:3820} INFO - Setting next_dagrun for tutorial to 2025-04-27T00:00:00+00:00, run_after=2025-04-28T00:00:00+00:00
[2025-04-28T11:31:12.669+0000] {processor.py:183} INFO - Processing /home/airflow/.local/lib/python3.8/site-packages/airflow/example_dags/tutorial.py took 0.153 seconds
[2025-04-28T11:31:44.337+0000] {processor.py:161} INFO - Started process (PID=3470) to work on /home/airflow/.local/lib/python3.8/site-packages/airflow/example_dags/tutorial.py
[2025-04-28T11:31:44.339+0000] {processor.py:830} INFO - Processing file /home/airflow/.local/lib/python3.8/site-packages/airflow/example_dags/tutorial.py for tasks to queue
[2025-04-28T11:31:44.340+0000] {logging_mixin.py:188} INFO - [2025-04-28T11:31:44.340+0000] {dagbag.py:538} INFO - Filling up the DagBag from /home/airflow/.local/lib/python3.8/site-packages/airflow/example_dags/tutorial.py
[2025-04-28T11:31:44.349+0000] {processor.py:840} INFO - DAG(s) 'tutorial' retrieved from /home/airflow/.local/lib/python3.8/site-packages/airflow/example_dags/tutorial.py
[2025-04-28T11:31:44.380+0000] {logging_mixin.py:188} INFO - [2025-04-28T11:31:44.380+0000] {dag.py:3033} INFO - Sync 1 DAGs
[2025-04-28T11:31:44.431+0000] {logging_mixin.py:188} INFO - [2025-04-28T11:31:44.431+0000] {dag.py:3820} INFO - Setting next_dagrun for tutorial to 2025-04-27T00:00:00+00:00, run_after=2025-04-28T00:00:00+00:00
[2025-04-28T11:31:44.474+0000] {processor.py:183} INFO - Processing /home/airflow/.local/lib/python3.8/site-packages/airflow/example_dags/tutorial.py took 0.142 seconds
[2025-04-28T11:32:17.632+0000] {processor.py:161} INFO - Started process (PID=3526) to work on /home/airflow/.local/lib/python3.8/site-packages/airflow/example_dags/tutorial.py
[2025-04-28T11:32:17.634+0000] {processor.py:830} INFO - Processing file /home/airflow/.local/lib/python3.8/site-packages/airflow/example_dags/tutorial.py for tasks to queue
[2025-04-28T11:32:17.635+0000] {logging_mixin.py:188} INFO - [2025-04-28T11:32:17.635+0000] {dagbag.py:538} INFO - Filling up the DagBag from /home/airflow/.local/lib/python3.8/site-packages/airflow/example_dags/tutorial.py
[2025-04-28T11:32:17.647+0000] {processor.py:840} INFO - DAG(s) 'tutorial' retrieved from /home/airflow/.local/lib/python3.8/site-packages/airflow/example_dags/tutorial.py
[2025-04-28T11:32:17.690+0000] {logging_mixin.py:188} INFO - [2025-04-28T11:32:17.689+0000] {dag.py:3033} INFO - Sync 1 DAGs
[2025-04-28T11:32:17.739+0000] {logging_mixin.py:188} INFO - [2025-04-28T11:32:17.739+0000] {dag.py:3820} INFO - Setting next_dagrun for tutorial to 2025-04-27T00:00:00+00:00, run_after=2025-04-28T00:00:00+00:00
[2025-04-28T11:32:17.777+0000] {processor.py:183} INFO - Processing /home/airflow/.local/lib/python3.8/site-packages/airflow/example_dags/tutorial.py took 0.152 seconds
[2025-04-28T11:32:54.554+0000] {processor.py:161} INFO - Started process (PID=3590) to work on /home/airflow/.local/lib/python3.8/site-packages/airflow/example_dags/tutorial.py
[2025-04-28T11:32:54.558+0000] {processor.py:830} INFO - Processing file /home/airflow/.local/lib/python3.8/site-packages/airflow/example_dags/tutorial.py for tasks to queue
[2025-04-28T11:32:54.568+0000] {logging_mixin.py:188} INFO - [2025-04-28T11:32:54.567+0000] {dagbag.py:538} INFO - Filling up the DagBag from /home/airflow/.local/lib/python3.8/site-packages/airflow/example_dags/tutorial.py
[2025-04-28T11:32:54.601+0000] {processor.py:840} INFO - DAG(s) 'tutorial' retrieved from /home/airflow/.local/lib/python3.8/site-packages/airflow/example_dags/tutorial.py
[2025-04-28T11:32:54.692+0000] {logging_mixin.py:188} INFO - [2025-04-28T11:32:54.692+0000] {dag.py:3033} INFO - Sync 1 DAGs
[2025-04-28T11:32:54.807+0000] {logging_mixin.py:188} INFO - [2025-04-28T11:32:54.797+0000] {dag.py:3820} INFO - Setting next_dagrun for tutorial to 2025-04-27T00:00:00+00:00, run_after=2025-04-28T00:00:00+00:00
[2025-04-28T11:32:54.948+0000] {processor.py:183} INFO - Processing /home/airflow/.local/lib/python3.8/site-packages/airflow/example_dags/tutorial.py took 0.410 seconds
[2025-04-28T11:33:27.118+0000] {processor.py:161} INFO - Started process (PID=3646) to work on /home/airflow/.local/lib/python3.8/site-packages/airflow/example_dags/tutorial.py
[2025-04-28T11:33:27.119+0000] {processor.py:830} INFO - Processing file /home/airflow/.local/lib/python3.8/site-packages/airflow/example_dags/tutorial.py for tasks to queue
[2025-04-28T11:33:27.122+0000] {logging_mixin.py:188} INFO - [2025-04-28T11:33:27.122+0000] {dagbag.py:538} INFO - Filling up the DagBag from /home/airflow/.local/lib/python3.8/site-packages/airflow/example_dags/tutorial.py
[2025-04-28T11:33:27.133+0000] {processor.py:840} INFO - DAG(s) 'tutorial' retrieved from /home/airflow/.local/lib/python3.8/site-packages/airflow/example_dags/tutorial.py
[2025-04-28T11:33:27.161+0000] {logging_mixin.py:188} INFO - [2025-04-28T11:33:27.161+0000] {dag.py:3033} INFO - Sync 1 DAGs
[2025-04-28T11:33:27.191+0000] {logging_mixin.py:188} INFO - [2025-04-28T11:33:27.191+0000] {dag.py:3820} INFO - Setting next_dagrun for tutorial to 2025-04-27T00:00:00+00:00, run_after=2025-04-28T00:00:00+00:00
[2025-04-28T11:33:27.223+0000] {processor.py:183} INFO - Processing /home/airflow/.local/lib/python3.8/site-packages/airflow/example_dags/tutorial.py took 0.110 seconds
[2025-04-28T11:33:58.514+0000] {processor.py:161} INFO - Started process (PID=3702) to work on /home/airflow/.local/lib/python3.8/site-packages/airflow/example_dags/tutorial.py
[2025-04-28T11:33:58.515+0000] {processor.py:830} INFO - Processing file /home/airflow/.local/lib/python3.8/site-packages/airflow/example_dags/tutorial.py for tasks to queue
[2025-04-28T11:33:58.517+0000] {logging_mixin.py:188} INFO - [2025-04-28T11:33:58.517+0000] {dagbag.py:538} INFO - Filling up the DagBag from /home/airflow/.local/lib/python3.8/site-packages/airflow/example_dags/tutorial.py
[2025-04-28T11:33:58.544+0000] {processor.py:840} INFO - DAG(s) 'tutorial' retrieved from /home/airflow/.local/lib/python3.8/site-packages/airflow/example_dags/tutorial.py
[2025-04-28T11:33:58.606+0000] {logging_mixin.py:188} INFO - [2025-04-28T11:33:58.605+0000] {dag.py:3033} INFO - Sync 1 DAGs
[2025-04-28T11:33:58.726+0000] {logging_mixin.py:188} INFO - [2025-04-28T11:33:58.726+0000] {dag.py:3820} INFO - Setting next_dagrun for tutorial to 2025-04-27T00:00:00+00:00, run_after=2025-04-28T00:00:00+00:00
[2025-04-28T11:33:58.790+0000] {processor.py:183} INFO - Processing /home/airflow/.local/lib/python3.8/site-packages/airflow/example_dags/tutorial.py took 0.280 seconds
[2025-04-28T11:34:28.879+0000] {processor.py:161} INFO - Started process (PID=3758) to work on /home/airflow/.local/lib/python3.8/site-packages/airflow/example_dags/tutorial.py
[2025-04-28T11:34:28.880+0000] {processor.py:830} INFO - Processing file /home/airflow/.local/lib/python3.8/site-packages/airflow/example_dags/tutorial.py for tasks to queue
[2025-04-28T11:34:28.881+0000] {logging_mixin.py:188} INFO - [2025-04-28T11:34:28.881+0000] {dagbag.py:538} INFO - Filling up the DagBag from /home/airflow/.local/lib/python3.8/site-packages/airflow/example_dags/tutorial.py
[2025-04-28T11:34:28.889+0000] {processor.py:840} INFO - DAG(s) 'tutorial' retrieved from /home/airflow/.local/lib/python3.8/site-packages/airflow/example_dags/tutorial.py
[2025-04-28T11:34:28.916+0000] {logging_mixin.py:188} INFO - [2025-04-28T11:34:28.915+0000] {dag.py:3033} INFO - Sync 1 DAGs
[2025-04-28T11:34:28.942+0000] {logging_mixin.py:188} INFO - [2025-04-28T11:34:28.942+0000] {dag.py:3820} INFO - Setting next_dagrun for tutorial to 2025-04-27T00:00:00+00:00, run_after=2025-04-28T00:00:00+00:00
[2025-04-28T11:34:28.976+0000] {processor.py:183} INFO - Processing /home/airflow/.local/lib/python3.8/site-packages/airflow/example_dags/tutorial.py took 0.102 seconds
[2025-04-28T11:34:59.090+0000] {processor.py:161} INFO - Started process (PID=3814) to work on /home/airflow/.local/lib/python3.8/site-packages/airflow/example_dags/tutorial.py
[2025-04-28T11:34:59.091+0000] {processor.py:830} INFO - Processing file /home/airflow/.local/lib/python3.8/site-packages/airflow/example_dags/tutorial.py for tasks to queue
[2025-04-28T11:34:59.093+0000] {logging_mixin.py:188} INFO - [2025-04-28T11:34:59.092+0000] {dagbag.py:538} INFO - Filling up the DagBag from /home/airflow/.local/lib/python3.8/site-packages/airflow/example_dags/tutorial.py
[2025-04-28T11:34:59.104+0000] {processor.py:840} INFO - DAG(s) 'tutorial' retrieved from /home/airflow/.local/lib/python3.8/site-packages/airflow/example_dags/tutorial.py
[2025-04-28T11:34:59.131+0000] {logging_mixin.py:188} INFO - [2025-04-28T11:34:59.130+0000] {dag.py:3033} INFO - Sync 1 DAGs
[2025-04-28T11:34:59.172+0000] {logging_mixin.py:188} INFO - [2025-04-28T11:34:59.171+0000] {dag.py:3820} INFO - Setting next_dagrun for tutorial to 2025-04-27T00:00:00+00:00, run_after=2025-04-28T00:00:00+00:00
[2025-04-28T11:34:59.210+0000] {processor.py:183} INFO - Processing /home/airflow/.local/lib/python3.8/site-packages/airflow/example_dags/tutorial.py took 0.124 seconds
[2025-04-28T11:35:31.606+0000] {processor.py:161} INFO - Started process (PID=3870) to work on /home/airflow/.local/lib/python3.8/site-packages/airflow/example_dags/tutorial.py
[2025-04-28T11:35:31.607+0000] {processor.py:830} INFO - Processing file /home/airflow/.local/lib/python3.8/site-packages/airflow/example_dags/tutorial.py for tasks to queue
[2025-04-28T11:35:31.609+0000] {logging_mixin.py:188} INFO - [2025-04-28T11:35:31.609+0000] {dagbag.py:538} INFO - Filling up the DagBag from /home/airflow/.local/lib/python3.8/site-packages/airflow/example_dags/tutorial.py
[2025-04-28T11:35:31.620+0000] {processor.py:840} INFO - DAG(s) 'tutorial' retrieved from /home/airflow/.local/lib/python3.8/site-packages/airflow/example_dags/tutorial.py
[2025-04-28T11:35:31.653+0000] {logging_mixin.py:188} INFO - [2025-04-28T11:35:31.653+0000] {dag.py:3033} INFO - Sync 1 DAGs
[2025-04-28T11:35:31.690+0000] {logging_mixin.py:188} INFO - [2025-04-28T11:35:31.690+0000] {dag.py:3820} INFO - Setting next_dagrun for tutorial to 2025-04-27T00:00:00+00:00, run_after=2025-04-28T00:00:00+00:00
[2025-04-28T11:35:31.726+0000] {processor.py:183} INFO - Processing /home/airflow/.local/lib/python3.8/site-packages/airflow/example_dags/tutorial.py took 0.125 seconds
[2025-04-28T11:36:04.888+0000] {processor.py:161} INFO - Started process (PID=3927) to work on /home/airflow/.local/lib/python3.8/site-packages/airflow/example_dags/tutorial.py
[2025-04-28T11:36:04.890+0000] {processor.py:830} INFO - Processing file /home/airflow/.local/lib/python3.8/site-packages/airflow/example_dags/tutorial.py for tasks to queue
[2025-04-28T11:36:04.892+0000] {logging_mixin.py:188} INFO - [2025-04-28T11:36:04.891+0000] {dagbag.py:538} INFO - Filling up the DagBag from /home/airflow/.local/lib/python3.8/site-packages/airflow/example_dags/tutorial.py
[2025-04-28T11:36:04.904+0000] {processor.py:840} INFO - DAG(s) 'tutorial' retrieved from /home/airflow/.local/lib/python3.8/site-packages/airflow/example_dags/tutorial.py
[2025-04-28T11:36:04.939+0000] {logging_mixin.py:188} INFO - [2025-04-28T11:36:04.938+0000] {dag.py:3033} INFO - Sync 1 DAGs
[2025-04-28T11:36:04.975+0000] {logging_mixin.py:188} INFO - [2025-04-28T11:36:04.975+0000] {dag.py:3820} INFO - Setting next_dagrun for tutorial to 2025-04-27T00:00:00+00:00, run_after=2025-04-28T00:00:00+00:00
[2025-04-28T11:36:05.045+0000] {processor.py:183} INFO - Processing /home/airflow/.local/lib/python3.8/site-packages/airflow/example_dags/tutorial.py took 0.162 seconds
[2025-04-28T11:36:37.278+0000] {processor.py:161} INFO - Started process (PID=3983) to work on /home/airflow/.local/lib/python3.8/site-packages/airflow/example_dags/tutorial.py
[2025-04-28T11:36:37.281+0000] {processor.py:830} INFO - Processing file /home/airflow/.local/lib/python3.8/site-packages/airflow/example_dags/tutorial.py for tasks to queue
[2025-04-28T11:36:37.283+0000] {logging_mixin.py:188} INFO - [2025-04-28T11:36:37.283+0000] {dagbag.py:538} INFO - Filling up the DagBag from /home/airflow/.local/lib/python3.8/site-packages/airflow/example_dags/tutorial.py
[2025-04-28T11:36:37.295+0000] {processor.py:840} INFO - DAG(s) 'tutorial' retrieved from /home/airflow/.local/lib/python3.8/site-packages/airflow/example_dags/tutorial.py
[2025-04-28T11:36:37.338+0000] {logging_mixin.py:188} INFO - [2025-04-28T11:36:37.337+0000] {dag.py:3033} INFO - Sync 1 DAGs
[2025-04-28T11:36:37.379+0000] {logging_mixin.py:188} INFO - [2025-04-28T11:36:37.378+0000] {dag.py:3820} INFO - Setting next_dagrun for tutorial to 2025-04-27T00:00:00+00:00, run_after=2025-04-28T00:00:00+00:00
[2025-04-28T11:36:37.418+0000] {processor.py:183} INFO - Processing /home/airflow/.local/lib/python3.8/site-packages/airflow/example_dags/tutorial.py took 0.146 seconds
[2025-04-28T11:37:11.474+0000] {processor.py:161} INFO - Started process (PID=4039) to work on /home/airflow/.local/lib/python3.8/site-packages/airflow/example_dags/tutorial.py
[2025-04-28T11:37:11.502+0000] {processor.py:830} INFO - Processing file /home/airflow/.local/lib/python3.8/site-packages/airflow/example_dags/tutorial.py for tasks to queue
[2025-04-28T11:37:11.504+0000] {logging_mixin.py:188} INFO - [2025-04-28T11:37:11.504+0000] {dagbag.py:538} INFO - Filling up the DagBag from /home/airflow/.local/lib/python3.8/site-packages/airflow/example_dags/tutorial.py
[2025-04-28T11:37:11.523+0000] {processor.py:840} INFO - DAG(s) 'tutorial' retrieved from /home/airflow/.local/lib/python3.8/site-packages/airflow/example_dags/tutorial.py
[2025-04-28T11:37:11.592+0000] {logging_mixin.py:188} INFO - [2025-04-28T11:37:11.592+0000] {dag.py:3033} INFO - Sync 1 DAGs
[2025-04-28T11:37:11.701+0000] {logging_mixin.py:188} INFO - [2025-04-28T11:37:11.701+0000] {dag.py:3820} INFO - Setting next_dagrun for tutorial to 2025-04-27T00:00:00+00:00, run_after=2025-04-28T00:00:00+00:00
[2025-04-28T11:37:11.790+0000] {processor.py:183} INFO - Processing /home/airflow/.local/lib/python3.8/site-packages/airflow/example_dags/tutorial.py took 0.329 seconds
[2025-04-28T11:37:43.665+0000] {processor.py:161} INFO - Started process (PID=4095) to work on /home/airflow/.local/lib/python3.8/site-packages/airflow/example_dags/tutorial.py
[2025-04-28T11:37:43.667+0000] {processor.py:830} INFO - Processing file /home/airflow/.local/lib/python3.8/site-packages/airflow/example_dags/tutorial.py for tasks to queue
[2025-04-28T11:37:43.669+0000] {logging_mixin.py:188} INFO - [2025-04-28T11:37:43.668+0000] {dagbag.py:538} INFO - Filling up the DagBag from /home/airflow/.local/lib/python3.8/site-packages/airflow/example_dags/tutorial.py
[2025-04-28T11:37:43.682+0000] {processor.py:840} INFO - DAG(s) 'tutorial' retrieved from /home/airflow/.local/lib/python3.8/site-packages/airflow/example_dags/tutorial.py
[2025-04-28T11:37:43.715+0000] {logging_mixin.py:188} INFO - [2025-04-28T11:37:43.714+0000] {dag.py:3033} INFO - Sync 1 DAGs
[2025-04-28T11:37:43.754+0000] {logging_mixin.py:188} INFO - [2025-04-28T11:37:43.754+0000] {dag.py:3820} INFO - Setting next_dagrun for tutorial to 2025-04-27T00:00:00+00:00, run_after=2025-04-28T00:00:00+00:00
[2025-04-28T11:37:43.794+0000] {processor.py:183} INFO - Processing /home/airflow/.local/lib/python3.8/site-packages/airflow/example_dags/tutorial.py took 0.134 seconds
[2025-04-28T11:38:16.804+0000] {processor.py:161} INFO - Started process (PID=4150) to work on /home/airflow/.local/lib/python3.8/site-packages/airflow/example_dags/tutorial.py
[2025-04-28T11:38:16.806+0000] {processor.py:830} INFO - Processing file /home/airflow/.local/lib/python3.8/site-packages/airflow/example_dags/tutorial.py for tasks to queue
[2025-04-28T11:38:16.816+0000] {logging_mixin.py:188} INFO - [2025-04-28T11:38:16.813+0000] {dagbag.py:538} INFO - Filling up the DagBag from /home/airflow/.local/lib/python3.8/site-packages/airflow/example_dags/tutorial.py
[2025-04-28T11:38:16.835+0000] {processor.py:840} INFO - DAG(s) 'tutorial' retrieved from /home/airflow/.local/lib/python3.8/site-packages/airflow/example_dags/tutorial.py
[2025-04-28T11:38:16.877+0000] {logging_mixin.py:188} INFO - [2025-04-28T11:38:16.876+0000] {dag.py:3033} INFO - Sync 1 DAGs
[2025-04-28T11:38:16.920+0000] {logging_mixin.py:188} INFO - [2025-04-28T11:38:16.920+0000] {dag.py:3820} INFO - Setting next_dagrun for tutorial to 2025-04-27T00:00:00+00:00, run_after=2025-04-28T00:00:00+00:00
[2025-04-28T11:38:16.958+0000] {processor.py:183} INFO - Processing /home/airflow/.local/lib/python3.8/site-packages/airflow/example_dags/tutorial.py took 0.160 seconds
[2025-04-28T11:38:48.276+0000] {processor.py:161} INFO - Started process (PID=4206) to work on /home/airflow/.local/lib/python3.8/site-packages/airflow/example_dags/tutorial.py
[2025-04-28T11:38:48.277+0000] {processor.py:830} INFO - Processing file /home/airflow/.local/lib/python3.8/site-packages/airflow/example_dags/tutorial.py for tasks to queue
[2025-04-28T11:38:48.278+0000] {logging_mixin.py:188} INFO - [2025-04-28T11:38:48.278+0000] {dagbag.py:538} INFO - Filling up the DagBag from /home/airflow/.local/lib/python3.8/site-packages/airflow/example_dags/tutorial.py
[2025-04-28T11:38:48.287+0000] {processor.py:840} INFO - DAG(s) 'tutorial' retrieved from /home/airflow/.local/lib/python3.8/site-packages/airflow/example_dags/tutorial.py
[2025-04-28T11:38:48.316+0000] {logging_mixin.py:188} INFO - [2025-04-28T11:38:48.316+0000] {dag.py:3033} INFO - Sync 1 DAGs
[2025-04-28T11:38:48.349+0000] {logging_mixin.py:188} INFO - [2025-04-28T11:38:48.349+0000] {dag.py:3820} INFO - Setting next_dagrun for tutorial to 2025-04-27T00:00:00+00:00, run_after=2025-04-28T00:00:00+00:00
[2025-04-28T11:38:48.376+0000] {processor.py:183} INFO - Processing /home/airflow/.local/lib/python3.8/site-packages/airflow/example_dags/tutorial.py took 0.106 seconds
[2025-04-28T11:39:21.995+0000] {processor.py:161} INFO - Started process (PID=4263) to work on /home/airflow/.local/lib/python3.8/site-packages/airflow/example_dags/tutorial.py
[2025-04-28T11:39:21.996+0000] {processor.py:830} INFO - Processing file /home/airflow/.local/lib/python3.8/site-packages/airflow/example_dags/tutorial.py for tasks to queue
[2025-04-28T11:39:21.998+0000] {logging_mixin.py:188} INFO - [2025-04-28T11:39:21.998+0000] {dagbag.py:538} INFO - Filling up the DagBag from /home/airflow/.local/lib/python3.8/site-packages/airflow/example_dags/tutorial.py
[2025-04-28T11:39:22.013+0000] {processor.py:840} INFO - DAG(s) 'tutorial' retrieved from /home/airflow/.local/lib/python3.8/site-packages/airflow/example_dags/tutorial.py
[2025-04-28T11:39:22.046+0000] {logging_mixin.py:188} INFO - [2025-04-28T11:39:22.045+0000] {dag.py:3033} INFO - Sync 1 DAGs
[2025-04-28T11:39:22.101+0000] {logging_mixin.py:188} INFO - [2025-04-28T11:39:22.101+0000] {dag.py:3820} INFO - Setting next_dagrun for tutorial to 2025-04-27T00:00:00+00:00, run_after=2025-04-28T00:00:00+00:00
[2025-04-28T11:39:22.151+0000] {processor.py:183} INFO - Processing /home/airflow/.local/lib/python3.8/site-packages/airflow/example_dags/tutorial.py took 0.165 seconds
[2025-04-28T11:39:54.623+0000] {processor.py:161} INFO - Started process (PID=4319) to work on /home/airflow/.local/lib/python3.8/site-packages/airflow/example_dags/tutorial.py
[2025-04-28T11:39:54.625+0000] {processor.py:830} INFO - Processing file /home/airflow/.local/lib/python3.8/site-packages/airflow/example_dags/tutorial.py for tasks to queue
[2025-04-28T11:39:54.627+0000] {logging_mixin.py:188} INFO - [2025-04-28T11:39:54.626+0000] {dagbag.py:538} INFO - Filling up the DagBag from /home/airflow/.local/lib/python3.8/site-packages/airflow/example_dags/tutorial.py
[2025-04-28T11:39:54.638+0000] {processor.py:840} INFO - DAG(s) 'tutorial' retrieved from /home/airflow/.local/lib/python3.8/site-packages/airflow/example_dags/tutorial.py
[2025-04-28T11:39:54.687+0000] {logging_mixin.py:188} INFO - [2025-04-28T11:39:54.680+0000] {dag.py:3033} INFO - Sync 1 DAGs
[2025-04-28T11:39:54.760+0000] {logging_mixin.py:188} INFO - [2025-04-28T11:39:54.760+0000] {dag.py:3820} INFO - Setting next_dagrun for tutorial to 2025-04-27T00:00:00+00:00, run_after=2025-04-28T00:00:00+00:00
[2025-04-28T11:39:54.801+0000] {processor.py:183} INFO - Processing /home/airflow/.local/lib/python3.8/site-packages/airflow/example_dags/tutorial.py took 0.183 seconds
[2025-04-28T11:40:27.264+0000] {processor.py:161} INFO - Started process (PID=4375) to work on /home/airflow/.local/lib/python3.8/site-packages/airflow/example_dags/tutorial.py
[2025-04-28T11:40:27.265+0000] {processor.py:830} INFO - Processing file /home/airflow/.local/lib/python3.8/site-packages/airflow/example_dags/tutorial.py for tasks to queue
[2025-04-28T11:40:27.267+0000] {logging_mixin.py:188} INFO - [2025-04-28T11:40:27.267+0000] {dagbag.py:538} INFO - Filling up the DagBag from /home/airflow/.local/lib/python3.8/site-packages/airflow/example_dags/tutorial.py
[2025-04-28T11:40:27.279+0000] {processor.py:840} INFO - DAG(s) 'tutorial' retrieved from /home/airflow/.local/lib/python3.8/site-packages/airflow/example_dags/tutorial.py
[2025-04-28T11:40:27.310+0000] {logging_mixin.py:188} INFO - [2025-04-28T11:40:27.310+0000] {dag.py:3033} INFO - Sync 1 DAGs
[2025-04-28T11:40:27.344+0000] {logging_mixin.py:188} INFO - [2025-04-28T11:40:27.344+0000] {dag.py:3820} INFO - Setting next_dagrun for tutorial to 2025-04-27T00:00:00+00:00, run_after=2025-04-28T00:00:00+00:00
[2025-04-28T11:40:27.376+0000] {processor.py:183} INFO - Processing /home/airflow/.local/lib/python3.8/site-packages/airflow/example_dags/tutorial.py took 0.119 seconds
[2025-04-28T11:40:59.907+0000] {processor.py:161} INFO - Started process (PID=4430) to work on /home/airflow/.local/lib/python3.8/site-packages/airflow/example_dags/tutorial.py
[2025-04-28T11:40:59.908+0000] {processor.py:830} INFO - Processing file /home/airflow/.local/lib/python3.8/site-packages/airflow/example_dags/tutorial.py for tasks to queue
[2025-04-28T11:40:59.911+0000] {logging_mixin.py:188} INFO - [2025-04-28T11:40:59.910+0000] {dagbag.py:538} INFO - Filling up the DagBag from /home/airflow/.local/lib/python3.8/site-packages/airflow/example_dags/tutorial.py
[2025-04-28T11:40:59.923+0000] {processor.py:840} INFO - DAG(s) 'tutorial' retrieved from /home/airflow/.local/lib/python3.8/site-packages/airflow/example_dags/tutorial.py
[2025-04-28T11:40:59.956+0000] {logging_mixin.py:188} INFO - [2025-04-28T11:40:59.956+0000] {dag.py:3033} INFO - Sync 1 DAGs
[2025-04-28T11:41:00.002+0000] {logging_mixin.py:188} INFO - [2025-04-28T11:41:00.002+0000] {dag.py:3820} INFO - Setting next_dagrun for tutorial to 2025-04-27T00:00:00+00:00, run_after=2025-04-28T00:00:00+00:00
[2025-04-28T11:41:00.056+0000] {processor.py:183} INFO - Processing /home/airflow/.local/lib/python3.8/site-packages/airflow/example_dags/tutorial.py took 0.154 seconds
[2025-04-28T11:41:32.113+0000] {processor.py:161} INFO - Started process (PID=4486) to work on /home/airflow/.local/lib/python3.8/site-packages/airflow/example_dags/tutorial.py
[2025-04-28T11:41:32.115+0000] {processor.py:830} INFO - Processing file /home/airflow/.local/lib/python3.8/site-packages/airflow/example_dags/tutorial.py for tasks to queue
[2025-04-28T11:41:32.116+0000] {logging_mixin.py:188} INFO - [2025-04-28T11:41:32.116+0000] {dagbag.py:538} INFO - Filling up the DagBag from /home/airflow/.local/lib/python3.8/site-packages/airflow/example_dags/tutorial.py
[2025-04-28T11:41:32.132+0000] {processor.py:840} INFO - DAG(s) 'tutorial' retrieved from /home/airflow/.local/lib/python3.8/site-packages/airflow/example_dags/tutorial.py
[2025-04-28T11:41:32.165+0000] {logging_mixin.py:188} INFO - [2025-04-28T11:41:32.165+0000] {dag.py:3033} INFO - Sync 1 DAGs
[2025-04-28T11:41:32.206+0000] {logging_mixin.py:188} INFO - [2025-04-28T11:41:32.205+0000] {dag.py:3820} INFO - Setting next_dagrun for tutorial to 2025-04-27T00:00:00+00:00, run_after=2025-04-28T00:00:00+00:00
[2025-04-28T11:41:32.246+0000] {processor.py:183} INFO - Processing /home/airflow/.local/lib/python3.8/site-packages/airflow/example_dags/tutorial.py took 0.138 seconds
[2025-04-28T11:42:05.498+0000] {processor.py:161} INFO - Started process (PID=4546) to work on /home/airflow/.local/lib/python3.8/site-packages/airflow/example_dags/tutorial.py
[2025-04-28T11:42:05.499+0000] {processor.py:830} INFO - Processing file /home/airflow/.local/lib/python3.8/site-packages/airflow/example_dags/tutorial.py for tasks to queue
[2025-04-28T11:42:05.501+0000] {logging_mixin.py:188} INFO - [2025-04-28T11:42:05.500+0000] {dagbag.py:538} INFO - Filling up the DagBag from /home/airflow/.local/lib/python3.8/site-packages/airflow/example_dags/tutorial.py
[2025-04-28T11:42:05.521+0000] {processor.py:840} INFO - DAG(s) 'tutorial' retrieved from /home/airflow/.local/lib/python3.8/site-packages/airflow/example_dags/tutorial.py
[2025-04-28T11:42:05.580+0000] {logging_mixin.py:188} INFO - [2025-04-28T11:42:05.579+0000] {dag.py:3033} INFO - Sync 1 DAGs
[2025-04-28T11:42:05.637+0000] {logging_mixin.py:188} INFO - [2025-04-28T11:42:05.637+0000] {dag.py:3820} INFO - Setting next_dagrun for tutorial to 2025-04-27T00:00:00+00:00, run_after=2025-04-28T00:00:00+00:00
[2025-04-28T11:42:05.698+0000] {processor.py:183} INFO - Processing /home/airflow/.local/lib/python3.8/site-packages/airflow/example_dags/tutorial.py took 0.209 seconds
[2025-04-28T11:42:39.284+0000] {processor.py:161} INFO - Started process (PID=4606) to work on /home/airflow/.local/lib/python3.8/site-packages/airflow/example_dags/tutorial.py
[2025-04-28T11:42:39.285+0000] {processor.py:830} INFO - Processing file /home/airflow/.local/lib/python3.8/site-packages/airflow/example_dags/tutorial.py for tasks to queue
[2025-04-28T11:42:39.286+0000] {logging_mixin.py:188} INFO - [2025-04-28T11:42:39.286+0000] {dagbag.py:538} INFO - Filling up the DagBag from /home/airflow/.local/lib/python3.8/site-packages/airflow/example_dags/tutorial.py
[2025-04-28T11:42:39.297+0000] {processor.py:840} INFO - DAG(s) 'tutorial' retrieved from /home/airflow/.local/lib/python3.8/site-packages/airflow/example_dags/tutorial.py
[2025-04-28T11:42:39.328+0000] {logging_mixin.py:188} INFO - [2025-04-28T11:42:39.328+0000] {dag.py:3033} INFO - Sync 1 DAGs
[2025-04-28T11:42:39.370+0000] {logging_mixin.py:188} INFO - [2025-04-28T11:42:39.370+0000] {dag.py:3820} INFO - Setting next_dagrun for tutorial to 2025-04-27T00:00:00+00:00, run_after=2025-04-28T00:00:00+00:00
[2025-04-28T11:42:39.403+0000] {processor.py:183} INFO - Processing /home/airflow/.local/lib/python3.8/site-packages/airflow/example_dags/tutorial.py took 0.125 seconds
[2025-04-28T11:43:12.003+0000] {processor.py:161} INFO - Started process (PID=4670) to work on /home/airflow/.local/lib/python3.8/site-packages/airflow/example_dags/tutorial.py
[2025-04-28T11:43:12.005+0000] {processor.py:830} INFO - Processing file /home/airflow/.local/lib/python3.8/site-packages/airflow/example_dags/tutorial.py for tasks to queue
[2025-04-28T11:43:12.006+0000] {logging_mixin.py:188} INFO - [2025-04-28T11:43:12.006+0000] {dagbag.py:538} INFO - Filling up the DagBag from /home/airflow/.local/lib/python3.8/site-packages/airflow/example_dags/tutorial.py
[2025-04-28T11:43:12.025+0000] {processor.py:840} INFO - DAG(s) 'tutorial' retrieved from /home/airflow/.local/lib/python3.8/site-packages/airflow/example_dags/tutorial.py
[2025-04-28T11:43:12.067+0000] {logging_mixin.py:188} INFO - [2025-04-28T11:43:12.067+0000] {dag.py:3033} INFO - Sync 1 DAGs
[2025-04-28T11:43:12.127+0000] {logging_mixin.py:188} INFO - [2025-04-28T11:43:12.126+0000] {dag.py:3820} INFO - Setting next_dagrun for tutorial to 2025-04-27T00:00:00+00:00, run_after=2025-04-28T00:00:00+00:00
[2025-04-28T11:43:12.173+0000] {processor.py:183} INFO - Processing /home/airflow/.local/lib/python3.8/site-packages/airflow/example_dags/tutorial.py took 0.179 seconds
[2025-04-28T11:43:45.647+0000] {processor.py:161} INFO - Started process (PID=4726) to work on /home/airflow/.local/lib/python3.8/site-packages/airflow/example_dags/tutorial.py
[2025-04-28T11:43:45.648+0000] {processor.py:830} INFO - Processing file /home/airflow/.local/lib/python3.8/site-packages/airflow/example_dags/tutorial.py for tasks to queue
[2025-04-28T11:43:45.650+0000] {logging_mixin.py:188} INFO - [2025-04-28T11:43:45.649+0000] {dagbag.py:538} INFO - Filling up the DagBag from /home/airflow/.local/lib/python3.8/site-packages/airflow/example_dags/tutorial.py
[2025-04-28T11:43:45.659+0000] {processor.py:840} INFO - DAG(s) 'tutorial' retrieved from /home/airflow/.local/lib/python3.8/site-packages/airflow/example_dags/tutorial.py
[2025-04-28T11:43:45.694+0000] {logging_mixin.py:188} INFO - [2025-04-28T11:43:45.693+0000] {dag.py:3033} INFO - Sync 1 DAGs
[2025-04-28T11:43:45.736+0000] {logging_mixin.py:188} INFO - [2025-04-28T11:43:45.736+0000] {dag.py:3820} INFO - Setting next_dagrun for tutorial to 2025-04-27T00:00:00+00:00, run_after=2025-04-28T00:00:00+00:00
[2025-04-28T11:43:45.775+0000] {processor.py:183} INFO - Processing /home/airflow/.local/lib/python3.8/site-packages/airflow/example_dags/tutorial.py took 0.134 seconds
[2025-04-28T11:44:17.870+0000] {processor.py:161} INFO - Started process (PID=4785) to work on /home/airflow/.local/lib/python3.8/site-packages/airflow/example_dags/tutorial.py
[2025-04-28T11:44:17.871+0000] {processor.py:830} INFO - Processing file /home/airflow/.local/lib/python3.8/site-packages/airflow/example_dags/tutorial.py for tasks to queue
[2025-04-28T11:44:17.873+0000] {logging_mixin.py:188} INFO - [2025-04-28T11:44:17.872+0000] {dagbag.py:538} INFO - Filling up the DagBag from /home/airflow/.local/lib/python3.8/site-packages/airflow/example_dags/tutorial.py
[2025-04-28T11:44:17.881+0000] {processor.py:840} INFO - DAG(s) 'tutorial' retrieved from /home/airflow/.local/lib/python3.8/site-packages/airflow/example_dags/tutorial.py
[2025-04-28T11:44:17.909+0000] {logging_mixin.py:188} INFO - [2025-04-28T11:44:17.909+0000] {dag.py:3033} INFO - Sync 1 DAGs
[2025-04-28T11:44:17.947+0000] {logging_mixin.py:188} INFO - [2025-04-28T11:44:17.947+0000] {dag.py:3820} INFO - Setting next_dagrun for tutorial to 2025-04-27T00:00:00+00:00, run_after=2025-04-28T00:00:00+00:00
[2025-04-28T11:44:17.974+0000] {processor.py:183} INFO - Processing /home/airflow/.local/lib/python3.8/site-packages/airflow/example_dags/tutorial.py took 0.108 seconds
[2025-04-28T11:44:50.844+0000] {processor.py:161} INFO - Started process (PID=4844) to work on /home/airflow/.local/lib/python3.8/site-packages/airflow/example_dags/tutorial.py
[2025-04-28T11:44:50.845+0000] {processor.py:830} INFO - Processing file /home/airflow/.local/lib/python3.8/site-packages/airflow/example_dags/tutorial.py for tasks to queue
[2025-04-28T11:44:50.847+0000] {logging_mixin.py:188} INFO - [2025-04-28T11:44:50.846+0000] {dagbag.py:538} INFO - Filling up the DagBag from /home/airflow/.local/lib/python3.8/site-packages/airflow/example_dags/tutorial.py
[2025-04-28T11:44:50.855+0000] {processor.py:840} INFO - DAG(s) 'tutorial' retrieved from /home/airflow/.local/lib/python3.8/site-packages/airflow/example_dags/tutorial.py
[2025-04-28T11:44:50.883+0000] {logging_mixin.py:188} INFO - [2025-04-28T11:44:50.883+0000] {dag.py:3033} INFO - Sync 1 DAGs
[2025-04-28T11:44:50.920+0000] {logging_mixin.py:188} INFO - [2025-04-28T11:44:50.920+0000] {dag.py:3820} INFO - Setting next_dagrun for tutorial to 2025-04-27T00:00:00+00:00, run_after=2025-04-28T00:00:00+00:00
[2025-04-28T11:44:50.953+0000] {processor.py:183} INFO - Processing /home/airflow/.local/lib/python3.8/site-packages/airflow/example_dags/tutorial.py took 0.114 seconds
[2025-04-28T11:45:29.521+0000] {processor.py:161} INFO - Started process (PID=4900) to work on /home/airflow/.local/lib/python3.8/site-packages/airflow/example_dags/tutorial.py
[2025-04-28T11:45:29.529+0000] {processor.py:830} INFO - Processing file /home/airflow/.local/lib/python3.8/site-packages/airflow/example_dags/tutorial.py for tasks to queue
[2025-04-28T11:45:29.534+0000] {logging_mixin.py:188} INFO - [2025-04-28T11:45:29.533+0000] {dagbag.py:538} INFO - Filling up the DagBag from /home/airflow/.local/lib/python3.8/site-packages/airflow/example_dags/tutorial.py
[2025-04-28T11:45:29.549+0000] {processor.py:840} INFO - DAG(s) 'tutorial' retrieved from /home/airflow/.local/lib/python3.8/site-packages/airflow/example_dags/tutorial.py
[2025-04-28T11:45:29.655+0000] {logging_mixin.py:188} INFO - [2025-04-28T11:45:29.655+0000] {dag.py:3033} INFO - Sync 1 DAGs
[2025-04-28T11:45:29.756+0000] {logging_mixin.py:188} INFO - [2025-04-28T11:45:29.755+0000] {dag.py:3820} INFO - Setting next_dagrun for tutorial to 2025-04-27T00:00:00+00:00, run_after=2025-04-28T00:00:00+00:00
[2025-04-28T11:45:29.891+0000] {processor.py:183} INFO - Processing /home/airflow/.local/lib/python3.8/site-packages/airflow/example_dags/tutorial.py took 0.377 seconds
[2025-04-28T11:46:00.300+0000] {processor.py:161} INFO - Started process (PID=4956) to work on /home/airflow/.local/lib/python3.8/site-packages/airflow/example_dags/tutorial.py
[2025-04-28T11:46:00.302+0000] {processor.py:830} INFO - Processing file /home/airflow/.local/lib/python3.8/site-packages/airflow/example_dags/tutorial.py for tasks to queue
[2025-04-28T11:46:00.303+0000] {logging_mixin.py:188} INFO - [2025-04-28T11:46:00.303+0000] {dagbag.py:538} INFO - Filling up the DagBag from /home/airflow/.local/lib/python3.8/site-packages/airflow/example_dags/tutorial.py
[2025-04-28T11:46:00.313+0000] {processor.py:840} INFO - DAG(s) 'tutorial' retrieved from /home/airflow/.local/lib/python3.8/site-packages/airflow/example_dags/tutorial.py
[2025-04-28T11:46:00.352+0000] {logging_mixin.py:188} INFO - [2025-04-28T11:46:00.352+0000] {dag.py:3033} INFO - Sync 1 DAGs
[2025-04-28T11:46:00.414+0000] {logging_mixin.py:188} INFO - [2025-04-28T11:46:00.414+0000] {dag.py:3820} INFO - Setting next_dagrun for tutorial to 2025-04-27T00:00:00+00:00, run_after=2025-04-28T00:00:00+00:00
[2025-04-28T11:46:00.452+0000] {processor.py:183} INFO - Processing /home/airflow/.local/lib/python3.8/site-packages/airflow/example_dags/tutorial.py took 0.157 seconds
[2025-04-28T11:46:30.923+0000] {processor.py:161} INFO - Started process (PID=5012) to work on /home/airflow/.local/lib/python3.8/site-packages/airflow/example_dags/tutorial.py
[2025-04-28T11:46:30.925+0000] {processor.py:830} INFO - Processing file /home/airflow/.local/lib/python3.8/site-packages/airflow/example_dags/tutorial.py for tasks to queue
[2025-04-28T11:46:30.926+0000] {logging_mixin.py:188} INFO - [2025-04-28T11:46:30.926+0000] {dagbag.py:538} INFO - Filling up the DagBag from /home/airflow/.local/lib/python3.8/site-packages/airflow/example_dags/tutorial.py
[2025-04-28T11:46:30.936+0000] {processor.py:840} INFO - DAG(s) 'tutorial' retrieved from /home/airflow/.local/lib/python3.8/site-packages/airflow/example_dags/tutorial.py
[2025-04-28T11:46:31.028+0000] {logging_mixin.py:188} INFO - [2025-04-28T11:46:31.028+0000] {dag.py:3033} INFO - Sync 1 DAGs
[2025-04-28T11:46:31.107+0000] {logging_mixin.py:188} INFO - [2025-04-28T11:46:31.107+0000] {dag.py:3820} INFO - Setting next_dagrun for tutorial to 2025-04-27T00:00:00+00:00, run_after=2025-04-28T00:00:00+00:00
[2025-04-28T11:46:31.142+0000] {processor.py:183} INFO - Processing /home/airflow/.local/lib/python3.8/site-packages/airflow/example_dags/tutorial.py took 0.223 seconds
[2025-04-28T11:47:01.379+0000] {processor.py:161} INFO - Started process (PID=5068) to work on /home/airflow/.local/lib/python3.8/site-packages/airflow/example_dags/tutorial.py
[2025-04-28T11:47:01.380+0000] {processor.py:830} INFO - Processing file /home/airflow/.local/lib/python3.8/site-packages/airflow/example_dags/tutorial.py for tasks to queue
[2025-04-28T11:47:01.382+0000] {logging_mixin.py:188} INFO - [2025-04-28T11:47:01.382+0000] {dagbag.py:538} INFO - Filling up the DagBag from /home/airflow/.local/lib/python3.8/site-packages/airflow/example_dags/tutorial.py
[2025-04-28T11:47:01.392+0000] {processor.py:840} INFO - DAG(s) 'tutorial' retrieved from /home/airflow/.local/lib/python3.8/site-packages/airflow/example_dags/tutorial.py
[2025-04-28T11:47:01.424+0000] {logging_mixin.py:188} INFO - [2025-04-28T11:47:01.424+0000] {dag.py:3033} INFO - Sync 1 DAGs
[2025-04-28T11:47:01.462+0000] {logging_mixin.py:188} INFO - [2025-04-28T11:47:01.461+0000] {dag.py:3820} INFO - Setting next_dagrun for tutorial to 2025-04-27T00:00:00+00:00, run_after=2025-04-28T00:00:00+00:00
[2025-04-28T11:47:01.498+0000] {processor.py:183} INFO - Processing /home/airflow/.local/lib/python3.8/site-packages/airflow/example_dags/tutorial.py took 0.124 seconds
[2025-04-28T11:47:33.960+0000] {processor.py:161} INFO - Started process (PID=5124) to work on /home/airflow/.local/lib/python3.8/site-packages/airflow/example_dags/tutorial.py
[2025-04-28T11:47:33.962+0000] {processor.py:830} INFO - Processing file /home/airflow/.local/lib/python3.8/site-packages/airflow/example_dags/tutorial.py for tasks to queue
[2025-04-28T11:47:33.963+0000] {logging_mixin.py:188} INFO - [2025-04-28T11:47:33.963+0000] {dagbag.py:538} INFO - Filling up the DagBag from /home/airflow/.local/lib/python3.8/site-packages/airflow/example_dags/tutorial.py
[2025-04-28T11:47:33.974+0000] {processor.py:840} INFO - DAG(s) 'tutorial' retrieved from /home/airflow/.local/lib/python3.8/site-packages/airflow/example_dags/tutorial.py
[2025-04-28T11:47:34.004+0000] {logging_mixin.py:188} INFO - [2025-04-28T11:47:34.004+0000] {dag.py:3033} INFO - Sync 1 DAGs
[2025-04-28T11:47:34.040+0000] {logging_mixin.py:188} INFO - [2025-04-28T11:47:34.040+0000] {dag.py:3820} INFO - Setting next_dagrun for tutorial to 2025-04-27T00:00:00+00:00, run_after=2025-04-28T00:00:00+00:00
[2025-04-28T11:47:34.076+0000] {processor.py:183} INFO - Processing /home/airflow/.local/lib/python3.8/site-packages/airflow/example_dags/tutorial.py took 0.120 seconds
[2025-04-28T11:48:08.527+0000] {processor.py:161} INFO - Started process (PID=5180) to work on /home/airflow/.local/lib/python3.8/site-packages/airflow/example_dags/tutorial.py
[2025-04-28T11:48:08.528+0000] {processor.py:830} INFO - Processing file /home/airflow/.local/lib/python3.8/site-packages/airflow/example_dags/tutorial.py for tasks to queue
[2025-04-28T11:48:08.529+0000] {logging_mixin.py:188} INFO - [2025-04-28T11:48:08.529+0000] {dagbag.py:538} INFO - Filling up the DagBag from /home/airflow/.local/lib/python3.8/site-packages/airflow/example_dags/tutorial.py
[2025-04-28T11:48:08.538+0000] {processor.py:840} INFO - DAG(s) 'tutorial' retrieved from /home/airflow/.local/lib/python3.8/site-packages/airflow/example_dags/tutorial.py
[2025-04-28T11:48:08.574+0000] {logging_mixin.py:188} INFO - [2025-04-28T11:48:08.574+0000] {dag.py:3033} INFO - Sync 1 DAGs
[2025-04-28T11:48:08.610+0000] {logging_mixin.py:188} INFO - [2025-04-28T11:48:08.610+0000] {dag.py:3820} INFO - Setting next_dagrun for tutorial to 2025-04-27T00:00:00+00:00, run_after=2025-04-28T00:00:00+00:00
[2025-04-28T11:48:08.647+0000] {processor.py:183} INFO - Processing /home/airflow/.local/lib/python3.8/site-packages/airflow/example_dags/tutorial.py took 0.124 seconds
[2025-04-28T11:48:40.042+0000] {processor.py:161} INFO - Started process (PID=5235) to work on /home/airflow/.local/lib/python3.8/site-packages/airflow/example_dags/tutorial.py
[2025-04-28T11:48:40.044+0000] {processor.py:830} INFO - Processing file /home/airflow/.local/lib/python3.8/site-packages/airflow/example_dags/tutorial.py for tasks to queue
[2025-04-28T11:48:40.045+0000] {logging_mixin.py:188} INFO - [2025-04-28T11:48:40.045+0000] {dagbag.py:538} INFO - Filling up the DagBag from /home/airflow/.local/lib/python3.8/site-packages/airflow/example_dags/tutorial.py
[2025-04-28T11:48:40.056+0000] {processor.py:840} INFO - DAG(s) 'tutorial' retrieved from /home/airflow/.local/lib/python3.8/site-packages/airflow/example_dags/tutorial.py
[2025-04-28T11:48:40.085+0000] {logging_mixin.py:188} INFO - [2025-04-28T11:48:40.085+0000] {dag.py:3033} INFO - Sync 1 DAGs
[2025-04-28T11:48:40.117+0000] {logging_mixin.py:188} INFO - [2025-04-28T11:48:40.117+0000] {dag.py:3820} INFO - Setting next_dagrun for tutorial to 2025-04-27T00:00:00+00:00, run_after=2025-04-28T00:00:00+00:00
[2025-04-28T11:48:40.147+0000] {processor.py:183} INFO - Processing /home/airflow/.local/lib/python3.8/site-packages/airflow/example_dags/tutorial.py took 0.111 seconds
[2025-04-28T11:49:12.352+0000] {processor.py:161} INFO - Started process (PID=5291) to work on /home/airflow/.local/lib/python3.8/site-packages/airflow/example_dags/tutorial.py
[2025-04-28T11:49:12.354+0000] {processor.py:830} INFO - Processing file /home/airflow/.local/lib/python3.8/site-packages/airflow/example_dags/tutorial.py for tasks to queue
[2025-04-28T11:49:12.356+0000] {logging_mixin.py:188} INFO - [2025-04-28T11:49:12.355+0000] {dagbag.py:538} INFO - Filling up the DagBag from /home/airflow/.local/lib/python3.8/site-packages/airflow/example_dags/tutorial.py
[2025-04-28T11:49:12.365+0000] {processor.py:840} INFO - DAG(s) 'tutorial' retrieved from /home/airflow/.local/lib/python3.8/site-packages/airflow/example_dags/tutorial.py
[2025-04-28T11:49:12.394+0000] {logging_mixin.py:188} INFO - [2025-04-28T11:49:12.394+0000] {dag.py:3033} INFO - Sync 1 DAGs
[2025-04-28T11:49:12.431+0000] {logging_mixin.py:188} INFO - [2025-04-28T11:49:12.431+0000] {dag.py:3820} INFO - Setting next_dagrun for tutorial to 2025-04-27T00:00:00+00:00, run_after=2025-04-28T00:00:00+00:00
[2025-04-28T11:49:12.482+0000] {processor.py:183} INFO - Processing /home/airflow/.local/lib/python3.8/site-packages/airflow/example_dags/tutorial.py took 0.134 seconds
[2025-04-28T11:49:42.852+0000] {processor.py:161} INFO - Started process (PID=5347) to work on /home/airflow/.local/lib/python3.8/site-packages/airflow/example_dags/tutorial.py
[2025-04-28T11:49:42.853+0000] {processor.py:830} INFO - Processing file /home/airflow/.local/lib/python3.8/site-packages/airflow/example_dags/tutorial.py for tasks to queue
[2025-04-28T11:49:42.855+0000] {logging_mixin.py:188} INFO - [2025-04-28T11:49:42.854+0000] {dagbag.py:538} INFO - Filling up the DagBag from /home/airflow/.local/lib/python3.8/site-packages/airflow/example_dags/tutorial.py
[2025-04-28T11:49:42.866+0000] {processor.py:840} INFO - DAG(s) 'tutorial' retrieved from /home/airflow/.local/lib/python3.8/site-packages/airflow/example_dags/tutorial.py
[2025-04-28T11:49:42.899+0000] {logging_mixin.py:188} INFO - [2025-04-28T11:49:42.899+0000] {dag.py:3033} INFO - Sync 1 DAGs
[2025-04-28T11:49:42.940+0000] {logging_mixin.py:188} INFO - [2025-04-28T11:49:42.939+0000] {dag.py:3820} INFO - Setting next_dagrun for tutorial to 2025-04-27T00:00:00+00:00, run_after=2025-04-28T00:00:00+00:00
[2025-04-28T11:49:42.973+0000] {processor.py:183} INFO - Processing /home/airflow/.local/lib/python3.8/site-packages/airflow/example_dags/tutorial.py took 0.126 seconds
[2025-04-28T11:50:13.220+0000] {processor.py:161} INFO - Started process (PID=5404) to work on /home/airflow/.local/lib/python3.8/site-packages/airflow/example_dags/tutorial.py
[2025-04-28T11:50:13.221+0000] {processor.py:830} INFO - Processing file /home/airflow/.local/lib/python3.8/site-packages/airflow/example_dags/tutorial.py for tasks to queue
[2025-04-28T11:50:13.223+0000] {logging_mixin.py:188} INFO - [2025-04-28T11:50:13.222+0000] {dagbag.py:538} INFO - Filling up the DagBag from /home/airflow/.local/lib/python3.8/site-packages/airflow/example_dags/tutorial.py
[2025-04-28T11:50:13.232+0000] {processor.py:840} INFO - DAG(s) 'tutorial' retrieved from /home/airflow/.local/lib/python3.8/site-packages/airflow/example_dags/tutorial.py
[2025-04-28T11:50:13.260+0000] {logging_mixin.py:188} INFO - [2025-04-28T11:50:13.260+0000] {dag.py:3033} INFO - Sync 1 DAGs
[2025-04-28T11:50:13.296+0000] {logging_mixin.py:188} INFO - [2025-04-28T11:50:13.295+0000] {dag.py:3820} INFO - Setting next_dagrun for tutorial to 2025-04-27T00:00:00+00:00, run_after=2025-04-28T00:00:00+00:00
[2025-04-28T11:50:13.330+0000] {processor.py:183} INFO - Processing /home/airflow/.local/lib/python3.8/site-packages/airflow/example_dags/tutorial.py took 0.114 seconds
[2025-04-28T11:50:43.996+0000] {processor.py:161} INFO - Started process (PID=5461) to work on /home/airflow/.local/lib/python3.8/site-packages/airflow/example_dags/tutorial.py
[2025-04-28T11:50:43.999+0000] {processor.py:830} INFO - Processing file /home/airflow/.local/lib/python3.8/site-packages/airflow/example_dags/tutorial.py for tasks to queue
[2025-04-28T11:50:44.001+0000] {logging_mixin.py:188} INFO - [2025-04-28T11:50:44.001+0000] {dagbag.py:538} INFO - Filling up the DagBag from /home/airflow/.local/lib/python3.8/site-packages/airflow/example_dags/tutorial.py
[2025-04-28T11:50:44.013+0000] {processor.py:840} INFO - DAG(s) 'tutorial' retrieved from /home/airflow/.local/lib/python3.8/site-packages/airflow/example_dags/tutorial.py
[2025-04-28T11:50:44.081+0000] {logging_mixin.py:188} INFO - [2025-04-28T11:50:44.080+0000] {dag.py:3033} INFO - Sync 1 DAGs
[2025-04-28T11:50:44.211+0000] {logging_mixin.py:188} INFO - [2025-04-28T11:50:44.211+0000] {dag.py:3820} INFO - Setting next_dagrun for tutorial to 2025-04-27T00:00:00+00:00, run_after=2025-04-28T00:00:00+00:00
[2025-04-28T11:50:44.306+0000] {processor.py:183} INFO - Processing /home/airflow/.local/lib/python3.8/site-packages/airflow/example_dags/tutorial.py took 0.316 seconds
[2025-04-28T11:51:14.725+0000] {processor.py:161} INFO - Started process (PID=5517) to work on /home/airflow/.local/lib/python3.8/site-packages/airflow/example_dags/tutorial.py
[2025-04-28T11:51:14.726+0000] {processor.py:830} INFO - Processing file /home/airflow/.local/lib/python3.8/site-packages/airflow/example_dags/tutorial.py for tasks to queue
[2025-04-28T11:51:14.728+0000] {logging_mixin.py:188} INFO - [2025-04-28T11:51:14.727+0000] {dagbag.py:538} INFO - Filling up the DagBag from /home/airflow/.local/lib/python3.8/site-packages/airflow/example_dags/tutorial.py
[2025-04-28T11:51:14.741+0000] {processor.py:840} INFO - DAG(s) 'tutorial' retrieved from /home/airflow/.local/lib/python3.8/site-packages/airflow/example_dags/tutorial.py
[2025-04-28T11:51:14.771+0000] {logging_mixin.py:188} INFO - [2025-04-28T11:51:14.770+0000] {dag.py:3033} INFO - Sync 1 DAGs
[2025-04-28T11:51:14.808+0000] {logging_mixin.py:188} INFO - [2025-04-28T11:51:14.808+0000] {dag.py:3820} INFO - Setting next_dagrun for tutorial to 2025-04-27T00:00:00+00:00, run_after=2025-04-28T00:00:00+00:00
[2025-04-28T11:51:14.840+0000] {processor.py:183} INFO - Processing /home/airflow/.local/lib/python3.8/site-packages/airflow/example_dags/tutorial.py took 0.121 seconds
[2025-04-28T11:51:45.342+0000] {processor.py:161} INFO - Started process (PID=5567) to work on /home/airflow/.local/lib/python3.8/site-packages/airflow/example_dags/tutorial.py
[2025-04-28T11:51:45.343+0000] {processor.py:830} INFO - Processing file /home/airflow/.local/lib/python3.8/site-packages/airflow/example_dags/tutorial.py for tasks to queue
[2025-04-28T11:51:45.345+0000] {logging_mixin.py:188} INFO - [2025-04-28T11:51:45.345+0000] {dagbag.py:538} INFO - Filling up the DagBag from /home/airflow/.local/lib/python3.8/site-packages/airflow/example_dags/tutorial.py
[2025-04-28T11:51:45.356+0000] {processor.py:840} INFO - DAG(s) 'tutorial' retrieved from /home/airflow/.local/lib/python3.8/site-packages/airflow/example_dags/tutorial.py
[2025-04-28T11:51:45.386+0000] {logging_mixin.py:188} INFO - [2025-04-28T11:51:45.386+0000] {dag.py:3033} INFO - Sync 1 DAGs
[2025-04-28T11:51:45.433+0000] {logging_mixin.py:188} INFO - [2025-04-28T11:51:45.432+0000] {dag.py:3820} INFO - Setting next_dagrun for tutorial to 2025-04-27T00:00:00+00:00, run_after=2025-04-28T00:00:00+00:00
[2025-04-28T11:51:45.468+0000] {processor.py:183} INFO - Processing /home/airflow/.local/lib/python3.8/site-packages/airflow/example_dags/tutorial.py took 0.131 seconds
[2025-04-28T11:52:16.333+0000] {processor.py:161} INFO - Started process (PID=5623) to work on /home/airflow/.local/lib/python3.8/site-packages/airflow/example_dags/tutorial.py
[2025-04-28T11:52:16.336+0000] {processor.py:830} INFO - Processing file /home/airflow/.local/lib/python3.8/site-packages/airflow/example_dags/tutorial.py for tasks to queue
[2025-04-28T11:52:16.337+0000] {logging_mixin.py:188} INFO - [2025-04-28T11:52:16.337+0000] {dagbag.py:538} INFO - Filling up the DagBag from /home/airflow/.local/lib/python3.8/site-packages/airflow/example_dags/tutorial.py
[2025-04-28T11:52:16.354+0000] {processor.py:840} INFO - DAG(s) 'tutorial' retrieved from /home/airflow/.local/lib/python3.8/site-packages/airflow/example_dags/tutorial.py
[2025-04-28T11:52:16.400+0000] {logging_mixin.py:188} INFO - [2025-04-28T11:52:16.400+0000] {dag.py:3033} INFO - Sync 1 DAGs
[2025-04-28T11:52:16.435+0000] {logging_mixin.py:188} INFO - [2025-04-28T11:52:16.435+0000] {dag.py:3820} INFO - Setting next_dagrun for tutorial to 2025-04-27T00:00:00+00:00, run_after=2025-04-28T00:00:00+00:00
[2025-04-28T11:52:16.466+0000] {processor.py:183} INFO - Processing /home/airflow/.local/lib/python3.8/site-packages/airflow/example_dags/tutorial.py took 0.138 seconds
[2025-04-28T11:52:47.765+0000] {processor.py:161} INFO - Started process (PID=5679) to work on /home/airflow/.local/lib/python3.8/site-packages/airflow/example_dags/tutorial.py
[2025-04-28T11:52:47.767+0000] {processor.py:830} INFO - Processing file /home/airflow/.local/lib/python3.8/site-packages/airflow/example_dags/tutorial.py for tasks to queue
[2025-04-28T11:52:47.769+0000] {logging_mixin.py:188} INFO - [2025-04-28T11:52:47.769+0000] {dagbag.py:538} INFO - Filling up the DagBag from /home/airflow/.local/lib/python3.8/site-packages/airflow/example_dags/tutorial.py
[2025-04-28T11:52:47.780+0000] {processor.py:840} INFO - DAG(s) 'tutorial' retrieved from /home/airflow/.local/lib/python3.8/site-packages/airflow/example_dags/tutorial.py
[2025-04-28T11:52:47.813+0000] {logging_mixin.py:188} INFO - [2025-04-28T11:52:47.813+0000] {dag.py:3033} INFO - Sync 1 DAGs
[2025-04-28T11:52:47.865+0000] {logging_mixin.py:188} INFO - [2025-04-28T11:52:47.865+0000] {dag.py:3820} INFO - Setting next_dagrun for tutorial to 2025-04-27T00:00:00+00:00, run_after=2025-04-28T00:00:00+00:00
[2025-04-28T11:52:47.904+0000] {processor.py:183} INFO - Processing /home/airflow/.local/lib/python3.8/site-packages/airflow/example_dags/tutorial.py took 0.145 seconds
[2025-04-28T11:53:17.997+0000] {processor.py:161} INFO - Started process (PID=5736) to work on /home/airflow/.local/lib/python3.8/site-packages/airflow/example_dags/tutorial.py
[2025-04-28T11:53:17.998+0000] {processor.py:830} INFO - Processing file /home/airflow/.local/lib/python3.8/site-packages/airflow/example_dags/tutorial.py for tasks to queue
[2025-04-28T11:53:17.999+0000] {logging_mixin.py:188} INFO - [2025-04-28T11:53:17.999+0000] {dagbag.py:538} INFO - Filling up the DagBag from /home/airflow/.local/lib/python3.8/site-packages/airflow/example_dags/tutorial.py
[2025-04-28T11:53:18.008+0000] {processor.py:840} INFO - DAG(s) 'tutorial' retrieved from /home/airflow/.local/lib/python3.8/site-packages/airflow/example_dags/tutorial.py
[2025-04-28T11:53:18.036+0000] {logging_mixin.py:188} INFO - [2025-04-28T11:53:18.036+0000] {dag.py:3033} INFO - Sync 1 DAGs
[2025-04-28T11:53:18.069+0000] {logging_mixin.py:188} INFO - [2025-04-28T11:53:18.068+0000] {dag.py:3820} INFO - Setting next_dagrun for tutorial to 2025-04-27T00:00:00+00:00, run_after=2025-04-28T00:00:00+00:00
[2025-04-28T11:53:18.098+0000] {processor.py:183} INFO - Processing /home/airflow/.local/lib/python3.8/site-packages/airflow/example_dags/tutorial.py took 0.107 seconds
[2025-04-28T11:53:50.479+0000] {processor.py:161} INFO - Started process (PID=5790) to work on /home/airflow/.local/lib/python3.8/site-packages/airflow/example_dags/tutorial.py
[2025-04-28T11:53:50.480+0000] {processor.py:830} INFO - Processing file /home/airflow/.local/lib/python3.8/site-packages/airflow/example_dags/tutorial.py for tasks to queue
[2025-04-28T11:53:50.481+0000] {logging_mixin.py:188} INFO - [2025-04-28T11:53:50.481+0000] {dagbag.py:538} INFO - Filling up the DagBag from /home/airflow/.local/lib/python3.8/site-packages/airflow/example_dags/tutorial.py
[2025-04-28T11:53:50.492+0000] {processor.py:840} INFO - DAG(s) 'tutorial' retrieved from /home/airflow/.local/lib/python3.8/site-packages/airflow/example_dags/tutorial.py
[2025-04-28T11:53:50.524+0000] {logging_mixin.py:188} INFO - [2025-04-28T11:53:50.524+0000] {dag.py:3033} INFO - Sync 1 DAGs
[2025-04-28T11:53:50.562+0000] {logging_mixin.py:188} INFO - [2025-04-28T11:53:50.562+0000] {dag.py:3820} INFO - Setting next_dagrun for tutorial to 2025-04-27T00:00:00+00:00, run_after=2025-04-28T00:00:00+00:00
[2025-04-28T11:53:50.595+0000] {processor.py:183} INFO - Processing /home/airflow/.local/lib/python3.8/site-packages/airflow/example_dags/tutorial.py took 0.120 seconds
[2025-04-28T11:54:20.745+0000] {processor.py:161} INFO - Started process (PID=5846) to work on /home/airflow/.local/lib/python3.8/site-packages/airflow/example_dags/tutorial.py
[2025-04-28T11:54:20.747+0000] {processor.py:830} INFO - Processing file /home/airflow/.local/lib/python3.8/site-packages/airflow/example_dags/tutorial.py for tasks to queue
[2025-04-28T11:54:20.748+0000] {logging_mixin.py:188} INFO - [2025-04-28T11:54:20.748+0000] {dagbag.py:538} INFO - Filling up the DagBag from /home/airflow/.local/lib/python3.8/site-packages/airflow/example_dags/tutorial.py
[2025-04-28T11:54:20.757+0000] {processor.py:840} INFO - DAG(s) 'tutorial' retrieved from /home/airflow/.local/lib/python3.8/site-packages/airflow/example_dags/tutorial.py
[2025-04-28T11:54:20.788+0000] {logging_mixin.py:188} INFO - [2025-04-28T11:54:20.787+0000] {dag.py:3033} INFO - Sync 1 DAGs
[2025-04-28T11:54:20.820+0000] {logging_mixin.py:188} INFO - [2025-04-28T11:54:20.820+0000] {dag.py:3820} INFO - Setting next_dagrun for tutorial to 2025-04-27T00:00:00+00:00, run_after=2025-04-28T00:00:00+00:00
[2025-04-28T11:54:20.853+0000] {processor.py:183} INFO - Processing /home/airflow/.local/lib/python3.8/site-packages/airflow/example_dags/tutorial.py took 0.113 seconds
[2025-04-28T11:54:51.360+0000] {processor.py:161} INFO - Started process (PID=5902) to work on /home/airflow/.local/lib/python3.8/site-packages/airflow/example_dags/tutorial.py
[2025-04-28T11:54:51.361+0000] {processor.py:830} INFO - Processing file /home/airflow/.local/lib/python3.8/site-packages/airflow/example_dags/tutorial.py for tasks to queue
[2025-04-28T11:54:51.363+0000] {logging_mixin.py:188} INFO - [2025-04-28T11:54:51.362+0000] {dagbag.py:538} INFO - Filling up the DagBag from /home/airflow/.local/lib/python3.8/site-packages/airflow/example_dags/tutorial.py
[2025-04-28T11:54:51.374+0000] {processor.py:840} INFO - DAG(s) 'tutorial' retrieved from /home/airflow/.local/lib/python3.8/site-packages/airflow/example_dags/tutorial.py
[2025-04-28T11:54:51.410+0000] {logging_mixin.py:188} INFO - [2025-04-28T11:54:51.409+0000] {dag.py:3033} INFO - Sync 1 DAGs
[2025-04-28T11:54:51.455+0000] {logging_mixin.py:188} INFO - [2025-04-28T11:54:51.454+0000] {dag.py:3820} INFO - Setting next_dagrun for tutorial to 2025-04-27T00:00:00+00:00, run_after=2025-04-28T00:00:00+00:00
[2025-04-28T11:54:51.490+0000] {processor.py:183} INFO - Processing /home/airflow/.local/lib/python3.8/site-packages/airflow/example_dags/tutorial.py took 0.136 seconds
[2025-04-28T11:55:22.199+0000] {processor.py:161} INFO - Started process (PID=5958) to work on /home/airflow/.local/lib/python3.8/site-packages/airflow/example_dags/tutorial.py
[2025-04-28T11:55:22.203+0000] {processor.py:830} INFO - Processing file /home/airflow/.local/lib/python3.8/site-packages/airflow/example_dags/tutorial.py for tasks to queue
[2025-04-28T11:55:22.206+0000] {logging_mixin.py:188} INFO - [2025-04-28T11:55:22.205+0000] {dagbag.py:538} INFO - Filling up the DagBag from /home/airflow/.local/lib/python3.8/site-packages/airflow/example_dags/tutorial.py
[2025-04-28T11:55:22.219+0000] {processor.py:840} INFO - DAG(s) 'tutorial' retrieved from /home/airflow/.local/lib/python3.8/site-packages/airflow/example_dags/tutorial.py
[2025-04-28T11:55:22.268+0000] {logging_mixin.py:188} INFO - [2025-04-28T11:55:22.268+0000] {dag.py:3033} INFO - Sync 1 DAGs
[2025-04-28T11:55:22.309+0000] {logging_mixin.py:188} INFO - [2025-04-28T11:55:22.309+0000] {dag.py:3820} INFO - Setting next_dagrun for tutorial to 2025-04-27T00:00:00+00:00, run_after=2025-04-28T00:00:00+00:00
[2025-04-28T11:55:22.342+0000] {processor.py:183} INFO - Processing /home/airflow/.local/lib/python3.8/site-packages/airflow/example_dags/tutorial.py took 0.149 seconds
[2025-04-28T11:55:53.463+0000] {processor.py:161} INFO - Started process (PID=6014) to work on /home/airflow/.local/lib/python3.8/site-packages/airflow/example_dags/tutorial.py
[2025-04-28T11:55:53.489+0000] {processor.py:830} INFO - Processing file /home/airflow/.local/lib/python3.8/site-packages/airflow/example_dags/tutorial.py for tasks to queue
[2025-04-28T11:55:53.505+0000] {logging_mixin.py:188} INFO - [2025-04-28T11:55:53.504+0000] {dagbag.py:538} INFO - Filling up the DagBag from /home/airflow/.local/lib/python3.8/site-packages/airflow/example_dags/tutorial.py
[2025-04-28T11:55:53.563+0000] {processor.py:840} INFO - DAG(s) 'tutorial' retrieved from /home/airflow/.local/lib/python3.8/site-packages/airflow/example_dags/tutorial.py
[2025-04-28T11:55:53.625+0000] {logging_mixin.py:188} INFO - [2025-04-28T11:55:53.625+0000] {dag.py:3033} INFO - Sync 1 DAGs
[2025-04-28T11:55:53.665+0000] {logging_mixin.py:188} INFO - [2025-04-28T11:55:53.665+0000] {dag.py:3820} INFO - Setting next_dagrun for tutorial to 2025-04-27T00:00:00+00:00, run_after=2025-04-28T00:00:00+00:00
[2025-04-28T11:55:53.695+0000] {processor.py:183} INFO - Processing /home/airflow/.local/lib/python3.8/site-packages/airflow/example_dags/tutorial.py took 0.265 seconds
[2025-04-28T11:56:24.099+0000] {processor.py:161} INFO - Started process (PID=6070) to work on /home/airflow/.local/lib/python3.8/site-packages/airflow/example_dags/tutorial.py
[2025-04-28T11:56:24.101+0000] {processor.py:830} INFO - Processing file /home/airflow/.local/lib/python3.8/site-packages/airflow/example_dags/tutorial.py for tasks to queue
[2025-04-28T11:56:24.103+0000] {logging_mixin.py:188} INFO - [2025-04-28T11:56:24.102+0000] {dagbag.py:538} INFO - Filling up the DagBag from /home/airflow/.local/lib/python3.8/site-packages/airflow/example_dags/tutorial.py
[2025-04-28T11:56:24.119+0000] {processor.py:840} INFO - DAG(s) 'tutorial' retrieved from /home/airflow/.local/lib/python3.8/site-packages/airflow/example_dags/tutorial.py
[2025-04-28T11:56:24.147+0000] {logging_mixin.py:188} INFO - [2025-04-28T11:56:24.147+0000] {dag.py:3033} INFO - Sync 1 DAGs
[2025-04-28T11:56:24.183+0000] {logging_mixin.py:188} INFO - [2025-04-28T11:56:24.183+0000] {dag.py:3820} INFO - Setting next_dagrun for tutorial to 2025-04-27T00:00:00+00:00, run_after=2025-04-28T00:00:00+00:00
[2025-04-28T11:56:24.230+0000] {processor.py:183} INFO - Processing /home/airflow/.local/lib/python3.8/site-packages/airflow/example_dags/tutorial.py took 0.137 seconds
[2025-04-28T11:56:54.580+0000] {processor.py:161} INFO - Started process (PID=6126) to work on /home/airflow/.local/lib/python3.8/site-packages/airflow/example_dags/tutorial.py
[2025-04-28T11:56:54.582+0000] {processor.py:830} INFO - Processing file /home/airflow/.local/lib/python3.8/site-packages/airflow/example_dags/tutorial.py for tasks to queue
[2025-04-28T11:56:54.583+0000] {logging_mixin.py:188} INFO - [2025-04-28T11:56:54.583+0000] {dagbag.py:538} INFO - Filling up the DagBag from /home/airflow/.local/lib/python3.8/site-packages/airflow/example_dags/tutorial.py
[2025-04-28T11:56:54.602+0000] {processor.py:840} INFO - DAG(s) 'tutorial' retrieved from /home/airflow/.local/lib/python3.8/site-packages/airflow/example_dags/tutorial.py
[2025-04-28T11:56:54.691+0000] {logging_mixin.py:188} INFO - [2025-04-28T11:56:54.691+0000] {dag.py:3033} INFO - Sync 1 DAGs
[2025-04-28T11:56:54.781+0000] {logging_mixin.py:188} INFO - [2025-04-28T11:56:54.780+0000] {dag.py:3820} INFO - Setting next_dagrun for tutorial to 2025-04-27T00:00:00+00:00, run_after=2025-04-28T00:00:00+00:00
[2025-04-28T11:56:54.843+0000] {processor.py:183} INFO - Processing /home/airflow/.local/lib/python3.8/site-packages/airflow/example_dags/tutorial.py took 0.270 seconds
[2025-04-28T11:57:25.534+0000] {processor.py:161} INFO - Started process (PID=6182) to work on /home/airflow/.local/lib/python3.8/site-packages/airflow/example_dags/tutorial.py
[2025-04-28T11:57:25.535+0000] {processor.py:830} INFO - Processing file /home/airflow/.local/lib/python3.8/site-packages/airflow/example_dags/tutorial.py for tasks to queue
[2025-04-28T11:57:25.537+0000] {logging_mixin.py:188} INFO - [2025-04-28T11:57:25.536+0000] {dagbag.py:538} INFO - Filling up the DagBag from /home/airflow/.local/lib/python3.8/site-packages/airflow/example_dags/tutorial.py
[2025-04-28T11:57:25.545+0000] {processor.py:840} INFO - DAG(s) 'tutorial' retrieved from /home/airflow/.local/lib/python3.8/site-packages/airflow/example_dags/tutorial.py
[2025-04-28T11:57:25.576+0000] {logging_mixin.py:188} INFO - [2025-04-28T11:57:25.575+0000] {dag.py:3033} INFO - Sync 1 DAGs
[2025-04-28T11:57:25.607+0000] {logging_mixin.py:188} INFO - [2025-04-28T11:57:25.607+0000] {dag.py:3820} INFO - Setting next_dagrun for tutorial to 2025-04-27T00:00:00+00:00, run_after=2025-04-28T00:00:00+00:00
[2025-04-28T11:57:25.635+0000] {processor.py:183} INFO - Processing /home/airflow/.local/lib/python3.8/site-packages/airflow/example_dags/tutorial.py took 0.106 seconds
[2025-04-28T11:57:57.898+0000] {processor.py:161} INFO - Started process (PID=6238) to work on /home/airflow/.local/lib/python3.8/site-packages/airflow/example_dags/tutorial.py
[2025-04-28T11:57:57.899+0000] {processor.py:830} INFO - Processing file /home/airflow/.local/lib/python3.8/site-packages/airflow/example_dags/tutorial.py for tasks to queue
[2025-04-28T11:57:57.901+0000] {logging_mixin.py:188} INFO - [2025-04-28T11:57:57.901+0000] {dagbag.py:538} INFO - Filling up the DagBag from /home/airflow/.local/lib/python3.8/site-packages/airflow/example_dags/tutorial.py
[2025-04-28T11:57:57.914+0000] {processor.py:840} INFO - DAG(s) 'tutorial' retrieved from /home/airflow/.local/lib/python3.8/site-packages/airflow/example_dags/tutorial.py
[2025-04-28T11:57:57.972+0000] {logging_mixin.py:188} INFO - [2025-04-28T11:57:57.972+0000] {dag.py:3033} INFO - Sync 1 DAGs
[2025-04-28T11:57:58.033+0000] {logging_mixin.py:188} INFO - [2025-04-28T11:57:58.032+0000] {dag.py:3820} INFO - Setting next_dagrun for tutorial to 2025-04-27T00:00:00+00:00, run_after=2025-04-28T00:00:00+00:00
[2025-04-28T11:57:58.069+0000] {processor.py:183} INFO - Processing /home/airflow/.local/lib/python3.8/site-packages/airflow/example_dags/tutorial.py took 0.177 seconds
[2025-04-28T11:58:29.281+0000] {processor.py:161} INFO - Started process (PID=6294) to work on /home/airflow/.local/lib/python3.8/site-packages/airflow/example_dags/tutorial.py
[2025-04-28T11:58:29.284+0000] {processor.py:830} INFO - Processing file /home/airflow/.local/lib/python3.8/site-packages/airflow/example_dags/tutorial.py for tasks to queue
[2025-04-28T11:58:29.286+0000] {logging_mixin.py:188} INFO - [2025-04-28T11:58:29.285+0000] {dagbag.py:538} INFO - Filling up the DagBag from /home/airflow/.local/lib/python3.8/site-packages/airflow/example_dags/tutorial.py
[2025-04-28T11:58:29.299+0000] {processor.py:840} INFO - DAG(s) 'tutorial' retrieved from /home/airflow/.local/lib/python3.8/site-packages/airflow/example_dags/tutorial.py
[2025-04-28T11:58:29.330+0000] {logging_mixin.py:188} INFO - [2025-04-28T11:58:29.330+0000] {dag.py:3033} INFO - Sync 1 DAGs
[2025-04-28T11:58:29.366+0000] {logging_mixin.py:188} INFO - [2025-04-28T11:58:29.366+0000] {dag.py:3820} INFO - Setting next_dagrun for tutorial to 2025-04-27T00:00:00+00:00, run_after=2025-04-28T00:00:00+00:00
[2025-04-28T11:58:29.414+0000] {processor.py:183} INFO - Processing /home/airflow/.local/lib/python3.8/site-packages/airflow/example_dags/tutorial.py took 0.138 seconds
[2025-04-28T11:59:01.257+0000] {processor.py:161} INFO - Started process (PID=6350) to work on /home/airflow/.local/lib/python3.8/site-packages/airflow/example_dags/tutorial.py
[2025-04-28T11:59:01.258+0000] {processor.py:830} INFO - Processing file /home/airflow/.local/lib/python3.8/site-packages/airflow/example_dags/tutorial.py for tasks to queue
[2025-04-28T11:59:01.260+0000] {logging_mixin.py:188} INFO - [2025-04-28T11:59:01.259+0000] {dagbag.py:538} INFO - Filling up the DagBag from /home/airflow/.local/lib/python3.8/site-packages/airflow/example_dags/tutorial.py
[2025-04-28T11:59:01.273+0000] {processor.py:840} INFO - DAG(s) 'tutorial' retrieved from /home/airflow/.local/lib/python3.8/site-packages/airflow/example_dags/tutorial.py
[2025-04-28T11:59:01.316+0000] {logging_mixin.py:188} INFO - [2025-04-28T11:59:01.313+0000] {dag.py:3033} INFO - Sync 1 DAGs
[2025-04-28T11:59:01.361+0000] {logging_mixin.py:188} INFO - [2025-04-28T11:59:01.360+0000] {dag.py:3820} INFO - Setting next_dagrun for tutorial to 2025-04-27T00:00:00+00:00, run_after=2025-04-28T00:00:00+00:00
[2025-04-28T11:59:01.394+0000] {processor.py:183} INFO - Processing /home/airflow/.local/lib/python3.8/site-packages/airflow/example_dags/tutorial.py took 0.142 seconds
[2025-04-28T11:59:33.984+0000] {processor.py:161} INFO - Started process (PID=6407) to work on /home/airflow/.local/lib/python3.8/site-packages/airflow/example_dags/tutorial.py
[2025-04-28T11:59:33.985+0000] {processor.py:830} INFO - Processing file /home/airflow/.local/lib/python3.8/site-packages/airflow/example_dags/tutorial.py for tasks to queue
[2025-04-28T11:59:33.986+0000] {logging_mixin.py:188} INFO - [2025-04-28T11:59:33.986+0000] {dagbag.py:538} INFO - Filling up the DagBag from /home/airflow/.local/lib/python3.8/site-packages/airflow/example_dags/tutorial.py
[2025-04-28T11:59:33.997+0000] {processor.py:840} INFO - DAG(s) 'tutorial' retrieved from /home/airflow/.local/lib/python3.8/site-packages/airflow/example_dags/tutorial.py
[2025-04-28T11:59:34.031+0000] {logging_mixin.py:188} INFO - [2025-04-28T11:59:34.031+0000] {dag.py:3033} INFO - Sync 1 DAGs
[2025-04-28T11:59:34.064+0000] {logging_mixin.py:188} INFO - [2025-04-28T11:59:34.064+0000] {dag.py:3820} INFO - Setting next_dagrun for tutorial to 2025-04-27T00:00:00+00:00, run_after=2025-04-28T00:00:00+00:00
[2025-04-28T11:59:34.099+0000] {processor.py:183} INFO - Processing /home/airflow/.local/lib/python3.8/site-packages/airflow/example_dags/tutorial.py took 0.121 seconds
[2025-04-28T12:00:06.654+0000] {processor.py:161} INFO - Started process (PID=6463) to work on /home/airflow/.local/lib/python3.8/site-packages/airflow/example_dags/tutorial.py
[2025-04-28T12:00:06.658+0000] {processor.py:830} INFO - Processing file /home/airflow/.local/lib/python3.8/site-packages/airflow/example_dags/tutorial.py for tasks to queue
[2025-04-28T12:00:06.664+0000] {logging_mixin.py:188} INFO - [2025-04-28T12:00:06.663+0000] {dagbag.py:538} INFO - Filling up the DagBag from /home/airflow/.local/lib/python3.8/site-packages/airflow/example_dags/tutorial.py
[2025-04-28T12:00:06.676+0000] {processor.py:840} INFO - DAG(s) 'tutorial' retrieved from /home/airflow/.local/lib/python3.8/site-packages/airflow/example_dags/tutorial.py
[2025-04-28T12:00:06.711+0000] {logging_mixin.py:188} INFO - [2025-04-28T12:00:06.710+0000] {dag.py:3033} INFO - Sync 1 DAGs
[2025-04-28T12:00:06.755+0000] {logging_mixin.py:188} INFO - [2025-04-28T12:00:06.755+0000] {dag.py:3820} INFO - Setting next_dagrun for tutorial to 2025-04-27T00:00:00+00:00, run_after=2025-04-28T00:00:00+00:00
[2025-04-28T12:00:06.846+0000] {processor.py:183} INFO - Processing /home/airflow/.local/lib/python3.8/site-packages/airflow/example_dags/tutorial.py took 0.202 seconds
[2025-04-28T12:00:39.898+0000] {processor.py:161} INFO - Started process (PID=6519) to work on /home/airflow/.local/lib/python3.8/site-packages/airflow/example_dags/tutorial.py
[2025-04-28T12:00:39.899+0000] {processor.py:830} INFO - Processing file /home/airflow/.local/lib/python3.8/site-packages/airflow/example_dags/tutorial.py for tasks to queue
[2025-04-28T12:00:39.901+0000] {logging_mixin.py:188} INFO - [2025-04-28T12:00:39.900+0000] {dagbag.py:538} INFO - Filling up the DagBag from /home/airflow/.local/lib/python3.8/site-packages/airflow/example_dags/tutorial.py
[2025-04-28T12:00:39.915+0000] {processor.py:840} INFO - DAG(s) 'tutorial' retrieved from /home/airflow/.local/lib/python3.8/site-packages/airflow/example_dags/tutorial.py
[2025-04-28T12:00:39.951+0000] {logging_mixin.py:188} INFO - [2025-04-28T12:00:39.950+0000] {dag.py:3033} INFO - Sync 1 DAGs
[2025-04-28T12:00:39.995+0000] {logging_mixin.py:188} INFO - [2025-04-28T12:00:39.995+0000] {dag.py:3820} INFO - Setting next_dagrun for tutorial to 2025-04-27T00:00:00+00:00, run_after=2025-04-28T00:00:00+00:00
[2025-04-28T12:00:40.028+0000] {processor.py:183} INFO - Processing /home/airflow/.local/lib/python3.8/site-packages/airflow/example_dags/tutorial.py took 0.136 seconds
[2025-04-28T12:01:12.386+0000] {processor.py:161} INFO - Started process (PID=6576) to work on /home/airflow/.local/lib/python3.8/site-packages/airflow/example_dags/tutorial.py
[2025-04-28T12:01:12.388+0000] {processor.py:830} INFO - Processing file /home/airflow/.local/lib/python3.8/site-packages/airflow/example_dags/tutorial.py for tasks to queue
[2025-04-28T12:01:12.390+0000] {logging_mixin.py:188} INFO - [2025-04-28T12:01:12.389+0000] {dagbag.py:538} INFO - Filling up the DagBag from /home/airflow/.local/lib/python3.8/site-packages/airflow/example_dags/tutorial.py
[2025-04-28T12:01:12.403+0000] {processor.py:840} INFO - DAG(s) 'tutorial' retrieved from /home/airflow/.local/lib/python3.8/site-packages/airflow/example_dags/tutorial.py
[2025-04-28T12:01:12.445+0000] {logging_mixin.py:188} INFO - [2025-04-28T12:01:12.445+0000] {dag.py:3033} INFO - Sync 1 DAGs
[2025-04-28T12:01:12.486+0000] {logging_mixin.py:188} INFO - [2025-04-28T12:01:12.486+0000] {dag.py:3820} INFO - Setting next_dagrun for tutorial to 2025-04-27T00:00:00+00:00, run_after=2025-04-28T00:00:00+00:00
[2025-04-28T12:01:12.536+0000] {processor.py:183} INFO - Processing /home/airflow/.local/lib/python3.8/site-packages/airflow/example_dags/tutorial.py took 0.157 seconds
[2025-04-28T12:01:47.429+0000] {processor.py:161} INFO - Started process (PID=6632) to work on /home/airflow/.local/lib/python3.8/site-packages/airflow/example_dags/tutorial.py
[2025-04-28T12:01:47.431+0000] {processor.py:830} INFO - Processing file /home/airflow/.local/lib/python3.8/site-packages/airflow/example_dags/tutorial.py for tasks to queue
[2025-04-28T12:01:47.433+0000] {logging_mixin.py:188} INFO - [2025-04-28T12:01:47.432+0000] {dagbag.py:538} INFO - Filling up the DagBag from /home/airflow/.local/lib/python3.8/site-packages/airflow/example_dags/tutorial.py
[2025-04-28T12:01:47.444+0000] {processor.py:840} INFO - DAG(s) 'tutorial' retrieved from /home/airflow/.local/lib/python3.8/site-packages/airflow/example_dags/tutorial.py
[2025-04-28T12:01:47.477+0000] {logging_mixin.py:188} INFO - [2025-04-28T12:01:47.477+0000] {dag.py:3033} INFO - Sync 1 DAGs
[2025-04-28T12:01:47.515+0000] {logging_mixin.py:188} INFO - [2025-04-28T12:01:47.515+0000] {dag.py:3820} INFO - Setting next_dagrun for tutorial to 2025-04-27T00:00:00+00:00, run_after=2025-04-28T00:00:00+00:00
[2025-04-28T12:01:47.570+0000] {processor.py:183} INFO - Processing /home/airflow/.local/lib/python3.8/site-packages/airflow/example_dags/tutorial.py took 0.145 seconds
[2025-04-28T12:02:18.575+0000] {processor.py:161} INFO - Started process (PID=6688) to work on /home/airflow/.local/lib/python3.8/site-packages/airflow/example_dags/tutorial.py
[2025-04-28T12:02:18.576+0000] {processor.py:830} INFO - Processing file /home/airflow/.local/lib/python3.8/site-packages/airflow/example_dags/tutorial.py for tasks to queue
[2025-04-28T12:02:18.579+0000] {logging_mixin.py:188} INFO - [2025-04-28T12:02:18.578+0000] {dagbag.py:538} INFO - Filling up the DagBag from /home/airflow/.local/lib/python3.8/site-packages/airflow/example_dags/tutorial.py
[2025-04-28T12:02:18.589+0000] {processor.py:840} INFO - DAG(s) 'tutorial' retrieved from /home/airflow/.local/lib/python3.8/site-packages/airflow/example_dags/tutorial.py
[2025-04-28T12:02:18.623+0000] {logging_mixin.py:188} INFO - [2025-04-28T12:02:18.623+0000] {dag.py:3033} INFO - Sync 1 DAGs
[2025-04-28T12:02:18.710+0000] {logging_mixin.py:188} INFO - [2025-04-28T12:02:18.710+0000] {dag.py:3820} INFO - Setting next_dagrun for tutorial to 2025-04-27T00:00:00+00:00, run_after=2025-04-28T00:00:00+00:00
[2025-04-28T12:02:18.757+0000] {processor.py:183} INFO - Processing /home/airflow/.local/lib/python3.8/site-packages/airflow/example_dags/tutorial.py took 0.188 seconds
[2025-04-28T12:02:49.067+0000] {processor.py:161} INFO - Started process (PID=6744) to work on /home/airflow/.local/lib/python3.8/site-packages/airflow/example_dags/tutorial.py
[2025-04-28T12:02:49.070+0000] {processor.py:830} INFO - Processing file /home/airflow/.local/lib/python3.8/site-packages/airflow/example_dags/tutorial.py for tasks to queue
[2025-04-28T12:02:49.072+0000] {logging_mixin.py:188} INFO - [2025-04-28T12:02:49.072+0000] {dagbag.py:538} INFO - Filling up the DagBag from /home/airflow/.local/lib/python3.8/site-packages/airflow/example_dags/tutorial.py
[2025-04-28T12:02:49.084+0000] {processor.py:840} INFO - DAG(s) 'tutorial' retrieved from /home/airflow/.local/lib/python3.8/site-packages/airflow/example_dags/tutorial.py
[2025-04-28T12:02:49.117+0000] {logging_mixin.py:188} INFO - [2025-04-28T12:02:49.117+0000] {dag.py:3033} INFO - Sync 1 DAGs
[2025-04-28T12:02:49.152+0000] {logging_mixin.py:188} INFO - [2025-04-28T12:02:49.151+0000] {dag.py:3820} INFO - Setting next_dagrun for tutorial to 2025-04-27T00:00:00+00:00, run_after=2025-04-28T00:00:00+00:00
[2025-04-28T12:02:49.188+0000] {processor.py:183} INFO - Processing /home/airflow/.local/lib/python3.8/site-packages/airflow/example_dags/tutorial.py took 0.133 seconds
[2025-04-28T12:03:22.608+0000] {processor.py:161} INFO - Started process (PID=6801) to work on /home/airflow/.local/lib/python3.8/site-packages/airflow/example_dags/tutorial.py
[2025-04-28T12:03:22.609+0000] {processor.py:830} INFO - Processing file /home/airflow/.local/lib/python3.8/site-packages/airflow/example_dags/tutorial.py for tasks to queue
[2025-04-28T12:03:22.610+0000] {logging_mixin.py:188} INFO - [2025-04-28T12:03:22.610+0000] {dagbag.py:538} INFO - Filling up the DagBag from /home/airflow/.local/lib/python3.8/site-packages/airflow/example_dags/tutorial.py
[2025-04-28T12:03:22.623+0000] {processor.py:840} INFO - DAG(s) 'tutorial' retrieved from /home/airflow/.local/lib/python3.8/site-packages/airflow/example_dags/tutorial.py
[2025-04-28T12:03:22.654+0000] {logging_mixin.py:188} INFO - [2025-04-28T12:03:22.654+0000] {dag.py:3033} INFO - Sync 1 DAGs
[2025-04-28T12:03:22.688+0000] {logging_mixin.py:188} INFO - [2025-04-28T12:03:22.688+0000] {dag.py:3820} INFO - Setting next_dagrun for tutorial to 2025-04-27T00:00:00+00:00, run_after=2025-04-28T00:00:00+00:00
[2025-04-28T12:03:22.721+0000] {processor.py:183} INFO - Processing /home/airflow/.local/lib/python3.8/site-packages/airflow/example_dags/tutorial.py took 0.119 seconds
[2025-04-28T12:03:53.086+0000] {processor.py:161} INFO - Started process (PID=6857) to work on /home/airflow/.local/lib/python3.8/site-packages/airflow/example_dags/tutorial.py
[2025-04-28T12:03:53.088+0000] {processor.py:830} INFO - Processing file /home/airflow/.local/lib/python3.8/site-packages/airflow/example_dags/tutorial.py for tasks to queue
[2025-04-28T12:03:53.089+0000] {logging_mixin.py:188} INFO - [2025-04-28T12:03:53.089+0000] {dagbag.py:538} INFO - Filling up the DagBag from /home/airflow/.local/lib/python3.8/site-packages/airflow/example_dags/tutorial.py
[2025-04-28T12:03:53.101+0000] {processor.py:840} INFO - DAG(s) 'tutorial' retrieved from /home/airflow/.local/lib/python3.8/site-packages/airflow/example_dags/tutorial.py
[2025-04-28T12:03:53.136+0000] {logging_mixin.py:188} INFO - [2025-04-28T12:03:53.135+0000] {dag.py:3033} INFO - Sync 1 DAGs
[2025-04-28T12:03:53.182+0000] {logging_mixin.py:188} INFO - [2025-04-28T12:03:53.182+0000] {dag.py:3820} INFO - Setting next_dagrun for tutorial to 2025-04-27T00:00:00+00:00, run_after=2025-04-28T00:00:00+00:00
[2025-04-28T12:03:53.223+0000] {processor.py:183} INFO - Processing /home/airflow/.local/lib/python3.8/site-packages/airflow/example_dags/tutorial.py took 0.141 seconds
[2025-04-28T12:04:23.408+0000] {processor.py:161} INFO - Started process (PID=6912) to work on /home/airflow/.local/lib/python3.8/site-packages/airflow/example_dags/tutorial.py
[2025-04-28T12:04:23.409+0000] {processor.py:830} INFO - Processing file /home/airflow/.local/lib/python3.8/site-packages/airflow/example_dags/tutorial.py for tasks to queue
[2025-04-28T12:04:23.410+0000] {logging_mixin.py:188} INFO - [2025-04-28T12:04:23.410+0000] {dagbag.py:538} INFO - Filling up the DagBag from /home/airflow/.local/lib/python3.8/site-packages/airflow/example_dags/tutorial.py
[2025-04-28T12:04:23.421+0000] {processor.py:840} INFO - DAG(s) 'tutorial' retrieved from /home/airflow/.local/lib/python3.8/site-packages/airflow/example_dags/tutorial.py
[2025-04-28T12:04:23.449+0000] {logging_mixin.py:188} INFO - [2025-04-28T12:04:23.448+0000] {dag.py:3033} INFO - Sync 1 DAGs
[2025-04-28T12:04:23.479+0000] {logging_mixin.py:188} INFO - [2025-04-28T12:04:23.478+0000] {dag.py:3820} INFO - Setting next_dagrun for tutorial to 2025-04-27T00:00:00+00:00, run_after=2025-04-28T00:00:00+00:00
[2025-04-28T12:04:23.507+0000] {processor.py:183} INFO - Processing /home/airflow/.local/lib/python3.8/site-packages/airflow/example_dags/tutorial.py took 0.105 seconds
[2025-04-28T12:04:54.015+0000] {processor.py:161} INFO - Started process (PID=6968) to work on /home/airflow/.local/lib/python3.8/site-packages/airflow/example_dags/tutorial.py
[2025-04-28T12:04:54.017+0000] {processor.py:830} INFO - Processing file /home/airflow/.local/lib/python3.8/site-packages/airflow/example_dags/tutorial.py for tasks to queue
[2025-04-28T12:04:54.018+0000] {logging_mixin.py:188} INFO - [2025-04-28T12:04:54.018+0000] {dagbag.py:538} INFO - Filling up the DagBag from /home/airflow/.local/lib/python3.8/site-packages/airflow/example_dags/tutorial.py
[2025-04-28T12:04:54.029+0000] {processor.py:840} INFO - DAG(s) 'tutorial' retrieved from /home/airflow/.local/lib/python3.8/site-packages/airflow/example_dags/tutorial.py
[2025-04-28T12:04:54.068+0000] {logging_mixin.py:188} INFO - [2025-04-28T12:04:54.067+0000] {dag.py:3033} INFO - Sync 1 DAGs
[2025-04-28T12:04:54.120+0000] {logging_mixin.py:188} INFO - [2025-04-28T12:04:54.119+0000] {dag.py:3820} INFO - Setting next_dagrun for tutorial to 2025-04-27T00:00:00+00:00, run_after=2025-04-28T00:00:00+00:00
[2025-04-28T12:04:54.155+0000] {processor.py:183} INFO - Processing /home/airflow/.local/lib/python3.8/site-packages/airflow/example_dags/tutorial.py took 0.146 seconds
[2025-04-28T12:05:25.102+0000] {processor.py:161} INFO - Started process (PID=7025) to work on /home/airflow/.local/lib/python3.8/site-packages/airflow/example_dags/tutorial.py
[2025-04-28T12:05:25.104+0000] {processor.py:830} INFO - Processing file /home/airflow/.local/lib/python3.8/site-packages/airflow/example_dags/tutorial.py for tasks to queue
[2025-04-28T12:05:25.106+0000] {logging_mixin.py:188} INFO - [2025-04-28T12:05:25.105+0000] {dagbag.py:538} INFO - Filling up the DagBag from /home/airflow/.local/lib/python3.8/site-packages/airflow/example_dags/tutorial.py
[2025-04-28T12:05:25.118+0000] {processor.py:840} INFO - DAG(s) 'tutorial' retrieved from /home/airflow/.local/lib/python3.8/site-packages/airflow/example_dags/tutorial.py
[2025-04-28T12:05:25.156+0000] {logging_mixin.py:188} INFO - [2025-04-28T12:05:25.156+0000] {dag.py:3033} INFO - Sync 1 DAGs
[2025-04-28T12:05:25.205+0000] {logging_mixin.py:188} INFO - [2025-04-28T12:05:25.205+0000] {dag.py:3820} INFO - Setting next_dagrun for tutorial to 2025-04-27T00:00:00+00:00, run_after=2025-04-28T00:00:00+00:00
[2025-04-28T12:05:25.250+0000] {processor.py:183} INFO - Processing /home/airflow/.local/lib/python3.8/site-packages/airflow/example_dags/tutorial.py took 0.153 seconds
[2025-04-28T12:05:58.282+0000] {processor.py:161} INFO - Started process (PID=7089) to work on /home/airflow/.local/lib/python3.8/site-packages/airflow/example_dags/tutorial.py
[2025-04-28T12:05:58.283+0000] {processor.py:830} INFO - Processing file /home/airflow/.local/lib/python3.8/site-packages/airflow/example_dags/tutorial.py for tasks to queue
[2025-04-28T12:05:58.284+0000] {logging_mixin.py:188} INFO - [2025-04-28T12:05:58.284+0000] {dagbag.py:538} INFO - Filling up the DagBag from /home/airflow/.local/lib/python3.8/site-packages/airflow/example_dags/tutorial.py
[2025-04-28T12:05:58.292+0000] {processor.py:840} INFO - DAG(s) 'tutorial' retrieved from /home/airflow/.local/lib/python3.8/site-packages/airflow/example_dags/tutorial.py
[2025-04-28T12:05:58.321+0000] {logging_mixin.py:188} INFO - [2025-04-28T12:05:58.321+0000] {dag.py:3033} INFO - Sync 1 DAGs
[2025-04-28T12:05:58.355+0000] {logging_mixin.py:188} INFO - [2025-04-28T12:05:58.354+0000] {dag.py:3820} INFO - Setting next_dagrun for tutorial to 2025-04-27T00:00:00+00:00, run_after=2025-04-28T00:00:00+00:00
[2025-04-28T12:05:58.386+0000] {processor.py:183} INFO - Processing /home/airflow/.local/lib/python3.8/site-packages/airflow/example_dags/tutorial.py took 0.109 seconds
[2025-04-28T12:06:28.711+0000] {processor.py:161} INFO - Started process (PID=7145) to work on /home/airflow/.local/lib/python3.8/site-packages/airflow/example_dags/tutorial.py
[2025-04-28T12:06:28.713+0000] {processor.py:830} INFO - Processing file /home/airflow/.local/lib/python3.8/site-packages/airflow/example_dags/tutorial.py for tasks to queue
[2025-04-28T12:06:28.715+0000] {logging_mixin.py:188} INFO - [2025-04-28T12:06:28.714+0000] {dagbag.py:538} INFO - Filling up the DagBag from /home/airflow/.local/lib/python3.8/site-packages/airflow/example_dags/tutorial.py
[2025-04-28T12:06:28.731+0000] {processor.py:840} INFO - DAG(s) 'tutorial' retrieved from /home/airflow/.local/lib/python3.8/site-packages/airflow/example_dags/tutorial.py
[2025-04-28T12:06:28.766+0000] {logging_mixin.py:188} INFO - [2025-04-28T12:06:28.766+0000] {dag.py:3033} INFO - Sync 1 DAGs
[2025-04-28T12:06:28.809+0000] {logging_mixin.py:188} INFO - [2025-04-28T12:06:28.809+0000] {dag.py:3820} INFO - Setting next_dagrun for tutorial to 2025-04-27T00:00:00+00:00, run_after=2025-04-28T00:00:00+00:00
[2025-04-28T12:06:28.842+0000] {processor.py:183} INFO - Processing /home/airflow/.local/lib/python3.8/site-packages/airflow/example_dags/tutorial.py took 0.136 seconds
[2025-04-28T12:07:00.368+0000] {processor.py:161} INFO - Started process (PID=7201) to work on /home/airflow/.local/lib/python3.8/site-packages/airflow/example_dags/tutorial.py
[2025-04-28T12:07:00.370+0000] {processor.py:830} INFO - Processing file /home/airflow/.local/lib/python3.8/site-packages/airflow/example_dags/tutorial.py for tasks to queue
[2025-04-28T12:07:00.371+0000] {logging_mixin.py:188} INFO - [2025-04-28T12:07:00.371+0000] {dagbag.py:538} INFO - Filling up the DagBag from /home/airflow/.local/lib/python3.8/site-packages/airflow/example_dags/tutorial.py
[2025-04-28T12:07:00.380+0000] {processor.py:840} INFO - DAG(s) 'tutorial' retrieved from /home/airflow/.local/lib/python3.8/site-packages/airflow/example_dags/tutorial.py
[2025-04-28T12:07:00.408+0000] {logging_mixin.py:188} INFO - [2025-04-28T12:07:00.407+0000] {dag.py:3033} INFO - Sync 1 DAGs
[2025-04-28T12:07:00.447+0000] {logging_mixin.py:188} INFO - [2025-04-28T12:07:00.447+0000] {dag.py:3820} INFO - Setting next_dagrun for tutorial to 2025-04-27T00:00:00+00:00, run_after=2025-04-28T00:00:00+00:00
[2025-04-28T12:07:00.482+0000] {processor.py:183} INFO - Processing /home/airflow/.local/lib/python3.8/site-packages/airflow/example_dags/tutorial.py took 0.119 seconds
[2025-04-28T12:07:31.025+0000] {processor.py:161} INFO - Started process (PID=7257) to work on /home/airflow/.local/lib/python3.8/site-packages/airflow/example_dags/tutorial.py
[2025-04-28T12:07:31.026+0000] {processor.py:830} INFO - Processing file /home/airflow/.local/lib/python3.8/site-packages/airflow/example_dags/tutorial.py for tasks to queue
[2025-04-28T12:07:31.027+0000] {logging_mixin.py:188} INFO - [2025-04-28T12:07:31.027+0000] {dagbag.py:538} INFO - Filling up the DagBag from /home/airflow/.local/lib/python3.8/site-packages/airflow/example_dags/tutorial.py
[2025-04-28T12:07:31.039+0000] {processor.py:840} INFO - DAG(s) 'tutorial' retrieved from /home/airflow/.local/lib/python3.8/site-packages/airflow/example_dags/tutorial.py
[2025-04-28T12:07:31.071+0000] {logging_mixin.py:188} INFO - [2025-04-28T12:07:31.070+0000] {dag.py:3033} INFO - Sync 1 DAGs
[2025-04-28T12:07:31.118+0000] {logging_mixin.py:188} INFO - [2025-04-28T12:07:31.118+0000] {dag.py:3820} INFO - Setting next_dagrun for tutorial to 2025-04-27T00:00:00+00:00, run_after=2025-04-28T00:00:00+00:00
[2025-04-28T12:07:31.163+0000] {processor.py:183} INFO - Processing /home/airflow/.local/lib/python3.8/site-packages/airflow/example_dags/tutorial.py took 0.144 seconds
[2025-04-28T12:08:02.526+0000] {processor.py:161} INFO - Started process (PID=7313) to work on /home/airflow/.local/lib/python3.8/site-packages/airflow/example_dags/tutorial.py
[2025-04-28T12:08:02.527+0000] {processor.py:830} INFO - Processing file /home/airflow/.local/lib/python3.8/site-packages/airflow/example_dags/tutorial.py for tasks to queue
[2025-04-28T12:08:02.528+0000] {logging_mixin.py:188} INFO - [2025-04-28T12:08:02.528+0000] {dagbag.py:538} INFO - Filling up the DagBag from /home/airflow/.local/lib/python3.8/site-packages/airflow/example_dags/tutorial.py
[2025-04-28T12:08:02.538+0000] {processor.py:840} INFO - DAG(s) 'tutorial' retrieved from /home/airflow/.local/lib/python3.8/site-packages/airflow/example_dags/tutorial.py
[2025-04-28T12:08:02.573+0000] {logging_mixin.py:188} INFO - [2025-04-28T12:08:02.572+0000] {dag.py:3033} INFO - Sync 1 DAGs
[2025-04-28T12:08:02.610+0000] {logging_mixin.py:188} INFO - [2025-04-28T12:08:02.610+0000] {dag.py:3820} INFO - Setting next_dagrun for tutorial to 2025-04-27T00:00:00+00:00, run_after=2025-04-28T00:00:00+00:00
[2025-04-28T12:08:02.637+0000] {processor.py:183} INFO - Processing /home/airflow/.local/lib/python3.8/site-packages/airflow/example_dags/tutorial.py took 0.116 seconds
[2025-04-28T12:08:33.334+0000] {processor.py:161} INFO - Started process (PID=7369) to work on /home/airflow/.local/lib/python3.8/site-packages/airflow/example_dags/tutorial.py
[2025-04-28T12:08:33.336+0000] {processor.py:830} INFO - Processing file /home/airflow/.local/lib/python3.8/site-packages/airflow/example_dags/tutorial.py for tasks to queue
[2025-04-28T12:08:33.337+0000] {logging_mixin.py:188} INFO - [2025-04-28T12:08:33.337+0000] {dagbag.py:538} INFO - Filling up the DagBag from /home/airflow/.local/lib/python3.8/site-packages/airflow/example_dags/tutorial.py
[2025-04-28T12:08:33.349+0000] {processor.py:840} INFO - DAG(s) 'tutorial' retrieved from /home/airflow/.local/lib/python3.8/site-packages/airflow/example_dags/tutorial.py
[2025-04-28T12:08:33.386+0000] {logging_mixin.py:188} INFO - [2025-04-28T12:08:33.386+0000] {dag.py:3033} INFO - Sync 1 DAGs
[2025-04-28T12:08:33.430+0000] {logging_mixin.py:188} INFO - [2025-04-28T12:08:33.430+0000] {dag.py:3820} INFO - Setting next_dagrun for tutorial to 2025-04-27T00:00:00+00:00, run_after=2025-04-28T00:00:00+00:00
[2025-04-28T12:08:33.470+0000] {processor.py:183} INFO - Processing /home/airflow/.local/lib/python3.8/site-packages/airflow/example_dags/tutorial.py took 0.142 seconds
[2025-04-28T12:09:04.381+0000] {processor.py:161} INFO - Started process (PID=7425) to work on /home/airflow/.local/lib/python3.8/site-packages/airflow/example_dags/tutorial.py
[2025-04-28T12:09:04.383+0000] {processor.py:830} INFO - Processing file /home/airflow/.local/lib/python3.8/site-packages/airflow/example_dags/tutorial.py for tasks to queue
[2025-04-28T12:09:04.384+0000] {logging_mixin.py:188} INFO - [2025-04-28T12:09:04.384+0000] {dagbag.py:538} INFO - Filling up the DagBag from /home/airflow/.local/lib/python3.8/site-packages/airflow/example_dags/tutorial.py
[2025-04-28T12:09:04.394+0000] {processor.py:840} INFO - DAG(s) 'tutorial' retrieved from /home/airflow/.local/lib/python3.8/site-packages/airflow/example_dags/tutorial.py
[2025-04-28T12:09:04.433+0000] {logging_mixin.py:188} INFO - [2025-04-28T12:09:04.433+0000] {dag.py:3033} INFO - Sync 1 DAGs
[2025-04-28T12:09:04.468+0000] {logging_mixin.py:188} INFO - [2025-04-28T12:09:04.468+0000] {dag.py:3820} INFO - Setting next_dagrun for tutorial to 2025-04-27T00:00:00+00:00, run_after=2025-04-28T00:00:00+00:00
[2025-04-28T12:09:04.495+0000] {processor.py:183} INFO - Processing /home/airflow/.local/lib/python3.8/site-packages/airflow/example_dags/tutorial.py took 0.119 seconds
[2025-04-28T12:09:35.045+0000] {processor.py:161} INFO - Started process (PID=7481) to work on /home/airflow/.local/lib/python3.8/site-packages/airflow/example_dags/tutorial.py
[2025-04-28T12:09:35.047+0000] {processor.py:830} INFO - Processing file /home/airflow/.local/lib/python3.8/site-packages/airflow/example_dags/tutorial.py for tasks to queue
[2025-04-28T12:09:35.048+0000] {logging_mixin.py:188} INFO - [2025-04-28T12:09:35.048+0000] {dagbag.py:538} INFO - Filling up the DagBag from /home/airflow/.local/lib/python3.8/site-packages/airflow/example_dags/tutorial.py
[2025-04-28T12:09:35.059+0000] {processor.py:840} INFO - DAG(s) 'tutorial' retrieved from /home/airflow/.local/lib/python3.8/site-packages/airflow/example_dags/tutorial.py
[2025-04-28T12:09:35.096+0000] {logging_mixin.py:188} INFO - [2025-04-28T12:09:35.095+0000] {dag.py:3033} INFO - Sync 1 DAGs
[2025-04-28T12:09:35.142+0000] {logging_mixin.py:188} INFO - [2025-04-28T12:09:35.142+0000] {dag.py:3820} INFO - Setting next_dagrun for tutorial to 2025-04-27T00:00:00+00:00, run_after=2025-04-28T00:00:00+00:00
[2025-04-28T12:09:35.174+0000] {processor.py:183} INFO - Processing /home/airflow/.local/lib/python3.8/site-packages/airflow/example_dags/tutorial.py took 0.133 seconds
[2025-04-28T12:10:05.981+0000] {processor.py:161} INFO - Started process (PID=7537) to work on /home/airflow/.local/lib/python3.8/site-packages/airflow/example_dags/tutorial.py
[2025-04-28T12:10:05.983+0000] {processor.py:830} INFO - Processing file /home/airflow/.local/lib/python3.8/site-packages/airflow/example_dags/tutorial.py for tasks to queue
[2025-04-28T12:10:05.984+0000] {logging_mixin.py:188} INFO - [2025-04-28T12:10:05.984+0000] {dagbag.py:538} INFO - Filling up the DagBag from /home/airflow/.local/lib/python3.8/site-packages/airflow/example_dags/tutorial.py
[2025-04-28T12:10:06.013+0000] {processor.py:840} INFO - DAG(s) 'tutorial' retrieved from /home/airflow/.local/lib/python3.8/site-packages/airflow/example_dags/tutorial.py
[2025-04-28T12:10:06.060+0000] {logging_mixin.py:188} INFO - [2025-04-28T12:10:06.060+0000] {dag.py:3033} INFO - Sync 1 DAGs
[2025-04-28T12:10:06.119+0000] {logging_mixin.py:188} INFO - [2025-04-28T12:10:06.119+0000] {dag.py:3820} INFO - Setting next_dagrun for tutorial to 2025-04-27T00:00:00+00:00, run_after=2025-04-28T00:00:00+00:00
[2025-04-28T12:10:06.176+0000] {processor.py:183} INFO - Processing /home/airflow/.local/lib/python3.8/site-packages/airflow/example_dags/tutorial.py took 0.200 seconds
[2025-04-28T12:10:42.676+0000] {processor.py:161} INFO - Started process (PID=7594) to work on /home/airflow/.local/lib/python3.8/site-packages/airflow/example_dags/tutorial.py
[2025-04-28T12:10:42.683+0000] {processor.py:830} INFO - Processing file /home/airflow/.local/lib/python3.8/site-packages/airflow/example_dags/tutorial.py for tasks to queue
[2025-04-28T12:10:42.686+0000] {logging_mixin.py:188} INFO - [2025-04-28T12:10:42.685+0000] {dagbag.py:538} INFO - Filling up the DagBag from /home/airflow/.local/lib/python3.8/site-packages/airflow/example_dags/tutorial.py
[2025-04-28T12:10:42.722+0000] {processor.py:840} INFO - DAG(s) 'tutorial' retrieved from /home/airflow/.local/lib/python3.8/site-packages/airflow/example_dags/tutorial.py
[2025-04-28T12:10:42.799+0000] {logging_mixin.py:188} INFO - [2025-04-28T12:10:42.799+0000] {dag.py:3033} INFO - Sync 1 DAGs
[2025-04-28T12:10:42.896+0000] {logging_mixin.py:188} INFO - [2025-04-28T12:10:42.896+0000] {dag.py:3820} INFO - Setting next_dagrun for tutorial to 2025-04-27T00:00:00+00:00, run_after=2025-04-28T00:00:00+00:00
[2025-04-28T12:10:43.017+0000] {processor.py:183} INFO - Processing /home/airflow/.local/lib/python3.8/site-packages/airflow/example_dags/tutorial.py took 0.350 seconds
[2025-04-28T12:11:13.908+0000] {processor.py:161} INFO - Started process (PID=7650) to work on /home/airflow/.local/lib/python3.8/site-packages/airflow/example_dags/tutorial.py
[2025-04-28T12:11:13.910+0000] {processor.py:830} INFO - Processing file /home/airflow/.local/lib/python3.8/site-packages/airflow/example_dags/tutorial.py for tasks to queue
[2025-04-28T12:11:13.913+0000] {logging_mixin.py:188} INFO - [2025-04-28T12:11:13.912+0000] {dagbag.py:538} INFO - Filling up the DagBag from /home/airflow/.local/lib/python3.8/site-packages/airflow/example_dags/tutorial.py
[2025-04-28T12:11:13.934+0000] {processor.py:840} INFO - DAG(s) 'tutorial' retrieved from /home/airflow/.local/lib/python3.8/site-packages/airflow/example_dags/tutorial.py
[2025-04-28T12:11:14.032+0000] {logging_mixin.py:188} INFO - [2025-04-28T12:11:14.032+0000] {dag.py:3033} INFO - Sync 1 DAGs
[2025-04-28T12:11:14.122+0000] {logging_mixin.py:188} INFO - [2025-04-28T12:11:14.121+0000] {dag.py:3820} INFO - Setting next_dagrun for tutorial to 2025-04-27T00:00:00+00:00, run_after=2025-04-28T00:00:00+00:00
[2025-04-28T12:11:14.217+0000] {processor.py:183} INFO - Processing /home/airflow/.local/lib/python3.8/site-packages/airflow/example_dags/tutorial.py took 0.318 seconds
[2025-04-28T12:11:47.182+0000] {processor.py:161} INFO - Started process (PID=7706) to work on /home/airflow/.local/lib/python3.8/site-packages/airflow/example_dags/tutorial.py
[2025-04-28T12:11:47.184+0000] {processor.py:830} INFO - Processing file /home/airflow/.local/lib/python3.8/site-packages/airflow/example_dags/tutorial.py for tasks to queue
[2025-04-28T12:11:47.186+0000] {logging_mixin.py:188} INFO - [2025-04-28T12:11:47.185+0000] {dagbag.py:538} INFO - Filling up the DagBag from /home/airflow/.local/lib/python3.8/site-packages/airflow/example_dags/tutorial.py
[2025-04-28T12:11:47.202+0000] {processor.py:840} INFO - DAG(s) 'tutorial' retrieved from /home/airflow/.local/lib/python3.8/site-packages/airflow/example_dags/tutorial.py
[2025-04-28T12:11:47.355+0000] {logging_mixin.py:188} INFO - [2025-04-28T12:11:47.354+0000] {dag.py:3033} INFO - Sync 1 DAGs
[2025-04-28T12:11:47.483+0000] {logging_mixin.py:188} INFO - [2025-04-28T12:11:47.482+0000] {dag.py:3820} INFO - Setting next_dagrun for tutorial to 2025-04-27T00:00:00+00:00, run_after=2025-04-28T00:00:00+00:00
[2025-04-28T12:11:47.585+0000] {processor.py:183} INFO - Processing /home/airflow/.local/lib/python3.8/site-packages/airflow/example_dags/tutorial.py took 0.410 seconds
[2025-04-28T12:12:18.134+0000] {processor.py:161} INFO - Started process (PID=7763) to work on /home/airflow/.local/lib/python3.8/site-packages/airflow/example_dags/tutorial.py
[2025-04-28T12:12:18.136+0000] {processor.py:830} INFO - Processing file /home/airflow/.local/lib/python3.8/site-packages/airflow/example_dags/tutorial.py for tasks to queue
[2025-04-28T12:12:18.138+0000] {logging_mixin.py:188} INFO - [2025-04-28T12:12:18.137+0000] {dagbag.py:538} INFO - Filling up the DagBag from /home/airflow/.local/lib/python3.8/site-packages/airflow/example_dags/tutorial.py
[2025-04-28T12:12:18.153+0000] {processor.py:840} INFO - DAG(s) 'tutorial' retrieved from /home/airflow/.local/lib/python3.8/site-packages/airflow/example_dags/tutorial.py
[2025-04-28T12:12:18.219+0000] {logging_mixin.py:188} INFO - [2025-04-28T12:12:18.218+0000] {dag.py:3033} INFO - Sync 1 DAGs
[2025-04-28T12:12:18.308+0000] {logging_mixin.py:188} INFO - [2025-04-28T12:12:18.307+0000] {dag.py:3820} INFO - Setting next_dagrun for tutorial to 2025-04-27T00:00:00+00:00, run_after=2025-04-28T00:00:00+00:00
[2025-04-28T12:12:18.373+0000] {processor.py:183} INFO - Processing /home/airflow/.local/lib/python3.8/site-packages/airflow/example_dags/tutorial.py took 0.250 seconds
[2025-04-28T12:12:50.714+0000] {processor.py:161} INFO - Started process (PID=7819) to work on /home/airflow/.local/lib/python3.8/site-packages/airflow/example_dags/tutorial.py
[2025-04-28T12:12:50.715+0000] {processor.py:830} INFO - Processing file /home/airflow/.local/lib/python3.8/site-packages/airflow/example_dags/tutorial.py for tasks to queue
[2025-04-28T12:12:50.716+0000] {logging_mixin.py:188} INFO - [2025-04-28T12:12:50.716+0000] {dagbag.py:538} INFO - Filling up the DagBag from /home/airflow/.local/lib/python3.8/site-packages/airflow/example_dags/tutorial.py
[2025-04-28T12:12:50.727+0000] {processor.py:840} INFO - DAG(s) 'tutorial' retrieved from /home/airflow/.local/lib/python3.8/site-packages/airflow/example_dags/tutorial.py
[2025-04-28T12:12:50.764+0000] {logging_mixin.py:188} INFO - [2025-04-28T12:12:50.763+0000] {dag.py:3033} INFO - Sync 1 DAGs
[2025-04-28T12:12:50.810+0000] {logging_mixin.py:188} INFO - [2025-04-28T12:12:50.809+0000] {dag.py:3820} INFO - Setting next_dagrun for tutorial to 2025-04-27T00:00:00+00:00, run_after=2025-04-28T00:00:00+00:00
[2025-04-28T12:12:50.849+0000] {processor.py:183} INFO - Processing /home/airflow/.local/lib/python3.8/site-packages/airflow/example_dags/tutorial.py took 0.141 seconds
[2025-04-28T12:13:23.242+0000] {processor.py:161} INFO - Started process (PID=7875) to work on /home/airflow/.local/lib/python3.8/site-packages/airflow/example_dags/tutorial.py
[2025-04-28T12:13:23.243+0000] {processor.py:830} INFO - Processing file /home/airflow/.local/lib/python3.8/site-packages/airflow/example_dags/tutorial.py for tasks to queue
[2025-04-28T12:13:23.245+0000] {logging_mixin.py:188} INFO - [2025-04-28T12:13:23.245+0000] {dagbag.py:538} INFO - Filling up the DagBag from /home/airflow/.local/lib/python3.8/site-packages/airflow/example_dags/tutorial.py
[2025-04-28T12:13:23.262+0000] {processor.py:840} INFO - DAG(s) 'tutorial' retrieved from /home/airflow/.local/lib/python3.8/site-packages/airflow/example_dags/tutorial.py
[2025-04-28T12:13:23.301+0000] {logging_mixin.py:188} INFO - [2025-04-28T12:13:23.301+0000] {dag.py:3033} INFO - Sync 1 DAGs
[2025-04-28T12:13:23.355+0000] {logging_mixin.py:188} INFO - [2025-04-28T12:13:23.355+0000] {dag.py:3820} INFO - Setting next_dagrun for tutorial to 2025-04-27T00:00:00+00:00, run_after=2025-04-28T00:00:00+00:00
[2025-04-28T12:13:23.399+0000] {processor.py:183} INFO - Processing /home/airflow/.local/lib/python3.8/site-packages/airflow/example_dags/tutorial.py took 0.164 seconds
[2025-04-28T12:13:56.222+0000] {processor.py:161} INFO - Started process (PID=7932) to work on /home/airflow/.local/lib/python3.8/site-packages/airflow/example_dags/tutorial.py
[2025-04-28T12:13:56.223+0000] {processor.py:830} INFO - Processing file /home/airflow/.local/lib/python3.8/site-packages/airflow/example_dags/tutorial.py for tasks to queue
[2025-04-28T12:13:56.226+0000] {logging_mixin.py:188} INFO - [2025-04-28T12:13:56.225+0000] {dagbag.py:538} INFO - Filling up the DagBag from /home/airflow/.local/lib/python3.8/site-packages/airflow/example_dags/tutorial.py
[2025-04-28T12:13:56.243+0000] {processor.py:840} INFO - DAG(s) 'tutorial' retrieved from /home/airflow/.local/lib/python3.8/site-packages/airflow/example_dags/tutorial.py
[2025-04-28T12:13:56.295+0000] {logging_mixin.py:188} INFO - [2025-04-28T12:13:56.295+0000] {dag.py:3033} INFO - Sync 1 DAGs
[2025-04-28T12:13:56.334+0000] {logging_mixin.py:188} INFO - [2025-04-28T12:13:56.334+0000] {dag.py:3820} INFO - Setting next_dagrun for tutorial to 2025-04-27T00:00:00+00:00, run_after=2025-04-28T00:00:00+00:00
[2025-04-28T12:13:56.391+0000] {processor.py:183} INFO - Processing /home/airflow/.local/lib/python3.8/site-packages/airflow/example_dags/tutorial.py took 0.174 seconds
[2025-04-28T12:14:29.248+0000] {processor.py:161} INFO - Started process (PID=7988) to work on /home/airflow/.local/lib/python3.8/site-packages/airflow/example_dags/tutorial.py
[2025-04-28T12:14:29.249+0000] {processor.py:830} INFO - Processing file /home/airflow/.local/lib/python3.8/site-packages/airflow/example_dags/tutorial.py for tasks to queue
[2025-04-28T12:14:29.251+0000] {logging_mixin.py:188} INFO - [2025-04-28T12:14:29.250+0000] {dagbag.py:538} INFO - Filling up the DagBag from /home/airflow/.local/lib/python3.8/site-packages/airflow/example_dags/tutorial.py
[2025-04-28T12:14:29.265+0000] {processor.py:840} INFO - DAG(s) 'tutorial' retrieved from /home/airflow/.local/lib/python3.8/site-packages/airflow/example_dags/tutorial.py
[2025-04-28T12:14:29.308+0000] {logging_mixin.py:188} INFO - [2025-04-28T12:14:29.308+0000] {dag.py:3033} INFO - Sync 1 DAGs
[2025-04-28T12:14:29.381+0000] {logging_mixin.py:188} INFO - [2025-04-28T12:14:29.381+0000] {dag.py:3820} INFO - Setting next_dagrun for tutorial to 2025-04-27T00:00:00+00:00, run_after=2025-04-28T00:00:00+00:00
[2025-04-28T12:14:29.419+0000] {processor.py:183} INFO - Processing /home/airflow/.local/lib/python3.8/site-packages/airflow/example_dags/tutorial.py took 0.177 seconds
[2025-04-28T12:15:02.655+0000] {processor.py:161} INFO - Started process (PID=8044) to work on /home/airflow/.local/lib/python3.8/site-packages/airflow/example_dags/tutorial.py
[2025-04-28T12:15:02.658+0000] {processor.py:830} INFO - Processing file /home/airflow/.local/lib/python3.8/site-packages/airflow/example_dags/tutorial.py for tasks to queue
[2025-04-28T12:15:02.665+0000] {logging_mixin.py:188} INFO - [2025-04-28T12:15:02.664+0000] {dagbag.py:538} INFO - Filling up the DagBag from /home/airflow/.local/lib/python3.8/site-packages/airflow/example_dags/tutorial.py
[2025-04-28T12:15:02.692+0000] {processor.py:840} INFO - DAG(s) 'tutorial' retrieved from /home/airflow/.local/lib/python3.8/site-packages/airflow/example_dags/tutorial.py
[2025-04-28T12:15:02.772+0000] {logging_mixin.py:188} INFO - [2025-04-28T12:15:02.771+0000] {dag.py:3033} INFO - Sync 1 DAGs
[2025-04-28T12:15:02.833+0000] {logging_mixin.py:188} INFO - [2025-04-28T12:15:02.833+0000] {dag.py:3820} INFO - Setting next_dagrun for tutorial to 2025-04-27T00:00:00+00:00, run_after=2025-04-28T00:00:00+00:00
[2025-04-28T12:15:02.887+0000] {processor.py:183} INFO - Processing /home/airflow/.local/lib/python3.8/site-packages/airflow/example_dags/tutorial.py took 0.248 seconds
[2025-04-28T12:15:34.304+0000] {processor.py:161} INFO - Started process (PID=8100) to work on /home/airflow/.local/lib/python3.8/site-packages/airflow/example_dags/tutorial.py
[2025-04-28T12:15:34.305+0000] {processor.py:830} INFO - Processing file /home/airflow/.local/lib/python3.8/site-packages/airflow/example_dags/tutorial.py for tasks to queue
[2025-04-28T12:15:34.307+0000] {logging_mixin.py:188} INFO - [2025-04-28T12:15:34.307+0000] {dagbag.py:538} INFO - Filling up the DagBag from /home/airflow/.local/lib/python3.8/site-packages/airflow/example_dags/tutorial.py
[2025-04-28T12:15:34.320+0000] {processor.py:840} INFO - DAG(s) 'tutorial' retrieved from /home/airflow/.local/lib/python3.8/site-packages/airflow/example_dags/tutorial.py
[2025-04-28T12:15:34.354+0000] {logging_mixin.py:188} INFO - [2025-04-28T12:15:34.354+0000] {dag.py:3033} INFO - Sync 1 DAGs
[2025-04-28T12:15:34.391+0000] {logging_mixin.py:188} INFO - [2025-04-28T12:15:34.391+0000] {dag.py:3820} INFO - Setting next_dagrun for tutorial to 2025-04-27T00:00:00+00:00, run_after=2025-04-28T00:00:00+00:00
[2025-04-28T12:15:34.426+0000] {processor.py:183} INFO - Processing /home/airflow/.local/lib/python3.8/site-packages/airflow/example_dags/tutorial.py took 0.128 seconds
[2025-04-28T12:16:05.446+0000] {processor.py:161} INFO - Started process (PID=8156) to work on /home/airflow/.local/lib/python3.8/site-packages/airflow/example_dags/tutorial.py
[2025-04-28T12:16:05.448+0000] {processor.py:830} INFO - Processing file /home/airflow/.local/lib/python3.8/site-packages/airflow/example_dags/tutorial.py for tasks to queue
[2025-04-28T12:16:05.450+0000] {logging_mixin.py:188} INFO - [2025-04-28T12:16:05.449+0000] {dagbag.py:538} INFO - Filling up the DagBag from /home/airflow/.local/lib/python3.8/site-packages/airflow/example_dags/tutorial.py
[2025-04-28T12:16:05.464+0000] {processor.py:840} INFO - DAG(s) 'tutorial' retrieved from /home/airflow/.local/lib/python3.8/site-packages/airflow/example_dags/tutorial.py
[2025-04-28T12:16:05.529+0000] {logging_mixin.py:188} INFO - [2025-04-28T12:16:05.529+0000] {dag.py:3033} INFO - Sync 1 DAGs
[2025-04-28T12:16:05.586+0000] {logging_mixin.py:188} INFO - [2025-04-28T12:16:05.586+0000] {dag.py:3820} INFO - Setting next_dagrun for tutorial to 2025-04-27T00:00:00+00:00, run_after=2025-04-28T00:00:00+00:00
[2025-04-28T12:16:05.636+0000] {processor.py:183} INFO - Processing /home/airflow/.local/lib/python3.8/site-packages/airflow/example_dags/tutorial.py took 0.197 seconds
[2025-04-28T12:16:35.978+0000] {processor.py:161} INFO - Started process (PID=8212) to work on /home/airflow/.local/lib/python3.8/site-packages/airflow/example_dags/tutorial.py
[2025-04-28T12:16:35.980+0000] {processor.py:830} INFO - Processing file /home/airflow/.local/lib/python3.8/site-packages/airflow/example_dags/tutorial.py for tasks to queue
[2025-04-28T12:16:35.982+0000] {logging_mixin.py:188} INFO - [2025-04-28T12:16:35.981+0000] {dagbag.py:538} INFO - Filling up the DagBag from /home/airflow/.local/lib/python3.8/site-packages/airflow/example_dags/tutorial.py
[2025-04-28T12:16:35.993+0000] {processor.py:840} INFO - DAG(s) 'tutorial' retrieved from /home/airflow/.local/lib/python3.8/site-packages/airflow/example_dags/tutorial.py
[2025-04-28T12:16:36.033+0000] {logging_mixin.py:188} INFO - [2025-04-28T12:16:36.033+0000] {dag.py:3033} INFO - Sync 1 DAGs
[2025-04-28T12:16:36.087+0000] {logging_mixin.py:188} INFO - [2025-04-28T12:16:36.086+0000] {dag.py:3820} INFO - Setting next_dagrun for tutorial to 2025-04-27T00:00:00+00:00, run_after=2025-04-28T00:00:00+00:00
[2025-04-28T12:16:36.130+0000] {processor.py:183} INFO - Processing /home/airflow/.local/lib/python3.8/site-packages/airflow/example_dags/tutorial.py took 0.159 seconds
[2025-04-28T12:17:06.748+0000] {processor.py:161} INFO - Started process (PID=8262) to work on /home/airflow/.local/lib/python3.8/site-packages/airflow/example_dags/tutorial.py
[2025-04-28T12:17:06.750+0000] {processor.py:830} INFO - Processing file /home/airflow/.local/lib/python3.8/site-packages/airflow/example_dags/tutorial.py for tasks to queue
[2025-04-28T12:17:06.753+0000] {logging_mixin.py:188} INFO - [2025-04-28T12:17:06.753+0000] {dagbag.py:538} INFO - Filling up the DagBag from /home/airflow/.local/lib/python3.8/site-packages/airflow/example_dags/tutorial.py
[2025-04-28T12:17:06.777+0000] {processor.py:840} INFO - DAG(s) 'tutorial' retrieved from /home/airflow/.local/lib/python3.8/site-packages/airflow/example_dags/tutorial.py
[2025-04-28T12:17:06.818+0000] {logging_mixin.py:188} INFO - [2025-04-28T12:17:06.818+0000] {dag.py:3033} INFO - Sync 1 DAGs
[2025-04-28T12:17:06.861+0000] {logging_mixin.py:188} INFO - [2025-04-28T12:17:06.860+0000] {dag.py:3820} INFO - Setting next_dagrun for tutorial to 2025-04-27T00:00:00+00:00, run_after=2025-04-28T00:00:00+00:00
[2025-04-28T12:17:06.894+0000] {processor.py:183} INFO - Processing /home/airflow/.local/lib/python3.8/site-packages/airflow/example_dags/tutorial.py took 0.164 seconds
[2025-04-28T12:17:38.487+0000] {processor.py:161} INFO - Started process (PID=8318) to work on /home/airflow/.local/lib/python3.8/site-packages/airflow/example_dags/tutorial.py
[2025-04-28T12:17:38.489+0000] {processor.py:830} INFO - Processing file /home/airflow/.local/lib/python3.8/site-packages/airflow/example_dags/tutorial.py for tasks to queue
[2025-04-28T12:17:38.500+0000] {logging_mixin.py:188} INFO - [2025-04-28T12:17:38.498+0000] {dagbag.py:538} INFO - Filling up the DagBag from /home/airflow/.local/lib/python3.8/site-packages/airflow/example_dags/tutorial.py
[2025-04-28T12:17:38.539+0000] {processor.py:840} INFO - DAG(s) 'tutorial' retrieved from /home/airflow/.local/lib/python3.8/site-packages/airflow/example_dags/tutorial.py
[2025-04-28T12:17:38.649+0000] {logging_mixin.py:188} INFO - [2025-04-28T12:17:38.648+0000] {dag.py:3033} INFO - Sync 1 DAGs
[2025-04-28T12:17:38.716+0000] {logging_mixin.py:188} INFO - [2025-04-28T12:17:38.716+0000] {dag.py:3820} INFO - Setting next_dagrun for tutorial to 2025-04-27T00:00:00+00:00, run_after=2025-04-28T00:00:00+00:00
[2025-04-28T12:17:38.787+0000] {processor.py:183} INFO - Processing /home/airflow/.local/lib/python3.8/site-packages/airflow/example_dags/tutorial.py took 0.312 seconds
[2025-04-28T12:18:08.964+0000] {processor.py:161} INFO - Started process (PID=8374) to work on /home/airflow/.local/lib/python3.8/site-packages/airflow/example_dags/tutorial.py
[2025-04-28T12:18:08.968+0000] {processor.py:830} INFO - Processing file /home/airflow/.local/lib/python3.8/site-packages/airflow/example_dags/tutorial.py for tasks to queue
[2025-04-28T12:18:08.970+0000] {logging_mixin.py:188} INFO - [2025-04-28T12:18:08.970+0000] {dagbag.py:538} INFO - Filling up the DagBag from /home/airflow/.local/lib/python3.8/site-packages/airflow/example_dags/tutorial.py
[2025-04-28T12:18:08.980+0000] {processor.py:840} INFO - DAG(s) 'tutorial' retrieved from /home/airflow/.local/lib/python3.8/site-packages/airflow/example_dags/tutorial.py
[2025-04-28T12:18:09.009+0000] {logging_mixin.py:188} INFO - [2025-04-28T12:18:09.008+0000] {dag.py:3033} INFO - Sync 1 DAGs
[2025-04-28T12:18:09.040+0000] {logging_mixin.py:188} INFO - [2025-04-28T12:18:09.039+0000] {dag.py:3820} INFO - Setting next_dagrun for tutorial to 2025-04-27T00:00:00+00:00, run_after=2025-04-28T00:00:00+00:00
[2025-04-28T12:18:09.084+0000] {processor.py:183} INFO - Processing /home/airflow/.local/lib/python3.8/site-packages/airflow/example_dags/tutorial.py took 0.125 seconds
[2025-04-28T12:18:40.277+0000] {processor.py:161} INFO - Started process (PID=8431) to work on /home/airflow/.local/lib/python3.8/site-packages/airflow/example_dags/tutorial.py
[2025-04-28T12:18:40.278+0000] {processor.py:830} INFO - Processing file /home/airflow/.local/lib/python3.8/site-packages/airflow/example_dags/tutorial.py for tasks to queue
[2025-04-28T12:18:40.280+0000] {logging_mixin.py:188} INFO - [2025-04-28T12:18:40.279+0000] {dagbag.py:538} INFO - Filling up the DagBag from /home/airflow/.local/lib/python3.8/site-packages/airflow/example_dags/tutorial.py
[2025-04-28T12:18:40.291+0000] {processor.py:840} INFO - DAG(s) 'tutorial' retrieved from /home/airflow/.local/lib/python3.8/site-packages/airflow/example_dags/tutorial.py
[2025-04-28T12:18:40.327+0000] {logging_mixin.py:188} INFO - [2025-04-28T12:18:40.327+0000] {dag.py:3033} INFO - Sync 1 DAGs
[2025-04-28T12:18:40.366+0000] {logging_mixin.py:188} INFO - [2025-04-28T12:18:40.366+0000] {dag.py:3820} INFO - Setting next_dagrun for tutorial to 2025-04-27T00:00:00+00:00, run_after=2025-04-28T00:00:00+00:00
[2025-04-28T12:18:40.404+0000] {processor.py:183} INFO - Processing /home/airflow/.local/lib/python3.8/site-packages/airflow/example_dags/tutorial.py took 0.134 seconds
[2025-04-28T12:19:10.715+0000] {processor.py:161} INFO - Started process (PID=8487) to work on /home/airflow/.local/lib/python3.8/site-packages/airflow/example_dags/tutorial.py
[2025-04-28T12:19:10.717+0000] {processor.py:830} INFO - Processing file /home/airflow/.local/lib/python3.8/site-packages/airflow/example_dags/tutorial.py for tasks to queue
[2025-04-28T12:19:10.718+0000] {logging_mixin.py:188} INFO - [2025-04-28T12:19:10.718+0000] {dagbag.py:538} INFO - Filling up the DagBag from /home/airflow/.local/lib/python3.8/site-packages/airflow/example_dags/tutorial.py
[2025-04-28T12:19:10.729+0000] {processor.py:840} INFO - DAG(s) 'tutorial' retrieved from /home/airflow/.local/lib/python3.8/site-packages/airflow/example_dags/tutorial.py
[2025-04-28T12:19:10.772+0000] {logging_mixin.py:188} INFO - [2025-04-28T12:19:10.772+0000] {dag.py:3033} INFO - Sync 1 DAGs
[2025-04-28T12:19:10.811+0000] {logging_mixin.py:188} INFO - [2025-04-28T12:19:10.811+0000] {dag.py:3820} INFO - Setting next_dagrun for tutorial to 2025-04-27T00:00:00+00:00, run_after=2025-04-28T00:00:00+00:00
[2025-04-28T12:19:10.867+0000] {processor.py:183} INFO - Processing /home/airflow/.local/lib/python3.8/site-packages/airflow/example_dags/tutorial.py took 0.158 seconds
[2025-04-28T12:19:41.491+0000] {processor.py:161} INFO - Started process (PID=8544) to work on /home/airflow/.local/lib/python3.8/site-packages/airflow/example_dags/tutorial.py
[2025-04-28T12:19:41.492+0000] {processor.py:830} INFO - Processing file /home/airflow/.local/lib/python3.8/site-packages/airflow/example_dags/tutorial.py for tasks to queue
[2025-04-28T12:19:41.494+0000] {logging_mixin.py:188} INFO - [2025-04-28T12:19:41.494+0000] {dagbag.py:538} INFO - Filling up the DagBag from /home/airflow/.local/lib/python3.8/site-packages/airflow/example_dags/tutorial.py
[2025-04-28T12:19:41.505+0000] {processor.py:840} INFO - DAG(s) 'tutorial' retrieved from /home/airflow/.local/lib/python3.8/site-packages/airflow/example_dags/tutorial.py
[2025-04-28T12:19:41.565+0000] {logging_mixin.py:188} INFO - [2025-04-28T12:19:41.565+0000] {dag.py:3033} INFO - Sync 1 DAGs
[2025-04-28T12:19:41.631+0000] {logging_mixin.py:188} INFO - [2025-04-28T12:19:41.630+0000] {dag.py:3820} INFO - Setting next_dagrun for tutorial to 2025-04-27T00:00:00+00:00, run_after=2025-04-28T00:00:00+00:00
[2025-04-28T12:19:41.688+0000] {processor.py:183} INFO - Processing /home/airflow/.local/lib/python3.8/site-packages/airflow/example_dags/tutorial.py took 0.202 seconds
[2025-04-28T12:20:12.222+0000] {processor.py:161} INFO - Started process (PID=8601) to work on /home/airflow/.local/lib/python3.8/site-packages/airflow/example_dags/tutorial.py
[2025-04-28T12:20:12.224+0000] {processor.py:830} INFO - Processing file /home/airflow/.local/lib/python3.8/site-packages/airflow/example_dags/tutorial.py for tasks to queue
[2025-04-28T12:20:12.226+0000] {logging_mixin.py:188} INFO - [2025-04-28T12:20:12.225+0000] {dagbag.py:538} INFO - Filling up the DagBag from /home/airflow/.local/lib/python3.8/site-packages/airflow/example_dags/tutorial.py
[2025-04-28T12:20:12.239+0000] {processor.py:840} INFO - DAG(s) 'tutorial' retrieved from /home/airflow/.local/lib/python3.8/site-packages/airflow/example_dags/tutorial.py
[2025-04-28T12:20:12.281+0000] {logging_mixin.py:188} INFO - [2025-04-28T12:20:12.281+0000] {dag.py:3033} INFO - Sync 1 DAGs
[2025-04-28T12:20:12.319+0000] {logging_mixin.py:188} INFO - [2025-04-28T12:20:12.319+0000] {dag.py:3820} INFO - Setting next_dagrun for tutorial to 2025-04-27T00:00:00+00:00, run_after=2025-04-28T00:00:00+00:00
[2025-04-28T12:20:12.354+0000] {processor.py:183} INFO - Processing /home/airflow/.local/lib/python3.8/site-packages/airflow/example_dags/tutorial.py took 0.139 seconds
[2025-04-28T12:20:42.833+0000] {processor.py:161} INFO - Started process (PID=8658) to work on /home/airflow/.local/lib/python3.8/site-packages/airflow/example_dags/tutorial.py
[2025-04-28T12:20:42.835+0000] {processor.py:830} INFO - Processing file /home/airflow/.local/lib/python3.8/site-packages/airflow/example_dags/tutorial.py for tasks to queue
[2025-04-28T12:20:42.837+0000] {logging_mixin.py:188} INFO - [2025-04-28T12:20:42.836+0000] {dagbag.py:538} INFO - Filling up the DagBag from /home/airflow/.local/lib/python3.8/site-packages/airflow/example_dags/tutorial.py
[2025-04-28T12:20:42.847+0000] {processor.py:840} INFO - DAG(s) 'tutorial' retrieved from /home/airflow/.local/lib/python3.8/site-packages/airflow/example_dags/tutorial.py
[2025-04-28T12:20:42.886+0000] {logging_mixin.py:188} INFO - [2025-04-28T12:20:42.886+0000] {dag.py:3033} INFO - Sync 1 DAGs
[2025-04-28T12:20:42.937+0000] {logging_mixin.py:188} INFO - [2025-04-28T12:20:42.936+0000] {dag.py:3820} INFO - Setting next_dagrun for tutorial to 2025-04-27T00:00:00+00:00, run_after=2025-04-28T00:00:00+00:00
[2025-04-28T12:20:42.972+0000] {processor.py:183} INFO - Processing /home/airflow/.local/lib/python3.8/site-packages/airflow/example_dags/tutorial.py took 0.145 seconds
[2025-04-28T12:21:18.431+0000] {processor.py:161} INFO - Started process (PID=8713) to work on /home/airflow/.local/lib/python3.8/site-packages/airflow/example_dags/tutorial.py
[2025-04-28T12:21:18.433+0000] {processor.py:830} INFO - Processing file /home/airflow/.local/lib/python3.8/site-packages/airflow/example_dags/tutorial.py for tasks to queue
[2025-04-28T12:21:18.437+0000] {logging_mixin.py:188} INFO - [2025-04-28T12:21:18.437+0000] {dagbag.py:538} INFO - Filling up the DagBag from /home/airflow/.local/lib/python3.8/site-packages/airflow/example_dags/tutorial.py
[2025-04-28T12:21:18.451+0000] {processor.py:840} INFO - DAG(s) 'tutorial' retrieved from /home/airflow/.local/lib/python3.8/site-packages/airflow/example_dags/tutorial.py
[2025-04-28T12:21:18.533+0000] {logging_mixin.py:188} INFO - [2025-04-28T12:21:18.532+0000] {dag.py:3033} INFO - Sync 1 DAGs
[2025-04-28T12:21:18.662+0000] {logging_mixin.py:188} INFO - [2025-04-28T12:21:18.661+0000] {dag.py:3820} INFO - Setting next_dagrun for tutorial to 2025-04-27T00:00:00+00:00, run_after=2025-04-28T00:00:00+00:00
[2025-04-28T12:21:18.785+0000] {processor.py:183} INFO - Processing /home/airflow/.local/lib/python3.8/site-packages/airflow/example_dags/tutorial.py took 0.359 seconds
[2025-04-28T12:21:49.571+0000] {processor.py:161} INFO - Started process (PID=8768) to work on /home/airflow/.local/lib/python3.8/site-packages/airflow/example_dags/tutorial.py
[2025-04-28T12:21:49.573+0000] {processor.py:830} INFO - Processing file /home/airflow/.local/lib/python3.8/site-packages/airflow/example_dags/tutorial.py for tasks to queue
[2025-04-28T12:21:49.576+0000] {logging_mixin.py:188} INFO - [2025-04-28T12:21:49.575+0000] {dagbag.py:538} INFO - Filling up the DagBag from /home/airflow/.local/lib/python3.8/site-packages/airflow/example_dags/tutorial.py
[2025-04-28T12:21:49.597+0000] {processor.py:840} INFO - DAG(s) 'tutorial' retrieved from /home/airflow/.local/lib/python3.8/site-packages/airflow/example_dags/tutorial.py
[2025-04-28T12:21:49.695+0000] {logging_mixin.py:188} INFO - [2025-04-28T12:21:49.694+0000] {dag.py:3033} INFO - Sync 1 DAGs
[2025-04-28T12:21:49.770+0000] {logging_mixin.py:188} INFO - [2025-04-28T12:21:49.769+0000] {dag.py:3820} INFO - Setting next_dagrun for tutorial to 2025-04-27T00:00:00+00:00, run_after=2025-04-28T00:00:00+00:00
[2025-04-28T12:21:49.825+0000] {processor.py:183} INFO - Processing /home/airflow/.local/lib/python3.8/site-packages/airflow/example_dags/tutorial.py took 0.265 seconds
[2025-04-28T12:22:19.964+0000] {processor.py:161} INFO - Started process (PID=8824) to work on /home/airflow/.local/lib/python3.8/site-packages/airflow/example_dags/tutorial.py
[2025-04-28T12:22:19.965+0000] {processor.py:830} INFO - Processing file /home/airflow/.local/lib/python3.8/site-packages/airflow/example_dags/tutorial.py for tasks to queue
[2025-04-28T12:22:19.967+0000] {logging_mixin.py:188} INFO - [2025-04-28T12:22:19.967+0000] {dagbag.py:538} INFO - Filling up the DagBag from /home/airflow/.local/lib/python3.8/site-packages/airflow/example_dags/tutorial.py
[2025-04-28T12:22:19.981+0000] {processor.py:840} INFO - DAG(s) 'tutorial' retrieved from /home/airflow/.local/lib/python3.8/site-packages/airflow/example_dags/tutorial.py
[2025-04-28T12:22:20.014+0000] {logging_mixin.py:188} INFO - [2025-04-28T12:22:20.014+0000] {dag.py:3033} INFO - Sync 1 DAGs
[2025-04-28T12:22:20.053+0000] {logging_mixin.py:188} INFO - [2025-04-28T12:22:20.053+0000] {dag.py:3820} INFO - Setting next_dagrun for tutorial to 2025-04-27T00:00:00+00:00, run_after=2025-04-28T00:00:00+00:00
[2025-04-28T12:22:20.084+0000] {processor.py:183} INFO - Processing /home/airflow/.local/lib/python3.8/site-packages/airflow/example_dags/tutorial.py took 0.126 seconds
[2025-04-28T12:22:50.777+0000] {processor.py:161} INFO - Started process (PID=8880) to work on /home/airflow/.local/lib/python3.8/site-packages/airflow/example_dags/tutorial.py
[2025-04-28T12:22:50.778+0000] {processor.py:830} INFO - Processing file /home/airflow/.local/lib/python3.8/site-packages/airflow/example_dags/tutorial.py for tasks to queue
[2025-04-28T12:22:50.780+0000] {logging_mixin.py:188} INFO - [2025-04-28T12:22:50.780+0000] {dagbag.py:538} INFO - Filling up the DagBag from /home/airflow/.local/lib/python3.8/site-packages/airflow/example_dags/tutorial.py
[2025-04-28T12:22:50.797+0000] {processor.py:840} INFO - DAG(s) 'tutorial' retrieved from /home/airflow/.local/lib/python3.8/site-packages/airflow/example_dags/tutorial.py
[2025-04-28T12:22:50.858+0000] {logging_mixin.py:188} INFO - [2025-04-28T12:22:50.857+0000] {dag.py:3033} INFO - Sync 1 DAGs
[2025-04-28T12:22:50.911+0000] {logging_mixin.py:188} INFO - [2025-04-28T12:22:50.910+0000] {dag.py:3820} INFO - Setting next_dagrun for tutorial to 2025-04-27T00:00:00+00:00, run_after=2025-04-28T00:00:00+00:00
[2025-04-28T12:22:50.987+0000] {processor.py:183} INFO - Processing /home/airflow/.local/lib/python3.8/site-packages/airflow/example_dags/tutorial.py took 0.217 seconds
[2025-04-28T12:23:21.340+0000] {processor.py:161} INFO - Started process (PID=8937) to work on /home/airflow/.local/lib/python3.8/site-packages/airflow/example_dags/tutorial.py
[2025-04-28T12:23:21.341+0000] {processor.py:830} INFO - Processing file /home/airflow/.local/lib/python3.8/site-packages/airflow/example_dags/tutorial.py for tasks to queue
[2025-04-28T12:23:21.343+0000] {logging_mixin.py:188} INFO - [2025-04-28T12:23:21.343+0000] {dagbag.py:538} INFO - Filling up the DagBag from /home/airflow/.local/lib/python3.8/site-packages/airflow/example_dags/tutorial.py
[2025-04-28T12:23:21.357+0000] {processor.py:840} INFO - DAG(s) 'tutorial' retrieved from /home/airflow/.local/lib/python3.8/site-packages/airflow/example_dags/tutorial.py
[2025-04-28T12:23:21.390+0000] {logging_mixin.py:188} INFO - [2025-04-28T12:23:21.390+0000] {dag.py:3033} INFO - Sync 1 DAGs
[2025-04-28T12:23:21.437+0000] {logging_mixin.py:188} INFO - [2025-04-28T12:23:21.437+0000] {dag.py:3820} INFO - Setting next_dagrun for tutorial to 2025-04-27T00:00:00+00:00, run_after=2025-04-28T00:00:00+00:00
[2025-04-28T12:23:21.486+0000] {processor.py:183} INFO - Processing /home/airflow/.local/lib/python3.8/site-packages/airflow/example_dags/tutorial.py took 0.152 seconds
[2025-04-28T12:23:51.797+0000] {processor.py:161} INFO - Started process (PID=8992) to work on /home/airflow/.local/lib/python3.8/site-packages/airflow/example_dags/tutorial.py
[2025-04-28T12:23:51.799+0000] {processor.py:830} INFO - Processing file /home/airflow/.local/lib/python3.8/site-packages/airflow/example_dags/tutorial.py for tasks to queue
[2025-04-28T12:23:51.801+0000] {logging_mixin.py:188} INFO - [2025-04-28T12:23:51.800+0000] {dagbag.py:538} INFO - Filling up the DagBag from /home/airflow/.local/lib/python3.8/site-packages/airflow/example_dags/tutorial.py
[2025-04-28T12:23:51.816+0000] {processor.py:840} INFO - DAG(s) 'tutorial' retrieved from /home/airflow/.local/lib/python3.8/site-packages/airflow/example_dags/tutorial.py
[2025-04-28T12:23:51.858+0000] {logging_mixin.py:188} INFO - [2025-04-28T12:23:51.858+0000] {dag.py:3033} INFO - Sync 1 DAGs
[2025-04-28T12:23:51.905+0000] {logging_mixin.py:188} INFO - [2025-04-28T12:23:51.905+0000] {dag.py:3820} INFO - Setting next_dagrun for tutorial to 2025-04-27T00:00:00+00:00, run_after=2025-04-28T00:00:00+00:00
[2025-04-28T12:23:51.936+0000] {processor.py:183} INFO - Processing /home/airflow/.local/lib/python3.8/site-packages/airflow/example_dags/tutorial.py took 0.150 seconds
[2025-04-28T12:24:26.502+0000] {processor.py:161} INFO - Started process (PID=9048) to work on /home/airflow/.local/lib/python3.8/site-packages/airflow/example_dags/tutorial.py
[2025-04-28T12:24:26.503+0000] {processor.py:830} INFO - Processing file /home/airflow/.local/lib/python3.8/site-packages/airflow/example_dags/tutorial.py for tasks to queue
[2025-04-28T12:24:26.504+0000] {logging_mixin.py:188} INFO - [2025-04-28T12:24:26.504+0000] {dagbag.py:538} INFO - Filling up the DagBag from /home/airflow/.local/lib/python3.8/site-packages/airflow/example_dags/tutorial.py
[2025-04-28T12:24:26.514+0000] {processor.py:840} INFO - DAG(s) 'tutorial' retrieved from /home/airflow/.local/lib/python3.8/site-packages/airflow/example_dags/tutorial.py
[2025-04-28T12:24:26.546+0000] {logging_mixin.py:188} INFO - [2025-04-28T12:24:26.546+0000] {dag.py:3033} INFO - Sync 1 DAGs
[2025-04-28T12:24:26.591+0000] {logging_mixin.py:188} INFO - [2025-04-28T12:24:26.591+0000] {dag.py:3820} INFO - Setting next_dagrun for tutorial to 2025-04-27T00:00:00+00:00, run_after=2025-04-28T00:00:00+00:00
[2025-04-28T12:24:26.625+0000] {processor.py:183} INFO - Processing /home/airflow/.local/lib/python3.8/site-packages/airflow/example_dags/tutorial.py took 0.129 seconds
[2025-04-28T12:24:57.159+0000] {processor.py:161} INFO - Started process (PID=9105) to work on /home/airflow/.local/lib/python3.8/site-packages/airflow/example_dags/tutorial.py
[2025-04-28T12:24:57.162+0000] {processor.py:830} INFO - Processing file /home/airflow/.local/lib/python3.8/site-packages/airflow/example_dags/tutorial.py for tasks to queue
[2025-04-28T12:24:57.164+0000] {logging_mixin.py:188} INFO - [2025-04-28T12:24:57.163+0000] {dagbag.py:538} INFO - Filling up the DagBag from /home/airflow/.local/lib/python3.8/site-packages/airflow/example_dags/tutorial.py
[2025-04-28T12:24:57.180+0000] {processor.py:840} INFO - DAG(s) 'tutorial' retrieved from /home/airflow/.local/lib/python3.8/site-packages/airflow/example_dags/tutorial.py
[2025-04-28T12:24:57.246+0000] {logging_mixin.py:188} INFO - [2025-04-28T12:24:57.245+0000] {dag.py:3033} INFO - Sync 1 DAGs
[2025-04-28T12:24:57.374+0000] {logging_mixin.py:188} INFO - [2025-04-28T12:24:57.374+0000] {dag.py:3820} INFO - Setting next_dagrun for tutorial to 2025-04-27T00:00:00+00:00, run_after=2025-04-28T00:00:00+00:00
[2025-04-28T12:24:57.462+0000] {processor.py:183} INFO - Processing /home/airflow/.local/lib/python3.8/site-packages/airflow/example_dags/tutorial.py took 0.312 seconds
[2025-04-28T12:25:33.080+0000] {processor.py:161} INFO - Started process (PID=9162) to work on /home/airflow/.local/lib/python3.8/site-packages/airflow/example_dags/tutorial.py
[2025-04-28T12:25:33.082+0000] {processor.py:830} INFO - Processing file /home/airflow/.local/lib/python3.8/site-packages/airflow/example_dags/tutorial.py for tasks to queue
[2025-04-28T12:25:33.084+0000] {logging_mixin.py:188} INFO - [2025-04-28T12:25:33.084+0000] {dagbag.py:538} INFO - Filling up the DagBag from /home/airflow/.local/lib/python3.8/site-packages/airflow/example_dags/tutorial.py
[2025-04-28T12:25:33.100+0000] {processor.py:840} INFO - DAG(s) 'tutorial' retrieved from /home/airflow/.local/lib/python3.8/site-packages/airflow/example_dags/tutorial.py
[2025-04-28T12:25:33.152+0000] {logging_mixin.py:188} INFO - [2025-04-28T12:25:33.152+0000] {dag.py:3033} INFO - Sync 1 DAGs
[2025-04-28T12:25:33.190+0000] {logging_mixin.py:188} INFO - [2025-04-28T12:25:33.190+0000] {dag.py:3820} INFO - Setting next_dagrun for tutorial to 2025-04-27T00:00:00+00:00, run_after=2025-04-28T00:00:00+00:00
[2025-04-28T12:25:33.222+0000] {processor.py:183} INFO - Processing /home/airflow/.local/lib/python3.8/site-packages/airflow/example_dags/tutorial.py took 0.149 seconds
[2025-04-28T12:26:03.624+0000] {processor.py:161} INFO - Started process (PID=9218) to work on /home/airflow/.local/lib/python3.8/site-packages/airflow/example_dags/tutorial.py
[2025-04-28T12:26:03.626+0000] {processor.py:830} INFO - Processing file /home/airflow/.local/lib/python3.8/site-packages/airflow/example_dags/tutorial.py for tasks to queue
[2025-04-28T12:26:03.628+0000] {logging_mixin.py:188} INFO - [2025-04-28T12:26:03.627+0000] {dagbag.py:538} INFO - Filling up the DagBag from /home/airflow/.local/lib/python3.8/site-packages/airflow/example_dags/tutorial.py
[2025-04-28T12:26:03.640+0000] {processor.py:840} INFO - DAG(s) 'tutorial' retrieved from /home/airflow/.local/lib/python3.8/site-packages/airflow/example_dags/tutorial.py
[2025-04-28T12:26:03.676+0000] {logging_mixin.py:188} INFO - [2025-04-28T12:26:03.676+0000] {dag.py:3033} INFO - Sync 1 DAGs
[2025-04-28T12:26:03.719+0000] {logging_mixin.py:188} INFO - [2025-04-28T12:26:03.719+0000] {dag.py:3820} INFO - Setting next_dagrun for tutorial to 2025-04-27T00:00:00+00:00, run_after=2025-04-28T00:00:00+00:00
[2025-04-28T12:26:03.761+0000] {processor.py:183} INFO - Processing /home/airflow/.local/lib/python3.8/site-packages/airflow/example_dags/tutorial.py took 0.143 seconds
[2025-04-28T12:26:35.607+0000] {processor.py:161} INFO - Started process (PID=9274) to work on /home/airflow/.local/lib/python3.8/site-packages/airflow/example_dags/tutorial.py
[2025-04-28T12:26:35.611+0000] {processor.py:830} INFO - Processing file /home/airflow/.local/lib/python3.8/site-packages/airflow/example_dags/tutorial.py for tasks to queue
[2025-04-28T12:26:35.616+0000] {logging_mixin.py:188} INFO - [2025-04-28T12:26:35.615+0000] {dagbag.py:538} INFO - Filling up the DagBag from /home/airflow/.local/lib/python3.8/site-packages/airflow/example_dags/tutorial.py
[2025-04-28T12:26:35.640+0000] {processor.py:840} INFO - DAG(s) 'tutorial' retrieved from /home/airflow/.local/lib/python3.8/site-packages/airflow/example_dags/tutorial.py
[2025-04-28T12:26:35.699+0000] {logging_mixin.py:188} INFO - [2025-04-28T12:26:35.699+0000] {dag.py:3033} INFO - Sync 1 DAGs
[2025-04-28T12:26:35.786+0000] {logging_mixin.py:188} INFO - [2025-04-28T12:26:35.785+0000] {dag.py:3820} INFO - Setting next_dagrun for tutorial to 2025-04-27T00:00:00+00:00, run_after=2025-04-28T00:00:00+00:00
[2025-04-28T12:26:35.852+0000] {processor.py:183} INFO - Processing /home/airflow/.local/lib/python3.8/site-packages/airflow/example_dags/tutorial.py took 0.254 seconds
[2025-04-28T12:27:06.827+0000] {processor.py:161} INFO - Started process (PID=9330) to work on /home/airflow/.local/lib/python3.8/site-packages/airflow/example_dags/tutorial.py
[2025-04-28T12:27:06.829+0000] {processor.py:830} INFO - Processing file /home/airflow/.local/lib/python3.8/site-packages/airflow/example_dags/tutorial.py for tasks to queue
[2025-04-28T12:27:06.831+0000] {logging_mixin.py:188} INFO - [2025-04-28T12:27:06.831+0000] {dagbag.py:538} INFO - Filling up the DagBag from /home/airflow/.local/lib/python3.8/site-packages/airflow/example_dags/tutorial.py
[2025-04-28T12:27:06.855+0000] {processor.py:840} INFO - DAG(s) 'tutorial' retrieved from /home/airflow/.local/lib/python3.8/site-packages/airflow/example_dags/tutorial.py
[2025-04-28T12:27:06.907+0000] {logging_mixin.py:188} INFO - [2025-04-28T12:27:06.906+0000] {dag.py:3033} INFO - Sync 1 DAGs
[2025-04-28T12:27:06.957+0000] {logging_mixin.py:188} INFO - [2025-04-28T12:27:06.956+0000] {dag.py:3820} INFO - Setting next_dagrun for tutorial to 2025-04-27T00:00:00+00:00, run_after=2025-04-28T00:00:00+00:00
[2025-04-28T12:27:07.002+0000] {processor.py:183} INFO - Processing /home/airflow/.local/lib/python3.8/site-packages/airflow/example_dags/tutorial.py took 0.184 seconds
[2025-04-28T12:27:37.806+0000] {processor.py:161} INFO - Started process (PID=9387) to work on /home/airflow/.local/lib/python3.8/site-packages/airflow/example_dags/tutorial.py
[2025-04-28T12:27:37.808+0000] {processor.py:830} INFO - Processing file /home/airflow/.local/lib/python3.8/site-packages/airflow/example_dags/tutorial.py for tasks to queue
[2025-04-28T12:27:37.811+0000] {logging_mixin.py:188} INFO - [2025-04-28T12:27:37.810+0000] {dagbag.py:538} INFO - Filling up the DagBag from /home/airflow/.local/lib/python3.8/site-packages/airflow/example_dags/tutorial.py
[2025-04-28T12:27:37.829+0000] {processor.py:840} INFO - DAG(s) 'tutorial' retrieved from /home/airflow/.local/lib/python3.8/site-packages/airflow/example_dags/tutorial.py
[2025-04-28T12:27:37.890+0000] {logging_mixin.py:188} INFO - [2025-04-28T12:27:37.889+0000] {dag.py:3033} INFO - Sync 1 DAGs
[2025-04-28T12:27:37.953+0000] {logging_mixin.py:188} INFO - [2025-04-28T12:27:37.953+0000] {dag.py:3820} INFO - Setting next_dagrun for tutorial to 2025-04-27T00:00:00+00:00, run_after=2025-04-28T00:00:00+00:00
[2025-04-28T12:27:38.003+0000] {processor.py:183} INFO - Processing /home/airflow/.local/lib/python3.8/site-packages/airflow/example_dags/tutorial.py took 0.208 seconds
[2025-04-28T12:28:09.093+0000] {processor.py:161} INFO - Started process (PID=9443) to work on /home/airflow/.local/lib/python3.8/site-packages/airflow/example_dags/tutorial.py
[2025-04-28T12:28:09.098+0000] {processor.py:830} INFO - Processing file /home/airflow/.local/lib/python3.8/site-packages/airflow/example_dags/tutorial.py for tasks to queue
[2025-04-28T12:28:09.101+0000] {logging_mixin.py:188} INFO - [2025-04-28T12:28:09.100+0000] {dagbag.py:538} INFO - Filling up the DagBag from /home/airflow/.local/lib/python3.8/site-packages/airflow/example_dags/tutorial.py
[2025-04-28T12:28:09.123+0000] {processor.py:840} INFO - DAG(s) 'tutorial' retrieved from /home/airflow/.local/lib/python3.8/site-packages/airflow/example_dags/tutorial.py
[2025-04-28T12:28:09.238+0000] {logging_mixin.py:188} INFO - [2025-04-28T12:28:09.237+0000] {dag.py:3033} INFO - Sync 1 DAGs
[2025-04-28T12:28:09.327+0000] {logging_mixin.py:188} INFO - [2025-04-28T12:28:09.326+0000] {dag.py:3820} INFO - Setting next_dagrun for tutorial to 2025-04-27T00:00:00+00:00, run_after=2025-04-28T00:00:00+00:00
[2025-04-28T12:28:09.411+0000] {processor.py:183} INFO - Processing /home/airflow/.local/lib/python3.8/site-packages/airflow/example_dags/tutorial.py took 0.329 seconds
[2025-04-28T12:28:40.097+0000] {processor.py:161} INFO - Started process (PID=9498) to work on /home/airflow/.local/lib/python3.8/site-packages/airflow/example_dags/tutorial.py
[2025-04-28T12:28:40.100+0000] {processor.py:830} INFO - Processing file /home/airflow/.local/lib/python3.8/site-packages/airflow/example_dags/tutorial.py for tasks to queue
[2025-04-28T12:28:40.103+0000] {logging_mixin.py:188} INFO - [2025-04-28T12:28:40.102+0000] {dagbag.py:538} INFO - Filling up the DagBag from /home/airflow/.local/lib/python3.8/site-packages/airflow/example_dags/tutorial.py
[2025-04-28T12:28:40.120+0000] {processor.py:840} INFO - DAG(s) 'tutorial' retrieved from /home/airflow/.local/lib/python3.8/site-packages/airflow/example_dags/tutorial.py
[2025-04-28T12:28:40.172+0000] {logging_mixin.py:188} INFO - [2025-04-28T12:28:40.171+0000] {dag.py:3033} INFO - Sync 1 DAGs
[2025-04-28T12:28:40.233+0000] {logging_mixin.py:188} INFO - [2025-04-28T12:28:40.232+0000] {dag.py:3820} INFO - Setting next_dagrun for tutorial to 2025-04-27T00:00:00+00:00, run_after=2025-04-28T00:00:00+00:00
[2025-04-28T12:28:40.289+0000] {processor.py:183} INFO - Processing /home/airflow/.local/lib/python3.8/site-packages/airflow/example_dags/tutorial.py took 0.200 seconds
[2025-04-28T12:29:10.395+0000] {processor.py:161} INFO - Started process (PID=9554) to work on /home/airflow/.local/lib/python3.8/site-packages/airflow/example_dags/tutorial.py
[2025-04-28T12:29:10.398+0000] {processor.py:830} INFO - Processing file /home/airflow/.local/lib/python3.8/site-packages/airflow/example_dags/tutorial.py for tasks to queue
[2025-04-28T12:29:10.401+0000] {logging_mixin.py:188} INFO - [2025-04-28T12:29:10.400+0000] {dagbag.py:538} INFO - Filling up the DagBag from /home/airflow/.local/lib/python3.8/site-packages/airflow/example_dags/tutorial.py
[2025-04-28T12:29:10.419+0000] {processor.py:840} INFO - DAG(s) 'tutorial' retrieved from /home/airflow/.local/lib/python3.8/site-packages/airflow/example_dags/tutorial.py
[2025-04-28T12:29:10.467+0000] {logging_mixin.py:188} INFO - [2025-04-28T12:29:10.467+0000] {dag.py:3033} INFO - Sync 1 DAGs
[2025-04-28T12:29:10.514+0000] {logging_mixin.py:188} INFO - [2025-04-28T12:29:10.513+0000] {dag.py:3820} INFO - Setting next_dagrun for tutorial to 2025-04-27T00:00:00+00:00, run_after=2025-04-28T00:00:00+00:00
[2025-04-28T12:29:10.570+0000] {processor.py:183} INFO - Processing /home/airflow/.local/lib/python3.8/site-packages/airflow/example_dags/tutorial.py took 0.183 seconds
[2025-04-28T12:29:41.620+0000] {processor.py:161} INFO - Started process (PID=9609) to work on /home/airflow/.local/lib/python3.8/site-packages/airflow/example_dags/tutorial.py
[2025-04-28T12:29:41.622+0000] {processor.py:830} INFO - Processing file /home/airflow/.local/lib/python3.8/site-packages/airflow/example_dags/tutorial.py for tasks to queue
[2025-04-28T12:29:41.625+0000] {logging_mixin.py:188} INFO - [2025-04-28T12:29:41.624+0000] {dagbag.py:538} INFO - Filling up the DagBag from /home/airflow/.local/lib/python3.8/site-packages/airflow/example_dags/tutorial.py
[2025-04-28T12:29:41.642+0000] {processor.py:840} INFO - DAG(s) 'tutorial' retrieved from /home/airflow/.local/lib/python3.8/site-packages/airflow/example_dags/tutorial.py
[2025-04-28T12:29:41.693+0000] {logging_mixin.py:188} INFO - [2025-04-28T12:29:41.693+0000] {dag.py:3033} INFO - Sync 1 DAGs
[2025-04-28T12:29:41.757+0000] {logging_mixin.py:188} INFO - [2025-04-28T12:29:41.756+0000] {dag.py:3820} INFO - Setting next_dagrun for tutorial to 2025-04-27T00:00:00+00:00, run_after=2025-04-28T00:00:00+00:00
[2025-04-28T12:29:41.816+0000] {processor.py:183} INFO - Processing /home/airflow/.local/lib/python3.8/site-packages/airflow/example_dags/tutorial.py took 0.206 seconds
[2025-04-28T12:30:13.128+0000] {processor.py:161} INFO - Started process (PID=9667) to work on /home/airflow/.local/lib/python3.8/site-packages/airflow/example_dags/tutorial.py
[2025-04-28T12:30:13.130+0000] {processor.py:830} INFO - Processing file /home/airflow/.local/lib/python3.8/site-packages/airflow/example_dags/tutorial.py for tasks to queue
[2025-04-28T12:30:13.133+0000] {logging_mixin.py:188} INFO - [2025-04-28T12:30:13.132+0000] {dagbag.py:538} INFO - Filling up the DagBag from /home/airflow/.local/lib/python3.8/site-packages/airflow/example_dags/tutorial.py
[2025-04-28T12:30:13.150+0000] {processor.py:840} INFO - DAG(s) 'tutorial' retrieved from /home/airflow/.local/lib/python3.8/site-packages/airflow/example_dags/tutorial.py
[2025-04-28T12:30:13.197+0000] {logging_mixin.py:188} INFO - [2025-04-28T12:30:13.197+0000] {dag.py:3033} INFO - Sync 1 DAGs
[2025-04-28T12:30:13.252+0000] {logging_mixin.py:188} INFO - [2025-04-28T12:30:13.252+0000] {dag.py:3820} INFO - Setting next_dagrun for tutorial to 2025-04-27T00:00:00+00:00, run_after=2025-04-28T00:00:00+00:00
[2025-04-28T12:30:13.315+0000] {processor.py:183} INFO - Processing /home/airflow/.local/lib/python3.8/site-packages/airflow/example_dags/tutorial.py took 0.195 seconds
[2025-04-28T12:30:44.284+0000] {processor.py:161} INFO - Started process (PID=9728) to work on /home/airflow/.local/lib/python3.8/site-packages/airflow/example_dags/tutorial.py
[2025-04-28T12:30:44.286+0000] {processor.py:830} INFO - Processing file /home/airflow/.local/lib/python3.8/site-packages/airflow/example_dags/tutorial.py for tasks to queue
[2025-04-28T12:30:44.289+0000] {logging_mixin.py:188} INFO - [2025-04-28T12:30:44.288+0000] {dagbag.py:538} INFO - Filling up the DagBag from /home/airflow/.local/lib/python3.8/site-packages/airflow/example_dags/tutorial.py
[2025-04-28T12:30:44.334+0000] {processor.py:840} INFO - DAG(s) 'tutorial' retrieved from /home/airflow/.local/lib/python3.8/site-packages/airflow/example_dags/tutorial.py
[2025-04-28T12:30:44.408+0000] {logging_mixin.py:188} INFO - [2025-04-28T12:30:44.408+0000] {dag.py:3033} INFO - Sync 1 DAGs
[2025-04-28T12:30:44.483+0000] {logging_mixin.py:188} INFO - [2025-04-28T12:30:44.483+0000] {dag.py:3820} INFO - Setting next_dagrun for tutorial to 2025-04-27T00:00:00+00:00, run_after=2025-04-28T00:00:00+00:00
[2025-04-28T12:30:44.566+0000] {processor.py:183} INFO - Processing /home/airflow/.local/lib/python3.8/site-packages/airflow/example_dags/tutorial.py took 0.300 seconds
[2025-04-28T12:31:16.298+0000] {processor.py:161} INFO - Started process (PID=9785) to work on /home/airflow/.local/lib/python3.8/site-packages/airflow/example_dags/tutorial.py
[2025-04-28T12:31:16.300+0000] {processor.py:830} INFO - Processing file /home/airflow/.local/lib/python3.8/site-packages/airflow/example_dags/tutorial.py for tasks to queue
[2025-04-28T12:31:16.303+0000] {logging_mixin.py:188} INFO - [2025-04-28T12:31:16.302+0000] {dagbag.py:538} INFO - Filling up the DagBag from /home/airflow/.local/lib/python3.8/site-packages/airflow/example_dags/tutorial.py
[2025-04-28T12:31:16.339+0000] {processor.py:840} INFO - DAG(s) 'tutorial' retrieved from /home/airflow/.local/lib/python3.8/site-packages/airflow/example_dags/tutorial.py
[2025-04-28T12:31:16.454+0000] {logging_mixin.py:188} INFO - [2025-04-28T12:31:16.452+0000] {dag.py:3033} INFO - Sync 1 DAGs
[2025-04-28T12:31:16.578+0000] {logging_mixin.py:188} INFO - [2025-04-28T12:31:16.578+0000] {dag.py:3820} INFO - Setting next_dagrun for tutorial to 2025-04-27T00:00:00+00:00, run_after=2025-04-28T00:00:00+00:00
[2025-04-28T12:31:16.639+0000] {processor.py:183} INFO - Processing /home/airflow/.local/lib/python3.8/site-packages/airflow/example_dags/tutorial.py took 0.357 seconds
[2025-04-28T12:31:47.832+0000] {processor.py:161} INFO - Started process (PID=9842) to work on /home/airflow/.local/lib/python3.8/site-packages/airflow/example_dags/tutorial.py
[2025-04-28T12:31:47.834+0000] {processor.py:830} INFO - Processing file /home/airflow/.local/lib/python3.8/site-packages/airflow/example_dags/tutorial.py for tasks to queue
[2025-04-28T12:31:47.837+0000] {logging_mixin.py:188} INFO - [2025-04-28T12:31:47.836+0000] {dagbag.py:538} INFO - Filling up the DagBag from /home/airflow/.local/lib/python3.8/site-packages/airflow/example_dags/tutorial.py
[2025-04-28T12:31:47.851+0000] {processor.py:840} INFO - DAG(s) 'tutorial' retrieved from /home/airflow/.local/lib/python3.8/site-packages/airflow/example_dags/tutorial.py
[2025-04-28T12:31:47.889+0000] {logging_mixin.py:188} INFO - [2025-04-28T12:31:47.888+0000] {dag.py:3033} INFO - Sync 1 DAGs
[2025-04-28T12:31:47.944+0000] {logging_mixin.py:188} INFO - [2025-04-28T12:31:47.943+0000] {dag.py:3820} INFO - Setting next_dagrun for tutorial to 2025-04-27T00:00:00+00:00, run_after=2025-04-28T00:00:00+00:00
[2025-04-28T12:31:48.021+0000] {processor.py:183} INFO - Processing /home/airflow/.local/lib/python3.8/site-packages/airflow/example_dags/tutorial.py took 0.194 seconds
[2025-04-28T12:32:18.160+0000] {processor.py:161} INFO - Started process (PID=9898) to work on /home/airflow/.local/lib/python3.8/site-packages/airflow/example_dags/tutorial.py
[2025-04-28T12:32:18.161+0000] {processor.py:830} INFO - Processing file /home/airflow/.local/lib/python3.8/site-packages/airflow/example_dags/tutorial.py for tasks to queue
[2025-04-28T12:32:18.163+0000] {logging_mixin.py:188} INFO - [2025-04-28T12:32:18.163+0000] {dagbag.py:538} INFO - Filling up the DagBag from /home/airflow/.local/lib/python3.8/site-packages/airflow/example_dags/tutorial.py
[2025-04-28T12:32:18.172+0000] {processor.py:840} INFO - DAG(s) 'tutorial' retrieved from /home/airflow/.local/lib/python3.8/site-packages/airflow/example_dags/tutorial.py
[2025-04-28T12:32:18.202+0000] {logging_mixin.py:188} INFO - [2025-04-28T12:32:18.201+0000] {dag.py:3033} INFO - Sync 1 DAGs
[2025-04-28T12:32:18.236+0000] {logging_mixin.py:188} INFO - [2025-04-28T12:32:18.236+0000] {dag.py:3820} INFO - Setting next_dagrun for tutorial to 2025-04-27T00:00:00+00:00, run_after=2025-04-28T00:00:00+00:00
[2025-04-28T12:32:18.273+0000] {processor.py:183} INFO - Processing /home/airflow/.local/lib/python3.8/site-packages/airflow/example_dags/tutorial.py took 0.118 seconds
[2025-04-28T12:32:48.795+0000] {processor.py:161} INFO - Started process (PID=9954) to work on /home/airflow/.local/lib/python3.8/site-packages/airflow/example_dags/tutorial.py
[2025-04-28T12:32:48.798+0000] {processor.py:830} INFO - Processing file /home/airflow/.local/lib/python3.8/site-packages/airflow/example_dags/tutorial.py for tasks to queue
[2025-04-28T12:32:48.800+0000] {logging_mixin.py:188} INFO - [2025-04-28T12:32:48.799+0000] {dagbag.py:538} INFO - Filling up the DagBag from /home/airflow/.local/lib/python3.8/site-packages/airflow/example_dags/tutorial.py
[2025-04-28T12:32:48.817+0000] {processor.py:840} INFO - DAG(s) 'tutorial' retrieved from /home/airflow/.local/lib/python3.8/site-packages/airflow/example_dags/tutorial.py
[2025-04-28T12:32:48.859+0000] {logging_mixin.py:188} INFO - [2025-04-28T12:32:48.859+0000] {dag.py:3033} INFO - Sync 1 DAGs
[2025-04-28T12:32:48.915+0000] {logging_mixin.py:188} INFO - [2025-04-28T12:32:48.914+0000] {dag.py:3820} INFO - Setting next_dagrun for tutorial to 2025-04-27T00:00:00+00:00, run_after=2025-04-28T00:00:00+00:00
[2025-04-28T12:32:48.971+0000] {processor.py:183} INFO - Processing /home/airflow/.local/lib/python3.8/site-packages/airflow/example_dags/tutorial.py took 0.190 seconds
[2025-04-28T12:33:19.396+0000] {processor.py:161} INFO - Started process (PID=10009) to work on /home/airflow/.local/lib/python3.8/site-packages/airflow/example_dags/tutorial.py
[2025-04-28T12:33:19.398+0000] {processor.py:830} INFO - Processing file /home/airflow/.local/lib/python3.8/site-packages/airflow/example_dags/tutorial.py for tasks to queue
[2025-04-28T12:33:19.401+0000] {logging_mixin.py:188} INFO - [2025-04-28T12:33:19.400+0000] {dagbag.py:538} INFO - Filling up the DagBag from /home/airflow/.local/lib/python3.8/site-packages/airflow/example_dags/tutorial.py
[2025-04-28T12:33:19.420+0000] {processor.py:840} INFO - DAG(s) 'tutorial' retrieved from /home/airflow/.local/lib/python3.8/site-packages/airflow/example_dags/tutorial.py
[2025-04-28T12:33:19.476+0000] {logging_mixin.py:188} INFO - [2025-04-28T12:33:19.476+0000] {dag.py:3033} INFO - Sync 1 DAGs
[2025-04-28T12:33:19.535+0000] {logging_mixin.py:188} INFO - [2025-04-28T12:33:19.535+0000] {dag.py:3820} INFO - Setting next_dagrun for tutorial to 2025-04-27T00:00:00+00:00, run_after=2025-04-28T00:00:00+00:00
[2025-04-28T12:33:19.587+0000] {processor.py:183} INFO - Processing /home/airflow/.local/lib/python3.8/site-packages/airflow/example_dags/tutorial.py took 0.199 seconds
[2025-04-28T12:33:50.426+0000] {processor.py:161} INFO - Started process (PID=10065) to work on /home/airflow/.local/lib/python3.8/site-packages/airflow/example_dags/tutorial.py
[2025-04-28T12:33:50.428+0000] {processor.py:830} INFO - Processing file /home/airflow/.local/lib/python3.8/site-packages/airflow/example_dags/tutorial.py for tasks to queue
[2025-04-28T12:33:50.430+0000] {logging_mixin.py:188} INFO - [2025-04-28T12:33:50.429+0000] {dagbag.py:538} INFO - Filling up the DagBag from /home/airflow/.local/lib/python3.8/site-packages/airflow/example_dags/tutorial.py
[2025-04-28T12:33:50.443+0000] {processor.py:840} INFO - DAG(s) 'tutorial' retrieved from /home/airflow/.local/lib/python3.8/site-packages/airflow/example_dags/tutorial.py
[2025-04-28T12:33:50.486+0000] {logging_mixin.py:188} INFO - [2025-04-28T12:33:50.485+0000] {dag.py:3033} INFO - Sync 1 DAGs
[2025-04-28T12:33:50.528+0000] {logging_mixin.py:188} INFO - [2025-04-28T12:33:50.528+0000] {dag.py:3820} INFO - Setting next_dagrun for tutorial to 2025-04-27T00:00:00+00:00, run_after=2025-04-28T00:00:00+00:00
[2025-04-28T12:33:50.576+0000] {processor.py:183} INFO - Processing /home/airflow/.local/lib/python3.8/site-packages/airflow/example_dags/tutorial.py took 0.157 seconds
[2025-04-28T12:34:22.599+0000] {processor.py:161} INFO - Started process (PID=10122) to work on /home/airflow/.local/lib/python3.8/site-packages/airflow/example_dags/tutorial.py
[2025-04-28T12:34:22.602+0000] {processor.py:830} INFO - Processing file /home/airflow/.local/lib/python3.8/site-packages/airflow/example_dags/tutorial.py for tasks to queue
[2025-04-28T12:34:22.605+0000] {logging_mixin.py:188} INFO - [2025-04-28T12:34:22.604+0000] {dagbag.py:538} INFO - Filling up the DagBag from /home/airflow/.local/lib/python3.8/site-packages/airflow/example_dags/tutorial.py
[2025-04-28T12:34:22.625+0000] {processor.py:840} INFO - DAG(s) 'tutorial' retrieved from /home/airflow/.local/lib/python3.8/site-packages/airflow/example_dags/tutorial.py
[2025-04-28T12:34:22.687+0000] {logging_mixin.py:188} INFO - [2025-04-28T12:34:22.687+0000] {dag.py:3033} INFO - Sync 1 DAGs
[2025-04-28T12:34:22.833+0000] {logging_mixin.py:188} INFO - [2025-04-28T12:34:22.832+0000] {dag.py:3820} INFO - Setting next_dagrun for tutorial to 2025-04-27T00:00:00+00:00, run_after=2025-04-28T00:00:00+00:00
[2025-04-28T12:34:22.988+0000] {processor.py:183} INFO - Processing /home/airflow/.local/lib/python3.8/site-packages/airflow/example_dags/tutorial.py took 0.401 seconds
[2025-04-28T12:34:53.835+0000] {processor.py:161} INFO - Started process (PID=10177) to work on /home/airflow/.local/lib/python3.8/site-packages/airflow/example_dags/tutorial.py
[2025-04-28T12:34:53.838+0000] {processor.py:830} INFO - Processing file /home/airflow/.local/lib/python3.8/site-packages/airflow/example_dags/tutorial.py for tasks to queue
[2025-04-28T12:34:53.841+0000] {logging_mixin.py:188} INFO - [2025-04-28T12:34:53.841+0000] {dagbag.py:538} INFO - Filling up the DagBag from /home/airflow/.local/lib/python3.8/site-packages/airflow/example_dags/tutorial.py
[2025-04-28T12:34:53.863+0000] {processor.py:840} INFO - DAG(s) 'tutorial' retrieved from /home/airflow/.local/lib/python3.8/site-packages/airflow/example_dags/tutorial.py
[2025-04-28T12:34:53.978+0000] {logging_mixin.py:188} INFO - [2025-04-28T12:34:53.977+0000] {dag.py:3033} INFO - Sync 1 DAGs
[2025-04-28T12:34:54.059+0000] {logging_mixin.py:188} INFO - [2025-04-28T12:34:54.058+0000] {dag.py:3820} INFO - Setting next_dagrun for tutorial to 2025-04-27T00:00:00+00:00, run_after=2025-04-28T00:00:00+00:00
[2025-04-28T12:34:54.575+0000] {processor.py:183} INFO - Processing /home/airflow/.local/lib/python3.8/site-packages/airflow/example_dags/tutorial.py took 0.751 seconds
[2025-04-28T12:35:25.428+0000] {processor.py:161} INFO - Started process (PID=10233) to work on /home/airflow/.local/lib/python3.8/site-packages/airflow/example_dags/tutorial.py
[2025-04-28T12:35:25.436+0000] {processor.py:830} INFO - Processing file /home/airflow/.local/lib/python3.8/site-packages/airflow/example_dags/tutorial.py for tasks to queue
[2025-04-28T12:35:25.443+0000] {logging_mixin.py:188} INFO - [2025-04-28T12:35:25.440+0000] {dagbag.py:538} INFO - Filling up the DagBag from /home/airflow/.local/lib/python3.8/site-packages/airflow/example_dags/tutorial.py
[2025-04-28T12:35:25.472+0000] {processor.py:840} INFO - DAG(s) 'tutorial' retrieved from /home/airflow/.local/lib/python3.8/site-packages/airflow/example_dags/tutorial.py
[2025-04-28T12:35:25.537+0000] {logging_mixin.py:188} INFO - [2025-04-28T12:35:25.537+0000] {dag.py:3033} INFO - Sync 1 DAGs
[2025-04-28T12:35:25.652+0000] {logging_mixin.py:188} INFO - [2025-04-28T12:35:25.652+0000] {dag.py:3820} INFO - Setting next_dagrun for tutorial to 2025-04-27T00:00:00+00:00, run_after=2025-04-28T00:00:00+00:00
[2025-04-28T12:35:25.729+0000] {processor.py:183} INFO - Processing /home/airflow/.local/lib/python3.8/site-packages/airflow/example_dags/tutorial.py took 0.315 seconds
[2025-04-28T12:35:57.313+0000] {processor.py:161} INFO - Started process (PID=10291) to work on /home/airflow/.local/lib/python3.8/site-packages/airflow/example_dags/tutorial.py
[2025-04-28T12:35:57.318+0000] {processor.py:830} INFO - Processing file /home/airflow/.local/lib/python3.8/site-packages/airflow/example_dags/tutorial.py for tasks to queue
[2025-04-28T12:35:57.323+0000] {logging_mixin.py:188} INFO - [2025-04-28T12:35:57.322+0000] {dagbag.py:538} INFO - Filling up the DagBag from /home/airflow/.local/lib/python3.8/site-packages/airflow/example_dags/tutorial.py
[2025-04-28T12:35:57.353+0000] {processor.py:840} INFO - DAG(s) 'tutorial' retrieved from /home/airflow/.local/lib/python3.8/site-packages/airflow/example_dags/tutorial.py
[2025-04-28T12:35:57.412+0000] {logging_mixin.py:188} INFO - [2025-04-28T12:35:57.411+0000] {dag.py:3033} INFO - Sync 1 DAGs
[2025-04-28T12:35:57.468+0000] {logging_mixin.py:188} INFO - [2025-04-28T12:35:57.468+0000] {dag.py:3820} INFO - Setting next_dagrun for tutorial to 2025-04-27T00:00:00+00:00, run_after=2025-04-28T00:00:00+00:00
[2025-04-28T12:35:57.529+0000] {processor.py:183} INFO - Processing /home/airflow/.local/lib/python3.8/site-packages/airflow/example_dags/tutorial.py took 0.235 seconds
[2025-04-28T12:36:28.457+0000] {processor.py:161} INFO - Started process (PID=10349) to work on /home/airflow/.local/lib/python3.8/site-packages/airflow/example_dags/tutorial.py
[2025-04-28T12:36:28.459+0000] {processor.py:830} INFO - Processing file /home/airflow/.local/lib/python3.8/site-packages/airflow/example_dags/tutorial.py for tasks to queue
[2025-04-28T12:36:28.462+0000] {logging_mixin.py:188} INFO - [2025-04-28T12:36:28.461+0000] {dagbag.py:538} INFO - Filling up the DagBag from /home/airflow/.local/lib/python3.8/site-packages/airflow/example_dags/tutorial.py
[2025-04-28T12:36:28.481+0000] {processor.py:840} INFO - DAG(s) 'tutorial' retrieved from /home/airflow/.local/lib/python3.8/site-packages/airflow/example_dags/tutorial.py
[2025-04-28T12:36:28.528+0000] {logging_mixin.py:188} INFO - [2025-04-28T12:36:28.528+0000] {dag.py:3033} INFO - Sync 1 DAGs
[2025-04-28T12:36:28.582+0000] {logging_mixin.py:188} INFO - [2025-04-28T12:36:28.581+0000] {dag.py:3820} INFO - Setting next_dagrun for tutorial to 2025-04-27T00:00:00+00:00, run_after=2025-04-28T00:00:00+00:00
[2025-04-28T12:36:28.627+0000] {processor.py:183} INFO - Processing /home/airflow/.local/lib/python3.8/site-packages/airflow/example_dags/tutorial.py took 0.179 seconds
[2025-04-28T12:37:00.926+0000] {processor.py:161} INFO - Started process (PID=10407) to work on /home/airflow/.local/lib/python3.8/site-packages/airflow/example_dags/tutorial.py
[2025-04-28T12:37:00.928+0000] {processor.py:830} INFO - Processing file /home/airflow/.local/lib/python3.8/site-packages/airflow/example_dags/tutorial.py for tasks to queue
[2025-04-28T12:37:00.930+0000] {logging_mixin.py:188} INFO - [2025-04-28T12:37:00.930+0000] {dagbag.py:538} INFO - Filling up the DagBag from /home/airflow/.local/lib/python3.8/site-packages/airflow/example_dags/tutorial.py
[2025-04-28T12:37:00.947+0000] {processor.py:840} INFO - DAG(s) 'tutorial' retrieved from /home/airflow/.local/lib/python3.8/site-packages/airflow/example_dags/tutorial.py
[2025-04-28T12:37:01.002+0000] {logging_mixin.py:188} INFO - [2025-04-28T12:37:01.002+0000] {dag.py:3033} INFO - Sync 1 DAGs
[2025-04-28T12:37:01.067+0000] {logging_mixin.py:188} INFO - [2025-04-28T12:37:01.067+0000] {dag.py:3820} INFO - Setting next_dagrun for tutorial to 2025-04-27T00:00:00+00:00, run_after=2025-04-28T00:00:00+00:00
[2025-04-28T12:37:01.125+0000] {processor.py:183} INFO - Processing /home/airflow/.local/lib/python3.8/site-packages/airflow/example_dags/tutorial.py took 0.209 seconds
[2025-04-28T12:37:33.687+0000] {processor.py:161} INFO - Started process (PID=10464) to work on /home/airflow/.local/lib/python3.8/site-packages/airflow/example_dags/tutorial.py
[2025-04-28T12:37:33.689+0000] {processor.py:830} INFO - Processing file /home/airflow/.local/lib/python3.8/site-packages/airflow/example_dags/tutorial.py for tasks to queue
[2025-04-28T12:37:33.692+0000] {logging_mixin.py:188} INFO - [2025-04-28T12:37:33.691+0000] {dagbag.py:538} INFO - Filling up the DagBag from /home/airflow/.local/lib/python3.8/site-packages/airflow/example_dags/tutorial.py
[2025-04-28T12:37:33.712+0000] {processor.py:840} INFO - DAG(s) 'tutorial' retrieved from /home/airflow/.local/lib/python3.8/site-packages/airflow/example_dags/tutorial.py
[2025-04-28T12:37:33.769+0000] {logging_mixin.py:188} INFO - [2025-04-28T12:37:33.769+0000] {dag.py:3033} INFO - Sync 1 DAGs
[2025-04-28T12:37:34.082+0000] {logging_mixin.py:188} INFO - [2025-04-28T12:37:34.082+0000] {dag.py:3820} INFO - Setting next_dagrun for tutorial to 2025-04-27T00:00:00+00:00, run_after=2025-04-28T00:00:00+00:00
[2025-04-28T12:37:34.139+0000] {processor.py:183} INFO - Processing /home/airflow/.local/lib/python3.8/site-packages/airflow/example_dags/tutorial.py took 0.461 seconds
[2025-04-28T12:38:04.294+0000] {processor.py:161} INFO - Started process (PID=10520) to work on /home/airflow/.local/lib/python3.8/site-packages/airflow/example_dags/tutorial.py
[2025-04-28T12:38:04.297+0000] {processor.py:830} INFO - Processing file /home/airflow/.local/lib/python3.8/site-packages/airflow/example_dags/tutorial.py for tasks to queue
[2025-04-28T12:38:04.299+0000] {logging_mixin.py:188} INFO - [2025-04-28T12:38:04.298+0000] {dagbag.py:538} INFO - Filling up the DagBag from /home/airflow/.local/lib/python3.8/site-packages/airflow/example_dags/tutorial.py
[2025-04-28T12:38:04.315+0000] {processor.py:840} INFO - DAG(s) 'tutorial' retrieved from /home/airflow/.local/lib/python3.8/site-packages/airflow/example_dags/tutorial.py
[2025-04-28T12:38:04.366+0000] {logging_mixin.py:188} INFO - [2025-04-28T12:38:04.366+0000] {dag.py:3033} INFO - Sync 1 DAGs
[2025-04-28T12:38:04.415+0000] {logging_mixin.py:188} INFO - [2025-04-28T12:38:04.415+0000] {dag.py:3820} INFO - Setting next_dagrun for tutorial to 2025-04-27T00:00:00+00:00, run_after=2025-04-28T00:00:00+00:00
[2025-04-28T12:38:04.467+0000] {processor.py:183} INFO - Processing /home/airflow/.local/lib/python3.8/site-packages/airflow/example_dags/tutorial.py took 0.184 seconds
[2025-04-28T12:38:34.933+0000] {processor.py:161} INFO - Started process (PID=10577) to work on /home/airflow/.local/lib/python3.8/site-packages/airflow/example_dags/tutorial.py
[2025-04-28T12:38:34.941+0000] {processor.py:830} INFO - Processing file /home/airflow/.local/lib/python3.8/site-packages/airflow/example_dags/tutorial.py for tasks to queue
[2025-04-28T12:38:34.952+0000] {logging_mixin.py:188} INFO - [2025-04-28T12:38:34.951+0000] {dagbag.py:538} INFO - Filling up the DagBag from /home/airflow/.local/lib/python3.8/site-packages/airflow/example_dags/tutorial.py
[2025-04-28T12:38:34.990+0000] {processor.py:840} INFO - DAG(s) 'tutorial' retrieved from /home/airflow/.local/lib/python3.8/site-packages/airflow/example_dags/tutorial.py
[2025-04-28T12:38:35.110+0000] {logging_mixin.py:188} INFO - [2025-04-28T12:38:35.109+0000] {dag.py:3033} INFO - Sync 1 DAGs
[2025-04-28T12:38:35.234+0000] {logging_mixin.py:188} INFO - [2025-04-28T12:38:35.234+0000] {dag.py:3820} INFO - Setting next_dagrun for tutorial to 2025-04-27T00:00:00+00:00, run_after=2025-04-28T00:00:00+00:00
[2025-04-28T12:38:35.379+0000] {processor.py:183} INFO - Processing /home/airflow/.local/lib/python3.8/site-packages/airflow/example_dags/tutorial.py took 0.464 seconds
[2025-04-28T12:39:07.717+0000] {processor.py:161} INFO - Started process (PID=10634) to work on /home/airflow/.local/lib/python3.8/site-packages/airflow/example_dags/tutorial.py
[2025-04-28T12:39:07.719+0000] {processor.py:830} INFO - Processing file /home/airflow/.local/lib/python3.8/site-packages/airflow/example_dags/tutorial.py for tasks to queue
[2025-04-28T12:39:07.721+0000] {logging_mixin.py:188} INFO - [2025-04-28T12:39:07.721+0000] {dagbag.py:538} INFO - Filling up the DagBag from /home/airflow/.local/lib/python3.8/site-packages/airflow/example_dags/tutorial.py
[2025-04-28T12:39:07.747+0000] {processor.py:840} INFO - DAG(s) 'tutorial' retrieved from /home/airflow/.local/lib/python3.8/site-packages/airflow/example_dags/tutorial.py
[2025-04-28T12:39:07.992+0000] {logging_mixin.py:188} INFO - [2025-04-28T12:39:07.992+0000] {dag.py:3033} INFO - Sync 1 DAGs
[2025-04-28T12:39:08.215+0000] {logging_mixin.py:188} INFO - [2025-04-28T12:39:08.214+0000] {dag.py:3820} INFO - Setting next_dagrun for tutorial to 2025-04-27T00:00:00+00:00, run_after=2025-04-28T00:00:00+00:00
[2025-04-28T12:39:08.343+0000] {processor.py:183} INFO - Processing /home/airflow/.local/lib/python3.8/site-packages/airflow/example_dags/tutorial.py took 0.635 seconds
[2025-04-28T12:39:39.215+0000] {processor.py:161} INFO - Started process (PID=10690) to work on /home/airflow/.local/lib/python3.8/site-packages/airflow/example_dags/tutorial.py
[2025-04-28T12:39:39.217+0000] {processor.py:830} INFO - Processing file /home/airflow/.local/lib/python3.8/site-packages/airflow/example_dags/tutorial.py for tasks to queue
[2025-04-28T12:39:39.219+0000] {logging_mixin.py:188} INFO - [2025-04-28T12:39:39.219+0000] {dagbag.py:538} INFO - Filling up the DagBag from /home/airflow/.local/lib/python3.8/site-packages/airflow/example_dags/tutorial.py
[2025-04-28T12:39:39.238+0000] {processor.py:840} INFO - DAG(s) 'tutorial' retrieved from /home/airflow/.local/lib/python3.8/site-packages/airflow/example_dags/tutorial.py
[2025-04-28T12:39:39.282+0000] {logging_mixin.py:188} INFO - [2025-04-28T12:39:39.282+0000] {dag.py:3033} INFO - Sync 1 DAGs
[2025-04-28T12:39:39.329+0000] {logging_mixin.py:188} INFO - [2025-04-28T12:39:39.329+0000] {dag.py:3820} INFO - Setting next_dagrun for tutorial to 2025-04-27T00:00:00+00:00, run_after=2025-04-28T00:00:00+00:00
[2025-04-28T12:39:39.386+0000] {processor.py:183} INFO - Processing /home/airflow/.local/lib/python3.8/site-packages/airflow/example_dags/tutorial.py took 0.180 seconds
[2025-04-28T12:40:10.221+0000] {processor.py:161} INFO - Started process (PID=10747) to work on /home/airflow/.local/lib/python3.8/site-packages/airflow/example_dags/tutorial.py
[2025-04-28T12:40:10.226+0000] {processor.py:830} INFO - Processing file /home/airflow/.local/lib/python3.8/site-packages/airflow/example_dags/tutorial.py for tasks to queue
[2025-04-28T12:40:10.231+0000] {logging_mixin.py:188} INFO - [2025-04-28T12:40:10.230+0000] {dagbag.py:538} INFO - Filling up the DagBag from /home/airflow/.local/lib/python3.8/site-packages/airflow/example_dags/tutorial.py
[2025-04-28T12:40:10.263+0000] {processor.py:840} INFO - DAG(s) 'tutorial' retrieved from /home/airflow/.local/lib/python3.8/site-packages/airflow/example_dags/tutorial.py
[2025-04-28T12:40:10.325+0000] {logging_mixin.py:188} INFO - [2025-04-28T12:40:10.324+0000] {dag.py:3033} INFO - Sync 1 DAGs
[2025-04-28T12:40:10.390+0000] {logging_mixin.py:188} INFO - [2025-04-28T12:40:10.390+0000] {dag.py:3820} INFO - Setting next_dagrun for tutorial to 2025-04-27T00:00:00+00:00, run_after=2025-04-28T00:00:00+00:00
[2025-04-28T12:40:10.442+0000] {processor.py:183} INFO - Processing /home/airflow/.local/lib/python3.8/site-packages/airflow/example_dags/tutorial.py took 0.242 seconds
[2025-04-28T12:40:40.591+0000] {processor.py:161} INFO - Started process (PID=10803) to work on /home/airflow/.local/lib/python3.8/site-packages/airflow/example_dags/tutorial.py
[2025-04-28T12:40:40.593+0000] {processor.py:830} INFO - Processing file /home/airflow/.local/lib/python3.8/site-packages/airflow/example_dags/tutorial.py for tasks to queue
[2025-04-28T12:40:40.595+0000] {logging_mixin.py:188} INFO - [2025-04-28T12:40:40.595+0000] {dagbag.py:538} INFO - Filling up the DagBag from /home/airflow/.local/lib/python3.8/site-packages/airflow/example_dags/tutorial.py
[2025-04-28T12:40:40.611+0000] {processor.py:840} INFO - DAG(s) 'tutorial' retrieved from /home/airflow/.local/lib/python3.8/site-packages/airflow/example_dags/tutorial.py
[2025-04-28T12:40:40.656+0000] {logging_mixin.py:188} INFO - [2025-04-28T12:40:40.655+0000] {dag.py:3033} INFO - Sync 1 DAGs
[2025-04-28T12:40:40.714+0000] {logging_mixin.py:188} INFO - [2025-04-28T12:40:40.714+0000] {dag.py:3820} INFO - Setting next_dagrun for tutorial to 2025-04-27T00:00:00+00:00, run_after=2025-04-28T00:00:00+00:00
[2025-04-28T12:40:40.762+0000] {processor.py:183} INFO - Processing /home/airflow/.local/lib/python3.8/site-packages/airflow/example_dags/tutorial.py took 0.183 seconds
[2025-04-28T12:41:12.979+0000] {processor.py:161} INFO - Started process (PID=10859) to work on /home/airflow/.local/lib/python3.8/site-packages/airflow/example_dags/tutorial.py
[2025-04-28T12:41:12.981+0000] {processor.py:830} INFO - Processing file /home/airflow/.local/lib/python3.8/site-packages/airflow/example_dags/tutorial.py for tasks to queue
[2025-04-28T12:41:12.985+0000] {logging_mixin.py:188} INFO - [2025-04-28T12:41:12.984+0000] {dagbag.py:538} INFO - Filling up the DagBag from /home/airflow/.local/lib/python3.8/site-packages/airflow/example_dags/tutorial.py
[2025-04-28T12:41:13.006+0000] {processor.py:840} INFO - DAG(s) 'tutorial' retrieved from /home/airflow/.local/lib/python3.8/site-packages/airflow/example_dags/tutorial.py
[2025-04-28T12:41:13.062+0000] {logging_mixin.py:188} INFO - [2025-04-28T12:41:13.061+0000] {dag.py:3033} INFO - Sync 1 DAGs
[2025-04-28T12:41:13.129+0000] {logging_mixin.py:188} INFO - [2025-04-28T12:41:13.128+0000] {dag.py:3820} INFO - Setting next_dagrun for tutorial to 2025-04-27T00:00:00+00:00, run_after=2025-04-28T00:00:00+00:00
[2025-04-28T12:41:13.181+0000] {processor.py:183} INFO - Processing /home/airflow/.local/lib/python3.8/site-packages/airflow/example_dags/tutorial.py took 0.211 seconds
[2025-04-28T12:41:44.937+0000] {processor.py:161} INFO - Started process (PID=10915) to work on /home/airflow/.local/lib/python3.8/site-packages/airflow/example_dags/tutorial.py
[2025-04-28T12:41:44.938+0000] {processor.py:830} INFO - Processing file /home/airflow/.local/lib/python3.8/site-packages/airflow/example_dags/tutorial.py for tasks to queue
[2025-04-28T12:41:44.940+0000] {logging_mixin.py:188} INFO - [2025-04-28T12:41:44.940+0000] {dagbag.py:538} INFO - Filling up the DagBag from /home/airflow/.local/lib/python3.8/site-packages/airflow/example_dags/tutorial.py
[2025-04-28T12:41:44.958+0000] {processor.py:840} INFO - DAG(s) 'tutorial' retrieved from /home/airflow/.local/lib/python3.8/site-packages/airflow/example_dags/tutorial.py
[2025-04-28T12:41:45.033+0000] {logging_mixin.py:188} INFO - [2025-04-28T12:41:45.033+0000] {dag.py:3033} INFO - Sync 1 DAGs
[2025-04-28T12:41:45.184+0000] {logging_mixin.py:188} INFO - [2025-04-28T12:41:45.184+0000] {dag.py:3820} INFO - Setting next_dagrun for tutorial to 2025-04-27T00:00:00+00:00, run_after=2025-04-28T00:00:00+00:00
[2025-04-28T12:41:45.326+0000] {processor.py:183} INFO - Processing /home/airflow/.local/lib/python3.8/site-packages/airflow/example_dags/tutorial.py took 0.398 seconds
[2025-04-28T12:42:15.862+0000] {processor.py:161} INFO - Started process (PID=10971) to work on /home/airflow/.local/lib/python3.8/site-packages/airflow/example_dags/tutorial.py
[2025-04-28T12:42:15.864+0000] {processor.py:830} INFO - Processing file /home/airflow/.local/lib/python3.8/site-packages/airflow/example_dags/tutorial.py for tasks to queue
[2025-04-28T12:42:15.867+0000] {logging_mixin.py:188} INFO - [2025-04-28T12:42:15.866+0000] {dagbag.py:538} INFO - Filling up the DagBag from /home/airflow/.local/lib/python3.8/site-packages/airflow/example_dags/tutorial.py
[2025-04-28T12:42:15.887+0000] {processor.py:840} INFO - DAG(s) 'tutorial' retrieved from /home/airflow/.local/lib/python3.8/site-packages/airflow/example_dags/tutorial.py
[2025-04-28T12:42:15.935+0000] {logging_mixin.py:188} INFO - [2025-04-28T12:42:15.934+0000] {dag.py:3033} INFO - Sync 1 DAGs
[2025-04-28T12:42:16.011+0000] {logging_mixin.py:188} INFO - [2025-04-28T12:42:16.011+0000] {dag.py:3820} INFO - Setting next_dagrun for tutorial to 2025-04-27T00:00:00+00:00, run_after=2025-04-28T00:00:00+00:00
[2025-04-28T12:42:16.064+0000] {processor.py:183} INFO - Processing /home/airflow/.local/lib/python3.8/site-packages/airflow/example_dags/tutorial.py took 0.213 seconds
[2025-04-28T12:42:47.597+0000] {processor.py:161} INFO - Started process (PID=11028) to work on /home/airflow/.local/lib/python3.8/site-packages/airflow/example_dags/tutorial.py
[2025-04-28T12:42:47.600+0000] {processor.py:830} INFO - Processing file /home/airflow/.local/lib/python3.8/site-packages/airflow/example_dags/tutorial.py for tasks to queue
[2025-04-28T12:42:47.602+0000] {logging_mixin.py:188} INFO - [2025-04-28T12:42:47.602+0000] {dagbag.py:538} INFO - Filling up the DagBag from /home/airflow/.local/lib/python3.8/site-packages/airflow/example_dags/tutorial.py
[2025-04-28T12:42:47.619+0000] {processor.py:840} INFO - DAG(s) 'tutorial' retrieved from /home/airflow/.local/lib/python3.8/site-packages/airflow/example_dags/tutorial.py
[2025-04-28T12:42:47.663+0000] {logging_mixin.py:188} INFO - [2025-04-28T12:42:47.663+0000] {dag.py:3033} INFO - Sync 1 DAGs
[2025-04-28T12:42:47.719+0000] {logging_mixin.py:188} INFO - [2025-04-28T12:42:47.719+0000] {dag.py:3820} INFO - Setting next_dagrun for tutorial to 2025-04-27T00:00:00+00:00, run_after=2025-04-28T00:00:00+00:00
[2025-04-28T12:42:47.776+0000] {processor.py:183} INFO - Processing /home/airflow/.local/lib/python3.8/site-packages/airflow/example_dags/tutorial.py took 0.190 seconds
[2025-04-28T12:43:18.189+0000] {processor.py:161} INFO - Started process (PID=11085) to work on /home/airflow/.local/lib/python3.8/site-packages/airflow/example_dags/tutorial.py
[2025-04-28T12:43:18.191+0000] {processor.py:830} INFO - Processing file /home/airflow/.local/lib/python3.8/site-packages/airflow/example_dags/tutorial.py for tasks to queue
[2025-04-28T12:43:18.194+0000] {logging_mixin.py:188} INFO - [2025-04-28T12:43:18.194+0000] {dagbag.py:538} INFO - Filling up the DagBag from /home/airflow/.local/lib/python3.8/site-packages/airflow/example_dags/tutorial.py
[2025-04-28T12:43:18.215+0000] {processor.py:840} INFO - DAG(s) 'tutorial' retrieved from /home/airflow/.local/lib/python3.8/site-packages/airflow/example_dags/tutorial.py
[2025-04-28T12:43:18.340+0000] {logging_mixin.py:188} INFO - [2025-04-28T12:43:18.340+0000] {dag.py:3033} INFO - Sync 1 DAGs
[2025-04-28T12:43:18.393+0000] {logging_mixin.py:188} INFO - [2025-04-28T12:43:18.393+0000] {dag.py:3820} INFO - Setting next_dagrun for tutorial to 2025-04-27T00:00:00+00:00, run_after=2025-04-28T00:00:00+00:00
[2025-04-28T12:43:18.446+0000] {processor.py:183} INFO - Processing /home/airflow/.local/lib/python3.8/site-packages/airflow/example_dags/tutorial.py took 0.275 seconds
[2025-04-28T12:43:48.686+0000] {processor.py:161} INFO - Started process (PID=11141) to work on /home/airflow/.local/lib/python3.8/site-packages/airflow/example_dags/tutorial.py
[2025-04-28T12:43:48.688+0000] {processor.py:830} INFO - Processing file /home/airflow/.local/lib/python3.8/site-packages/airflow/example_dags/tutorial.py for tasks to queue
[2025-04-28T12:43:48.694+0000] {logging_mixin.py:188} INFO - [2025-04-28T12:43:48.693+0000] {dagbag.py:538} INFO - Filling up the DagBag from /home/airflow/.local/lib/python3.8/site-packages/airflow/example_dags/tutorial.py
[2025-04-28T12:43:48.729+0000] {processor.py:840} INFO - DAG(s) 'tutorial' retrieved from /home/airflow/.local/lib/python3.8/site-packages/airflow/example_dags/tutorial.py
[2025-04-28T12:43:48.787+0000] {logging_mixin.py:188} INFO - [2025-04-28T12:43:48.787+0000] {dag.py:3033} INFO - Sync 1 DAGs
[2025-04-28T12:43:48.898+0000] {logging_mixin.py:188} INFO - [2025-04-28T12:43:48.898+0000] {dag.py:3820} INFO - Setting next_dagrun for tutorial to 2025-04-27T00:00:00+00:00, run_after=2025-04-28T00:00:00+00:00
[2025-04-28T12:43:49.029+0000] {processor.py:183} INFO - Processing /home/airflow/.local/lib/python3.8/site-packages/airflow/example_dags/tutorial.py took 0.354 seconds
[2025-04-28T12:44:19.822+0000] {processor.py:161} INFO - Started process (PID=11197) to work on /home/airflow/.local/lib/python3.8/site-packages/airflow/example_dags/tutorial.py
[2025-04-28T12:44:19.826+0000] {processor.py:830} INFO - Processing file /home/airflow/.local/lib/python3.8/site-packages/airflow/example_dags/tutorial.py for tasks to queue
[2025-04-28T12:44:19.835+0000] {logging_mixin.py:188} INFO - [2025-04-28T12:44:19.834+0000] {dagbag.py:538} INFO - Filling up the DagBag from /home/airflow/.local/lib/python3.8/site-packages/airflow/example_dags/tutorial.py
[2025-04-28T12:44:19.888+0000] {processor.py:840} INFO - DAG(s) 'tutorial' retrieved from /home/airflow/.local/lib/python3.8/site-packages/airflow/example_dags/tutorial.py
[2025-04-28T12:44:19.993+0000] {logging_mixin.py:188} INFO - [2025-04-28T12:44:19.992+0000] {dag.py:3033} INFO - Sync 1 DAGs
[2025-04-28T12:44:20.076+0000] {logging_mixin.py:188} INFO - [2025-04-28T12:44:20.075+0000] {dag.py:3820} INFO - Setting next_dagrun for tutorial to 2025-04-27T00:00:00+00:00, run_after=2025-04-28T00:00:00+00:00
[2025-04-28T12:44:20.148+0000] {processor.py:183} INFO - Processing /home/airflow/.local/lib/python3.8/site-packages/airflow/example_dags/tutorial.py took 0.335 seconds
[2025-04-28T12:44:50.254+0000] {processor.py:161} INFO - Started process (PID=11247) to work on /home/airflow/.local/lib/python3.8/site-packages/airflow/example_dags/tutorial.py
[2025-04-28T12:44:50.256+0000] {processor.py:830} INFO - Processing file /home/airflow/.local/lib/python3.8/site-packages/airflow/example_dags/tutorial.py for tasks to queue
[2025-04-28T12:44:50.258+0000] {logging_mixin.py:188} INFO - [2025-04-28T12:44:50.257+0000] {dagbag.py:538} INFO - Filling up the DagBag from /home/airflow/.local/lib/python3.8/site-packages/airflow/example_dags/tutorial.py
[2025-04-28T12:44:50.272+0000] {processor.py:840} INFO - DAG(s) 'tutorial' retrieved from /home/airflow/.local/lib/python3.8/site-packages/airflow/example_dags/tutorial.py
[2025-04-28T12:44:50.316+0000] {logging_mixin.py:188} INFO - [2025-04-28T12:44:50.316+0000] {dag.py:3033} INFO - Sync 1 DAGs
[2025-04-28T12:44:50.374+0000] {logging_mixin.py:188} INFO - [2025-04-28T12:44:50.374+0000] {dag.py:3820} INFO - Setting next_dagrun for tutorial to 2025-04-27T00:00:00+00:00, run_after=2025-04-28T00:00:00+00:00
[2025-04-28T12:44:50.416+0000] {processor.py:183} INFO - Processing /home/airflow/.local/lib/python3.8/site-packages/airflow/example_dags/tutorial.py took 0.169 seconds
[2025-04-28T12:45:22.147+0000] {processor.py:161} INFO - Started process (PID=11309) to work on /home/airflow/.local/lib/python3.8/site-packages/airflow/example_dags/tutorial.py
[2025-04-28T12:45:22.148+0000] {processor.py:830} INFO - Processing file /home/airflow/.local/lib/python3.8/site-packages/airflow/example_dags/tutorial.py for tasks to queue
[2025-04-28T12:45:22.153+0000] {logging_mixin.py:188} INFO - [2025-04-28T12:45:22.152+0000] {dagbag.py:538} INFO - Filling up the DagBag from /home/airflow/.local/lib/python3.8/site-packages/airflow/example_dags/tutorial.py
[2025-04-28T12:45:22.172+0000] {processor.py:840} INFO - DAG(s) 'tutorial' retrieved from /home/airflow/.local/lib/python3.8/site-packages/airflow/example_dags/tutorial.py
[2025-04-28T12:45:22.228+0000] {logging_mixin.py:188} INFO - [2025-04-28T12:45:22.228+0000] {dag.py:3033} INFO - Sync 1 DAGs
[2025-04-28T12:45:22.292+0000] {logging_mixin.py:188} INFO - [2025-04-28T12:45:22.291+0000] {dag.py:3820} INFO - Setting next_dagrun for tutorial to 2025-04-27T00:00:00+00:00, run_after=2025-04-28T00:00:00+00:00
[2025-04-28T12:45:22.345+0000] {processor.py:183} INFO - Processing /home/airflow/.local/lib/python3.8/site-packages/airflow/example_dags/tutorial.py took 0.207 seconds
[2025-04-28T12:45:52.435+0000] {processor.py:161} INFO - Started process (PID=11359) to work on /home/airflow/.local/lib/python3.8/site-packages/airflow/example_dags/tutorial.py
[2025-04-28T12:45:52.437+0000] {processor.py:830} INFO - Processing file /home/airflow/.local/lib/python3.8/site-packages/airflow/example_dags/tutorial.py for tasks to queue
[2025-04-28T12:45:52.440+0000] {logging_mixin.py:188} INFO - [2025-04-28T12:45:52.439+0000] {dagbag.py:538} INFO - Filling up the DagBag from /home/airflow/.local/lib/python3.8/site-packages/airflow/example_dags/tutorial.py
[2025-04-28T12:45:52.458+0000] {processor.py:840} INFO - DAG(s) 'tutorial' retrieved from /home/airflow/.local/lib/python3.8/site-packages/airflow/example_dags/tutorial.py
[2025-04-28T12:45:52.525+0000] {logging_mixin.py:188} INFO - [2025-04-28T12:45:52.524+0000] {dag.py:3033} INFO - Sync 1 DAGs
[2025-04-28T12:45:52.626+0000] {logging_mixin.py:188} INFO - [2025-04-28T12:45:52.626+0000] {dag.py:3820} INFO - Setting next_dagrun for tutorial to 2025-04-27T00:00:00+00:00, run_after=2025-04-28T00:00:00+00:00
[2025-04-28T12:45:52.739+0000] {processor.py:183} INFO - Processing /home/airflow/.local/lib/python3.8/site-packages/airflow/example_dags/tutorial.py took 0.311 seconds
[2025-04-28T12:46:24.928+0000] {processor.py:161} INFO - Started process (PID=11417) to work on /home/airflow/.local/lib/python3.8/site-packages/airflow/example_dags/tutorial.py
[2025-04-28T12:46:24.931+0000] {processor.py:830} INFO - Processing file /home/airflow/.local/lib/python3.8/site-packages/airflow/example_dags/tutorial.py for tasks to queue
[2025-04-28T12:46:24.933+0000] {logging_mixin.py:188} INFO - [2025-04-28T12:46:24.932+0000] {dagbag.py:538} INFO - Filling up the DagBag from /home/airflow/.local/lib/python3.8/site-packages/airflow/example_dags/tutorial.py
[2025-04-28T12:46:24.954+0000] {processor.py:840} INFO - DAG(s) 'tutorial' retrieved from /home/airflow/.local/lib/python3.8/site-packages/airflow/example_dags/tutorial.py
[2025-04-28T12:46:25.043+0000] {logging_mixin.py:188} INFO - [2025-04-28T12:46:25.042+0000] {dag.py:3033} INFO - Sync 1 DAGs
[2025-04-28T12:46:25.104+0000] {logging_mixin.py:188} INFO - [2025-04-28T12:46:25.104+0000] {dag.py:3820} INFO - Setting next_dagrun for tutorial to 2025-04-27T00:00:00+00:00, run_after=2025-04-28T00:00:00+00:00
[2025-04-28T12:46:25.152+0000] {processor.py:183} INFO - Processing /home/airflow/.local/lib/python3.8/site-packages/airflow/example_dags/tutorial.py took 0.234 seconds
[2025-04-28T12:46:56.013+0000] {processor.py:161} INFO - Started process (PID=11472) to work on /home/airflow/.local/lib/python3.8/site-packages/airflow/example_dags/tutorial.py
[2025-04-28T12:46:56.016+0000] {processor.py:830} INFO - Processing file /home/airflow/.local/lib/python3.8/site-packages/airflow/example_dags/tutorial.py for tasks to queue
[2025-04-28T12:46:56.018+0000] {logging_mixin.py:188} INFO - [2025-04-28T12:46:56.018+0000] {dagbag.py:538} INFO - Filling up the DagBag from /home/airflow/.local/lib/python3.8/site-packages/airflow/example_dags/tutorial.py
[2025-04-28T12:46:56.046+0000] {processor.py:840} INFO - DAG(s) 'tutorial' retrieved from /home/airflow/.local/lib/python3.8/site-packages/airflow/example_dags/tutorial.py
[2025-04-28T12:46:56.106+0000] {logging_mixin.py:188} INFO - [2025-04-28T12:46:56.105+0000] {dag.py:3033} INFO - Sync 1 DAGs
[2025-04-28T12:46:56.191+0000] {logging_mixin.py:188} INFO - [2025-04-28T12:46:56.190+0000] {dag.py:3820} INFO - Setting next_dagrun for tutorial to 2025-04-27T00:00:00+00:00, run_after=2025-04-28T00:00:00+00:00
[2025-04-28T12:46:56.261+0000] {processor.py:183} INFO - Processing /home/airflow/.local/lib/python3.8/site-packages/airflow/example_dags/tutorial.py took 0.259 seconds
[2025-04-28T12:47:26.674+0000] {processor.py:161} INFO - Started process (PID=11533) to work on /home/airflow/.local/lib/python3.8/site-packages/airflow/example_dags/tutorial.py
[2025-04-28T12:47:26.681+0000] {processor.py:830} INFO - Processing file /home/airflow/.local/lib/python3.8/site-packages/airflow/example_dags/tutorial.py for tasks to queue
[2025-04-28T12:47:26.683+0000] {logging_mixin.py:188} INFO - [2025-04-28T12:47:26.682+0000] {dagbag.py:538} INFO - Filling up the DagBag from /home/airflow/.local/lib/python3.8/site-packages/airflow/example_dags/tutorial.py
[2025-04-28T12:47:26.703+0000] {processor.py:840} INFO - DAG(s) 'tutorial' retrieved from /home/airflow/.local/lib/python3.8/site-packages/airflow/example_dags/tutorial.py
[2025-04-28T12:47:26.766+0000] {logging_mixin.py:188} INFO - [2025-04-28T12:47:26.766+0000] {dag.py:3033} INFO - Sync 1 DAGs
[2025-04-28T12:47:26.897+0000] {logging_mixin.py:188} INFO - [2025-04-28T12:47:26.897+0000] {dag.py:3820} INFO - Setting next_dagrun for tutorial to 2025-04-27T00:00:00+00:00, run_after=2025-04-28T00:00:00+00:00
[2025-04-28T12:47:27.016+0000] {processor.py:183} INFO - Processing /home/airflow/.local/lib/python3.8/site-packages/airflow/example_dags/tutorial.py took 0.349 seconds
[2025-04-28T12:47:58.629+0000] {processor.py:161} INFO - Started process (PID=11583) to work on /home/airflow/.local/lib/python3.8/site-packages/airflow/example_dags/tutorial.py
[2025-04-28T12:47:58.639+0000] {processor.py:830} INFO - Processing file /home/airflow/.local/lib/python3.8/site-packages/airflow/example_dags/tutorial.py for tasks to queue
[2025-04-28T12:47:58.664+0000] {logging_mixin.py:188} INFO - [2025-04-28T12:47:58.643+0000] {dagbag.py:538} INFO - Filling up the DagBag from /home/airflow/.local/lib/python3.8/site-packages/airflow/example_dags/tutorial.py
[2025-04-28T12:47:58.751+0000] {processor.py:840} INFO - DAG(s) 'tutorial' retrieved from /home/airflow/.local/lib/python3.8/site-packages/airflow/example_dags/tutorial.py
[2025-04-28T12:47:58.878+0000] {logging_mixin.py:188} INFO - [2025-04-28T12:47:58.877+0000] {dag.py:3033} INFO - Sync 1 DAGs
[2025-04-28T12:47:58.958+0000] {logging_mixin.py:188} INFO - [2025-04-28T12:47:58.957+0000] {dag.py:3820} INFO - Setting next_dagrun for tutorial to 2025-04-27T00:00:00+00:00, run_after=2025-04-28T00:00:00+00:00
[2025-04-28T12:47:59.028+0000] {processor.py:183} INFO - Processing /home/airflow/.local/lib/python3.8/site-packages/airflow/example_dags/tutorial.py took 0.466 seconds
[2025-04-28T12:48:30.305+0000] {processor.py:161} INFO - Started process (PID=11639) to work on /home/airflow/.local/lib/python3.8/site-packages/airflow/example_dags/tutorial.py
[2025-04-28T12:48:30.308+0000] {processor.py:830} INFO - Processing file /home/airflow/.local/lib/python3.8/site-packages/airflow/example_dags/tutorial.py for tasks to queue
[2025-04-28T12:48:30.316+0000] {logging_mixin.py:188} INFO - [2025-04-28T12:48:30.314+0000] {dagbag.py:538} INFO - Filling up the DagBag from /home/airflow/.local/lib/python3.8/site-packages/airflow/example_dags/tutorial.py
[2025-04-28T12:48:30.341+0000] {processor.py:840} INFO - DAG(s) 'tutorial' retrieved from /home/airflow/.local/lib/python3.8/site-packages/airflow/example_dags/tutorial.py
[2025-04-28T12:48:30.443+0000] {logging_mixin.py:188} INFO - [2025-04-28T12:48:30.442+0000] {dag.py:3033} INFO - Sync 1 DAGs
[2025-04-28T12:48:30.721+0000] {logging_mixin.py:188} INFO - [2025-04-28T12:48:30.720+0000] {dag.py:3820} INFO - Setting next_dagrun for tutorial to 2025-04-27T00:00:00+00:00, run_after=2025-04-28T00:00:00+00:00
[2025-04-28T12:48:30.901+0000] {processor.py:183} INFO - Processing /home/airflow/.local/lib/python3.8/site-packages/airflow/example_dags/tutorial.py took 0.611 seconds
[2025-04-28T12:49:02.638+0000] {processor.py:161} INFO - Started process (PID=11695) to work on /home/airflow/.local/lib/python3.8/site-packages/airflow/example_dags/tutorial.py
[2025-04-28T12:49:02.640+0000] {processor.py:830} INFO - Processing file /home/airflow/.local/lib/python3.8/site-packages/airflow/example_dags/tutorial.py for tasks to queue
[2025-04-28T12:49:02.642+0000] {logging_mixin.py:188} INFO - [2025-04-28T12:49:02.642+0000] {dagbag.py:538} INFO - Filling up the DagBag from /home/airflow/.local/lib/python3.8/site-packages/airflow/example_dags/tutorial.py
[2025-04-28T12:49:02.657+0000] {processor.py:840} INFO - DAG(s) 'tutorial' retrieved from /home/airflow/.local/lib/python3.8/site-packages/airflow/example_dags/tutorial.py
[2025-04-28T12:49:02.737+0000] {logging_mixin.py:188} INFO - [2025-04-28T12:49:02.737+0000] {dag.py:3033} INFO - Sync 1 DAGs
[2025-04-28T12:49:02.840+0000] {logging_mixin.py:188} INFO - [2025-04-28T12:49:02.840+0000] {dag.py:3820} INFO - Setting next_dagrun for tutorial to 2025-04-27T00:00:00+00:00, run_after=2025-04-28T00:00:00+00:00
[2025-04-28T12:49:02.930+0000] {processor.py:183} INFO - Processing /home/airflow/.local/lib/python3.8/site-packages/airflow/example_dags/tutorial.py took 0.307 seconds
[2025-04-28T12:49:40.511+0000] {processor.py:161} INFO - Started process (PID=11755) to work on /home/airflow/.local/lib/python3.8/site-packages/airflow/example_dags/tutorial.py
[2025-04-28T12:49:40.521+0000] {processor.py:830} INFO - Processing file /home/airflow/.local/lib/python3.8/site-packages/airflow/example_dags/tutorial.py for tasks to queue
[2025-04-28T12:49:40.535+0000] {logging_mixin.py:188} INFO - [2025-04-28T12:49:40.534+0000] {dagbag.py:538} INFO - Filling up the DagBag from /home/airflow/.local/lib/python3.8/site-packages/airflow/example_dags/tutorial.py
[2025-04-28T12:49:40.585+0000] {processor.py:840} INFO - DAG(s) 'tutorial' retrieved from /home/airflow/.local/lib/python3.8/site-packages/airflow/example_dags/tutorial.py
[2025-04-28T12:49:40.766+0000] {logging_mixin.py:188} INFO - [2025-04-28T12:49:40.765+0000] {dag.py:3033} INFO - Sync 1 DAGs
[2025-04-28T12:49:40.892+0000] {logging_mixin.py:188} INFO - [2025-04-28T12:49:40.891+0000] {dag.py:3820} INFO - Setting next_dagrun for tutorial to 2025-04-27T00:00:00+00:00, run_after=2025-04-28T00:00:00+00:00
[2025-04-28T12:49:41.075+0000] {processor.py:183} INFO - Processing /home/airflow/.local/lib/python3.8/site-packages/airflow/example_dags/tutorial.py took 0.580 seconds
[2025-04-28T12:50:11.724+0000] {processor.py:161} INFO - Started process (PID=11811) to work on /home/airflow/.local/lib/python3.8/site-packages/airflow/example_dags/tutorial.py
[2025-04-28T12:50:11.727+0000] {processor.py:830} INFO - Processing file /home/airflow/.local/lib/python3.8/site-packages/airflow/example_dags/tutorial.py for tasks to queue
[2025-04-28T12:50:11.729+0000] {logging_mixin.py:188} INFO - [2025-04-28T12:50:11.728+0000] {dagbag.py:538} INFO - Filling up the DagBag from /home/airflow/.local/lib/python3.8/site-packages/airflow/example_dags/tutorial.py
[2025-04-28T12:50:11.754+0000] {processor.py:840} INFO - DAG(s) 'tutorial' retrieved from /home/airflow/.local/lib/python3.8/site-packages/airflow/example_dags/tutorial.py
[2025-04-28T12:50:11.818+0000] {logging_mixin.py:188} INFO - [2025-04-28T12:50:11.817+0000] {dag.py:3033} INFO - Sync 1 DAGs
[2025-04-28T12:50:11.875+0000] {logging_mixin.py:188} INFO - [2025-04-28T12:50:11.875+0000] {dag.py:3820} INFO - Setting next_dagrun for tutorial to 2025-04-27T00:00:00+00:00, run_after=2025-04-28T00:00:00+00:00
[2025-04-28T12:50:11.927+0000] {processor.py:183} INFO - Processing /home/airflow/.local/lib/python3.8/site-packages/airflow/example_dags/tutorial.py took 0.214 seconds
[2025-04-28T12:50:43.835+0000] {processor.py:161} INFO - Started process (PID=11868) to work on /home/airflow/.local/lib/python3.8/site-packages/airflow/example_dags/tutorial.py
[2025-04-28T12:50:43.837+0000] {processor.py:830} INFO - Processing file /home/airflow/.local/lib/python3.8/site-packages/airflow/example_dags/tutorial.py for tasks to queue
[2025-04-28T12:50:43.839+0000] {logging_mixin.py:188} INFO - [2025-04-28T12:50:43.839+0000] {dagbag.py:538} INFO - Filling up the DagBag from /home/airflow/.local/lib/python3.8/site-packages/airflow/example_dags/tutorial.py
[2025-04-28T12:50:43.857+0000] {processor.py:840} INFO - DAG(s) 'tutorial' retrieved from /home/airflow/.local/lib/python3.8/site-packages/airflow/example_dags/tutorial.py
[2025-04-28T12:50:43.928+0000] {logging_mixin.py:188} INFO - [2025-04-28T12:50:43.927+0000] {dag.py:3033} INFO - Sync 1 DAGs
[2025-04-28T12:50:44.032+0000] {logging_mixin.py:188} INFO - [2025-04-28T12:50:44.032+0000] {dag.py:3820} INFO - Setting next_dagrun for tutorial to 2025-04-27T00:00:00+00:00, run_after=2025-04-28T00:00:00+00:00
[2025-04-28T12:50:44.174+0000] {processor.py:183} INFO - Processing /home/airflow/.local/lib/python3.8/site-packages/airflow/example_dags/tutorial.py took 0.352 seconds
[2025-04-28T12:51:16.912+0000] {processor.py:161} INFO - Started process (PID=11924) to work on /home/airflow/.local/lib/python3.8/site-packages/airflow/example_dags/tutorial.py
[2025-04-28T12:51:16.914+0000] {processor.py:830} INFO - Processing file /home/airflow/.local/lib/python3.8/site-packages/airflow/example_dags/tutorial.py for tasks to queue
[2025-04-28T12:51:16.921+0000] {logging_mixin.py:188} INFO - [2025-04-28T12:51:16.919+0000] {dagbag.py:538} INFO - Filling up the DagBag from /home/airflow/.local/lib/python3.8/site-packages/airflow/example_dags/tutorial.py
[2025-04-28T12:51:16.958+0000] {processor.py:840} INFO - DAG(s) 'tutorial' retrieved from /home/airflow/.local/lib/python3.8/site-packages/airflow/example_dags/tutorial.py
[2025-04-28T12:51:17.035+0000] {logging_mixin.py:188} INFO - [2025-04-28T12:51:17.034+0000] {dag.py:3033} INFO - Sync 1 DAGs
[2025-04-28T12:51:17.142+0000] {logging_mixin.py:188} INFO - [2025-04-28T12:51:17.141+0000] {dag.py:3820} INFO - Setting next_dagrun for tutorial to 2025-04-27T00:00:00+00:00, run_after=2025-04-28T00:00:00+00:00
[2025-04-28T12:51:17.220+0000] {processor.py:183} INFO - Processing /home/airflow/.local/lib/python3.8/site-packages/airflow/example_dags/tutorial.py took 0.321 seconds
[2025-04-28T12:51:47.485+0000] {processor.py:161} INFO - Started process (PID=11974) to work on /home/airflow/.local/lib/python3.8/site-packages/airflow/example_dags/tutorial.py
[2025-04-28T12:51:47.487+0000] {processor.py:830} INFO - Processing file /home/airflow/.local/lib/python3.8/site-packages/airflow/example_dags/tutorial.py for tasks to queue
[2025-04-28T12:51:47.490+0000] {logging_mixin.py:188} INFO - [2025-04-28T12:51:47.490+0000] {dagbag.py:538} INFO - Filling up the DagBag from /home/airflow/.local/lib/python3.8/site-packages/airflow/example_dags/tutorial.py
[2025-04-28T12:51:47.510+0000] {processor.py:840} INFO - DAG(s) 'tutorial' retrieved from /home/airflow/.local/lib/python3.8/site-packages/airflow/example_dags/tutorial.py
[2025-04-28T12:51:47.560+0000] {logging_mixin.py:188} INFO - [2025-04-28T12:51:47.560+0000] {dag.py:3033} INFO - Sync 1 DAGs
[2025-04-28T12:51:47.636+0000] {logging_mixin.py:188} INFO - [2025-04-28T12:51:47.635+0000] {dag.py:3820} INFO - Setting next_dagrun for tutorial to 2025-04-27T00:00:00+00:00, run_after=2025-04-28T00:00:00+00:00
[2025-04-28T12:51:47.705+0000] {processor.py:183} INFO - Processing /home/airflow/.local/lib/python3.8/site-packages/airflow/example_dags/tutorial.py took 0.226 seconds
[2025-04-28T12:52:18.125+0000] {processor.py:161} INFO - Started process (PID=12030) to work on /home/airflow/.local/lib/python3.8/site-packages/airflow/example_dags/tutorial.py
[2025-04-28T12:52:18.127+0000] {processor.py:830} INFO - Processing file /home/airflow/.local/lib/python3.8/site-packages/airflow/example_dags/tutorial.py for tasks to queue
[2025-04-28T12:52:18.129+0000] {logging_mixin.py:188} INFO - [2025-04-28T12:52:18.129+0000] {dagbag.py:538} INFO - Filling up the DagBag from /home/airflow/.local/lib/python3.8/site-packages/airflow/example_dags/tutorial.py
[2025-04-28T12:52:18.147+0000] {processor.py:840} INFO - DAG(s) 'tutorial' retrieved from /home/airflow/.local/lib/python3.8/site-packages/airflow/example_dags/tutorial.py
[2025-04-28T12:52:18.196+0000] {logging_mixin.py:188} INFO - [2025-04-28T12:52:18.195+0000] {dag.py:3033} INFO - Sync 1 DAGs
[2025-04-28T12:52:18.265+0000] {logging_mixin.py:188} INFO - [2025-04-28T12:52:18.264+0000] {dag.py:3820} INFO - Setting next_dagrun for tutorial to 2025-04-27T00:00:00+00:00, run_after=2025-04-28T00:00:00+00:00
[2025-04-28T12:52:18.332+0000] {processor.py:183} INFO - Processing /home/airflow/.local/lib/python3.8/site-packages/airflow/example_dags/tutorial.py took 0.214 seconds
[2025-04-28T12:52:49.387+0000] {processor.py:161} INFO - Started process (PID=12087) to work on /home/airflow/.local/lib/python3.8/site-packages/airflow/example_dags/tutorial.py
[2025-04-28T12:52:49.389+0000] {processor.py:830} INFO - Processing file /home/airflow/.local/lib/python3.8/site-packages/airflow/example_dags/tutorial.py for tasks to queue
[2025-04-28T12:52:49.391+0000] {logging_mixin.py:188} INFO - [2025-04-28T12:52:49.391+0000] {dagbag.py:538} INFO - Filling up the DagBag from /home/airflow/.local/lib/python3.8/site-packages/airflow/example_dags/tutorial.py
[2025-04-28T12:52:49.408+0000] {processor.py:840} INFO - DAG(s) 'tutorial' retrieved from /home/airflow/.local/lib/python3.8/site-packages/airflow/example_dags/tutorial.py
[2025-04-28T12:52:49.461+0000] {logging_mixin.py:188} INFO - [2025-04-28T12:52:49.460+0000] {dag.py:3033} INFO - Sync 1 DAGs
[2025-04-28T12:52:49.548+0000] {logging_mixin.py:188} INFO - [2025-04-28T12:52:49.548+0000] {dag.py:3820} INFO - Setting next_dagrun for tutorial to 2025-04-27T00:00:00+00:00, run_after=2025-04-28T00:00:00+00:00
[2025-04-28T12:52:49.605+0000] {processor.py:183} INFO - Processing /home/airflow/.local/lib/python3.8/site-packages/airflow/example_dags/tutorial.py took 0.225 seconds
[2025-04-28T12:53:24.188+0000] {processor.py:161} INFO - Started process (PID=12143) to work on /home/airflow/.local/lib/python3.8/site-packages/airflow/example_dags/tutorial.py
[2025-04-28T12:53:24.190+0000] {processor.py:830} INFO - Processing file /home/airflow/.local/lib/python3.8/site-packages/airflow/example_dags/tutorial.py for tasks to queue
[2025-04-28T12:53:24.193+0000] {logging_mixin.py:188} INFO - [2025-04-28T12:53:24.192+0000] {dagbag.py:538} INFO - Filling up the DagBag from /home/airflow/.local/lib/python3.8/site-packages/airflow/example_dags/tutorial.py
[2025-04-28T12:53:24.212+0000] {processor.py:840} INFO - DAG(s) 'tutorial' retrieved from /home/airflow/.local/lib/python3.8/site-packages/airflow/example_dags/tutorial.py
[2025-04-28T12:53:24.261+0000] {logging_mixin.py:188} INFO - [2025-04-28T12:53:24.260+0000] {dag.py:3033} INFO - Sync 1 DAGs
[2025-04-28T12:53:24.329+0000] {logging_mixin.py:188} INFO - [2025-04-28T12:53:24.329+0000] {dag.py:3820} INFO - Setting next_dagrun for tutorial to 2025-04-27T00:00:00+00:00, run_after=2025-04-28T00:00:00+00:00
[2025-04-28T12:53:24.415+0000] {processor.py:183} INFO - Processing /home/airflow/.local/lib/python3.8/site-packages/airflow/example_dags/tutorial.py took 0.238 seconds
[2025-04-28T12:53:56.104+0000] {processor.py:161} INFO - Started process (PID=12199) to work on /home/airflow/.local/lib/python3.8/site-packages/airflow/example_dags/tutorial.py
[2025-04-28T12:53:56.107+0000] {processor.py:830} INFO - Processing file /home/airflow/.local/lib/python3.8/site-packages/airflow/example_dags/tutorial.py for tasks to queue
[2025-04-28T12:53:56.109+0000] {logging_mixin.py:188} INFO - [2025-04-28T12:53:56.109+0000] {dagbag.py:538} INFO - Filling up the DagBag from /home/airflow/.local/lib/python3.8/site-packages/airflow/example_dags/tutorial.py
[2025-04-28T12:53:56.129+0000] {processor.py:840} INFO - DAG(s) 'tutorial' retrieved from /home/airflow/.local/lib/python3.8/site-packages/airflow/example_dags/tutorial.py
[2025-04-28T12:53:56.187+0000] {logging_mixin.py:188} INFO - [2025-04-28T12:53:56.186+0000] {dag.py:3033} INFO - Sync 1 DAGs
[2025-04-28T12:53:56.253+0000] {logging_mixin.py:188} INFO - [2025-04-28T12:53:56.252+0000] {dag.py:3820} INFO - Setting next_dagrun for tutorial to 2025-04-27T00:00:00+00:00, run_after=2025-04-28T00:00:00+00:00
[2025-04-28T12:53:56.325+0000] {processor.py:183} INFO - Processing /home/airflow/.local/lib/python3.8/site-packages/airflow/example_dags/tutorial.py took 0.233 seconds
[2025-04-28T12:54:26.988+0000] {processor.py:161} INFO - Started process (PID=12255) to work on /home/airflow/.local/lib/python3.8/site-packages/airflow/example_dags/tutorial.py
[2025-04-28T12:54:26.992+0000] {processor.py:830} INFO - Processing file /home/airflow/.local/lib/python3.8/site-packages/airflow/example_dags/tutorial.py for tasks to queue
[2025-04-28T12:54:26.994+0000] {logging_mixin.py:188} INFO - [2025-04-28T12:54:26.993+0000] {dagbag.py:538} INFO - Filling up the DagBag from /home/airflow/.local/lib/python3.8/site-packages/airflow/example_dags/tutorial.py
[2025-04-28T12:54:27.010+0000] {processor.py:840} INFO - DAG(s) 'tutorial' retrieved from /home/airflow/.local/lib/python3.8/site-packages/airflow/example_dags/tutorial.py
[2025-04-28T12:54:27.058+0000] {logging_mixin.py:188} INFO - [2025-04-28T12:54:27.057+0000] {dag.py:3033} INFO - Sync 1 DAGs
[2025-04-28T12:54:27.118+0000] {logging_mixin.py:188} INFO - [2025-04-28T12:54:27.117+0000] {dag.py:3820} INFO - Setting next_dagrun for tutorial to 2025-04-27T00:00:00+00:00, run_after=2025-04-28T00:00:00+00:00
[2025-04-28T12:54:27.170+0000] {processor.py:183} INFO - Processing /home/airflow/.local/lib/python3.8/site-packages/airflow/example_dags/tutorial.py took 0.193 seconds
[2025-04-28T12:55:00.675+0000] {processor.py:161} INFO - Started process (PID=12311) to work on /home/airflow/.local/lib/python3.8/site-packages/airflow/example_dags/tutorial.py
[2025-04-28T12:55:00.679+0000] {processor.py:830} INFO - Processing file /home/airflow/.local/lib/python3.8/site-packages/airflow/example_dags/tutorial.py for tasks to queue
[2025-04-28T12:55:00.682+0000] {logging_mixin.py:188} INFO - [2025-04-28T12:55:00.681+0000] {dagbag.py:538} INFO - Filling up the DagBag from /home/airflow/.local/lib/python3.8/site-packages/airflow/example_dags/tutorial.py
[2025-04-28T12:55:00.704+0000] {processor.py:840} INFO - DAG(s) 'tutorial' retrieved from /home/airflow/.local/lib/python3.8/site-packages/airflow/example_dags/tutorial.py
[2025-04-28T12:55:00.788+0000] {logging_mixin.py:188} INFO - [2025-04-28T12:55:00.788+0000] {dag.py:3033} INFO - Sync 1 DAGs
[2025-04-28T12:55:00.961+0000] {logging_mixin.py:188} INFO - [2025-04-28T12:55:00.960+0000] {dag.py:3820} INFO - Setting next_dagrun for tutorial to 2025-04-27T00:00:00+00:00, run_after=2025-04-28T00:00:00+00:00
[2025-04-28T12:55:01.071+0000] {processor.py:183} INFO - Processing /home/airflow/.local/lib/python3.8/site-packages/airflow/example_dags/tutorial.py took 0.415 seconds
[2025-04-28T12:55:33.350+0000] {processor.py:161} INFO - Started process (PID=12368) to work on /home/airflow/.local/lib/python3.8/site-packages/airflow/example_dags/tutorial.py
[2025-04-28T12:55:33.353+0000] {processor.py:830} INFO - Processing file /home/airflow/.local/lib/python3.8/site-packages/airflow/example_dags/tutorial.py for tasks to queue
[2025-04-28T12:55:33.371+0000] {logging_mixin.py:188} INFO - [2025-04-28T12:55:33.367+0000] {dagbag.py:538} INFO - Filling up the DagBag from /home/airflow/.local/lib/python3.8/site-packages/airflow/example_dags/tutorial.py
[2025-04-28T12:55:33.458+0000] {processor.py:840} INFO - DAG(s) 'tutorial' retrieved from /home/airflow/.local/lib/python3.8/site-packages/airflow/example_dags/tutorial.py
[2025-04-28T12:55:33.534+0000] {logging_mixin.py:188} INFO - [2025-04-28T12:55:33.534+0000] {dag.py:3033} INFO - Sync 1 DAGs
[2025-04-28T12:55:33.617+0000] {logging_mixin.py:188} INFO - [2025-04-28T12:55:33.617+0000] {dag.py:3820} INFO - Setting next_dagrun for tutorial to 2025-04-27T00:00:00+00:00, run_after=2025-04-28T00:00:00+00:00
[2025-04-28T12:55:33.685+0000] {processor.py:183} INFO - Processing /home/airflow/.local/lib/python3.8/site-packages/airflow/example_dags/tutorial.py took 0.371 seconds
[2025-04-28T12:56:07.471+0000] {processor.py:161} INFO - Started process (PID=12424) to work on /home/airflow/.local/lib/python3.8/site-packages/airflow/example_dags/tutorial.py
[2025-04-28T12:56:07.474+0000] {processor.py:830} INFO - Processing file /home/airflow/.local/lib/python3.8/site-packages/airflow/example_dags/tutorial.py for tasks to queue
[2025-04-28T12:56:07.476+0000] {logging_mixin.py:188} INFO - [2025-04-28T12:56:07.475+0000] {dagbag.py:538} INFO - Filling up the DagBag from /home/airflow/.local/lib/python3.8/site-packages/airflow/example_dags/tutorial.py
[2025-04-28T12:56:07.500+0000] {processor.py:840} INFO - DAG(s) 'tutorial' retrieved from /home/airflow/.local/lib/python3.8/site-packages/airflow/example_dags/tutorial.py
[2025-04-28T12:56:07.559+0000] {logging_mixin.py:188} INFO - [2025-04-28T12:56:07.558+0000] {dag.py:3033} INFO - Sync 1 DAGs
[2025-04-28T12:56:07.622+0000] {logging_mixin.py:188} INFO - [2025-04-28T12:56:07.622+0000] {dag.py:3820} INFO - Setting next_dagrun for tutorial to 2025-04-27T00:00:00+00:00, run_after=2025-04-28T00:00:00+00:00
[2025-04-28T12:56:07.674+0000] {processor.py:183} INFO - Processing /home/airflow/.local/lib/python3.8/site-packages/airflow/example_dags/tutorial.py took 0.210 seconds
[2025-04-28T12:56:39.910+0000] {processor.py:161} INFO - Started process (PID=12480) to work on /home/airflow/.local/lib/python3.8/site-packages/airflow/example_dags/tutorial.py
[2025-04-28T12:56:39.912+0000] {processor.py:830} INFO - Processing file /home/airflow/.local/lib/python3.8/site-packages/airflow/example_dags/tutorial.py for tasks to queue
[2025-04-28T12:56:39.915+0000] {logging_mixin.py:188} INFO - [2025-04-28T12:56:39.914+0000] {dagbag.py:538} INFO - Filling up the DagBag from /home/airflow/.local/lib/python3.8/site-packages/airflow/example_dags/tutorial.py
[2025-04-28T12:56:39.933+0000] {processor.py:840} INFO - DAG(s) 'tutorial' retrieved from /home/airflow/.local/lib/python3.8/site-packages/airflow/example_dags/tutorial.py
[2025-04-28T12:56:39.989+0000] {logging_mixin.py:188} INFO - [2025-04-28T12:56:39.988+0000] {dag.py:3033} INFO - Sync 1 DAGs
[2025-04-28T12:56:40.097+0000] {logging_mixin.py:188} INFO - [2025-04-28T12:56:40.096+0000] {dag.py:3820} INFO - Setting next_dagrun for tutorial to 2025-04-27T00:00:00+00:00, run_after=2025-04-28T00:00:00+00:00
[2025-04-28T12:56:40.186+0000] {processor.py:183} INFO - Processing /home/airflow/.local/lib/python3.8/site-packages/airflow/example_dags/tutorial.py took 0.285 seconds
[2025-04-28T12:57:11.027+0000] {processor.py:161} INFO - Started process (PID=12536) to work on /home/airflow/.local/lib/python3.8/site-packages/airflow/example_dags/tutorial.py
[2025-04-28T12:57:11.029+0000] {processor.py:830} INFO - Processing file /home/airflow/.local/lib/python3.8/site-packages/airflow/example_dags/tutorial.py for tasks to queue
[2025-04-28T12:57:11.032+0000] {logging_mixin.py:188} INFO - [2025-04-28T12:57:11.031+0000] {dagbag.py:538} INFO - Filling up the DagBag from /home/airflow/.local/lib/python3.8/site-packages/airflow/example_dags/tutorial.py
[2025-04-28T12:57:11.052+0000] {processor.py:840} INFO - DAG(s) 'tutorial' retrieved from /home/airflow/.local/lib/python3.8/site-packages/airflow/example_dags/tutorial.py
[2025-04-28T12:57:11.125+0000] {logging_mixin.py:188} INFO - [2025-04-28T12:57:11.124+0000] {dag.py:3033} INFO - Sync 1 DAGs
[2025-04-28T12:57:11.197+0000] {logging_mixin.py:188} INFO - [2025-04-28T12:57:11.196+0000] {dag.py:3820} INFO - Setting next_dagrun for tutorial to 2025-04-27T00:00:00+00:00, run_after=2025-04-28T00:00:00+00:00
[2025-04-28T12:57:11.269+0000] {processor.py:183} INFO - Processing /home/airflow/.local/lib/python3.8/site-packages/airflow/example_dags/tutorial.py took 0.252 seconds
[2025-04-28T12:57:43.402+0000] {processor.py:161} INFO - Started process (PID=12594) to work on /home/airflow/.local/lib/python3.8/site-packages/airflow/example_dags/tutorial.py
[2025-04-28T12:57:43.405+0000] {processor.py:830} INFO - Processing file /home/airflow/.local/lib/python3.8/site-packages/airflow/example_dags/tutorial.py for tasks to queue
[2025-04-28T12:57:43.409+0000] {logging_mixin.py:188} INFO - [2025-04-28T12:57:43.409+0000] {dagbag.py:538} INFO - Filling up the DagBag from /home/airflow/.local/lib/python3.8/site-packages/airflow/example_dags/tutorial.py
[2025-04-28T12:57:43.432+0000] {processor.py:840} INFO - DAG(s) 'tutorial' retrieved from /home/airflow/.local/lib/python3.8/site-packages/airflow/example_dags/tutorial.py
[2025-04-28T12:57:43.503+0000] {logging_mixin.py:188} INFO - [2025-04-28T12:57:43.502+0000] {dag.py:3033} INFO - Sync 1 DAGs
[2025-04-28T12:57:43.576+0000] {logging_mixin.py:188} INFO - [2025-04-28T12:57:43.576+0000] {dag.py:3820} INFO - Setting next_dagrun for tutorial to 2025-04-27T00:00:00+00:00, run_after=2025-04-28T00:00:00+00:00
[2025-04-28T12:57:43.624+0000] {processor.py:183} INFO - Processing /home/airflow/.local/lib/python3.8/site-packages/airflow/example_dags/tutorial.py took 0.233 seconds
[2025-04-28T12:58:19.234+0000] {processor.py:161} INFO - Started process (PID=12657) to work on /home/airflow/.local/lib/python3.8/site-packages/airflow/example_dags/tutorial.py
[2025-04-28T12:58:19.240+0000] {processor.py:830} INFO - Processing file /home/airflow/.local/lib/python3.8/site-packages/airflow/example_dags/tutorial.py for tasks to queue
[2025-04-28T12:58:19.252+0000] {logging_mixin.py:188} INFO - [2025-04-28T12:58:19.251+0000] {dagbag.py:538} INFO - Filling up the DagBag from /home/airflow/.local/lib/python3.8/site-packages/airflow/example_dags/tutorial.py
[2025-04-28T12:58:19.268+0000] {processor.py:840} INFO - DAG(s) 'tutorial' retrieved from /home/airflow/.local/lib/python3.8/site-packages/airflow/example_dags/tutorial.py
[2025-04-28T12:58:19.328+0000] {logging_mixin.py:188} INFO - [2025-04-28T12:58:19.328+0000] {dag.py:3033} INFO - Sync 1 DAGs
[2025-04-28T12:58:19.378+0000] {logging_mixin.py:188} INFO - [2025-04-28T12:58:19.378+0000] {dag.py:3820} INFO - Setting next_dagrun for tutorial to 2025-04-27T00:00:00+00:00, run_after=2025-04-28T00:00:00+00:00
[2025-04-28T12:58:19.433+0000] {processor.py:183} INFO - Processing /home/airflow/.local/lib/python3.8/site-packages/airflow/example_dags/tutorial.py took 0.207 seconds
[2025-04-28T12:58:59.239+0000] {processor.py:161} INFO - Started process (PID=12719) to work on /home/airflow/.local/lib/python3.8/site-packages/airflow/example_dags/tutorial.py
[2025-04-28T12:58:59.241+0000] {processor.py:830} INFO - Processing file /home/airflow/.local/lib/python3.8/site-packages/airflow/example_dags/tutorial.py for tasks to queue
[2025-04-28T12:58:59.243+0000] {logging_mixin.py:188} INFO - [2025-04-28T12:58:59.242+0000] {dagbag.py:538} INFO - Filling up the DagBag from /home/airflow/.local/lib/python3.8/site-packages/airflow/example_dags/tutorial.py
[2025-04-28T12:58:59.262+0000] {processor.py:840} INFO - DAG(s) 'tutorial' retrieved from /home/airflow/.local/lib/python3.8/site-packages/airflow/example_dags/tutorial.py
[2025-04-28T12:58:59.311+0000] {logging_mixin.py:188} INFO - [2025-04-28T12:58:59.310+0000] {dag.py:3033} INFO - Sync 1 DAGs
[2025-04-28T12:58:59.370+0000] {logging_mixin.py:188} INFO - [2025-04-28T12:58:59.370+0000] {dag.py:3820} INFO - Setting next_dagrun for tutorial to 2025-04-27T00:00:00+00:00, run_after=2025-04-28T00:00:00+00:00
[2025-04-28T12:58:59.424+0000] {processor.py:183} INFO - Processing /home/airflow/.local/lib/python3.8/site-packages/airflow/example_dags/tutorial.py took 0.193 seconds
[2025-04-28T12:59:30.029+0000] {processor.py:161} INFO - Started process (PID=12775) to work on /home/airflow/.local/lib/python3.8/site-packages/airflow/example_dags/tutorial.py
[2025-04-28T12:59:30.031+0000] {processor.py:830} INFO - Processing file /home/airflow/.local/lib/python3.8/site-packages/airflow/example_dags/tutorial.py for tasks to queue
[2025-04-28T12:59:30.033+0000] {logging_mixin.py:188} INFO - [2025-04-28T12:59:30.033+0000] {dagbag.py:538} INFO - Filling up the DagBag from /home/airflow/.local/lib/python3.8/site-packages/airflow/example_dags/tutorial.py
[2025-04-28T12:59:30.048+0000] {processor.py:840} INFO - DAG(s) 'tutorial' retrieved from /home/airflow/.local/lib/python3.8/site-packages/airflow/example_dags/tutorial.py
[2025-04-28T12:59:30.094+0000] {logging_mixin.py:188} INFO - [2025-04-28T12:59:30.094+0000] {dag.py:3033} INFO - Sync 1 DAGs
[2025-04-28T12:59:30.145+0000] {logging_mixin.py:188} INFO - [2025-04-28T12:59:30.144+0000] {dag.py:3820} INFO - Setting next_dagrun for tutorial to 2025-04-27T00:00:00+00:00, run_after=2025-04-28T00:00:00+00:00
[2025-04-28T12:59:30.196+0000] {processor.py:183} INFO - Processing /home/airflow/.local/lib/python3.8/site-packages/airflow/example_dags/tutorial.py took 0.175 seconds
[2025-04-28T13:00:09.369+0000] {processor.py:161} INFO - Started process (PID=12831) to work on /home/airflow/.local/lib/python3.8/site-packages/airflow/example_dags/tutorial.py
[2025-04-28T13:00:09.379+0000] {processor.py:830} INFO - Processing file /home/airflow/.local/lib/python3.8/site-packages/airflow/example_dags/tutorial.py for tasks to queue
[2025-04-28T13:00:09.384+0000] {logging_mixin.py:188} INFO - [2025-04-28T13:00:09.382+0000] {dagbag.py:538} INFO - Filling up the DagBag from /home/airflow/.local/lib/python3.8/site-packages/airflow/example_dags/tutorial.py
[2025-04-28T13:00:09.426+0000] {processor.py:840} INFO - DAG(s) 'tutorial' retrieved from /home/airflow/.local/lib/python3.8/site-packages/airflow/example_dags/tutorial.py
[2025-04-28T13:00:09.524+0000] {logging_mixin.py:188} INFO - [2025-04-28T13:00:09.523+0000] {dag.py:3033} INFO - Sync 1 DAGs
[2025-04-28T13:00:09.662+0000] {logging_mixin.py:188} INFO - [2025-04-28T13:00:09.661+0000] {dag.py:3820} INFO - Setting next_dagrun for tutorial to 2025-04-27T00:00:00+00:00, run_after=2025-04-28T00:00:00+00:00
[2025-04-28T13:00:09.754+0000] {processor.py:183} INFO - Processing /home/airflow/.local/lib/python3.8/site-packages/airflow/example_dags/tutorial.py took 0.398 seconds
[2025-04-28T13:00:40.152+0000] {processor.py:161} INFO - Started process (PID=12887) to work on /home/airflow/.local/lib/python3.8/site-packages/airflow/example_dags/tutorial.py
[2025-04-28T13:00:40.154+0000] {processor.py:830} INFO - Processing file /home/airflow/.local/lib/python3.8/site-packages/airflow/example_dags/tutorial.py for tasks to queue
[2025-04-28T13:00:40.157+0000] {logging_mixin.py:188} INFO - [2025-04-28T13:00:40.156+0000] {dagbag.py:538} INFO - Filling up the DagBag from /home/airflow/.local/lib/python3.8/site-packages/airflow/example_dags/tutorial.py
[2025-04-28T13:00:40.176+0000] {processor.py:840} INFO - DAG(s) 'tutorial' retrieved from /home/airflow/.local/lib/python3.8/site-packages/airflow/example_dags/tutorial.py
[2025-04-28T13:00:40.234+0000] {logging_mixin.py:188} INFO - [2025-04-28T13:00:40.234+0000] {dag.py:3033} INFO - Sync 1 DAGs
[2025-04-28T13:00:40.299+0000] {logging_mixin.py:188} INFO - [2025-04-28T13:00:40.298+0000] {dag.py:3820} INFO - Setting next_dagrun for tutorial to 2025-04-27T00:00:00+00:00, run_after=2025-04-28T00:00:00+00:00
[2025-04-28T13:00:40.352+0000] {processor.py:183} INFO - Processing /home/airflow/.local/lib/python3.8/site-packages/airflow/example_dags/tutorial.py took 0.208 seconds
[2025-04-28T13:01:10.678+0000] {processor.py:161} INFO - Started process (PID=12943) to work on /home/airflow/.local/lib/python3.8/site-packages/airflow/example_dags/tutorial.py
[2025-04-28T13:01:10.680+0000] {processor.py:830} INFO - Processing file /home/airflow/.local/lib/python3.8/site-packages/airflow/example_dags/tutorial.py for tasks to queue
[2025-04-28T13:01:10.683+0000] {logging_mixin.py:188} INFO - [2025-04-28T13:01:10.682+0000] {dagbag.py:538} INFO - Filling up the DagBag from /home/airflow/.local/lib/python3.8/site-packages/airflow/example_dags/tutorial.py
[2025-04-28T13:01:10.718+0000] {processor.py:840} INFO - DAG(s) 'tutorial' retrieved from /home/airflow/.local/lib/python3.8/site-packages/airflow/example_dags/tutorial.py
[2025-04-28T13:01:10.884+0000] {logging_mixin.py:188} INFO - [2025-04-28T13:01:10.883+0000] {dag.py:3033} INFO - Sync 1 DAGs
[2025-04-28T13:01:11.028+0000] {logging_mixin.py:188} INFO - [2025-04-28T13:01:11.027+0000] {dag.py:3820} INFO - Setting next_dagrun for tutorial to 2025-04-27T00:00:00+00:00, run_after=2025-04-28T00:00:00+00:00
[2025-04-28T13:01:11.128+0000] {processor.py:183} INFO - Processing /home/airflow/.local/lib/python3.8/site-packages/airflow/example_dags/tutorial.py took 0.459 seconds
[2025-04-28T13:01:41.270+0000] {processor.py:161} INFO - Started process (PID=12993) to work on /home/airflow/.local/lib/python3.8/site-packages/airflow/example_dags/tutorial.py
[2025-04-28T13:01:41.272+0000] {processor.py:830} INFO - Processing file /home/airflow/.local/lib/python3.8/site-packages/airflow/example_dags/tutorial.py for tasks to queue
[2025-04-28T13:01:41.275+0000] {logging_mixin.py:188} INFO - [2025-04-28T13:01:41.274+0000] {dagbag.py:538} INFO - Filling up the DagBag from /home/airflow/.local/lib/python3.8/site-packages/airflow/example_dags/tutorial.py
[2025-04-28T13:01:41.292+0000] {processor.py:840} INFO - DAG(s) 'tutorial' retrieved from /home/airflow/.local/lib/python3.8/site-packages/airflow/example_dags/tutorial.py
[2025-04-28T13:01:41.345+0000] {logging_mixin.py:188} INFO - [2025-04-28T13:01:41.345+0000] {dag.py:3033} INFO - Sync 1 DAGs
[2025-04-28T13:01:41.396+0000] {logging_mixin.py:188} INFO - [2025-04-28T13:01:41.396+0000] {dag.py:3820} INFO - Setting next_dagrun for tutorial to 2025-04-27T00:00:00+00:00, run_after=2025-04-28T00:00:00+00:00
[2025-04-28T13:01:41.462+0000] {processor.py:183} INFO - Processing /home/airflow/.local/lib/python3.8/site-packages/airflow/example_dags/tutorial.py took 0.202 seconds
[2025-04-28T13:02:12.611+0000] {processor.py:161} INFO - Started process (PID=13049) to work on /home/airflow/.local/lib/python3.8/site-packages/airflow/example_dags/tutorial.py
[2025-04-28T13:02:12.613+0000] {processor.py:830} INFO - Processing file /home/airflow/.local/lib/python3.8/site-packages/airflow/example_dags/tutorial.py for tasks to queue
[2025-04-28T13:02:12.617+0000] {logging_mixin.py:188} INFO - [2025-04-28T13:02:12.616+0000] {dagbag.py:538} INFO - Filling up the DagBag from /home/airflow/.local/lib/python3.8/site-packages/airflow/example_dags/tutorial.py
[2025-04-28T13:02:12.653+0000] {processor.py:840} INFO - DAG(s) 'tutorial' retrieved from /home/airflow/.local/lib/python3.8/site-packages/airflow/example_dags/tutorial.py
[2025-04-28T13:02:12.783+0000] {logging_mixin.py:188} INFO - [2025-04-28T13:02:12.782+0000] {dag.py:3033} INFO - Sync 1 DAGs
[2025-04-28T13:02:12.867+0000] {logging_mixin.py:188} INFO - [2025-04-28T13:02:12.867+0000] {dag.py:3820} INFO - Setting next_dagrun for tutorial to 2025-04-27T00:00:00+00:00, run_after=2025-04-28T00:00:00+00:00
[2025-04-28T13:02:12.933+0000] {processor.py:183} INFO - Processing /home/airflow/.local/lib/python3.8/site-packages/airflow/example_dags/tutorial.py took 0.339 seconds
[2025-04-28T13:02:48.287+0000] {processor.py:161} INFO - Started process (PID=13111) to work on /home/airflow/.local/lib/python3.8/site-packages/airflow/example_dags/tutorial.py
[2025-04-28T13:02:48.290+0000] {processor.py:830} INFO - Processing file /home/airflow/.local/lib/python3.8/site-packages/airflow/example_dags/tutorial.py for tasks to queue
[2025-04-28T13:02:48.293+0000] {logging_mixin.py:188} INFO - [2025-04-28T13:02:48.292+0000] {dagbag.py:538} INFO - Filling up the DagBag from /home/airflow/.local/lib/python3.8/site-packages/airflow/example_dags/tutorial.py
[2025-04-28T13:02:48.317+0000] {processor.py:840} INFO - DAG(s) 'tutorial' retrieved from /home/airflow/.local/lib/python3.8/site-packages/airflow/example_dags/tutorial.py
[2025-04-28T13:02:48.419+0000] {logging_mixin.py:188} INFO - [2025-04-28T13:02:48.418+0000] {dag.py:3033} INFO - Sync 1 DAGs
[2025-04-28T13:02:48.472+0000] {logging_mixin.py:188} INFO - [2025-04-28T13:02:48.472+0000] {dag.py:3820} INFO - Setting next_dagrun for tutorial to 2025-04-27T00:00:00+00:00, run_after=2025-04-28T00:00:00+00:00
[2025-04-28T13:02:48.516+0000] {processor.py:183} INFO - Processing /home/airflow/.local/lib/python3.8/site-packages/airflow/example_dags/tutorial.py took 0.242 seconds
[2025-04-28T13:03:23.791+0000] {processor.py:161} INFO - Started process (PID=13165) to work on /home/airflow/.local/lib/python3.8/site-packages/airflow/example_dags/tutorial.py
[2025-04-28T13:03:23.794+0000] {processor.py:830} INFO - Processing file /home/airflow/.local/lib/python3.8/site-packages/airflow/example_dags/tutorial.py for tasks to queue
[2025-04-28T13:03:23.806+0000] {logging_mixin.py:188} INFO - [2025-04-28T13:03:23.805+0000] {dagbag.py:538} INFO - Filling up the DagBag from /home/airflow/.local/lib/python3.8/site-packages/airflow/example_dags/tutorial.py
[2025-04-28T13:03:23.841+0000] {processor.py:840} INFO - DAG(s) 'tutorial' retrieved from /home/airflow/.local/lib/python3.8/site-packages/airflow/example_dags/tutorial.py
[2025-04-28T13:03:23.931+0000] {logging_mixin.py:188} INFO - [2025-04-28T13:03:23.930+0000] {dag.py:3033} INFO - Sync 1 DAGs
[2025-04-28T13:03:24.037+0000] {logging_mixin.py:188} INFO - [2025-04-28T13:03:24.037+0000] {dag.py:3820} INFO - Setting next_dagrun for tutorial to 2025-04-27T00:00:00+00:00, run_after=2025-04-28T00:00:00+00:00
[2025-04-28T13:03:24.109+0000] {processor.py:183} INFO - Processing /home/airflow/.local/lib/python3.8/site-packages/airflow/example_dags/tutorial.py took 0.345 seconds
[2025-04-28T13:03:55.149+0000] {processor.py:161} INFO - Started process (PID=13221) to work on /home/airflow/.local/lib/python3.8/site-packages/airflow/example_dags/tutorial.py
[2025-04-28T13:03:55.151+0000] {processor.py:830} INFO - Processing file /home/airflow/.local/lib/python3.8/site-packages/airflow/example_dags/tutorial.py for tasks to queue
[2025-04-28T13:03:55.154+0000] {logging_mixin.py:188} INFO - [2025-04-28T13:03:55.153+0000] {dagbag.py:538} INFO - Filling up the DagBag from /home/airflow/.local/lib/python3.8/site-packages/airflow/example_dags/tutorial.py
[2025-04-28T13:03:55.175+0000] {processor.py:840} INFO - DAG(s) 'tutorial' retrieved from /home/airflow/.local/lib/python3.8/site-packages/airflow/example_dags/tutorial.py
[2025-04-28T13:03:55.253+0000] {logging_mixin.py:188} INFO - [2025-04-28T13:03:55.252+0000] {dag.py:3033} INFO - Sync 1 DAGs
[2025-04-28T13:03:55.438+0000] {logging_mixin.py:188} INFO - [2025-04-28T13:03:55.438+0000] {dag.py:3820} INFO - Setting next_dagrun for tutorial to 2025-04-27T00:00:00+00:00, run_after=2025-04-28T00:00:00+00:00
[2025-04-28T13:03:55.737+0000] {processor.py:183} INFO - Processing /home/airflow/.local/lib/python3.8/site-packages/airflow/example_dags/tutorial.py took 0.596 seconds
[2025-04-28T13:04:26.457+0000] {processor.py:161} INFO - Started process (PID=13276) to work on /home/airflow/.local/lib/python3.8/site-packages/airflow/example_dags/tutorial.py
[2025-04-28T13:04:26.460+0000] {processor.py:830} INFO - Processing file /home/airflow/.local/lib/python3.8/site-packages/airflow/example_dags/tutorial.py for tasks to queue
[2025-04-28T13:04:26.464+0000] {logging_mixin.py:188} INFO - [2025-04-28T13:04:26.463+0000] {dagbag.py:538} INFO - Filling up the DagBag from /home/airflow/.local/lib/python3.8/site-packages/airflow/example_dags/tutorial.py
[2025-04-28T13:04:26.493+0000] {processor.py:840} INFO - DAG(s) 'tutorial' retrieved from /home/airflow/.local/lib/python3.8/site-packages/airflow/example_dags/tutorial.py
[2025-04-28T13:04:26.551+0000] {logging_mixin.py:188} INFO - [2025-04-28T13:04:26.550+0000] {dag.py:3033} INFO - Sync 1 DAGs
[2025-04-28T13:04:26.623+0000] {logging_mixin.py:188} INFO - [2025-04-28T13:04:26.623+0000] {dag.py:3820} INFO - Setting next_dagrun for tutorial to 2025-04-27T00:00:00+00:00, run_after=2025-04-28T00:00:00+00:00
[2025-04-28T13:04:26.673+0000] {processor.py:183} INFO - Processing /home/airflow/.local/lib/python3.8/site-packages/airflow/example_dags/tutorial.py took 0.226 seconds
[2025-04-28T13:04:56.812+0000] {processor.py:161} INFO - Started process (PID=13326) to work on /home/airflow/.local/lib/python3.8/site-packages/airflow/example_dags/tutorial.py
[2025-04-28T13:04:56.814+0000] {processor.py:830} INFO - Processing file /home/airflow/.local/lib/python3.8/site-packages/airflow/example_dags/tutorial.py for tasks to queue
[2025-04-28T13:04:56.816+0000] {logging_mixin.py:188} INFO - [2025-04-28T13:04:56.815+0000] {dagbag.py:538} INFO - Filling up the DagBag from /home/airflow/.local/lib/python3.8/site-packages/airflow/example_dags/tutorial.py
[2025-04-28T13:04:56.837+0000] {processor.py:840} INFO - DAG(s) 'tutorial' retrieved from /home/airflow/.local/lib/python3.8/site-packages/airflow/example_dags/tutorial.py
[2025-04-28T13:04:56.937+0000] {logging_mixin.py:188} INFO - [2025-04-28T13:04:56.936+0000] {dag.py:3033} INFO - Sync 1 DAGs
[2025-04-28T13:04:57.006+0000] {logging_mixin.py:188} INFO - [2025-04-28T13:04:57.006+0000] {dag.py:3820} INFO - Setting next_dagrun for tutorial to 2025-04-27T00:00:00+00:00, run_after=2025-04-28T00:00:00+00:00
[2025-04-28T13:04:57.074+0000] {processor.py:183} INFO - Processing /home/airflow/.local/lib/python3.8/site-packages/airflow/example_dags/tutorial.py took 0.272 seconds
[2025-04-28T13:05:28.532+0000] {processor.py:161} INFO - Started process (PID=13384) to work on /home/airflow/.local/lib/python3.8/site-packages/airflow/example_dags/tutorial.py
[2025-04-28T13:05:28.534+0000] {processor.py:830} INFO - Processing file /home/airflow/.local/lib/python3.8/site-packages/airflow/example_dags/tutorial.py for tasks to queue
[2025-04-28T13:05:28.536+0000] {logging_mixin.py:188} INFO - [2025-04-28T13:05:28.536+0000] {dagbag.py:538} INFO - Filling up the DagBag from /home/airflow/.local/lib/python3.8/site-packages/airflow/example_dags/tutorial.py
[2025-04-28T13:05:28.569+0000] {processor.py:840} INFO - DAG(s) 'tutorial' retrieved from /home/airflow/.local/lib/python3.8/site-packages/airflow/example_dags/tutorial.py
[2025-04-28T13:05:28.799+0000] {logging_mixin.py:188} INFO - [2025-04-28T13:05:28.798+0000] {dag.py:3033} INFO - Sync 1 DAGs
[2025-04-28T13:05:28.927+0000] {logging_mixin.py:188} INFO - [2025-04-28T13:05:28.926+0000] {dag.py:3820} INFO - Setting next_dagrun for tutorial to 2025-04-27T00:00:00+00:00, run_after=2025-04-28T00:00:00+00:00
[2025-04-28T13:05:29.119+0000] {processor.py:183} INFO - Processing /home/airflow/.local/lib/python3.8/site-packages/airflow/example_dags/tutorial.py took 0.595 seconds
[2025-04-28T13:05:59.390+0000] {processor.py:161} INFO - Started process (PID=13440) to work on /home/airflow/.local/lib/python3.8/site-packages/airflow/example_dags/tutorial.py
[2025-04-28T13:05:59.392+0000] {processor.py:830} INFO - Processing file /home/airflow/.local/lib/python3.8/site-packages/airflow/example_dags/tutorial.py for tasks to queue
[2025-04-28T13:05:59.395+0000] {logging_mixin.py:188} INFO - [2025-04-28T13:05:59.394+0000] {dagbag.py:538} INFO - Filling up the DagBag from /home/airflow/.local/lib/python3.8/site-packages/airflow/example_dags/tutorial.py
[2025-04-28T13:05:59.410+0000] {processor.py:840} INFO - DAG(s) 'tutorial' retrieved from /home/airflow/.local/lib/python3.8/site-packages/airflow/example_dags/tutorial.py
[2025-04-28T13:05:59.457+0000] {logging_mixin.py:188} INFO - [2025-04-28T13:05:59.456+0000] {dag.py:3033} INFO - Sync 1 DAGs
[2025-04-28T13:05:59.507+0000] {logging_mixin.py:188} INFO - [2025-04-28T13:05:59.507+0000] {dag.py:3820} INFO - Setting next_dagrun for tutorial to 2025-04-27T00:00:00+00:00, run_after=2025-04-28T00:00:00+00:00
[2025-04-28T13:05:59.552+0000] {processor.py:183} INFO - Processing /home/airflow/.local/lib/python3.8/site-packages/airflow/example_dags/tutorial.py took 0.169 seconds
[2025-04-28T13:06:30.157+0000] {processor.py:161} INFO - Started process (PID=13496) to work on /home/airflow/.local/lib/python3.8/site-packages/airflow/example_dags/tutorial.py
[2025-04-28T13:06:30.159+0000] {processor.py:830} INFO - Processing file /home/airflow/.local/lib/python3.8/site-packages/airflow/example_dags/tutorial.py for tasks to queue
[2025-04-28T13:06:30.161+0000] {logging_mixin.py:188} INFO - [2025-04-28T13:06:30.161+0000] {dagbag.py:538} INFO - Filling up the DagBag from /home/airflow/.local/lib/python3.8/site-packages/airflow/example_dags/tutorial.py
[2025-04-28T13:06:30.178+0000] {processor.py:840} INFO - DAG(s) 'tutorial' retrieved from /home/airflow/.local/lib/python3.8/site-packages/airflow/example_dags/tutorial.py
[2025-04-28T13:06:30.225+0000] {logging_mixin.py:188} INFO - [2025-04-28T13:06:30.225+0000] {dag.py:3033} INFO - Sync 1 DAGs
[2025-04-28T13:06:30.275+0000] {logging_mixin.py:188} INFO - [2025-04-28T13:06:30.274+0000] {dag.py:3820} INFO - Setting next_dagrun for tutorial to 2025-04-27T00:00:00+00:00, run_after=2025-04-28T00:00:00+00:00
[2025-04-28T13:06:30.318+0000] {processor.py:183} INFO - Processing /home/airflow/.local/lib/python3.8/site-packages/airflow/example_dags/tutorial.py took 0.169 seconds
[2025-04-28T13:07:00.985+0000] {processor.py:161} INFO - Started process (PID=13552) to work on /home/airflow/.local/lib/python3.8/site-packages/airflow/example_dags/tutorial.py
[2025-04-28T13:07:00.987+0000] {processor.py:830} INFO - Processing file /home/airflow/.local/lib/python3.8/site-packages/airflow/example_dags/tutorial.py for tasks to queue
[2025-04-28T13:07:00.988+0000] {logging_mixin.py:188} INFO - [2025-04-28T13:07:00.988+0000] {dagbag.py:538} INFO - Filling up the DagBag from /home/airflow/.local/lib/python3.8/site-packages/airflow/example_dags/tutorial.py
[2025-04-28T13:07:01.005+0000] {processor.py:840} INFO - DAG(s) 'tutorial' retrieved from /home/airflow/.local/lib/python3.8/site-packages/airflow/example_dags/tutorial.py
[2025-04-28T13:07:01.046+0000] {logging_mixin.py:188} INFO - [2025-04-28T13:07:01.046+0000] {dag.py:3033} INFO - Sync 1 DAGs
[2025-04-28T13:07:01.096+0000] {logging_mixin.py:188} INFO - [2025-04-28T13:07:01.095+0000] {dag.py:3820} INFO - Setting next_dagrun for tutorial to 2025-04-27T00:00:00+00:00, run_after=2025-04-28T00:00:00+00:00
[2025-04-28T13:07:01.158+0000] {processor.py:183} INFO - Processing /home/airflow/.local/lib/python3.8/site-packages/airflow/example_dags/tutorial.py took 0.180 seconds
[2025-04-28T13:07:31.951+0000] {processor.py:161} INFO - Started process (PID=13607) to work on /home/airflow/.local/lib/python3.8/site-packages/airflow/example_dags/tutorial.py
[2025-04-28T13:07:31.953+0000] {processor.py:830} INFO - Processing file /home/airflow/.local/lib/python3.8/site-packages/airflow/example_dags/tutorial.py for tasks to queue
[2025-04-28T13:07:31.955+0000] {logging_mixin.py:188} INFO - [2025-04-28T13:07:31.955+0000] {dagbag.py:538} INFO - Filling up the DagBag from /home/airflow/.local/lib/python3.8/site-packages/airflow/example_dags/tutorial.py
[2025-04-28T13:07:31.981+0000] {processor.py:840} INFO - DAG(s) 'tutorial' retrieved from /home/airflow/.local/lib/python3.8/site-packages/airflow/example_dags/tutorial.py
[2025-04-28T13:07:32.038+0000] {logging_mixin.py:188} INFO - [2025-04-28T13:07:32.037+0000] {dag.py:3033} INFO - Sync 1 DAGs
[2025-04-28T13:07:32.095+0000] {logging_mixin.py:188} INFO - [2025-04-28T13:07:32.095+0000] {dag.py:3820} INFO - Setting next_dagrun for tutorial to 2025-04-27T00:00:00+00:00, run_after=2025-04-28T00:00:00+00:00
[2025-04-28T13:07:32.142+0000] {processor.py:183} INFO - Processing /home/airflow/.local/lib/python3.8/site-packages/airflow/example_dags/tutorial.py took 0.201 seconds
[2025-04-28T13:08:04.644+0000] {processor.py:161} INFO - Started process (PID=13663) to work on /home/airflow/.local/lib/python3.8/site-packages/airflow/example_dags/tutorial.py
[2025-04-28T13:08:04.657+0000] {processor.py:830} INFO - Processing file /home/airflow/.local/lib/python3.8/site-packages/airflow/example_dags/tutorial.py for tasks to queue
[2025-04-28T13:08:04.659+0000] {logging_mixin.py:188} INFO - [2025-04-28T13:08:04.658+0000] {dagbag.py:538} INFO - Filling up the DagBag from /home/airflow/.local/lib/python3.8/site-packages/airflow/example_dags/tutorial.py
[2025-04-28T13:08:04.693+0000] {processor.py:840} INFO - DAG(s) 'tutorial' retrieved from /home/airflow/.local/lib/python3.8/site-packages/airflow/example_dags/tutorial.py
[2025-04-28T13:08:04.802+0000] {logging_mixin.py:188} INFO - [2025-04-28T13:08:04.802+0000] {dag.py:3033} INFO - Sync 1 DAGs
[2025-04-28T13:08:04.905+0000] {logging_mixin.py:188} INFO - [2025-04-28T13:08:04.904+0000] {dag.py:3820} INFO - Setting next_dagrun for tutorial to 2025-04-27T00:00:00+00:00, run_after=2025-04-28T00:00:00+00:00
[2025-04-28T13:08:04.982+0000] {processor.py:183} INFO - Processing /home/airflow/.local/lib/python3.8/site-packages/airflow/example_dags/tutorial.py took 0.351 seconds
[2025-04-28T13:08:35.779+0000] {processor.py:161} INFO - Started process (PID=13719) to work on /home/airflow/.local/lib/python3.8/site-packages/airflow/example_dags/tutorial.py
[2025-04-28T13:08:35.781+0000] {processor.py:830} INFO - Processing file /home/airflow/.local/lib/python3.8/site-packages/airflow/example_dags/tutorial.py for tasks to queue
[2025-04-28T13:08:35.784+0000] {logging_mixin.py:188} INFO - [2025-04-28T13:08:35.783+0000] {dagbag.py:538} INFO - Filling up the DagBag from /home/airflow/.local/lib/python3.8/site-packages/airflow/example_dags/tutorial.py
[2025-04-28T13:08:35.802+0000] {processor.py:840} INFO - DAG(s) 'tutorial' retrieved from /home/airflow/.local/lib/python3.8/site-packages/airflow/example_dags/tutorial.py
[2025-04-28T13:08:35.850+0000] {logging_mixin.py:188} INFO - [2025-04-28T13:08:35.850+0000] {dag.py:3033} INFO - Sync 1 DAGs
[2025-04-28T13:08:35.911+0000] {logging_mixin.py:188} INFO - [2025-04-28T13:08:35.911+0000] {dag.py:3820} INFO - Setting next_dagrun for tutorial to 2025-04-27T00:00:00+00:00, run_after=2025-04-28T00:00:00+00:00
[2025-04-28T13:08:35.961+0000] {processor.py:183} INFO - Processing /home/airflow/.local/lib/python3.8/site-packages/airflow/example_dags/tutorial.py took 0.191 seconds
[2025-04-28T13:09:08.918+0000] {processor.py:161} INFO - Started process (PID=13776) to work on /home/airflow/.local/lib/python3.8/site-packages/airflow/example_dags/tutorial.py
[2025-04-28T13:09:08.921+0000] {processor.py:830} INFO - Processing file /home/airflow/.local/lib/python3.8/site-packages/airflow/example_dags/tutorial.py for tasks to queue
[2025-04-28T13:09:08.923+0000] {logging_mixin.py:188} INFO - [2025-04-28T13:09:08.922+0000] {dagbag.py:538} INFO - Filling up the DagBag from /home/airflow/.local/lib/python3.8/site-packages/airflow/example_dags/tutorial.py
[2025-04-28T13:09:08.943+0000] {processor.py:840} INFO - DAG(s) 'tutorial' retrieved from /home/airflow/.local/lib/python3.8/site-packages/airflow/example_dags/tutorial.py
[2025-04-28T13:09:08.999+0000] {logging_mixin.py:188} INFO - [2025-04-28T13:09:08.999+0000] {dag.py:3033} INFO - Sync 1 DAGs
[2025-04-28T13:09:09.064+0000] {logging_mixin.py:188} INFO - [2025-04-28T13:09:09.063+0000] {dag.py:3820} INFO - Setting next_dagrun for tutorial to 2025-04-27T00:00:00+00:00, run_after=2025-04-28T00:00:00+00:00
[2025-04-28T13:09:09.143+0000] {processor.py:183} INFO - Processing /home/airflow/.local/lib/python3.8/site-packages/airflow/example_dags/tutorial.py took 0.233 seconds
[2025-04-28T13:09:41.670+0000] {processor.py:161} INFO - Started process (PID=13833) to work on /home/airflow/.local/lib/python3.8/site-packages/airflow/example_dags/tutorial.py
[2025-04-28T13:09:41.673+0000] {processor.py:830} INFO - Processing file /home/airflow/.local/lib/python3.8/site-packages/airflow/example_dags/tutorial.py for tasks to queue
[2025-04-28T13:09:41.676+0000] {logging_mixin.py:188} INFO - [2025-04-28T13:09:41.675+0000] {dagbag.py:538} INFO - Filling up the DagBag from /home/airflow/.local/lib/python3.8/site-packages/airflow/example_dags/tutorial.py
[2025-04-28T13:09:41.696+0000] {processor.py:840} INFO - DAG(s) 'tutorial' retrieved from /home/airflow/.local/lib/python3.8/site-packages/airflow/example_dags/tutorial.py
[2025-04-28T13:09:41.751+0000] {logging_mixin.py:188} INFO - [2025-04-28T13:09:41.751+0000] {dag.py:3033} INFO - Sync 1 DAGs
[2025-04-28T13:09:41.806+0000] {logging_mixin.py:188} INFO - [2025-04-28T13:09:41.806+0000] {dag.py:3820} INFO - Setting next_dagrun for tutorial to 2025-04-27T00:00:00+00:00, run_after=2025-04-28T00:00:00+00:00
[2025-04-28T13:09:41.865+0000] {processor.py:183} INFO - Processing /home/airflow/.local/lib/python3.8/site-packages/airflow/example_dags/tutorial.py took 0.204 seconds
[2025-04-28T13:10:14.456+0000] {processor.py:161} INFO - Started process (PID=13889) to work on /home/airflow/.local/lib/python3.8/site-packages/airflow/example_dags/tutorial.py
[2025-04-28T13:10:14.459+0000] {processor.py:830} INFO - Processing file /home/airflow/.local/lib/python3.8/site-packages/airflow/example_dags/tutorial.py for tasks to queue
[2025-04-28T13:10:14.462+0000] {logging_mixin.py:188} INFO - [2025-04-28T13:10:14.462+0000] {dagbag.py:538} INFO - Filling up the DagBag from /home/airflow/.local/lib/python3.8/site-packages/airflow/example_dags/tutorial.py
[2025-04-28T13:10:14.484+0000] {processor.py:840} INFO - DAG(s) 'tutorial' retrieved from /home/airflow/.local/lib/python3.8/site-packages/airflow/example_dags/tutorial.py
[2025-04-28T13:10:14.536+0000] {logging_mixin.py:188} INFO - [2025-04-28T13:10:14.535+0000] {dag.py:3033} INFO - Sync 1 DAGs
[2025-04-28T13:10:14.598+0000] {logging_mixin.py:188} INFO - [2025-04-28T13:10:14.598+0000] {dag.py:3820} INFO - Setting next_dagrun for tutorial to 2025-04-27T00:00:00+00:00, run_after=2025-04-28T00:00:00+00:00
[2025-04-28T13:10:14.648+0000] {processor.py:183} INFO - Processing /home/airflow/.local/lib/python3.8/site-packages/airflow/example_dags/tutorial.py took 0.203 seconds
[2025-04-28T13:10:46.343+0000] {processor.py:161} INFO - Started process (PID=13944) to work on /home/airflow/.local/lib/python3.8/site-packages/airflow/example_dags/tutorial.py
[2025-04-28T13:10:46.345+0000] {processor.py:830} INFO - Processing file /home/airflow/.local/lib/python3.8/site-packages/airflow/example_dags/tutorial.py for tasks to queue
[2025-04-28T13:10:46.347+0000] {logging_mixin.py:188} INFO - [2025-04-28T13:10:46.347+0000] {dagbag.py:538} INFO - Filling up the DagBag from /home/airflow/.local/lib/python3.8/site-packages/airflow/example_dags/tutorial.py
[2025-04-28T13:10:46.363+0000] {processor.py:840} INFO - DAG(s) 'tutorial' retrieved from /home/airflow/.local/lib/python3.8/site-packages/airflow/example_dags/tutorial.py
[2025-04-28T13:10:46.408+0000] {logging_mixin.py:188} INFO - [2025-04-28T13:10:46.408+0000] {dag.py:3033} INFO - Sync 1 DAGs
[2025-04-28T13:10:46.482+0000] {logging_mixin.py:188} INFO - [2025-04-28T13:10:46.481+0000] {dag.py:3820} INFO - Setting next_dagrun for tutorial to 2025-04-27T00:00:00+00:00, run_after=2025-04-28T00:00:00+00:00
[2025-04-28T13:10:46.543+0000] {processor.py:183} INFO - Processing /home/airflow/.local/lib/python3.8/site-packages/airflow/example_dags/tutorial.py took 0.206 seconds
[2025-04-28T13:11:17.586+0000] {processor.py:161} INFO - Started process (PID=14000) to work on /home/airflow/.local/lib/python3.8/site-packages/airflow/example_dags/tutorial.py
[2025-04-28T13:11:17.589+0000] {processor.py:830} INFO - Processing file /home/airflow/.local/lib/python3.8/site-packages/airflow/example_dags/tutorial.py for tasks to queue
[2025-04-28T13:11:17.591+0000] {logging_mixin.py:188} INFO - [2025-04-28T13:11:17.590+0000] {dagbag.py:538} INFO - Filling up the DagBag from /home/airflow/.local/lib/python3.8/site-packages/airflow/example_dags/tutorial.py
[2025-04-28T13:11:17.609+0000] {processor.py:840} INFO - DAG(s) 'tutorial' retrieved from /home/airflow/.local/lib/python3.8/site-packages/airflow/example_dags/tutorial.py
[2025-04-28T13:11:17.662+0000] {logging_mixin.py:188} INFO - [2025-04-28T13:11:17.661+0000] {dag.py:3033} INFO - Sync 1 DAGs
[2025-04-28T13:11:17.717+0000] {logging_mixin.py:188} INFO - [2025-04-28T13:11:17.717+0000] {dag.py:3820} INFO - Setting next_dagrun for tutorial to 2025-04-27T00:00:00+00:00, run_after=2025-04-28T00:00:00+00:00
[2025-04-28T13:11:17.769+0000] {processor.py:183} INFO - Processing /home/airflow/.local/lib/python3.8/site-packages/airflow/example_dags/tutorial.py took 0.191 seconds
[2025-04-28T13:11:48.349+0000] {processor.py:161} INFO - Started process (PID=14056) to work on /home/airflow/.local/lib/python3.8/site-packages/airflow/example_dags/tutorial.py
[2025-04-28T13:11:48.351+0000] {processor.py:830} INFO - Processing file /home/airflow/.local/lib/python3.8/site-packages/airflow/example_dags/tutorial.py for tasks to queue
[2025-04-28T13:11:48.353+0000] {logging_mixin.py:188} INFO - [2025-04-28T13:11:48.353+0000] {dagbag.py:538} INFO - Filling up the DagBag from /home/airflow/.local/lib/python3.8/site-packages/airflow/example_dags/tutorial.py
[2025-04-28T13:11:48.370+0000] {processor.py:840} INFO - DAG(s) 'tutorial' retrieved from /home/airflow/.local/lib/python3.8/site-packages/airflow/example_dags/tutorial.py
[2025-04-28T13:11:48.424+0000] {logging_mixin.py:188} INFO - [2025-04-28T13:11:48.423+0000] {dag.py:3033} INFO - Sync 1 DAGs
[2025-04-28T13:11:48.491+0000] {logging_mixin.py:188} INFO - [2025-04-28T13:11:48.490+0000] {dag.py:3820} INFO - Setting next_dagrun for tutorial to 2025-04-27T00:00:00+00:00, run_after=2025-04-28T00:00:00+00:00
[2025-04-28T13:11:48.546+0000] {processor.py:183} INFO - Processing /home/airflow/.local/lib/python3.8/site-packages/airflow/example_dags/tutorial.py took 0.207 seconds
[2025-04-28T13:12:19.255+0000] {processor.py:161} INFO - Started process (PID=14113) to work on /home/airflow/.local/lib/python3.8/site-packages/airflow/example_dags/tutorial.py
[2025-04-28T13:12:19.257+0000] {processor.py:830} INFO - Processing file /home/airflow/.local/lib/python3.8/site-packages/airflow/example_dags/tutorial.py for tasks to queue
[2025-04-28T13:12:19.259+0000] {logging_mixin.py:188} INFO - [2025-04-28T13:12:19.259+0000] {dagbag.py:538} INFO - Filling up the DagBag from /home/airflow/.local/lib/python3.8/site-packages/airflow/example_dags/tutorial.py
[2025-04-28T13:12:19.279+0000] {processor.py:840} INFO - DAG(s) 'tutorial' retrieved from /home/airflow/.local/lib/python3.8/site-packages/airflow/example_dags/tutorial.py
[2025-04-28T13:12:19.342+0000] {logging_mixin.py:188} INFO - [2025-04-28T13:12:19.342+0000] {dag.py:3033} INFO - Sync 1 DAGs
[2025-04-28T13:12:19.408+0000] {logging_mixin.py:188} INFO - [2025-04-28T13:12:19.408+0000] {dag.py:3820} INFO - Setting next_dagrun for tutorial to 2025-04-27T00:00:00+00:00, run_after=2025-04-28T00:00:00+00:00
[2025-04-28T13:12:19.467+0000] {processor.py:183} INFO - Processing /home/airflow/.local/lib/python3.8/site-packages/airflow/example_dags/tutorial.py took 0.221 seconds
[2025-04-28T13:12:51.268+0000] {processor.py:161} INFO - Started process (PID=14169) to work on /home/airflow/.local/lib/python3.8/site-packages/airflow/example_dags/tutorial.py
[2025-04-28T13:12:51.270+0000] {processor.py:830} INFO - Processing file /home/airflow/.local/lib/python3.8/site-packages/airflow/example_dags/tutorial.py for tasks to queue
[2025-04-28T13:12:51.272+0000] {logging_mixin.py:188} INFO - [2025-04-28T13:12:51.272+0000] {dagbag.py:538} INFO - Filling up the DagBag from /home/airflow/.local/lib/python3.8/site-packages/airflow/example_dags/tutorial.py
[2025-04-28T13:12:51.291+0000] {processor.py:840} INFO - DAG(s) 'tutorial' retrieved from /home/airflow/.local/lib/python3.8/site-packages/airflow/example_dags/tutorial.py
[2025-04-28T13:12:51.361+0000] {logging_mixin.py:188} INFO - [2025-04-28T13:12:51.360+0000] {dag.py:3033} INFO - Sync 1 DAGs
[2025-04-28T13:12:51.418+0000] {logging_mixin.py:188} INFO - [2025-04-28T13:12:51.417+0000] {dag.py:3820} INFO - Setting next_dagrun for tutorial to 2025-04-27T00:00:00+00:00, run_after=2025-04-28T00:00:00+00:00
[2025-04-28T13:12:51.461+0000] {processor.py:183} INFO - Processing /home/airflow/.local/lib/python3.8/site-packages/airflow/example_dags/tutorial.py took 0.203 seconds
[2025-04-28T13:13:21.782+0000] {processor.py:161} INFO - Started process (PID=14225) to work on /home/airflow/.local/lib/python3.8/site-packages/airflow/example_dags/tutorial.py
[2025-04-28T13:13:21.784+0000] {processor.py:830} INFO - Processing file /home/airflow/.local/lib/python3.8/site-packages/airflow/example_dags/tutorial.py for tasks to queue
[2025-04-28T13:13:21.786+0000] {logging_mixin.py:188} INFO - [2025-04-28T13:13:21.785+0000] {dagbag.py:538} INFO - Filling up the DagBag from /home/airflow/.local/lib/python3.8/site-packages/airflow/example_dags/tutorial.py
[2025-04-28T13:13:21.805+0000] {processor.py:840} INFO - DAG(s) 'tutorial' retrieved from /home/airflow/.local/lib/python3.8/site-packages/airflow/example_dags/tutorial.py
[2025-04-28T13:13:21.855+0000] {logging_mixin.py:188} INFO - [2025-04-28T13:13:21.855+0000] {dag.py:3033} INFO - Sync 1 DAGs
[2025-04-28T13:13:21.919+0000] {logging_mixin.py:188} INFO - [2025-04-28T13:13:21.919+0000] {dag.py:3820} INFO - Setting next_dagrun for tutorial to 2025-04-27T00:00:00+00:00, run_after=2025-04-28T00:00:00+00:00
[2025-04-28T13:13:21.966+0000] {processor.py:183} INFO - Processing /home/airflow/.local/lib/python3.8/site-packages/airflow/example_dags/tutorial.py took 0.195 seconds
[2025-04-28T13:13:55.225+0000] {processor.py:161} INFO - Started process (PID=14280) to work on /home/airflow/.local/lib/python3.8/site-packages/airflow/example_dags/tutorial.py
[2025-04-28T13:13:55.227+0000] {processor.py:830} INFO - Processing file /home/airflow/.local/lib/python3.8/site-packages/airflow/example_dags/tutorial.py for tasks to queue
[2025-04-28T13:13:55.235+0000] {logging_mixin.py:188} INFO - [2025-04-28T13:13:55.234+0000] {dagbag.py:538} INFO - Filling up the DagBag from /home/airflow/.local/lib/python3.8/site-packages/airflow/example_dags/tutorial.py
[2025-04-28T13:13:55.259+0000] {processor.py:840} INFO - DAG(s) 'tutorial' retrieved from /home/airflow/.local/lib/python3.8/site-packages/airflow/example_dags/tutorial.py
[2025-04-28T13:13:55.340+0000] {logging_mixin.py:188} INFO - [2025-04-28T13:13:55.339+0000] {dag.py:3033} INFO - Sync 1 DAGs
[2025-04-28T13:13:55.501+0000] {logging_mixin.py:188} INFO - [2025-04-28T13:13:55.500+0000] {dag.py:3820} INFO - Setting next_dagrun for tutorial to 2025-04-27T00:00:00+00:00, run_after=2025-04-28T00:00:00+00:00
[2025-04-28T13:13:55.580+0000] {processor.py:183} INFO - Processing /home/airflow/.local/lib/python3.8/site-packages/airflow/example_dags/tutorial.py took 0.371 seconds
[2025-04-28T13:14:27.031+0000] {processor.py:161} INFO - Started process (PID=14336) to work on /home/airflow/.local/lib/python3.8/site-packages/airflow/example_dags/tutorial.py
[2025-04-28T13:14:27.033+0000] {processor.py:830} INFO - Processing file /home/airflow/.local/lib/python3.8/site-packages/airflow/example_dags/tutorial.py for tasks to queue
[2025-04-28T13:14:27.036+0000] {logging_mixin.py:188} INFO - [2025-04-28T13:14:27.036+0000] {dagbag.py:538} INFO - Filling up the DagBag from /home/airflow/.local/lib/python3.8/site-packages/airflow/example_dags/tutorial.py
[2025-04-28T13:14:27.072+0000] {processor.py:840} INFO - DAG(s) 'tutorial' retrieved from /home/airflow/.local/lib/python3.8/site-packages/airflow/example_dags/tutorial.py
[2025-04-28T13:14:27.161+0000] {logging_mixin.py:188} INFO - [2025-04-28T13:14:27.160+0000] {dag.py:3033} INFO - Sync 1 DAGs
[2025-04-28T13:14:27.232+0000] {logging_mixin.py:188} INFO - [2025-04-28T13:14:27.232+0000] {dag.py:3820} INFO - Setting next_dagrun for tutorial to 2025-04-27T00:00:00+00:00, run_after=2025-04-28T00:00:00+00:00
[2025-04-28T13:14:27.312+0000] {processor.py:183} INFO - Processing /home/airflow/.local/lib/python3.8/site-packages/airflow/example_dags/tutorial.py took 0.290 seconds
[2025-04-28T13:14:57.448+0000] {processor.py:161} INFO - Started process (PID=14391) to work on /home/airflow/.local/lib/python3.8/site-packages/airflow/example_dags/tutorial.py
[2025-04-28T13:14:57.450+0000] {processor.py:830} INFO - Processing file /home/airflow/.local/lib/python3.8/site-packages/airflow/example_dags/tutorial.py for tasks to queue
[2025-04-28T13:14:57.452+0000] {logging_mixin.py:188} INFO - [2025-04-28T13:14:57.451+0000] {dagbag.py:538} INFO - Filling up the DagBag from /home/airflow/.local/lib/python3.8/site-packages/airflow/example_dags/tutorial.py
[2025-04-28T13:14:57.470+0000] {processor.py:840} INFO - DAG(s) 'tutorial' retrieved from /home/airflow/.local/lib/python3.8/site-packages/airflow/example_dags/tutorial.py
[2025-04-28T13:14:57.527+0000] {logging_mixin.py:188} INFO - [2025-04-28T13:14:57.526+0000] {dag.py:3033} INFO - Sync 1 DAGs
[2025-04-28T13:14:57.572+0000] {logging_mixin.py:188} INFO - [2025-04-28T13:14:57.572+0000] {dag.py:3820} INFO - Setting next_dagrun for tutorial to 2025-04-27T00:00:00+00:00, run_after=2025-04-28T00:00:00+00:00
[2025-04-28T13:14:57.613+0000] {processor.py:183} INFO - Processing /home/airflow/.local/lib/python3.8/site-packages/airflow/example_dags/tutorial.py took 0.174 seconds
[2025-04-28T13:15:28.169+0000] {processor.py:161} INFO - Started process (PID=14447) to work on /home/airflow/.local/lib/python3.8/site-packages/airflow/example_dags/tutorial.py
[2025-04-28T13:15:28.171+0000] {processor.py:830} INFO - Processing file /home/airflow/.local/lib/python3.8/site-packages/airflow/example_dags/tutorial.py for tasks to queue
[2025-04-28T13:15:28.173+0000] {logging_mixin.py:188} INFO - [2025-04-28T13:15:28.173+0000] {dagbag.py:538} INFO - Filling up the DagBag from /home/airflow/.local/lib/python3.8/site-packages/airflow/example_dags/tutorial.py
[2025-04-28T13:15:28.191+0000] {processor.py:840} INFO - DAG(s) 'tutorial' retrieved from /home/airflow/.local/lib/python3.8/site-packages/airflow/example_dags/tutorial.py
[2025-04-28T13:15:28.260+0000] {logging_mixin.py:188} INFO - [2025-04-28T13:15:28.259+0000] {dag.py:3033} INFO - Sync 1 DAGs
[2025-04-28T13:15:28.312+0000] {logging_mixin.py:188} INFO - [2025-04-28T13:15:28.312+0000] {dag.py:3820} INFO - Setting next_dagrun for tutorial to 2025-04-27T00:00:00+00:00, run_after=2025-04-28T00:00:00+00:00
[2025-04-28T13:15:28.379+0000] {processor.py:183} INFO - Processing /home/airflow/.local/lib/python3.8/site-packages/airflow/example_dags/tutorial.py took 0.220 seconds
[2025-04-28T13:15:58.633+0000] {processor.py:161} INFO - Started process (PID=14502) to work on /home/airflow/.local/lib/python3.8/site-packages/airflow/example_dags/tutorial.py
[2025-04-28T13:15:58.637+0000] {processor.py:830} INFO - Processing file /home/airflow/.local/lib/python3.8/site-packages/airflow/example_dags/tutorial.py for tasks to queue
[2025-04-28T13:15:58.642+0000] {logging_mixin.py:188} INFO - [2025-04-28T13:15:58.640+0000] {dagbag.py:538} INFO - Filling up the DagBag from /home/airflow/.local/lib/python3.8/site-packages/airflow/example_dags/tutorial.py
[2025-04-28T13:15:58.670+0000] {processor.py:840} INFO - DAG(s) 'tutorial' retrieved from /home/airflow/.local/lib/python3.8/site-packages/airflow/example_dags/tutorial.py
[2025-04-28T13:15:58.790+0000] {logging_mixin.py:188} INFO - [2025-04-28T13:15:58.789+0000] {dag.py:3033} INFO - Sync 1 DAGs
[2025-04-28T13:15:58.872+0000] {logging_mixin.py:188} INFO - [2025-04-28T13:15:58.871+0000] {dag.py:3820} INFO - Setting next_dagrun for tutorial to 2025-04-27T00:00:00+00:00, run_after=2025-04-28T00:00:00+00:00
[2025-04-28T13:15:58.924+0000] {processor.py:183} INFO - Processing /home/airflow/.local/lib/python3.8/site-packages/airflow/example_dags/tutorial.py took 0.304 seconds
[2025-04-28T13:16:30.474+0000] {processor.py:161} INFO - Started process (PID=14558) to work on /home/airflow/.local/lib/python3.8/site-packages/airflow/example_dags/tutorial.py
[2025-04-28T13:16:30.485+0000] {processor.py:830} INFO - Processing file /home/airflow/.local/lib/python3.8/site-packages/airflow/example_dags/tutorial.py for tasks to queue
[2025-04-28T13:16:30.487+0000] {logging_mixin.py:188} INFO - [2025-04-28T13:16:30.487+0000] {dagbag.py:538} INFO - Filling up the DagBag from /home/airflow/.local/lib/python3.8/site-packages/airflow/example_dags/tutorial.py
[2025-04-28T13:16:30.519+0000] {processor.py:840} INFO - DAG(s) 'tutorial' retrieved from /home/airflow/.local/lib/python3.8/site-packages/airflow/example_dags/tutorial.py
[2025-04-28T13:16:30.591+0000] {logging_mixin.py:188} INFO - [2025-04-28T13:16:30.591+0000] {dag.py:3033} INFO - Sync 1 DAGs
[2025-04-28T13:16:30.710+0000] {logging_mixin.py:188} INFO - [2025-04-28T13:16:30.710+0000] {dag.py:3820} INFO - Setting next_dagrun for tutorial to 2025-04-27T00:00:00+00:00, run_after=2025-04-28T00:00:00+00:00
[2025-04-28T13:16:30.785+0000] {processor.py:183} INFO - Processing /home/airflow/.local/lib/python3.8/site-packages/airflow/example_dags/tutorial.py took 0.322 seconds
[2025-04-28T13:17:01.775+0000] {processor.py:161} INFO - Started process (PID=14608) to work on /home/airflow/.local/lib/python3.8/site-packages/airflow/example_dags/tutorial.py
[2025-04-28T13:17:01.777+0000] {processor.py:830} INFO - Processing file /home/airflow/.local/lib/python3.8/site-packages/airflow/example_dags/tutorial.py for tasks to queue
[2025-04-28T13:17:01.779+0000] {logging_mixin.py:188} INFO - [2025-04-28T13:17:01.778+0000] {dagbag.py:538} INFO - Filling up the DagBag from /home/airflow/.local/lib/python3.8/site-packages/airflow/example_dags/tutorial.py
[2025-04-28T13:17:01.794+0000] {processor.py:840} INFO - DAG(s) 'tutorial' retrieved from /home/airflow/.local/lib/python3.8/site-packages/airflow/example_dags/tutorial.py
[2025-04-28T13:17:01.836+0000] {logging_mixin.py:188} INFO - [2025-04-28T13:17:01.836+0000] {dag.py:3033} INFO - Sync 1 DAGs
[2025-04-28T13:17:01.905+0000] {logging_mixin.py:188} INFO - [2025-04-28T13:17:01.905+0000] {dag.py:3820} INFO - Setting next_dagrun for tutorial to 2025-04-27T00:00:00+00:00, run_after=2025-04-28T00:00:00+00:00
[2025-04-28T13:17:01.962+0000] {processor.py:183} INFO - Processing /home/airflow/.local/lib/python3.8/site-packages/airflow/example_dags/tutorial.py took 0.194 seconds
[2025-04-28T13:17:32.955+0000] {processor.py:161} INFO - Started process (PID=14664) to work on /home/airflow/.local/lib/python3.8/site-packages/airflow/example_dags/tutorial.py
[2025-04-28T13:17:32.957+0000] {processor.py:830} INFO - Processing file /home/airflow/.local/lib/python3.8/site-packages/airflow/example_dags/tutorial.py for tasks to queue
[2025-04-28T13:17:32.960+0000] {logging_mixin.py:188} INFO - [2025-04-28T13:17:32.959+0000] {dagbag.py:538} INFO - Filling up the DagBag from /home/airflow/.local/lib/python3.8/site-packages/airflow/example_dags/tutorial.py
[2025-04-28T13:17:32.983+0000] {processor.py:840} INFO - DAG(s) 'tutorial' retrieved from /home/airflow/.local/lib/python3.8/site-packages/airflow/example_dags/tutorial.py
[2025-04-28T13:17:33.044+0000] {logging_mixin.py:188} INFO - [2025-04-28T13:17:33.044+0000] {dag.py:3033} INFO - Sync 1 DAGs
[2025-04-28T13:17:33.114+0000] {logging_mixin.py:188} INFO - [2025-04-28T13:17:33.113+0000] {dag.py:3820} INFO - Setting next_dagrun for tutorial to 2025-04-27T00:00:00+00:00, run_after=2025-04-28T00:00:00+00:00
[2025-04-28T13:17:33.177+0000] {processor.py:183} INFO - Processing /home/airflow/.local/lib/python3.8/site-packages/airflow/example_dags/tutorial.py took 0.231 seconds
[2025-04-28T13:18:03.507+0000] {processor.py:161} INFO - Started process (PID=14717) to work on /home/airflow/.local/lib/python3.8/site-packages/airflow/example_dags/tutorial.py
[2025-04-28T13:18:03.509+0000] {processor.py:830} INFO - Processing file /home/airflow/.local/lib/python3.8/site-packages/airflow/example_dags/tutorial.py for tasks to queue
[2025-04-28T13:18:03.512+0000] {logging_mixin.py:188} INFO - [2025-04-28T13:18:03.511+0000] {dagbag.py:538} INFO - Filling up the DagBag from /home/airflow/.local/lib/python3.8/site-packages/airflow/example_dags/tutorial.py
[2025-04-28T13:18:03.531+0000] {processor.py:840} INFO - DAG(s) 'tutorial' retrieved from /home/airflow/.local/lib/python3.8/site-packages/airflow/example_dags/tutorial.py
[2025-04-28T13:18:03.579+0000] {logging_mixin.py:188} INFO - [2025-04-28T13:18:03.579+0000] {dag.py:3033} INFO - Sync 1 DAGs
[2025-04-28T13:18:03.627+0000] {logging_mixin.py:188} INFO - [2025-04-28T13:18:03.627+0000] {dag.py:3820} INFO - Setting next_dagrun for tutorial to 2025-04-27T00:00:00+00:00, run_after=2025-04-28T00:00:00+00:00
[2025-04-28T13:18:03.676+0000] {processor.py:183} INFO - Processing /home/airflow/.local/lib/python3.8/site-packages/airflow/example_dags/tutorial.py took 0.179 seconds
[2025-04-28T13:18:37.273+0000] {processor.py:161} INFO - Started process (PID=14773) to work on /home/airflow/.local/lib/python3.8/site-packages/airflow/example_dags/tutorial.py
[2025-04-28T13:18:37.362+0000] {processor.py:830} INFO - Processing file /home/airflow/.local/lib/python3.8/site-packages/airflow/example_dags/tutorial.py for tasks to queue
[2025-04-28T13:18:37.392+0000] {logging_mixin.py:188} INFO - [2025-04-28T13:18:37.391+0000] {dagbag.py:538} INFO - Filling up the DagBag from /home/airflow/.local/lib/python3.8/site-packages/airflow/example_dags/tutorial.py
[2025-04-28T13:18:37.455+0000] {processor.py:840} INFO - DAG(s) 'tutorial' retrieved from /home/airflow/.local/lib/python3.8/site-packages/airflow/example_dags/tutorial.py
[2025-04-28T13:18:37.658+0000] {logging_mixin.py:188} INFO - [2025-04-28T13:18:37.658+0000] {dag.py:3033} INFO - Sync 1 DAGs
[2025-04-28T13:18:37.912+0000] {logging_mixin.py:188} INFO - [2025-04-28T13:18:37.912+0000] {dag.py:3820} INFO - Setting next_dagrun for tutorial to 2025-04-27T00:00:00+00:00, run_after=2025-04-28T00:00:00+00:00
[2025-04-28T13:18:38.076+0000] {processor.py:183} INFO - Processing /home/airflow/.local/lib/python3.8/site-packages/airflow/example_dags/tutorial.py took 0.823 seconds
[2025-04-28T13:19:08.784+0000] {processor.py:161} INFO - Started process (PID=14829) to work on /home/airflow/.local/lib/python3.8/site-packages/airflow/example_dags/tutorial.py
[2025-04-28T13:19:08.788+0000] {processor.py:830} INFO - Processing file /home/airflow/.local/lib/python3.8/site-packages/airflow/example_dags/tutorial.py for tasks to queue
[2025-04-28T13:19:08.795+0000] {logging_mixin.py:188} INFO - [2025-04-28T13:19:08.793+0000] {dagbag.py:538} INFO - Filling up the DagBag from /home/airflow/.local/lib/python3.8/site-packages/airflow/example_dags/tutorial.py
[2025-04-28T13:19:08.828+0000] {processor.py:840} INFO - DAG(s) 'tutorial' retrieved from /home/airflow/.local/lib/python3.8/site-packages/airflow/example_dags/tutorial.py
[2025-04-28T13:19:08.915+0000] {logging_mixin.py:188} INFO - [2025-04-28T13:19:08.915+0000] {dag.py:3033} INFO - Sync 1 DAGs
[2025-04-28T13:19:08.988+0000] {logging_mixin.py:188} INFO - [2025-04-28T13:19:08.988+0000] {dag.py:3820} INFO - Setting next_dagrun for tutorial to 2025-04-27T00:00:00+00:00, run_after=2025-04-28T00:00:00+00:00
[2025-04-28T13:19:09.046+0000] {processor.py:183} INFO - Processing /home/airflow/.local/lib/python3.8/site-packages/airflow/example_dags/tutorial.py took 0.278 seconds
[2025-04-28T13:19:45.420+0000] {processor.py:161} INFO - Started process (PID=14887) to work on /home/airflow/.local/lib/python3.8/site-packages/airflow/example_dags/tutorial.py
[2025-04-28T13:19:45.422+0000] {processor.py:830} INFO - Processing file /home/airflow/.local/lib/python3.8/site-packages/airflow/example_dags/tutorial.py for tasks to queue
[2025-04-28T13:19:45.425+0000] {logging_mixin.py:188} INFO - [2025-04-28T13:19:45.424+0000] {dagbag.py:538} INFO - Filling up the DagBag from /home/airflow/.local/lib/python3.8/site-packages/airflow/example_dags/tutorial.py
[2025-04-28T13:19:45.446+0000] {processor.py:840} INFO - DAG(s) 'tutorial' retrieved from /home/airflow/.local/lib/python3.8/site-packages/airflow/example_dags/tutorial.py
[2025-04-28T13:19:45.516+0000] {logging_mixin.py:188} INFO - [2025-04-28T13:19:45.516+0000] {dag.py:3033} INFO - Sync 1 DAGs
[2025-04-28T13:19:45.617+0000] {logging_mixin.py:188} INFO - [2025-04-28T13:19:45.617+0000] {dag.py:3820} INFO - Setting next_dagrun for tutorial to 2025-04-27T00:00:00+00:00, run_after=2025-04-28T00:00:00+00:00
[2025-04-28T13:19:45.698+0000] {processor.py:183} INFO - Processing /home/airflow/.local/lib/python3.8/site-packages/airflow/example_dags/tutorial.py took 0.292 seconds
[2025-04-28T13:20:17.330+0000] {processor.py:161} INFO - Started process (PID=14942) to work on /home/airflow/.local/lib/python3.8/site-packages/airflow/example_dags/tutorial.py
[2025-04-28T13:20:17.345+0000] {processor.py:830} INFO - Processing file /home/airflow/.local/lib/python3.8/site-packages/airflow/example_dags/tutorial.py for tasks to queue
[2025-04-28T13:20:17.349+0000] {logging_mixin.py:188} INFO - [2025-04-28T13:20:17.348+0000] {dagbag.py:538} INFO - Filling up the DagBag from /home/airflow/.local/lib/python3.8/site-packages/airflow/example_dags/tutorial.py
[2025-04-28T13:20:17.395+0000] {processor.py:840} INFO - DAG(s) 'tutorial' retrieved from /home/airflow/.local/lib/python3.8/site-packages/airflow/example_dags/tutorial.py
[2025-04-28T13:20:17.520+0000] {logging_mixin.py:188} INFO - [2025-04-28T13:20:17.520+0000] {dag.py:3033} INFO - Sync 1 DAGs
[2025-04-28T13:20:17.665+0000] {logging_mixin.py:188} INFO - [2025-04-28T13:20:17.664+0000] {dag.py:3820} INFO - Setting next_dagrun for tutorial to 2025-04-27T00:00:00+00:00, run_after=2025-04-28T00:00:00+00:00
[2025-04-28T13:20:17.811+0000] {processor.py:183} INFO - Processing /home/airflow/.local/lib/python3.8/site-packages/airflow/example_dags/tutorial.py took 0.504 seconds
[2025-04-28T13:20:47.919+0000] {processor.py:161} INFO - Started process (PID=14998) to work on /home/airflow/.local/lib/python3.8/site-packages/airflow/example_dags/tutorial.py
[2025-04-28T13:20:47.922+0000] {processor.py:830} INFO - Processing file /home/airflow/.local/lib/python3.8/site-packages/airflow/example_dags/tutorial.py for tasks to queue
[2025-04-28T13:20:47.924+0000] {logging_mixin.py:188} INFO - [2025-04-28T13:20:47.924+0000] {dagbag.py:538} INFO - Filling up the DagBag from /home/airflow/.local/lib/python3.8/site-packages/airflow/example_dags/tutorial.py
[2025-04-28T13:20:47.940+0000] {processor.py:840} INFO - DAG(s) 'tutorial' retrieved from /home/airflow/.local/lib/python3.8/site-packages/airflow/example_dags/tutorial.py
[2025-04-28T13:20:48.001+0000] {logging_mixin.py:188} INFO - [2025-04-28T13:20:48.000+0000] {dag.py:3033} INFO - Sync 1 DAGs
[2025-04-28T13:20:48.082+0000] {logging_mixin.py:188} INFO - [2025-04-28T13:20:48.082+0000] {dag.py:3820} INFO - Setting next_dagrun for tutorial to 2025-04-27T00:00:00+00:00, run_after=2025-04-28T00:00:00+00:00
[2025-04-28T13:20:48.140+0000] {processor.py:183} INFO - Processing /home/airflow/.local/lib/python3.8/site-packages/airflow/example_dags/tutorial.py took 0.228 seconds
[2025-04-28T13:21:19.338+0000] {processor.py:161} INFO - Started process (PID=15061) to work on /home/airflow/.local/lib/python3.8/site-packages/airflow/example_dags/tutorial.py
[2025-04-28T13:21:19.340+0000] {processor.py:830} INFO - Processing file /home/airflow/.local/lib/python3.8/site-packages/airflow/example_dags/tutorial.py for tasks to queue
[2025-04-28T13:21:19.349+0000] {logging_mixin.py:188} INFO - [2025-04-28T13:21:19.348+0000] {dagbag.py:538} INFO - Filling up the DagBag from /home/airflow/.local/lib/python3.8/site-packages/airflow/example_dags/tutorial.py
[2025-04-28T13:21:19.395+0000] {processor.py:840} INFO - DAG(s) 'tutorial' retrieved from /home/airflow/.local/lib/python3.8/site-packages/airflow/example_dags/tutorial.py
[2025-04-28T13:21:19.503+0000] {logging_mixin.py:188} INFO - [2025-04-28T13:21:19.503+0000] {dag.py:3033} INFO - Sync 1 DAGs
[2025-04-28T13:21:19.603+0000] {logging_mixin.py:188} INFO - [2025-04-28T13:21:19.603+0000] {dag.py:3820} INFO - Setting next_dagrun for tutorial to 2025-04-27T00:00:00+00:00, run_after=2025-04-28T00:00:00+00:00
[2025-04-28T13:21:19.686+0000] {processor.py:183} INFO - Processing /home/airflow/.local/lib/python3.8/site-packages/airflow/example_dags/tutorial.py took 0.366 seconds
[2025-04-28T13:21:50.627+0000] {processor.py:161} INFO - Started process (PID=15112) to work on /home/airflow/.local/lib/python3.8/site-packages/airflow/example_dags/tutorial.py
[2025-04-28T13:21:50.630+0000] {processor.py:830} INFO - Processing file /home/airflow/.local/lib/python3.8/site-packages/airflow/example_dags/tutorial.py for tasks to queue
[2025-04-28T13:21:50.632+0000] {logging_mixin.py:188} INFO - [2025-04-28T13:21:50.632+0000] {dagbag.py:538} INFO - Filling up the DagBag from /home/airflow/.local/lib/python3.8/site-packages/airflow/example_dags/tutorial.py
[2025-04-28T13:21:50.648+0000] {processor.py:840} INFO - DAG(s) 'tutorial' retrieved from /home/airflow/.local/lib/python3.8/site-packages/airflow/example_dags/tutorial.py
[2025-04-28T13:21:50.721+0000] {logging_mixin.py:188} INFO - [2025-04-28T13:21:50.721+0000] {dag.py:3033} INFO - Sync 1 DAGs
[2025-04-28T13:21:50.796+0000] {logging_mixin.py:188} INFO - [2025-04-28T13:21:50.796+0000] {dag.py:3820} INFO - Setting next_dagrun for tutorial to 2025-04-27T00:00:00+00:00, run_after=2025-04-28T00:00:00+00:00
[2025-04-28T13:21:50.873+0000] {processor.py:183} INFO - Processing /home/airflow/.local/lib/python3.8/site-packages/airflow/example_dags/tutorial.py took 0.254 seconds
[2025-04-28T13:22:21.822+0000] {processor.py:161} INFO - Started process (PID=15176) to work on /home/airflow/.local/lib/python3.8/site-packages/airflow/example_dags/tutorial.py
[2025-04-28T13:22:21.825+0000] {processor.py:830} INFO - Processing file /home/airflow/.local/lib/python3.8/site-packages/airflow/example_dags/tutorial.py for tasks to queue
[2025-04-28T13:22:21.827+0000] {logging_mixin.py:188} INFO - [2025-04-28T13:22:21.826+0000] {dagbag.py:538} INFO - Filling up the DagBag from /home/airflow/.local/lib/python3.8/site-packages/airflow/example_dags/tutorial.py
[2025-04-28T13:22:21.845+0000] {processor.py:840} INFO - DAG(s) 'tutorial' retrieved from /home/airflow/.local/lib/python3.8/site-packages/airflow/example_dags/tutorial.py
[2025-04-28T13:22:21.951+0000] {logging_mixin.py:188} INFO - [2025-04-28T13:22:21.950+0000] {dag.py:3033} INFO - Sync 1 DAGs
[2025-04-28T13:22:22.073+0000] {logging_mixin.py:188} INFO - [2025-04-28T13:22:22.073+0000] {dag.py:3820} INFO - Setting next_dagrun for tutorial to 2025-04-27T00:00:00+00:00, run_after=2025-04-28T00:00:00+00:00
[2025-04-28T13:22:22.155+0000] {processor.py:183} INFO - Processing /home/airflow/.local/lib/python3.8/site-packages/airflow/example_dags/tutorial.py took 0.342 seconds
[2025-04-28T13:22:52.389+0000] {processor.py:161} INFO - Started process (PID=15232) to work on /home/airflow/.local/lib/python3.8/site-packages/airflow/example_dags/tutorial.py
[2025-04-28T13:22:52.399+0000] {processor.py:830} INFO - Processing file /home/airflow/.local/lib/python3.8/site-packages/airflow/example_dags/tutorial.py for tasks to queue
[2025-04-28T13:22:52.404+0000] {logging_mixin.py:188} INFO - [2025-04-28T13:22:52.403+0000] {dagbag.py:538} INFO - Filling up the DagBag from /home/airflow/.local/lib/python3.8/site-packages/airflow/example_dags/tutorial.py
[2025-04-28T13:22:52.430+0000] {processor.py:840} INFO - DAG(s) 'tutorial' retrieved from /home/airflow/.local/lib/python3.8/site-packages/airflow/example_dags/tutorial.py
[2025-04-28T13:22:52.521+0000] {logging_mixin.py:188} INFO - [2025-04-28T13:22:52.521+0000] {dag.py:3033} INFO - Sync 1 DAGs
[2025-04-28T13:22:52.631+0000] {logging_mixin.py:188} INFO - [2025-04-28T13:22:52.630+0000] {dag.py:3820} INFO - Setting next_dagrun for tutorial to 2025-04-27T00:00:00+00:00, run_after=2025-04-28T00:00:00+00:00
[2025-04-28T13:22:52.735+0000] {processor.py:183} INFO - Processing /home/airflow/.local/lib/python3.8/site-packages/airflow/example_dags/tutorial.py took 0.360 seconds
[2025-04-28T13:23:23.674+0000] {processor.py:161} INFO - Started process (PID=15288) to work on /home/airflow/.local/lib/python3.8/site-packages/airflow/example_dags/tutorial.py
[2025-04-28T13:23:23.677+0000] {processor.py:830} INFO - Processing file /home/airflow/.local/lib/python3.8/site-packages/airflow/example_dags/tutorial.py for tasks to queue
[2025-04-28T13:23:23.681+0000] {logging_mixin.py:188} INFO - [2025-04-28T13:23:23.680+0000] {dagbag.py:538} INFO - Filling up the DagBag from /home/airflow/.local/lib/python3.8/site-packages/airflow/example_dags/tutorial.py
[2025-04-28T13:23:23.705+0000] {processor.py:840} INFO - DAG(s) 'tutorial' retrieved from /home/airflow/.local/lib/python3.8/site-packages/airflow/example_dags/tutorial.py
[2025-04-28T13:23:23.769+0000] {logging_mixin.py:188} INFO - [2025-04-28T13:23:23.768+0000] {dag.py:3033} INFO - Sync 1 DAGs
[2025-04-28T13:23:23.854+0000] {logging_mixin.py:188} INFO - [2025-04-28T13:23:23.853+0000] {dag.py:3820} INFO - Setting next_dagrun for tutorial to 2025-04-27T00:00:00+00:00, run_after=2025-04-28T00:00:00+00:00
[2025-04-28T13:23:23.922+0000] {processor.py:183} INFO - Processing /home/airflow/.local/lib/python3.8/site-packages/airflow/example_dags/tutorial.py took 0.259 seconds
[2025-04-28T13:23:54.154+0000] {processor.py:161} INFO - Started process (PID=15343) to work on /home/airflow/.local/lib/python3.8/site-packages/airflow/example_dags/tutorial.py
[2025-04-28T13:23:54.156+0000] {processor.py:830} INFO - Processing file /home/airflow/.local/lib/python3.8/site-packages/airflow/example_dags/tutorial.py for tasks to queue
[2025-04-28T13:23:54.159+0000] {logging_mixin.py:188} INFO - [2025-04-28T13:23:54.158+0000] {dagbag.py:538} INFO - Filling up the DagBag from /home/airflow/.local/lib/python3.8/site-packages/airflow/example_dags/tutorial.py
[2025-04-28T13:23:54.178+0000] {processor.py:840} INFO - DAG(s) 'tutorial' retrieved from /home/airflow/.local/lib/python3.8/site-packages/airflow/example_dags/tutorial.py
[2025-04-28T13:23:54.238+0000] {logging_mixin.py:188} INFO - [2025-04-28T13:23:54.238+0000] {dag.py:3033} INFO - Sync 1 DAGs
[2025-04-28T13:23:54.309+0000] {logging_mixin.py:188} INFO - [2025-04-28T13:23:54.308+0000] {dag.py:3820} INFO - Setting next_dagrun for tutorial to 2025-04-27T00:00:00+00:00, run_after=2025-04-28T00:00:00+00:00
[2025-04-28T13:23:54.380+0000] {processor.py:183} INFO - Processing /home/airflow/.local/lib/python3.8/site-packages/airflow/example_dags/tutorial.py took 0.236 seconds
[2025-04-28T13:24:24.713+0000] {processor.py:161} INFO - Started process (PID=15399) to work on /home/airflow/.local/lib/python3.8/site-packages/airflow/example_dags/tutorial.py
[2025-04-28T13:24:24.716+0000] {processor.py:830} INFO - Processing file /home/airflow/.local/lib/python3.8/site-packages/airflow/example_dags/tutorial.py for tasks to queue
[2025-04-28T13:24:24.720+0000] {logging_mixin.py:188} INFO - [2025-04-28T13:24:24.719+0000] {dagbag.py:538} INFO - Filling up the DagBag from /home/airflow/.local/lib/python3.8/site-packages/airflow/example_dags/tutorial.py
[2025-04-28T13:24:24.743+0000] {processor.py:840} INFO - DAG(s) 'tutorial' retrieved from /home/airflow/.local/lib/python3.8/site-packages/airflow/example_dags/tutorial.py
[2025-04-28T13:24:24.789+0000] {logging_mixin.py:188} INFO - [2025-04-28T13:24:24.789+0000] {dag.py:3033} INFO - Sync 1 DAGs
[2025-04-28T13:24:24.845+0000] {logging_mixin.py:188} INFO - [2025-04-28T13:24:24.844+0000] {dag.py:3820} INFO - Setting next_dagrun for tutorial to 2025-04-27T00:00:00+00:00, run_after=2025-04-28T00:00:00+00:00
[2025-04-28T13:24:24.904+0000] {processor.py:183} INFO - Processing /home/airflow/.local/lib/python3.8/site-packages/airflow/example_dags/tutorial.py took 0.201 seconds
[2025-04-28T13:24:55.240+0000] {processor.py:161} INFO - Started process (PID=15455) to work on /home/airflow/.local/lib/python3.8/site-packages/airflow/example_dags/tutorial.py
[2025-04-28T13:24:55.244+0000] {processor.py:830} INFO - Processing file /home/airflow/.local/lib/python3.8/site-packages/airflow/example_dags/tutorial.py for tasks to queue
[2025-04-28T13:24:55.246+0000] {logging_mixin.py:188} INFO - [2025-04-28T13:24:55.246+0000] {dagbag.py:538} INFO - Filling up the DagBag from /home/airflow/.local/lib/python3.8/site-packages/airflow/example_dags/tutorial.py
[2025-04-28T13:24:55.266+0000] {processor.py:840} INFO - DAG(s) 'tutorial' retrieved from /home/airflow/.local/lib/python3.8/site-packages/airflow/example_dags/tutorial.py
[2025-04-28T13:24:55.323+0000] {logging_mixin.py:188} INFO - [2025-04-28T13:24:55.322+0000] {dag.py:3033} INFO - Sync 1 DAGs
[2025-04-28T13:24:55.381+0000] {logging_mixin.py:188} INFO - [2025-04-28T13:24:55.380+0000] {dag.py:3820} INFO - Setting next_dagrun for tutorial to 2025-04-27T00:00:00+00:00, run_after=2025-04-28T00:00:00+00:00
[2025-04-28T13:24:55.488+0000] {processor.py:183} INFO - Processing /home/airflow/.local/lib/python3.8/site-packages/airflow/example_dags/tutorial.py took 0.257 seconds
[2025-04-28T13:25:26.093+0000] {processor.py:161} INFO - Started process (PID=15511) to work on /home/airflow/.local/lib/python3.8/site-packages/airflow/example_dags/tutorial.py
[2025-04-28T13:25:26.095+0000] {processor.py:830} INFO - Processing file /home/airflow/.local/lib/python3.8/site-packages/airflow/example_dags/tutorial.py for tasks to queue
[2025-04-28T13:25:26.098+0000] {logging_mixin.py:188} INFO - [2025-04-28T13:25:26.097+0000] {dagbag.py:538} INFO - Filling up the DagBag from /home/airflow/.local/lib/python3.8/site-packages/airflow/example_dags/tutorial.py
[2025-04-28T13:25:26.116+0000] {processor.py:840} INFO - DAG(s) 'tutorial' retrieved from /home/airflow/.local/lib/python3.8/site-packages/airflow/example_dags/tutorial.py
[2025-04-28T13:25:26.173+0000] {logging_mixin.py:188} INFO - [2025-04-28T13:25:26.173+0000] {dag.py:3033} INFO - Sync 1 DAGs
[2025-04-28T13:25:26.253+0000] {logging_mixin.py:188} INFO - [2025-04-28T13:25:26.253+0000] {dag.py:3820} INFO - Setting next_dagrun for tutorial to 2025-04-27T00:00:00+00:00, run_after=2025-04-28T00:00:00+00:00
[2025-04-28T13:25:26.321+0000] {processor.py:183} INFO - Processing /home/airflow/.local/lib/python3.8/site-packages/airflow/example_dags/tutorial.py took 0.238 seconds
[2025-04-28T13:25:56.766+0000] {processor.py:161} INFO - Started process (PID=15567) to work on /home/airflow/.local/lib/python3.8/site-packages/airflow/example_dags/tutorial.py
[2025-04-28T13:25:56.769+0000] {processor.py:830} INFO - Processing file /home/airflow/.local/lib/python3.8/site-packages/airflow/example_dags/tutorial.py for tasks to queue
[2025-04-28T13:25:56.772+0000] {logging_mixin.py:188} INFO - [2025-04-28T13:25:56.772+0000] {dagbag.py:538} INFO - Filling up the DagBag from /home/airflow/.local/lib/python3.8/site-packages/airflow/example_dags/tutorial.py
[2025-04-28T13:25:56.804+0000] {processor.py:840} INFO - DAG(s) 'tutorial' retrieved from /home/airflow/.local/lib/python3.8/site-packages/airflow/example_dags/tutorial.py
[2025-04-28T13:25:56.873+0000] {logging_mixin.py:188} INFO - [2025-04-28T13:25:56.872+0000] {dag.py:3033} INFO - Sync 1 DAGs
[2025-04-28T13:25:56.943+0000] {logging_mixin.py:188} INFO - [2025-04-28T13:25:56.942+0000] {dag.py:3820} INFO - Setting next_dagrun for tutorial to 2025-04-27T00:00:00+00:00, run_after=2025-04-28T00:00:00+00:00
[2025-04-28T13:25:57.006+0000] {processor.py:183} INFO - Processing /home/airflow/.local/lib/python3.8/site-packages/airflow/example_dags/tutorial.py took 0.254 seconds
[2025-04-28T13:26:27.242+0000] {processor.py:161} INFO - Started process (PID=15624) to work on /home/airflow/.local/lib/python3.8/site-packages/airflow/example_dags/tutorial.py
[2025-04-28T13:26:27.246+0000] {processor.py:830} INFO - Processing file /home/airflow/.local/lib/python3.8/site-packages/airflow/example_dags/tutorial.py for tasks to queue
[2025-04-28T13:26:27.250+0000] {logging_mixin.py:188} INFO - [2025-04-28T13:26:27.249+0000] {dagbag.py:538} INFO - Filling up the DagBag from /home/airflow/.local/lib/python3.8/site-packages/airflow/example_dags/tutorial.py
[2025-04-28T13:26:27.273+0000] {processor.py:840} INFO - DAG(s) 'tutorial' retrieved from /home/airflow/.local/lib/python3.8/site-packages/airflow/example_dags/tutorial.py
[2025-04-28T13:26:27.323+0000] {logging_mixin.py:188} INFO - [2025-04-28T13:26:27.323+0000] {dag.py:3033} INFO - Sync 1 DAGs
[2025-04-28T13:26:27.374+0000] {logging_mixin.py:188} INFO - [2025-04-28T13:26:27.373+0000] {dag.py:3820} INFO - Setting next_dagrun for tutorial to 2025-04-27T00:00:00+00:00, run_after=2025-04-28T00:00:00+00:00
[2025-04-28T13:26:27.423+0000] {processor.py:183} INFO - Processing /home/airflow/.local/lib/python3.8/site-packages/airflow/example_dags/tutorial.py took 0.200 seconds
[2025-04-28T13:26:57.520+0000] {processor.py:161} INFO - Started process (PID=15680) to work on /home/airflow/.local/lib/python3.8/site-packages/airflow/example_dags/tutorial.py
[2025-04-28T13:26:57.522+0000] {processor.py:830} INFO - Processing file /home/airflow/.local/lib/python3.8/site-packages/airflow/example_dags/tutorial.py for tasks to queue
[2025-04-28T13:26:57.525+0000] {logging_mixin.py:188} INFO - [2025-04-28T13:26:57.524+0000] {dagbag.py:538} INFO - Filling up the DagBag from /home/airflow/.local/lib/python3.8/site-packages/airflow/example_dags/tutorial.py
[2025-04-28T13:26:57.542+0000] {processor.py:840} INFO - DAG(s) 'tutorial' retrieved from /home/airflow/.local/lib/python3.8/site-packages/airflow/example_dags/tutorial.py
[2025-04-28T13:26:57.585+0000] {logging_mixin.py:188} INFO - [2025-04-28T13:26:57.585+0000] {dag.py:3033} INFO - Sync 1 DAGs
[2025-04-28T13:26:57.645+0000] {logging_mixin.py:188} INFO - [2025-04-28T13:26:57.645+0000] {dag.py:3820} INFO - Setting next_dagrun for tutorial to 2025-04-27T00:00:00+00:00, run_after=2025-04-28T00:00:00+00:00
[2025-04-28T13:26:57.697+0000] {processor.py:183} INFO - Processing /home/airflow/.local/lib/python3.8/site-packages/airflow/example_dags/tutorial.py took 0.185 seconds
[2025-04-28T13:27:27.791+0000] {processor.py:161} INFO - Started process (PID=15736) to work on /home/airflow/.local/lib/python3.8/site-packages/airflow/example_dags/tutorial.py
[2025-04-28T13:27:27.793+0000] {processor.py:830} INFO - Processing file /home/airflow/.local/lib/python3.8/site-packages/airflow/example_dags/tutorial.py for tasks to queue
[2025-04-28T13:27:27.796+0000] {logging_mixin.py:188} INFO - [2025-04-28T13:27:27.795+0000] {dagbag.py:538} INFO - Filling up the DagBag from /home/airflow/.local/lib/python3.8/site-packages/airflow/example_dags/tutorial.py
[2025-04-28T13:27:27.814+0000] {processor.py:840} INFO - DAG(s) 'tutorial' retrieved from /home/airflow/.local/lib/python3.8/site-packages/airflow/example_dags/tutorial.py
[2025-04-28T13:27:27.869+0000] {logging_mixin.py:188} INFO - [2025-04-28T13:27:27.868+0000] {dag.py:3033} INFO - Sync 1 DAGs
[2025-04-28T13:27:27.927+0000] {logging_mixin.py:188} INFO - [2025-04-28T13:27:27.927+0000] {dag.py:3820} INFO - Setting next_dagrun for tutorial to 2025-04-27T00:00:00+00:00, run_after=2025-04-28T00:00:00+00:00
[2025-04-28T13:27:27.989+0000] {processor.py:183} INFO - Processing /home/airflow/.local/lib/python3.8/site-packages/airflow/example_dags/tutorial.py took 0.207 seconds
[2025-04-28T13:27:58.136+0000] {processor.py:161} INFO - Started process (PID=15792) to work on /home/airflow/.local/lib/python3.8/site-packages/airflow/example_dags/tutorial.py
[2025-04-28T13:27:58.137+0000] {processor.py:830} INFO - Processing file /home/airflow/.local/lib/python3.8/site-packages/airflow/example_dags/tutorial.py for tasks to queue
[2025-04-28T13:27:58.139+0000] {logging_mixin.py:188} INFO - [2025-04-28T13:27:58.138+0000] {dagbag.py:538} INFO - Filling up the DagBag from /home/airflow/.local/lib/python3.8/site-packages/airflow/example_dags/tutorial.py
[2025-04-28T13:27:58.149+0000] {processor.py:840} INFO - DAG(s) 'tutorial' retrieved from /home/airflow/.local/lib/python3.8/site-packages/airflow/example_dags/tutorial.py
[2025-04-28T13:27:58.179+0000] {logging_mixin.py:188} INFO - [2025-04-28T13:27:58.179+0000] {dag.py:3033} INFO - Sync 1 DAGs
[2025-04-28T13:27:58.215+0000] {logging_mixin.py:188} INFO - [2025-04-28T13:27:58.214+0000] {dag.py:3820} INFO - Setting next_dagrun for tutorial to 2025-04-27T00:00:00+00:00, run_after=2025-04-28T00:00:00+00:00
[2025-04-28T13:27:58.248+0000] {processor.py:183} INFO - Processing /home/airflow/.local/lib/python3.8/site-packages/airflow/example_dags/tutorial.py took 0.116 seconds
[2025-04-28T13:28:28.384+0000] {processor.py:161} INFO - Started process (PID=15849) to work on /home/airflow/.local/lib/python3.8/site-packages/airflow/example_dags/tutorial.py
[2025-04-28T13:28:28.386+0000] {processor.py:830} INFO - Processing file /home/airflow/.local/lib/python3.8/site-packages/airflow/example_dags/tutorial.py for tasks to queue
[2025-04-28T13:28:28.388+0000] {logging_mixin.py:188} INFO - [2025-04-28T13:28:28.388+0000] {dagbag.py:538} INFO - Filling up the DagBag from /home/airflow/.local/lib/python3.8/site-packages/airflow/example_dags/tutorial.py
[2025-04-28T13:28:28.400+0000] {processor.py:840} INFO - DAG(s) 'tutorial' retrieved from /home/airflow/.local/lib/python3.8/site-packages/airflow/example_dags/tutorial.py
[2025-04-28T13:28:28.432+0000] {logging_mixin.py:188} INFO - [2025-04-28T13:28:28.432+0000] {dag.py:3033} INFO - Sync 1 DAGs
[2025-04-28T13:28:28.465+0000] {logging_mixin.py:188} INFO - [2025-04-28T13:28:28.465+0000] {dag.py:3820} INFO - Setting next_dagrun for tutorial to 2025-04-27T00:00:00+00:00, run_after=2025-04-28T00:00:00+00:00
[2025-04-28T13:28:28.501+0000] {processor.py:183} INFO - Processing /home/airflow/.local/lib/python3.8/site-packages/airflow/example_dags/tutorial.py took 0.122 seconds
[2025-04-28T13:28:58.656+0000] {processor.py:161} INFO - Started process (PID=15905) to work on /home/airflow/.local/lib/python3.8/site-packages/airflow/example_dags/tutorial.py
[2025-04-28T13:28:58.658+0000] {processor.py:830} INFO - Processing file /home/airflow/.local/lib/python3.8/site-packages/airflow/example_dags/tutorial.py for tasks to queue
[2025-04-28T13:28:58.659+0000] {logging_mixin.py:188} INFO - [2025-04-28T13:28:58.659+0000] {dagbag.py:538} INFO - Filling up the DagBag from /home/airflow/.local/lib/python3.8/site-packages/airflow/example_dags/tutorial.py
[2025-04-28T13:28:58.670+0000] {processor.py:840} INFO - DAG(s) 'tutorial' retrieved from /home/airflow/.local/lib/python3.8/site-packages/airflow/example_dags/tutorial.py
[2025-04-28T13:28:58.709+0000] {logging_mixin.py:188} INFO - [2025-04-28T13:28:58.708+0000] {dag.py:3033} INFO - Sync 1 DAGs
[2025-04-28T13:28:58.746+0000] {logging_mixin.py:188} INFO - [2025-04-28T13:28:58.746+0000] {dag.py:3820} INFO - Setting next_dagrun for tutorial to 2025-04-27T00:00:00+00:00, run_after=2025-04-28T00:00:00+00:00
[2025-04-28T13:28:58.793+0000] {processor.py:183} INFO - Processing /home/airflow/.local/lib/python3.8/site-packages/airflow/example_dags/tutorial.py took 0.145 seconds
[2025-04-28T13:29:29.256+0000] {processor.py:161} INFO - Started process (PID=15961) to work on /home/airflow/.local/lib/python3.8/site-packages/airflow/example_dags/tutorial.py
[2025-04-28T13:29:29.258+0000] {processor.py:830} INFO - Processing file /home/airflow/.local/lib/python3.8/site-packages/airflow/example_dags/tutorial.py for tasks to queue
[2025-04-28T13:29:29.261+0000] {logging_mixin.py:188} INFO - [2025-04-28T13:29:29.261+0000] {dagbag.py:538} INFO - Filling up the DagBag from /home/airflow/.local/lib/python3.8/site-packages/airflow/example_dags/tutorial.py
[2025-04-28T13:29:29.273+0000] {processor.py:840} INFO - DAG(s) 'tutorial' retrieved from /home/airflow/.local/lib/python3.8/site-packages/airflow/example_dags/tutorial.py
[2025-04-28T13:29:29.316+0000] {logging_mixin.py:188} INFO - [2025-04-28T13:29:29.316+0000] {dag.py:3033} INFO - Sync 1 DAGs
[2025-04-28T13:29:29.363+0000] {logging_mixin.py:188} INFO - [2025-04-28T13:29:29.363+0000] {dag.py:3820} INFO - Setting next_dagrun for tutorial to 2025-04-27T00:00:00+00:00, run_after=2025-04-28T00:00:00+00:00
[2025-04-28T13:29:29.404+0000] {processor.py:183} INFO - Processing /home/airflow/.local/lib/python3.8/site-packages/airflow/example_dags/tutorial.py took 0.154 seconds
[2025-04-28T13:29:59.583+0000] {processor.py:161} INFO - Started process (PID=16018) to work on /home/airflow/.local/lib/python3.8/site-packages/airflow/example_dags/tutorial.py
[2025-04-28T13:29:59.584+0000] {processor.py:830} INFO - Processing file /home/airflow/.local/lib/python3.8/site-packages/airflow/example_dags/tutorial.py for tasks to queue
[2025-04-28T13:29:59.585+0000] {logging_mixin.py:188} INFO - [2025-04-28T13:29:59.585+0000] {dagbag.py:538} INFO - Filling up the DagBag from /home/airflow/.local/lib/python3.8/site-packages/airflow/example_dags/tutorial.py
[2025-04-28T13:29:59.596+0000] {processor.py:840} INFO - DAG(s) 'tutorial' retrieved from /home/airflow/.local/lib/python3.8/site-packages/airflow/example_dags/tutorial.py
[2025-04-28T13:29:59.628+0000] {logging_mixin.py:188} INFO - [2025-04-28T13:29:59.628+0000] {dag.py:3033} INFO - Sync 1 DAGs
[2025-04-28T13:29:59.657+0000] {logging_mixin.py:188} INFO - [2025-04-28T13:29:59.657+0000] {dag.py:3820} INFO - Setting next_dagrun for tutorial to 2025-04-27T00:00:00+00:00, run_after=2025-04-28T00:00:00+00:00
[2025-04-28T13:29:59.688+0000] {processor.py:183} INFO - Processing /home/airflow/.local/lib/python3.8/site-packages/airflow/example_dags/tutorial.py took 0.111 seconds
[2025-04-28T13:30:30.034+0000] {processor.py:161} INFO - Started process (PID=16074) to work on /home/airflow/.local/lib/python3.8/site-packages/airflow/example_dags/tutorial.py
[2025-04-28T13:30:30.035+0000] {processor.py:830} INFO - Processing file /home/airflow/.local/lib/python3.8/site-packages/airflow/example_dags/tutorial.py for tasks to queue
[2025-04-28T13:30:30.036+0000] {logging_mixin.py:188} INFO - [2025-04-28T13:30:30.036+0000] {dagbag.py:538} INFO - Filling up the DagBag from /home/airflow/.local/lib/python3.8/site-packages/airflow/example_dags/tutorial.py
[2025-04-28T13:30:30.047+0000] {processor.py:840} INFO - DAG(s) 'tutorial' retrieved from /home/airflow/.local/lib/python3.8/site-packages/airflow/example_dags/tutorial.py
[2025-04-28T13:30:30.081+0000] {logging_mixin.py:188} INFO - [2025-04-28T13:30:30.080+0000] {dag.py:3033} INFO - Sync 1 DAGs
[2025-04-28T13:30:30.109+0000] {logging_mixin.py:188} INFO - [2025-04-28T13:30:30.108+0000] {dag.py:3820} INFO - Setting next_dagrun for tutorial to 2025-04-27T00:00:00+00:00, run_after=2025-04-28T00:00:00+00:00
[2025-04-28T13:30:30.139+0000] {processor.py:183} INFO - Processing /home/airflow/.local/lib/python3.8/site-packages/airflow/example_dags/tutorial.py took 0.111 seconds
[2025-04-28T13:31:00.332+0000] {processor.py:161} INFO - Started process (PID=16130) to work on /home/airflow/.local/lib/python3.8/site-packages/airflow/example_dags/tutorial.py
[2025-04-28T13:31:00.334+0000] {processor.py:830} INFO - Processing file /home/airflow/.local/lib/python3.8/site-packages/airflow/example_dags/tutorial.py for tasks to queue
[2025-04-28T13:31:00.335+0000] {logging_mixin.py:188} INFO - [2025-04-28T13:31:00.335+0000] {dagbag.py:538} INFO - Filling up the DagBag from /home/airflow/.local/lib/python3.8/site-packages/airflow/example_dags/tutorial.py
[2025-04-28T13:31:00.347+0000] {processor.py:840} INFO - DAG(s) 'tutorial' retrieved from /home/airflow/.local/lib/python3.8/site-packages/airflow/example_dags/tutorial.py
[2025-04-28T13:31:00.388+0000] {logging_mixin.py:188} INFO - [2025-04-28T13:31:00.388+0000] {dag.py:3033} INFO - Sync 1 DAGs
[2025-04-28T13:31:00.427+0000] {logging_mixin.py:188} INFO - [2025-04-28T13:31:00.427+0000] {dag.py:3820} INFO - Setting next_dagrun for tutorial to 2025-04-27T00:00:00+00:00, run_after=2025-04-28T00:00:00+00:00
[2025-04-28T13:31:00.460+0000] {processor.py:183} INFO - Processing /home/airflow/.local/lib/python3.8/site-packages/airflow/example_dags/tutorial.py took 0.133 seconds
[2025-04-28T13:31:30.862+0000] {processor.py:161} INFO - Started process (PID=16186) to work on /home/airflow/.local/lib/python3.8/site-packages/airflow/example_dags/tutorial.py
[2025-04-28T13:31:30.864+0000] {processor.py:830} INFO - Processing file /home/airflow/.local/lib/python3.8/site-packages/airflow/example_dags/tutorial.py for tasks to queue
[2025-04-28T13:31:30.865+0000] {logging_mixin.py:188} INFO - [2025-04-28T13:31:30.865+0000] {dagbag.py:538} INFO - Filling up the DagBag from /home/airflow/.local/lib/python3.8/site-packages/airflow/example_dags/tutorial.py
[2025-04-28T13:31:30.877+0000] {processor.py:840} INFO - DAG(s) 'tutorial' retrieved from /home/airflow/.local/lib/python3.8/site-packages/airflow/example_dags/tutorial.py
[2025-04-28T13:31:30.907+0000] {logging_mixin.py:188} INFO - [2025-04-28T13:31:30.906+0000] {dag.py:3033} INFO - Sync 1 DAGs
[2025-04-28T13:31:30.936+0000] {logging_mixin.py:188} INFO - [2025-04-28T13:31:30.936+0000] {dag.py:3820} INFO - Setting next_dagrun for tutorial to 2025-04-27T00:00:00+00:00, run_after=2025-04-28T00:00:00+00:00
[2025-04-28T13:31:30.966+0000] {processor.py:183} INFO - Processing /home/airflow/.local/lib/python3.8/site-packages/airflow/example_dags/tutorial.py took 0.108 seconds
[2025-04-28T13:32:01.094+0000] {processor.py:161} INFO - Started process (PID=16242) to work on /home/airflow/.local/lib/python3.8/site-packages/airflow/example_dags/tutorial.py
[2025-04-28T13:32:01.096+0000] {processor.py:830} INFO - Processing file /home/airflow/.local/lib/python3.8/site-packages/airflow/example_dags/tutorial.py for tasks to queue
[2025-04-28T13:32:01.097+0000] {logging_mixin.py:188} INFO - [2025-04-28T13:32:01.097+0000] {dagbag.py:538} INFO - Filling up the DagBag from /home/airflow/.local/lib/python3.8/site-packages/airflow/example_dags/tutorial.py
[2025-04-28T13:32:01.109+0000] {processor.py:840} INFO - DAG(s) 'tutorial' retrieved from /home/airflow/.local/lib/python3.8/site-packages/airflow/example_dags/tutorial.py
[2025-04-28T13:32:01.138+0000] {logging_mixin.py:188} INFO - [2025-04-28T13:32:01.138+0000] {dag.py:3033} INFO - Sync 1 DAGs
[2025-04-28T13:32:01.169+0000] {logging_mixin.py:188} INFO - [2025-04-28T13:32:01.169+0000] {dag.py:3820} INFO - Setting next_dagrun for tutorial to 2025-04-27T00:00:00+00:00, run_after=2025-04-28T00:00:00+00:00
[2025-04-28T13:32:01.199+0000] {processor.py:183} INFO - Processing /home/airflow/.local/lib/python3.8/site-packages/airflow/example_dags/tutorial.py took 0.110 seconds
[2025-04-28T13:32:31.486+0000] {processor.py:161} INFO - Started process (PID=16298) to work on /home/airflow/.local/lib/python3.8/site-packages/airflow/example_dags/tutorial.py
[2025-04-28T13:32:31.488+0000] {processor.py:830} INFO - Processing file /home/airflow/.local/lib/python3.8/site-packages/airflow/example_dags/tutorial.py for tasks to queue
[2025-04-28T13:32:31.489+0000] {logging_mixin.py:188} INFO - [2025-04-28T13:32:31.489+0000] {dagbag.py:538} INFO - Filling up the DagBag from /home/airflow/.local/lib/python3.8/site-packages/airflow/example_dags/tutorial.py
[2025-04-28T13:32:31.502+0000] {processor.py:840} INFO - DAG(s) 'tutorial' retrieved from /home/airflow/.local/lib/python3.8/site-packages/airflow/example_dags/tutorial.py
[2025-04-28T13:32:31.542+0000] {logging_mixin.py:188} INFO - [2025-04-28T13:32:31.542+0000] {dag.py:3033} INFO - Sync 1 DAGs
[2025-04-28T13:32:31.581+0000] {logging_mixin.py:188} INFO - [2025-04-28T13:32:31.580+0000] {dag.py:3820} INFO - Setting next_dagrun for tutorial to 2025-04-27T00:00:00+00:00, run_after=2025-04-28T00:00:00+00:00
[2025-04-28T13:32:31.612+0000] {processor.py:183} INFO - Processing /home/airflow/.local/lib/python3.8/site-packages/airflow/example_dags/tutorial.py took 0.132 seconds
[2025-04-28T13:33:02.206+0000] {processor.py:161} INFO - Started process (PID=16355) to work on /home/airflow/.local/lib/python3.8/site-packages/airflow/example_dags/tutorial.py
[2025-04-28T13:33:02.208+0000] {processor.py:830} INFO - Processing file /home/airflow/.local/lib/python3.8/site-packages/airflow/example_dags/tutorial.py for tasks to queue
[2025-04-28T13:33:02.210+0000] {logging_mixin.py:188} INFO - [2025-04-28T13:33:02.209+0000] {dagbag.py:538} INFO - Filling up the DagBag from /home/airflow/.local/lib/python3.8/site-packages/airflow/example_dags/tutorial.py
[2025-04-28T13:33:02.225+0000] {processor.py:840} INFO - DAG(s) 'tutorial' retrieved from /home/airflow/.local/lib/python3.8/site-packages/airflow/example_dags/tutorial.py
[2025-04-28T13:33:02.260+0000] {logging_mixin.py:188} INFO - [2025-04-28T13:33:02.260+0000] {dag.py:3033} INFO - Sync 1 DAGs
[2025-04-28T13:33:02.295+0000] {logging_mixin.py:188} INFO - [2025-04-28T13:33:02.295+0000] {dag.py:3820} INFO - Setting next_dagrun for tutorial to 2025-04-27T00:00:00+00:00, run_after=2025-04-28T00:00:00+00:00
[2025-04-28T13:33:02.326+0000] {processor.py:183} INFO - Processing /home/airflow/.local/lib/python3.8/site-packages/airflow/example_dags/tutorial.py took 0.125 seconds
[2025-04-28T13:33:32.625+0000] {processor.py:161} INFO - Started process (PID=16412) to work on /home/airflow/.local/lib/python3.8/site-packages/airflow/example_dags/tutorial.py
[2025-04-28T13:33:32.628+0000] {processor.py:830} INFO - Processing file /home/airflow/.local/lib/python3.8/site-packages/airflow/example_dags/tutorial.py for tasks to queue
[2025-04-28T13:33:32.629+0000] {logging_mixin.py:188} INFO - [2025-04-28T13:33:32.629+0000] {dagbag.py:538} INFO - Filling up the DagBag from /home/airflow/.local/lib/python3.8/site-packages/airflow/example_dags/tutorial.py
[2025-04-28T13:33:32.646+0000] {processor.py:840} INFO - DAG(s) 'tutorial' retrieved from /home/airflow/.local/lib/python3.8/site-packages/airflow/example_dags/tutorial.py
[2025-04-28T13:33:32.692+0000] {logging_mixin.py:188} INFO - [2025-04-28T13:33:32.692+0000] {dag.py:3033} INFO - Sync 1 DAGs
[2025-04-28T13:33:32.730+0000] {logging_mixin.py:188} INFO - [2025-04-28T13:33:32.730+0000] {dag.py:3820} INFO - Setting next_dagrun for tutorial to 2025-04-27T00:00:00+00:00, run_after=2025-04-28T00:00:00+00:00
[2025-04-28T13:33:32.765+0000] {processor.py:183} INFO - Processing /home/airflow/.local/lib/python3.8/site-packages/airflow/example_dags/tutorial.py took 0.146 seconds
[2025-04-28T13:34:03.273+0000] {processor.py:161} INFO - Started process (PID=16468) to work on /home/airflow/.local/lib/python3.8/site-packages/airflow/example_dags/tutorial.py
[2025-04-28T13:34:03.275+0000] {processor.py:830} INFO - Processing file /home/airflow/.local/lib/python3.8/site-packages/airflow/example_dags/tutorial.py for tasks to queue
[2025-04-28T13:34:03.277+0000] {logging_mixin.py:188} INFO - [2025-04-28T13:34:03.276+0000] {dagbag.py:538} INFO - Filling up the DagBag from /home/airflow/.local/lib/python3.8/site-packages/airflow/example_dags/tutorial.py
[2025-04-28T13:34:03.287+0000] {processor.py:840} INFO - DAG(s) 'tutorial' retrieved from /home/airflow/.local/lib/python3.8/site-packages/airflow/example_dags/tutorial.py
[2025-04-28T13:34:03.323+0000] {logging_mixin.py:188} INFO - [2025-04-28T13:34:03.323+0000] {dag.py:3033} INFO - Sync 1 DAGs
[2025-04-28T13:34:03.355+0000] {logging_mixin.py:188} INFO - [2025-04-28T13:34:03.354+0000] {dag.py:3820} INFO - Setting next_dagrun for tutorial to 2025-04-27T00:00:00+00:00, run_after=2025-04-28T00:00:00+00:00
[2025-04-28T13:34:03.385+0000] {processor.py:183} INFO - Processing /home/airflow/.local/lib/python3.8/site-packages/airflow/example_dags/tutorial.py took 0.118 seconds
[2025-04-28T13:34:34.259+0000] {processor.py:161} INFO - Started process (PID=16524) to work on /home/airflow/.local/lib/python3.8/site-packages/airflow/example_dags/tutorial.py
[2025-04-28T13:34:34.261+0000] {processor.py:830} INFO - Processing file /home/airflow/.local/lib/python3.8/site-packages/airflow/example_dags/tutorial.py for tasks to queue
[2025-04-28T13:34:34.264+0000] {logging_mixin.py:188} INFO - [2025-04-28T13:34:34.263+0000] {dagbag.py:538} INFO - Filling up the DagBag from /home/airflow/.local/lib/python3.8/site-packages/airflow/example_dags/tutorial.py
[2025-04-28T13:34:34.278+0000] {processor.py:840} INFO - DAG(s) 'tutorial' retrieved from /home/airflow/.local/lib/python3.8/site-packages/airflow/example_dags/tutorial.py
[2025-04-28T13:34:34.337+0000] {logging_mixin.py:188} INFO - [2025-04-28T13:34:34.336+0000] {dag.py:3033} INFO - Sync 1 DAGs
[2025-04-28T13:34:34.380+0000] {logging_mixin.py:188} INFO - [2025-04-28T13:34:34.380+0000] {dag.py:3820} INFO - Setting next_dagrun for tutorial to 2025-04-27T00:00:00+00:00, run_after=2025-04-28T00:00:00+00:00
[2025-04-28T13:34:34.418+0000] {processor.py:183} INFO - Processing /home/airflow/.local/lib/python3.8/site-packages/airflow/example_dags/tutorial.py took 0.167 seconds
[2025-04-28T13:35:04.614+0000] {processor.py:161} INFO - Started process (PID=16580) to work on /home/airflow/.local/lib/python3.8/site-packages/airflow/example_dags/tutorial.py
[2025-04-28T13:35:04.616+0000] {processor.py:830} INFO - Processing file /home/airflow/.local/lib/python3.8/site-packages/airflow/example_dags/tutorial.py for tasks to queue
[2025-04-28T13:35:04.618+0000] {logging_mixin.py:188} INFO - [2025-04-28T13:35:04.618+0000] {dagbag.py:538} INFO - Filling up the DagBag from /home/airflow/.local/lib/python3.8/site-packages/airflow/example_dags/tutorial.py
[2025-04-28T13:35:04.637+0000] {processor.py:840} INFO - DAG(s) 'tutorial' retrieved from /home/airflow/.local/lib/python3.8/site-packages/airflow/example_dags/tutorial.py
[2025-04-28T13:35:04.686+0000] {logging_mixin.py:188} INFO - [2025-04-28T13:35:04.686+0000] {dag.py:3033} INFO - Sync 1 DAGs
[2025-04-28T13:35:04.724+0000] {logging_mixin.py:188} INFO - [2025-04-28T13:35:04.724+0000] {dag.py:3820} INFO - Setting next_dagrun for tutorial to 2025-04-27T00:00:00+00:00, run_after=2025-04-28T00:00:00+00:00
[2025-04-28T13:35:04.760+0000] {processor.py:183} INFO - Processing /home/airflow/.local/lib/python3.8/site-packages/airflow/example_dags/tutorial.py took 0.152 seconds
[2025-04-28T13:35:34.989+0000] {processor.py:161} INFO - Started process (PID=16636) to work on /home/airflow/.local/lib/python3.8/site-packages/airflow/example_dags/tutorial.py
[2025-04-28T13:35:34.991+0000] {processor.py:830} INFO - Processing file /home/airflow/.local/lib/python3.8/site-packages/airflow/example_dags/tutorial.py for tasks to queue
[2025-04-28T13:35:34.992+0000] {logging_mixin.py:188} INFO - [2025-04-28T13:35:34.991+0000] {dagbag.py:538} INFO - Filling up the DagBag from /home/airflow/.local/lib/python3.8/site-packages/airflow/example_dags/tutorial.py
[2025-04-28T13:35:35.004+0000] {processor.py:840} INFO - DAG(s) 'tutorial' retrieved from /home/airflow/.local/lib/python3.8/site-packages/airflow/example_dags/tutorial.py
[2025-04-28T13:35:35.031+0000] {logging_mixin.py:188} INFO - [2025-04-28T13:35:35.030+0000] {dag.py:3033} INFO - Sync 1 DAGs
[2025-04-28T13:35:35.058+0000] {logging_mixin.py:188} INFO - [2025-04-28T13:35:35.058+0000] {dag.py:3820} INFO - Setting next_dagrun for tutorial to 2025-04-27T00:00:00+00:00, run_after=2025-04-28T00:00:00+00:00
[2025-04-28T13:35:35.091+0000] {processor.py:183} INFO - Processing /home/airflow/.local/lib/python3.8/site-packages/airflow/example_dags/tutorial.py took 0.108 seconds
[2025-04-28T13:36:07.110+0000] {processor.py:161} INFO - Started process (PID=16687) to work on /home/airflow/.local/lib/python3.8/site-packages/airflow/example_dags/tutorial.py
[2025-04-28T13:36:07.111+0000] {processor.py:830} INFO - Processing file /home/airflow/.local/lib/python3.8/site-packages/airflow/example_dags/tutorial.py for tasks to queue
[2025-04-28T13:36:07.113+0000] {logging_mixin.py:188} INFO - [2025-04-28T13:36:07.112+0000] {dagbag.py:538} INFO - Filling up the DagBag from /home/airflow/.local/lib/python3.8/site-packages/airflow/example_dags/tutorial.py
[2025-04-28T13:36:07.127+0000] {processor.py:840} INFO - DAG(s) 'tutorial' retrieved from /home/airflow/.local/lib/python3.8/site-packages/airflow/example_dags/tutorial.py
[2025-04-28T13:36:07.162+0000] {logging_mixin.py:188} INFO - [2025-04-28T13:36:07.162+0000] {dag.py:3033} INFO - Sync 1 DAGs
[2025-04-28T13:36:07.202+0000] {logging_mixin.py:188} INFO - [2025-04-28T13:36:07.201+0000] {dag.py:3820} INFO - Setting next_dagrun for tutorial to 2025-04-27T00:00:00+00:00, run_after=2025-04-28T00:00:00+00:00
[2025-04-28T13:36:07.238+0000] {processor.py:183} INFO - Processing /home/airflow/.local/lib/python3.8/site-packages/airflow/example_dags/tutorial.py took 0.133 seconds
[2025-04-28T13:36:39.440+0000] {processor.py:161} INFO - Started process (PID=16744) to work on /home/airflow/.local/lib/python3.8/site-packages/airflow/example_dags/tutorial.py
[2025-04-28T13:36:39.442+0000] {processor.py:830} INFO - Processing file /home/airflow/.local/lib/python3.8/site-packages/airflow/example_dags/tutorial.py for tasks to queue
[2025-04-28T13:36:39.443+0000] {logging_mixin.py:188} INFO - [2025-04-28T13:36:39.443+0000] {dagbag.py:538} INFO - Filling up the DagBag from /home/airflow/.local/lib/python3.8/site-packages/airflow/example_dags/tutorial.py
[2025-04-28T13:36:39.453+0000] {processor.py:840} INFO - DAG(s) 'tutorial' retrieved from /home/airflow/.local/lib/python3.8/site-packages/airflow/example_dags/tutorial.py
[2025-04-28T13:36:39.482+0000] {logging_mixin.py:188} INFO - [2025-04-28T13:36:39.482+0000] {dag.py:3033} INFO - Sync 1 DAGs
[2025-04-28T13:36:39.518+0000] {logging_mixin.py:188} INFO - [2025-04-28T13:36:39.517+0000] {dag.py:3820} INFO - Setting next_dagrun for tutorial to 2025-04-27T00:00:00+00:00, run_after=2025-04-28T00:00:00+00:00
[2025-04-28T13:36:39.556+0000] {processor.py:183} INFO - Processing /home/airflow/.local/lib/python3.8/site-packages/airflow/example_dags/tutorial.py took 0.120 seconds
[2025-04-28T13:37:13.634+0000] {processor.py:161} INFO - Started process (PID=16800) to work on /home/airflow/.local/lib/python3.8/site-packages/airflow/example_dags/tutorial.py
[2025-04-28T13:37:13.635+0000] {processor.py:830} INFO - Processing file /home/airflow/.local/lib/python3.8/site-packages/airflow/example_dags/tutorial.py for tasks to queue
[2025-04-28T13:37:13.638+0000] {logging_mixin.py:188} INFO - [2025-04-28T13:37:13.637+0000] {dagbag.py:538} INFO - Filling up the DagBag from /home/airflow/.local/lib/python3.8/site-packages/airflow/example_dags/tutorial.py
[2025-04-28T13:37:13.650+0000] {processor.py:840} INFO - DAG(s) 'tutorial' retrieved from /home/airflow/.local/lib/python3.8/site-packages/airflow/example_dags/tutorial.py
[2025-04-28T13:37:13.692+0000] {logging_mixin.py:188} INFO - [2025-04-28T13:37:13.692+0000] {dag.py:3033} INFO - Sync 1 DAGs
[2025-04-28T13:37:13.743+0000] {logging_mixin.py:188} INFO - [2025-04-28T13:37:13.743+0000] {dag.py:3820} INFO - Setting next_dagrun for tutorial to 2025-04-27T00:00:00+00:00, run_after=2025-04-28T00:00:00+00:00
[2025-04-28T13:37:13.789+0000] {processor.py:183} INFO - Processing /home/airflow/.local/lib/python3.8/site-packages/airflow/example_dags/tutorial.py took 0.161 seconds
[2025-04-28T13:37:45.306+0000] {processor.py:161} INFO - Started process (PID=16856) to work on /home/airflow/.local/lib/python3.8/site-packages/airflow/example_dags/tutorial.py
[2025-04-28T13:37:45.307+0000] {processor.py:830} INFO - Processing file /home/airflow/.local/lib/python3.8/site-packages/airflow/example_dags/tutorial.py for tasks to queue
[2025-04-28T13:37:45.309+0000] {logging_mixin.py:188} INFO - [2025-04-28T13:37:45.308+0000] {dagbag.py:538} INFO - Filling up the DagBag from /home/airflow/.local/lib/python3.8/site-packages/airflow/example_dags/tutorial.py
[2025-04-28T13:37:45.318+0000] {processor.py:840} INFO - DAG(s) 'tutorial' retrieved from /home/airflow/.local/lib/python3.8/site-packages/airflow/example_dags/tutorial.py
[2025-04-28T13:37:45.348+0000] {logging_mixin.py:188} INFO - [2025-04-28T13:37:45.347+0000] {dag.py:3033} INFO - Sync 1 DAGs
[2025-04-28T13:37:45.384+0000] {logging_mixin.py:188} INFO - [2025-04-28T13:37:45.384+0000] {dag.py:3820} INFO - Setting next_dagrun for tutorial to 2025-04-27T00:00:00+00:00, run_after=2025-04-28T00:00:00+00:00
[2025-04-28T13:37:45.425+0000] {processor.py:183} INFO - Processing /home/airflow/.local/lib/python3.8/site-packages/airflow/example_dags/tutorial.py took 0.125 seconds
[2025-04-28T13:38:17.931+0000] {processor.py:161} INFO - Started process (PID=16912) to work on /home/airflow/.local/lib/python3.8/site-packages/airflow/example_dags/tutorial.py
[2025-04-28T13:38:17.932+0000] {processor.py:830} INFO - Processing file /home/airflow/.local/lib/python3.8/site-packages/airflow/example_dags/tutorial.py for tasks to queue
[2025-04-28T13:38:17.934+0000] {logging_mixin.py:188} INFO - [2025-04-28T13:38:17.933+0000] {dagbag.py:538} INFO - Filling up the DagBag from /home/airflow/.local/lib/python3.8/site-packages/airflow/example_dags/tutorial.py
[2025-04-28T13:38:17.943+0000] {processor.py:840} INFO - DAG(s) 'tutorial' retrieved from /home/airflow/.local/lib/python3.8/site-packages/airflow/example_dags/tutorial.py
[2025-04-28T13:38:17.970+0000] {logging_mixin.py:188} INFO - [2025-04-28T13:38:17.970+0000] {dag.py:3033} INFO - Sync 1 DAGs
[2025-04-28T13:38:18.007+0000] {logging_mixin.py:188} INFO - [2025-04-28T13:38:18.007+0000] {dag.py:3820} INFO - Setting next_dagrun for tutorial to 2025-04-27T00:00:00+00:00, run_after=2025-04-28T00:00:00+00:00
[2025-04-28T13:38:18.039+0000] {processor.py:183} INFO - Processing /home/airflow/.local/lib/python3.8/site-packages/airflow/example_dags/tutorial.py took 0.113 seconds
[2025-04-28T13:38:50.921+0000] {processor.py:161} INFO - Started process (PID=16968) to work on /home/airflow/.local/lib/python3.8/site-packages/airflow/example_dags/tutorial.py
[2025-04-28T13:38:50.922+0000] {processor.py:830} INFO - Processing file /home/airflow/.local/lib/python3.8/site-packages/airflow/example_dags/tutorial.py for tasks to queue
[2025-04-28T13:38:50.924+0000] {logging_mixin.py:188} INFO - [2025-04-28T13:38:50.924+0000] {dagbag.py:538} INFO - Filling up the DagBag from /home/airflow/.local/lib/python3.8/site-packages/airflow/example_dags/tutorial.py
[2025-04-28T13:38:50.936+0000] {processor.py:840} INFO - DAG(s) 'tutorial' retrieved from /home/airflow/.local/lib/python3.8/site-packages/airflow/example_dags/tutorial.py
[2025-04-28T13:38:50.968+0000] {logging_mixin.py:188} INFO - [2025-04-28T13:38:50.968+0000] {dag.py:3033} INFO - Sync 1 DAGs
[2025-04-28T13:38:51.009+0000] {logging_mixin.py:188} INFO - [2025-04-28T13:38:51.009+0000] {dag.py:3820} INFO - Setting next_dagrun for tutorial to 2025-04-27T00:00:00+00:00, run_after=2025-04-28T00:00:00+00:00
[2025-04-28T13:38:51.053+0000] {processor.py:183} INFO - Processing /home/airflow/.local/lib/python3.8/site-packages/airflow/example_dags/tutorial.py took 0.137 seconds
[2025-04-28T13:39:23.574+0000] {processor.py:161} INFO - Started process (PID=17024) to work on /home/airflow/.local/lib/python3.8/site-packages/airflow/example_dags/tutorial.py
[2025-04-28T13:39:23.575+0000] {processor.py:830} INFO - Processing file /home/airflow/.local/lib/python3.8/site-packages/airflow/example_dags/tutorial.py for tasks to queue
[2025-04-28T13:39:23.577+0000] {logging_mixin.py:188} INFO - [2025-04-28T13:39:23.577+0000] {dagbag.py:538} INFO - Filling up the DagBag from /home/airflow/.local/lib/python3.8/site-packages/airflow/example_dags/tutorial.py
[2025-04-28T13:39:23.589+0000] {processor.py:840} INFO - DAG(s) 'tutorial' retrieved from /home/airflow/.local/lib/python3.8/site-packages/airflow/example_dags/tutorial.py
[2025-04-28T13:39:23.638+0000] {logging_mixin.py:188} INFO - [2025-04-28T13:39:23.638+0000] {dag.py:3033} INFO - Sync 1 DAGs
[2025-04-28T13:39:23.686+0000] {logging_mixin.py:188} INFO - [2025-04-28T13:39:23.686+0000] {dag.py:3820} INFO - Setting next_dagrun for tutorial to 2025-04-27T00:00:00+00:00, run_after=2025-04-28T00:00:00+00:00
[2025-04-28T13:39:23.720+0000] {processor.py:183} INFO - Processing /home/airflow/.local/lib/python3.8/site-packages/airflow/example_dags/tutorial.py took 0.151 seconds
[2025-04-28T13:39:55.635+0000] {processor.py:161} INFO - Started process (PID=17080) to work on /home/airflow/.local/lib/python3.8/site-packages/airflow/example_dags/tutorial.py
[2025-04-28T13:39:55.637+0000] {processor.py:830} INFO - Processing file /home/airflow/.local/lib/python3.8/site-packages/airflow/example_dags/tutorial.py for tasks to queue
[2025-04-28T13:39:55.638+0000] {logging_mixin.py:188} INFO - [2025-04-28T13:39:55.638+0000] {dagbag.py:538} INFO - Filling up the DagBag from /home/airflow/.local/lib/python3.8/site-packages/airflow/example_dags/tutorial.py
[2025-04-28T13:39:55.651+0000] {processor.py:840} INFO - DAG(s) 'tutorial' retrieved from /home/airflow/.local/lib/python3.8/site-packages/airflow/example_dags/tutorial.py
[2025-04-28T13:39:55.683+0000] {logging_mixin.py:188} INFO - [2025-04-28T13:39:55.683+0000] {dag.py:3033} INFO - Sync 1 DAGs
[2025-04-28T13:39:55.726+0000] {logging_mixin.py:188} INFO - [2025-04-28T13:39:55.725+0000] {dag.py:3820} INFO - Setting next_dagrun for tutorial to 2025-04-27T00:00:00+00:00, run_after=2025-04-28T00:00:00+00:00
[2025-04-28T13:39:55.769+0000] {processor.py:183} INFO - Processing /home/airflow/.local/lib/python3.8/site-packages/airflow/example_dags/tutorial.py took 0.139 seconds
[2025-04-28T13:40:28.490+0000] {processor.py:161} INFO - Started process (PID=17138) to work on /home/airflow/.local/lib/python3.8/site-packages/airflow/example_dags/tutorial.py
[2025-04-28T13:40:28.492+0000] {processor.py:830} INFO - Processing file /home/airflow/.local/lib/python3.8/site-packages/airflow/example_dags/tutorial.py for tasks to queue
[2025-04-28T13:40:28.493+0000] {logging_mixin.py:188} INFO - [2025-04-28T13:40:28.493+0000] {dagbag.py:538} INFO - Filling up the DagBag from /home/airflow/.local/lib/python3.8/site-packages/airflow/example_dags/tutorial.py
[2025-04-28T13:40:28.505+0000] {processor.py:840} INFO - DAG(s) 'tutorial' retrieved from /home/airflow/.local/lib/python3.8/site-packages/airflow/example_dags/tutorial.py
[2025-04-28T13:40:28.545+0000] {logging_mixin.py:188} INFO - [2025-04-28T13:40:28.544+0000] {dag.py:3033} INFO - Sync 1 DAGs
[2025-04-28T13:40:28.584+0000] {logging_mixin.py:188} INFO - [2025-04-28T13:40:28.584+0000] {dag.py:3820} INFO - Setting next_dagrun for tutorial to 2025-04-27T00:00:00+00:00, run_after=2025-04-28T00:00:00+00:00
[2025-04-28T13:40:28.620+0000] {processor.py:183} INFO - Processing /home/airflow/.local/lib/python3.8/site-packages/airflow/example_dags/tutorial.py took 0.139 seconds
[2025-04-28T13:41:01.892+0000] {processor.py:161} INFO - Started process (PID=17196) to work on /home/airflow/.local/lib/python3.8/site-packages/airflow/example_dags/tutorial.py
[2025-04-28T13:41:01.893+0000] {processor.py:830} INFO - Processing file /home/airflow/.local/lib/python3.8/site-packages/airflow/example_dags/tutorial.py for tasks to queue
[2025-04-28T13:41:01.895+0000] {logging_mixin.py:188} INFO - [2025-04-28T13:41:01.895+0000] {dagbag.py:538} INFO - Filling up the DagBag from /home/airflow/.local/lib/python3.8/site-packages/airflow/example_dags/tutorial.py
[2025-04-28T13:41:01.907+0000] {processor.py:840} INFO - DAG(s) 'tutorial' retrieved from /home/airflow/.local/lib/python3.8/site-packages/airflow/example_dags/tutorial.py
[2025-04-28T13:41:01.935+0000] {logging_mixin.py:188} INFO - [2025-04-28T13:41:01.935+0000] {dag.py:3033} INFO - Sync 1 DAGs
[2025-04-28T13:41:01.981+0000] {logging_mixin.py:188} INFO - [2025-04-28T13:41:01.981+0000] {dag.py:3820} INFO - Setting next_dagrun for tutorial to 2025-04-27T00:00:00+00:00, run_after=2025-04-28T00:00:00+00:00
[2025-04-28T13:41:02.040+0000] {processor.py:183} INFO - Processing /home/airflow/.local/lib/python3.8/site-packages/airflow/example_dags/tutorial.py took 0.152 seconds
[2025-04-28T13:41:35.099+0000] {processor.py:161} INFO - Started process (PID=17252) to work on /home/airflow/.local/lib/python3.8/site-packages/airflow/example_dags/tutorial.py
[2025-04-28T13:41:35.101+0000] {processor.py:830} INFO - Processing file /home/airflow/.local/lib/python3.8/site-packages/airflow/example_dags/tutorial.py for tasks to queue
[2025-04-28T13:41:35.103+0000] {logging_mixin.py:188} INFO - [2025-04-28T13:41:35.103+0000] {dagbag.py:538} INFO - Filling up the DagBag from /home/airflow/.local/lib/python3.8/site-packages/airflow/example_dags/tutorial.py
[2025-04-28T13:41:35.113+0000] {processor.py:840} INFO - DAG(s) 'tutorial' retrieved from /home/airflow/.local/lib/python3.8/site-packages/airflow/example_dags/tutorial.py
[2025-04-28T13:41:35.145+0000] {logging_mixin.py:188} INFO - [2025-04-28T13:41:35.144+0000] {dag.py:3033} INFO - Sync 1 DAGs
[2025-04-28T13:41:35.177+0000] {logging_mixin.py:188} INFO - [2025-04-28T13:41:35.177+0000] {dag.py:3820} INFO - Setting next_dagrun for tutorial to 2025-04-27T00:00:00+00:00, run_after=2025-04-28T00:00:00+00:00
[2025-04-28T13:41:35.362+0000] {processor.py:183} INFO - Processing /home/airflow/.local/lib/python3.8/site-packages/airflow/example_dags/tutorial.py took 0.268 seconds
[2025-04-28T13:42:07.864+0000] {processor.py:161} INFO - Started process (PID=17308) to work on /home/airflow/.local/lib/python3.8/site-packages/airflow/example_dags/tutorial.py
[2025-04-28T13:42:07.865+0000] {processor.py:830} INFO - Processing file /home/airflow/.local/lib/python3.8/site-packages/airflow/example_dags/tutorial.py for tasks to queue
[2025-04-28T13:42:07.872+0000] {logging_mixin.py:188} INFO - [2025-04-28T13:42:07.872+0000] {dagbag.py:538} INFO - Filling up the DagBag from /home/airflow/.local/lib/python3.8/site-packages/airflow/example_dags/tutorial.py
[2025-04-28T13:42:07.885+0000] {processor.py:840} INFO - DAG(s) 'tutorial' retrieved from /home/airflow/.local/lib/python3.8/site-packages/airflow/example_dags/tutorial.py
[2025-04-28T13:42:07.916+0000] {logging_mixin.py:188} INFO - [2025-04-28T13:42:07.916+0000] {dag.py:3033} INFO - Sync 1 DAGs
[2025-04-28T13:42:07.953+0000] {logging_mixin.py:188} INFO - [2025-04-28T13:42:07.953+0000] {dag.py:3820} INFO - Setting next_dagrun for tutorial to 2025-04-27T00:00:00+00:00, run_after=2025-04-28T00:00:00+00:00
[2025-04-28T13:42:07.983+0000] {processor.py:183} INFO - Processing /home/airflow/.local/lib/python3.8/site-packages/airflow/example_dags/tutorial.py took 0.125 seconds
[2025-04-28T13:42:40.519+0000] {processor.py:161} INFO - Started process (PID=17364) to work on /home/airflow/.local/lib/python3.8/site-packages/airflow/example_dags/tutorial.py
[2025-04-28T13:42:40.521+0000] {processor.py:830} INFO - Processing file /home/airflow/.local/lib/python3.8/site-packages/airflow/example_dags/tutorial.py for tasks to queue
[2025-04-28T13:42:40.523+0000] {logging_mixin.py:188} INFO - [2025-04-28T13:42:40.522+0000] {dagbag.py:538} INFO - Filling up the DagBag from /home/airflow/.local/lib/python3.8/site-packages/airflow/example_dags/tutorial.py
[2025-04-28T13:42:40.537+0000] {processor.py:840} INFO - DAG(s) 'tutorial' retrieved from /home/airflow/.local/lib/python3.8/site-packages/airflow/example_dags/tutorial.py
[2025-04-28T13:42:40.630+0000] {logging_mixin.py:188} INFO - [2025-04-28T13:42:40.629+0000] {dag.py:3033} INFO - Sync 1 DAGs
[2025-04-28T13:42:40.707+0000] {logging_mixin.py:188} INFO - [2025-04-28T13:42:40.707+0000] {dag.py:3820} INFO - Setting next_dagrun for tutorial to 2025-04-27T00:00:00+00:00, run_after=2025-04-28T00:00:00+00:00
[2025-04-28T13:42:40.760+0000] {processor.py:183} INFO - Processing /home/airflow/.local/lib/python3.8/site-packages/airflow/example_dags/tutorial.py took 0.250 seconds
[2025-04-28T13:43:14.668+0000] {processor.py:161} INFO - Started process (PID=17420) to work on /home/airflow/.local/lib/python3.8/site-packages/airflow/example_dags/tutorial.py
[2025-04-28T13:43:14.670+0000] {processor.py:830} INFO - Processing file /home/airflow/.local/lib/python3.8/site-packages/airflow/example_dags/tutorial.py for tasks to queue
[2025-04-28T13:43:14.671+0000] {logging_mixin.py:188} INFO - [2025-04-28T13:43:14.671+0000] {dagbag.py:538} INFO - Filling up the DagBag from /home/airflow/.local/lib/python3.8/site-packages/airflow/example_dags/tutorial.py
[2025-04-28T13:43:14.683+0000] {processor.py:840} INFO - DAG(s) 'tutorial' retrieved from /home/airflow/.local/lib/python3.8/site-packages/airflow/example_dags/tutorial.py
[2025-04-28T13:43:14.718+0000] {logging_mixin.py:188} INFO - [2025-04-28T13:43:14.718+0000] {dag.py:3033} INFO - Sync 1 DAGs
[2025-04-28T13:43:14.916+0000] {logging_mixin.py:188} INFO - [2025-04-28T13:43:14.916+0000] {dag.py:3820} INFO - Setting next_dagrun for tutorial to 2025-04-27T00:00:00+00:00, run_after=2025-04-28T00:00:00+00:00
[2025-04-28T13:43:14.961+0000] {processor.py:183} INFO - Processing /home/airflow/.local/lib/python3.8/site-packages/airflow/example_dags/tutorial.py took 0.298 seconds
[2025-04-28T13:43:45.360+0000] {processor.py:161} INFO - Started process (PID=17477) to work on /home/airflow/.local/lib/python3.8/site-packages/airflow/example_dags/tutorial.py
[2025-04-28T13:43:45.362+0000] {processor.py:830} INFO - Processing file /home/airflow/.local/lib/python3.8/site-packages/airflow/example_dags/tutorial.py for tasks to queue
[2025-04-28T13:43:45.363+0000] {logging_mixin.py:188} INFO - [2025-04-28T13:43:45.363+0000] {dagbag.py:538} INFO - Filling up the DagBag from /home/airflow/.local/lib/python3.8/site-packages/airflow/example_dags/tutorial.py
[2025-04-28T13:43:45.375+0000] {processor.py:840} INFO - DAG(s) 'tutorial' retrieved from /home/airflow/.local/lib/python3.8/site-packages/airflow/example_dags/tutorial.py
[2025-04-28T13:43:45.405+0000] {logging_mixin.py:188} INFO - [2025-04-28T13:43:45.405+0000] {dag.py:3033} INFO - Sync 1 DAGs
[2025-04-28T13:43:45.438+0000] {logging_mixin.py:188} INFO - [2025-04-28T13:43:45.438+0000] {dag.py:3820} INFO - Setting next_dagrun for tutorial to 2025-04-27T00:00:00+00:00, run_after=2025-04-28T00:00:00+00:00
[2025-04-28T13:43:45.467+0000] {processor.py:183} INFO - Processing /home/airflow/.local/lib/python3.8/site-packages/airflow/example_dags/tutorial.py took 0.112 seconds
[2025-04-28T13:44:21.552+0000] {processor.py:161} INFO - Started process (PID=17541) to work on /home/airflow/.local/lib/python3.8/site-packages/airflow/example_dags/tutorial.py
[2025-04-28T13:44:21.554+0000] {processor.py:830} INFO - Processing file /home/airflow/.local/lib/python3.8/site-packages/airflow/example_dags/tutorial.py for tasks to queue
[2025-04-28T13:44:21.557+0000] {logging_mixin.py:188} INFO - [2025-04-28T13:44:21.555+0000] {dagbag.py:538} INFO - Filling up the DagBag from /home/airflow/.local/lib/python3.8/site-packages/airflow/example_dags/tutorial.py
[2025-04-28T13:44:21.573+0000] {processor.py:840} INFO - DAG(s) 'tutorial' retrieved from /home/airflow/.local/lib/python3.8/site-packages/airflow/example_dags/tutorial.py
[2025-04-28T13:44:21.608+0000] {logging_mixin.py:188} INFO - [2025-04-28T13:44:21.608+0000] {dag.py:3033} INFO - Sync 1 DAGs
[2025-04-28T13:44:21.645+0000] {logging_mixin.py:188} INFO - [2025-04-28T13:44:21.645+0000] {dag.py:3820} INFO - Setting next_dagrun for tutorial to 2025-04-27T00:00:00+00:00, run_after=2025-04-28T00:00:00+00:00
[2025-04-28T13:44:21.685+0000] {processor.py:183} INFO - Processing /home/airflow/.local/lib/python3.8/site-packages/airflow/example_dags/tutorial.py took 0.140 seconds
[2025-04-28T13:44:53.280+0000] {processor.py:161} INFO - Started process (PID=17597) to work on /home/airflow/.local/lib/python3.8/site-packages/airflow/example_dags/tutorial.py
[2025-04-28T13:44:53.288+0000] {processor.py:830} INFO - Processing file /home/airflow/.local/lib/python3.8/site-packages/airflow/example_dags/tutorial.py for tasks to queue
[2025-04-28T13:44:53.291+0000] {logging_mixin.py:188} INFO - [2025-04-28T13:44:53.290+0000] {dagbag.py:538} INFO - Filling up the DagBag from /home/airflow/.local/lib/python3.8/site-packages/airflow/example_dags/tutorial.py
[2025-04-28T13:44:53.313+0000] {processor.py:840} INFO - DAG(s) 'tutorial' retrieved from /home/airflow/.local/lib/python3.8/site-packages/airflow/example_dags/tutorial.py
[2025-04-28T13:44:53.351+0000] {logging_mixin.py:188} INFO - [2025-04-28T13:44:53.351+0000] {dag.py:3033} INFO - Sync 1 DAGs
[2025-04-28T13:44:53.400+0000] {logging_mixin.py:188} INFO - [2025-04-28T13:44:53.399+0000] {dag.py:3820} INFO - Setting next_dagrun for tutorial to 2025-04-27T00:00:00+00:00, run_after=2025-04-28T00:00:00+00:00
[2025-04-28T13:44:53.460+0000] {processor.py:183} INFO - Processing /home/airflow/.local/lib/python3.8/site-packages/airflow/example_dags/tutorial.py took 0.186 seconds
[2025-04-28T13:45:29.145+0000] {processor.py:161} INFO - Started process (PID=17662) to work on /home/airflow/.local/lib/python3.8/site-packages/airflow/example_dags/tutorial.py
[2025-04-28T13:45:29.146+0000] {processor.py:830} INFO - Processing file /home/airflow/.local/lib/python3.8/site-packages/airflow/example_dags/tutorial.py for tasks to queue
[2025-04-28T13:45:29.147+0000] {logging_mixin.py:188} INFO - [2025-04-28T13:45:29.147+0000] {dagbag.py:538} INFO - Filling up the DagBag from /home/airflow/.local/lib/python3.8/site-packages/airflow/example_dags/tutorial.py
[2025-04-28T13:45:29.156+0000] {processor.py:840} INFO - DAG(s) 'tutorial' retrieved from /home/airflow/.local/lib/python3.8/site-packages/airflow/example_dags/tutorial.py
[2025-04-28T13:45:29.190+0000] {logging_mixin.py:188} INFO - [2025-04-28T13:45:29.190+0000] {dag.py:3033} INFO - Sync 1 DAGs
[2025-04-28T13:45:29.377+0000] {logging_mixin.py:188} INFO - [2025-04-28T13:45:29.376+0000] {dag.py:3820} INFO - Setting next_dagrun for tutorial to 2025-04-27T00:00:00+00:00, run_after=2025-04-28T00:00:00+00:00
[2025-04-28T13:45:29.409+0000] {processor.py:183} INFO - Processing /home/airflow/.local/lib/python3.8/site-packages/airflow/example_dags/tutorial.py took 0.269 seconds
[2025-04-28T13:45:59.919+0000] {processor.py:161} INFO - Started process (PID=17719) to work on /home/airflow/.local/lib/python3.8/site-packages/airflow/example_dags/tutorial.py
[2025-04-28T13:45:59.920+0000] {processor.py:830} INFO - Processing file /home/airflow/.local/lib/python3.8/site-packages/airflow/example_dags/tutorial.py for tasks to queue
[2025-04-28T13:45:59.922+0000] {logging_mixin.py:188} INFO - [2025-04-28T13:45:59.922+0000] {dagbag.py:538} INFO - Filling up the DagBag from /home/airflow/.local/lib/python3.8/site-packages/airflow/example_dags/tutorial.py
[2025-04-28T13:45:59.933+0000] {processor.py:840} INFO - DAG(s) 'tutorial' retrieved from /home/airflow/.local/lib/python3.8/site-packages/airflow/example_dags/tutorial.py
[2025-04-28T13:45:59.967+0000] {logging_mixin.py:188} INFO - [2025-04-28T13:45:59.967+0000] {dag.py:3033} INFO - Sync 1 DAGs
[2025-04-28T13:46:00.002+0000] {logging_mixin.py:188} INFO - [2025-04-28T13:46:00.001+0000] {dag.py:3820} INFO - Setting next_dagrun for tutorial to 2025-04-27T00:00:00+00:00, run_after=2025-04-28T00:00:00+00:00
[2025-04-28T13:46:00.196+0000] {processor.py:183} INFO - Processing /home/airflow/.local/lib/python3.8/site-packages/airflow/example_dags/tutorial.py took 0.283 seconds
[2025-04-28T13:46:31.884+0000] {processor.py:161} INFO - Started process (PID=17776) to work on /home/airflow/.local/lib/python3.8/site-packages/airflow/example_dags/tutorial.py
[2025-04-28T13:46:31.885+0000] {processor.py:830} INFO - Processing file /home/airflow/.local/lib/python3.8/site-packages/airflow/example_dags/tutorial.py for tasks to queue
[2025-04-28T13:46:31.887+0000] {logging_mixin.py:188} INFO - [2025-04-28T13:46:31.887+0000] {dagbag.py:538} INFO - Filling up the DagBag from /home/airflow/.local/lib/python3.8/site-packages/airflow/example_dags/tutorial.py
[2025-04-28T13:46:31.902+0000] {processor.py:840} INFO - DAG(s) 'tutorial' retrieved from /home/airflow/.local/lib/python3.8/site-packages/airflow/example_dags/tutorial.py
[2025-04-28T13:46:31.947+0000] {logging_mixin.py:188} INFO - [2025-04-28T13:46:31.947+0000] {dag.py:3033} INFO - Sync 1 DAGs
[2025-04-28T13:46:31.996+0000] {logging_mixin.py:188} INFO - [2025-04-28T13:46:31.996+0000] {dag.py:3820} INFO - Setting next_dagrun for tutorial to 2025-04-27T00:00:00+00:00, run_after=2025-04-28T00:00:00+00:00
[2025-04-28T13:46:32.046+0000] {processor.py:183} INFO - Processing /home/airflow/.local/lib/python3.8/site-packages/airflow/example_dags/tutorial.py took 0.171 seconds
[2025-04-28T13:47:07.977+0000] {processor.py:161} INFO - Started process (PID=17833) to work on /home/airflow/.local/lib/python3.8/site-packages/airflow/example_dags/tutorial.py
[2025-04-28T13:47:07.978+0000] {processor.py:830} INFO - Processing file /home/airflow/.local/lib/python3.8/site-packages/airflow/example_dags/tutorial.py for tasks to queue
[2025-04-28T13:47:07.980+0000] {logging_mixin.py:188} INFO - [2025-04-28T13:47:07.980+0000] {dagbag.py:538} INFO - Filling up the DagBag from /home/airflow/.local/lib/python3.8/site-packages/airflow/example_dags/tutorial.py
[2025-04-28T13:47:07.989+0000] {processor.py:840} INFO - DAG(s) 'tutorial' retrieved from /home/airflow/.local/lib/python3.8/site-packages/airflow/example_dags/tutorial.py
[2025-04-28T13:47:08.182+0000] {logging_mixin.py:188} INFO - [2025-04-28T13:47:08.181+0000] {dag.py:3033} INFO - Sync 1 DAGs
[2025-04-28T13:47:08.213+0000] {logging_mixin.py:188} INFO - [2025-04-28T13:47:08.213+0000] {dag.py:3820} INFO - Setting next_dagrun for tutorial to 2025-04-27T00:00:00+00:00, run_after=2025-04-28T00:00:00+00:00
[2025-04-28T13:47:08.246+0000] {processor.py:183} INFO - Processing /home/airflow/.local/lib/python3.8/site-packages/airflow/example_dags/tutorial.py took 0.274 seconds
[2025-04-28T13:47:38.886+0000] {processor.py:161} INFO - Started process (PID=17890) to work on /home/airflow/.local/lib/python3.8/site-packages/airflow/example_dags/tutorial.py
[2025-04-28T13:47:38.889+0000] {processor.py:830} INFO - Processing file /home/airflow/.local/lib/python3.8/site-packages/airflow/example_dags/tutorial.py for tasks to queue
[2025-04-28T13:47:38.891+0000] {logging_mixin.py:188} INFO - [2025-04-28T13:47:38.891+0000] {dagbag.py:538} INFO - Filling up the DagBag from /home/airflow/.local/lib/python3.8/site-packages/airflow/example_dags/tutorial.py
[2025-04-28T13:47:38.904+0000] {processor.py:840} INFO - DAG(s) 'tutorial' retrieved from /home/airflow/.local/lib/python3.8/site-packages/airflow/example_dags/tutorial.py
[2025-04-28T13:47:38.980+0000] {logging_mixin.py:188} INFO - [2025-04-28T13:47:38.980+0000] {dag.py:3033} INFO - Sync 1 DAGs
[2025-04-28T13:47:39.071+0000] {logging_mixin.py:188} INFO - [2025-04-28T13:47:39.071+0000] {dag.py:3820} INFO - Setting next_dagrun for tutorial to 2025-04-27T00:00:00+00:00, run_after=2025-04-28T00:00:00+00:00
[2025-04-28T13:47:39.596+0000] {processor.py:183} INFO - Processing /home/airflow/.local/lib/python3.8/site-packages/airflow/example_dags/tutorial.py took 0.731 seconds
[2025-04-28T13:48:13.333+0000] {processor.py:161} INFO - Started process (PID=17946) to work on /home/airflow/.local/lib/python3.8/site-packages/airflow/example_dags/tutorial.py
[2025-04-28T13:48:13.334+0000] {processor.py:830} INFO - Processing file /home/airflow/.local/lib/python3.8/site-packages/airflow/example_dags/tutorial.py for tasks to queue
[2025-04-28T13:48:13.336+0000] {logging_mixin.py:188} INFO - [2025-04-28T13:48:13.335+0000] {dagbag.py:538} INFO - Filling up the DagBag from /home/airflow/.local/lib/python3.8/site-packages/airflow/example_dags/tutorial.py
[2025-04-28T13:48:13.348+0000] {processor.py:840} INFO - DAG(s) 'tutorial' retrieved from /home/airflow/.local/lib/python3.8/site-packages/airflow/example_dags/tutorial.py
[2025-04-28T13:48:13.391+0000] {logging_mixin.py:188} INFO - [2025-04-28T13:48:13.390+0000] {dag.py:3033} INFO - Sync 1 DAGs
[2025-04-28T13:48:13.436+0000] {logging_mixin.py:188} INFO - [2025-04-28T13:48:13.436+0000] {dag.py:3820} INFO - Setting next_dagrun for tutorial to 2025-04-27T00:00:00+00:00, run_after=2025-04-28T00:00:00+00:00
[2025-04-28T13:48:13.491+0000] {processor.py:183} INFO - Processing /home/airflow/.local/lib/python3.8/site-packages/airflow/example_dags/tutorial.py took 0.164 seconds
[2025-04-28T13:48:44.715+0000] {processor.py:161} INFO - Started process (PID=18002) to work on /home/airflow/.local/lib/python3.8/site-packages/airflow/example_dags/tutorial.py
[2025-04-28T13:48:44.717+0000] {processor.py:830} INFO - Processing file /home/airflow/.local/lib/python3.8/site-packages/airflow/example_dags/tutorial.py for tasks to queue
[2025-04-28T13:48:44.721+0000] {logging_mixin.py:188} INFO - [2025-04-28T13:48:44.720+0000] {dagbag.py:538} INFO - Filling up the DagBag from /home/airflow/.local/lib/python3.8/site-packages/airflow/example_dags/tutorial.py
[2025-04-28T13:48:44.738+0000] {processor.py:840} INFO - DAG(s) 'tutorial' retrieved from /home/airflow/.local/lib/python3.8/site-packages/airflow/example_dags/tutorial.py
[2025-04-28T13:48:44.793+0000] {logging_mixin.py:188} INFO - [2025-04-28T13:48:44.792+0000] {dag.py:3033} INFO - Sync 1 DAGs
[2025-04-28T13:48:44.853+0000] {logging_mixin.py:188} INFO - [2025-04-28T13:48:44.852+0000] {dag.py:3820} INFO - Setting next_dagrun for tutorial to 2025-04-27T00:00:00+00:00, run_after=2025-04-28T00:00:00+00:00
[2025-04-28T13:48:44.907+0000] {processor.py:183} INFO - Processing /home/airflow/.local/lib/python3.8/site-packages/airflow/example_dags/tutorial.py took 0.200 seconds
[2025-04-28T13:49:15.370+0000] {processor.py:161} INFO - Started process (PID=18059) to work on /home/airflow/.local/lib/python3.8/site-packages/airflow/example_dags/tutorial.py
[2025-04-28T13:49:15.372+0000] {processor.py:830} INFO - Processing file /home/airflow/.local/lib/python3.8/site-packages/airflow/example_dags/tutorial.py for tasks to queue
[2025-04-28T13:49:15.374+0000] {logging_mixin.py:188} INFO - [2025-04-28T13:49:15.373+0000] {dagbag.py:538} INFO - Filling up the DagBag from /home/airflow/.local/lib/python3.8/site-packages/airflow/example_dags/tutorial.py
[2025-04-28T13:49:15.386+0000] {processor.py:840} INFO - DAG(s) 'tutorial' retrieved from /home/airflow/.local/lib/python3.8/site-packages/airflow/example_dags/tutorial.py
[2025-04-28T13:49:15.422+0000] {logging_mixin.py:188} INFO - [2025-04-28T13:49:15.421+0000] {dag.py:3033} INFO - Sync 1 DAGs
[2025-04-28T13:49:15.469+0000] {logging_mixin.py:188} INFO - [2025-04-28T13:49:15.469+0000] {dag.py:3820} INFO - Setting next_dagrun for tutorial to 2025-04-27T00:00:00+00:00, run_after=2025-04-28T00:00:00+00:00
[2025-04-28T13:49:15.503+0000] {processor.py:183} INFO - Processing /home/airflow/.local/lib/python3.8/site-packages/airflow/example_dags/tutorial.py took 0.137 seconds
[2025-04-28T13:49:48.226+0000] {processor.py:161} INFO - Started process (PID=18115) to work on /home/airflow/.local/lib/python3.8/site-packages/airflow/example_dags/tutorial.py
[2025-04-28T13:49:48.228+0000] {processor.py:830} INFO - Processing file /home/airflow/.local/lib/python3.8/site-packages/airflow/example_dags/tutorial.py for tasks to queue
[2025-04-28T13:49:48.230+0000] {logging_mixin.py:188} INFO - [2025-04-28T13:49:48.230+0000] {dagbag.py:538} INFO - Filling up the DagBag from /home/airflow/.local/lib/python3.8/site-packages/airflow/example_dags/tutorial.py
[2025-04-28T13:49:48.243+0000] {processor.py:840} INFO - DAG(s) 'tutorial' retrieved from /home/airflow/.local/lib/python3.8/site-packages/airflow/example_dags/tutorial.py
[2025-04-28T13:49:48.303+0000] {logging_mixin.py:188} INFO - [2025-04-28T13:49:48.303+0000] {dag.py:3033} INFO - Sync 1 DAGs
[2025-04-28T13:49:48.354+0000] {logging_mixin.py:188} INFO - [2025-04-28T13:49:48.354+0000] {dag.py:3820} INFO - Setting next_dagrun for tutorial to 2025-04-27T00:00:00+00:00, run_after=2025-04-28T00:00:00+00:00
[2025-04-28T13:49:48.389+0000] {processor.py:183} INFO - Processing /home/airflow/.local/lib/python3.8/site-packages/airflow/example_dags/tutorial.py took 0.170 seconds
[2025-04-28T13:50:21.598+0000] {processor.py:161} INFO - Started process (PID=18171) to work on /home/airflow/.local/lib/python3.8/site-packages/airflow/example_dags/tutorial.py
[2025-04-28T13:50:21.600+0000] {processor.py:830} INFO - Processing file /home/airflow/.local/lib/python3.8/site-packages/airflow/example_dags/tutorial.py for tasks to queue
[2025-04-28T13:50:21.602+0000] {logging_mixin.py:188} INFO - [2025-04-28T13:50:21.601+0000] {dagbag.py:538} INFO - Filling up the DagBag from /home/airflow/.local/lib/python3.8/site-packages/airflow/example_dags/tutorial.py
[2025-04-28T13:50:21.615+0000] {processor.py:840} INFO - DAG(s) 'tutorial' retrieved from /home/airflow/.local/lib/python3.8/site-packages/airflow/example_dags/tutorial.py
[2025-04-28T13:50:21.649+0000] {logging_mixin.py:188} INFO - [2025-04-28T13:50:21.649+0000] {dag.py:3033} INFO - Sync 1 DAGs
[2025-04-28T13:50:21.691+0000] {logging_mixin.py:188} INFO - [2025-04-28T13:50:21.691+0000] {dag.py:3820} INFO - Setting next_dagrun for tutorial to 2025-04-27T00:00:00+00:00, run_after=2025-04-28T00:00:00+00:00
[2025-04-28T13:50:21.730+0000] {processor.py:183} INFO - Processing /home/airflow/.local/lib/python3.8/site-packages/airflow/example_dags/tutorial.py took 0.137 seconds
[2025-04-28T13:50:54.015+0000] {processor.py:161} INFO - Started process (PID=18227) to work on /home/airflow/.local/lib/python3.8/site-packages/airflow/example_dags/tutorial.py
[2025-04-28T13:50:54.016+0000] {processor.py:830} INFO - Processing file /home/airflow/.local/lib/python3.8/site-packages/airflow/example_dags/tutorial.py for tasks to queue
[2025-04-28T13:50:54.018+0000] {logging_mixin.py:188} INFO - [2025-04-28T13:50:54.017+0000] {dagbag.py:538} INFO - Filling up the DagBag from /home/airflow/.local/lib/python3.8/site-packages/airflow/example_dags/tutorial.py
[2025-04-28T13:50:54.030+0000] {processor.py:840} INFO - DAG(s) 'tutorial' retrieved from /home/airflow/.local/lib/python3.8/site-packages/airflow/example_dags/tutorial.py
[2025-04-28T13:50:54.076+0000] {logging_mixin.py:188} INFO - [2025-04-28T13:50:54.076+0000] {dag.py:3033} INFO - Sync 1 DAGs
[2025-04-28T13:50:54.122+0000] {logging_mixin.py:188} INFO - [2025-04-28T13:50:54.121+0000] {dag.py:3820} INFO - Setting next_dagrun for tutorial to 2025-04-27T00:00:00+00:00, run_after=2025-04-28T00:00:00+00:00
[2025-04-28T13:50:54.154+0000] {processor.py:183} INFO - Processing /home/airflow/.local/lib/python3.8/site-packages/airflow/example_dags/tutorial.py took 0.146 seconds
[2025-04-28T13:51:27.592+0000] {processor.py:161} INFO - Started process (PID=18283) to work on /home/airflow/.local/lib/python3.8/site-packages/airflow/example_dags/tutorial.py
[2025-04-28T13:51:27.594+0000] {processor.py:830} INFO - Processing file /home/airflow/.local/lib/python3.8/site-packages/airflow/example_dags/tutorial.py for tasks to queue
[2025-04-28T13:51:27.595+0000] {logging_mixin.py:188} INFO - [2025-04-28T13:51:27.595+0000] {dagbag.py:538} INFO - Filling up the DagBag from /home/airflow/.local/lib/python3.8/site-packages/airflow/example_dags/tutorial.py
[2025-04-28T13:51:27.609+0000] {processor.py:840} INFO - DAG(s) 'tutorial' retrieved from /home/airflow/.local/lib/python3.8/site-packages/airflow/example_dags/tutorial.py
[2025-04-28T13:51:27.659+0000] {logging_mixin.py:188} INFO - [2025-04-28T13:51:27.658+0000] {dag.py:3033} INFO - Sync 1 DAGs
[2025-04-28T13:51:27.717+0000] {logging_mixin.py:188} INFO - [2025-04-28T13:51:27.717+0000] {dag.py:3820} INFO - Setting next_dagrun for tutorial to 2025-04-27T00:00:00+00:00, run_after=2025-04-28T00:00:00+00:00
[2025-04-28T13:51:27.763+0000] {processor.py:183} INFO - Processing /home/airflow/.local/lib/python3.8/site-packages/airflow/example_dags/tutorial.py took 0.184 seconds
[2025-04-28T13:51:59.259+0000] {processor.py:161} INFO - Started process (PID=18339) to work on /home/airflow/.local/lib/python3.8/site-packages/airflow/example_dags/tutorial.py
[2025-04-28T13:51:59.260+0000] {processor.py:830} INFO - Processing file /home/airflow/.local/lib/python3.8/site-packages/airflow/example_dags/tutorial.py for tasks to queue
[2025-04-28T13:51:59.262+0000] {logging_mixin.py:188} INFO - [2025-04-28T13:51:59.262+0000] {dagbag.py:538} INFO - Filling up the DagBag from /home/airflow/.local/lib/python3.8/site-packages/airflow/example_dags/tutorial.py
[2025-04-28T13:51:59.276+0000] {processor.py:840} INFO - DAG(s) 'tutorial' retrieved from /home/airflow/.local/lib/python3.8/site-packages/airflow/example_dags/tutorial.py
[2025-04-28T13:51:59.311+0000] {logging_mixin.py:188} INFO - [2025-04-28T13:51:59.311+0000] {dag.py:3033} INFO - Sync 1 DAGs
[2025-04-28T13:51:59.353+0000] {logging_mixin.py:188} INFO - [2025-04-28T13:51:59.352+0000] {dag.py:3820} INFO - Setting next_dagrun for tutorial to 2025-04-27T00:00:00+00:00, run_after=2025-04-28T00:00:00+00:00
[2025-04-28T13:51:59.387+0000] {processor.py:183} INFO - Processing /home/airflow/.local/lib/python3.8/site-packages/airflow/example_dags/tutorial.py took 0.139 seconds
[2025-04-28T13:52:32.189+0000] {processor.py:161} INFO - Started process (PID=18395) to work on /home/airflow/.local/lib/python3.8/site-packages/airflow/example_dags/tutorial.py
[2025-04-28T13:52:32.191+0000] {processor.py:830} INFO - Processing file /home/airflow/.local/lib/python3.8/site-packages/airflow/example_dags/tutorial.py for tasks to queue
[2025-04-28T13:52:32.193+0000] {logging_mixin.py:188} INFO - [2025-04-28T13:52:32.192+0000] {dagbag.py:538} INFO - Filling up the DagBag from /home/airflow/.local/lib/python3.8/site-packages/airflow/example_dags/tutorial.py
[2025-04-28T13:52:32.221+0000] {processor.py:840} INFO - DAG(s) 'tutorial' retrieved from /home/airflow/.local/lib/python3.8/site-packages/airflow/example_dags/tutorial.py
[2025-04-28T13:52:32.290+0000] {logging_mixin.py:188} INFO - [2025-04-28T13:52:32.290+0000] {dag.py:3033} INFO - Sync 1 DAGs
[2025-04-28T13:52:32.351+0000] {logging_mixin.py:188} INFO - [2025-04-28T13:52:32.351+0000] {dag.py:3820} INFO - Setting next_dagrun for tutorial to 2025-04-27T00:00:00+00:00, run_after=2025-04-28T00:00:00+00:00
[2025-04-28T13:52:32.392+0000] {processor.py:183} INFO - Processing /home/airflow/.local/lib/python3.8/site-packages/airflow/example_dags/tutorial.py took 0.216 seconds
[2025-04-28T13:54:54.408+0000] {processor.py:161} INFO - Started process (PID=95) to work on /home/airflow/.local/lib/python3.8/site-packages/airflow/example_dags/tutorial.py
[2025-04-28T13:54:54.414+0000] {processor.py:830} INFO - Processing file /home/airflow/.local/lib/python3.8/site-packages/airflow/example_dags/tutorial.py for tasks to queue
[2025-04-28T13:54:54.419+0000] {logging_mixin.py:188} INFO - [2025-04-28T13:54:54.418+0000] {dagbag.py:538} INFO - Filling up the DagBag from /home/airflow/.local/lib/python3.8/site-packages/airflow/example_dags/tutorial.py
[2025-04-28T13:54:54.441+0000] {processor.py:840} INFO - DAG(s) 'tutorial' retrieved from /home/airflow/.local/lib/python3.8/site-packages/airflow/example_dags/tutorial.py
[2025-04-28T13:54:54.802+0000] {logging_mixin.py:188} INFO - [2025-04-28T13:54:54.802+0000] {dag.py:3033} INFO - Sync 1 DAGs
[2025-04-28T13:54:54.870+0000] {logging_mixin.py:188} INFO - [2025-04-28T13:54:54.870+0000] {dag.py:3820} INFO - Setting next_dagrun for tutorial to 2025-04-27T00:00:00+00:00, run_after=2025-04-28T00:00:00+00:00
[2025-04-28T13:54:54.948+0000] {processor.py:183} INFO - Processing /home/airflow/.local/lib/python3.8/site-packages/airflow/example_dags/tutorial.py took 0.546 seconds
[2025-04-28T13:55:25.517+0000] {processor.py:161} INFO - Started process (PID=151) to work on /home/airflow/.local/lib/python3.8/site-packages/airflow/example_dags/tutorial.py
[2025-04-28T13:55:25.519+0000] {processor.py:830} INFO - Processing file /home/airflow/.local/lib/python3.8/site-packages/airflow/example_dags/tutorial.py for tasks to queue
[2025-04-28T13:55:25.523+0000] {logging_mixin.py:188} INFO - [2025-04-28T13:55:25.522+0000] {dagbag.py:538} INFO - Filling up the DagBag from /home/airflow/.local/lib/python3.8/site-packages/airflow/example_dags/tutorial.py
[2025-04-28T13:55:25.533+0000] {processor.py:840} INFO - DAG(s) 'tutorial' retrieved from /home/airflow/.local/lib/python3.8/site-packages/airflow/example_dags/tutorial.py
[2025-04-28T13:55:25.562+0000] {logging_mixin.py:188} INFO - [2025-04-28T13:55:25.562+0000] {dag.py:3033} INFO - Sync 1 DAGs
[2025-04-28T13:55:25.594+0000] {logging_mixin.py:188} INFO - [2025-04-28T13:55:25.594+0000] {dag.py:3820} INFO - Setting next_dagrun for tutorial to 2025-04-27T00:00:00+00:00, run_after=2025-04-28T00:00:00+00:00
[2025-04-28T13:55:25.631+0000] {processor.py:183} INFO - Processing /home/airflow/.local/lib/python3.8/site-packages/airflow/example_dags/tutorial.py took 0.118 seconds
[2025-04-28T13:55:56.243+0000] {processor.py:161} INFO - Started process (PID=207) to work on /home/airflow/.local/lib/python3.8/site-packages/airflow/example_dags/tutorial.py
[2025-04-28T13:55:56.245+0000] {processor.py:830} INFO - Processing file /home/airflow/.local/lib/python3.8/site-packages/airflow/example_dags/tutorial.py for tasks to queue
[2025-04-28T13:55:56.249+0000] {logging_mixin.py:188} INFO - [2025-04-28T13:55:56.248+0000] {dagbag.py:538} INFO - Filling up the DagBag from /home/airflow/.local/lib/python3.8/site-packages/airflow/example_dags/tutorial.py
[2025-04-28T13:55:56.257+0000] {processor.py:840} INFO - DAG(s) 'tutorial' retrieved from /home/airflow/.local/lib/python3.8/site-packages/airflow/example_dags/tutorial.py
[2025-04-28T13:55:56.296+0000] {logging_mixin.py:188} INFO - [2025-04-28T13:55:56.296+0000] {dag.py:3033} INFO - Sync 1 DAGs
[2025-04-28T13:55:56.334+0000] {logging_mixin.py:188} INFO - [2025-04-28T13:55:56.334+0000] {dag.py:3820} INFO - Setting next_dagrun for tutorial to 2025-04-27T00:00:00+00:00, run_after=2025-04-28T00:00:00+00:00
[2025-04-28T13:55:56.369+0000] {processor.py:183} INFO - Processing /home/airflow/.local/lib/python3.8/site-packages/airflow/example_dags/tutorial.py took 0.130 seconds
[2025-04-28T13:56:26.558+0000] {processor.py:161} INFO - Started process (PID=262) to work on /home/airflow/.local/lib/python3.8/site-packages/airflow/example_dags/tutorial.py
[2025-04-28T13:56:26.560+0000] {processor.py:830} INFO - Processing file /home/airflow/.local/lib/python3.8/site-packages/airflow/example_dags/tutorial.py for tasks to queue
[2025-04-28T13:56:26.564+0000] {logging_mixin.py:188} INFO - [2025-04-28T13:56:26.564+0000] {dagbag.py:538} INFO - Filling up the DagBag from /home/airflow/.local/lib/python3.8/site-packages/airflow/example_dags/tutorial.py
[2025-04-28T13:56:26.572+0000] {processor.py:840} INFO - DAG(s) 'tutorial' retrieved from /home/airflow/.local/lib/python3.8/site-packages/airflow/example_dags/tutorial.py
[2025-04-28T13:56:26.605+0000] {logging_mixin.py:188} INFO - [2025-04-28T13:56:26.605+0000] {dag.py:3033} INFO - Sync 1 DAGs
[2025-04-28T13:56:26.643+0000] {logging_mixin.py:188} INFO - [2025-04-28T13:56:26.643+0000] {dag.py:3820} INFO - Setting next_dagrun for tutorial to 2025-04-27T00:00:00+00:00, run_after=2025-04-28T00:00:00+00:00
[2025-04-28T13:56:26.675+0000] {processor.py:183} INFO - Processing /home/airflow/.local/lib/python3.8/site-packages/airflow/example_dags/tutorial.py took 0.123 seconds
[2025-04-28T13:56:57.336+0000] {processor.py:161} INFO - Started process (PID=318) to work on /home/airflow/.local/lib/python3.8/site-packages/airflow/example_dags/tutorial.py
[2025-04-28T13:56:57.337+0000] {processor.py:830} INFO - Processing file /home/airflow/.local/lib/python3.8/site-packages/airflow/example_dags/tutorial.py for tasks to queue
[2025-04-28T13:56:57.341+0000] {logging_mixin.py:188} INFO - [2025-04-28T13:56:57.341+0000] {dagbag.py:538} INFO - Filling up the DagBag from /home/airflow/.local/lib/python3.8/site-packages/airflow/example_dags/tutorial.py
[2025-04-28T13:56:57.351+0000] {processor.py:840} INFO - DAG(s) 'tutorial' retrieved from /home/airflow/.local/lib/python3.8/site-packages/airflow/example_dags/tutorial.py
[2025-04-28T13:56:57.390+0000] {logging_mixin.py:188} INFO - [2025-04-28T13:56:57.390+0000] {dag.py:3033} INFO - Sync 1 DAGs
[2025-04-28T13:56:57.434+0000] {logging_mixin.py:188} INFO - [2025-04-28T13:56:57.433+0000] {dag.py:3820} INFO - Setting next_dagrun for tutorial to 2025-04-27T00:00:00+00:00, run_after=2025-04-28T00:00:00+00:00
[2025-04-28T13:56:57.485+0000] {processor.py:183} INFO - Processing /home/airflow/.local/lib/python3.8/site-packages/airflow/example_dags/tutorial.py took 0.155 seconds
[2025-04-28T13:57:28.254+0000] {processor.py:161} INFO - Started process (PID=374) to work on /home/airflow/.local/lib/python3.8/site-packages/airflow/example_dags/tutorial.py
[2025-04-28T13:57:28.258+0000] {processor.py:830} INFO - Processing file /home/airflow/.local/lib/python3.8/site-packages/airflow/example_dags/tutorial.py for tasks to queue
[2025-04-28T13:57:28.264+0000] {logging_mixin.py:188} INFO - [2025-04-28T13:57:28.263+0000] {dagbag.py:538} INFO - Filling up the DagBag from /home/airflow/.local/lib/python3.8/site-packages/airflow/example_dags/tutorial.py
[2025-04-28T13:57:28.279+0000] {processor.py:840} INFO - DAG(s) 'tutorial' retrieved from /home/airflow/.local/lib/python3.8/site-packages/airflow/example_dags/tutorial.py
[2025-04-28T13:57:28.342+0000] {logging_mixin.py:188} INFO - [2025-04-28T13:57:28.341+0000] {dag.py:3033} INFO - Sync 1 DAGs
[2025-04-28T13:57:28.397+0000] {logging_mixin.py:188} INFO - [2025-04-28T13:57:28.397+0000] {dag.py:3820} INFO - Setting next_dagrun for tutorial to 2025-04-27T00:00:00+00:00, run_after=2025-04-28T00:00:00+00:00
[2025-04-28T13:57:28.438+0000] {processor.py:183} INFO - Processing /home/airflow/.local/lib/python3.8/site-packages/airflow/example_dags/tutorial.py took 0.195 seconds
[2025-04-28T13:58:00.073+0000] {processor.py:161} INFO - Started process (PID=429) to work on /home/airflow/.local/lib/python3.8/site-packages/airflow/example_dags/tutorial.py
[2025-04-28T13:58:00.075+0000] {processor.py:830} INFO - Processing file /home/airflow/.local/lib/python3.8/site-packages/airflow/example_dags/tutorial.py for tasks to queue
[2025-04-28T13:58:00.077+0000] {logging_mixin.py:188} INFO - [2025-04-28T13:58:00.077+0000] {dagbag.py:538} INFO - Filling up the DagBag from /home/airflow/.local/lib/python3.8/site-packages/airflow/example_dags/tutorial.py
[2025-04-28T13:58:00.088+0000] {processor.py:840} INFO - DAG(s) 'tutorial' retrieved from /home/airflow/.local/lib/python3.8/site-packages/airflow/example_dags/tutorial.py
[2025-04-28T13:58:00.126+0000] {logging_mixin.py:188} INFO - [2025-04-28T13:58:00.126+0000] {dag.py:3033} INFO - Sync 1 DAGs
[2025-04-28T13:58:00.182+0000] {logging_mixin.py:188} INFO - [2025-04-28T13:58:00.181+0000] {dag.py:3820} INFO - Setting next_dagrun for tutorial to 2025-04-27T00:00:00+00:00, run_after=2025-04-28T00:00:00+00:00
[2025-04-28T13:58:00.221+0000] {processor.py:183} INFO - Processing /home/airflow/.local/lib/python3.8/site-packages/airflow/example_dags/tutorial.py took 0.152 seconds
[2025-04-28T13:58:33.852+0000] {processor.py:161} INFO - Started process (PID=485) to work on /home/airflow/.local/lib/python3.8/site-packages/airflow/example_dags/tutorial.py
[2025-04-28T13:58:33.854+0000] {processor.py:830} INFO - Processing file /home/airflow/.local/lib/python3.8/site-packages/airflow/example_dags/tutorial.py for tasks to queue
[2025-04-28T13:58:33.858+0000] {logging_mixin.py:188} INFO - [2025-04-28T13:58:33.857+0000] {dagbag.py:538} INFO - Filling up the DagBag from /home/airflow/.local/lib/python3.8/site-packages/airflow/example_dags/tutorial.py
[2025-04-28T13:58:33.867+0000] {processor.py:840} INFO - DAG(s) 'tutorial' retrieved from /home/airflow/.local/lib/python3.8/site-packages/airflow/example_dags/tutorial.py
[2025-04-28T13:58:33.903+0000] {logging_mixin.py:188} INFO - [2025-04-28T13:58:33.903+0000] {dag.py:3033} INFO - Sync 1 DAGs
[2025-04-28T13:58:34.001+0000] {logging_mixin.py:188} INFO - [2025-04-28T13:58:34.001+0000] {dag.py:3820} INFO - Setting next_dagrun for tutorial to 2025-04-27T00:00:00+00:00, run_after=2025-04-28T00:00:00+00:00
[2025-04-28T13:58:34.101+0000] {processor.py:183} INFO - Processing /home/airflow/.local/lib/python3.8/site-packages/airflow/example_dags/tutorial.py took 0.254 seconds
[2025-04-28T13:59:04.997+0000] {processor.py:161} INFO - Started process (PID=542) to work on /home/airflow/.local/lib/python3.8/site-packages/airflow/example_dags/tutorial.py
[2025-04-28T13:59:04.999+0000] {processor.py:830} INFO - Processing file /home/airflow/.local/lib/python3.8/site-packages/airflow/example_dags/tutorial.py for tasks to queue
[2025-04-28T13:59:05.004+0000] {logging_mixin.py:188} INFO - [2025-04-28T13:59:05.003+0000] {dagbag.py:538} INFO - Filling up the DagBag from /home/airflow/.local/lib/python3.8/site-packages/airflow/example_dags/tutorial.py
[2025-04-28T13:59:05.018+0000] {processor.py:840} INFO - DAG(s) 'tutorial' retrieved from /home/airflow/.local/lib/python3.8/site-packages/airflow/example_dags/tutorial.py
[2025-04-28T13:59:05.065+0000] {logging_mixin.py:188} INFO - [2025-04-28T13:59:05.065+0000] {dag.py:3033} INFO - Sync 1 DAGs
[2025-04-28T13:59:05.112+0000] {logging_mixin.py:188} INFO - [2025-04-28T13:59:05.112+0000] {dag.py:3820} INFO - Setting next_dagrun for tutorial to 2025-04-27T00:00:00+00:00, run_after=2025-04-28T00:00:00+00:00
[2025-04-28T13:59:05.150+0000] {processor.py:183} INFO - Processing /home/airflow/.local/lib/python3.8/site-packages/airflow/example_dags/tutorial.py took 0.159 seconds
[2025-04-28T13:59:45.003+0000] {processor.py:161} INFO - Started process (PID=598) to work on /home/airflow/.local/lib/python3.8/site-packages/airflow/example_dags/tutorial.py
[2025-04-28T13:59:45.007+0000] {processor.py:830} INFO - Processing file /home/airflow/.local/lib/python3.8/site-packages/airflow/example_dags/tutorial.py for tasks to queue
[2025-04-28T13:59:45.011+0000] {logging_mixin.py:188} INFO - [2025-04-28T13:59:45.011+0000] {dagbag.py:538} INFO - Filling up the DagBag from /home/airflow/.local/lib/python3.8/site-packages/airflow/example_dags/tutorial.py
[2025-04-28T13:59:45.019+0000] {processor.py:840} INFO - DAG(s) 'tutorial' retrieved from /home/airflow/.local/lib/python3.8/site-packages/airflow/example_dags/tutorial.py
[2025-04-28T13:59:45.055+0000] {logging_mixin.py:188} INFO - [2025-04-28T13:59:45.054+0000] {dag.py:3033} INFO - Sync 1 DAGs
[2025-04-28T13:59:45.095+0000] {logging_mixin.py:188} INFO - [2025-04-28T13:59:45.095+0000] {dag.py:3820} INFO - Setting next_dagrun for tutorial to 2025-04-27T00:00:00+00:00, run_after=2025-04-28T00:00:00+00:00
[2025-04-28T13:59:45.133+0000] {processor.py:183} INFO - Processing /home/airflow/.local/lib/python3.8/site-packages/airflow/example_dags/tutorial.py took 0.135 seconds
[2025-04-28T14:00:15.339+0000] {processor.py:161} INFO - Started process (PID=654) to work on /home/airflow/.local/lib/python3.8/site-packages/airflow/example_dags/tutorial.py
[2025-04-28T14:00:15.340+0000] {processor.py:830} INFO - Processing file /home/airflow/.local/lib/python3.8/site-packages/airflow/example_dags/tutorial.py for tasks to queue
[2025-04-28T14:00:15.345+0000] {logging_mixin.py:188} INFO - [2025-04-28T14:00:15.344+0000] {dagbag.py:538} INFO - Filling up the DagBag from /home/airflow/.local/lib/python3.8/site-packages/airflow/example_dags/tutorial.py
[2025-04-28T14:00:15.357+0000] {processor.py:840} INFO - DAG(s) 'tutorial' retrieved from /home/airflow/.local/lib/python3.8/site-packages/airflow/example_dags/tutorial.py
[2025-04-28T14:00:15.402+0000] {logging_mixin.py:188} INFO - [2025-04-28T14:00:15.402+0000] {dag.py:3033} INFO - Sync 1 DAGs
[2025-04-28T14:00:15.457+0000] {logging_mixin.py:188} INFO - [2025-04-28T14:00:15.456+0000] {dag.py:3820} INFO - Setting next_dagrun for tutorial to 2025-04-27T00:00:00+00:00, run_after=2025-04-28T00:00:00+00:00
[2025-04-28T14:00:15.496+0000] {processor.py:183} INFO - Processing /home/airflow/.local/lib/python3.8/site-packages/airflow/example_dags/tutorial.py took 0.164 seconds
[2025-04-28T14:00:45.656+0000] {processor.py:161} INFO - Started process (PID=709) to work on /home/airflow/.local/lib/python3.8/site-packages/airflow/example_dags/tutorial.py
[2025-04-28T14:00:45.658+0000] {processor.py:830} INFO - Processing file /home/airflow/.local/lib/python3.8/site-packages/airflow/example_dags/tutorial.py for tasks to queue
[2025-04-28T14:00:45.664+0000] {logging_mixin.py:188} INFO - [2025-04-28T14:00:45.664+0000] {dagbag.py:538} INFO - Filling up the DagBag from /home/airflow/.local/lib/python3.8/site-packages/airflow/example_dags/tutorial.py
[2025-04-28T14:00:45.677+0000] {processor.py:840} INFO - DAG(s) 'tutorial' retrieved from /home/airflow/.local/lib/python3.8/site-packages/airflow/example_dags/tutorial.py
[2025-04-28T14:00:45.711+0000] {logging_mixin.py:188} INFO - [2025-04-28T14:00:45.711+0000] {dag.py:3033} INFO - Sync 1 DAGs
[2025-04-28T14:00:45.754+0000] {logging_mixin.py:188} INFO - [2025-04-28T14:00:45.753+0000] {dag.py:3820} INFO - Setting next_dagrun for tutorial to 2025-04-27T00:00:00+00:00, run_after=2025-04-28T00:00:00+00:00
[2025-04-28T14:00:45.793+0000] {processor.py:183} INFO - Processing /home/airflow/.local/lib/python3.8/site-packages/airflow/example_dags/tutorial.py took 0.145 seconds
[2025-04-28T14:01:16.971+0000] {processor.py:161} INFO - Started process (PID=765) to work on /home/airflow/.local/lib/python3.8/site-packages/airflow/example_dags/tutorial.py
[2025-04-28T14:01:16.989+0000] {processor.py:830} INFO - Processing file /home/airflow/.local/lib/python3.8/site-packages/airflow/example_dags/tutorial.py for tasks to queue
[2025-04-28T14:01:16.999+0000] {logging_mixin.py:188} INFO - [2025-04-28T14:01:16.998+0000] {dagbag.py:538} INFO - Filling up the DagBag from /home/airflow/.local/lib/python3.8/site-packages/airflow/example_dags/tutorial.py
[2025-04-28T14:01:17.031+0000] {processor.py:840} INFO - DAG(s) 'tutorial' retrieved from /home/airflow/.local/lib/python3.8/site-packages/airflow/example_dags/tutorial.py
[2025-04-28T14:01:17.106+0000] {logging_mixin.py:188} INFO - [2025-04-28T14:01:17.106+0000] {dag.py:3033} INFO - Sync 1 DAGs
[2025-04-28T14:01:17.207+0000] {logging_mixin.py:188} INFO - [2025-04-28T14:01:17.206+0000] {dag.py:3820} INFO - Setting next_dagrun for tutorial to 2025-04-27T00:00:00+00:00, run_after=2025-04-28T00:00:00+00:00
[2025-04-28T14:01:17.272+0000] {processor.py:183} INFO - Processing /home/airflow/.local/lib/python3.8/site-packages/airflow/example_dags/tutorial.py took 0.326 seconds
[2025-04-28T14:01:47.320+0000] {processor.py:161} INFO - Started process (PID=821) to work on /home/airflow/.local/lib/python3.8/site-packages/airflow/example_dags/tutorial.py
[2025-04-28T14:01:47.321+0000] {processor.py:830} INFO - Processing file /home/airflow/.local/lib/python3.8/site-packages/airflow/example_dags/tutorial.py for tasks to queue
[2025-04-28T14:01:47.325+0000] {logging_mixin.py:188} INFO - [2025-04-28T14:01:47.324+0000] {dagbag.py:538} INFO - Filling up the DagBag from /home/airflow/.local/lib/python3.8/site-packages/airflow/example_dags/tutorial.py
[2025-04-28T14:01:47.333+0000] {processor.py:840} INFO - DAG(s) 'tutorial' retrieved from /home/airflow/.local/lib/python3.8/site-packages/airflow/example_dags/tutorial.py
[2025-04-28T14:01:47.363+0000] {logging_mixin.py:188} INFO - [2025-04-28T14:01:47.363+0000] {dag.py:3033} INFO - Sync 1 DAGs
[2025-04-28T14:01:47.400+0000] {logging_mixin.py:188} INFO - [2025-04-28T14:01:47.400+0000] {dag.py:3820} INFO - Setting next_dagrun for tutorial to 2025-04-27T00:00:00+00:00, run_after=2025-04-28T00:00:00+00:00
[2025-04-28T14:01:47.437+0000] {processor.py:183} INFO - Processing /home/airflow/.local/lib/python3.8/site-packages/airflow/example_dags/tutorial.py took 0.121 seconds
[2025-04-28T14:02:18.212+0000] {processor.py:161} INFO - Started process (PID=877) to work on /home/airflow/.local/lib/python3.8/site-packages/airflow/example_dags/tutorial.py
[2025-04-28T14:02:18.213+0000] {processor.py:830} INFO - Processing file /home/airflow/.local/lib/python3.8/site-packages/airflow/example_dags/tutorial.py for tasks to queue
[2025-04-28T14:02:18.216+0000] {logging_mixin.py:188} INFO - [2025-04-28T14:02:18.216+0000] {dagbag.py:538} INFO - Filling up the DagBag from /home/airflow/.local/lib/python3.8/site-packages/airflow/example_dags/tutorial.py
[2025-04-28T14:02:18.225+0000] {processor.py:840} INFO - DAG(s) 'tutorial' retrieved from /home/airflow/.local/lib/python3.8/site-packages/airflow/example_dags/tutorial.py
[2025-04-28T14:02:18.260+0000] {logging_mixin.py:188} INFO - [2025-04-28T14:02:18.260+0000] {dag.py:3033} INFO - Sync 1 DAGs
[2025-04-28T14:02:18.305+0000] {logging_mixin.py:188} INFO - [2025-04-28T14:02:18.304+0000] {dag.py:3820} INFO - Setting next_dagrun for tutorial to 2025-04-27T00:00:00+00:00, run_after=2025-04-28T00:00:00+00:00
[2025-04-28T14:02:18.339+0000] {processor.py:183} INFO - Processing /home/airflow/.local/lib/python3.8/site-packages/airflow/example_dags/tutorial.py took 0.132 seconds
[2025-04-28T14:02:50.449+0000] {processor.py:161} INFO - Started process (PID=933) to work on /home/airflow/.local/lib/python3.8/site-packages/airflow/example_dags/tutorial.py
[2025-04-28T14:02:50.450+0000] {processor.py:830} INFO - Processing file /home/airflow/.local/lib/python3.8/site-packages/airflow/example_dags/tutorial.py for tasks to queue
[2025-04-28T14:02:50.454+0000] {logging_mixin.py:188} INFO - [2025-04-28T14:02:50.454+0000] {dagbag.py:538} INFO - Filling up the DagBag from /home/airflow/.local/lib/python3.8/site-packages/airflow/example_dags/tutorial.py
[2025-04-28T14:02:50.465+0000] {processor.py:840} INFO - DAG(s) 'tutorial' retrieved from /home/airflow/.local/lib/python3.8/site-packages/airflow/example_dags/tutorial.py
[2025-04-28T14:02:50.500+0000] {logging_mixin.py:188} INFO - [2025-04-28T14:02:50.500+0000] {dag.py:3033} INFO - Sync 1 DAGs
[2025-04-28T14:02:50.550+0000] {logging_mixin.py:188} INFO - [2025-04-28T14:02:50.550+0000] {dag.py:3820} INFO - Setting next_dagrun for tutorial to 2025-04-27T00:00:00+00:00, run_after=2025-04-28T00:00:00+00:00
[2025-04-28T14:02:50.587+0000] {processor.py:183} INFO - Processing /home/airflow/.local/lib/python3.8/site-packages/airflow/example_dags/tutorial.py took 0.142 seconds
[2025-04-28T14:03:22.925+0000] {processor.py:161} INFO - Started process (PID=989) to work on /home/airflow/.local/lib/python3.8/site-packages/airflow/example_dags/tutorial.py
[2025-04-28T14:03:22.927+0000] {processor.py:830} INFO - Processing file /home/airflow/.local/lib/python3.8/site-packages/airflow/example_dags/tutorial.py for tasks to queue
[2025-04-28T14:03:22.930+0000] {logging_mixin.py:188} INFO - [2025-04-28T14:03:22.930+0000] {dagbag.py:538} INFO - Filling up the DagBag from /home/airflow/.local/lib/python3.8/site-packages/airflow/example_dags/tutorial.py
[2025-04-28T14:03:22.942+0000] {processor.py:840} INFO - DAG(s) 'tutorial' retrieved from /home/airflow/.local/lib/python3.8/site-packages/airflow/example_dags/tutorial.py
[2025-04-28T14:03:22.977+0000] {logging_mixin.py:188} INFO - [2025-04-28T14:03:22.976+0000] {dag.py:3033} INFO - Sync 1 DAGs
[2025-04-28T14:03:23.022+0000] {logging_mixin.py:188} INFO - [2025-04-28T14:03:23.021+0000] {dag.py:3820} INFO - Setting next_dagrun for tutorial to 2025-04-27T00:00:00+00:00, run_after=2025-04-28T00:00:00+00:00
[2025-04-28T14:03:23.064+0000] {processor.py:183} INFO - Processing /home/airflow/.local/lib/python3.8/site-packages/airflow/example_dags/tutorial.py took 0.145 seconds
[2025-04-28T14:03:56.033+0000] {processor.py:161} INFO - Started process (PID=1045) to work on /home/airflow/.local/lib/python3.8/site-packages/airflow/example_dags/tutorial.py
[2025-04-28T14:03:56.034+0000] {processor.py:830} INFO - Processing file /home/airflow/.local/lib/python3.8/site-packages/airflow/example_dags/tutorial.py for tasks to queue
[2025-04-28T14:03:56.037+0000] {logging_mixin.py:188} INFO - [2025-04-28T14:03:56.037+0000] {dagbag.py:538} INFO - Filling up the DagBag from /home/airflow/.local/lib/python3.8/site-packages/airflow/example_dags/tutorial.py
[2025-04-28T14:03:56.049+0000] {processor.py:840} INFO - DAG(s) 'tutorial' retrieved from /home/airflow/.local/lib/python3.8/site-packages/airflow/example_dags/tutorial.py
[2025-04-28T14:03:56.087+0000] {logging_mixin.py:188} INFO - [2025-04-28T14:03:56.086+0000] {dag.py:3033} INFO - Sync 1 DAGs
[2025-04-28T14:03:56.133+0000] {logging_mixin.py:188} INFO - [2025-04-28T14:03:56.133+0000] {dag.py:3820} INFO - Setting next_dagrun for tutorial to 2025-04-27T00:00:00+00:00, run_after=2025-04-28T00:00:00+00:00
[2025-04-28T14:03:56.176+0000] {processor.py:183} INFO - Processing /home/airflow/.local/lib/python3.8/site-packages/airflow/example_dags/tutorial.py took 0.152 seconds
[2025-04-28T14:04:28.988+0000] {processor.py:161} INFO - Started process (PID=1101) to work on /home/airflow/.local/lib/python3.8/site-packages/airflow/example_dags/tutorial.py
[2025-04-28T14:04:28.990+0000] {processor.py:830} INFO - Processing file /home/airflow/.local/lib/python3.8/site-packages/airflow/example_dags/tutorial.py for tasks to queue
[2025-04-28T14:04:28.993+0000] {logging_mixin.py:188} INFO - [2025-04-28T14:04:28.993+0000] {dagbag.py:538} INFO - Filling up the DagBag from /home/airflow/.local/lib/python3.8/site-packages/airflow/example_dags/tutorial.py
[2025-04-28T14:04:29.004+0000] {processor.py:840} INFO - DAG(s) 'tutorial' retrieved from /home/airflow/.local/lib/python3.8/site-packages/airflow/example_dags/tutorial.py
[2025-04-28T14:04:29.038+0000] {logging_mixin.py:188} INFO - [2025-04-28T14:04:29.038+0000] {dag.py:3033} INFO - Sync 1 DAGs
[2025-04-28T14:04:29.079+0000] {logging_mixin.py:188} INFO - [2025-04-28T14:04:29.078+0000] {dag.py:3820} INFO - Setting next_dagrun for tutorial to 2025-04-27T00:00:00+00:00, run_after=2025-04-28T00:00:00+00:00
[2025-04-28T14:04:29.120+0000] {processor.py:183} INFO - Processing /home/airflow/.local/lib/python3.8/site-packages/airflow/example_dags/tutorial.py took 0.139 seconds
[2025-04-28T14:05:02.144+0000] {processor.py:161} INFO - Started process (PID=1156) to work on /home/airflow/.local/lib/python3.8/site-packages/airflow/example_dags/tutorial.py
[2025-04-28T14:05:02.146+0000] {processor.py:830} INFO - Processing file /home/airflow/.local/lib/python3.8/site-packages/airflow/example_dags/tutorial.py for tasks to queue
[2025-04-28T14:05:02.150+0000] {logging_mixin.py:188} INFO - [2025-04-28T14:05:02.150+0000] {dagbag.py:538} INFO - Filling up the DagBag from /home/airflow/.local/lib/python3.8/site-packages/airflow/example_dags/tutorial.py
[2025-04-28T14:05:02.167+0000] {processor.py:840} INFO - DAG(s) 'tutorial' retrieved from /home/airflow/.local/lib/python3.8/site-packages/airflow/example_dags/tutorial.py
[2025-04-28T14:05:02.223+0000] {logging_mixin.py:188} INFO - [2025-04-28T14:05:02.222+0000] {dag.py:3033} INFO - Sync 1 DAGs
[2025-04-28T14:05:02.322+0000] {logging_mixin.py:188} INFO - [2025-04-28T14:05:02.321+0000] {dag.py:3820} INFO - Setting next_dagrun for tutorial to 2025-04-27T00:00:00+00:00, run_after=2025-04-28T00:00:00+00:00
[2025-04-28T14:05:02.377+0000] {processor.py:183} INFO - Processing /home/airflow/.local/lib/python3.8/site-packages/airflow/example_dags/tutorial.py took 0.241 seconds
[2025-04-28T14:05:34.776+0000] {processor.py:161} INFO - Started process (PID=1211) to work on /home/airflow/.local/lib/python3.8/site-packages/airflow/example_dags/tutorial.py
[2025-04-28T14:05:34.777+0000] {processor.py:830} INFO - Processing file /home/airflow/.local/lib/python3.8/site-packages/airflow/example_dags/tutorial.py for tasks to queue
[2025-04-28T14:05:34.780+0000] {logging_mixin.py:188} INFO - [2025-04-28T14:05:34.780+0000] {dagbag.py:538} INFO - Filling up the DagBag from /home/airflow/.local/lib/python3.8/site-packages/airflow/example_dags/tutorial.py
[2025-04-28T14:05:34.790+0000] {processor.py:840} INFO - DAG(s) 'tutorial' retrieved from /home/airflow/.local/lib/python3.8/site-packages/airflow/example_dags/tutorial.py
[2025-04-28T14:05:34.825+0000] {logging_mixin.py:188} INFO - [2025-04-28T14:05:34.825+0000] {dag.py:3033} INFO - Sync 1 DAGs
[2025-04-28T14:05:34.873+0000] {logging_mixin.py:188} INFO - [2025-04-28T14:05:34.873+0000] {dag.py:3820} INFO - Setting next_dagrun for tutorial to 2025-04-27T00:00:00+00:00, run_after=2025-04-28T00:00:00+00:00
[2025-04-28T14:05:34.910+0000] {processor.py:183} INFO - Processing /home/airflow/.local/lib/python3.8/site-packages/airflow/example_dags/tutorial.py took 0.140 seconds
[2025-04-28T14:06:06.568+0000] {processor.py:161} INFO - Started process (PID=1267) to work on /home/airflow/.local/lib/python3.8/site-packages/airflow/example_dags/tutorial.py
[2025-04-28T14:06:06.569+0000] {processor.py:830} INFO - Processing file /home/airflow/.local/lib/python3.8/site-packages/airflow/example_dags/tutorial.py for tasks to queue
[2025-04-28T14:06:06.573+0000] {logging_mixin.py:188} INFO - [2025-04-28T14:06:06.572+0000] {dagbag.py:538} INFO - Filling up the DagBag from /home/airflow/.local/lib/python3.8/site-packages/airflow/example_dags/tutorial.py
[2025-04-28T14:06:06.581+0000] {processor.py:840} INFO - DAG(s) 'tutorial' retrieved from /home/airflow/.local/lib/python3.8/site-packages/airflow/example_dags/tutorial.py
[2025-04-28T14:06:06.616+0000] {logging_mixin.py:188} INFO - [2025-04-28T14:06:06.615+0000] {dag.py:3033} INFO - Sync 1 DAGs
[2025-04-28T14:06:06.648+0000] {logging_mixin.py:188} INFO - [2025-04-28T14:06:06.648+0000] {dag.py:3820} INFO - Setting next_dagrun for tutorial to 2025-04-27T00:00:00+00:00, run_after=2025-04-28T00:00:00+00:00
[2025-04-28T14:06:06.684+0000] {processor.py:183} INFO - Processing /home/airflow/.local/lib/python3.8/site-packages/airflow/example_dags/tutorial.py took 0.123 seconds
[2025-04-28T14:06:40.618+0000] {processor.py:161} INFO - Started process (PID=1329) to work on /home/airflow/.local/lib/python3.8/site-packages/airflow/example_dags/tutorial.py
[2025-04-28T14:06:40.620+0000] {processor.py:830} INFO - Processing file /home/airflow/.local/lib/python3.8/site-packages/airflow/example_dags/tutorial.py for tasks to queue
[2025-04-28T14:06:40.633+0000] {logging_mixin.py:188} INFO - [2025-04-28T14:06:40.632+0000] {dagbag.py:538} INFO - Filling up the DagBag from /home/airflow/.local/lib/python3.8/site-packages/airflow/example_dags/tutorial.py
[2025-04-28T14:06:40.649+0000] {processor.py:840} INFO - DAG(s) 'tutorial' retrieved from /home/airflow/.local/lib/python3.8/site-packages/airflow/example_dags/tutorial.py
[2025-04-28T14:06:40.687+0000] {logging_mixin.py:188} INFO - [2025-04-28T14:06:40.686+0000] {dag.py:3033} INFO - Sync 1 DAGs
[2025-04-28T14:06:40.734+0000] {logging_mixin.py:188} INFO - [2025-04-28T14:06:40.734+0000] {dag.py:3820} INFO - Setting next_dagrun for tutorial to 2025-04-27T00:00:00+00:00, run_after=2025-04-28T00:00:00+00:00
[2025-04-28T14:06:40.783+0000] {processor.py:183} INFO - Processing /home/airflow/.local/lib/python3.8/site-packages/airflow/example_dags/tutorial.py took 0.177 seconds
[2025-04-28T14:07:13.227+0000] {processor.py:161} INFO - Started process (PID=1385) to work on /home/airflow/.local/lib/python3.8/site-packages/airflow/example_dags/tutorial.py
[2025-04-28T14:07:13.228+0000] {processor.py:830} INFO - Processing file /home/airflow/.local/lib/python3.8/site-packages/airflow/example_dags/tutorial.py for tasks to queue
[2025-04-28T14:07:13.232+0000] {logging_mixin.py:188} INFO - [2025-04-28T14:07:13.232+0000] {dagbag.py:538} INFO - Filling up the DagBag from /home/airflow/.local/lib/python3.8/site-packages/airflow/example_dags/tutorial.py
[2025-04-28T14:07:13.242+0000] {processor.py:840} INFO - DAG(s) 'tutorial' retrieved from /home/airflow/.local/lib/python3.8/site-packages/airflow/example_dags/tutorial.py
[2025-04-28T14:07:13.279+0000] {logging_mixin.py:188} INFO - [2025-04-28T14:07:13.279+0000] {dag.py:3033} INFO - Sync 1 DAGs
[2025-04-28T14:07:13.316+0000] {logging_mixin.py:188} INFO - [2025-04-28T14:07:13.315+0000] {dag.py:3820} INFO - Setting next_dagrun for tutorial to 2025-04-27T00:00:00+00:00, run_after=2025-04-28T00:00:00+00:00
[2025-04-28T14:07:13.352+0000] {processor.py:183} INFO - Processing /home/airflow/.local/lib/python3.8/site-packages/airflow/example_dags/tutorial.py took 0.131 seconds
[2025-04-28T14:07:43.799+0000] {processor.py:161} INFO - Started process (PID=1441) to work on /home/airflow/.local/lib/python3.8/site-packages/airflow/example_dags/tutorial.py
[2025-04-28T14:07:43.803+0000] {processor.py:830} INFO - Processing file /home/airflow/.local/lib/python3.8/site-packages/airflow/example_dags/tutorial.py for tasks to queue
[2025-04-28T14:07:43.812+0000] {logging_mixin.py:188} INFO - [2025-04-28T14:07:43.809+0000] {dagbag.py:538} INFO - Filling up the DagBag from /home/airflow/.local/lib/python3.8/site-packages/airflow/example_dags/tutorial.py
[2025-04-28T14:07:43.835+0000] {processor.py:840} INFO - DAG(s) 'tutorial' retrieved from /home/airflow/.local/lib/python3.8/site-packages/airflow/example_dags/tutorial.py
[2025-04-28T14:07:43.893+0000] {logging_mixin.py:188} INFO - [2025-04-28T14:07:43.892+0000] {dag.py:3033} INFO - Sync 1 DAGs
[2025-04-28T14:07:43.951+0000] {logging_mixin.py:188} INFO - [2025-04-28T14:07:43.950+0000] {dag.py:3820} INFO - Setting next_dagrun for tutorial to 2025-04-27T00:00:00+00:00, run_after=2025-04-28T00:00:00+00:00
[2025-04-28T14:07:44.076+0000] {processor.py:183} INFO - Processing /home/airflow/.local/lib/python3.8/site-packages/airflow/example_dags/tutorial.py took 0.284 seconds
[2025-04-28T14:08:14.921+0000] {processor.py:161} INFO - Started process (PID=1497) to work on /home/airflow/.local/lib/python3.8/site-packages/airflow/example_dags/tutorial.py
[2025-04-28T14:08:14.923+0000] {processor.py:830} INFO - Processing file /home/airflow/.local/lib/python3.8/site-packages/airflow/example_dags/tutorial.py for tasks to queue
[2025-04-28T14:08:14.926+0000] {logging_mixin.py:188} INFO - [2025-04-28T14:08:14.926+0000] {dagbag.py:538} INFO - Filling up the DagBag from /home/airflow/.local/lib/python3.8/site-packages/airflow/example_dags/tutorial.py
[2025-04-28T14:08:14.939+0000] {processor.py:840} INFO - DAG(s) 'tutorial' retrieved from /home/airflow/.local/lib/python3.8/site-packages/airflow/example_dags/tutorial.py
[2025-04-28T14:08:14.986+0000] {logging_mixin.py:188} INFO - [2025-04-28T14:08:14.986+0000] {dag.py:3033} INFO - Sync 1 DAGs
[2025-04-28T14:08:15.050+0000] {logging_mixin.py:188} INFO - [2025-04-28T14:08:15.049+0000] {dag.py:3820} INFO - Setting next_dagrun for tutorial to 2025-04-27T00:00:00+00:00, run_after=2025-04-28T00:00:00+00:00
[2025-04-28T14:08:15.101+0000] {processor.py:183} INFO - Processing /home/airflow/.local/lib/python3.8/site-packages/airflow/example_dags/tutorial.py took 0.185 seconds
[2025-04-28T14:08:45.920+0000] {processor.py:161} INFO - Started process (PID=1555) to work on /home/airflow/.local/lib/python3.8/site-packages/airflow/example_dags/tutorial.py
[2025-04-28T14:08:45.922+0000] {processor.py:830} INFO - Processing file /home/airflow/.local/lib/python3.8/site-packages/airflow/example_dags/tutorial.py for tasks to queue
[2025-04-28T14:08:45.925+0000] {logging_mixin.py:188} INFO - [2025-04-28T14:08:45.925+0000] {dagbag.py:538} INFO - Filling up the DagBag from /home/airflow/.local/lib/python3.8/site-packages/airflow/example_dags/tutorial.py
[2025-04-28T14:08:45.936+0000] {processor.py:840} INFO - DAG(s) 'tutorial' retrieved from /home/airflow/.local/lib/python3.8/site-packages/airflow/example_dags/tutorial.py
[2025-04-28T14:08:45.975+0000] {logging_mixin.py:188} INFO - [2025-04-28T14:08:45.975+0000] {dag.py:3033} INFO - Sync 1 DAGs
[2025-04-28T14:08:46.032+0000] {logging_mixin.py:188} INFO - [2025-04-28T14:08:46.032+0000] {dag.py:3820} INFO - Setting next_dagrun for tutorial to 2025-04-27T00:00:00+00:00, run_after=2025-04-28T00:00:00+00:00
[2025-04-28T14:08:46.076+0000] {processor.py:183} INFO - Processing /home/airflow/.local/lib/python3.8/site-packages/airflow/example_dags/tutorial.py took 0.160 seconds
[2025-04-28T14:09:16.667+0000] {processor.py:161} INFO - Started process (PID=1611) to work on /home/airflow/.local/lib/python3.8/site-packages/airflow/example_dags/tutorial.py
[2025-04-28T14:09:16.669+0000] {processor.py:830} INFO - Processing file /home/airflow/.local/lib/python3.8/site-packages/airflow/example_dags/tutorial.py for tasks to queue
[2025-04-28T14:09:16.682+0000] {logging_mixin.py:188} INFO - [2025-04-28T14:09:16.682+0000] {dagbag.py:538} INFO - Filling up the DagBag from /home/airflow/.local/lib/python3.8/site-packages/airflow/example_dags/tutorial.py
[2025-04-28T14:09:16.698+0000] {processor.py:840} INFO - DAG(s) 'tutorial' retrieved from /home/airflow/.local/lib/python3.8/site-packages/airflow/example_dags/tutorial.py
[2025-04-28T14:09:16.726+0000] {logging_mixin.py:188} INFO - [2025-04-28T14:09:16.725+0000] {dag.py:3033} INFO - Sync 1 DAGs
[2025-04-28T14:09:16.764+0000] {logging_mixin.py:188} INFO - [2025-04-28T14:09:16.764+0000] {dag.py:3820} INFO - Setting next_dagrun for tutorial to 2025-04-27T00:00:00+00:00, run_after=2025-04-28T00:00:00+00:00
[2025-04-28T14:09:16.797+0000] {processor.py:183} INFO - Processing /home/airflow/.local/lib/python3.8/site-packages/airflow/example_dags/tutorial.py took 0.135 seconds
[2025-04-28T14:09:47.177+0000] {processor.py:161} INFO - Started process (PID=1667) to work on /home/airflow/.local/lib/python3.8/site-packages/airflow/example_dags/tutorial.py
[2025-04-28T14:09:47.179+0000] {processor.py:830} INFO - Processing file /home/airflow/.local/lib/python3.8/site-packages/airflow/example_dags/tutorial.py for tasks to queue
[2025-04-28T14:09:47.182+0000] {logging_mixin.py:188} INFO - [2025-04-28T14:09:47.181+0000] {dagbag.py:538} INFO - Filling up the DagBag from /home/airflow/.local/lib/python3.8/site-packages/airflow/example_dags/tutorial.py
[2025-04-28T14:09:47.192+0000] {processor.py:840} INFO - DAG(s) 'tutorial' retrieved from /home/airflow/.local/lib/python3.8/site-packages/airflow/example_dags/tutorial.py
[2025-04-28T14:09:47.228+0000] {logging_mixin.py:188} INFO - [2025-04-28T14:09:47.227+0000] {dag.py:3033} INFO - Sync 1 DAGs
[2025-04-28T14:09:47.259+0000] {logging_mixin.py:188} INFO - [2025-04-28T14:09:47.259+0000] {dag.py:3820} INFO - Setting next_dagrun for tutorial to 2025-04-27T00:00:00+00:00, run_after=2025-04-28T00:00:00+00:00
[2025-04-28T14:09:47.313+0000] {processor.py:183} INFO - Processing /home/airflow/.local/lib/python3.8/site-packages/airflow/example_dags/tutorial.py took 0.141 seconds
[2025-04-28T14:12:14.891+0000] {processor.py:161} INFO - Started process (PID=100) to work on /home/airflow/.local/lib/python3.8/site-packages/airflow/example_dags/tutorial.py
[2025-04-28T14:12:14.897+0000] {processor.py:830} INFO - Processing file /home/airflow/.local/lib/python3.8/site-packages/airflow/example_dags/tutorial.py for tasks to queue
[2025-04-28T14:12:14.902+0000] {logging_mixin.py:188} INFO - [2025-04-28T14:12:14.901+0000] {dagbag.py:538} INFO - Filling up the DagBag from /home/airflow/.local/lib/python3.8/site-packages/airflow/example_dags/tutorial.py
[2025-04-28T14:12:14.919+0000] {processor.py:840} INFO - DAG(s) 'tutorial' retrieved from /home/airflow/.local/lib/python3.8/site-packages/airflow/example_dags/tutorial.py
[2025-04-28T14:12:15.363+0000] {logging_mixin.py:188} INFO - [2025-04-28T14:12:15.363+0000] {dag.py:3033} INFO - Sync 1 DAGs
[2025-04-28T14:12:15.445+0000] {logging_mixin.py:188} INFO - [2025-04-28T14:12:15.445+0000] {dag.py:3820} INFO - Setting next_dagrun for tutorial to 2025-04-27T00:00:00+00:00, run_after=2025-04-28T00:00:00+00:00
[2025-04-28T14:12:15.503+0000] {processor.py:183} INFO - Processing /home/airflow/.local/lib/python3.8/site-packages/airflow/example_dags/tutorial.py took 0.618 seconds
[2025-04-28T14:12:46.120+0000] {processor.py:161} INFO - Started process (PID=157) to work on /home/airflow/.local/lib/python3.8/site-packages/airflow/example_dags/tutorial.py
[2025-04-28T14:12:46.122+0000] {processor.py:830} INFO - Processing file /home/airflow/.local/lib/python3.8/site-packages/airflow/example_dags/tutorial.py for tasks to queue
[2025-04-28T14:12:46.129+0000] {logging_mixin.py:188} INFO - [2025-04-28T14:12:46.128+0000] {dagbag.py:538} INFO - Filling up the DagBag from /home/airflow/.local/lib/python3.8/site-packages/airflow/example_dags/tutorial.py
[2025-04-28T14:12:46.141+0000] {processor.py:840} INFO - DAG(s) 'tutorial' retrieved from /home/airflow/.local/lib/python3.8/site-packages/airflow/example_dags/tutorial.py
[2025-04-28T14:12:46.182+0000] {logging_mixin.py:188} INFO - [2025-04-28T14:12:46.182+0000] {dag.py:3033} INFO - Sync 1 DAGs
[2025-04-28T14:12:46.228+0000] {logging_mixin.py:188} INFO - [2025-04-28T14:12:46.228+0000] {dag.py:3820} INFO - Setting next_dagrun for tutorial to 2025-04-27T00:00:00+00:00, run_after=2025-04-28T00:00:00+00:00
[2025-04-28T14:12:46.373+0000] {processor.py:183} INFO - Processing /home/airflow/.local/lib/python3.8/site-packages/airflow/example_dags/tutorial.py took 0.259 seconds
[2025-04-28T14:13:16.821+0000] {processor.py:161} INFO - Started process (PID=213) to work on /home/airflow/.local/lib/python3.8/site-packages/airflow/example_dags/tutorial.py
[2025-04-28T14:13:16.831+0000] {processor.py:830} INFO - Processing file /home/airflow/.local/lib/python3.8/site-packages/airflow/example_dags/tutorial.py for tasks to queue
[2025-04-28T14:13:16.839+0000] {logging_mixin.py:188} INFO - [2025-04-28T14:13:16.838+0000] {dagbag.py:538} INFO - Filling up the DagBag from /home/airflow/.local/lib/python3.8/site-packages/airflow/example_dags/tutorial.py
[2025-04-28T14:13:16.856+0000] {processor.py:840} INFO - DAG(s) 'tutorial' retrieved from /home/airflow/.local/lib/python3.8/site-packages/airflow/example_dags/tutorial.py
[2025-04-28T14:13:16.902+0000] {logging_mixin.py:188} INFO - [2025-04-28T14:13:16.901+0000] {dag.py:3033} INFO - Sync 1 DAGs
[2025-04-28T14:13:16.958+0000] {logging_mixin.py:188} INFO - [2025-04-28T14:13:16.957+0000] {dag.py:3820} INFO - Setting next_dagrun for tutorial to 2025-04-27T00:00:00+00:00, run_after=2025-04-28T00:00:00+00:00
[2025-04-28T14:13:17.049+0000] {processor.py:183} INFO - Processing /home/airflow/.local/lib/python3.8/site-packages/airflow/example_dags/tutorial.py took 0.235 seconds
[2025-04-28T14:13:49.342+0000] {processor.py:161} INFO - Started process (PID=270) to work on /home/airflow/.local/lib/python3.8/site-packages/airflow/example_dags/tutorial.py
[2025-04-28T14:13:49.344+0000] {processor.py:830} INFO - Processing file /home/airflow/.local/lib/python3.8/site-packages/airflow/example_dags/tutorial.py for tasks to queue
[2025-04-28T14:13:49.348+0000] {logging_mixin.py:188} INFO - [2025-04-28T14:13:49.348+0000] {dagbag.py:538} INFO - Filling up the DagBag from /home/airflow/.local/lib/python3.8/site-packages/airflow/example_dags/tutorial.py
[2025-04-28T14:13:49.359+0000] {processor.py:840} INFO - DAG(s) 'tutorial' retrieved from /home/airflow/.local/lib/python3.8/site-packages/airflow/example_dags/tutorial.py
[2025-04-28T14:13:49.400+0000] {logging_mixin.py:188} INFO - [2025-04-28T14:13:49.400+0000] {dag.py:3033} INFO - Sync 1 DAGs
[2025-04-28T14:13:49.474+0000] {logging_mixin.py:188} INFO - [2025-04-28T14:13:49.474+0000] {dag.py:3820} INFO - Setting next_dagrun for tutorial to 2025-04-27T00:00:00+00:00, run_after=2025-04-28T00:00:00+00:00
[2025-04-28T14:13:49.529+0000] {processor.py:183} INFO - Processing /home/airflow/.local/lib/python3.8/site-packages/airflow/example_dags/tutorial.py took 0.194 seconds
[2025-04-28T14:14:19.850+0000] {processor.py:161} INFO - Started process (PID=326) to work on /home/airflow/.local/lib/python3.8/site-packages/airflow/example_dags/tutorial.py
[2025-04-28T14:14:19.852+0000] {processor.py:830} INFO - Processing file /home/airflow/.local/lib/python3.8/site-packages/airflow/example_dags/tutorial.py for tasks to queue
[2025-04-28T14:14:19.855+0000] {logging_mixin.py:188} INFO - [2025-04-28T14:14:19.854+0000] {dagbag.py:538} INFO - Filling up the DagBag from /home/airflow/.local/lib/python3.8/site-packages/airflow/example_dags/tutorial.py
[2025-04-28T14:14:19.862+0000] {processor.py:840} INFO - DAG(s) 'tutorial' retrieved from /home/airflow/.local/lib/python3.8/site-packages/airflow/example_dags/tutorial.py
[2025-04-28T14:14:19.895+0000] {logging_mixin.py:188} INFO - [2025-04-28T14:14:19.894+0000] {dag.py:3033} INFO - Sync 1 DAGs
[2025-04-28T14:14:19.936+0000] {logging_mixin.py:188} INFO - [2025-04-28T14:14:19.936+0000] {dag.py:3820} INFO - Setting next_dagrun for tutorial to 2025-04-27T00:00:00+00:00, run_after=2025-04-28T00:00:00+00:00
[2025-04-28T14:14:19.974+0000] {processor.py:183} INFO - Processing /home/airflow/.local/lib/python3.8/site-packages/airflow/example_dags/tutorial.py took 0.127 seconds
[2025-04-28T14:14:53.844+0000] {processor.py:161} INFO - Started process (PID=383) to work on /home/airflow/.local/lib/python3.8/site-packages/airflow/example_dags/tutorial.py
[2025-04-28T14:14:53.846+0000] {processor.py:830} INFO - Processing file /home/airflow/.local/lib/python3.8/site-packages/airflow/example_dags/tutorial.py for tasks to queue
[2025-04-28T14:14:53.849+0000] {logging_mixin.py:188} INFO - [2025-04-28T14:14:53.849+0000] {dagbag.py:538} INFO - Filling up the DagBag from /home/airflow/.local/lib/python3.8/site-packages/airflow/example_dags/tutorial.py
[2025-04-28T14:14:53.858+0000] {processor.py:840} INFO - DAG(s) 'tutorial' retrieved from /home/airflow/.local/lib/python3.8/site-packages/airflow/example_dags/tutorial.py
[2025-04-28T14:14:53.897+0000] {logging_mixin.py:188} INFO - [2025-04-28T14:14:53.897+0000] {dag.py:3033} INFO - Sync 1 DAGs
[2025-04-28T14:14:53.939+0000] {logging_mixin.py:188} INFO - [2025-04-28T14:14:53.939+0000] {dag.py:3820} INFO - Setting next_dagrun for tutorial to 2025-04-27T00:00:00+00:00, run_after=2025-04-28T00:00:00+00:00
[2025-04-28T14:14:53.976+0000] {processor.py:183} INFO - Processing /home/airflow/.local/lib/python3.8/site-packages/airflow/example_dags/tutorial.py took 0.137 seconds
[2025-04-28T14:15:25.242+0000] {processor.py:161} INFO - Started process (PID=438) to work on /home/airflow/.local/lib/python3.8/site-packages/airflow/example_dags/tutorial.py
[2025-04-28T14:15:25.244+0000] {processor.py:830} INFO - Processing file /home/airflow/.local/lib/python3.8/site-packages/airflow/example_dags/tutorial.py for tasks to queue
[2025-04-28T14:15:25.247+0000] {logging_mixin.py:188} INFO - [2025-04-28T14:15:25.247+0000] {dagbag.py:538} INFO - Filling up the DagBag from /home/airflow/.local/lib/python3.8/site-packages/airflow/example_dags/tutorial.py
[2025-04-28T14:15:25.255+0000] {processor.py:840} INFO - DAG(s) 'tutorial' retrieved from /home/airflow/.local/lib/python3.8/site-packages/airflow/example_dags/tutorial.py
[2025-04-28T14:15:25.283+0000] {logging_mixin.py:188} INFO - [2025-04-28T14:15:25.282+0000] {dag.py:3033} INFO - Sync 1 DAGs
[2025-04-28T14:15:25.317+0000] {logging_mixin.py:188} INFO - [2025-04-28T14:15:25.317+0000] {dag.py:3820} INFO - Setting next_dagrun for tutorial to 2025-04-27T00:00:00+00:00, run_after=2025-04-28T00:00:00+00:00
[2025-04-28T14:15:25.384+0000] {processor.py:183} INFO - Processing /home/airflow/.local/lib/python3.8/site-packages/airflow/example_dags/tutorial.py took 0.146 seconds
[2025-04-28T14:15:58.390+0000] {processor.py:161} INFO - Started process (PID=493) to work on /home/airflow/.local/lib/python3.8/site-packages/airflow/example_dags/tutorial.py
[2025-04-28T14:15:58.398+0000] {processor.py:830} INFO - Processing file /home/airflow/.local/lib/python3.8/site-packages/airflow/example_dags/tutorial.py for tasks to queue
[2025-04-28T14:15:58.403+0000] {logging_mixin.py:188} INFO - [2025-04-28T14:15:58.402+0000] {dagbag.py:538} INFO - Filling up the DagBag from /home/airflow/.local/lib/python3.8/site-packages/airflow/example_dags/tutorial.py
[2025-04-28T14:15:58.420+0000] {processor.py:840} INFO - DAG(s) 'tutorial' retrieved from /home/airflow/.local/lib/python3.8/site-packages/airflow/example_dags/tutorial.py
[2025-04-28T14:15:58.456+0000] {logging_mixin.py:188} INFO - [2025-04-28T14:15:58.456+0000] {dag.py:3033} INFO - Sync 1 DAGs
[2025-04-28T14:15:58.502+0000] {logging_mixin.py:188} INFO - [2025-04-28T14:15:58.502+0000] {dag.py:3820} INFO - Setting next_dagrun for tutorial to 2025-04-27T00:00:00+00:00, run_after=2025-04-28T00:00:00+00:00
[2025-04-28T14:15:58.534+0000] {processor.py:183} INFO - Processing /home/airflow/.local/lib/python3.8/site-packages/airflow/example_dags/tutorial.py took 0.150 seconds
[2025-04-28T14:16:31.094+0000] {processor.py:161} INFO - Started process (PID=549) to work on /home/airflow/.local/lib/python3.8/site-packages/airflow/example_dags/tutorial.py
[2025-04-28T14:16:31.096+0000] {processor.py:830} INFO - Processing file /home/airflow/.local/lib/python3.8/site-packages/airflow/example_dags/tutorial.py for tasks to queue
[2025-04-28T14:16:31.101+0000] {logging_mixin.py:188} INFO - [2025-04-28T14:16:31.099+0000] {dagbag.py:538} INFO - Filling up the DagBag from /home/airflow/.local/lib/python3.8/site-packages/airflow/example_dags/tutorial.py
[2025-04-28T14:16:31.127+0000] {processor.py:840} INFO - DAG(s) 'tutorial' retrieved from /home/airflow/.local/lib/python3.8/site-packages/airflow/example_dags/tutorial.py
[2025-04-28T14:16:31.245+0000] {logging_mixin.py:188} INFO - [2025-04-28T14:16:31.245+0000] {dag.py:3033} INFO - Sync 1 DAGs
[2025-04-28T14:16:31.298+0000] {logging_mixin.py:188} INFO - [2025-04-28T14:16:31.297+0000] {dag.py:3820} INFO - Setting next_dagrun for tutorial to 2025-04-27T00:00:00+00:00, run_after=2025-04-28T00:00:00+00:00
[2025-04-28T14:16:31.356+0000] {processor.py:183} INFO - Processing /home/airflow/.local/lib/python3.8/site-packages/airflow/example_dags/tutorial.py took 0.266 seconds
[2025-04-28T14:17:04.243+0000] {processor.py:161} INFO - Started process (PID=604) to work on /home/airflow/.local/lib/python3.8/site-packages/airflow/example_dags/tutorial.py
[2025-04-28T14:17:04.244+0000] {processor.py:830} INFO - Processing file /home/airflow/.local/lib/python3.8/site-packages/airflow/example_dags/tutorial.py for tasks to queue
[2025-04-28T14:17:04.247+0000] {logging_mixin.py:188} INFO - [2025-04-28T14:17:04.247+0000] {dagbag.py:538} INFO - Filling up the DagBag from /home/airflow/.local/lib/python3.8/site-packages/airflow/example_dags/tutorial.py
[2025-04-28T14:17:04.256+0000] {processor.py:840} INFO - DAG(s) 'tutorial' retrieved from /home/airflow/.local/lib/python3.8/site-packages/airflow/example_dags/tutorial.py
[2025-04-28T14:17:04.289+0000] {logging_mixin.py:188} INFO - [2025-04-28T14:17:04.289+0000] {dag.py:3033} INFO - Sync 1 DAGs
[2025-04-28T14:17:04.325+0000] {logging_mixin.py:188} INFO - [2025-04-28T14:17:04.325+0000] {dag.py:3820} INFO - Setting next_dagrun for tutorial to 2025-04-27T00:00:00+00:00, run_after=2025-04-28T00:00:00+00:00
[2025-04-28T14:17:04.360+0000] {processor.py:183} INFO - Processing /home/airflow/.local/lib/python3.8/site-packages/airflow/example_dags/tutorial.py took 0.124 seconds
[2025-04-28T14:17:37.093+0000] {processor.py:161} INFO - Started process (PID=660) to work on /home/airflow/.local/lib/python3.8/site-packages/airflow/example_dags/tutorial.py
[2025-04-28T14:17:37.095+0000] {processor.py:830} INFO - Processing file /home/airflow/.local/lib/python3.8/site-packages/airflow/example_dags/tutorial.py for tasks to queue
[2025-04-28T14:17:37.100+0000] {logging_mixin.py:188} INFO - [2025-04-28T14:17:37.100+0000] {dagbag.py:538} INFO - Filling up the DagBag from /home/airflow/.local/lib/python3.8/site-packages/airflow/example_dags/tutorial.py
[2025-04-28T14:17:37.112+0000] {processor.py:840} INFO - DAG(s) 'tutorial' retrieved from /home/airflow/.local/lib/python3.8/site-packages/airflow/example_dags/tutorial.py
[2025-04-28T14:17:37.156+0000] {logging_mixin.py:188} INFO - [2025-04-28T14:17:37.155+0000] {dag.py:3033} INFO - Sync 1 DAGs
[2025-04-28T14:17:37.195+0000] {logging_mixin.py:188} INFO - [2025-04-28T14:17:37.194+0000] {dag.py:3820} INFO - Setting next_dagrun for tutorial to 2025-04-27T00:00:00+00:00, run_after=2025-04-28T00:00:00+00:00
[2025-04-28T14:17:37.229+0000] {processor.py:183} INFO - Processing /home/airflow/.local/lib/python3.8/site-packages/airflow/example_dags/tutorial.py took 0.142 seconds
[2025-04-28T14:18:11.533+0000] {processor.py:161} INFO - Started process (PID=722) to work on /home/airflow/.local/lib/python3.8/site-packages/airflow/example_dags/tutorial.py
[2025-04-28T14:18:11.535+0000] {processor.py:830} INFO - Processing file /home/airflow/.local/lib/python3.8/site-packages/airflow/example_dags/tutorial.py for tasks to queue
[2025-04-28T14:18:11.539+0000] {logging_mixin.py:188} INFO - [2025-04-28T14:18:11.539+0000] {dagbag.py:538} INFO - Filling up the DagBag from /home/airflow/.local/lib/python3.8/site-packages/airflow/example_dags/tutorial.py
[2025-04-28T14:18:11.552+0000] {processor.py:840} INFO - DAG(s) 'tutorial' retrieved from /home/airflow/.local/lib/python3.8/site-packages/airflow/example_dags/tutorial.py
[2025-04-28T14:18:11.593+0000] {logging_mixin.py:188} INFO - [2025-04-28T14:18:11.592+0000] {dag.py:3033} INFO - Sync 1 DAGs
[2025-04-28T14:18:11.638+0000] {logging_mixin.py:188} INFO - [2025-04-28T14:18:11.638+0000] {dag.py:3820} INFO - Setting next_dagrun for tutorial to 2025-04-27T00:00:00+00:00, run_after=2025-04-28T00:00:00+00:00
[2025-04-28T14:18:11.678+0000] {processor.py:183} INFO - Processing /home/airflow/.local/lib/python3.8/site-packages/airflow/example_dags/tutorial.py took 0.150 seconds
[2025-04-28T14:18:42.493+0000] {processor.py:161} INFO - Started process (PID=779) to work on /home/airflow/.local/lib/python3.8/site-packages/airflow/example_dags/tutorial.py
[2025-04-28T14:18:42.495+0000] {processor.py:830} INFO - Processing file /home/airflow/.local/lib/python3.8/site-packages/airflow/example_dags/tutorial.py for tasks to queue
[2025-04-28T14:18:42.499+0000] {logging_mixin.py:188} INFO - [2025-04-28T14:18:42.498+0000] {dagbag.py:538} INFO - Filling up the DagBag from /home/airflow/.local/lib/python3.8/site-packages/airflow/example_dags/tutorial.py
[2025-04-28T14:18:42.507+0000] {processor.py:840} INFO - DAG(s) 'tutorial' retrieved from /home/airflow/.local/lib/python3.8/site-packages/airflow/example_dags/tutorial.py
[2025-04-28T14:18:42.543+0000] {logging_mixin.py:188} INFO - [2025-04-28T14:18:42.543+0000] {dag.py:3033} INFO - Sync 1 DAGs
[2025-04-28T14:18:42.588+0000] {logging_mixin.py:188} INFO - [2025-04-28T14:18:42.588+0000] {dag.py:3820} INFO - Setting next_dagrun for tutorial to 2025-04-27T00:00:00+00:00, run_after=2025-04-28T00:00:00+00:00
[2025-04-28T14:18:42.625+0000] {processor.py:183} INFO - Processing /home/airflow/.local/lib/python3.8/site-packages/airflow/example_dags/tutorial.py took 0.137 seconds
[2025-04-28T14:19:14.788+0000] {processor.py:161} INFO - Started process (PID=835) to work on /home/airflow/.local/lib/python3.8/site-packages/airflow/example_dags/tutorial.py
[2025-04-28T14:19:14.789+0000] {processor.py:830} INFO - Processing file /home/airflow/.local/lib/python3.8/site-packages/airflow/example_dags/tutorial.py for tasks to queue
[2025-04-28T14:19:14.793+0000] {logging_mixin.py:188} INFO - [2025-04-28T14:19:14.792+0000] {dagbag.py:538} INFO - Filling up the DagBag from /home/airflow/.local/lib/python3.8/site-packages/airflow/example_dags/tutorial.py
[2025-04-28T14:19:14.802+0000] {processor.py:840} INFO - DAG(s) 'tutorial' retrieved from /home/airflow/.local/lib/python3.8/site-packages/airflow/example_dags/tutorial.py
[2025-04-28T14:19:14.835+0000] {logging_mixin.py:188} INFO - [2025-04-28T14:19:14.835+0000] {dag.py:3033} INFO - Sync 1 DAGs
[2025-04-28T14:19:14.871+0000] {logging_mixin.py:188} INFO - [2025-04-28T14:19:14.871+0000] {dag.py:3820} INFO - Setting next_dagrun for tutorial to 2025-04-27T00:00:00+00:00, run_after=2025-04-28T00:00:00+00:00
[2025-04-28T14:19:14.905+0000] {processor.py:183} INFO - Processing /home/airflow/.local/lib/python3.8/site-packages/airflow/example_dags/tutorial.py took 0.121 seconds
[2025-04-28T14:19:47.791+0000] {processor.py:161} INFO - Started process (PID=891) to work on /home/airflow/.local/lib/python3.8/site-packages/airflow/example_dags/tutorial.py
[2025-04-28T14:19:47.793+0000] {processor.py:830} INFO - Processing file /home/airflow/.local/lib/python3.8/site-packages/airflow/example_dags/tutorial.py for tasks to queue
[2025-04-28T14:19:47.796+0000] {logging_mixin.py:188} INFO - [2025-04-28T14:19:47.796+0000] {dagbag.py:538} INFO - Filling up the DagBag from /home/airflow/.local/lib/python3.8/site-packages/airflow/example_dags/tutorial.py
[2025-04-28T14:19:47.805+0000] {processor.py:840} INFO - DAG(s) 'tutorial' retrieved from /home/airflow/.local/lib/python3.8/site-packages/airflow/example_dags/tutorial.py
[2025-04-28T14:19:47.834+0000] {logging_mixin.py:188} INFO - [2025-04-28T14:19:47.834+0000] {dag.py:3033} INFO - Sync 1 DAGs
[2025-04-28T14:19:47.876+0000] {logging_mixin.py:188} INFO - [2025-04-28T14:19:47.876+0000] {dag.py:3820} INFO - Setting next_dagrun for tutorial to 2025-04-27T00:00:00+00:00, run_after=2025-04-28T00:00:00+00:00
[2025-04-28T14:19:47.906+0000] {processor.py:183} INFO - Processing /home/airflow/.local/lib/python3.8/site-packages/airflow/example_dags/tutorial.py took 0.120 seconds
[2025-04-28T14:20:21.727+0000] {processor.py:161} INFO - Started process (PID=947) to work on /home/airflow/.local/lib/python3.8/site-packages/airflow/example_dags/tutorial.py
[2025-04-28T14:20:21.729+0000] {processor.py:830} INFO - Processing file /home/airflow/.local/lib/python3.8/site-packages/airflow/example_dags/tutorial.py for tasks to queue
[2025-04-28T14:20:21.732+0000] {logging_mixin.py:188} INFO - [2025-04-28T14:20:21.731+0000] {dagbag.py:538} INFO - Filling up the DagBag from /home/airflow/.local/lib/python3.8/site-packages/airflow/example_dags/tutorial.py
[2025-04-28T14:20:21.743+0000] {processor.py:840} INFO - DAG(s) 'tutorial' retrieved from /home/airflow/.local/lib/python3.8/site-packages/airflow/example_dags/tutorial.py
[2025-04-28T14:20:21.785+0000] {logging_mixin.py:188} INFO - [2025-04-28T14:20:21.785+0000] {dag.py:3033} INFO - Sync 1 DAGs
[2025-04-28T14:20:21.856+0000] {logging_mixin.py:188} INFO - [2025-04-28T14:20:21.856+0000] {dag.py:3820} INFO - Setting next_dagrun for tutorial to 2025-04-27T00:00:00+00:00, run_after=2025-04-28T00:00:00+00:00
[2025-04-28T14:20:21.910+0000] {processor.py:183} INFO - Processing /home/airflow/.local/lib/python3.8/site-packages/airflow/example_dags/tutorial.py took 0.189 seconds
[2025-04-28T14:20:53.082+0000] {processor.py:161} INFO - Started process (PID=1003) to work on /home/airflow/.local/lib/python3.8/site-packages/airflow/example_dags/tutorial.py
[2025-04-28T14:20:53.087+0000] {processor.py:830} INFO - Processing file /home/airflow/.local/lib/python3.8/site-packages/airflow/example_dags/tutorial.py for tasks to queue
[2025-04-28T14:20:53.091+0000] {logging_mixin.py:188} INFO - [2025-04-28T14:20:53.090+0000] {dagbag.py:538} INFO - Filling up the DagBag from /home/airflow/.local/lib/python3.8/site-packages/airflow/example_dags/tutorial.py
[2025-04-28T14:20:53.100+0000] {processor.py:840} INFO - DAG(s) 'tutorial' retrieved from /home/airflow/.local/lib/python3.8/site-packages/airflow/example_dags/tutorial.py
[2025-04-28T14:20:53.149+0000] {logging_mixin.py:188} INFO - [2025-04-28T14:20:53.148+0000] {dag.py:3033} INFO - Sync 1 DAGs
[2025-04-28T14:20:53.202+0000] {logging_mixin.py:188} INFO - [2025-04-28T14:20:53.202+0000] {dag.py:3820} INFO - Setting next_dagrun for tutorial to 2025-04-27T00:00:00+00:00, run_after=2025-04-28T00:00:00+00:00
[2025-04-28T14:20:53.245+0000] {processor.py:183} INFO - Processing /home/airflow/.local/lib/python3.8/site-packages/airflow/example_dags/tutorial.py took 0.169 seconds
[2025-04-28T14:21:26.713+0000] {processor.py:161} INFO - Started process (PID=1058) to work on /home/airflow/.local/lib/python3.8/site-packages/airflow/example_dags/tutorial.py
[2025-04-28T14:21:26.715+0000] {processor.py:830} INFO - Processing file /home/airflow/.local/lib/python3.8/site-packages/airflow/example_dags/tutorial.py for tasks to queue
[2025-04-28T14:21:26.718+0000] {logging_mixin.py:188} INFO - [2025-04-28T14:21:26.717+0000] {dagbag.py:538} INFO - Filling up the DagBag from /home/airflow/.local/lib/python3.8/site-packages/airflow/example_dags/tutorial.py
[2025-04-28T14:21:26.729+0000] {processor.py:840} INFO - DAG(s) 'tutorial' retrieved from /home/airflow/.local/lib/python3.8/site-packages/airflow/example_dags/tutorial.py
[2025-04-28T14:21:26.785+0000] {logging_mixin.py:188} INFO - [2025-04-28T14:21:26.785+0000] {dag.py:3033} INFO - Sync 1 DAGs
[2025-04-28T14:21:26.830+0000] {logging_mixin.py:188} INFO - [2025-04-28T14:21:26.830+0000] {dag.py:3820} INFO - Setting next_dagrun for tutorial to 2025-04-27T00:00:00+00:00, run_after=2025-04-28T00:00:00+00:00
[2025-04-28T14:21:26.863+0000] {processor.py:183} INFO - Processing /home/airflow/.local/lib/python3.8/site-packages/airflow/example_dags/tutorial.py took 0.157 seconds
[2025-04-28T14:21:59.861+0000] {processor.py:161} INFO - Started process (PID=1114) to work on /home/airflow/.local/lib/python3.8/site-packages/airflow/example_dags/tutorial.py
[2025-04-28T14:21:59.862+0000] {processor.py:830} INFO - Processing file /home/airflow/.local/lib/python3.8/site-packages/airflow/example_dags/tutorial.py for tasks to queue
[2025-04-28T14:21:59.866+0000] {logging_mixin.py:188} INFO - [2025-04-28T14:21:59.865+0000] {dagbag.py:538} INFO - Filling up the DagBag from /home/airflow/.local/lib/python3.8/site-packages/airflow/example_dags/tutorial.py
[2025-04-28T14:21:59.876+0000] {processor.py:840} INFO - DAG(s) 'tutorial' retrieved from /home/airflow/.local/lib/python3.8/site-packages/airflow/example_dags/tutorial.py
[2025-04-28T14:21:59.912+0000] {logging_mixin.py:188} INFO - [2025-04-28T14:21:59.912+0000] {dag.py:3033} INFO - Sync 1 DAGs
[2025-04-28T14:21:59.959+0000] {logging_mixin.py:188} INFO - [2025-04-28T14:21:59.959+0000] {dag.py:3820} INFO - Setting next_dagrun for tutorial to 2025-04-27T00:00:00+00:00, run_after=2025-04-28T00:00:00+00:00
[2025-04-28T14:22:00.041+0000] {processor.py:183} INFO - Processing /home/airflow/.local/lib/python3.8/site-packages/airflow/example_dags/tutorial.py took 0.184 seconds
[2025-04-28T14:22:31.920+0000] {processor.py:161} INFO - Started process (PID=1169) to work on /home/airflow/.local/lib/python3.8/site-packages/airflow/example_dags/tutorial.py
[2025-04-28T14:22:31.922+0000] {processor.py:830} INFO - Processing file /home/airflow/.local/lib/python3.8/site-packages/airflow/example_dags/tutorial.py for tasks to queue
[2025-04-28T14:22:31.925+0000] {logging_mixin.py:188} INFO - [2025-04-28T14:22:31.925+0000] {dagbag.py:538} INFO - Filling up the DagBag from /home/airflow/.local/lib/python3.8/site-packages/airflow/example_dags/tutorial.py
[2025-04-28T14:22:31.938+0000] {processor.py:840} INFO - DAG(s) 'tutorial' retrieved from /home/airflow/.local/lib/python3.8/site-packages/airflow/example_dags/tutorial.py
[2025-04-28T14:22:31.976+0000] {logging_mixin.py:188} INFO - [2025-04-28T14:22:31.976+0000] {dag.py:3033} INFO - Sync 1 DAGs
[2025-04-28T14:22:32.021+0000] {logging_mixin.py:188} INFO - [2025-04-28T14:22:32.020+0000] {dag.py:3820} INFO - Setting next_dagrun for tutorial to 2025-04-27T00:00:00+00:00, run_after=2025-04-28T00:00:00+00:00
[2025-04-28T14:22:32.053+0000] {processor.py:183} INFO - Processing /home/airflow/.local/lib/python3.8/site-packages/airflow/example_dags/tutorial.py took 0.138 seconds
[2025-04-28T14:23:04.637+0000] {processor.py:161} INFO - Started process (PID=1225) to work on /home/airflow/.local/lib/python3.8/site-packages/airflow/example_dags/tutorial.py
[2025-04-28T14:23:04.638+0000] {processor.py:830} INFO - Processing file /home/airflow/.local/lib/python3.8/site-packages/airflow/example_dags/tutorial.py for tasks to queue
[2025-04-28T14:23:04.641+0000] {logging_mixin.py:188} INFO - [2025-04-28T14:23:04.641+0000] {dagbag.py:538} INFO - Filling up the DagBag from /home/airflow/.local/lib/python3.8/site-packages/airflow/example_dags/tutorial.py
[2025-04-28T14:23:04.651+0000] {processor.py:840} INFO - DAG(s) 'tutorial' retrieved from /home/airflow/.local/lib/python3.8/site-packages/airflow/example_dags/tutorial.py
[2025-04-28T14:23:04.686+0000] {logging_mixin.py:188} INFO - [2025-04-28T14:23:04.686+0000] {dag.py:3033} INFO - Sync 1 DAGs
[2025-04-28T14:23:04.738+0000] {logging_mixin.py:188} INFO - [2025-04-28T14:23:04.738+0000] {dag.py:3820} INFO - Setting next_dagrun for tutorial to 2025-04-27T00:00:00+00:00, run_after=2025-04-28T00:00:00+00:00
[2025-04-28T14:23:04.777+0000] {processor.py:183} INFO - Processing /home/airflow/.local/lib/python3.8/site-packages/airflow/example_dags/tutorial.py took 0.147 seconds
[2025-04-28T14:23:37.007+0000] {processor.py:161} INFO - Started process (PID=1280) to work on /home/airflow/.local/lib/python3.8/site-packages/airflow/example_dags/tutorial.py
[2025-04-28T14:23:37.009+0000] {processor.py:830} INFO - Processing file /home/airflow/.local/lib/python3.8/site-packages/airflow/example_dags/tutorial.py for tasks to queue
[2025-04-28T14:23:37.013+0000] {logging_mixin.py:188} INFO - [2025-04-28T14:23:37.012+0000] {dagbag.py:538} INFO - Filling up the DagBag from /home/airflow/.local/lib/python3.8/site-packages/airflow/example_dags/tutorial.py
[2025-04-28T14:23:37.023+0000] {processor.py:840} INFO - DAG(s) 'tutorial' retrieved from /home/airflow/.local/lib/python3.8/site-packages/airflow/example_dags/tutorial.py
[2025-04-28T14:23:37.055+0000] {logging_mixin.py:188} INFO - [2025-04-28T14:23:37.055+0000] {dag.py:3033} INFO - Sync 1 DAGs
[2025-04-28T14:23:37.092+0000] {logging_mixin.py:188} INFO - [2025-04-28T14:23:37.092+0000] {dag.py:3820} INFO - Setting next_dagrun for tutorial to 2025-04-27T00:00:00+00:00, run_after=2025-04-28T00:00:00+00:00
[2025-04-28T14:23:37.127+0000] {processor.py:183} INFO - Processing /home/airflow/.local/lib/python3.8/site-packages/airflow/example_dags/tutorial.py took 0.126 seconds
[2025-04-28T14:24:09.892+0000] {processor.py:161} INFO - Started process (PID=1336) to work on /home/airflow/.local/lib/python3.8/site-packages/airflow/example_dags/tutorial.py
[2025-04-28T14:24:09.893+0000] {processor.py:830} INFO - Processing file /home/airflow/.local/lib/python3.8/site-packages/airflow/example_dags/tutorial.py for tasks to queue
[2025-04-28T14:24:09.896+0000] {logging_mixin.py:188} INFO - [2025-04-28T14:24:09.896+0000] {dagbag.py:538} INFO - Filling up the DagBag from /home/airflow/.local/lib/python3.8/site-packages/airflow/example_dags/tutorial.py
[2025-04-28T14:24:09.906+0000] {processor.py:840} INFO - DAG(s) 'tutorial' retrieved from /home/airflow/.local/lib/python3.8/site-packages/airflow/example_dags/tutorial.py
[2025-04-28T14:24:09.949+0000] {logging_mixin.py:188} INFO - [2025-04-28T14:24:09.949+0000] {dag.py:3033} INFO - Sync 1 DAGs
[2025-04-28T14:24:09.988+0000] {logging_mixin.py:188} INFO - [2025-04-28T14:24:09.988+0000] {dag.py:3820} INFO - Setting next_dagrun for tutorial to 2025-04-27T00:00:00+00:00, run_after=2025-04-28T00:00:00+00:00
[2025-04-28T14:24:10.017+0000] {processor.py:183} INFO - Processing /home/airflow/.local/lib/python3.8/site-packages/airflow/example_dags/tutorial.py took 0.129 seconds
[2025-04-28T14:24:42.119+0000] {processor.py:161} INFO - Started process (PID=1392) to work on /home/airflow/.local/lib/python3.8/site-packages/airflow/example_dags/tutorial.py
[2025-04-28T14:24:42.120+0000] {processor.py:830} INFO - Processing file /home/airflow/.local/lib/python3.8/site-packages/airflow/example_dags/tutorial.py for tasks to queue
[2025-04-28T14:24:42.123+0000] {logging_mixin.py:188} INFO - [2025-04-28T14:24:42.123+0000] {dagbag.py:538} INFO - Filling up the DagBag from /home/airflow/.local/lib/python3.8/site-packages/airflow/example_dags/tutorial.py
[2025-04-28T14:24:42.134+0000] {processor.py:840} INFO - DAG(s) 'tutorial' retrieved from /home/airflow/.local/lib/python3.8/site-packages/airflow/example_dags/tutorial.py
[2025-04-28T14:24:42.174+0000] {logging_mixin.py:188} INFO - [2025-04-28T14:24:42.173+0000] {dag.py:3033} INFO - Sync 1 DAGs
[2025-04-28T14:24:42.228+0000] {logging_mixin.py:188} INFO - [2025-04-28T14:24:42.227+0000] {dag.py:3820} INFO - Setting next_dagrun for tutorial to 2025-04-27T00:00:00+00:00, run_after=2025-04-28T00:00:00+00:00
[2025-04-28T14:24:42.262+0000] {processor.py:183} INFO - Processing /home/airflow/.local/lib/python3.8/site-packages/airflow/example_dags/tutorial.py took 0.151 seconds
[2025-04-28T14:25:16.179+0000] {processor.py:161} INFO - Started process (PID=1448) to work on /home/airflow/.local/lib/python3.8/site-packages/airflow/example_dags/tutorial.py
[2025-04-28T14:25:16.181+0000] {processor.py:830} INFO - Processing file /home/airflow/.local/lib/python3.8/site-packages/airflow/example_dags/tutorial.py for tasks to queue
[2025-04-28T14:25:16.184+0000] {logging_mixin.py:188} INFO - [2025-04-28T14:25:16.184+0000] {dagbag.py:538} INFO - Filling up the DagBag from /home/airflow/.local/lib/python3.8/site-packages/airflow/example_dags/tutorial.py
[2025-04-28T14:25:16.195+0000] {processor.py:840} INFO - DAG(s) 'tutorial' retrieved from /home/airflow/.local/lib/python3.8/site-packages/airflow/example_dags/tutorial.py
[2025-04-28T14:25:16.250+0000] {logging_mixin.py:188} INFO - [2025-04-28T14:25:16.247+0000] {dag.py:3033} INFO - Sync 1 DAGs
[2025-04-28T14:25:16.307+0000] {logging_mixin.py:188} INFO - [2025-04-28T14:25:16.307+0000] {dag.py:3820} INFO - Setting next_dagrun for tutorial to 2025-04-27T00:00:00+00:00, run_after=2025-04-28T00:00:00+00:00
[2025-04-28T14:25:16.340+0000] {processor.py:183} INFO - Processing /home/airflow/.local/lib/python3.8/site-packages/airflow/example_dags/tutorial.py took 0.166 seconds
[2025-04-28T14:25:50.509+0000] {processor.py:161} INFO - Started process (PID=1505) to work on /home/airflow/.local/lib/python3.8/site-packages/airflow/example_dags/tutorial.py
[2025-04-28T14:25:50.510+0000] {processor.py:830} INFO - Processing file /home/airflow/.local/lib/python3.8/site-packages/airflow/example_dags/tutorial.py for tasks to queue
[2025-04-28T14:25:50.514+0000] {logging_mixin.py:188} INFO - [2025-04-28T14:25:50.514+0000] {dagbag.py:538} INFO - Filling up the DagBag from /home/airflow/.local/lib/python3.8/site-packages/airflow/example_dags/tutorial.py
[2025-04-28T14:25:50.527+0000] {processor.py:840} INFO - DAG(s) 'tutorial' retrieved from /home/airflow/.local/lib/python3.8/site-packages/airflow/example_dags/tutorial.py
[2025-04-28T14:25:50.571+0000] {logging_mixin.py:188} INFO - [2025-04-28T14:25:50.571+0000] {dag.py:3033} INFO - Sync 1 DAGs
[2025-04-28T14:25:50.622+0000] {logging_mixin.py:188} INFO - [2025-04-28T14:25:50.622+0000] {dag.py:3820} INFO - Setting next_dagrun for tutorial to 2025-04-27T00:00:00+00:00, run_after=2025-04-28T00:00:00+00:00
[2025-04-28T14:25:50.664+0000] {processor.py:183} INFO - Processing /home/airflow/.local/lib/python3.8/site-packages/airflow/example_dags/tutorial.py took 0.161 seconds
[2025-04-28T14:26:24.874+0000] {processor.py:161} INFO - Started process (PID=1561) to work on /home/airflow/.local/lib/python3.8/site-packages/airflow/example_dags/tutorial.py
[2025-04-28T14:26:24.876+0000] {processor.py:830} INFO - Processing file /home/airflow/.local/lib/python3.8/site-packages/airflow/example_dags/tutorial.py for tasks to queue
[2025-04-28T14:26:24.886+0000] {logging_mixin.py:188} INFO - [2025-04-28T14:26:24.885+0000] {dagbag.py:538} INFO - Filling up the DagBag from /home/airflow/.local/lib/python3.8/site-packages/airflow/example_dags/tutorial.py
[2025-04-28T14:26:24.903+0000] {processor.py:840} INFO - DAG(s) 'tutorial' retrieved from /home/airflow/.local/lib/python3.8/site-packages/airflow/example_dags/tutorial.py
[2025-04-28T14:26:24.947+0000] {logging_mixin.py:188} INFO - [2025-04-28T14:26:24.946+0000] {dag.py:3033} INFO - Sync 1 DAGs
[2025-04-28T14:26:25.001+0000] {logging_mixin.py:188} INFO - [2025-04-28T14:26:25.001+0000] {dag.py:3820} INFO - Setting next_dagrun for tutorial to 2025-04-27T00:00:00+00:00, run_after=2025-04-28T00:00:00+00:00
[2025-04-28T14:26:25.056+0000] {processor.py:183} INFO - Processing /home/airflow/.local/lib/python3.8/site-packages/airflow/example_dags/tutorial.py took 0.188 seconds
[2025-04-28T14:26:55.774+0000] {processor.py:161} INFO - Started process (PID=1617) to work on /home/airflow/.local/lib/python3.8/site-packages/airflow/example_dags/tutorial.py
[2025-04-28T14:26:55.776+0000] {processor.py:830} INFO - Processing file /home/airflow/.local/lib/python3.8/site-packages/airflow/example_dags/tutorial.py for tasks to queue
[2025-04-28T14:26:55.780+0000] {logging_mixin.py:188} INFO - [2025-04-28T14:26:55.780+0000] {dagbag.py:538} INFO - Filling up the DagBag from /home/airflow/.local/lib/python3.8/site-packages/airflow/example_dags/tutorial.py
[2025-04-28T14:26:55.799+0000] {processor.py:840} INFO - DAG(s) 'tutorial' retrieved from /home/airflow/.local/lib/python3.8/site-packages/airflow/example_dags/tutorial.py
[2025-04-28T14:26:55.854+0000] {logging_mixin.py:188} INFO - [2025-04-28T14:26:55.854+0000] {dag.py:3033} INFO - Sync 1 DAGs
[2025-04-28T14:26:55.920+0000] {logging_mixin.py:188} INFO - [2025-04-28T14:26:55.920+0000] {dag.py:3820} INFO - Setting next_dagrun for tutorial to 2025-04-27T00:00:00+00:00, run_after=2025-04-28T00:00:00+00:00
[2025-04-28T14:26:55.965+0000] {processor.py:183} INFO - Processing /home/airflow/.local/lib/python3.8/site-packages/airflow/example_dags/tutorial.py took 0.199 seconds
[2025-04-28T14:27:26.528+0000] {processor.py:161} INFO - Started process (PID=1673) to work on /home/airflow/.local/lib/python3.8/site-packages/airflow/example_dags/tutorial.py
[2025-04-28T14:27:26.531+0000] {processor.py:830} INFO - Processing file /home/airflow/.local/lib/python3.8/site-packages/airflow/example_dags/tutorial.py for tasks to queue
[2025-04-28T14:27:26.540+0000] {logging_mixin.py:188} INFO - [2025-04-28T14:27:26.539+0000] {dagbag.py:538} INFO - Filling up the DagBag from /home/airflow/.local/lib/python3.8/site-packages/airflow/example_dags/tutorial.py
[2025-04-28T14:27:26.553+0000] {processor.py:840} INFO - DAG(s) 'tutorial' retrieved from /home/airflow/.local/lib/python3.8/site-packages/airflow/example_dags/tutorial.py
[2025-04-28T14:27:26.601+0000] {logging_mixin.py:188} INFO - [2025-04-28T14:27:26.601+0000] {dag.py:3033} INFO - Sync 1 DAGs
[2025-04-28T14:27:26.678+0000] {logging_mixin.py:188} INFO - [2025-04-28T14:27:26.678+0000] {dag.py:3820} INFO - Setting next_dagrun for tutorial to 2025-04-27T00:00:00+00:00, run_after=2025-04-28T00:00:00+00:00
[2025-04-28T14:27:26.713+0000] {processor.py:183} INFO - Processing /home/airflow/.local/lib/python3.8/site-packages/airflow/example_dags/tutorial.py took 0.190 seconds
[2025-04-28T14:27:59.993+0000] {processor.py:161} INFO - Started process (PID=1729) to work on /home/airflow/.local/lib/python3.8/site-packages/airflow/example_dags/tutorial.py
[2025-04-28T14:27:59.997+0000] {processor.py:830} INFO - Processing file /home/airflow/.local/lib/python3.8/site-packages/airflow/example_dags/tutorial.py for tasks to queue
[2025-04-28T14:28:00.001+0000] {logging_mixin.py:188} INFO - [2025-04-28T14:28:00.001+0000] {dagbag.py:538} INFO - Filling up the DagBag from /home/airflow/.local/lib/python3.8/site-packages/airflow/example_dags/tutorial.py
[2025-04-28T14:28:00.022+0000] {processor.py:840} INFO - DAG(s) 'tutorial' retrieved from /home/airflow/.local/lib/python3.8/site-packages/airflow/example_dags/tutorial.py
[2025-04-28T14:28:00.065+0000] {logging_mixin.py:188} INFO - [2025-04-28T14:28:00.065+0000] {dag.py:3033} INFO - Sync 1 DAGs
[2025-04-28T14:28:00.121+0000] {logging_mixin.py:188} INFO - [2025-04-28T14:28:00.121+0000] {dag.py:3820} INFO - Setting next_dagrun for tutorial to 2025-04-27T00:00:00+00:00, run_after=2025-04-28T00:00:00+00:00
[2025-04-28T14:28:00.174+0000] {processor.py:183} INFO - Processing /home/airflow/.local/lib/python3.8/site-packages/airflow/example_dags/tutorial.py took 0.190 seconds
[2025-04-28T14:28:31.441+0000] {processor.py:161} INFO - Started process (PID=1785) to work on /home/airflow/.local/lib/python3.8/site-packages/airflow/example_dags/tutorial.py
[2025-04-28T14:28:31.443+0000] {processor.py:830} INFO - Processing file /home/airflow/.local/lib/python3.8/site-packages/airflow/example_dags/tutorial.py for tasks to queue
[2025-04-28T14:28:31.447+0000] {logging_mixin.py:188} INFO - [2025-04-28T14:28:31.447+0000] {dagbag.py:538} INFO - Filling up the DagBag from /home/airflow/.local/lib/python3.8/site-packages/airflow/example_dags/tutorial.py
[2025-04-28T14:28:31.457+0000] {processor.py:840} INFO - DAG(s) 'tutorial' retrieved from /home/airflow/.local/lib/python3.8/site-packages/airflow/example_dags/tutorial.py
[2025-04-28T14:28:31.493+0000] {logging_mixin.py:188} INFO - [2025-04-28T14:28:31.493+0000] {dag.py:3033} INFO - Sync 1 DAGs
[2025-04-28T14:28:31.530+0000] {logging_mixin.py:188} INFO - [2025-04-28T14:28:31.530+0000] {dag.py:3820} INFO - Setting next_dagrun for tutorial to 2025-04-27T00:00:00+00:00, run_after=2025-04-28T00:00:00+00:00
[2025-04-28T14:28:31.567+0000] {processor.py:183} INFO - Processing /home/airflow/.local/lib/python3.8/site-packages/airflow/example_dags/tutorial.py took 0.131 seconds
[2025-04-28T14:29:06.104+0000] {processor.py:161} INFO - Started process (PID=1843) to work on /home/airflow/.local/lib/python3.8/site-packages/airflow/example_dags/tutorial.py
[2025-04-28T14:29:06.107+0000] {processor.py:830} INFO - Processing file /home/airflow/.local/lib/python3.8/site-packages/airflow/example_dags/tutorial.py for tasks to queue
[2025-04-28T14:29:06.116+0000] {logging_mixin.py:188} INFO - [2025-04-28T14:29:06.114+0000] {dagbag.py:538} INFO - Filling up the DagBag from /home/airflow/.local/lib/python3.8/site-packages/airflow/example_dags/tutorial.py
[2025-04-28T14:29:06.135+0000] {processor.py:840} INFO - DAG(s) 'tutorial' retrieved from /home/airflow/.local/lib/python3.8/site-packages/airflow/example_dags/tutorial.py
[2025-04-28T14:29:06.206+0000] {logging_mixin.py:188} INFO - [2025-04-28T14:29:06.206+0000] {dag.py:3033} INFO - Sync 1 DAGs
[2025-04-28T14:29:06.296+0000] {logging_mixin.py:188} INFO - [2025-04-28T14:29:06.294+0000] {dag.py:3820} INFO - Setting next_dagrun for tutorial to 2025-04-27T00:00:00+00:00, run_after=2025-04-28T00:00:00+00:00
[2025-04-28T14:29:06.343+0000] {processor.py:183} INFO - Processing /home/airflow/.local/lib/python3.8/site-packages/airflow/example_dags/tutorial.py took 0.245 seconds
[2025-04-28T14:29:38.035+0000] {processor.py:161} INFO - Started process (PID=1900) to work on /home/airflow/.local/lib/python3.8/site-packages/airflow/example_dags/tutorial.py
[2025-04-28T14:29:38.036+0000] {processor.py:830} INFO - Processing file /home/airflow/.local/lib/python3.8/site-packages/airflow/example_dags/tutorial.py for tasks to queue
[2025-04-28T14:29:38.040+0000] {logging_mixin.py:188} INFO - [2025-04-28T14:29:38.040+0000] {dagbag.py:538} INFO - Filling up the DagBag from /home/airflow/.local/lib/python3.8/site-packages/airflow/example_dags/tutorial.py
[2025-04-28T14:29:38.051+0000] {processor.py:840} INFO - DAG(s) 'tutorial' retrieved from /home/airflow/.local/lib/python3.8/site-packages/airflow/example_dags/tutorial.py
[2025-04-28T14:29:38.105+0000] {logging_mixin.py:188} INFO - [2025-04-28T14:29:38.105+0000] {dag.py:3033} INFO - Sync 1 DAGs
[2025-04-28T14:29:38.182+0000] {logging_mixin.py:188} INFO - [2025-04-28T14:29:38.181+0000] {dag.py:3820} INFO - Setting next_dagrun for tutorial to 2025-04-27T00:00:00+00:00, run_after=2025-04-28T00:00:00+00:00
[2025-04-28T14:29:38.250+0000] {processor.py:183} INFO - Processing /home/airflow/.local/lib/python3.8/site-packages/airflow/example_dags/tutorial.py took 0.221 seconds
[2025-04-28T14:30:10.237+0000] {processor.py:161} INFO - Started process (PID=1956) to work on /home/airflow/.local/lib/python3.8/site-packages/airflow/example_dags/tutorial.py
[2025-04-28T14:30:10.239+0000] {processor.py:830} INFO - Processing file /home/airflow/.local/lib/python3.8/site-packages/airflow/example_dags/tutorial.py for tasks to queue
[2025-04-28T14:30:10.242+0000] {logging_mixin.py:188} INFO - [2025-04-28T14:30:10.242+0000] {dagbag.py:538} INFO - Filling up the DagBag from /home/airflow/.local/lib/python3.8/site-packages/airflow/example_dags/tutorial.py
[2025-04-28T14:30:10.252+0000] {processor.py:840} INFO - DAG(s) 'tutorial' retrieved from /home/airflow/.local/lib/python3.8/site-packages/airflow/example_dags/tutorial.py
[2025-04-28T14:30:10.291+0000] {logging_mixin.py:188} INFO - [2025-04-28T14:30:10.290+0000] {dag.py:3033} INFO - Sync 1 DAGs
[2025-04-28T14:30:10.336+0000] {logging_mixin.py:188} INFO - [2025-04-28T14:30:10.335+0000] {dag.py:3820} INFO - Setting next_dagrun for tutorial to 2025-04-27T00:00:00+00:00, run_after=2025-04-28T00:00:00+00:00
[2025-04-28T14:30:10.379+0000] {processor.py:183} INFO - Processing /home/airflow/.local/lib/python3.8/site-packages/airflow/example_dags/tutorial.py took 0.148 seconds
[2025-04-28T14:30:43.420+0000] {processor.py:161} INFO - Started process (PID=2011) to work on /home/airflow/.local/lib/python3.8/site-packages/airflow/example_dags/tutorial.py
[2025-04-28T14:30:43.421+0000] {processor.py:830} INFO - Processing file /home/airflow/.local/lib/python3.8/site-packages/airflow/example_dags/tutorial.py for tasks to queue
[2025-04-28T14:30:43.426+0000] {logging_mixin.py:188} INFO - [2025-04-28T14:30:43.425+0000] {dagbag.py:538} INFO - Filling up the DagBag from /home/airflow/.local/lib/python3.8/site-packages/airflow/example_dags/tutorial.py
[2025-04-28T14:30:43.437+0000] {processor.py:840} INFO - DAG(s) 'tutorial' retrieved from /home/airflow/.local/lib/python3.8/site-packages/airflow/example_dags/tutorial.py
[2025-04-28T14:30:43.479+0000] {logging_mixin.py:188} INFO - [2025-04-28T14:30:43.479+0000] {dag.py:3033} INFO - Sync 1 DAGs
[2025-04-28T14:30:43.520+0000] {logging_mixin.py:188} INFO - [2025-04-28T14:30:43.519+0000] {dag.py:3820} INFO - Setting next_dagrun for tutorial to 2025-04-27T00:00:00+00:00, run_after=2025-04-28T00:00:00+00:00
[2025-04-28T14:30:43.559+0000] {processor.py:183} INFO - Processing /home/airflow/.local/lib/python3.8/site-packages/airflow/example_dags/tutorial.py took 0.145 seconds
[2025-04-28T14:31:15.875+0000] {processor.py:161} INFO - Started process (PID=2067) to work on /home/airflow/.local/lib/python3.8/site-packages/airflow/example_dags/tutorial.py
[2025-04-28T14:31:15.876+0000] {processor.py:830} INFO - Processing file /home/airflow/.local/lib/python3.8/site-packages/airflow/example_dags/tutorial.py for tasks to queue
[2025-04-28T14:31:15.880+0000] {logging_mixin.py:188} INFO - [2025-04-28T14:31:15.880+0000] {dagbag.py:538} INFO - Filling up the DagBag from /home/airflow/.local/lib/python3.8/site-packages/airflow/example_dags/tutorial.py
[2025-04-28T14:31:15.890+0000] {processor.py:840} INFO - DAG(s) 'tutorial' retrieved from /home/airflow/.local/lib/python3.8/site-packages/airflow/example_dags/tutorial.py
[2025-04-28T14:31:15.922+0000] {logging_mixin.py:188} INFO - [2025-04-28T14:31:15.921+0000] {dag.py:3033} INFO - Sync 1 DAGs
[2025-04-28T14:31:15.965+0000] {logging_mixin.py:188} INFO - [2025-04-28T14:31:15.965+0000] {dag.py:3820} INFO - Setting next_dagrun for tutorial to 2025-04-27T00:00:00+00:00, run_after=2025-04-28T00:00:00+00:00
[2025-04-28T14:31:16.002+0000] {processor.py:183} INFO - Processing /home/airflow/.local/lib/python3.8/site-packages/airflow/example_dags/tutorial.py took 0.133 seconds
[2025-04-28T14:31:47.614+0000] {processor.py:161} INFO - Started process (PID=2123) to work on /home/airflow/.local/lib/python3.8/site-packages/airflow/example_dags/tutorial.py
[2025-04-28T14:31:47.616+0000] {processor.py:830} INFO - Processing file /home/airflow/.local/lib/python3.8/site-packages/airflow/example_dags/tutorial.py for tasks to queue
[2025-04-28T14:31:47.620+0000] {logging_mixin.py:188} INFO - [2025-04-28T14:31:47.619+0000] {dagbag.py:538} INFO - Filling up the DagBag from /home/airflow/.local/lib/python3.8/site-packages/airflow/example_dags/tutorial.py
[2025-04-28T14:31:47.631+0000] {processor.py:840} INFO - DAG(s) 'tutorial' retrieved from /home/airflow/.local/lib/python3.8/site-packages/airflow/example_dags/tutorial.py
[2025-04-28T14:31:47.673+0000] {logging_mixin.py:188} INFO - [2025-04-28T14:31:47.673+0000] {dag.py:3033} INFO - Sync 1 DAGs
[2025-04-28T14:31:47.722+0000] {logging_mixin.py:188} INFO - [2025-04-28T14:31:47.722+0000] {dag.py:3820} INFO - Setting next_dagrun for tutorial to 2025-04-27T00:00:00+00:00, run_after=2025-04-28T00:00:00+00:00
[2025-04-28T14:31:47.761+0000] {processor.py:183} INFO - Processing /home/airflow/.local/lib/python3.8/site-packages/airflow/example_dags/tutorial.py took 0.152 seconds
[2025-04-28T14:32:20.723+0000] {processor.py:161} INFO - Started process (PID=2179) to work on /home/airflow/.local/lib/python3.8/site-packages/airflow/example_dags/tutorial.py
[2025-04-28T14:32:20.724+0000] {processor.py:830} INFO - Processing file /home/airflow/.local/lib/python3.8/site-packages/airflow/example_dags/tutorial.py for tasks to queue
[2025-04-28T14:32:20.728+0000] {logging_mixin.py:188} INFO - [2025-04-28T14:32:20.727+0000] {dagbag.py:538} INFO - Filling up the DagBag from /home/airflow/.local/lib/python3.8/site-packages/airflow/example_dags/tutorial.py
[2025-04-28T14:32:20.737+0000] {processor.py:840} INFO - DAG(s) 'tutorial' retrieved from /home/airflow/.local/lib/python3.8/site-packages/airflow/example_dags/tutorial.py
[2025-04-28T14:32:20.772+0000] {logging_mixin.py:188} INFO - [2025-04-28T14:32:20.772+0000] {dag.py:3033} INFO - Sync 1 DAGs
[2025-04-28T14:32:20.809+0000] {logging_mixin.py:188} INFO - [2025-04-28T14:32:20.809+0000] {dag.py:3820} INFO - Setting next_dagrun for tutorial to 2025-04-27T00:00:00+00:00, run_after=2025-04-28T00:00:00+00:00
[2025-04-28T14:32:20.840+0000] {processor.py:183} INFO - Processing /home/airflow/.local/lib/python3.8/site-packages/airflow/example_dags/tutorial.py took 0.123 seconds
[2025-04-28T14:32:54.281+0000] {processor.py:161} INFO - Started process (PID=2234) to work on /home/airflow/.local/lib/python3.8/site-packages/airflow/example_dags/tutorial.py
[2025-04-28T14:32:54.289+0000] {processor.py:830} INFO - Processing file /home/airflow/.local/lib/python3.8/site-packages/airflow/example_dags/tutorial.py for tasks to queue
[2025-04-28T14:32:54.293+0000] {logging_mixin.py:188} INFO - [2025-04-28T14:32:54.293+0000] {dagbag.py:538} INFO - Filling up the DagBag from /home/airflow/.local/lib/python3.8/site-packages/airflow/example_dags/tutorial.py
[2025-04-28T14:32:54.323+0000] {processor.py:840} INFO - DAG(s) 'tutorial' retrieved from /home/airflow/.local/lib/python3.8/site-packages/airflow/example_dags/tutorial.py
[2025-04-28T14:32:54.374+0000] {logging_mixin.py:188} INFO - [2025-04-28T14:32:54.373+0000] {dag.py:3033} INFO - Sync 1 DAGs
[2025-04-28T14:32:54.419+0000] {logging_mixin.py:188} INFO - [2025-04-28T14:32:54.418+0000] {dag.py:3820} INFO - Setting next_dagrun for tutorial to 2025-04-27T00:00:00+00:00, run_after=2025-04-28T00:00:00+00:00
[2025-04-28T14:32:54.694+0000] {processor.py:183} INFO - Processing /home/airflow/.local/lib/python3.8/site-packages/airflow/example_dags/tutorial.py took 0.419 seconds
[2025-04-28T14:33:26.700+0000] {processor.py:161} INFO - Started process (PID=2291) to work on /home/airflow/.local/lib/python3.8/site-packages/airflow/example_dags/tutorial.py
[2025-04-28T14:33:26.705+0000] {processor.py:830} INFO - Processing file /home/airflow/.local/lib/python3.8/site-packages/airflow/example_dags/tutorial.py for tasks to queue
[2025-04-28T14:33:26.709+0000] {logging_mixin.py:188} INFO - [2025-04-28T14:33:26.708+0000] {dagbag.py:538} INFO - Filling up the DagBag from /home/airflow/.local/lib/python3.8/site-packages/airflow/example_dags/tutorial.py
[2025-04-28T14:33:26.722+0000] {processor.py:840} INFO - DAG(s) 'tutorial' retrieved from /home/airflow/.local/lib/python3.8/site-packages/airflow/example_dags/tutorial.py
[2025-04-28T14:33:26.766+0000] {logging_mixin.py:188} INFO - [2025-04-28T14:33:26.766+0000] {dag.py:3033} INFO - Sync 1 DAGs
[2025-04-28T14:33:26.814+0000] {logging_mixin.py:188} INFO - [2025-04-28T14:33:26.813+0000] {dag.py:3820} INFO - Setting next_dagrun for tutorial to 2025-04-27T00:00:00+00:00, run_after=2025-04-28T00:00:00+00:00
[2025-04-28T14:33:26.846+0000] {processor.py:183} INFO - Processing /home/airflow/.local/lib/python3.8/site-packages/airflow/example_dags/tutorial.py took 0.154 seconds
[2025-04-28T14:33:59.200+0000] {processor.py:161} INFO - Started process (PID=2347) to work on /home/airflow/.local/lib/python3.8/site-packages/airflow/example_dags/tutorial.py
[2025-04-28T14:33:59.201+0000] {processor.py:830} INFO - Processing file /home/airflow/.local/lib/python3.8/site-packages/airflow/example_dags/tutorial.py for tasks to queue
[2025-04-28T14:33:59.207+0000] {logging_mixin.py:188} INFO - [2025-04-28T14:33:59.206+0000] {dagbag.py:538} INFO - Filling up the DagBag from /home/airflow/.local/lib/python3.8/site-packages/airflow/example_dags/tutorial.py
[2025-04-28T14:33:59.218+0000] {processor.py:840} INFO - DAG(s) 'tutorial' retrieved from /home/airflow/.local/lib/python3.8/site-packages/airflow/example_dags/tutorial.py
[2025-04-28T14:33:59.262+0000] {logging_mixin.py:188} INFO - [2025-04-28T14:33:59.262+0000] {dag.py:3033} INFO - Sync 1 DAGs
[2025-04-28T14:33:59.300+0000] {logging_mixin.py:188} INFO - [2025-04-28T14:33:59.300+0000] {dag.py:3820} INFO - Setting next_dagrun for tutorial to 2025-04-27T00:00:00+00:00, run_after=2025-04-28T00:00:00+00:00
[2025-04-28T14:33:59.347+0000] {processor.py:183} INFO - Processing /home/airflow/.local/lib/python3.8/site-packages/airflow/example_dags/tutorial.py took 0.155 seconds
[2025-04-28T14:34:33.092+0000] {processor.py:161} INFO - Started process (PID=2404) to work on /home/airflow/.local/lib/python3.8/site-packages/airflow/example_dags/tutorial.py
[2025-04-28T14:34:33.094+0000] {processor.py:830} INFO - Processing file /home/airflow/.local/lib/python3.8/site-packages/airflow/example_dags/tutorial.py for tasks to queue
[2025-04-28T14:34:33.098+0000] {logging_mixin.py:188} INFO - [2025-04-28T14:34:33.098+0000] {dagbag.py:538} INFO - Filling up the DagBag from /home/airflow/.local/lib/python3.8/site-packages/airflow/example_dags/tutorial.py
[2025-04-28T14:34:33.110+0000] {processor.py:840} INFO - DAG(s) 'tutorial' retrieved from /home/airflow/.local/lib/python3.8/site-packages/airflow/example_dags/tutorial.py
[2025-04-28T14:34:33.165+0000] {logging_mixin.py:188} INFO - [2025-04-28T14:34:33.165+0000] {dag.py:3033} INFO - Sync 1 DAGs
[2025-04-28T14:34:33.210+0000] {logging_mixin.py:188} INFO - [2025-04-28T14:34:33.210+0000] {dag.py:3820} INFO - Setting next_dagrun for tutorial to 2025-04-27T00:00:00+00:00, run_after=2025-04-28T00:00:00+00:00
[2025-04-28T14:34:33.522+0000] {processor.py:183} INFO - Processing /home/airflow/.local/lib/python3.8/site-packages/airflow/example_dags/tutorial.py took 0.438 seconds
[2025-04-28T14:35:04.448+0000] {processor.py:161} INFO - Started process (PID=2461) to work on /home/airflow/.local/lib/python3.8/site-packages/airflow/example_dags/tutorial.py
[2025-04-28T14:35:04.450+0000] {processor.py:830} INFO - Processing file /home/airflow/.local/lib/python3.8/site-packages/airflow/example_dags/tutorial.py for tasks to queue
[2025-04-28T14:35:04.454+0000] {logging_mixin.py:188} INFO - [2025-04-28T14:35:04.453+0000] {dagbag.py:538} INFO - Filling up the DagBag from /home/airflow/.local/lib/python3.8/site-packages/airflow/example_dags/tutorial.py
[2025-04-28T14:35:04.471+0000] {processor.py:840} INFO - DAG(s) 'tutorial' retrieved from /home/airflow/.local/lib/python3.8/site-packages/airflow/example_dags/tutorial.py
[2025-04-28T14:35:04.503+0000] {logging_mixin.py:188} INFO - [2025-04-28T14:35:04.503+0000] {dag.py:3033} INFO - Sync 1 DAGs
[2025-04-28T14:35:04.546+0000] {logging_mixin.py:188} INFO - [2025-04-28T14:35:04.546+0000] {dag.py:3820} INFO - Setting next_dagrun for tutorial to 2025-04-27T00:00:00+00:00, run_after=2025-04-28T00:00:00+00:00
[2025-04-28T14:35:04.582+0000] {processor.py:183} INFO - Processing /home/airflow/.local/lib/python3.8/site-packages/airflow/example_dags/tutorial.py took 0.139 seconds
[2025-04-28T14:35:37.711+0000] {processor.py:161} INFO - Started process (PID=2517) to work on /home/airflow/.local/lib/python3.8/site-packages/airflow/example_dags/tutorial.py
[2025-04-28T14:35:37.713+0000] {processor.py:830} INFO - Processing file /home/airflow/.local/lib/python3.8/site-packages/airflow/example_dags/tutorial.py for tasks to queue
[2025-04-28T14:35:37.716+0000] {logging_mixin.py:188} INFO - [2025-04-28T14:35:37.716+0000] {dagbag.py:538} INFO - Filling up the DagBag from /home/airflow/.local/lib/python3.8/site-packages/airflow/example_dags/tutorial.py
[2025-04-28T14:35:37.726+0000] {processor.py:840} INFO - DAG(s) 'tutorial' retrieved from /home/airflow/.local/lib/python3.8/site-packages/airflow/example_dags/tutorial.py
[2025-04-28T14:35:37.762+0000] {logging_mixin.py:188} INFO - [2025-04-28T14:35:37.761+0000] {dag.py:3033} INFO - Sync 1 DAGs
[2025-04-28T14:35:37.798+0000] {logging_mixin.py:188} INFO - [2025-04-28T14:35:37.798+0000] {dag.py:3820} INFO - Setting next_dagrun for tutorial to 2025-04-27T00:00:00+00:00, run_after=2025-04-28T00:00:00+00:00
[2025-04-28T14:35:37.832+0000] {processor.py:183} INFO - Processing /home/airflow/.local/lib/python3.8/site-packages/airflow/example_dags/tutorial.py took 0.126 seconds
[2025-04-28T14:36:09.930+0000] {processor.py:161} INFO - Started process (PID=2573) to work on /home/airflow/.local/lib/python3.8/site-packages/airflow/example_dags/tutorial.py
[2025-04-28T14:36:09.932+0000] {processor.py:830} INFO - Processing file /home/airflow/.local/lib/python3.8/site-packages/airflow/example_dags/tutorial.py for tasks to queue
[2025-04-28T14:36:09.936+0000] {logging_mixin.py:188} INFO - [2025-04-28T14:36:09.935+0000] {dagbag.py:538} INFO - Filling up the DagBag from /home/airflow/.local/lib/python3.8/site-packages/airflow/example_dags/tutorial.py
[2025-04-28T14:36:09.948+0000] {processor.py:840} INFO - DAG(s) 'tutorial' retrieved from /home/airflow/.local/lib/python3.8/site-packages/airflow/example_dags/tutorial.py
[2025-04-28T14:36:09.982+0000] {logging_mixin.py:188} INFO - [2025-04-28T14:36:09.982+0000] {dag.py:3033} INFO - Sync 1 DAGs
[2025-04-28T14:36:10.016+0000] {logging_mixin.py:188} INFO - [2025-04-28T14:36:10.016+0000] {dag.py:3820} INFO - Setting next_dagrun for tutorial to 2025-04-27T00:00:00+00:00, run_after=2025-04-28T00:00:00+00:00
[2025-04-28T14:36:10.239+0000] {processor.py:183} INFO - Processing /home/airflow/.local/lib/python3.8/site-packages/airflow/example_dags/tutorial.py took 0.314 seconds
[2025-04-28T14:36:41.365+0000] {processor.py:161} INFO - Started process (PID=2630) to work on /home/airflow/.local/lib/python3.8/site-packages/airflow/example_dags/tutorial.py
[2025-04-28T14:36:41.367+0000] {processor.py:830} INFO - Processing file /home/airflow/.local/lib/python3.8/site-packages/airflow/example_dags/tutorial.py for tasks to queue
[2025-04-28T14:36:41.372+0000] {logging_mixin.py:188} INFO - [2025-04-28T14:36:41.372+0000] {dagbag.py:538} INFO - Filling up the DagBag from /home/airflow/.local/lib/python3.8/site-packages/airflow/example_dags/tutorial.py
[2025-04-28T14:36:41.383+0000] {processor.py:840} INFO - DAG(s) 'tutorial' retrieved from /home/airflow/.local/lib/python3.8/site-packages/airflow/example_dags/tutorial.py
[2025-04-28T14:36:41.419+0000] {logging_mixin.py:188} INFO - [2025-04-28T14:36:41.418+0000] {dag.py:3033} INFO - Sync 1 DAGs
[2025-04-28T14:36:41.457+0000] {logging_mixin.py:188} INFO - [2025-04-28T14:36:41.457+0000] {dag.py:3820} INFO - Setting next_dagrun for tutorial to 2025-04-27T00:00:00+00:00, run_after=2025-04-28T00:00:00+00:00
[2025-04-28T14:36:41.490+0000] {processor.py:183} INFO - Processing /home/airflow/.local/lib/python3.8/site-packages/airflow/example_dags/tutorial.py took 0.132 seconds
[2025-04-28T14:37:13.738+0000] {processor.py:161} INFO - Started process (PID=2686) to work on /home/airflow/.local/lib/python3.8/site-packages/airflow/example_dags/tutorial.py
[2025-04-28T14:37:13.739+0000] {processor.py:830} INFO - Processing file /home/airflow/.local/lib/python3.8/site-packages/airflow/example_dags/tutorial.py for tasks to queue
[2025-04-28T14:37:13.743+0000] {logging_mixin.py:188} INFO - [2025-04-28T14:37:13.742+0000] {dagbag.py:538} INFO - Filling up the DagBag from /home/airflow/.local/lib/python3.8/site-packages/airflow/example_dags/tutorial.py
[2025-04-28T14:37:13.777+0000] {processor.py:840} INFO - DAG(s) 'tutorial' retrieved from /home/airflow/.local/lib/python3.8/site-packages/airflow/example_dags/tutorial.py
[2025-04-28T14:37:13.831+0000] {logging_mixin.py:188} INFO - [2025-04-28T14:37:13.831+0000] {dag.py:3033} INFO - Sync 1 DAGs
[2025-04-28T14:37:13.906+0000] {logging_mixin.py:188} INFO - [2025-04-28T14:37:13.901+0000] {dag.py:3820} INFO - Setting next_dagrun for tutorial to 2025-04-27T00:00:00+00:00, run_after=2025-04-28T00:00:00+00:00
[2025-04-28T14:37:13.955+0000] {processor.py:183} INFO - Processing /home/airflow/.local/lib/python3.8/site-packages/airflow/example_dags/tutorial.py took 0.223 seconds
[2025-04-28T14:37:48.254+0000] {processor.py:161} INFO - Started process (PID=2742) to work on /home/airflow/.local/lib/python3.8/site-packages/airflow/example_dags/tutorial.py
[2025-04-28T14:37:48.256+0000] {processor.py:830} INFO - Processing file /home/airflow/.local/lib/python3.8/site-packages/airflow/example_dags/tutorial.py for tasks to queue
[2025-04-28T14:37:48.265+0000] {logging_mixin.py:188} INFO - [2025-04-28T14:37:48.264+0000] {dagbag.py:538} INFO - Filling up the DagBag from /home/airflow/.local/lib/python3.8/site-packages/airflow/example_dags/tutorial.py
[2025-04-28T14:37:48.273+0000] {processor.py:840} INFO - DAG(s) 'tutorial' retrieved from /home/airflow/.local/lib/python3.8/site-packages/airflow/example_dags/tutorial.py
[2025-04-28T14:37:48.303+0000] {logging_mixin.py:188} INFO - [2025-04-28T14:37:48.302+0000] {dag.py:3033} INFO - Sync 1 DAGs
[2025-04-28T14:37:48.583+0000] {logging_mixin.py:188} INFO - [2025-04-28T14:37:48.583+0000] {dag.py:3820} INFO - Setting next_dagrun for tutorial to 2025-04-27T00:00:00+00:00, run_after=2025-04-28T00:00:00+00:00
[2025-04-28T14:37:48.629+0000] {processor.py:183} INFO - Processing /home/airflow/.local/lib/python3.8/site-packages/airflow/example_dags/tutorial.py took 0.379 seconds
[2025-04-28T14:38:20.063+0000] {processor.py:161} INFO - Started process (PID=2798) to work on /home/airflow/.local/lib/python3.8/site-packages/airflow/example_dags/tutorial.py
[2025-04-28T14:38:20.065+0000] {processor.py:830} INFO - Processing file /home/airflow/.local/lib/python3.8/site-packages/airflow/example_dags/tutorial.py for tasks to queue
[2025-04-28T14:38:20.068+0000] {logging_mixin.py:188} INFO - [2025-04-28T14:38:20.067+0000] {dagbag.py:538} INFO - Filling up the DagBag from /home/airflow/.local/lib/python3.8/site-packages/airflow/example_dags/tutorial.py
[2025-04-28T14:38:20.076+0000] {processor.py:840} INFO - DAG(s) 'tutorial' retrieved from /home/airflow/.local/lib/python3.8/site-packages/airflow/example_dags/tutorial.py
[2025-04-28T14:38:20.108+0000] {logging_mixin.py:188} INFO - [2025-04-28T14:38:20.108+0000] {dag.py:3033} INFO - Sync 1 DAGs
[2025-04-28T14:38:20.150+0000] {logging_mixin.py:188} INFO - [2025-04-28T14:38:20.149+0000] {dag.py:3820} INFO - Setting next_dagrun for tutorial to 2025-04-27T00:00:00+00:00, run_after=2025-04-28T00:00:00+00:00
[2025-04-28T14:38:20.188+0000] {processor.py:183} INFO - Processing /home/airflow/.local/lib/python3.8/site-packages/airflow/example_dags/tutorial.py took 0.132 seconds
[2025-04-28T14:38:52.076+0000] {processor.py:161} INFO - Started process (PID=2855) to work on /home/airflow/.local/lib/python3.8/site-packages/airflow/example_dags/tutorial.py
[2025-04-28T14:38:52.077+0000] {processor.py:830} INFO - Processing file /home/airflow/.local/lib/python3.8/site-packages/airflow/example_dags/tutorial.py for tasks to queue
[2025-04-28T14:38:52.080+0000] {logging_mixin.py:188} INFO - [2025-04-28T14:38:52.080+0000] {dagbag.py:538} INFO - Filling up the DagBag from /home/airflow/.local/lib/python3.8/site-packages/airflow/example_dags/tutorial.py
[2025-04-28T14:38:52.256+0000] {processor.py:840} INFO - DAG(s) 'tutorial' retrieved from /home/airflow/.local/lib/python3.8/site-packages/airflow/example_dags/tutorial.py
[2025-04-28T14:38:52.289+0000] {logging_mixin.py:188} INFO - [2025-04-28T14:38:52.289+0000] {dag.py:3033} INFO - Sync 1 DAGs
[2025-04-28T14:38:52.324+0000] {logging_mixin.py:188} INFO - [2025-04-28T14:38:52.324+0000] {dag.py:3820} INFO - Setting next_dagrun for tutorial to 2025-04-27T00:00:00+00:00, run_after=2025-04-28T00:00:00+00:00
[2025-04-28T14:38:52.355+0000] {processor.py:183} INFO - Processing /home/airflow/.local/lib/python3.8/site-packages/airflow/example_dags/tutorial.py took 0.284 seconds
[2025-04-28T14:39:23.431+0000] {processor.py:161} INFO - Started process (PID=2912) to work on /home/airflow/.local/lib/python3.8/site-packages/airflow/example_dags/tutorial.py
[2025-04-28T14:39:23.433+0000] {processor.py:830} INFO - Processing file /home/airflow/.local/lib/python3.8/site-packages/airflow/example_dags/tutorial.py for tasks to queue
[2025-04-28T14:39:23.436+0000] {logging_mixin.py:188} INFO - [2025-04-28T14:39:23.436+0000] {dagbag.py:538} INFO - Filling up the DagBag from /home/airflow/.local/lib/python3.8/site-packages/airflow/example_dags/tutorial.py
[2025-04-28T14:39:23.447+0000] {processor.py:840} INFO - DAG(s) 'tutorial' retrieved from /home/airflow/.local/lib/python3.8/site-packages/airflow/example_dags/tutorial.py
[2025-04-28T14:39:23.479+0000] {logging_mixin.py:188} INFO - [2025-04-28T14:39:23.479+0000] {dag.py:3033} INFO - Sync 1 DAGs
[2025-04-28T14:39:23.523+0000] {logging_mixin.py:188} INFO - [2025-04-28T14:39:23.522+0000] {dag.py:3820} INFO - Setting next_dagrun for tutorial to 2025-04-27T00:00:00+00:00, run_after=2025-04-28T00:00:00+00:00
[2025-04-28T14:39:23.559+0000] {processor.py:183} INFO - Processing /home/airflow/.local/lib/python3.8/site-packages/airflow/example_dags/tutorial.py took 0.135 seconds
[2025-04-28T14:39:56.740+0000] {processor.py:161} INFO - Started process (PID=2968) to work on /home/airflow/.local/lib/python3.8/site-packages/airflow/example_dags/tutorial.py
[2025-04-28T14:39:56.742+0000] {processor.py:830} INFO - Processing file /home/airflow/.local/lib/python3.8/site-packages/airflow/example_dags/tutorial.py for tasks to queue
[2025-04-28T14:39:56.746+0000] {logging_mixin.py:188} INFO - [2025-04-28T14:39:56.745+0000] {dagbag.py:538} INFO - Filling up the DagBag from /home/airflow/.local/lib/python3.8/site-packages/airflow/example_dags/tutorial.py
[2025-04-28T14:39:56.756+0000] {processor.py:840} INFO - DAG(s) 'tutorial' retrieved from /home/airflow/.local/lib/python3.8/site-packages/airflow/example_dags/tutorial.py
[2025-04-28T14:39:56.787+0000] {logging_mixin.py:188} INFO - [2025-04-28T14:39:56.787+0000] {dag.py:3033} INFO - Sync 1 DAGs
[2025-04-28T14:39:56.822+0000] {logging_mixin.py:188} INFO - [2025-04-28T14:39:56.822+0000] {dag.py:3820} INFO - Setting next_dagrun for tutorial to 2025-04-27T00:00:00+00:00, run_after=2025-04-28T00:00:00+00:00
[2025-04-28T14:39:56.876+0000] {processor.py:183} INFO - Processing /home/airflow/.local/lib/python3.8/site-packages/airflow/example_dags/tutorial.py took 0.142 seconds
[2025-04-28T14:40:31.337+0000] {processor.py:161} INFO - Started process (PID=3023) to work on /home/airflow/.local/lib/python3.8/site-packages/airflow/example_dags/tutorial.py
[2025-04-28T14:40:31.339+0000] {processor.py:830} INFO - Processing file /home/airflow/.local/lib/python3.8/site-packages/airflow/example_dags/tutorial.py for tasks to queue
[2025-04-28T14:40:31.343+0000] {logging_mixin.py:188} INFO - [2025-04-28T14:40:31.342+0000] {dagbag.py:538} INFO - Filling up the DagBag from /home/airflow/.local/lib/python3.8/site-packages/airflow/example_dags/tutorial.py
[2025-04-28T14:40:31.356+0000] {processor.py:840} INFO - DAG(s) 'tutorial' retrieved from /home/airflow/.local/lib/python3.8/site-packages/airflow/example_dags/tutorial.py
[2025-04-28T14:40:31.398+0000] {logging_mixin.py:188} INFO - [2025-04-28T14:40:31.397+0000] {dag.py:3033} INFO - Sync 1 DAGs
[2025-04-28T14:40:31.455+0000] {logging_mixin.py:188} INFO - [2025-04-28T14:40:31.455+0000] {dag.py:3820} INFO - Setting next_dagrun for tutorial to 2025-04-27T00:00:00+00:00, run_after=2025-04-28T00:00:00+00:00
[2025-04-28T14:40:31.500+0000] {processor.py:183} INFO - Processing /home/airflow/.local/lib/python3.8/site-packages/airflow/example_dags/tutorial.py took 0.170 seconds
[2025-04-28T14:41:02.863+0000] {processor.py:161} INFO - Started process (PID=3079) to work on /home/airflow/.local/lib/python3.8/site-packages/airflow/example_dags/tutorial.py
[2025-04-28T14:41:02.865+0000] {processor.py:830} INFO - Processing file /home/airflow/.local/lib/python3.8/site-packages/airflow/example_dags/tutorial.py for tasks to queue
[2025-04-28T14:41:02.869+0000] {logging_mixin.py:188} INFO - [2025-04-28T14:41:02.868+0000] {dagbag.py:538} INFO - Filling up the DagBag from /home/airflow/.local/lib/python3.8/site-packages/airflow/example_dags/tutorial.py
[2025-04-28T14:41:02.880+0000] {processor.py:840} INFO - DAG(s) 'tutorial' retrieved from /home/airflow/.local/lib/python3.8/site-packages/airflow/example_dags/tutorial.py
[2025-04-28T14:41:02.946+0000] {logging_mixin.py:188} INFO - [2025-04-28T14:41:02.946+0000] {dag.py:3033} INFO - Sync 1 DAGs
[2025-04-28T14:41:03.044+0000] {logging_mixin.py:188} INFO - [2025-04-28T14:41:03.044+0000] {dag.py:3820} INFO - Setting next_dagrun for tutorial to 2025-04-27T00:00:00+00:00, run_after=2025-04-28T00:00:00+00:00
[2025-04-28T14:41:03.101+0000] {processor.py:183} INFO - Processing /home/airflow/.local/lib/python3.8/site-packages/airflow/example_dags/tutorial.py took 0.242 seconds
[2025-04-28T14:41:34.811+0000] {processor.py:161} INFO - Started process (PID=3134) to work on /home/airflow/.local/lib/python3.8/site-packages/airflow/example_dags/tutorial.py
[2025-04-28T14:41:34.813+0000] {processor.py:830} INFO - Processing file /home/airflow/.local/lib/python3.8/site-packages/airflow/example_dags/tutorial.py for tasks to queue
[2025-04-28T14:41:34.818+0000] {logging_mixin.py:188} INFO - [2025-04-28T14:41:34.817+0000] {dagbag.py:538} INFO - Filling up the DagBag from /home/airflow/.local/lib/python3.8/site-packages/airflow/example_dags/tutorial.py
[2025-04-28T14:41:34.828+0000] {processor.py:840} INFO - DAG(s) 'tutorial' retrieved from /home/airflow/.local/lib/python3.8/site-packages/airflow/example_dags/tutorial.py
[2025-04-28T14:41:34.863+0000] {logging_mixin.py:188} INFO - [2025-04-28T14:41:34.862+0000] {dag.py:3033} INFO - Sync 1 DAGs
[2025-04-28T14:41:34.900+0000] {logging_mixin.py:188} INFO - [2025-04-28T14:41:34.900+0000] {dag.py:3820} INFO - Setting next_dagrun for tutorial to 2025-04-27T00:00:00+00:00, run_after=2025-04-28T00:00:00+00:00
[2025-04-28T14:41:34.932+0000] {processor.py:183} INFO - Processing /home/airflow/.local/lib/python3.8/site-packages/airflow/example_dags/tutorial.py took 0.125 seconds
[2025-04-28T14:42:07.258+0000] {processor.py:161} INFO - Started process (PID=3190) to work on /home/airflow/.local/lib/python3.8/site-packages/airflow/example_dags/tutorial.py
[2025-04-28T14:42:07.260+0000] {processor.py:830} INFO - Processing file /home/airflow/.local/lib/python3.8/site-packages/airflow/example_dags/tutorial.py for tasks to queue
[2025-04-28T14:42:07.263+0000] {logging_mixin.py:188} INFO - [2025-04-28T14:42:07.262+0000] {dagbag.py:538} INFO - Filling up the DagBag from /home/airflow/.local/lib/python3.8/site-packages/airflow/example_dags/tutorial.py
[2025-04-28T14:42:07.273+0000] {processor.py:840} INFO - DAG(s) 'tutorial' retrieved from /home/airflow/.local/lib/python3.8/site-packages/airflow/example_dags/tutorial.py
[2025-04-28T14:42:07.303+0000] {logging_mixin.py:188} INFO - [2025-04-28T14:42:07.303+0000] {dag.py:3033} INFO - Sync 1 DAGs
[2025-04-28T14:42:07.345+0000] {logging_mixin.py:188} INFO - [2025-04-28T14:42:07.345+0000] {dag.py:3820} INFO - Setting next_dagrun for tutorial to 2025-04-27T00:00:00+00:00, run_after=2025-04-28T00:00:00+00:00
[2025-04-28T14:42:07.375+0000] {processor.py:183} INFO - Processing /home/airflow/.local/lib/python3.8/site-packages/airflow/example_dags/tutorial.py took 0.124 seconds
[2025-04-28T14:42:40.775+0000] {processor.py:161} INFO - Started process (PID=3246) to work on /home/airflow/.local/lib/python3.8/site-packages/airflow/example_dags/tutorial.py
[2025-04-28T14:42:40.777+0000] {processor.py:830} INFO - Processing file /home/airflow/.local/lib/python3.8/site-packages/airflow/example_dags/tutorial.py for tasks to queue
[2025-04-28T14:42:40.782+0000] {logging_mixin.py:188} INFO - [2025-04-28T14:42:40.781+0000] {dagbag.py:538} INFO - Filling up the DagBag from /home/airflow/.local/lib/python3.8/site-packages/airflow/example_dags/tutorial.py
[2025-04-28T14:42:40.794+0000] {processor.py:840} INFO - DAG(s) 'tutorial' retrieved from /home/airflow/.local/lib/python3.8/site-packages/airflow/example_dags/tutorial.py
[2025-04-28T14:42:40.842+0000] {logging_mixin.py:188} INFO - [2025-04-28T14:42:40.838+0000] {dag.py:3033} INFO - Sync 1 DAGs
[2025-04-28T14:42:40.881+0000] {logging_mixin.py:188} INFO - [2025-04-28T14:42:40.881+0000] {dag.py:3820} INFO - Setting next_dagrun for tutorial to 2025-04-27T00:00:00+00:00, run_after=2025-04-28T00:00:00+00:00
[2025-04-28T14:42:40.922+0000] {processor.py:183} INFO - Processing /home/airflow/.local/lib/python3.8/site-packages/airflow/example_dags/tutorial.py took 0.155 seconds
[2025-04-28T14:43:13.417+0000] {processor.py:161} INFO - Started process (PID=3302) to work on /home/airflow/.local/lib/python3.8/site-packages/airflow/example_dags/tutorial.py
[2025-04-28T14:43:13.418+0000] {processor.py:830} INFO - Processing file /home/airflow/.local/lib/python3.8/site-packages/airflow/example_dags/tutorial.py for tasks to queue
[2025-04-28T14:43:13.423+0000] {logging_mixin.py:188} INFO - [2025-04-28T14:43:13.422+0000] {dagbag.py:538} INFO - Filling up the DagBag from /home/airflow/.local/lib/python3.8/site-packages/airflow/example_dags/tutorial.py
[2025-04-28T14:43:13.437+0000] {processor.py:840} INFO - DAG(s) 'tutorial' retrieved from /home/airflow/.local/lib/python3.8/site-packages/airflow/example_dags/tutorial.py
[2025-04-28T14:43:13.478+0000] {logging_mixin.py:188} INFO - [2025-04-28T14:43:13.478+0000] {dag.py:3033} INFO - Sync 1 DAGs
[2025-04-28T14:43:13.567+0000] {logging_mixin.py:188} INFO - [2025-04-28T14:43:13.567+0000] {dag.py:3820} INFO - Setting next_dagrun for tutorial to 2025-04-27T00:00:00+00:00, run_after=2025-04-28T00:00:00+00:00
[2025-04-28T14:43:13.633+0000] {processor.py:183} INFO - Processing /home/airflow/.local/lib/python3.8/site-packages/airflow/example_dags/tutorial.py took 0.223 seconds
[2025-04-28T14:43:45.519+0000] {processor.py:161} INFO - Started process (PID=3358) to work on /home/airflow/.local/lib/python3.8/site-packages/airflow/example_dags/tutorial.py
[2025-04-28T14:43:45.521+0000] {processor.py:830} INFO - Processing file /home/airflow/.local/lib/python3.8/site-packages/airflow/example_dags/tutorial.py for tasks to queue
[2025-04-28T14:43:45.525+0000] {logging_mixin.py:188} INFO - [2025-04-28T14:43:45.525+0000] {dagbag.py:538} INFO - Filling up the DagBag from /home/airflow/.local/lib/python3.8/site-packages/airflow/example_dags/tutorial.py
[2025-04-28T14:43:45.537+0000] {processor.py:840} INFO - DAG(s) 'tutorial' retrieved from /home/airflow/.local/lib/python3.8/site-packages/airflow/example_dags/tutorial.py
[2025-04-28T14:43:45.577+0000] {logging_mixin.py:188} INFO - [2025-04-28T14:43:45.577+0000] {dag.py:3033} INFO - Sync 1 DAGs
[2025-04-28T14:43:45.620+0000] {logging_mixin.py:188} INFO - [2025-04-28T14:43:45.619+0000] {dag.py:3820} INFO - Setting next_dagrun for tutorial to 2025-04-27T00:00:00+00:00, run_after=2025-04-28T00:00:00+00:00
[2025-04-28T14:43:45.665+0000] {processor.py:183} INFO - Processing /home/airflow/.local/lib/python3.8/site-packages/airflow/example_dags/tutorial.py took 0.153 seconds
[2025-04-28T14:44:19.832+0000] {processor.py:161} INFO - Started process (PID=3418) to work on /home/airflow/.local/lib/python3.8/site-packages/airflow/example_dags/tutorial.py
[2025-04-28T14:44:19.835+0000] {processor.py:830} INFO - Processing file /home/airflow/.local/lib/python3.8/site-packages/airflow/example_dags/tutorial.py for tasks to queue
[2025-04-28T14:44:19.839+0000] {logging_mixin.py:188} INFO - [2025-04-28T14:44:19.839+0000] {dagbag.py:538} INFO - Filling up the DagBag from /home/airflow/.local/lib/python3.8/site-packages/airflow/example_dags/tutorial.py
[2025-04-28T14:44:19.852+0000] {processor.py:840} INFO - DAG(s) 'tutorial' retrieved from /home/airflow/.local/lib/python3.8/site-packages/airflow/example_dags/tutorial.py
[2025-04-28T14:44:19.901+0000] {logging_mixin.py:188} INFO - [2025-04-28T14:44:19.901+0000] {dag.py:3033} INFO - Sync 1 DAGs
[2025-04-28T14:44:19.969+0000] {logging_mixin.py:188} INFO - [2025-04-28T14:44:19.969+0000] {dag.py:3820} INFO - Setting next_dagrun for tutorial to 2025-04-27T00:00:00+00:00, run_after=2025-04-28T00:00:00+00:00
[2025-04-28T14:44:20.012+0000] {processor.py:183} INFO - Processing /home/airflow/.local/lib/python3.8/site-packages/airflow/example_dags/tutorial.py took 0.187 seconds
[2025-04-28T14:44:53.244+0000] {processor.py:161} INFO - Started process (PID=3478) to work on /home/airflow/.local/lib/python3.8/site-packages/airflow/example_dags/tutorial.py
[2025-04-28T14:44:53.245+0000] {processor.py:830} INFO - Processing file /home/airflow/.local/lib/python3.8/site-packages/airflow/example_dags/tutorial.py for tasks to queue
[2025-04-28T14:44:53.250+0000] {logging_mixin.py:188} INFO - [2025-04-28T14:44:53.250+0000] {dagbag.py:538} INFO - Filling up the DagBag from /home/airflow/.local/lib/python3.8/site-packages/airflow/example_dags/tutorial.py
[2025-04-28T14:44:53.262+0000] {processor.py:840} INFO - DAG(s) 'tutorial' retrieved from /home/airflow/.local/lib/python3.8/site-packages/airflow/example_dags/tutorial.py
[2025-04-28T14:44:53.299+0000] {logging_mixin.py:188} INFO - [2025-04-28T14:44:53.298+0000] {dag.py:3033} INFO - Sync 1 DAGs
[2025-04-28T14:44:53.339+0000] {logging_mixin.py:188} INFO - [2025-04-28T14:44:53.338+0000] {dag.py:3820} INFO - Setting next_dagrun for tutorial to 2025-04-27T00:00:00+00:00, run_after=2025-04-28T00:00:00+00:00
[2025-04-28T14:44:53.386+0000] {processor.py:183} INFO - Processing /home/airflow/.local/lib/python3.8/site-packages/airflow/example_dags/tutorial.py took 0.149 seconds
[2025-04-28T14:45:25.436+0000] {processor.py:161} INFO - Started process (PID=3534) to work on /home/airflow/.local/lib/python3.8/site-packages/airflow/example_dags/tutorial.py
[2025-04-28T14:45:25.449+0000] {processor.py:830} INFO - Processing file /home/airflow/.local/lib/python3.8/site-packages/airflow/example_dags/tutorial.py for tasks to queue
[2025-04-28T14:45:25.453+0000] {logging_mixin.py:188} INFO - [2025-04-28T14:45:25.453+0000] {dagbag.py:538} INFO - Filling up the DagBag from /home/airflow/.local/lib/python3.8/site-packages/airflow/example_dags/tutorial.py
[2025-04-28T14:45:25.467+0000] {processor.py:840} INFO - DAG(s) 'tutorial' retrieved from /home/airflow/.local/lib/python3.8/site-packages/airflow/example_dags/tutorial.py
[2025-04-28T14:45:25.524+0000] {logging_mixin.py:188} INFO - [2025-04-28T14:45:25.524+0000] {dag.py:3033} INFO - Sync 1 DAGs
[2025-04-28T14:45:25.616+0000] {logging_mixin.py:188} INFO - [2025-04-28T14:45:25.615+0000] {dag.py:3820} INFO - Setting next_dagrun for tutorial to 2025-04-27T00:00:00+00:00, run_after=2025-04-28T00:00:00+00:00
[2025-04-28T14:45:25.673+0000] {processor.py:183} INFO - Processing /home/airflow/.local/lib/python3.8/site-packages/airflow/example_dags/tutorial.py took 0.242 seconds
[2025-04-28T14:49:05.319+0000] {processor.py:161} INFO - Started process (PID=98) to work on /home/airflow/.local/lib/python3.8/site-packages/airflow/example_dags/tutorial.py
[2025-04-28T14:49:05.320+0000] {processor.py:830} INFO - Processing file /home/airflow/.local/lib/python3.8/site-packages/airflow/example_dags/tutorial.py for tasks to queue
[2025-04-28T14:49:05.324+0000] {logging_mixin.py:188} INFO - [2025-04-28T14:49:05.323+0000] {dagbag.py:538} INFO - Filling up the DagBag from /home/airflow/.local/lib/python3.8/site-packages/airflow/example_dags/tutorial.py
[2025-04-28T14:49:05.335+0000] {processor.py:840} INFO - DAG(s) 'tutorial' retrieved from /home/airflow/.local/lib/python3.8/site-packages/airflow/example_dags/tutorial.py
[2025-04-28T14:49:05.645+0000] {logging_mixin.py:188} INFO - [2025-04-28T14:49:05.641+0000] {dag.py:3033} INFO - Sync 1 DAGs
[2025-04-28T14:49:05.693+0000] {logging_mixin.py:188} INFO - [2025-04-28T14:49:05.692+0000] {dag.py:3820} INFO - Setting next_dagrun for tutorial to 2025-04-27T00:00:00+00:00, run_after=2025-04-28T00:00:00+00:00
[2025-04-28T14:49:05.741+0000] {processor.py:183} INFO - Processing /home/airflow/.local/lib/python3.8/site-packages/airflow/example_dags/tutorial.py took 0.427 seconds
[2025-04-28T14:49:35.971+0000] {processor.py:161} INFO - Started process (PID=153) to work on /home/airflow/.local/lib/python3.8/site-packages/airflow/example_dags/tutorial.py
[2025-04-28T14:49:35.973+0000] {processor.py:830} INFO - Processing file /home/airflow/.local/lib/python3.8/site-packages/airflow/example_dags/tutorial.py for tasks to queue
[2025-04-28T14:49:35.976+0000] {logging_mixin.py:188} INFO - [2025-04-28T14:49:35.975+0000] {dagbag.py:538} INFO - Filling up the DagBag from /home/airflow/.local/lib/python3.8/site-packages/airflow/example_dags/tutorial.py
[2025-04-28T14:49:35.984+0000] {processor.py:840} INFO - DAG(s) 'tutorial' retrieved from /home/airflow/.local/lib/python3.8/site-packages/airflow/example_dags/tutorial.py
[2025-04-28T14:49:36.019+0000] {logging_mixin.py:188} INFO - [2025-04-28T14:49:36.019+0000] {dag.py:3033} INFO - Sync 1 DAGs
[2025-04-28T14:49:36.060+0000] {logging_mixin.py:188} INFO - [2025-04-28T14:49:36.059+0000] {dag.py:3820} INFO - Setting next_dagrun for tutorial to 2025-04-27T00:00:00+00:00, run_after=2025-04-28T00:00:00+00:00
[2025-04-28T14:49:36.092+0000] {processor.py:183} INFO - Processing /home/airflow/.local/lib/python3.8/site-packages/airflow/example_dags/tutorial.py took 0.125 seconds
[2025-04-28T14:50:06.746+0000] {processor.py:161} INFO - Started process (PID=210) to work on /home/airflow/.local/lib/python3.8/site-packages/airflow/example_dags/tutorial.py
[2025-04-28T14:50:06.748+0000] {processor.py:830} INFO - Processing file /home/airflow/.local/lib/python3.8/site-packages/airflow/example_dags/tutorial.py for tasks to queue
[2025-04-28T14:50:06.752+0000] {logging_mixin.py:188} INFO - [2025-04-28T14:50:06.751+0000] {dagbag.py:538} INFO - Filling up the DagBag from /home/airflow/.local/lib/python3.8/site-packages/airflow/example_dags/tutorial.py
[2025-04-28T14:50:06.763+0000] {processor.py:840} INFO - DAG(s) 'tutorial' retrieved from /home/airflow/.local/lib/python3.8/site-packages/airflow/example_dags/tutorial.py
[2025-04-28T14:50:06.802+0000] {logging_mixin.py:188} INFO - [2025-04-28T14:50:06.801+0000] {dag.py:3033} INFO - Sync 1 DAGs
[2025-04-28T14:50:06.843+0000] {logging_mixin.py:188} INFO - [2025-04-28T14:50:06.843+0000] {dag.py:3820} INFO - Setting next_dagrun for tutorial to 2025-04-27T00:00:00+00:00, run_after=2025-04-28T00:00:00+00:00
[2025-04-28T14:50:06.879+0000] {processor.py:183} INFO - Processing /home/airflow/.local/lib/python3.8/site-packages/airflow/example_dags/tutorial.py took 0.139 seconds
[2025-04-28T14:50:37.628+0000] {processor.py:161} INFO - Started process (PID=265) to work on /home/airflow/.local/lib/python3.8/site-packages/airflow/example_dags/tutorial.py
[2025-04-28T14:50:37.630+0000] {processor.py:830} INFO - Processing file /home/airflow/.local/lib/python3.8/site-packages/airflow/example_dags/tutorial.py for tasks to queue
[2025-04-28T14:50:37.634+0000] {logging_mixin.py:188} INFO - [2025-04-28T14:50:37.633+0000] {dagbag.py:538} INFO - Filling up the DagBag from /home/airflow/.local/lib/python3.8/site-packages/airflow/example_dags/tutorial.py
[2025-04-28T14:50:37.643+0000] {processor.py:840} INFO - DAG(s) 'tutorial' retrieved from /home/airflow/.local/lib/python3.8/site-packages/airflow/example_dags/tutorial.py
[2025-04-28T14:50:37.678+0000] {logging_mixin.py:188} INFO - [2025-04-28T14:50:37.677+0000] {dag.py:3033} INFO - Sync 1 DAGs
[2025-04-28T14:50:37.727+0000] {logging_mixin.py:188} INFO - [2025-04-28T14:50:37.726+0000] {dag.py:3820} INFO - Setting next_dagrun for tutorial to 2025-04-27T00:00:00+00:00, run_after=2025-04-28T00:00:00+00:00
[2025-04-28T14:50:37.761+0000] {processor.py:183} INFO - Processing /home/airflow/.local/lib/python3.8/site-packages/airflow/example_dags/tutorial.py took 0.138 seconds
[2025-04-28T14:51:08.606+0000] {processor.py:161} INFO - Started process (PID=321) to work on /home/airflow/.local/lib/python3.8/site-packages/airflow/example_dags/tutorial.py
[2025-04-28T14:51:08.607+0000] {processor.py:830} INFO - Processing file /home/airflow/.local/lib/python3.8/site-packages/airflow/example_dags/tutorial.py for tasks to queue
[2025-04-28T14:51:08.612+0000] {logging_mixin.py:188} INFO - [2025-04-28T14:51:08.611+0000] {dagbag.py:538} INFO - Filling up the DagBag from /home/airflow/.local/lib/python3.8/site-packages/airflow/example_dags/tutorial.py
[2025-04-28T14:51:08.624+0000] {processor.py:840} INFO - DAG(s) 'tutorial' retrieved from /home/airflow/.local/lib/python3.8/site-packages/airflow/example_dags/tutorial.py
[2025-04-28T14:51:08.660+0000] {logging_mixin.py:188} INFO - [2025-04-28T14:51:08.660+0000] {dag.py:3033} INFO - Sync 1 DAGs
[2025-04-28T14:51:08.700+0000] {logging_mixin.py:188} INFO - [2025-04-28T14:51:08.699+0000] {dag.py:3820} INFO - Setting next_dagrun for tutorial to 2025-04-27T00:00:00+00:00, run_after=2025-04-28T00:00:00+00:00
[2025-04-28T14:51:08.734+0000] {processor.py:183} INFO - Processing /home/airflow/.local/lib/python3.8/site-packages/airflow/example_dags/tutorial.py took 0.135 seconds
[2025-04-28T14:51:40.100+0000] {processor.py:161} INFO - Started process (PID=377) to work on /home/airflow/.local/lib/python3.8/site-packages/airflow/example_dags/tutorial.py
[2025-04-28T14:51:40.102+0000] {processor.py:830} INFO - Processing file /home/airflow/.local/lib/python3.8/site-packages/airflow/example_dags/tutorial.py for tasks to queue
[2025-04-28T14:51:40.110+0000] {logging_mixin.py:188} INFO - [2025-04-28T14:51:40.109+0000] {dagbag.py:538} INFO - Filling up the DagBag from /home/airflow/.local/lib/python3.8/site-packages/airflow/example_dags/tutorial.py
[2025-04-28T14:51:40.132+0000] {processor.py:840} INFO - DAG(s) 'tutorial' retrieved from /home/airflow/.local/lib/python3.8/site-packages/airflow/example_dags/tutorial.py
[2025-04-28T14:51:40.203+0000] {logging_mixin.py:188} INFO - [2025-04-28T14:51:40.203+0000] {dag.py:3033} INFO - Sync 1 DAGs
[2025-04-28T14:51:40.294+0000] {logging_mixin.py:188} INFO - [2025-04-28T14:51:40.294+0000] {dag.py:3820} INFO - Setting next_dagrun for tutorial to 2025-04-27T00:00:00+00:00, run_after=2025-04-28T00:00:00+00:00
[2025-04-28T14:51:40.387+0000] {processor.py:183} INFO - Processing /home/airflow/.local/lib/python3.8/site-packages/airflow/example_dags/tutorial.py took 0.293 seconds
[2025-04-28T14:52:13.892+0000] {processor.py:161} INFO - Started process (PID=433) to work on /home/airflow/.local/lib/python3.8/site-packages/airflow/example_dags/tutorial.py
[2025-04-28T14:52:13.894+0000] {processor.py:830} INFO - Processing file /home/airflow/.local/lib/python3.8/site-packages/airflow/example_dags/tutorial.py for tasks to queue
[2025-04-28T14:52:13.897+0000] {logging_mixin.py:188} INFO - [2025-04-28T14:52:13.897+0000] {dagbag.py:538} INFO - Filling up the DagBag from /home/airflow/.local/lib/python3.8/site-packages/airflow/example_dags/tutorial.py
[2025-04-28T14:52:13.907+0000] {processor.py:840} INFO - DAG(s) 'tutorial' retrieved from /home/airflow/.local/lib/python3.8/site-packages/airflow/example_dags/tutorial.py
[2025-04-28T14:52:13.936+0000] {logging_mixin.py:188} INFO - [2025-04-28T14:52:13.936+0000] {dag.py:3033} INFO - Sync 1 DAGs
[2025-04-28T14:52:13.975+0000] {logging_mixin.py:188} INFO - [2025-04-28T14:52:13.975+0000] {dag.py:3820} INFO - Setting next_dagrun for tutorial to 2025-04-27T00:00:00+00:00, run_after=2025-04-28T00:00:00+00:00
[2025-04-28T14:52:14.013+0000] {processor.py:183} INFO - Processing /home/airflow/.local/lib/python3.8/site-packages/airflow/example_dags/tutorial.py took 0.127 seconds
[2025-04-28T14:52:44.972+0000] {processor.py:161} INFO - Started process (PID=489) to work on /home/airflow/.local/lib/python3.8/site-packages/airflow/example_dags/tutorial.py
[2025-04-28T14:52:44.973+0000] {processor.py:830} INFO - Processing file /home/airflow/.local/lib/python3.8/site-packages/airflow/example_dags/tutorial.py for tasks to queue
[2025-04-28T14:52:44.977+0000] {logging_mixin.py:188} INFO - [2025-04-28T14:52:44.977+0000] {dagbag.py:538} INFO - Filling up the DagBag from /home/airflow/.local/lib/python3.8/site-packages/airflow/example_dags/tutorial.py
[2025-04-28T14:52:44.987+0000] {processor.py:840} INFO - DAG(s) 'tutorial' retrieved from /home/airflow/.local/lib/python3.8/site-packages/airflow/example_dags/tutorial.py
[2025-04-28T14:52:45.019+0000] {logging_mixin.py:188} INFO - [2025-04-28T14:52:45.019+0000] {dag.py:3033} INFO - Sync 1 DAGs
[2025-04-28T14:52:45.063+0000] {logging_mixin.py:188} INFO - [2025-04-28T14:52:45.062+0000] {dag.py:3820} INFO - Setting next_dagrun for tutorial to 2025-04-27T00:00:00+00:00, run_after=2025-04-28T00:00:00+00:00
[2025-04-28T14:52:45.099+0000] {processor.py:183} INFO - Processing /home/airflow/.local/lib/python3.8/site-packages/airflow/example_dags/tutorial.py took 0.133 seconds
[2025-04-28T14:53:16.334+0000] {processor.py:161} INFO - Started process (PID=546) to work on /home/airflow/.local/lib/python3.8/site-packages/airflow/example_dags/tutorial.py
[2025-04-28T14:53:16.336+0000] {processor.py:830} INFO - Processing file /home/airflow/.local/lib/python3.8/site-packages/airflow/example_dags/tutorial.py for tasks to queue
[2025-04-28T14:53:16.340+0000] {logging_mixin.py:188} INFO - [2025-04-28T14:53:16.339+0000] {dagbag.py:538} INFO - Filling up the DagBag from /home/airflow/.local/lib/python3.8/site-packages/airflow/example_dags/tutorial.py
[2025-04-28T14:53:16.355+0000] {processor.py:840} INFO - DAG(s) 'tutorial' retrieved from /home/airflow/.local/lib/python3.8/site-packages/airflow/example_dags/tutorial.py
[2025-04-28T14:53:16.407+0000] {logging_mixin.py:188} INFO - [2025-04-28T14:53:16.406+0000] {dag.py:3033} INFO - Sync 1 DAGs
[2025-04-28T14:53:16.456+0000] {logging_mixin.py:188} INFO - [2025-04-28T14:53:16.455+0000] {dag.py:3820} INFO - Setting next_dagrun for tutorial to 2025-04-27T00:00:00+00:00, run_after=2025-04-28T00:00:00+00:00
[2025-04-28T14:53:16.499+0000] {processor.py:183} INFO - Processing /home/airflow/.local/lib/python3.8/site-packages/airflow/example_dags/tutorial.py took 0.173 seconds
[2025-04-28T14:53:47.082+0000] {processor.py:161} INFO - Started process (PID=602) to work on /home/airflow/.local/lib/python3.8/site-packages/airflow/example_dags/tutorial.py
[2025-04-28T14:53:47.084+0000] {processor.py:830} INFO - Processing file /home/airflow/.local/lib/python3.8/site-packages/airflow/example_dags/tutorial.py for tasks to queue
[2025-04-28T14:53:47.089+0000] {logging_mixin.py:188} INFO - [2025-04-28T14:53:47.088+0000] {dagbag.py:538} INFO - Filling up the DagBag from /home/airflow/.local/lib/python3.8/site-packages/airflow/example_dags/tutorial.py
[2025-04-28T14:53:47.103+0000] {processor.py:840} INFO - DAG(s) 'tutorial' retrieved from /home/airflow/.local/lib/python3.8/site-packages/airflow/example_dags/tutorial.py
[2025-04-28T14:53:47.136+0000] {logging_mixin.py:188} INFO - [2025-04-28T14:53:47.136+0000] {dag.py:3033} INFO - Sync 1 DAGs
[2025-04-28T14:53:47.195+0000] {logging_mixin.py:188} INFO - [2025-04-28T14:53:47.194+0000] {dag.py:3820} INFO - Setting next_dagrun for tutorial to 2025-04-27T00:00:00+00:00, run_after=2025-04-28T00:00:00+00:00
[2025-04-28T14:53:47.259+0000] {processor.py:183} INFO - Processing /home/airflow/.local/lib/python3.8/site-packages/airflow/example_dags/tutorial.py took 0.188 seconds
[2025-04-28T14:54:17.714+0000] {processor.py:161} INFO - Started process (PID=659) to work on /home/airflow/.local/lib/python3.8/site-packages/airflow/example_dags/tutorial.py
[2025-04-28T14:54:17.716+0000] {processor.py:830} INFO - Processing file /home/airflow/.local/lib/python3.8/site-packages/airflow/example_dags/tutorial.py for tasks to queue
[2025-04-28T14:54:17.719+0000] {logging_mixin.py:188} INFO - [2025-04-28T14:54:17.719+0000] {dagbag.py:538} INFO - Filling up the DagBag from /home/airflow/.local/lib/python3.8/site-packages/airflow/example_dags/tutorial.py
[2025-04-28T14:54:17.729+0000] {processor.py:840} INFO - DAG(s) 'tutorial' retrieved from /home/airflow/.local/lib/python3.8/site-packages/airflow/example_dags/tutorial.py
[2025-04-28T14:54:17.777+0000] {logging_mixin.py:188} INFO - [2025-04-28T14:54:17.776+0000] {dag.py:3033} INFO - Sync 1 DAGs
[2025-04-28T14:54:17.818+0000] {logging_mixin.py:188} INFO - [2025-04-28T14:54:17.817+0000] {dag.py:3820} INFO - Setting next_dagrun for tutorial to 2025-04-27T00:00:00+00:00, run_after=2025-04-28T00:00:00+00:00
[2025-04-28T14:54:17.855+0000] {processor.py:183} INFO - Processing /home/airflow/.local/lib/python3.8/site-packages/airflow/example_dags/tutorial.py took 0.152 seconds
[2025-04-28T14:54:48.292+0000] {processor.py:161} INFO - Started process (PID=716) to work on /home/airflow/.local/lib/python3.8/site-packages/airflow/example_dags/tutorial.py
[2025-04-28T14:54:48.295+0000] {processor.py:830} INFO - Processing file /home/airflow/.local/lib/python3.8/site-packages/airflow/example_dags/tutorial.py for tasks to queue
[2025-04-28T14:54:48.298+0000] {logging_mixin.py:188} INFO - [2025-04-28T14:54:48.298+0000] {dagbag.py:538} INFO - Filling up the DagBag from /home/airflow/.local/lib/python3.8/site-packages/airflow/example_dags/tutorial.py
[2025-04-28T14:54:48.306+0000] {processor.py:840} INFO - DAG(s) 'tutorial' retrieved from /home/airflow/.local/lib/python3.8/site-packages/airflow/example_dags/tutorial.py
[2025-04-28T14:54:48.337+0000] {logging_mixin.py:188} INFO - [2025-04-28T14:54:48.337+0000] {dag.py:3033} INFO - Sync 1 DAGs
[2025-04-28T14:54:48.374+0000] {logging_mixin.py:188} INFO - [2025-04-28T14:54:48.374+0000] {dag.py:3820} INFO - Setting next_dagrun for tutorial to 2025-04-27T00:00:00+00:00, run_after=2025-04-28T00:00:00+00:00
[2025-04-28T14:54:48.405+0000] {processor.py:183} INFO - Processing /home/airflow/.local/lib/python3.8/site-packages/airflow/example_dags/tutorial.py took 0.120 seconds
[2025-04-28T14:55:21.544+0000] {processor.py:161} INFO - Started process (PID=773) to work on /home/airflow/.local/lib/python3.8/site-packages/airflow/example_dags/tutorial.py
[2025-04-28T14:55:21.549+0000] {processor.py:830} INFO - Processing file /home/airflow/.local/lib/python3.8/site-packages/airflow/example_dags/tutorial.py for tasks to queue
[2025-04-28T14:55:21.555+0000] {logging_mixin.py:188} INFO - [2025-04-28T14:55:21.555+0000] {dagbag.py:538} INFO - Filling up the DagBag from /home/airflow/.local/lib/python3.8/site-packages/airflow/example_dags/tutorial.py
[2025-04-28T14:55:21.571+0000] {processor.py:840} INFO - DAG(s) 'tutorial' retrieved from /home/airflow/.local/lib/python3.8/site-packages/airflow/example_dags/tutorial.py
[2025-04-28T14:55:21.610+0000] {logging_mixin.py:188} INFO - [2025-04-28T14:55:21.610+0000] {dag.py:3033} INFO - Sync 1 DAGs
[2025-04-28T14:55:21.660+0000] {logging_mixin.py:188} INFO - [2025-04-28T14:55:21.660+0000] {dag.py:3820} INFO - Setting next_dagrun for tutorial to 2025-04-27T00:00:00+00:00, run_after=2025-04-28T00:00:00+00:00
[2025-04-28T14:55:21.697+0000] {processor.py:183} INFO - Processing /home/airflow/.local/lib/python3.8/site-packages/airflow/example_dags/tutorial.py took 0.160 seconds
[2025-04-28T14:55:52.580+0000] {processor.py:161} INFO - Started process (PID=829) to work on /home/airflow/.local/lib/python3.8/site-packages/airflow/example_dags/tutorial.py
[2025-04-28T14:55:52.581+0000] {processor.py:830} INFO - Processing file /home/airflow/.local/lib/python3.8/site-packages/airflow/example_dags/tutorial.py for tasks to queue
[2025-04-28T14:55:52.585+0000] {logging_mixin.py:188} INFO - [2025-04-28T14:55:52.585+0000] {dagbag.py:538} INFO - Filling up the DagBag from /home/airflow/.local/lib/python3.8/site-packages/airflow/example_dags/tutorial.py
[2025-04-28T14:55:52.593+0000] {processor.py:840} INFO - DAG(s) 'tutorial' retrieved from /home/airflow/.local/lib/python3.8/site-packages/airflow/example_dags/tutorial.py
[2025-04-28T14:55:52.624+0000] {logging_mixin.py:188} INFO - [2025-04-28T14:55:52.624+0000] {dag.py:3033} INFO - Sync 1 DAGs
[2025-04-28T14:55:52.657+0000] {logging_mixin.py:188} INFO - [2025-04-28T14:55:52.657+0000] {dag.py:3820} INFO - Setting next_dagrun for tutorial to 2025-04-27T00:00:00+00:00, run_after=2025-04-28T00:00:00+00:00
[2025-04-28T14:55:52.686+0000] {processor.py:183} INFO - Processing /home/airflow/.local/lib/python3.8/site-packages/airflow/example_dags/tutorial.py took 0.111 seconds
[2025-04-28T14:56:23.861+0000] {processor.py:161} INFO - Started process (PID=885) to work on /home/airflow/.local/lib/python3.8/site-packages/airflow/example_dags/tutorial.py
[2025-04-28T14:56:23.862+0000] {processor.py:830} INFO - Processing file /home/airflow/.local/lib/python3.8/site-packages/airflow/example_dags/tutorial.py for tasks to queue
[2025-04-28T14:56:23.866+0000] {logging_mixin.py:188} INFO - [2025-04-28T14:56:23.865+0000] {dagbag.py:538} INFO - Filling up the DagBag from /home/airflow/.local/lib/python3.8/site-packages/airflow/example_dags/tutorial.py
[2025-04-28T14:56:23.875+0000] {processor.py:840} INFO - DAG(s) 'tutorial' retrieved from /home/airflow/.local/lib/python3.8/site-packages/airflow/example_dags/tutorial.py
[2025-04-28T14:56:23.916+0000] {logging_mixin.py:188} INFO - [2025-04-28T14:56:23.916+0000] {dag.py:3033} INFO - Sync 1 DAGs
[2025-04-28T14:56:23.957+0000] {logging_mixin.py:188} INFO - [2025-04-28T14:56:23.957+0000] {dag.py:3820} INFO - Setting next_dagrun for tutorial to 2025-04-27T00:00:00+00:00, run_after=2025-04-28T00:00:00+00:00
[2025-04-28T14:56:23.992+0000] {processor.py:183} INFO - Processing /home/airflow/.local/lib/python3.8/site-packages/airflow/example_dags/tutorial.py took 0.137 seconds
[2025-04-28T14:56:55.872+0000] {processor.py:161} INFO - Started process (PID=941) to work on /home/airflow/.local/lib/python3.8/site-packages/airflow/example_dags/tutorial.py
[2025-04-28T14:56:55.880+0000] {processor.py:830} INFO - Processing file /home/airflow/.local/lib/python3.8/site-packages/airflow/example_dags/tutorial.py for tasks to queue
[2025-04-28T14:56:55.885+0000] {logging_mixin.py:188} INFO - [2025-04-28T14:56:55.884+0000] {dagbag.py:538} INFO - Filling up the DagBag from /home/airflow/.local/lib/python3.8/site-packages/airflow/example_dags/tutorial.py
[2025-04-28T14:56:55.895+0000] {processor.py:840} INFO - DAG(s) 'tutorial' retrieved from /home/airflow/.local/lib/python3.8/site-packages/airflow/example_dags/tutorial.py
[2025-04-28T14:56:55.939+0000] {logging_mixin.py:188} INFO - [2025-04-28T14:56:55.939+0000] {dag.py:3033} INFO - Sync 1 DAGs
[2025-04-28T14:56:55.972+0000] {logging_mixin.py:188} INFO - [2025-04-28T14:56:55.972+0000] {dag.py:3820} INFO - Setting next_dagrun for tutorial to 2025-04-27T00:00:00+00:00, run_after=2025-04-28T00:00:00+00:00
[2025-04-28T14:56:56.004+0000] {processor.py:183} INFO - Processing /home/airflow/.local/lib/python3.8/site-packages/airflow/example_dags/tutorial.py took 0.138 seconds
[2025-04-28T14:57:27.151+0000] {processor.py:161} INFO - Started process (PID=989) to work on /home/airflow/.local/lib/python3.8/site-packages/airflow/example_dags/tutorial.py
[2025-04-28T14:57:27.155+0000] {processor.py:830} INFO - Processing file /home/airflow/.local/lib/python3.8/site-packages/airflow/example_dags/tutorial.py for tasks to queue
[2025-04-28T14:57:27.160+0000] {logging_mixin.py:188} INFO - [2025-04-28T14:57:27.159+0000] {dagbag.py:538} INFO - Filling up the DagBag from /home/airflow/.local/lib/python3.8/site-packages/airflow/example_dags/tutorial.py
[2025-04-28T14:57:27.179+0000] {processor.py:840} INFO - DAG(s) 'tutorial' retrieved from /home/airflow/.local/lib/python3.8/site-packages/airflow/example_dags/tutorial.py
[2025-04-28T14:57:27.221+0000] {logging_mixin.py:188} INFO - [2025-04-28T14:57:27.221+0000] {dag.py:3033} INFO - Sync 1 DAGs
[2025-04-28T14:57:27.276+0000] {logging_mixin.py:188} INFO - [2025-04-28T14:57:27.276+0000] {dag.py:3820} INFO - Setting next_dagrun for tutorial to 2025-04-27T00:00:00+00:00, run_after=2025-04-28T00:00:00+00:00
[2025-04-28T14:57:27.310+0000] {processor.py:183} INFO - Processing /home/airflow/.local/lib/python3.8/site-packages/airflow/example_dags/tutorial.py took 0.168 seconds
[2025-04-28T14:58:01.876+0000] {processor.py:161} INFO - Started process (PID=1051) to work on /home/airflow/.local/lib/python3.8/site-packages/airflow/example_dags/tutorial.py
[2025-04-28T14:58:01.878+0000] {processor.py:830} INFO - Processing file /home/airflow/.local/lib/python3.8/site-packages/airflow/example_dags/tutorial.py for tasks to queue
[2025-04-28T14:58:01.888+0000] {logging_mixin.py:188} INFO - [2025-04-28T14:58:01.888+0000] {dagbag.py:538} INFO - Filling up the DagBag from /home/airflow/.local/lib/python3.8/site-packages/airflow/example_dags/tutorial.py
[2025-04-28T14:58:01.908+0000] {processor.py:840} INFO - DAG(s) 'tutorial' retrieved from /home/airflow/.local/lib/python3.8/site-packages/airflow/example_dags/tutorial.py
[2025-04-28T14:58:01.989+0000] {logging_mixin.py:188} INFO - [2025-04-28T14:58:01.989+0000] {dag.py:3033} INFO - Sync 1 DAGs
[2025-04-28T14:58:02.085+0000] {logging_mixin.py:188} INFO - [2025-04-28T14:58:02.085+0000] {dag.py:3820} INFO - Setting next_dagrun for tutorial to 2025-04-27T00:00:00+00:00, run_after=2025-04-28T00:00:00+00:00
[2025-04-28T14:58:02.136+0000] {processor.py:183} INFO - Processing /home/airflow/.local/lib/python3.8/site-packages/airflow/example_dags/tutorial.py took 0.290 seconds
[2025-04-28T14:58:32.186+0000] {processor.py:161} INFO - Started process (PID=1102) to work on /home/airflow/.local/lib/python3.8/site-packages/airflow/example_dags/tutorial.py
[2025-04-28T14:58:32.187+0000] {processor.py:830} INFO - Processing file /home/airflow/.local/lib/python3.8/site-packages/airflow/example_dags/tutorial.py for tasks to queue
[2025-04-28T14:58:32.190+0000] {logging_mixin.py:188} INFO - [2025-04-28T14:58:32.190+0000] {dagbag.py:538} INFO - Filling up the DagBag from /home/airflow/.local/lib/python3.8/site-packages/airflow/example_dags/tutorial.py
[2025-04-28T14:58:32.198+0000] {processor.py:840} INFO - DAG(s) 'tutorial' retrieved from /home/airflow/.local/lib/python3.8/site-packages/airflow/example_dags/tutorial.py
[2025-04-28T14:58:32.226+0000] {logging_mixin.py:188} INFO - [2025-04-28T14:58:32.226+0000] {dag.py:3033} INFO - Sync 1 DAGs
[2025-04-28T14:58:32.257+0000] {logging_mixin.py:188} INFO - [2025-04-28T14:58:32.257+0000] {dag.py:3820} INFO - Setting next_dagrun for tutorial to 2025-04-27T00:00:00+00:00, run_after=2025-04-28T00:00:00+00:00
[2025-04-28T14:58:32.316+0000] {processor.py:183} INFO - Processing /home/airflow/.local/lib/python3.8/site-packages/airflow/example_dags/tutorial.py took 0.135 seconds
[2025-04-28T14:59:09.953+0000] {processor.py:161} INFO - Started process (PID=1166) to work on /home/airflow/.local/lib/python3.8/site-packages/airflow/example_dags/tutorial.py
[2025-04-28T14:59:09.967+0000] {processor.py:830} INFO - Processing file /home/airflow/.local/lib/python3.8/site-packages/airflow/example_dags/tutorial.py for tasks to queue
[2025-04-28T14:59:09.978+0000] {logging_mixin.py:188} INFO - [2025-04-28T14:59:09.977+0000] {dagbag.py:538} INFO - Filling up the DagBag from /home/airflow/.local/lib/python3.8/site-packages/airflow/example_dags/tutorial.py
[2025-04-28T14:59:10.017+0000] {processor.py:840} INFO - DAG(s) 'tutorial' retrieved from /home/airflow/.local/lib/python3.8/site-packages/airflow/example_dags/tutorial.py
[2025-04-28T14:59:10.084+0000] {logging_mixin.py:188} INFO - [2025-04-28T14:59:10.084+0000] {dag.py:3033} INFO - Sync 1 DAGs
[2025-04-28T14:59:10.147+0000] {logging_mixin.py:188} INFO - [2025-04-28T14:59:10.147+0000] {dag.py:3820} INFO - Setting next_dagrun for tutorial to 2025-04-27T00:00:00+00:00, run_after=2025-04-28T00:00:00+00:00
[2025-04-28T14:59:10.204+0000] {processor.py:183} INFO - Processing /home/airflow/.local/lib/python3.8/site-packages/airflow/example_dags/tutorial.py took 0.270 seconds
[2025-04-28T14:59:40.999+0000] {processor.py:161} INFO - Started process (PID=1222) to work on /home/airflow/.local/lib/python3.8/site-packages/airflow/example_dags/tutorial.py
[2025-04-28T14:59:41.000+0000] {processor.py:830} INFO - Processing file /home/airflow/.local/lib/python3.8/site-packages/airflow/example_dags/tutorial.py for tasks to queue
[2025-04-28T14:59:41.003+0000] {logging_mixin.py:188} INFO - [2025-04-28T14:59:41.003+0000] {dagbag.py:538} INFO - Filling up the DagBag from /home/airflow/.local/lib/python3.8/site-packages/airflow/example_dags/tutorial.py
[2025-04-28T14:59:41.019+0000] {processor.py:840} INFO - DAG(s) 'tutorial' retrieved from /home/airflow/.local/lib/python3.8/site-packages/airflow/example_dags/tutorial.py
[2025-04-28T14:59:41.070+0000] {logging_mixin.py:188} INFO - [2025-04-28T14:59:41.069+0000] {dag.py:3033} INFO - Sync 1 DAGs
[2025-04-28T14:59:41.105+0000] {logging_mixin.py:188} INFO - [2025-04-28T14:59:41.105+0000] {dag.py:3820} INFO - Setting next_dagrun for tutorial to 2025-04-27T00:00:00+00:00, run_after=2025-04-28T00:00:00+00:00
[2025-04-28T14:59:41.139+0000] {processor.py:183} INFO - Processing /home/airflow/.local/lib/python3.8/site-packages/airflow/example_dags/tutorial.py took 0.147 seconds
[2025-04-28T15:00:11.861+0000] {processor.py:161} INFO - Started process (PID=1273) to work on /home/airflow/.local/lib/python3.8/site-packages/airflow/example_dags/tutorial.py
[2025-04-28T15:00:11.862+0000] {processor.py:830} INFO - Processing file /home/airflow/.local/lib/python3.8/site-packages/airflow/example_dags/tutorial.py for tasks to queue
[2025-04-28T15:00:11.866+0000] {logging_mixin.py:188} INFO - [2025-04-28T15:00:11.865+0000] {dagbag.py:538} INFO - Filling up the DagBag from /home/airflow/.local/lib/python3.8/site-packages/airflow/example_dags/tutorial.py
[2025-04-28T15:00:11.876+0000] {processor.py:840} INFO - DAG(s) 'tutorial' retrieved from /home/airflow/.local/lib/python3.8/site-packages/airflow/example_dags/tutorial.py
[2025-04-28T15:00:11.911+0000] {logging_mixin.py:188} INFO - [2025-04-28T15:00:11.911+0000] {dag.py:3033} INFO - Sync 1 DAGs
[2025-04-28T15:00:11.946+0000] {logging_mixin.py:188} INFO - [2025-04-28T15:00:11.946+0000] {dag.py:3820} INFO - Setting next_dagrun for tutorial to 2025-04-27T00:00:00+00:00, run_after=2025-04-28T00:00:00+00:00
[2025-04-28T15:00:11.975+0000] {processor.py:183} INFO - Processing /home/airflow/.local/lib/python3.8/site-packages/airflow/example_dags/tutorial.py took 0.119 seconds
[2025-04-28T15:00:44.632+0000] {processor.py:161} INFO - Started process (PID=1329) to work on /home/airflow/.local/lib/python3.8/site-packages/airflow/example_dags/tutorial.py
[2025-04-28T15:00:44.634+0000] {processor.py:830} INFO - Processing file /home/airflow/.local/lib/python3.8/site-packages/airflow/example_dags/tutorial.py for tasks to queue
[2025-04-28T15:00:44.638+0000] {logging_mixin.py:188} INFO - [2025-04-28T15:00:44.638+0000] {dagbag.py:538} INFO - Filling up the DagBag from /home/airflow/.local/lib/python3.8/site-packages/airflow/example_dags/tutorial.py
[2025-04-28T15:00:44.652+0000] {processor.py:840} INFO - DAG(s) 'tutorial' retrieved from /home/airflow/.local/lib/python3.8/site-packages/airflow/example_dags/tutorial.py
[2025-04-28T15:00:44.693+0000] {logging_mixin.py:188} INFO - [2025-04-28T15:00:44.693+0000] {dag.py:3033} INFO - Sync 1 DAGs
[2025-04-28T15:00:44.765+0000] {logging_mixin.py:188} INFO - [2025-04-28T15:00:44.764+0000] {dag.py:3820} INFO - Setting next_dagrun for tutorial to 2025-04-27T00:00:00+00:00, run_after=2025-04-28T00:00:00+00:00
[2025-04-28T15:00:44.824+0000] {processor.py:183} INFO - Processing /home/airflow/.local/lib/python3.8/site-packages/airflow/example_dags/tutorial.py took 0.200 seconds
[2025-04-28T15:01:17.922+0000] {processor.py:161} INFO - Started process (PID=1394) to work on /home/airflow/.local/lib/python3.8/site-packages/airflow/example_dags/tutorial.py
[2025-04-28T15:01:17.925+0000] {processor.py:830} INFO - Processing file /home/airflow/.local/lib/python3.8/site-packages/airflow/example_dags/tutorial.py for tasks to queue
[2025-04-28T15:01:17.935+0000] {logging_mixin.py:188} INFO - [2025-04-28T15:01:17.934+0000] {dagbag.py:538} INFO - Filling up the DagBag from /home/airflow/.local/lib/python3.8/site-packages/airflow/example_dags/tutorial.py
[2025-04-28T15:01:17.974+0000] {processor.py:840} INFO - DAG(s) 'tutorial' retrieved from /home/airflow/.local/lib/python3.8/site-packages/airflow/example_dags/tutorial.py
[2025-04-28T15:01:18.066+0000] {logging_mixin.py:188} INFO - [2025-04-28T15:01:18.066+0000] {dag.py:3033} INFO - Sync 1 DAGs
[2025-04-28T15:01:18.232+0000] {logging_mixin.py:188} INFO - [2025-04-28T15:01:18.232+0000] {dag.py:3820} INFO - Setting next_dagrun for tutorial to 2025-04-27T00:00:00+00:00, run_after=2025-04-28T00:00:00+00:00
[2025-04-28T15:01:18.388+0000] {processor.py:183} INFO - Processing /home/airflow/.local/lib/python3.8/site-packages/airflow/example_dags/tutorial.py took 0.473 seconds
[2025-04-28T15:01:52.482+0000] {processor.py:161} INFO - Started process (PID=1453) to work on /home/airflow/.local/lib/python3.8/site-packages/airflow/example_dags/tutorial.py
[2025-04-28T15:01:52.487+0000] {processor.py:830} INFO - Processing file /home/airflow/.local/lib/python3.8/site-packages/airflow/example_dags/tutorial.py for tasks to queue
[2025-04-28T15:01:52.496+0000] {logging_mixin.py:188} INFO - [2025-04-28T15:01:52.496+0000] {dagbag.py:538} INFO - Filling up the DagBag from /home/airflow/.local/lib/python3.8/site-packages/airflow/example_dags/tutorial.py
[2025-04-28T15:01:52.517+0000] {processor.py:840} INFO - DAG(s) 'tutorial' retrieved from /home/airflow/.local/lib/python3.8/site-packages/airflow/example_dags/tutorial.py
[2025-04-28T15:01:52.603+0000] {logging_mixin.py:188} INFO - [2025-04-28T15:01:52.603+0000] {dag.py:3033} INFO - Sync 1 DAGs
[2025-04-28T15:01:52.686+0000] {logging_mixin.py:188} INFO - [2025-04-28T15:01:52.686+0000] {dag.py:3820} INFO - Setting next_dagrun for tutorial to 2025-04-27T00:00:00+00:00, run_after=2025-04-28T00:00:00+00:00
[2025-04-28T15:01:52.784+0000] {processor.py:183} INFO - Processing /home/airflow/.local/lib/python3.8/site-packages/airflow/example_dags/tutorial.py took 0.311 seconds
[2025-04-28T15:02:24.718+0000] {processor.py:161} INFO - Started process (PID=1509) to work on /home/airflow/.local/lib/python3.8/site-packages/airflow/example_dags/tutorial.py
[2025-04-28T15:02:24.719+0000] {processor.py:830} INFO - Processing file /home/airflow/.local/lib/python3.8/site-packages/airflow/example_dags/tutorial.py for tasks to queue
[2025-04-28T15:02:24.723+0000] {logging_mixin.py:188} INFO - [2025-04-28T15:02:24.723+0000] {dagbag.py:538} INFO - Filling up the DagBag from /home/airflow/.local/lib/python3.8/site-packages/airflow/example_dags/tutorial.py
[2025-04-28T15:02:24.732+0000] {processor.py:840} INFO - DAG(s) 'tutorial' retrieved from /home/airflow/.local/lib/python3.8/site-packages/airflow/example_dags/tutorial.py
[2025-04-28T15:02:24.771+0000] {logging_mixin.py:188} INFO - [2025-04-28T15:02:24.771+0000] {dag.py:3033} INFO - Sync 1 DAGs
[2025-04-28T15:02:24.807+0000] {logging_mixin.py:188} INFO - [2025-04-28T15:02:24.807+0000] {dag.py:3820} INFO - Setting next_dagrun for tutorial to 2025-04-27T00:00:00+00:00, run_after=2025-04-28T00:00:00+00:00
[2025-04-28T15:02:24.839+0000] {processor.py:183} INFO - Processing /home/airflow/.local/lib/python3.8/site-packages/airflow/example_dags/tutorial.py took 0.126 seconds
[2025-04-28T15:02:55.142+0000] {processor.py:161} INFO - Started process (PID=1560) to work on /home/airflow/.local/lib/python3.8/site-packages/airflow/example_dags/tutorial.py
[2025-04-28T15:02:55.144+0000] {processor.py:830} INFO - Processing file /home/airflow/.local/lib/python3.8/site-packages/airflow/example_dags/tutorial.py for tasks to queue
[2025-04-28T15:02:55.150+0000] {logging_mixin.py:188} INFO - [2025-04-28T15:02:55.149+0000] {dagbag.py:538} INFO - Filling up the DagBag from /home/airflow/.local/lib/python3.8/site-packages/airflow/example_dags/tutorial.py
[2025-04-28T15:02:55.162+0000] {processor.py:840} INFO - DAG(s) 'tutorial' retrieved from /home/airflow/.local/lib/python3.8/site-packages/airflow/example_dags/tutorial.py
[2025-04-28T15:02:55.203+0000] {logging_mixin.py:188} INFO - [2025-04-28T15:02:55.202+0000] {dag.py:3033} INFO - Sync 1 DAGs
[2025-04-28T15:02:55.241+0000] {logging_mixin.py:188} INFO - [2025-04-28T15:02:55.241+0000] {dag.py:3820} INFO - Setting next_dagrun for tutorial to 2025-04-27T00:00:00+00:00, run_after=2025-04-28T00:00:00+00:00
[2025-04-28T15:02:55.277+0000] {processor.py:183} INFO - Processing /home/airflow/.local/lib/python3.8/site-packages/airflow/example_dags/tutorial.py took 0.140 seconds
[2025-04-28T15:03:28.194+0000] {processor.py:161} INFO - Started process (PID=1619) to work on /home/airflow/.local/lib/python3.8/site-packages/airflow/example_dags/tutorial.py
[2025-04-28T15:03:28.201+0000] {processor.py:830} INFO - Processing file /home/airflow/.local/lib/python3.8/site-packages/airflow/example_dags/tutorial.py for tasks to queue
[2025-04-28T15:03:28.208+0000] {logging_mixin.py:188} INFO - [2025-04-28T15:03:28.208+0000] {dagbag.py:538} INFO - Filling up the DagBag from /home/airflow/.local/lib/python3.8/site-packages/airflow/example_dags/tutorial.py
[2025-04-28T15:03:28.225+0000] {processor.py:840} INFO - DAG(s) 'tutorial' retrieved from /home/airflow/.local/lib/python3.8/site-packages/airflow/example_dags/tutorial.py
[2025-04-28T15:03:28.271+0000] {logging_mixin.py:188} INFO - [2025-04-28T15:03:28.270+0000] {dag.py:3033} INFO - Sync 1 DAGs
[2025-04-28T15:03:28.337+0000] {logging_mixin.py:188} INFO - [2025-04-28T15:03:28.336+0000] {dag.py:3820} INFO - Setting next_dagrun for tutorial to 2025-04-27T00:00:00+00:00, run_after=2025-04-28T00:00:00+00:00
[2025-04-28T15:03:28.411+0000] {processor.py:183} INFO - Processing /home/airflow/.local/lib/python3.8/site-packages/airflow/example_dags/tutorial.py took 0.225 seconds
[2025-04-28T15:04:00.970+0000] {processor.py:161} INFO - Started process (PID=1676) to work on /home/airflow/.local/lib/python3.8/site-packages/airflow/example_dags/tutorial.py
[2025-04-28T15:04:00.971+0000] {processor.py:830} INFO - Processing file /home/airflow/.local/lib/python3.8/site-packages/airflow/example_dags/tutorial.py for tasks to queue
[2025-04-28T15:04:00.975+0000] {logging_mixin.py:188} INFO - [2025-04-28T15:04:00.975+0000] {dagbag.py:538} INFO - Filling up the DagBag from /home/airflow/.local/lib/python3.8/site-packages/airflow/example_dags/tutorial.py
[2025-04-28T15:04:00.988+0000] {processor.py:840} INFO - DAG(s) 'tutorial' retrieved from /home/airflow/.local/lib/python3.8/site-packages/airflow/example_dags/tutorial.py
[2025-04-28T15:04:01.024+0000] {logging_mixin.py:188} INFO - [2025-04-28T15:04:01.024+0000] {dag.py:3033} INFO - Sync 1 DAGs
[2025-04-28T15:04:01.060+0000] {logging_mixin.py:188} INFO - [2025-04-28T15:04:01.059+0000] {dag.py:3820} INFO - Setting next_dagrun for tutorial to 2025-04-27T00:00:00+00:00, run_after=2025-04-28T00:00:00+00:00
[2025-04-28T15:04:01.089+0000] {processor.py:183} INFO - Processing /home/airflow/.local/lib/python3.8/site-packages/airflow/example_dags/tutorial.py took 0.126 seconds
[2025-04-28T15:04:31.480+0000] {processor.py:161} INFO - Started process (PID=1732) to work on /home/airflow/.local/lib/python3.8/site-packages/airflow/example_dags/tutorial.py
[2025-04-28T15:04:31.481+0000] {processor.py:830} INFO - Processing file /home/airflow/.local/lib/python3.8/site-packages/airflow/example_dags/tutorial.py for tasks to queue
[2025-04-28T15:04:31.484+0000] {logging_mixin.py:188} INFO - [2025-04-28T15:04:31.484+0000] {dagbag.py:538} INFO - Filling up the DagBag from /home/airflow/.local/lib/python3.8/site-packages/airflow/example_dags/tutorial.py
[2025-04-28T15:04:31.494+0000] {processor.py:840} INFO - DAG(s) 'tutorial' retrieved from /home/airflow/.local/lib/python3.8/site-packages/airflow/example_dags/tutorial.py
[2025-04-28T15:04:31.528+0000] {logging_mixin.py:188} INFO - [2025-04-28T15:04:31.527+0000] {dag.py:3033} INFO - Sync 1 DAGs
[2025-04-28T15:04:31.569+0000] {logging_mixin.py:188} INFO - [2025-04-28T15:04:31.568+0000] {dag.py:3820} INFO - Setting next_dagrun for tutorial to 2025-04-27T00:00:00+00:00, run_after=2025-04-28T00:00:00+00:00
[2025-04-28T15:04:31.599+0000] {processor.py:183} INFO - Processing /home/airflow/.local/lib/python3.8/site-packages/airflow/example_dags/tutorial.py took 0.123 seconds
[2025-04-28T15:05:04.221+0000] {processor.py:161} INFO - Started process (PID=1789) to work on /home/airflow/.local/lib/python3.8/site-packages/airflow/example_dags/tutorial.py
[2025-04-28T15:05:04.222+0000] {processor.py:830} INFO - Processing file /home/airflow/.local/lib/python3.8/site-packages/airflow/example_dags/tutorial.py for tasks to queue
[2025-04-28T15:05:04.223+0000] {logging_mixin.py:188} INFO - [2025-04-28T15:05:04.223+0000] {dagbag.py:538} INFO - Filling up the DagBag from /home/airflow/.local/lib/python3.8/site-packages/airflow/example_dags/tutorial.py
[2025-04-28T15:05:04.234+0000] {processor.py:840} INFO - DAG(s) 'tutorial' retrieved from /home/airflow/.local/lib/python3.8/site-packages/airflow/example_dags/tutorial.py
[2025-04-28T15:05:04.261+0000] {logging_mixin.py:188} INFO - [2025-04-28T15:05:04.261+0000] {dag.py:3033} INFO - Sync 1 DAGs
[2025-04-28T15:05:04.293+0000] {logging_mixin.py:188} INFO - [2025-04-28T15:05:04.293+0000] {dag.py:3820} INFO - Setting next_dagrun for tutorial to 2025-04-27T00:00:00+00:00, run_after=2025-04-28T00:00:00+00:00
[2025-04-28T15:05:04.326+0000] {processor.py:183} INFO - Processing /home/airflow/.local/lib/python3.8/site-packages/airflow/example_dags/tutorial.py took 0.110 seconds
[2025-04-28T15:05:39.755+0000] {processor.py:161} INFO - Started process (PID=1845) to work on /home/airflow/.local/lib/python3.8/site-packages/airflow/example_dags/tutorial.py
[2025-04-28T15:05:39.760+0000] {processor.py:830} INFO - Processing file /home/airflow/.local/lib/python3.8/site-packages/airflow/example_dags/tutorial.py for tasks to queue
[2025-04-28T15:05:39.762+0000] {logging_mixin.py:188} INFO - [2025-04-28T15:05:39.761+0000] {dagbag.py:538} INFO - Filling up the DagBag from /home/airflow/.local/lib/python3.8/site-packages/airflow/example_dags/tutorial.py
[2025-04-28T15:05:39.773+0000] {processor.py:840} INFO - DAG(s) 'tutorial' retrieved from /home/airflow/.local/lib/python3.8/site-packages/airflow/example_dags/tutorial.py
[2025-04-28T15:05:39.860+0000] {logging_mixin.py:188} INFO - [2025-04-28T15:05:39.860+0000] {dag.py:3033} INFO - Sync 1 DAGs
[2025-04-28T15:05:39.942+0000] {logging_mixin.py:188} INFO - [2025-04-28T15:05:39.942+0000] {dag.py:3820} INFO - Setting next_dagrun for tutorial to 2025-04-27T00:00:00+00:00, run_after=2025-04-28T00:00:00+00:00
[2025-04-28T15:05:40.207+0000] {processor.py:183} INFO - Processing /home/airflow/.local/lib/python3.8/site-packages/airflow/example_dags/tutorial.py took 0.457 seconds
[2025-04-28T15:06:10.385+0000] {processor.py:161} INFO - Started process (PID=1902) to work on /home/airflow/.local/lib/python3.8/site-packages/airflow/example_dags/tutorial.py
[2025-04-28T15:06:10.386+0000] {processor.py:830} INFO - Processing file /home/airflow/.local/lib/python3.8/site-packages/airflow/example_dags/tutorial.py for tasks to queue
[2025-04-28T15:06:10.388+0000] {logging_mixin.py:188} INFO - [2025-04-28T15:06:10.388+0000] {dagbag.py:538} INFO - Filling up the DagBag from /home/airflow/.local/lib/python3.8/site-packages/airflow/example_dags/tutorial.py
[2025-04-28T15:06:10.400+0000] {processor.py:840} INFO - DAG(s) 'tutorial' retrieved from /home/airflow/.local/lib/python3.8/site-packages/airflow/example_dags/tutorial.py
[2025-04-28T15:06:10.432+0000] {logging_mixin.py:188} INFO - [2025-04-28T15:06:10.431+0000] {dag.py:3033} INFO - Sync 1 DAGs
[2025-04-28T15:06:10.470+0000] {logging_mixin.py:188} INFO - [2025-04-28T15:06:10.469+0000] {dag.py:3820} INFO - Setting next_dagrun for tutorial to 2025-04-27T00:00:00+00:00, run_after=2025-04-28T00:00:00+00:00
[2025-04-28T15:06:10.501+0000] {processor.py:183} INFO - Processing /home/airflow/.local/lib/python3.8/site-packages/airflow/example_dags/tutorial.py took 0.121 seconds
[2025-04-28T15:06:42.233+0000] {processor.py:161} INFO - Started process (PID=1958) to work on /home/airflow/.local/lib/python3.8/site-packages/airflow/example_dags/tutorial.py
[2025-04-28T15:06:42.235+0000] {processor.py:830} INFO - Processing file /home/airflow/.local/lib/python3.8/site-packages/airflow/example_dags/tutorial.py for tasks to queue
[2025-04-28T15:06:42.237+0000] {logging_mixin.py:188} INFO - [2025-04-28T15:06:42.236+0000] {dagbag.py:538} INFO - Filling up the DagBag from /home/airflow/.local/lib/python3.8/site-packages/airflow/example_dags/tutorial.py
[2025-04-28T15:06:42.246+0000] {processor.py:840} INFO - DAG(s) 'tutorial' retrieved from /home/airflow/.local/lib/python3.8/site-packages/airflow/example_dags/tutorial.py
[2025-04-28T15:06:42.279+0000] {logging_mixin.py:188} INFO - [2025-04-28T15:06:42.279+0000] {dag.py:3033} INFO - Sync 1 DAGs
[2025-04-28T15:06:42.317+0000] {logging_mixin.py:188} INFO - [2025-04-28T15:06:42.317+0000] {dag.py:3820} INFO - Setting next_dagrun for tutorial to 2025-04-27T00:00:00+00:00, run_after=2025-04-28T00:00:00+00:00
[2025-04-28T15:06:42.348+0000] {processor.py:183} INFO - Processing /home/airflow/.local/lib/python3.8/site-packages/airflow/example_dags/tutorial.py took 0.119 seconds
[2025-04-28T15:07:16.934+0000] {processor.py:161} INFO - Started process (PID=2014) to work on /home/airflow/.local/lib/python3.8/site-packages/airflow/example_dags/tutorial.py
[2025-04-28T15:07:16.936+0000] {processor.py:830} INFO - Processing file /home/airflow/.local/lib/python3.8/site-packages/airflow/example_dags/tutorial.py for tasks to queue
[2025-04-28T15:07:16.937+0000] {logging_mixin.py:188} INFO - [2025-04-28T15:07:16.937+0000] {dagbag.py:538} INFO - Filling up the DagBag from /home/airflow/.local/lib/python3.8/site-packages/airflow/example_dags/tutorial.py
[2025-04-28T15:07:16.949+0000] {processor.py:840} INFO - DAG(s) 'tutorial' retrieved from /home/airflow/.local/lib/python3.8/site-packages/airflow/example_dags/tutorial.py
[2025-04-28T15:07:16.985+0000] {logging_mixin.py:188} INFO - [2025-04-28T15:07:16.984+0000] {dag.py:3033} INFO - Sync 1 DAGs
[2025-04-28T15:07:17.177+0000] {logging_mixin.py:188} INFO - [2025-04-28T15:07:17.177+0000] {dag.py:3820} INFO - Setting next_dagrun for tutorial to 2025-04-27T00:00:00+00:00, run_after=2025-04-28T00:00:00+00:00
[2025-04-28T15:07:17.210+0000] {processor.py:183} INFO - Processing /home/airflow/.local/lib/python3.8/site-packages/airflow/example_dags/tutorial.py took 0.284 seconds
[2025-04-28T15:07:47.828+0000] {processor.py:161} INFO - Started process (PID=2070) to work on /home/airflow/.local/lib/python3.8/site-packages/airflow/example_dags/tutorial.py
[2025-04-28T15:07:47.830+0000] {processor.py:830} INFO - Processing file /home/airflow/.local/lib/python3.8/site-packages/airflow/example_dags/tutorial.py for tasks to queue
[2025-04-28T15:07:47.831+0000] {logging_mixin.py:188} INFO - [2025-04-28T15:07:47.830+0000] {dagbag.py:538} INFO - Filling up the DagBag from /home/airflow/.local/lib/python3.8/site-packages/airflow/example_dags/tutorial.py
[2025-04-28T15:07:47.842+0000] {processor.py:840} INFO - DAG(s) 'tutorial' retrieved from /home/airflow/.local/lib/python3.8/site-packages/airflow/example_dags/tutorial.py
[2025-04-28T15:07:47.873+0000] {logging_mixin.py:188} INFO - [2025-04-28T15:07:47.873+0000] {dag.py:3033} INFO - Sync 1 DAGs
[2025-04-28T15:07:47.912+0000] {logging_mixin.py:188} INFO - [2025-04-28T15:07:47.912+0000] {dag.py:3820} INFO - Setting next_dagrun for tutorial to 2025-04-27T00:00:00+00:00, run_after=2025-04-28T00:00:00+00:00
[2025-04-28T15:07:47.946+0000] {processor.py:183} INFO - Processing /home/airflow/.local/lib/python3.8/site-packages/airflow/example_dags/tutorial.py took 0.123 seconds
[2025-04-28T15:08:21.718+0000] {processor.py:161} INFO - Started process (PID=2126) to work on /home/airflow/.local/lib/python3.8/site-packages/airflow/example_dags/tutorial.py
[2025-04-28T15:08:21.720+0000] {processor.py:830} INFO - Processing file /home/airflow/.local/lib/python3.8/site-packages/airflow/example_dags/tutorial.py for tasks to queue
[2025-04-28T15:08:21.722+0000] {logging_mixin.py:188} INFO - [2025-04-28T15:08:21.721+0000] {dagbag.py:538} INFO - Filling up the DagBag from /home/airflow/.local/lib/python3.8/site-packages/airflow/example_dags/tutorial.py
[2025-04-28T15:08:21.732+0000] {processor.py:840} INFO - DAG(s) 'tutorial' retrieved from /home/airflow/.local/lib/python3.8/site-packages/airflow/example_dags/tutorial.py
[2025-04-28T15:08:21.766+0000] {logging_mixin.py:188} INFO - [2025-04-28T15:08:21.766+0000] {dag.py:3033} INFO - Sync 1 DAGs
[2025-04-28T15:08:21.805+0000] {logging_mixin.py:188} INFO - [2025-04-28T15:08:21.805+0000] {dag.py:3820} INFO - Setting next_dagrun for tutorial to 2025-04-27T00:00:00+00:00, run_after=2025-04-28T00:00:00+00:00
[2025-04-28T15:08:21.842+0000] {processor.py:183} INFO - Processing /home/airflow/.local/lib/python3.8/site-packages/airflow/example_dags/tutorial.py took 0.129 seconds
[2025-04-28T15:08:55.573+0000] {processor.py:161} INFO - Started process (PID=2182) to work on /home/airflow/.local/lib/python3.8/site-packages/airflow/example_dags/tutorial.py
[2025-04-28T15:08:55.575+0000] {processor.py:830} INFO - Processing file /home/airflow/.local/lib/python3.8/site-packages/airflow/example_dags/tutorial.py for tasks to queue
[2025-04-28T15:08:55.578+0000] {logging_mixin.py:188} INFO - [2025-04-28T15:08:55.577+0000] {dagbag.py:538} INFO - Filling up the DagBag from /home/airflow/.local/lib/python3.8/site-packages/airflow/example_dags/tutorial.py
[2025-04-28T15:08:55.592+0000] {processor.py:840} INFO - DAG(s) 'tutorial' retrieved from /home/airflow/.local/lib/python3.8/site-packages/airflow/example_dags/tutorial.py
[2025-04-28T15:08:55.635+0000] {logging_mixin.py:188} INFO - [2025-04-28T15:08:55.634+0000] {dag.py:3033} INFO - Sync 1 DAGs
[2025-04-28T15:08:55.954+0000] {logging_mixin.py:188} INFO - [2025-04-28T15:08:55.954+0000] {dag.py:3820} INFO - Setting next_dagrun for tutorial to 2025-04-27T00:00:00+00:00, run_after=2025-04-28T00:00:00+00:00
[2025-04-28T15:08:55.989+0000] {processor.py:183} INFO - Processing /home/airflow/.local/lib/python3.8/site-packages/airflow/example_dags/tutorial.py took 0.421 seconds
[2025-04-28T15:09:26.563+0000] {processor.py:161} INFO - Started process (PID=2237) to work on /home/airflow/.local/lib/python3.8/site-packages/airflow/example_dags/tutorial.py
[2025-04-28T15:09:26.564+0000] {processor.py:830} INFO - Processing file /home/airflow/.local/lib/python3.8/site-packages/airflow/example_dags/tutorial.py for tasks to queue
[2025-04-28T15:09:26.565+0000] {logging_mixin.py:188} INFO - [2025-04-28T15:09:26.565+0000] {dagbag.py:538} INFO - Filling up the DagBag from /home/airflow/.local/lib/python3.8/site-packages/airflow/example_dags/tutorial.py
[2025-04-28T15:09:26.576+0000] {processor.py:840} INFO - DAG(s) 'tutorial' retrieved from /home/airflow/.local/lib/python3.8/site-packages/airflow/example_dags/tutorial.py
[2025-04-28T15:09:26.608+0000] {logging_mixin.py:188} INFO - [2025-04-28T15:09:26.608+0000] {dag.py:3033} INFO - Sync 1 DAGs
[2025-04-28T15:09:26.648+0000] {logging_mixin.py:188} INFO - [2025-04-28T15:09:26.648+0000] {dag.py:3820} INFO - Setting next_dagrun for tutorial to 2025-04-27T00:00:00+00:00, run_after=2025-04-28T00:00:00+00:00
[2025-04-28T15:09:26.678+0000] {processor.py:183} INFO - Processing /home/airflow/.local/lib/python3.8/site-packages/airflow/example_dags/tutorial.py took 0.122 seconds
[2025-04-28T15:09:59.594+0000] {processor.py:161} INFO - Started process (PID=2293) to work on /home/airflow/.local/lib/python3.8/site-packages/airflow/example_dags/tutorial.py
[2025-04-28T15:09:59.596+0000] {processor.py:830} INFO - Processing file /home/airflow/.local/lib/python3.8/site-packages/airflow/example_dags/tutorial.py for tasks to queue
[2025-04-28T15:09:59.598+0000] {logging_mixin.py:188} INFO - [2025-04-28T15:09:59.597+0000] {dagbag.py:538} INFO - Filling up the DagBag from /home/airflow/.local/lib/python3.8/site-packages/airflow/example_dags/tutorial.py
[2025-04-28T15:09:59.610+0000] {processor.py:840} INFO - DAG(s) 'tutorial' retrieved from /home/airflow/.local/lib/python3.8/site-packages/airflow/example_dags/tutorial.py
[2025-04-28T15:09:59.645+0000] {logging_mixin.py:188} INFO - [2025-04-28T15:09:59.645+0000] {dag.py:3033} INFO - Sync 1 DAGs
[2025-04-28T15:09:59.710+0000] {logging_mixin.py:188} INFO - [2025-04-28T15:09:59.710+0000] {dag.py:3820} INFO - Setting next_dagrun for tutorial to 2025-04-27T00:00:00+00:00, run_after=2025-04-28T00:00:00+00:00
[2025-04-28T15:09:59.767+0000] {processor.py:183} INFO - Processing /home/airflow/.local/lib/python3.8/site-packages/airflow/example_dags/tutorial.py took 0.179 seconds
[2025-04-28T15:10:34.905+0000] {processor.py:161} INFO - Started process (PID=2349) to work on /home/airflow/.local/lib/python3.8/site-packages/airflow/example_dags/tutorial.py
[2025-04-28T15:10:34.906+0000] {processor.py:830} INFO - Processing file /home/airflow/.local/lib/python3.8/site-packages/airflow/example_dags/tutorial.py for tasks to queue
[2025-04-28T15:10:34.908+0000] {logging_mixin.py:188} INFO - [2025-04-28T15:10:34.907+0000] {dagbag.py:538} INFO - Filling up the DagBag from /home/airflow/.local/lib/python3.8/site-packages/airflow/example_dags/tutorial.py
[2025-04-28T15:10:34.919+0000] {processor.py:840} INFO - DAG(s) 'tutorial' retrieved from /home/airflow/.local/lib/python3.8/site-packages/airflow/example_dags/tutorial.py
[2025-04-28T15:10:35.158+0000] {logging_mixin.py:188} INFO - [2025-04-28T15:10:35.158+0000] {dag.py:3033} INFO - Sync 1 DAGs
[2025-04-28T15:10:35.210+0000] {logging_mixin.py:188} INFO - [2025-04-28T15:10:35.210+0000] {dag.py:3820} INFO - Setting next_dagrun for tutorial to 2025-04-27T00:00:00+00:00, run_after=2025-04-28T00:00:00+00:00
[2025-04-28T15:10:35.265+0000] {processor.py:183} INFO - Processing /home/airflow/.local/lib/python3.8/site-packages/airflow/example_dags/tutorial.py took 0.366 seconds
[2025-04-28T15:11:05.403+0000] {processor.py:161} INFO - Started process (PID=2405) to work on /home/airflow/.local/lib/python3.8/site-packages/airflow/example_dags/tutorial.py
[2025-04-28T15:11:05.404+0000] {processor.py:830} INFO - Processing file /home/airflow/.local/lib/python3.8/site-packages/airflow/example_dags/tutorial.py for tasks to queue
[2025-04-28T15:11:05.406+0000] {logging_mixin.py:188} INFO - [2025-04-28T15:11:05.405+0000] {dagbag.py:538} INFO - Filling up the DagBag from /home/airflow/.local/lib/python3.8/site-packages/airflow/example_dags/tutorial.py
[2025-04-28T15:11:05.417+0000] {processor.py:840} INFO - DAG(s) 'tutorial' retrieved from /home/airflow/.local/lib/python3.8/site-packages/airflow/example_dags/tutorial.py
[2025-04-28T15:11:05.445+0000] {logging_mixin.py:188} INFO - [2025-04-28T15:11:05.445+0000] {dag.py:3033} INFO - Sync 1 DAGs
[2025-04-28T15:11:05.477+0000] {logging_mixin.py:188} INFO - [2025-04-28T15:11:05.477+0000] {dag.py:3820} INFO - Setting next_dagrun for tutorial to 2025-04-27T00:00:00+00:00, run_after=2025-04-28T00:00:00+00:00
[2025-04-28T15:11:05.646+0000] {processor.py:183} INFO - Processing /home/airflow/.local/lib/python3.8/site-packages/airflow/example_dags/tutorial.py took 0.249 seconds
[2025-04-28T15:11:39.446+0000] {processor.py:161} INFO - Started process (PID=2461) to work on /home/airflow/.local/lib/python3.8/site-packages/airflow/example_dags/tutorial.py
[2025-04-28T15:11:39.448+0000] {processor.py:830} INFO - Processing file /home/airflow/.local/lib/python3.8/site-packages/airflow/example_dags/tutorial.py for tasks to queue
[2025-04-28T15:11:39.449+0000] {logging_mixin.py:188} INFO - [2025-04-28T15:11:39.449+0000] {dagbag.py:538} INFO - Filling up the DagBag from /home/airflow/.local/lib/python3.8/site-packages/airflow/example_dags/tutorial.py
[2025-04-28T15:11:39.459+0000] {processor.py:840} INFO - DAG(s) 'tutorial' retrieved from /home/airflow/.local/lib/python3.8/site-packages/airflow/example_dags/tutorial.py
[2025-04-28T15:11:39.495+0000] {logging_mixin.py:188} INFO - [2025-04-28T15:11:39.494+0000] {dag.py:3033} INFO - Sync 1 DAGs
[2025-04-28T15:11:39.537+0000] {logging_mixin.py:188} INFO - [2025-04-28T15:11:39.537+0000] {dag.py:3820} INFO - Setting next_dagrun for tutorial to 2025-04-27T00:00:00+00:00, run_after=2025-04-28T00:00:00+00:00
[2025-04-28T15:11:39.567+0000] {processor.py:183} INFO - Processing /home/airflow/.local/lib/python3.8/site-packages/airflow/example_dags/tutorial.py took 0.126 seconds
[2025-04-28T15:12:11.071+0000] {processor.py:161} INFO - Started process (PID=2517) to work on /home/airflow/.local/lib/python3.8/site-packages/airflow/example_dags/tutorial.py
[2025-04-28T15:12:11.073+0000] {processor.py:830} INFO - Processing file /home/airflow/.local/lib/python3.8/site-packages/airflow/example_dags/tutorial.py for tasks to queue
[2025-04-28T15:12:11.075+0000] {logging_mixin.py:188} INFO - [2025-04-28T15:12:11.074+0000] {dagbag.py:538} INFO - Filling up the DagBag from /home/airflow/.local/lib/python3.8/site-packages/airflow/example_dags/tutorial.py
[2025-04-28T15:12:11.089+0000] {processor.py:840} INFO - DAG(s) 'tutorial' retrieved from /home/airflow/.local/lib/python3.8/site-packages/airflow/example_dags/tutorial.py
[2025-04-28T15:12:11.141+0000] {logging_mixin.py:188} INFO - [2025-04-28T15:12:11.140+0000] {dag.py:3033} INFO - Sync 1 DAGs
[2025-04-28T15:12:11.182+0000] {logging_mixin.py:188} INFO - [2025-04-28T15:12:11.182+0000] {dag.py:3820} INFO - Setting next_dagrun for tutorial to 2025-04-27T00:00:00+00:00, run_after=2025-04-28T00:00:00+00:00
[2025-04-28T15:12:11.218+0000] {processor.py:183} INFO - Processing /home/airflow/.local/lib/python3.8/site-packages/airflow/example_dags/tutorial.py took 0.153 seconds
[2025-04-28T15:12:44.689+0000] {processor.py:161} INFO - Started process (PID=2573) to work on /home/airflow/.local/lib/python3.8/site-packages/airflow/example_dags/tutorial.py
[2025-04-28T15:12:44.690+0000] {processor.py:830} INFO - Processing file /home/airflow/.local/lib/python3.8/site-packages/airflow/example_dags/tutorial.py for tasks to queue
[2025-04-28T15:12:44.692+0000] {logging_mixin.py:188} INFO - [2025-04-28T15:12:44.691+0000] {dagbag.py:538} INFO - Filling up the DagBag from /home/airflow/.local/lib/python3.8/site-packages/airflow/example_dags/tutorial.py
[2025-04-28T15:12:44.702+0000] {processor.py:840} INFO - DAG(s) 'tutorial' retrieved from /home/airflow/.local/lib/python3.8/site-packages/airflow/example_dags/tutorial.py
[2025-04-28T15:12:44.743+0000] {logging_mixin.py:188} INFO - [2025-04-28T15:12:44.743+0000] {dag.py:3033} INFO - Sync 1 DAGs
[2025-04-28T15:12:44.786+0000] {logging_mixin.py:188} INFO - [2025-04-28T15:12:44.786+0000] {dag.py:3820} INFO - Setting next_dagrun for tutorial to 2025-04-27T00:00:00+00:00, run_after=2025-04-28T00:00:00+00:00
[2025-04-28T15:12:44.836+0000] {processor.py:183} INFO - Processing /home/airflow/.local/lib/python3.8/site-packages/airflow/example_dags/tutorial.py took 0.152 seconds
[2025-04-28T15:13:16.053+0000] {processor.py:161} INFO - Started process (PID=2634) to work on /home/airflow/.local/lib/python3.8/site-packages/airflow/example_dags/tutorial.py
[2025-04-28T15:13:16.054+0000] {processor.py:830} INFO - Processing file /home/airflow/.local/lib/python3.8/site-packages/airflow/example_dags/tutorial.py for tasks to queue
[2025-04-28T15:13:16.057+0000] {logging_mixin.py:188} INFO - [2025-04-28T15:13:16.056+0000] {dagbag.py:538} INFO - Filling up the DagBag from /home/airflow/.local/lib/python3.8/site-packages/airflow/example_dags/tutorial.py
[2025-04-28T15:13:16.090+0000] {processor.py:840} INFO - DAG(s) 'tutorial' retrieved from /home/airflow/.local/lib/python3.8/site-packages/airflow/example_dags/tutorial.py
[2025-04-28T15:13:16.170+0000] {logging_mixin.py:188} INFO - [2025-04-28T15:13:16.170+0000] {dag.py:3033} INFO - Sync 1 DAGs
[2025-04-28T15:13:16.289+0000] {logging_mixin.py:188} INFO - [2025-04-28T15:13:16.289+0000] {dag.py:3820} INFO - Setting next_dagrun for tutorial to 2025-04-27T00:00:00+00:00, run_after=2025-04-28T00:00:00+00:00
[2025-04-28T15:13:16.383+0000] {processor.py:183} INFO - Processing /home/airflow/.local/lib/python3.8/site-packages/airflow/example_dags/tutorial.py took 0.343 seconds
[2025-04-28T15:13:48.465+0000] {processor.py:161} INFO - Started process (PID=2684) to work on /home/airflow/.local/lib/python3.8/site-packages/airflow/example_dags/tutorial.py
[2025-04-28T15:13:48.480+0000] {processor.py:830} INFO - Processing file /home/airflow/.local/lib/python3.8/site-packages/airflow/example_dags/tutorial.py for tasks to queue
[2025-04-28T15:13:48.493+0000] {logging_mixin.py:188} INFO - [2025-04-28T15:13:48.491+0000] {dagbag.py:538} INFO - Filling up the DagBag from /home/airflow/.local/lib/python3.8/site-packages/airflow/example_dags/tutorial.py
[2025-04-28T15:13:48.552+0000] {processor.py:840} INFO - DAG(s) 'tutorial' retrieved from /home/airflow/.local/lib/python3.8/site-packages/airflow/example_dags/tutorial.py
[2025-04-28T15:13:48.716+0000] {logging_mixin.py:188} INFO - [2025-04-28T15:13:48.714+0000] {dag.py:3033} INFO - Sync 1 DAGs
[2025-04-28T15:13:48.852+0000] {logging_mixin.py:188} INFO - [2025-04-28T15:13:48.840+0000] {dag.py:3820} INFO - Setting next_dagrun for tutorial to 2025-04-27T00:00:00+00:00, run_after=2025-04-28T00:00:00+00:00
[2025-04-28T15:13:48.964+0000] {processor.py:183} INFO - Processing /home/airflow/.local/lib/python3.8/site-packages/airflow/example_dags/tutorial.py took 0.518 seconds
[2025-04-28T15:14:19.814+0000] {processor.py:161} INFO - Started process (PID=2739) to work on /home/airflow/.local/lib/python3.8/site-packages/airflow/example_dags/tutorial.py
[2025-04-28T15:14:19.818+0000] {processor.py:830} INFO - Processing file /home/airflow/.local/lib/python3.8/site-packages/airflow/example_dags/tutorial.py for tasks to queue
[2025-04-28T15:14:19.820+0000] {logging_mixin.py:188} INFO - [2025-04-28T15:14:19.819+0000] {dagbag.py:538} INFO - Filling up the DagBag from /home/airflow/.local/lib/python3.8/site-packages/airflow/example_dags/tutorial.py
[2025-04-28T15:14:19.832+0000] {processor.py:840} INFO - DAG(s) 'tutorial' retrieved from /home/airflow/.local/lib/python3.8/site-packages/airflow/example_dags/tutorial.py
[2025-04-28T15:14:19.866+0000] {logging_mixin.py:188} INFO - [2025-04-28T15:14:19.866+0000] {dag.py:3033} INFO - Sync 1 DAGs
[2025-04-28T15:14:19.901+0000] {logging_mixin.py:188} INFO - [2025-04-28T15:14:19.900+0000] {dag.py:3820} INFO - Setting next_dagrun for tutorial to 2025-04-27T00:00:00+00:00, run_after=2025-04-28T00:00:00+00:00
[2025-04-28T15:14:19.937+0000] {processor.py:183} INFO - Processing /home/airflow/.local/lib/python3.8/site-packages/airflow/example_dags/tutorial.py took 0.128 seconds
[2025-04-28T15:14:51.870+0000] {processor.py:161} INFO - Started process (PID=2795) to work on /home/airflow/.local/lib/python3.8/site-packages/airflow/example_dags/tutorial.py
[2025-04-28T15:14:51.873+0000] {processor.py:830} INFO - Processing file /home/airflow/.local/lib/python3.8/site-packages/airflow/example_dags/tutorial.py for tasks to queue
[2025-04-28T15:14:51.875+0000] {logging_mixin.py:188} INFO - [2025-04-28T15:14:51.874+0000] {dagbag.py:538} INFO - Filling up the DagBag from /home/airflow/.local/lib/python3.8/site-packages/airflow/example_dags/tutorial.py
[2025-04-28T15:14:51.893+0000] {processor.py:840} INFO - DAG(s) 'tutorial' retrieved from /home/airflow/.local/lib/python3.8/site-packages/airflow/example_dags/tutorial.py
[2025-04-28T15:14:51.938+0000] {logging_mixin.py:188} INFO - [2025-04-28T15:14:51.938+0000] {dag.py:3033} INFO - Sync 1 DAGs
[2025-04-28T15:14:51.988+0000] {logging_mixin.py:188} INFO - [2025-04-28T15:14:51.988+0000] {dag.py:3820} INFO - Setting next_dagrun for tutorial to 2025-04-27T00:00:00+00:00, run_after=2025-04-28T00:00:00+00:00
[2025-04-28T15:14:52.032+0000] {processor.py:183} INFO - Processing /home/airflow/.local/lib/python3.8/site-packages/airflow/example_dags/tutorial.py took 0.176 seconds
[2025-04-28T15:15:24.556+0000] {processor.py:161} INFO - Started process (PID=2852) to work on /home/airflow/.local/lib/python3.8/site-packages/airflow/example_dags/tutorial.py
[2025-04-28T15:15:24.557+0000] {processor.py:830} INFO - Processing file /home/airflow/.local/lib/python3.8/site-packages/airflow/example_dags/tutorial.py for tasks to queue
[2025-04-28T15:15:24.559+0000] {logging_mixin.py:188} INFO - [2025-04-28T15:15:24.558+0000] {dagbag.py:538} INFO - Filling up the DagBag from /home/airflow/.local/lib/python3.8/site-packages/airflow/example_dags/tutorial.py
[2025-04-28T15:15:24.571+0000] {processor.py:840} INFO - DAG(s) 'tutorial' retrieved from /home/airflow/.local/lib/python3.8/site-packages/airflow/example_dags/tutorial.py
[2025-04-28T15:15:24.613+0000] {logging_mixin.py:188} INFO - [2025-04-28T15:15:24.612+0000] {dag.py:3033} INFO - Sync 1 DAGs
[2025-04-28T15:15:24.678+0000] {logging_mixin.py:188} INFO - [2025-04-28T15:15:24.678+0000] {dag.py:3820} INFO - Setting next_dagrun for tutorial to 2025-04-27T00:00:00+00:00, run_after=2025-04-28T00:00:00+00:00
[2025-04-28T15:15:24.727+0000] {processor.py:183} INFO - Processing /home/airflow/.local/lib/python3.8/site-packages/airflow/example_dags/tutorial.py took 0.177 seconds
[2025-04-28T15:15:57.624+0000] {processor.py:161} INFO - Started process (PID=2908) to work on /home/airflow/.local/lib/python3.8/site-packages/airflow/example_dags/tutorial.py
[2025-04-28T15:15:57.625+0000] {processor.py:830} INFO - Processing file /home/airflow/.local/lib/python3.8/site-packages/airflow/example_dags/tutorial.py for tasks to queue
[2025-04-28T15:15:57.627+0000] {logging_mixin.py:188} INFO - [2025-04-28T15:15:57.627+0000] {dagbag.py:538} INFO - Filling up the DagBag from /home/airflow/.local/lib/python3.8/site-packages/airflow/example_dags/tutorial.py
[2025-04-28T15:15:57.639+0000] {processor.py:840} INFO - DAG(s) 'tutorial' retrieved from /home/airflow/.local/lib/python3.8/site-packages/airflow/example_dags/tutorial.py
[2025-04-28T15:15:57.675+0000] {logging_mixin.py:188} INFO - [2025-04-28T15:15:57.675+0000] {dag.py:3033} INFO - Sync 1 DAGs
[2025-04-28T15:15:57.739+0000] {logging_mixin.py:188} INFO - [2025-04-28T15:15:57.738+0000] {dag.py:3820} INFO - Setting next_dagrun for tutorial to 2025-04-27T00:00:00+00:00, run_after=2025-04-28T00:00:00+00:00
[2025-04-28T15:15:57.789+0000] {processor.py:183} INFO - Processing /home/airflow/.local/lib/python3.8/site-packages/airflow/example_dags/tutorial.py took 0.174 seconds
[2025-04-28T15:16:30.199+0000] {processor.py:161} INFO - Started process (PID=2964) to work on /home/airflow/.local/lib/python3.8/site-packages/airflow/example_dags/tutorial.py
[2025-04-28T15:16:30.201+0000] {processor.py:830} INFO - Processing file /home/airflow/.local/lib/python3.8/site-packages/airflow/example_dags/tutorial.py for tasks to queue
[2025-04-28T15:16:30.203+0000] {logging_mixin.py:188} INFO - [2025-04-28T15:16:30.202+0000] {dagbag.py:538} INFO - Filling up the DagBag from /home/airflow/.local/lib/python3.8/site-packages/airflow/example_dags/tutorial.py
[2025-04-28T15:16:30.214+0000] {processor.py:840} INFO - DAG(s) 'tutorial' retrieved from /home/airflow/.local/lib/python3.8/site-packages/airflow/example_dags/tutorial.py
[2025-04-28T15:16:30.245+0000] {logging_mixin.py:188} INFO - [2025-04-28T15:16:30.245+0000] {dag.py:3033} INFO - Sync 1 DAGs
[2025-04-28T15:16:30.286+0000] {logging_mixin.py:188} INFO - [2025-04-28T15:16:30.286+0000] {dag.py:3820} INFO - Setting next_dagrun for tutorial to 2025-04-27T00:00:00+00:00, run_after=2025-04-28T00:00:00+00:00
[2025-04-28T15:16:30.327+0000] {processor.py:183} INFO - Processing /home/airflow/.local/lib/python3.8/site-packages/airflow/example_dags/tutorial.py took 0.135 seconds
[2025-04-28T15:17:02.553+0000] {processor.py:161} INFO - Started process (PID=3020) to work on /home/airflow/.local/lib/python3.8/site-packages/airflow/example_dags/tutorial.py
[2025-04-28T15:17:02.555+0000] {processor.py:830} INFO - Processing file /home/airflow/.local/lib/python3.8/site-packages/airflow/example_dags/tutorial.py for tasks to queue
[2025-04-28T15:17:02.557+0000] {logging_mixin.py:188} INFO - [2025-04-28T15:17:02.556+0000] {dagbag.py:538} INFO - Filling up the DagBag from /home/airflow/.local/lib/python3.8/site-packages/airflow/example_dags/tutorial.py
[2025-04-28T15:17:02.569+0000] {processor.py:840} INFO - DAG(s) 'tutorial' retrieved from /home/airflow/.local/lib/python3.8/site-packages/airflow/example_dags/tutorial.py
[2025-04-28T15:17:02.623+0000] {logging_mixin.py:188} INFO - [2025-04-28T15:17:02.623+0000] {dag.py:3033} INFO - Sync 1 DAGs
[2025-04-28T15:17:02.684+0000] {logging_mixin.py:188} INFO - [2025-04-28T15:17:02.684+0000] {dag.py:3820} INFO - Setting next_dagrun for tutorial to 2025-04-27T00:00:00+00:00, run_after=2025-04-28T00:00:00+00:00
[2025-04-28T15:17:02.722+0000] {processor.py:183} INFO - Processing /home/airflow/.local/lib/python3.8/site-packages/airflow/example_dags/tutorial.py took 0.179 seconds
[2025-04-28T15:17:35.349+0000] {processor.py:161} INFO - Started process (PID=3076) to work on /home/airflow/.local/lib/python3.8/site-packages/airflow/example_dags/tutorial.py
[2025-04-28T15:17:35.352+0000] {processor.py:830} INFO - Processing file /home/airflow/.local/lib/python3.8/site-packages/airflow/example_dags/tutorial.py for tasks to queue
[2025-04-28T15:17:35.354+0000] {logging_mixin.py:188} INFO - [2025-04-28T15:17:35.353+0000] {dagbag.py:538} INFO - Filling up the DagBag from /home/airflow/.local/lib/python3.8/site-packages/airflow/example_dags/tutorial.py
[2025-04-28T15:17:35.366+0000] {processor.py:840} INFO - DAG(s) 'tutorial' retrieved from /home/airflow/.local/lib/python3.8/site-packages/airflow/example_dags/tutorial.py
[2025-04-28T15:17:35.398+0000] {logging_mixin.py:188} INFO - [2025-04-28T15:17:35.398+0000] {dag.py:3033} INFO - Sync 1 DAGs
[2025-04-28T15:17:35.441+0000] {logging_mixin.py:188} INFO - [2025-04-28T15:17:35.441+0000] {dag.py:3820} INFO - Setting next_dagrun for tutorial to 2025-04-27T00:00:00+00:00, run_after=2025-04-28T00:00:00+00:00
[2025-04-28T15:17:35.473+0000] {processor.py:183} INFO - Processing /home/airflow/.local/lib/python3.8/site-packages/airflow/example_dags/tutorial.py took 0.129 seconds
[2025-04-28T15:18:08.883+0000] {processor.py:161} INFO - Started process (PID=3131) to work on /home/airflow/.local/lib/python3.8/site-packages/airflow/example_dags/tutorial.py
[2025-04-28T15:18:08.884+0000] {processor.py:830} INFO - Processing file /home/airflow/.local/lib/python3.8/site-packages/airflow/example_dags/tutorial.py for tasks to queue
[2025-04-28T15:18:08.885+0000] {logging_mixin.py:188} INFO - [2025-04-28T15:18:08.885+0000] {dagbag.py:538} INFO - Filling up the DagBag from /home/airflow/.local/lib/python3.8/site-packages/airflow/example_dags/tutorial.py
[2025-04-28T15:18:08.898+0000] {processor.py:840} INFO - DAG(s) 'tutorial' retrieved from /home/airflow/.local/lib/python3.8/site-packages/airflow/example_dags/tutorial.py
[2025-04-28T15:18:08.935+0000] {logging_mixin.py:188} INFO - [2025-04-28T15:18:08.935+0000] {dag.py:3033} INFO - Sync 1 DAGs
[2025-04-28T15:18:08.987+0000] {logging_mixin.py:188} INFO - [2025-04-28T15:18:08.986+0000] {dag.py:3820} INFO - Setting next_dagrun for tutorial to 2025-04-27T00:00:00+00:00, run_after=2025-04-28T00:00:00+00:00
[2025-04-28T15:18:09.050+0000] {processor.py:183} INFO - Processing /home/airflow/.local/lib/python3.8/site-packages/airflow/example_dags/tutorial.py took 0.172 seconds
[2025-04-28T15:18:40.663+0000] {processor.py:161} INFO - Started process (PID=3187) to work on /home/airflow/.local/lib/python3.8/site-packages/airflow/example_dags/tutorial.py
[2025-04-28T15:18:40.665+0000] {processor.py:830} INFO - Processing file /home/airflow/.local/lib/python3.8/site-packages/airflow/example_dags/tutorial.py for tasks to queue
[2025-04-28T15:18:40.667+0000] {logging_mixin.py:188} INFO - [2025-04-28T15:18:40.666+0000] {dagbag.py:538} INFO - Filling up the DagBag from /home/airflow/.local/lib/python3.8/site-packages/airflow/example_dags/tutorial.py
[2025-04-28T15:18:40.680+0000] {processor.py:840} INFO - DAG(s) 'tutorial' retrieved from /home/airflow/.local/lib/python3.8/site-packages/airflow/example_dags/tutorial.py
[2025-04-28T15:18:40.717+0000] {logging_mixin.py:188} INFO - [2025-04-28T15:18:40.717+0000] {dag.py:3033} INFO - Sync 1 DAGs
[2025-04-28T15:18:40.777+0000] {logging_mixin.py:188} INFO - [2025-04-28T15:18:40.777+0000] {dag.py:3820} INFO - Setting next_dagrun for tutorial to 2025-04-27T00:00:00+00:00, run_after=2025-04-28T00:00:00+00:00
[2025-04-28T15:18:40.833+0000] {processor.py:183} INFO - Processing /home/airflow/.local/lib/python3.8/site-packages/airflow/example_dags/tutorial.py took 0.174 seconds
[2025-04-28T15:19:13.460+0000] {processor.py:161} INFO - Started process (PID=3243) to work on /home/airflow/.local/lib/python3.8/site-packages/airflow/example_dags/tutorial.py
[2025-04-28T15:19:13.461+0000] {processor.py:830} INFO - Processing file /home/airflow/.local/lib/python3.8/site-packages/airflow/example_dags/tutorial.py for tasks to queue
[2025-04-28T15:19:13.463+0000] {logging_mixin.py:188} INFO - [2025-04-28T15:19:13.463+0000] {dagbag.py:538} INFO - Filling up the DagBag from /home/airflow/.local/lib/python3.8/site-packages/airflow/example_dags/tutorial.py
[2025-04-28T15:19:13.475+0000] {processor.py:840} INFO - DAG(s) 'tutorial' retrieved from /home/airflow/.local/lib/python3.8/site-packages/airflow/example_dags/tutorial.py
[2025-04-28T15:19:13.504+0000] {logging_mixin.py:188} INFO - [2025-04-28T15:19:13.504+0000] {dag.py:3033} INFO - Sync 1 DAGs
[2025-04-28T15:19:13.534+0000] {logging_mixin.py:188} INFO - [2025-04-28T15:19:13.534+0000] {dag.py:3820} INFO - Setting next_dagrun for tutorial to 2025-04-27T00:00:00+00:00, run_after=2025-04-28T00:00:00+00:00
[2025-04-28T15:19:13.567+0000] {processor.py:183} INFO - Processing /home/airflow/.local/lib/python3.8/site-packages/airflow/example_dags/tutorial.py took 0.114 seconds
[2025-04-28T15:19:46.844+0000] {processor.py:161} INFO - Started process (PID=3300) to work on /home/airflow/.local/lib/python3.8/site-packages/airflow/example_dags/tutorial.py
[2025-04-28T15:19:46.846+0000] {processor.py:830} INFO - Processing file /home/airflow/.local/lib/python3.8/site-packages/airflow/example_dags/tutorial.py for tasks to queue
[2025-04-28T15:19:46.847+0000] {logging_mixin.py:188} INFO - [2025-04-28T15:19:46.847+0000] {dagbag.py:538} INFO - Filling up the DagBag from /home/airflow/.local/lib/python3.8/site-packages/airflow/example_dags/tutorial.py
[2025-04-28T15:19:46.862+0000] {processor.py:840} INFO - DAG(s) 'tutorial' retrieved from /home/airflow/.local/lib/python3.8/site-packages/airflow/example_dags/tutorial.py
[2025-04-28T15:19:46.919+0000] {logging_mixin.py:188} INFO - [2025-04-28T15:19:46.918+0000] {dag.py:3033} INFO - Sync 1 DAGs
[2025-04-28T15:19:46.969+0000] {logging_mixin.py:188} INFO - [2025-04-28T15:19:46.969+0000] {dag.py:3820} INFO - Setting next_dagrun for tutorial to 2025-04-27T00:00:00+00:00, run_after=2025-04-28T00:00:00+00:00
[2025-04-28T15:19:47.013+0000] {processor.py:183} INFO - Processing /home/airflow/.local/lib/python3.8/site-packages/airflow/example_dags/tutorial.py took 0.174 seconds
[2025-04-28T15:20:19.368+0000] {processor.py:161} INFO - Started process (PID=3355) to work on /home/airflow/.local/lib/python3.8/site-packages/airflow/example_dags/tutorial.py
[2025-04-28T15:20:19.369+0000] {processor.py:830} INFO - Processing file /home/airflow/.local/lib/python3.8/site-packages/airflow/example_dags/tutorial.py for tasks to queue
[2025-04-28T15:20:19.371+0000] {logging_mixin.py:188} INFO - [2025-04-28T15:20:19.371+0000] {dagbag.py:538} INFO - Filling up the DagBag from /home/airflow/.local/lib/python3.8/site-packages/airflow/example_dags/tutorial.py
[2025-04-28T15:20:19.386+0000] {processor.py:840} INFO - DAG(s) 'tutorial' retrieved from /home/airflow/.local/lib/python3.8/site-packages/airflow/example_dags/tutorial.py
[2025-04-28T15:20:19.437+0000] {logging_mixin.py:188} INFO - [2025-04-28T15:20:19.437+0000] {dag.py:3033} INFO - Sync 1 DAGs
[2025-04-28T15:20:19.480+0000] {logging_mixin.py:188} INFO - [2025-04-28T15:20:19.480+0000] {dag.py:3820} INFO - Setting next_dagrun for tutorial to 2025-04-27T00:00:00+00:00, run_after=2025-04-28T00:00:00+00:00
[2025-04-28T15:20:19.517+0000] {processor.py:183} INFO - Processing /home/airflow/.local/lib/python3.8/site-packages/airflow/example_dags/tutorial.py took 0.155 seconds
[2025-04-28T15:20:52.660+0000] {processor.py:161} INFO - Started process (PID=3414) to work on /home/airflow/.local/lib/python3.8/site-packages/airflow/example_dags/tutorial.py
[2025-04-28T15:20:52.662+0000] {processor.py:830} INFO - Processing file /home/airflow/.local/lib/python3.8/site-packages/airflow/example_dags/tutorial.py for tasks to queue
[2025-04-28T15:20:52.663+0000] {logging_mixin.py:188} INFO - [2025-04-28T15:20:52.663+0000] {dagbag.py:538} INFO - Filling up the DagBag from /home/airflow/.local/lib/python3.8/site-packages/airflow/example_dags/tutorial.py
[2025-04-28T15:20:52.675+0000] {processor.py:840} INFO - DAG(s) 'tutorial' retrieved from /home/airflow/.local/lib/python3.8/site-packages/airflow/example_dags/tutorial.py
[2025-04-28T15:20:52.708+0000] {logging_mixin.py:188} INFO - [2025-04-28T15:20:52.708+0000] {dag.py:3033} INFO - Sync 1 DAGs
[2025-04-28T15:20:52.756+0000] {logging_mixin.py:188} INFO - [2025-04-28T15:20:52.755+0000] {dag.py:3820} INFO - Setting next_dagrun for tutorial to 2025-04-27T00:00:00+00:00, run_after=2025-04-28T00:00:00+00:00
[2025-04-28T15:20:52.792+0000] {processor.py:183} INFO - Processing /home/airflow/.local/lib/python3.8/site-packages/airflow/example_dags/tutorial.py took 0.138 seconds
[2025-04-28T15:21:26.797+0000] {processor.py:161} INFO - Started process (PID=3470) to work on /home/airflow/.local/lib/python3.8/site-packages/airflow/example_dags/tutorial.py
[2025-04-28T15:21:26.802+0000] {processor.py:830} INFO - Processing file /home/airflow/.local/lib/python3.8/site-packages/airflow/example_dags/tutorial.py for tasks to queue
[2025-04-28T15:21:26.809+0000] {logging_mixin.py:188} INFO - [2025-04-28T15:21:26.809+0000] {dagbag.py:538} INFO - Filling up the DagBag from /home/airflow/.local/lib/python3.8/site-packages/airflow/example_dags/tutorial.py
[2025-04-28T15:21:26.830+0000] {processor.py:840} INFO - DAG(s) 'tutorial' retrieved from /home/airflow/.local/lib/python3.8/site-packages/airflow/example_dags/tutorial.py
[2025-04-28T15:21:26.900+0000] {logging_mixin.py:188} INFO - [2025-04-28T15:21:26.899+0000] {dag.py:3033} INFO - Sync 1 DAGs
[2025-04-28T15:21:26.974+0000] {logging_mixin.py:188} INFO - [2025-04-28T15:21:26.974+0000] {dag.py:3820} INFO - Setting next_dagrun for tutorial to 2025-04-27T00:00:00+00:00, run_after=2025-04-28T00:00:00+00:00
[2025-04-28T15:21:27.091+0000] {processor.py:183} INFO - Processing /home/airflow/.local/lib/python3.8/site-packages/airflow/example_dags/tutorial.py took 0.309 seconds
[2025-04-28T15:21:57.890+0000] {processor.py:161} INFO - Started process (PID=3525) to work on /home/airflow/.local/lib/python3.8/site-packages/airflow/example_dags/tutorial.py
[2025-04-28T15:21:57.893+0000] {processor.py:830} INFO - Processing file /home/airflow/.local/lib/python3.8/site-packages/airflow/example_dags/tutorial.py for tasks to queue
[2025-04-28T15:21:57.895+0000] {logging_mixin.py:188} INFO - [2025-04-28T15:21:57.894+0000] {dagbag.py:538} INFO - Filling up the DagBag from /home/airflow/.local/lib/python3.8/site-packages/airflow/example_dags/tutorial.py
[2025-04-28T15:21:57.910+0000] {processor.py:840} INFO - DAG(s) 'tutorial' retrieved from /home/airflow/.local/lib/python3.8/site-packages/airflow/example_dags/tutorial.py
[2025-04-28T15:21:57.959+0000] {logging_mixin.py:188} INFO - [2025-04-28T15:21:57.958+0000] {dag.py:3033} INFO - Sync 1 DAGs
[2025-04-28T15:21:58.002+0000] {logging_mixin.py:188} INFO - [2025-04-28T15:21:58.002+0000] {dag.py:3820} INFO - Setting next_dagrun for tutorial to 2025-04-27T00:00:00+00:00, run_after=2025-04-28T00:00:00+00:00
[2025-04-28T15:21:58.037+0000] {processor.py:183} INFO - Processing /home/airflow/.local/lib/python3.8/site-packages/airflow/example_dags/tutorial.py took 0.156 seconds
[2025-04-28T15:22:30.485+0000] {processor.py:161} INFO - Started process (PID=3583) to work on /home/airflow/.local/lib/python3.8/site-packages/airflow/example_dags/tutorial.py
[2025-04-28T15:22:30.487+0000] {processor.py:830} INFO - Processing file /home/airflow/.local/lib/python3.8/site-packages/airflow/example_dags/tutorial.py for tasks to queue
[2025-04-28T15:22:30.489+0000] {logging_mixin.py:188} INFO - [2025-04-28T15:22:30.488+0000] {dagbag.py:538} INFO - Filling up the DagBag from /home/airflow/.local/lib/python3.8/site-packages/airflow/example_dags/tutorial.py
[2025-04-28T15:22:30.501+0000] {processor.py:840} INFO - DAG(s) 'tutorial' retrieved from /home/airflow/.local/lib/python3.8/site-packages/airflow/example_dags/tutorial.py
[2025-04-28T15:22:30.533+0000] {logging_mixin.py:188} INFO - [2025-04-28T15:22:30.532+0000] {dag.py:3033} INFO - Sync 1 DAGs
[2025-04-28T15:22:30.568+0000] {logging_mixin.py:188} INFO - [2025-04-28T15:22:30.568+0000] {dag.py:3820} INFO - Setting next_dagrun for tutorial to 2025-04-27T00:00:00+00:00, run_after=2025-04-28T00:00:00+00:00
[2025-04-28T15:22:30.604+0000] {processor.py:183} INFO - Processing /home/airflow/.local/lib/python3.8/site-packages/airflow/example_dags/tutorial.py took 0.123 seconds
[2025-04-28T15:23:03.733+0000] {processor.py:161} INFO - Started process (PID=3645) to work on /home/airflow/.local/lib/python3.8/site-packages/airflow/example_dags/tutorial.py
[2025-04-28T15:23:03.734+0000] {processor.py:830} INFO - Processing file /home/airflow/.local/lib/python3.8/site-packages/airflow/example_dags/tutorial.py for tasks to queue
[2025-04-28T15:23:03.736+0000] {logging_mixin.py:188} INFO - [2025-04-28T15:23:03.736+0000] {dagbag.py:538} INFO - Filling up the DagBag from /home/airflow/.local/lib/python3.8/site-packages/airflow/example_dags/tutorial.py
[2025-04-28T15:23:03.749+0000] {processor.py:840} INFO - DAG(s) 'tutorial' retrieved from /home/airflow/.local/lib/python3.8/site-packages/airflow/example_dags/tutorial.py
[2025-04-28T15:23:03.785+0000] {logging_mixin.py:188} INFO - [2025-04-28T15:23:03.785+0000] {dag.py:3033} INFO - Sync 1 DAGs
[2025-04-28T15:23:03.838+0000] {logging_mixin.py:188} INFO - [2025-04-28T15:23:03.838+0000] {dag.py:3820} INFO - Setting next_dagrun for tutorial to 2025-04-27T00:00:00+00:00, run_after=2025-04-28T00:00:00+00:00
[2025-04-28T15:23:03.874+0000] {processor.py:183} INFO - Processing /home/airflow/.local/lib/python3.8/site-packages/airflow/example_dags/tutorial.py took 0.148 seconds
[2025-04-28T15:23:37.561+0000] {processor.py:161} INFO - Started process (PID=3709) to work on /home/airflow/.local/lib/python3.8/site-packages/airflow/example_dags/tutorial.py
[2025-04-28T15:23:37.563+0000] {processor.py:830} INFO - Processing file /home/airflow/.local/lib/python3.8/site-packages/airflow/example_dags/tutorial.py for tasks to queue
[2025-04-28T15:23:37.566+0000] {logging_mixin.py:188} INFO - [2025-04-28T15:23:37.566+0000] {dagbag.py:538} INFO - Filling up the DagBag from /home/airflow/.local/lib/python3.8/site-packages/airflow/example_dags/tutorial.py
[2025-04-28T15:23:37.579+0000] {processor.py:840} INFO - DAG(s) 'tutorial' retrieved from /home/airflow/.local/lib/python3.8/site-packages/airflow/example_dags/tutorial.py
[2025-04-28T15:23:37.622+0000] {logging_mixin.py:188} INFO - [2025-04-28T15:23:37.622+0000] {dag.py:3033} INFO - Sync 1 DAGs
[2025-04-28T15:23:37.664+0000] {logging_mixin.py:188} INFO - [2025-04-28T15:23:37.663+0000] {dag.py:3820} INFO - Setting next_dagrun for tutorial to 2025-04-27T00:00:00+00:00, run_after=2025-04-28T00:00:00+00:00
[2025-04-28T15:23:37.696+0000] {processor.py:183} INFO - Processing /home/airflow/.local/lib/python3.8/site-packages/airflow/example_dags/tutorial.py took 0.141 seconds
[2025-04-28T15:24:09.440+0000] {processor.py:161} INFO - Started process (PID=3765) to work on /home/airflow/.local/lib/python3.8/site-packages/airflow/example_dags/tutorial.py
[2025-04-28T15:24:09.441+0000] {processor.py:830} INFO - Processing file /home/airflow/.local/lib/python3.8/site-packages/airflow/example_dags/tutorial.py for tasks to queue
[2025-04-28T15:24:09.443+0000] {logging_mixin.py:188} INFO - [2025-04-28T15:24:09.443+0000] {dagbag.py:538} INFO - Filling up the DagBag from /home/airflow/.local/lib/python3.8/site-packages/airflow/example_dags/tutorial.py
[2025-04-28T15:24:09.452+0000] {processor.py:840} INFO - DAG(s) 'tutorial' retrieved from /home/airflow/.local/lib/python3.8/site-packages/airflow/example_dags/tutorial.py
[2025-04-28T15:24:09.479+0000] {logging_mixin.py:188} INFO - [2025-04-28T15:24:09.479+0000] {dag.py:3033} INFO - Sync 1 DAGs
[2025-04-28T15:24:09.517+0000] {logging_mixin.py:188} INFO - [2025-04-28T15:24:09.517+0000] {dag.py:3820} INFO - Setting next_dagrun for tutorial to 2025-04-27T00:00:00+00:00, run_after=2025-04-28T00:00:00+00:00
[2025-04-28T15:24:09.551+0000] {processor.py:183} INFO - Processing /home/airflow/.local/lib/python3.8/site-packages/airflow/example_dags/tutorial.py took 0.115 seconds
[2025-04-28T15:24:42.727+0000] {processor.py:161} INFO - Started process (PID=3822) to work on /home/airflow/.local/lib/python3.8/site-packages/airflow/example_dags/tutorial.py
[2025-04-28T15:24:42.729+0000] {processor.py:830} INFO - Processing file /home/airflow/.local/lib/python3.8/site-packages/airflow/example_dags/tutorial.py for tasks to queue
[2025-04-28T15:24:42.730+0000] {logging_mixin.py:188} INFO - [2025-04-28T15:24:42.730+0000] {dagbag.py:538} INFO - Filling up the DagBag from /home/airflow/.local/lib/python3.8/site-packages/airflow/example_dags/tutorial.py
[2025-04-28T15:24:42.742+0000] {processor.py:840} INFO - DAG(s) 'tutorial' retrieved from /home/airflow/.local/lib/python3.8/site-packages/airflow/example_dags/tutorial.py
[2025-04-28T15:24:42.781+0000] {logging_mixin.py:188} INFO - [2025-04-28T15:24:42.780+0000] {dag.py:3033} INFO - Sync 1 DAGs
[2025-04-28T15:24:42.823+0000] {logging_mixin.py:188} INFO - [2025-04-28T15:24:42.823+0000] {dag.py:3820} INFO - Setting next_dagrun for tutorial to 2025-04-27T00:00:00+00:00, run_after=2025-04-28T00:00:00+00:00
[2025-04-28T15:24:42.858+0000] {processor.py:183} INFO - Processing /home/airflow/.local/lib/python3.8/site-packages/airflow/example_dags/tutorial.py took 0.137 seconds
[2025-04-28T15:25:15.892+0000] {processor.py:161} INFO - Started process (PID=3879) to work on /home/airflow/.local/lib/python3.8/site-packages/airflow/example_dags/tutorial.py
[2025-04-28T15:25:15.894+0000] {processor.py:830} INFO - Processing file /home/airflow/.local/lib/python3.8/site-packages/airflow/example_dags/tutorial.py for tasks to queue
[2025-04-28T15:25:15.895+0000] {logging_mixin.py:188} INFO - [2025-04-28T15:25:15.895+0000] {dagbag.py:538} INFO - Filling up the DagBag from /home/airflow/.local/lib/python3.8/site-packages/airflow/example_dags/tutorial.py
[2025-04-28T15:25:15.910+0000] {processor.py:840} INFO - DAG(s) 'tutorial' retrieved from /home/airflow/.local/lib/python3.8/site-packages/airflow/example_dags/tutorial.py
[2025-04-28T15:25:15.948+0000] {logging_mixin.py:188} INFO - [2025-04-28T15:25:15.947+0000] {dag.py:3033} INFO - Sync 1 DAGs
[2025-04-28T15:25:15.990+0000] {logging_mixin.py:188} INFO - [2025-04-28T15:25:15.990+0000] {dag.py:3820} INFO - Setting next_dagrun for tutorial to 2025-04-27T00:00:00+00:00, run_after=2025-04-28T00:00:00+00:00
[2025-04-28T15:25:16.024+0000] {processor.py:183} INFO - Processing /home/airflow/.local/lib/python3.8/site-packages/airflow/example_dags/tutorial.py took 0.137 seconds
[2025-04-28T15:25:47.545+0000] {processor.py:161} INFO - Started process (PID=3935) to work on /home/airflow/.local/lib/python3.8/site-packages/airflow/example_dags/tutorial.py
[2025-04-28T15:25:47.546+0000] {processor.py:830} INFO - Processing file /home/airflow/.local/lib/python3.8/site-packages/airflow/example_dags/tutorial.py for tasks to queue
[2025-04-28T15:25:47.548+0000] {logging_mixin.py:188} INFO - [2025-04-28T15:25:47.548+0000] {dagbag.py:538} INFO - Filling up the DagBag from /home/airflow/.local/lib/python3.8/site-packages/airflow/example_dags/tutorial.py
[2025-04-28T15:25:47.561+0000] {processor.py:840} INFO - DAG(s) 'tutorial' retrieved from /home/airflow/.local/lib/python3.8/site-packages/airflow/example_dags/tutorial.py
[2025-04-28T15:25:47.591+0000] {logging_mixin.py:188} INFO - [2025-04-28T15:25:47.590+0000] {dag.py:3033} INFO - Sync 1 DAGs
[2025-04-28T15:25:47.643+0000] {logging_mixin.py:188} INFO - [2025-04-28T15:25:47.643+0000] {dag.py:3820} INFO - Setting next_dagrun for tutorial to 2025-04-27T00:00:00+00:00, run_after=2025-04-28T00:00:00+00:00
[2025-04-28T15:25:47.685+0000] {processor.py:183} INFO - Processing /home/airflow/.local/lib/python3.8/site-packages/airflow/example_dags/tutorial.py took 0.147 seconds
[2025-04-28T15:26:20.858+0000] {processor.py:161} INFO - Started process (PID=3990) to work on /home/airflow/.local/lib/python3.8/site-packages/airflow/example_dags/tutorial.py
[2025-04-28T15:26:20.860+0000] {processor.py:830} INFO - Processing file /home/airflow/.local/lib/python3.8/site-packages/airflow/example_dags/tutorial.py for tasks to queue
[2025-04-28T15:26:20.861+0000] {logging_mixin.py:188} INFO - [2025-04-28T15:26:20.861+0000] {dagbag.py:538} INFO - Filling up the DagBag from /home/airflow/.local/lib/python3.8/site-packages/airflow/example_dags/tutorial.py
[2025-04-28T15:26:20.872+0000] {processor.py:840} INFO - DAG(s) 'tutorial' retrieved from /home/airflow/.local/lib/python3.8/site-packages/airflow/example_dags/tutorial.py
[2025-04-28T15:26:20.942+0000] {logging_mixin.py:188} INFO - [2025-04-28T15:26:20.942+0000] {dag.py:3033} INFO - Sync 1 DAGs
[2025-04-28T15:26:20.983+0000] {logging_mixin.py:188} INFO - [2025-04-28T15:26:20.983+0000] {dag.py:3820} INFO - Setting next_dagrun for tutorial to 2025-04-27T00:00:00+00:00, run_after=2025-04-28T00:00:00+00:00
[2025-04-28T15:26:21.031+0000] {processor.py:183} INFO - Processing /home/airflow/.local/lib/python3.8/site-packages/airflow/example_dags/tutorial.py took 0.178 seconds
[2025-04-28T15:26:53.420+0000] {processor.py:161} INFO - Started process (PID=4046) to work on /home/airflow/.local/lib/python3.8/site-packages/airflow/example_dags/tutorial.py
[2025-04-28T15:26:53.421+0000] {processor.py:830} INFO - Processing file /home/airflow/.local/lib/python3.8/site-packages/airflow/example_dags/tutorial.py for tasks to queue
[2025-04-28T15:26:53.423+0000] {logging_mixin.py:188} INFO - [2025-04-28T15:26:53.423+0000] {dagbag.py:538} INFO - Filling up the DagBag from /home/airflow/.local/lib/python3.8/site-packages/airflow/example_dags/tutorial.py
[2025-04-28T15:26:53.434+0000] {processor.py:840} INFO - DAG(s) 'tutorial' retrieved from /home/airflow/.local/lib/python3.8/site-packages/airflow/example_dags/tutorial.py
[2025-04-28T15:26:53.470+0000] {logging_mixin.py:188} INFO - [2025-04-28T15:26:53.470+0000] {dag.py:3033} INFO - Sync 1 DAGs
[2025-04-28T15:26:53.520+0000] {logging_mixin.py:188} INFO - [2025-04-28T15:26:53.519+0000] {dag.py:3820} INFO - Setting next_dagrun for tutorial to 2025-04-27T00:00:00+00:00, run_after=2025-04-28T00:00:00+00:00
[2025-04-28T15:26:53.554+0000] {processor.py:183} INFO - Processing /home/airflow/.local/lib/python3.8/site-packages/airflow/example_dags/tutorial.py took 0.139 seconds
[2025-04-28T15:27:29.137+0000] {processor.py:161} INFO - Started process (PID=4102) to work on /home/airflow/.local/lib/python3.8/site-packages/airflow/example_dags/tutorial.py
[2025-04-28T15:27:29.138+0000] {processor.py:830} INFO - Processing file /home/airflow/.local/lib/python3.8/site-packages/airflow/example_dags/tutorial.py for tasks to queue
[2025-04-28T15:27:29.140+0000] {logging_mixin.py:188} INFO - [2025-04-28T15:27:29.140+0000] {dagbag.py:538} INFO - Filling up the DagBag from /home/airflow/.local/lib/python3.8/site-packages/airflow/example_dags/tutorial.py
[2025-04-28T15:27:29.152+0000] {processor.py:840} INFO - DAG(s) 'tutorial' retrieved from /home/airflow/.local/lib/python3.8/site-packages/airflow/example_dags/tutorial.py
[2025-04-28T15:27:29.182+0000] {logging_mixin.py:188} INFO - [2025-04-28T15:27:29.182+0000] {dag.py:3033} INFO - Sync 1 DAGs
[2025-04-28T15:27:29.218+0000] {logging_mixin.py:188} INFO - [2025-04-28T15:27:29.218+0000] {dag.py:3820} INFO - Setting next_dagrun for tutorial to 2025-04-27T00:00:00+00:00, run_after=2025-04-28T00:00:00+00:00
[2025-04-28T15:27:29.251+0000] {processor.py:183} INFO - Processing /home/airflow/.local/lib/python3.8/site-packages/airflow/example_dags/tutorial.py took 0.118 seconds
[2025-04-28T15:28:00.027+0000] {processor.py:161} INFO - Started process (PID=4157) to work on /home/airflow/.local/lib/python3.8/site-packages/airflow/example_dags/tutorial.py
[2025-04-28T15:28:00.028+0000] {processor.py:830} INFO - Processing file /home/airflow/.local/lib/python3.8/site-packages/airflow/example_dags/tutorial.py for tasks to queue
[2025-04-28T15:28:00.030+0000] {logging_mixin.py:188} INFO - [2025-04-28T15:28:00.030+0000] {dagbag.py:538} INFO - Filling up the DagBag from /home/airflow/.local/lib/python3.8/site-packages/airflow/example_dags/tutorial.py
[2025-04-28T15:28:00.042+0000] {processor.py:840} INFO - DAG(s) 'tutorial' retrieved from /home/airflow/.local/lib/python3.8/site-packages/airflow/example_dags/tutorial.py
[2025-04-28T15:28:00.077+0000] {logging_mixin.py:188} INFO - [2025-04-28T15:28:00.077+0000] {dag.py:3033} INFO - Sync 1 DAGs
[2025-04-28T15:28:00.115+0000] {logging_mixin.py:188} INFO - [2025-04-28T15:28:00.115+0000] {dag.py:3820} INFO - Setting next_dagrun for tutorial to 2025-04-27T00:00:00+00:00, run_after=2025-04-28T00:00:00+00:00
[2025-04-28T15:28:00.150+0000] {processor.py:183} INFO - Processing /home/airflow/.local/lib/python3.8/site-packages/airflow/example_dags/tutorial.py took 0.128 seconds
[2025-04-28T15:28:31.506+0000] {processor.py:161} INFO - Started process (PID=4213) to work on /home/airflow/.local/lib/python3.8/site-packages/airflow/example_dags/tutorial.py
[2025-04-28T15:28:31.508+0000] {processor.py:830} INFO - Processing file /home/airflow/.local/lib/python3.8/site-packages/airflow/example_dags/tutorial.py for tasks to queue
[2025-04-28T15:28:31.509+0000] {logging_mixin.py:188} INFO - [2025-04-28T15:28:31.509+0000] {dagbag.py:538} INFO - Filling up the DagBag from /home/airflow/.local/lib/python3.8/site-packages/airflow/example_dags/tutorial.py
[2025-04-28T15:28:31.522+0000] {processor.py:840} INFO - DAG(s) 'tutorial' retrieved from /home/airflow/.local/lib/python3.8/site-packages/airflow/example_dags/tutorial.py
[2025-04-28T15:28:31.557+0000] {logging_mixin.py:188} INFO - [2025-04-28T15:28:31.557+0000] {dag.py:3033} INFO - Sync 1 DAGs
[2025-04-28T15:28:31.602+0000] {logging_mixin.py:188} INFO - [2025-04-28T15:28:31.601+0000] {dag.py:3820} INFO - Setting next_dagrun for tutorial to 2025-04-27T00:00:00+00:00, run_after=2025-04-28T00:00:00+00:00
[2025-04-28T15:28:31.635+0000] {processor.py:183} INFO - Processing /home/airflow/.local/lib/python3.8/site-packages/airflow/example_dags/tutorial.py took 0.133 seconds
[2025-04-28T15:29:05.246+0000] {processor.py:161} INFO - Started process (PID=4269) to work on /home/airflow/.local/lib/python3.8/site-packages/airflow/example_dags/tutorial.py
[2025-04-28T15:29:05.248+0000] {processor.py:830} INFO - Processing file /home/airflow/.local/lib/python3.8/site-packages/airflow/example_dags/tutorial.py for tasks to queue
[2025-04-28T15:29:05.250+0000] {logging_mixin.py:188} INFO - [2025-04-28T15:29:05.249+0000] {dagbag.py:538} INFO - Filling up the DagBag from /home/airflow/.local/lib/python3.8/site-packages/airflow/example_dags/tutorial.py
[2025-04-28T15:29:05.263+0000] {processor.py:840} INFO - DAG(s) 'tutorial' retrieved from /home/airflow/.local/lib/python3.8/site-packages/airflow/example_dags/tutorial.py
[2025-04-28T15:29:05.293+0000] {logging_mixin.py:188} INFO - [2025-04-28T15:29:05.292+0000] {dag.py:3033} INFO - Sync 1 DAGs
[2025-04-28T15:29:05.347+0000] {logging_mixin.py:188} INFO - [2025-04-28T15:29:05.347+0000] {dag.py:3820} INFO - Setting next_dagrun for tutorial to 2025-04-27T00:00:00+00:00, run_after=2025-04-28T00:00:00+00:00
[2025-04-28T15:29:05.384+0000] {processor.py:183} INFO - Processing /home/airflow/.local/lib/python3.8/site-packages/airflow/example_dags/tutorial.py took 0.144 seconds
[2025-04-28T15:29:39.146+0000] {processor.py:161} INFO - Started process (PID=4325) to work on /home/airflow/.local/lib/python3.8/site-packages/airflow/example_dags/tutorial.py
[2025-04-28T15:29:39.148+0000] {processor.py:830} INFO - Processing file /home/airflow/.local/lib/python3.8/site-packages/airflow/example_dags/tutorial.py for tasks to queue
[2025-04-28T15:29:39.151+0000] {logging_mixin.py:188} INFO - [2025-04-28T15:29:39.151+0000] {dagbag.py:538} INFO - Filling up the DagBag from /home/airflow/.local/lib/python3.8/site-packages/airflow/example_dags/tutorial.py
[2025-04-28T15:29:39.173+0000] {processor.py:840} INFO - DAG(s) 'tutorial' retrieved from /home/airflow/.local/lib/python3.8/site-packages/airflow/example_dags/tutorial.py
[2025-04-28T15:29:39.230+0000] {logging_mixin.py:188} INFO - [2025-04-28T15:29:39.230+0000] {dag.py:3033} INFO - Sync 1 DAGs
[2025-04-28T15:29:39.307+0000] {logging_mixin.py:188} INFO - [2025-04-28T15:29:39.306+0000] {dag.py:3820} INFO - Setting next_dagrun for tutorial to 2025-04-27T00:00:00+00:00, run_after=2025-04-28T00:00:00+00:00
[2025-04-28T15:29:39.385+0000] {processor.py:183} INFO - Processing /home/airflow/.local/lib/python3.8/site-packages/airflow/example_dags/tutorial.py took 0.247 seconds
[2025-04-28T15:30:12.944+0000] {processor.py:161} INFO - Started process (PID=4380) to work on /home/airflow/.local/lib/python3.8/site-packages/airflow/example_dags/tutorial.py
[2025-04-28T15:30:12.945+0000] {processor.py:830} INFO - Processing file /home/airflow/.local/lib/python3.8/site-packages/airflow/example_dags/tutorial.py for tasks to queue
[2025-04-28T15:30:12.947+0000] {logging_mixin.py:188} INFO - [2025-04-28T15:30:12.947+0000] {dagbag.py:538} INFO - Filling up the DagBag from /home/airflow/.local/lib/python3.8/site-packages/airflow/example_dags/tutorial.py
[2025-04-28T15:30:12.961+0000] {processor.py:840} INFO - DAG(s) 'tutorial' retrieved from /home/airflow/.local/lib/python3.8/site-packages/airflow/example_dags/tutorial.py
[2025-04-28T15:30:12.998+0000] {logging_mixin.py:188} INFO - [2025-04-28T15:30:12.998+0000] {dag.py:3033} INFO - Sync 1 DAGs
[2025-04-28T15:30:13.042+0000] {logging_mixin.py:188} INFO - [2025-04-28T15:30:13.042+0000] {dag.py:3820} INFO - Setting next_dagrun for tutorial to 2025-04-27T00:00:00+00:00, run_after=2025-04-28T00:00:00+00:00
[2025-04-28T15:30:13.081+0000] {processor.py:183} INFO - Processing /home/airflow/.local/lib/python3.8/site-packages/airflow/example_dags/tutorial.py took 0.144 seconds
[2025-04-28T15:30:43.204+0000] {processor.py:161} INFO - Started process (PID=4435) to work on /home/airflow/.local/lib/python3.8/site-packages/airflow/example_dags/tutorial.py
[2025-04-28T15:30:43.206+0000] {processor.py:830} INFO - Processing file /home/airflow/.local/lib/python3.8/site-packages/airflow/example_dags/tutorial.py for tasks to queue
[2025-04-28T15:30:43.208+0000] {logging_mixin.py:188} INFO - [2025-04-28T15:30:43.207+0000] {dagbag.py:538} INFO - Filling up the DagBag from /home/airflow/.local/lib/python3.8/site-packages/airflow/example_dags/tutorial.py
[2025-04-28T15:30:43.219+0000] {processor.py:840} INFO - DAG(s) 'tutorial' retrieved from /home/airflow/.local/lib/python3.8/site-packages/airflow/example_dags/tutorial.py
[2025-04-28T15:30:43.252+0000] {logging_mixin.py:188} INFO - [2025-04-28T15:30:43.252+0000] {dag.py:3033} INFO - Sync 1 DAGs
[2025-04-28T15:30:43.295+0000] {logging_mixin.py:188} INFO - [2025-04-28T15:30:43.295+0000] {dag.py:3820} INFO - Setting next_dagrun for tutorial to 2025-04-27T00:00:00+00:00, run_after=2025-04-28T00:00:00+00:00
[2025-04-28T15:30:43.326+0000] {processor.py:183} INFO - Processing /home/airflow/.local/lib/python3.8/site-packages/airflow/example_dags/tutorial.py took 0.129 seconds
